tree
version=v4
num_class=1
num_tree_per_iteration=1
label_index=0
max_feature_idx=39
objective=quantile
feature_names=atm_iv straddle_pct em_iv_pct dte event_move_implied iv_crush_pct event_vol_fraction parkinson_rv_10d parkinson_rv_20d parkinson_rv_60d cc_rv_10d cc_rv_20d vol_of_vol_20d iv_rv_ratio_20d iv_rv_ratio_60d iv_cc_rv_ratio_20d rv_term_ratio volume_ratio_20d drift_5d hist_move_avg_4q hist_move_med_4q hist_move_std_4q hist_move_avg_8q hist_move_med_8q hist_event_count hist_straddle_accuracy iv_rank hv_rank iv_mom_week iv_mom_month vix_current vix_change_30d vix_pct_252d spy_drift_60d tlt_spy_ratio_30d log_spot timing_bmo timing_amc earnings_month earnings_dow
feature_infos=[0.071599999999999997:9.6539999999999999] [0:2.3899999999999997] [0.010473712691030177:2.0029713194196788] [1:60] [0:1.174406869917572] [-4.4837556855100704:0.87326142833121134] [0.029966569929912666:23.083595740888533] [0.013268320650093457:1.7269831891427783] [0.013339850110931795:1.457845243595167] [0.019625079266422867:1.5511870828814396] [0.0055021881519398096:19.627946378920292] [0.0038906345536009173:13.882266576975683] [0.0028986476283996347:0.85288088359062264] [0.20625222409069791:84.095242857311717] [0.25976181360568684:47.873871672969678] [0.022371653711699434:151.15786175694475] [0.10052363878347931:2.4494897427831788] [0.20173475696829113:10.273767376897835] [-0.89821764178407792:3.7816492450638792] [0:0.60000000000000009] [0:0.60000000000000009] [0:0.74631856464742785] [0:0.60000000000000009] [0:0.60000000000000009] [0:20] [0.0010348670593851078:42.754714702338916] [0:1] [-2.8199999999999976:3.8591549295774645] [-0.87150000000000005:0.65100000000000002] [-0.52839999999999998:0.84809999999999985] [12.039999999999999:52.329999999999998] [-29.849999999999998:24.469999999999999] [0.0065963060686015833:1] [-0.15722837228372288:0.2501611343860779] [-0.2127845500662231:0.23027200357131283] [0.15700374880966469:8.6439192300593195] [0:1] [0:1] [1:12] [0:4]
tree_sizes=1721 1923 1813 1927 1925 1923 1911 1819 1923 1921 1915 1930 1926 1925 1920 1800 1813 1799 1814 1812 1897 1942 1926 1714 1825 1930 1931 1925 1712 1932 1912 1933 1918 1919 1712 1931 1929 1918 1936 1934 1938 1939 1935 1949 1909 1836 1800 1929 1926 1909 1719 1825 1817 1937 1825 1955 1922 1919 1716 1918 1936 1937 1930 1817 1942 1938 1714 1827 1931 1922 1941 1924 1927 1926 1937 1955 1936 1944 1918 1932 1815 1947 1941 1827 1945 1929 1941 1710 1934 1953 1932 1945 1929 1708 1708 1929 1825 1709 1945 1824 1946 1960 1942 1836 1945 1957 1826 1952 1835 1937 1947 1935 1929 1822 1830 1946 1911 1837 1710 1599 1715 1609 1716 1385 1940 1947 1940 1935 1831 1825 1839 1810 1932 1829 1823 1826 1709 1958 1935 1910 1931 1926 1950 1941 1941 1714 1814 1947 1941 1950 1945 1950 1832 1951 1689 1809 1955 1945 1706 1935 1831 1842 1810 1932 1922 1946 1841 1928 1489 1722 1816 1960 1832 1716 1830 1951 1823 1832 1947 1838 1946 1952 1612 1930 1589 1949 1712 1708 1726 1484 1821 1707 1827 1275 1834 1606 1819 1942 1586 1726 1265 1939 1721 1613 1606 1725 1944 1507 1841 1699 1934 1712 1479 1274 1482 1267 1605 1944 1838 1487 1828 1931 1619 1938 1726 1729 1838 1612 1831 1253 1468 1395 1485 1589 1374 1608 1800 1575 1715 1598 1952 1369 1373 1602 1495 1588 1494 1849 1505 1370 1492 1939 1929 1736 1271 1478 1479 1696 1719 1708 1811 1833 1912 1816 1700 1595 1474 1947 1839 1948 1711 1604 1802 1490 1936 1945 1830 1481 1486 1929 1806 1711 1594 1616 1818 1938 1942 1807 1821 1614 1603 1833 1610 1940 1831 1840 1941 1280 1945 1679

Tree=0
num_leaves=15
num_cat=0
split_feature=19 19 23 2 18 23 19 16 28 19 28 16 2 18
split_gain=42.1612 11.0472 6.10661 6.00041 6.04244 5.36869 3.28153 2.95641 2.47827 1.63413 1.57894 1.4367 1.20706 1.18204
threshold=0.072755578137615032 0.10937680929783361 0.050227392115013071 0.1315982702861265 0.10301468656519387 0.13584587757947889 0.073400264341826518 0.71596379138349653 0.016649999999999974 0.04783285320153783 0.039199999999999936 0.61593551612580832 0.12140609060518788 -0.091208447845361904
decision_type=10 10 10 2 10 10 10 8 10 8 10 10 2 8
left_child=2 5 9 10 -5 6 -2 11 -9 13 -4 -3 -11 -1
right_child=1 7 3 4 -6 -7 -8 8 -10 12 -12 -13 -14 -15
leaf_value=0.14831430956843669 0.14870955424964888 0.15009198994104239 0.14695603587957895 0.14854912636231948 0.15019390134560001 0.15089924166347374 0.14834800211263735 0.14924302889353749 0.15023654540459019 0.14698217098639793 0.14916808302464324 0.15136109716851254 0.1478596725092948 0.14653002270645568
leaf_weight=59.26018073502928 32.902715252246708 32.920608393847942 646.70217434642836 601.30088834837079 29.706673089414835 14.474508410319684 1546.2236063764431 550.96368626272306 491.72125673945993 545.68711439799517 95.64886769047007 57.52380383759737 457.65712091559544 3326.1120435260236
leaf_count=318 160 238 3556 2584 128 67 6915 2371 2108 3387 496 420 2440 17481
internal_value=0.147825 0.150123 0.146737 0.14803 0.14965 0.148901 0.14876 0.151822 0.151446 0.146328 0.146679 0.155894 0.147156 0.146088
internal_weight=8488.81 2726.73 5762.08 1373.36 631.008 1593.6 1579.13 1133.13 1042.68 4388.72 742.351 90.4444 1003.34 3385.37
internal_count=42669 12279 30390 6764 2712 7142 7075 5137 4479 23626 4052 658 5827 17799
is_linear=0
shrinkage=1


Tree=1
num_leaves=16
num_cat=0
split_feature=22 9 22 19 10 27 28 1 9 22 28 28 11 11 35
split_gain=51.0272 12.0543 4.64553 4.27921 5.34958 4.01907 4.93008 2.75565 2.33967 2.1881 1.52431 1.08273 0.765873 0.82216 0.329925
threshold=0.069403386063818004 0.34140008717687143 0.04659762608769679 0.14398483484253743 0.39112189545763532 0.56725113233283209 0.018100000000000036 0.097158385093167723 0.24711085070261052 0.048395971295601026 0.08975000000000001 0.039199999999999936 0.24584749043701315 0.2528858057999061 2.3575456431761146
decision_type=10 10 10 10 10 10 10 2 8 10 10 10 10 10 2
left_child=2 3 12 8 -5 6 -3 11 -2 -9 -7 -4 14 -14 -1
right_child=1 5 7 4 -6 10 -8 9 -10 -11 -12 -13 13 -15 -16
leaf_value=8.3321911965057653e-05 -0.00082992099182648655 0.0014463248452048216 -0.00075058928429107697 0.0015189346266861429 0.0025612738562584164 0.00050592978098845708 0.0023812975370371492 0.0020975938400271169 0.00043907557865996986 3.3629809543598701e-05 0.0033194728541134509 0.00044021802061833124 0.00013588464784086799 -0.00094933741762401075 -0.0015335053821846024
leaf_weight=31.63128000497818 217.57223558193073 712.86140823131427 1122.87415752979 87.710370310116559 21.234581402502954 280.62916416395456 623.86928248405457 76.293507444672287 879.43620644323528 956.26405419269577 28.281110499054193 163.56358335865662 91.886623033322394 1289.1341362376697 1905.5635474040173
leaf_count=244 1719 2735 5729 558 106 1238 2424 316 3884 3889 164 870 478 6951 11364
internal_value=-1.22318e-05 0.0024308 -0.00125168 0.000705919 0.00494632 0.00368213 0.00422187 -0.000469462 0.000264529 0.000379237 0.0012791 -0.00116599 -0.0017922 -0.00134588 -0.00209968
internal_weight=8488.81 2851.59 5637.21 1205.95 108.945 1645.64 1336.73 2319 1097.01 1032.56 308.91 1286.44 3318.22 1381.02 1937.19
internal_count=42669 12828 29841 6267 664 6561 5159 10804 5603 4205 1402 6599 19037 7429 11608
is_linear=0
shrinkage=0.0224352


Tree=2
num_leaves=15
num_cat=0
split_feature=23 9 9 28 30 27 35 34 17 11 27 11 25 9
split_gain=39.4981 14.4476 6.26358 6.61681 4.06073 3.97353 3.58908 3.36726 2.30646 2.05639 2.06619 1.38018 1.15125 0.210759
threshold=0.079775861241093607 0.32189509092458629 0.34140008717687143 0.018850000000000009 20.900000000000002 0.27490790907256429 4.2640170083752942 0.024975376640012262 1.9810360106574614 0.21745463020074765 0.26433726636814747 0.26191544854687121 0.64764663124298283 0.2408348691507913
decision_type=10 10 10 10 10 10 2 10 10 8 8 8 10 10
left_child=1 9 8 7 6 -5 -3 -4 11 13 -11 -2 -6 -1
right_child=2 4 3 5 12 -7 -8 -9 -10 10 -12 -13 -14 -15
leaf_value=-0.0014262067368855779 -0.00015045337435453087 0.0011983631993836745 0.0016483436388100429 0.0027346757109499684 -0.00078019785873360457 0.0018194796036350924 3.4701719526863369e-05 -0.00011485501924175405 0.00095626455884988224 -0.00030411996232368471 -0.00086650277425699728 0.0014848569636580597 0.00048250000050976613 -0.00099816725746408532
leaf_weight=1599.133844723925 212.9049036372453 877.19408533815295 429.32209559949115 269.94234254956245 396.85036363918334 210.9656142257154 537.93350849393755 95.388664424419403 15.355907313525675 1310.8147711860947 1579.2215969408862 332.87273034313694 169.61317673232406 451.29164317436516
leaf_count=9504 1538 4047 1920 1014 1879 860 1856 284 68 6782 8687 1876 706 1648
internal_value=-2.70767e-05 -0.000757523 0.0031866 0.00425426 0.000854495 0.00618229 0.00150153 0.00244493 0.00123565 -0.00140814 -0.001008 0.000948997 -0.00072676 -0.00196204
internal_weight=8488.81 6922.05 1566.75 1005.62 1981.59 480.908 1415.13 524.711 561.134 4940.46 2890.04 545.778 566.464 2050.43
internal_count=42669 35109 7560 4078 8488 1874 5903 2204 3482 26621 15469 3414 2585 11152
is_linear=0
shrinkage=0.0224352


Tree=3
num_leaves=16
num_cat=0
split_feature=22 9 22 34 27 26 9 1 28 22 28 18 33 22 18
split_gain=48.6769 12.5255 4.45943 3.90582 4.31959 4.02804 3.63083 2.70687 2.44857 2.04336 1.08273 0.892331 1.40299 0.438659 0.206858
threshold=0.069403386063818004 0.36122843854564418 0.04659762608769679 0.024975376640012262 0.11309000437321065 0.478977998966577 0.25197279892018326 0.097158385093167723 -0.012400000000000007 0.048395971295601026 0.039199999999999936 -0.073511196386068942 0.017945878291863896 0.033800278698271576 -0.042533043222998605
decision_type=10 10 10 10 10 10 8 2 8 10 10 8 8 8 10
left_child=2 6 11 5 -5 -3 14 10 -8 -9 -4 12 -1 -13 -2
right_child=1 3 7 4 -6 -7 8 9 -10 -11 -12 13 -14 -15 -16
leaf_value=-0.0010565685453052186 0.0013903347651826597 0.0016113626535253752 -0.00071430943571272338 0.002913857456244093 -0.0001122782193097232 0.0022561554502464613 0.0011971590695411768 0.0020729279406878943 0.00046122153616045208 3.7174471614511943e-05 0.00046233891419210707 -0.0015387023905981973 0.00099042250916009118 -0.00094012837793839156 -0.00093052922730816354
leaf_weight=50.176519310101867 12.34911991143599 521.88400672934949 1122.87415752979 40.785790830850601 188.51340170390904 694.32139752013609 236.3272661678493 76.293507444672287 929.08204967947677 956.26405419269577 163.56358335865662 1777.6667397548445 27.819775053299963 1462.5525525617413 228.33132657315582
leaf_count=312 144 2036 5729 79 714 2858 1060 316 4062 3889 870 9930 200 8595 1875
internal_value=-3.18613e-05 0.00235415 -0.00124246 0.00382415 0.00102007 0.00433582 0.000827965 -0.000475726 0.00135545 0.000365173 -0.00116599 -0.00177217 0.000396552 -0.00183056 -0.00164121
internal_weight=8488.81 2851.59 5637.21 1445.5 229.299 1216.21 1406.09 2319 1165.41 1032.56 1286.44 3318.22 77.9963 3240.22 240.68
internal_count=42669 12828 29841 5687 793 4894 7141 10804 5122 4205 6599 19037 512 18525 2019
is_linear=0
shrinkage=0.0224352


Tree=4
num_leaves=16
num_cat=0
split_feature=19 9 33 2 9 19 10 19 10 10 10 16 9 33 19
split_gain=37.5479 13.3731 5.01518 5.33798 4.57788 3.17755 4.52837 3.17605 2.99026 3.49118 2.76232 1.34686 1.20315 1.09832 0.643485
threshold=0.093670919690492599 0.33123803569985927 0.0091474368736131923 0.17047077048084672 0.34683322979560721 0.14398483484253743 0.39112189545763532 0.050000171817870344 0.41851529576539559 0.57811158074199265 0.40117554058031452 0.79470455739802948 0.26981203418660599 0.15173992144745965 0.030636040843858018
decision_type=10 10 10 2 10 10 10 10 10 10 10 10 10 8 8
left_child=1 7 11 -4 5 13 -7 14 10 -10 -6 -3 -9 -2 -1
right_child=4 2 3 -5 8 6 -8 12 9 -11 -12 -13 -14 -15 -16
leaf_value=-0.0014450756940597019 4.7071117317697017e-05 0.0013470972544776191 0.0002047237767886277 0.0012828914830893578 0.001656962397160254 0.0014411962252840204 0.0024436393887360603 -0.00057384143864800806 0.0014552506358821811 0.0018803688724996633 0.0028484843646302753 -0.00055300397616021455 6.1606987992255681e-05 0.0014576837636823832 -0.00096016212262218549
leaf_weight=1653.2507244683802 431.63718075864017 52.677936318796128 624.99215536285192 580.36569648887962 367.89716133382171 88.933147828560323 23.099480054341257 1001.6856265785173 334.2667522970587 302.78285121545196 46.276675480417907 437.6540429154411 743.64291653782129 75.284672153647989 1724.3582285293378
leaf_count=8812 2054 342 2619 2101 1684 576 114 5889 1166 1180 164 2330 3168 566 9904
internal_value=-6.45377e-05 -0.000805336 0.000914393 0.00169843 0.00294724 0.00136464 0.00479934 -0.00137848 0.00385902 0.00282347 0.00539831 -0.000972245 -0.000584069 0.000562208 -0.00178294
internal_weight=8488.81 6818.63 1695.69 1205.36 1670.18 618.954 112.033 5122.94 1051.22 637.05 414.174 490.332 1745.33 506.922 3377.61
internal_count=42669 35165 7392 4720 7504 3310 690 27773 4194 2346 1848 2672 9057 2620 18716
is_linear=0
shrinkage=0.0224352


Tree=5
num_leaves=16
num_cat=0
split_feature=22 0 22 22 18 26 35 10 2 2 14 18 18 34 22
split_gain=44.6933 9.10342 4.66566 4.5726 4.34341 3.29884 2.65059 2.09826 1.52937 1.52715 1.13529 0.921242 0.881932 0.812145 0.498301
threshold=0.069403386063818004 0.5354000000000001 0.10776137390634655 0.04659762608769679 0.10301468656519387 0.84199086049114802 2.5263282845959973 0.3426753760245268 0.11722228382885401 0.17862735473038124 1.3268641302226296 0.03542761973907927 -0.073511196386068942 0.02869091552792025 0.033800278698271576
decision_type=10 2 10 10 10 10 2 8 2 2 8 10 8 10 8
left_child=3 9 4 12 -3 -4 7 -5 -8 10 -2 -11 13 -1 -14
right_child=1 2 5 6 -6 -7 8 -9 -10 11 -12 -13 14 -15 -16
leaf_value=0.00093375304608205403 0.00054127118677790354 0.00090390396893346879 0.0022704589354272664 -0.00023834754897513141 0.0021767560826134336 0.0010370541485224681 -0.00064363381978580468 0.0021562005056439382 -6.3924161778782041e-05 0.00061809857980335212 -0.00020766686851584628 0.0019827684021645553 -0.0014717606128987935 -0.0010113227085768999 -0.00092198790718415536
leaf_weight=36.43924458231777 305.87213416490704 936.74739454500377 716.07474052067846 35.237870447337627 51.487048028036952 115.47919840784743 1084.9811239670962 54.335597927682102 1144.4407101836987 98.899575476069003 594.70003745658323 32.334230517037213 1777.6667397548445 41.557049781084061 1462.5525525617413
leaf_count=256 1673 3758 2837 244 244 472 5517 306 4737 492 3230 122 9930 256 8595
internal_value=-6.23625e-05 0.00222377 0.00318024 -0.00122243 0.00209784 0.00444057 -0.000446419 0.00329247 -0.000606291 0.000516845 0.000163137 0.00278297 -0.00175862 0.000396552 -0.00181669
internal_weight=8488.81 2851.59 1819.79 5637.21 988.234 831.554 2319 89.5735 2229.42 1031.81 900.572 131.234 3318.22 77.9963 3240.22
internal_count=42669 12828 7311 29841 4002 3309 10804 550 10254 5517 4903 614 19037 512 18525
is_linear=0
shrinkage=0.0224352


Tree=6
num_leaves=16
num_cat=0
split_feature=20 9 2 27 0 28 17 17 23 28 13 20 23 31 17
split_gain=34.6611 14.0326 4.02025 3.55326 3.2152 3.46677 3.26388 2.38211 2.23835 2.71408 2.12808 0.904789 0.349234 0.656097 0.251516
threshold=0.092739972954762398 0.32189509092458629 0.17862735473038124 0.66547615372742719 0.44092500000000007 0.015900000000000015 0.48091398110984879 1.3511411397996171 0.043818359650770002 0.024700000000000031 1.4497864004361158 0.083333333333333329 0.088114431494517656 4.8350000000000009 0.61913227601583698
decision_type=10 10 2 8 2 10 10 10 10 10 10 10 10 10 8
left_child=1 8 10 -4 12 7 -7 -6 11 -10 -3 -1 14 -14 -2
right_child=4 2 3 -5 5 6 -8 -9 9 -11 -12 -13 13 -15 -16
leaf_value=-0.0011872418847888992 0.0029738242772428172 -0.00041258422341420675 0.0011008955478725726 -0.00016268743046720196 0.0011862331968943635 0.0034150309275745665 0.0024645759878085868 0.0035046477589698137 -0.00073930176229940441 0.00021559473459353219 0.00054407761400738803 0.002655627583978238 0.00048554535212696624 3.8740710905196803e-05 -0.00048654299292855754
leaf_weight=3197.4629975920543 13.733675636351107 712.66592083917931 643.38686909712851 192.564184746705 597.44723401684314 19.176747161895037 585.98903934611008 52.792409800924361 1243.7813186310232 531.31620506802574 528.07553933002055 21.471384294331074 60.75433160783723 4.8640162004157892 83.323374953120947
leaf_count=17828 60 3020 2497 933 2503 104 2448 224 6739 2576 2538 70 763 28 338
internal_value=-8.14567e-05 -0.000725805 0.00081798 0.00202007 0.00311641 0.00350121 0.00475528 0.00230064 -0.00137176 -0.000712601 0 -0.00172891 2.33649e-05 0.00139121 -0.000700278
internal_weight=8488.81 7070.72 2076.69 835.951 1418.08 1255.41 605.166 650.24 4994.03 1775.1 1240.74 3218.93 162.675 65.6183 97.0571
internal_count=42669 36201 8988 3430 6468 5279 2552 2727 27213 9315 5558 17898 1189 791 398
is_linear=0
shrinkage=0.0224352


Tree=7
num_leaves=15
num_cat=0
split_feature=22 11 22 22 18 35 28 18 7 1 18 23 11 11
split_gain=40.9057 7.9145 4.92797 4.50952 3.38478 2.64464 2.58299 2.02743 1.78605 1.76703 1.49368 1.21677 0.897124 0.760109
threshold=0.069403386063818004 0.3266425744780031 0.11111697235782936 0.04659762608769679 0.096947325619017213 2.5263282845959973 0.016300000000000012 0.0021494871345779658 0.25496112882403227 0.097158385093167723 -0.051406104617870145 0.085669768117477882 0.24584749043701315 0.2528858057999061
decision_type=10 10 10 10 10 2 8 10 8 2 8 10 10 10
left_child=3 8 4 12 -3 7 -4 -5 11 -7 -10 -2 -1 -14
right_child=1 2 6 5 -6 9 -8 -9 10 -11 -12 -13 13 -15
leaf_value=-0.0013529997144868361 -0.00056569385700699925 0.00093306040412215511 0.0014187460079762241 0.0021087239952743697 0.0021032211813577857 -0.00058289780947662633 0.0023644346527492447 0.00057728581232625018 -0.00068626465891404032 5.6259722435464456e-05 0.0009871373689449433 0.0014546624675776257 0.00021075781496116035 -0.00085884102483265237
leaf_weight=1937.1948274089955 302.06896616658196 975.58598144166172 297.1277500432916 41.798147485591471 69.517629044130445 1265.0057868934236 318.83999017020687 47.775320889428258 75.11709012882784 964.41604725737125 674.36627578316256 138.97067633830011 91.886623033322394 1289.1341362376697
leaf_count=11608 1759 3850 1148 324 334 6437 1333 226 312 3817 2746 1346 478 6951
internal_value=-0.000103215 0.00208371 0.00308748 -0.00121309 0.00211274 -0.000442375 0.00470586 0.00329247 0.000665781 -0.000602085 0.00133872 -0.000433013 -0.00174558 -0.00126948
internal_weight=8488.81 2851.59 1661.07 5637.21 1045.1 2319 615.968 89.5735 1190.52 2229.42 749.483 441.04 3318.22 1381.02
internal_count=42669 12828 6665 29841 4184 10804 2481 550 6163 10254 3058 3105 19037 7429
is_linear=0
shrinkage=0.0224352


Tree=8
num_leaves=16
num_cat=0
split_feature=22 22 17 21 19 10 17 23 22 35 22 23 18 33 22
split_gain=39.7441 8.337 3.69762 3.77423 2.96199 3.51132 3.05898 2.86689 2.85047 2.15833 1.93237 1.22312 0.868568 1.40299 0.487176
threshold=0.063895583307913062 0.10776137390634655 1.3078344720807569 0.061988103103654442 0.11057948570294901 0.30803015439912235 1.0734398397127531 0.14235940224949584 0.04659762608769679 3.3288058681877759 0.047497858547745013 0.076519973759873253 -0.073511196386068942 0.017945878291863896 0.033800278698271576
decision_type=10 10 10 8 10 10 10 10 8 2 8 10 8 8 10
left_child=8 4 7 -4 5 -2 -6 -3 12 10 -10 -11 13 -1 -14
right_child=1 2 3 -5 6 -7 -8 -9 9 11 -12 -13 14 -15 -16
leaf_value=-0.00094272907948540665 -8.6662528334405215e-05 0.0013711960006387238 0.0056926220282788364 0.0029520970011733629 0.0019368323938079978 0.00062923859186332187 -0.00067790193724172885 0.0020903741688034364 0.0028381222477309545 -0.00056140289029141743 0.00060417450594363374 0.0019074568155562773 -0.001387313814138923 0.0010146989976688051 -0.00086161398545441816
leaf_weight=50.176519310101867 884.87855699891225 662.34095591492951 51.22346293181181 104.66939575178549 264.66443305462599 1078.3281300547533 68.484056383371353 169.9374729283154 9.5763823911547643 1629.3823752081953 256.74652156792581 11.517101826146243 1777.6667397548445 27.819775053299963 1441.3933691917919
leaf_count=312 4719 2809 154 424 984 4406 296 1130 60 8284 1596 48 9930 200 7317
internal_value=-0.000116394 0.00181323 0.00354448 0.00681011 0.00105894 0.000713288 0.00303197 0.00290503 -0.0013381 -0.000631022 0.00120834 -0.000941953 -0.00174092 0.000396552 -0.00179894
internal_weight=8488.81 3284.53 988.171 155.893 2296.36 1963.21 333.148 832.278 5204.28 1907.22 266.323 1640.9 3297.06 77.9963 3219.06
internal_count=42669 14922 4517 578 10405 9125 1280 3939 27747 9988 1656 8332 17759 512 17247
is_linear=0
shrinkage=0.0224352


Tree=9
num_leaves=16
num_cat=0
split_feature=22 9 26 26 11 11 22 26 33 26 18 23 18 26 26
split_gain=39.4089 9.97976 3.27506 6.93282 3.66808 3.11726 3.04951 2.35174 1.9531 2.70218 1.94312 0.612336 0.192645 0.168457 0.0189904
threshold=0.063895583307913062 0.36122843854564418 0.478977998966577 0.55339602302532021 0.57059362935415148 0.23976169637521302 0.12500155149520725 0.6795221096943721 0.014018069920360367 0.33898613016248047 0.042708106649605344 0.074082069584788426 -0.059344288479245381 0.49515959399786835 0.36425865411713265
decision_type=10 10 10 10 10 8 10 8 10 10 10 8 10 8 10
left_child=5 6 4 -4 -3 12 10 -8 11 -10 -2 -7 14 -14 -1
right_child=1 2 3 -5 -6 8 7 -9 9 -11 -12 -13 13 -15 -16
leaf_value=0.00040050485111035986 -7.2291859147767264e-06 0.00099238692135410677 0.0030883363176575241 0.0015686407394611311 0.0018933790940421861 -0.00099559108947862925 0.0013146965770767973 -0.00034861739960559136 -0.00065685296674286337 0.00019653786911311117 0.00026859927372392916 0.0018646625639412741 -0.0013132902961184734 -0.00090233836109543267 -0.0021140310582176969
leaf_weight=9.4674142170697468 1343.1994766513817 523.08088069502264 178.02730273455381 750.31851183949038 119.57076624315232 986.86830518953502 104.60931240022182 43.676787200849503 887.96768394112587 919.81230252701789 222.04342625383288 9.753132773563264 1812.5413737739436 567.25469637941569 10.613875501789151
leaf_count=60 6561 1942 732 3040 479 5518 662 332 3449 4894 1174 1184 8200 4388 54
internal_value=-0.000132875 0.00178855 0.00308285 0.00395356 0.00179196 -0.0013494 0.000589739 0.00367037 -0.000828807 -0.000374641 0.000284065 -0.00163206 -0.00194916 -0.00196774 0
internal_weight=8488.81 3284.53 1571 928.346 642.652 5204.28 1713.53 148.286 2804.4 1807.78 1565.24 996.621 2399.88 2379.8 20.0813
internal_count=42669 14922 6193 3772 2421 27747 8729 994 15045 8343 7735 6702 12702 12588 114
is_linear=0
shrinkage=0.0224352


Tree=10
num_leaves=16
num_cat=0
split_feature=20 9 30 26 11 11 28 19 19 28 26 28 26 11 9
split_gain=30.9782 13.194 4.98408 4.26653 2.97056 4.42497 4.49398 2.81947 2.4972 2.1466 1.78755 1.7599 1.04589 0.770452 0.557191
threshold=0.092739972954762398 0.32189509092458629 21.835000000000004 0.4018401838989682 0.3266425744780031 0.34807906235769465 0.072200000000000028 0.10232479577313022 0.050000171817870344 0.0043999999999999742 0.57609333100151583 0.038550000000000022 0.24319379696760243 0.21977464606088856 0.64922641354187594
decision_type=10 10 10 8 8 8 8 10 10 10 8 10 8 8 10
left_child=1 8 3 -3 9 6 -6 -7 13 12 -11 -10 -2 -1 -4
right_child=4 2 14 -5 5 7 -8 -9 11 10 -12 -13 -14 -15 -16
leaf_value=-0.0014038618939679374 0.0010910929028795763 7.6548925632591628e-06 -0.0005764149946405788 0.0007886824257784525 0.00460769715263778 -0.00015546010526328459 -0.00016343186280500535 0.0019678320672586141 -0.000583775287533709 0.0016911801991239741 0.00022047176874453892 0.0004417952609701322 -0.00033344733756323687 -0.0007611466235238958 0.001151977865005395
leaf_weight=1596.5427249441855 33.890369297005236 672.07114450633526 473.50465956330299 918.45968383131549 67.857397760264575 114.43012786004692 22.377097891643643 742.28995519224554 1394.6823732894845 145.56163927121088 142.78580493899062 305.56715690763667 148.88843651209027 1697.2396504441276 12.657026112079619
leaf_count=8275 234 2624 2317 3961 284 486 82 2980 7397 760 814 1502 828 10039 86
internal_value=-0.000137507 -0.000746736 0.000749838 0.00136333 0.00288533 0.00362267 0.00846684 0.0030844 -0.00137306 0.00135877 0.00257395 -0.00065555 -0.000451746 -0.00173724 -0.00121576
internal_weight=8488.81 7070.72 2076.69 1590.53 1418.08 946.955 90.2345 856.72 4994.03 471.126 288.347 1700.25 182.779 3293.78 486.162
internal_count=42669 36201 8988 6585 6468 3832 366 3466 27213 2636 1574 8899 1062 18314 2403
is_linear=0
shrinkage=0.0224352


Tree=11
num_leaves=16
num_cat=0
split_feature=9 23 28 9 23 17 27 23 35 13 26 34 23 9 35
split_gain=28.7896 7.66808 6.59387 6.15272 3.78592 3.7456 3.48644 2.96753 2.9231 2.25454 1.29342 0.928714 0.837535 0.713165 0.224203
threshold=0.34140008717687143 0.079775861241093607 0.023500000000000052 0.26981203418660599 0.050227392115013071 1.4793689938451677 0.27490790907256429 0.040338438015466833 4.2640170083752942 1.7439518148440467 0.61886598439419305 -0.038008230532085401 0.030520584272153931 0.20748066825736819 2.8811627795134567
decision_type=10 10 10 8 8 10 10 10 2 8 10 10 10 10 2
left_child=3 7 5 12 10 -3 -4 11 -9 -6 -5 -2 14 -14 -1
right_child=1 2 6 4 9 -7 -8 8 -10 -11 -12 -13 13 -15 -16
leaf_value=-0.00118882826598942 0.00057786851069620564 0.0010033351264416141 0.0024151187499916811 -0.00068402754987909411 -6.1157061973507785e-05 0.0032486176162897602 0.0014892991229767522 0.001065830388051046 -2.6476872629218395e-05 0.001181826251853414 0.00055088558824741842 -0.00068000070322221315 -0.0011223992953244535 -0.00052805785331611012 -0.0013513860164984467
leaf_weight=93.43403452122584 70.813574459403753 531.78345697978511 246.45099082868546 1133.6329012438655 556.5603826395236 38.385954909957945 188.99831408075988 766.00895499158651 407.45570266060531 503.13415881013498 193.03875786717981 337.65330042131245 541.71719291433692 1444.4601326254196 1435.2774383681826
leaf_count=650 846 2210 918 4818 2224 150 800 3143 1502 3766 1225 1342 4504 6978 7593
internal_value=-0.000141859 0.00182831 0.00336628 -0.00100918 -0.000120909 0.00172479 0.00546536 0.000837281 0.0014165 0.000869082 -0.00092668 -0.000777835 -0.00160649 -0.0012742 -0.00202465
internal_weight=8488.81 2587.55 1005.62 5901.25 2386.37 570.169 435.449 1581.93 1173.46 1059.69 1326.67 408.467 3514.89 1986.18 1528.71
internal_count=42669 10911 4078 31758 12033 2360 1718 6833 4645 5990 6043 2188 19725 11482 8243
is_linear=0
shrinkage=0.0224352


Tree=12
num_leaves=16
num_cat=0
split_feature=22 22 9 27 10 22 30 27 1 22 9 10 10 35 22
split_gain=35.3443 8.54831 4.8343 3.16949 2.78734 2.61766 2.57949 2.27585 1.79299 2.37943 1.35688 0.564665 0.371226 0.356049 0.107174
threshold=0.063452966425616542 0.12013924866826796 0.33758681540822177 0.59776047025124301 0.39468932408490359 0.04659762608769679 16.895000000000003 0.4220498321611254 0.097158385093167723 0.048395971295601026 0.23315360498078486 0.27977942611007506 0.28512228563166137 2.5263282845959973 0.043816501636618953
decision_type=10 10 10 8 10 8 10 10 2 8 8 10 10 2 10
left_child=5 2 10 -4 7 11 -6 -3 13 -10 -2 14 -13 -7 -1
right_child=1 4 3 -5 6 8 -8 -9 9 -11 -12 12 -14 -15 -16
leaf_value=-0.0013179377962393895 -0.00077744467653366976 0.00082955827860969932 0.0010823569802223907 -0.00011338087992034347 0.0031757341001133316 0.00054161723326014123 0.0019966555544555348 0.0027084343645778527 0.0021030803506017423 -0.00023817576026341722 0.00027050832487206141 0.00040577157167492786 -0.00069738138122853502 -0.00064234188459558336 -0.00038048279552606491
leaf_weight=2057.8106805640273 204.96314499108121 267.5218763272278 1045.7507046745159 260.17891952767968 114.59428127435967 19.16333314939402 308.70044549787417 12.559390153270213 76.293507444672287 697.3013102132827 1123.8621056056581 42.81265215203166 1032.8219920392148 1060.8598261529114 163.61107855476439
leaf_count=11310 1707 1576 4070 1196 553 154 984 122 316 3297 4874 200 5315 6061 934
internal_value=-0.0001693 0.00162611 0.00102875 0.0019984 0.00383304 -0.0013368 0.00501377 0.0019717 -0.000644697 0.000157139 6.04562e-05 -0.00171971 -0.00124266 -0.00123722 -0.00194141
internal_weight=8488.81 3338.13 2634.75 1305.93 703.376 5150.67 423.295 280.081 1853.62 773.595 1328.83 3297.06 1075.63 1080.02 2221.42
internal_count=42669 15082 11847 5266 3235 27587 1537 1698 9828 3613 6581 17759 5515 6215 12244
is_linear=0
shrinkage=0.0224352


Tree=13
num_leaves=16
num_cat=0
split_feature=22 22 0 10 11 16 11 30 33 23 31 21 23 33 21
split_gain=33.6869 7.64997 3.20464 2.8571 2.78465 2.6425 2.3786 2.09551 1.95644 2.26184 1.9228 0.500259 0.412852 0.388957 0.310414
threshold=0.063452966425616542 0.12240849492602589 0.59375000000000011 0.38879460692126433 0.23976169637521302 0.82185620139720383 0.26704563330539921 16.895000000000003 0.013923467543269454 0.03565118960095693 2.7600000000000011 0.056829482317721822 0.066341215313918192 0.034475976999724496 0.076244051213992622
decision_type=10 10 2 8 8 10 10 8 8 10 8 10 10 8 10
left_child=4 2 10 5 12 -3 -4 -5 11 -10 -2 -6 14 -14 -1
right_child=1 3 6 7 8 -7 -8 -9 9 -11 -12 -13 13 -15 -16
leaf_value=-0.0011159313027264231 0.0004233000891531304 0.0018730404197404469 -0.0002181175652792817 0.0031044857431207981 -0.0009737312835433775 -0.00014506941213204236 0.0014952436807496028 0.0018549756749892076 -0.0006582182867158593 0.0001296373851554145 -0.0002597220775414638 0.0026373542575993184 6.4386559263781651e-05 -0.0010828069032592991 0.00077552779382832765
leaf_weight=2355.0234700622968 1053.1464447495528 83.335711165331304 179.56852309266105 117.84143150178716 835.28726540599018 158.28201941028237 920.94316152203828 307.39547543367371 826.57527345651761 1042.1685982714407 517.61810117634013 51.512620195746422 4.2262669205665571 9.887106051668523 25.993779906071723
leaf_count=12384 4863 582 856 557 4158 878 3674 1060 5782 4725 2612 252 74 112 100
internal_value=-0.000177439 0.00157528 0.00102796 0.00373541 -0.00131727 0.00165476 0.00196023 0.00486745 -0.000817836 -0.000391892 0.000361707 -0.00169226 -0.00188326 0.00113268 -0.00190972
internal_weight=8488.81 3338.13 2671.28 666.855 5150.67 241.618 1100.51 425.237 2755.54 1868.74 1570.76 886.8 2395.13 14.1134 2381.02
internal_count=42669 15082 12005 3077 27587 1460 4530 1617 14917 10507 7475 4410 12670 186 12484
is_linear=0
shrinkage=0.0224352


Tree=14
num_leaves=16
num_cat=0
split_feature=22 9 26 26 22 22 20 18 5 28 26 9 18 5 22
split_gain=30.2099 8.0111 3.27287 5.77508 2.62761 2.39009 2.33024 2.76439 2.0068 1.79165 1.81926 1.44466 0.814719 1.5483 0.502128
threshold=0.063452966425616542 0.36122843854564418 0.478977998966577 0.55339602302532021 0.18631088014316716 0.04659762608769679 0.13461386283621851 -0.091208447845361904 0.2453730418192473 0.039199999999999936 0.38336377189188486 0.37542292271208022 -0.073511196386068942 0.077095734372674918 0.033800278698271576
decision_type=10 10 10 10 10 8 10 8 8 10 10 8 8 8 10
left_child=5 6 4 -4 -3 12 8 -8 -2 11 -11 -7 13 -1 -14
right_child=1 2 3 -5 -6 9 7 -9 -10 10 -12 -13 14 -15 -16
leaf_value=0.0010503606413223559 -0.00020323710674375372 0.00089731096261619868 0.0028659776302004739 0.0013149880995994812 0.001910243283091482 -0.00064210931047934815 0.0021026263232964307 0.0010144134561604226 0.00056282917517391676 0.0018133987602581721 -9.9602733211134127e-05 0.00050152308505029626 -0.0012746088522375143 -0.00085703333047043801 -0.00074528435619919192
leaf_weight=10.279570687096564 890.75168222747743 632.50040060188621 178.02730273455381 759.20072817383334 18.914734314195812 1329.4045345345512 9.3399447654373926 147.26815130235627 702.12792393192649 76.362428151536733 202.1025854118634 245.74842886230908 1777.6667397548445 67.716723676305264 1441.3933691917919
leaf_count=76 4005 2347 732 3066 96 6142 34 902 3900 350 1318 2018 9930 436 7317
internal_value=-0.000223368 0.00143617 0.00259143 0.0034538 0.00131843 -0.0013028 0.000375307 0.00298679 0.000105181 -0.000640432 0.000982645 -0.000940212 -0.001669 0.000396552 -0.00172528
internal_weight=8488.81 3338.13 1588.64 937.228 651.415 5150.67 1749.49 156.608 1592.88 1853.62 278.465 1575.15 3297.06 77.9963 3219.06
internal_count=42669 15082 6241 3798 2443 27587 8841 936 7905 9828 1668 8160 17759 512 17247
is_linear=0
shrinkage=0.0224352


Tree=15
num_leaves=15
num_cat=0
split_feature=22 19 22 9 22 32 33 5 10 8 21 10 8 4
split_gain=28.782 7.78317 8.44034 2.9507 2.52297 2.32814 4.93506 2.60023 1.80566 2.298 0.905584 0.203917 0.643447 0.183887
threshold=0.063452966425616542 0.11057948570294901 0.14168625549760758 0.27179567982897196 0.034475046627546788 0.50527704485488134 0.023196518141403336 -0.010413549106695926 0.32166985925370806 0.21915894343422909 0.07517682260205906 0.63287558116337084 0.43127717250180159 0.44362748626411302
decision_type=10 10 10 10 8 8 8 10 8 8 10 10 10 10
left_child=4 2 3 -2 11 6 -3 -7 10 -10 -6 13 -13 -1
right_child=1 5 -4 -5 8 7 -8 -9 9 -11 -12 12 -14 -15
leaf_value=-0.0012412128856039047 -0.00042508541320972936 0.0030053337863955604 0.0018673865164083288 0.0004672695927519463 -0.00074938228563987519 0.0017838567766352066 0.001213342963281129 0.001026598802710375 0.00027933227341581741 -0.0001948420311811899 0.0007603632528117055 0.0010523087220675376 -0.0014892985543575308 4.0187895316977782e-05
leaf_weight=1810.9834003602155 518.35818655183539 97.985506587661803 26.061250798404217 1693.2277087965049 2012.910706887953 267.73979188827798 169.22549512982368 565.53292829915881 10.38666945742443 1215.436083659064 45.76480467338115 8.5445211613550764 36.644853662699461 10.003340408205984
leaf_count=10148 3225 315 78 6804 10410 1058 1422 2180 78 6395 210 54 260 32
internal_value=-0.000209631 0.00141016 0.000638796 0.000478297 -0.00126331 0.00295951 0.00485249 0.00232597 -0.000877622 -0.000176843 -0.00128509 -0.00193104 0 -0.00196921
internal_weight=8488.81 3338.13 2237.65 2211.59 5150.67 1100.48 267.211 833.273 3284.5 1225.82 2058.68 1866.18 45.1894 1820.99
internal_count=42669 15082 10107 10029 27587 4975 1737 3238 17093 6473 10620 10494 314 10180
is_linear=0
shrinkage=0.0224352


Tree=16
num_leaves=15
num_cat=0
split_feature=20 10 27 2 5 5 20 20 33 5 20 32 11 5
split_gain=23.9635 8.26056 3.62349 3.60518 2.43481 2.1678 2.47124 2.15627 2.66731 2.08193 1.77498 1.75176 0.874685 0.234282
threshold=0.090617142913757845 0.31795066933561789 0.40636321794272262 0.1315982702861265 -0.004767854309800903 -0.020637261772833451 0.14093968851247382 0.12186680493501469 0.011868612538686542 0.16339256771806362 0.029990799486835532 0.51978891820580486 0.20495028499842771 -0.9104425793491705
decision_type=10 10 8 2 8 10 10 10 10 10 8 8 8 8
left_child=1 10 3 -3 5 6 -2 8 -6 -4 13 -9 -12 -1
right_child=4 2 9 -5 7 -7 -8 11 -10 -11 12 -13 -14 -15
leaf_value=0.0027854864202595453 0.0017156578529524188 -0.00023275689326433599 -0.00039323422117282496 0.00070941161019271413 0.0020412660734240827 0.0076926573988343131 0.0079169744739444083 0.0028707423451564624 0.00090328784240726169 0.00046366428848894055 -0.00083294655587727996 0.0010475672329647878 -0.00040561948474167857 -0.0011634909597884502
leaf_weight=14.611202165484428 39.294163362123072 514.91580259660259 1005.6373259630054 835.78184251999483 154.11996734607965 15.382496882230042 12.757125588599591 149.49651959910989 620.70072468370199 237.65597649291158 819.85455863922834 502.03529874747619 1835.7706845668145 1730.7915591686033
leaf_count=58 180 1852 4926 3124 866 46 92 1050 2598 1268 5220 1950 10322 9117
internal_value=-0.000208465 -0.000761493 0.000236207 0.00104605 0.00236729 0.00666272 0.00386008 0.00214791 0.00130194 -0.000627692 -0.00135402 0.00312163 -0.000973083 -0.00192176
internal_weight=8488.81 6995.02 2593.99 1350.7 1493.79 67.4338 52.0513 1426.35 774.821 1243.29 4401.03 651.532 2655.63 1745.4
internal_count=42669 35887 11170 4976 6782 318 272 6464 3464 6194 24717 3000 15542 9175
is_linear=0
shrinkage=0.0224352


Tree=17
num_leaves=15
num_cat=0
split_feature=19 9 13 17 19 34 12 17 35 17 35 26 26 12
split_gain=23.2444 9.85866 2.8302 3.1628 2.58897 2.25915 2.24786 2.83605 1.83971 1.5083 1.10493 0.954105 0.625145 0.116463
threshold=0.10937680929783361 0.32189509092458629 1.4714355780808852 0.99349952738656977 0.050000171817870344 0.025921503350239686 0.11110963847805622 0.97341826239381846 3.2218713139674615 1.9810360106574614 4.8999271471549797 0.5054473528934128 0.56664473323232445 0.060455633290146867
decision_type=10 10 10 10 10 10 10 10 2 10 2 10 8 10
left_child=1 4 8 -4 11 6 9 -8 -3 -2 -6 -1 -7 -14
right_child=5 2 3 -5 10 12 7 -9 -10 -11 -12 -13 13 -15
leaf_value=-0.00098944827970306277 0.0014887679466718856 0.00059971113276694355 0.00015365139013023306 0.0012634642240257554 -4.214223984820118e-05 0.0015493707544165585 0.0017090863494757826 0.001185157175355413 -0.00024975987340159839 0.00063658432090051313 -0.00064244684528623041 -0.00072389518732863937 0.00099748148853063883 -0.00030689253784747968
leaf_weight=2717.519937701989 757.56295464001596 199.43104659346864 586.34388305759057 444.67168719787151 1176.214384724386 36.217662464827299 147.35658494988456 94.110017359256744 994.06263031484559 11.761118549853562 661.1698858118616 576.26243768632412 17.548120744526386 68.572896525263786
leaf_count=13504 3763 1044 2871 1878 6597 100 620 308 3776 50 3052 4810 52 244
internal_value=-0.000210392 -0.000673399 0.00056787 0.00143058 -0.0012154 0.00277659 0.00312513 0.00509448 -0.00016105 0.00247815 -0.000524214 -0.00159479 0 -0.00114147
internal_weight=8488.81 7355.68 2224.51 1031.02 5131.17 1133.13 1010.79 241.467 1193.49 769.324 1837.38 3293.78 122.339 86.121
internal_count=42669 37532 9569 4749 27963 5137 4741 928 4820 3813 9649 18314 396 296
is_linear=0
shrinkage=0.0224352


Tree=18
num_leaves=15
num_cat=0
split_feature=19 19 28 21 10 10 32 16 5 11 10 11 5 19
split_gain=22.5697 8.44839 3.7457 3.12673 2.62315 1.93203 1.87201 6.02547 2.71844 3.52283 2.00202 1.79165 1.6052 0.651547
threshold=0.11057948570294901 0.059557726024636749 0.036400000000000023 0.055709443609825333 0.32367222070278229 0.30803015439912235 0.50527704485488134 1.1680942037514725 -0.010413549106695926 0.57059362935415148 0.26320423977906876 0.2528858057999061 0.20764179225331983 0.036090066021517715
decision_type=10 10 10 10 8 8 8 10 10 8 10 8 10 10
left_child=1 4 5 -4 13 -3 7 10 9 -8 -2 -6 -10 -1
right_child=6 2 3 -5 11 -7 8 -9 12 -11 -12 -13 -14 -15
leaf_value=-0.0010999978190431253 -0.00032411400106772183 -0.00039680484996866289 0.00015020418430276546 0.0014342194258006094 0.0031865817108546893 0.00022450461090373311 0.0014472313268210526 0.0038335986173257171 0.00069655857620041302 0.0025751549616645198 0.0024604881901981604 -0.00021523886866626471 0.0016707425868937168 -0.0007416075984300911
leaf_weight=1849.1679743342102 43.850968882441521 935.57687573926523 303.64187322137877 347.58901402633637 17.637555717490613 1063.4994518589228 210.48337476095185 27.883894641883671 436.62182563962415 57.256417127326131 195.85113831236959 1457.5820454633795 128.91110265953466 1413.2517359368503
leaf_count=9542 400 4953 1484 1252 58 4250 796 122 1516 262 1219 8363 664 7788
internal_value=-0.000208886 -0.000657667 0.000350825 0.00182979 -0.001226 -0.000121387 0.00278375 0.00449121 0.00220913 0.00410427 0.00321784 -0.000422221 0.00127383 -0.00158325
internal_weight=8488.81 7387.95 2650.31 651.231 4737.64 1999.08 1100.86 267.586 833.273 267.74 239.702 1475.22 565.533 3262.42
internal_count=42669 37690 11939 2736 25751 9203 4979 1741 3238 1058 1619 8421 2180 17330
is_linear=0
shrinkage=0.0224352


Tree=19
num_leaves=15
num_cat=0
split_feature=22 19 22 9 22 9 5 22 11 27 22 11 8 24
split_gain=25.8597 6.1219 5.15106 2.69089 2.67612 2.36132 3.94494 2.54808 1.81077 2.48904 1.25854 0.205476 0.579916 0.131739
threshold=0.063452966425616542 0.11057948570294901 0.15172953557660709 0.27179567982897196 0.034475046627546788 0.58838483507292683 0.13622592632001118 0.081078180921134099 0.22192286386624333 0.402143693246311 0.034815167463405496 0.44485981252561152 0.3790599538317731 2.5000000000000004
decision_type=10 10 10 10 8 10 8 10 8 8 8 10 10 2
left_child=4 2 3 -2 11 7 -7 -3 10 -10 -6 13 -13 -1
right_child=1 5 -4 -5 8 6 -8 -9 9 -11 -12 12 -14 -15
leaf_value=-0.00035662824252827676 -0.00039660046603560506 0.0023769874228553637 0.0017490522514129999 0.00042590199102633794 6.6160183913619336e-05 0.0005096817442451939 0.0025173807418350891 0.00096492638558223732 6.3837095643940771e-05 -0.00055363954568449778 -0.00086919583871081577 0.0010390364988963111 -0.001365739269951123 -0.0011580193194072358
leaf_weight=18.40544688468799 518.35818655183539 42.531461730599403 20.212509050965309 1699.0764505439438 15.83296446688473 52.594806024804711 81.437269141897559 923.9201850076206 1391.7121676299721 898.79322222527117 978.15991035569459 13.267688839696346 73.438957971520722 1761.0640218965709
leaf_count=1728 3225 146 58 6824 76 190 348 4291 6988 4655 5374 124 502 8140
internal_value=-0.000222894 0.00131227 0.000626593 0.00051301 -0.00122172 0.00268746 0.00557897 0.00226309 -0.000825294 -0.000465865 -0.00163288 -0.00190835 -0.000490957 -0.00196609
internal_weight=8488.81 3338.13 2237.65 2217.43 5150.67 1100.48 134.032 966.452 3284.5 2290.51 993.993 1866.18 86.7066 1779.47
internal_count=42669 15082 10107 10049 27587 4975 538 4437 17093 11643 5450 10494 626 9868
is_linear=0
shrinkage=0.0224352


Tree=20
num_leaves=16
num_cat=0
split_feature=22 20 22 35 16 0 17 5 35 21 5 5 15 17 4
split_gain=24.6368 4.649 2.74753 2.5961 2.14885 1.91244 1.73093 2.09463 2.06869 1.53205 2.27615 1.091 0.187769 0.217901 0.179652
threshold=0.063452966425616542 0.12186680493501469 0.034475046627546788 2.1126337779650277 1.2360935762073728 0.44092500000000007 1.5745502920187417 0.1643866711285398 3.1005422324603042 0.068854491882623839 0.081463760490415704 -0.045132458634494742 0.68041178874422326 1.0056022854780147 0.44362748626411302
decision_type=10 10 8 2 10 2 10 10 2 10 8 8 8 10 10
left_child=2 3 12 4 -2 -5 7 -3 -8 11 -11 -4 13 -1 -14
right_child=1 6 9 5 -6 -7 8 -9 -10 10 -12 -13 14 -15 -16
leaf_value=-0.0012938403805522716 0.0040772059718042746 0.0014003579883894103 0.00044746674785651498 -0.00017996771914374535 -4.4532513020108064e-05 0.0004904426843883676 0.0024609027004984436 0.00046246934835357609 0.00277006332342636 0.00069131814309169952 -9.5806012068510685e-05 -0.00048472768234564587 -0.0011320388779494852 0.0010157254655831021 8.1891737466959576e-05
leaf_weight=22.218066898174587 72.454738881438971 417.74620836647227 110.51854285597801 676.92641894845292 23.266782484017313 1887.6079944195226 21.02966065518558 215.15810513077304 23.940959165804088 22.557901418767869 75.113322174176574 3076.3084982289001 1825.5139261563309 8.4407821297645551 10.003340408205984
leaf_count=138 331 1912 480 3724 88 7759 56 1126 86 74 462 16077 10278 46 32
internal_value=-0.000237682 0.00126063 -0.00121262 0.000827216 0.00448252 0.000682145 0.00293026 0.00257484 0.007408 -0.000811227 0.00188509 -0.000900397 -0.001908 0 -0.00193719
internal_weight=8488.81 3338.13 5150.67 2660.26 95.7215 2564.53 677.875 632.904 44.9706 3284.5 97.6712 3186.83 1866.18 30.6588 1835.52
internal_count=42669 15082 27587 11902 419 11483 3180 3038 142 17093 536 16557 10494 184 10310
is_linear=0
shrinkage=0.0224352


Tree=21
num_leaves=16
num_cat=0
split_feature=21 23 0 1 23 21 34 5 34 5 5 5 23 19 21
split_gain=19.9499 5.22351 4.26434 3.01491 2.07611 3.61939 1.59142 1.49809 1.03588 0.832137 1.93929 0.560101 0.529709 0.892209 0.448913
threshold=0.056829482317721822 0.035923049676085513 0.44092500000000007 0.11973986486486489 0.090909090909090898 0.061348886506837653 0.024975376640012262 0.49637808210758821 -0.0057037146432837296 0.11908177580261481 0.12141969501202927 -0.12050168102425184 0.022828348002198882 0.056580180869161147 0.085324011445084114
decision_type=10 8 2 2 10 10 8 10 10 10 10 8 10 10 10
left_child=1 9 12 8 7 -6 -5 -4 -3 11 -11 -1 13 -2 -14
right_child=2 3 4 6 5 -7 -8 -9 -10 10 -12 -13 14 -15 -16
leaf_value=8.5171734674023049e-05 -0.0017627775974598139 -0.00025988055681890418 0.00053986333661811296 0.00055498092649986376 0.005104102194534668 0.0013840264399062985 -0.00039800830278832977 0.0025335274158665936 -0.00054778848035909712 0.00010400615124015241 -0.00071789182720177877 -0.0010301602499004745 -0.00054115776332657264 0.0025776718528661932 0.00031119217241792061
leaf_weight=60.702096859458834 10.4617842650041 1747.8864554665051 966.67965109553188 876.92175819631666 51.057254582643509 719.57666120212525 173.92274283384904 32.917036763392389 801.88792332261801 19.221995917148888 758.95919578336179 1849.6942015886307 335.10596171859652 9.7573171481490117 74.053211578633636
leaf_count=366 74 11813 4049 3484 218 2879 1174 128 2628 98 3877 9826 1557 36 462
internal_value=-0.000225722 -0.000870981 0.00160996 -0.00030537 0.00209805 0.00299598 0.000696047 0.00138471 -0.000725937 -0.00162087 -0.000948301 -0.00188409 -0.000356215 0.00299593 -0.000573999
internal_weight=8488.81 6289.2 2199.61 3600.62 1770.23 770.634 1050.84 999.597 2549.77 2688.58 778.181 1910.4 429.378 20.2191 409.159
internal_count=42669 33266 9403 19099 7274 3097 4658 4177 14441 14167 3975 10192 2129 110 2019
is_linear=0
shrinkage=0.0224352


Tree=22
num_leaves=16
num_cat=0
split_feature=21 9 9 13 9 26 12 11 23 18 23 19 26 12 21
split_gain=19.3837 6.0394 4.21 3.75327 4.21353 3.01602 6.76579 2.4094 1.77768 1.75189 1.52724 0.68029 0.589226 1.34491 0.189248
threshold=0.056829482317721822 0.37297524722835634 0.27179567982897196 1.6089855129403345 0.64922641354187594 0.41539708455635466 0.10914942313001548 0.21977464606088856 0.13584587757947889 0.071279749716694832 0.035923049676085513 0.11515541970009137 0.63378761116716487 0.062545893061079536 0.058473989029548507
decision_type=10 10 8 8 10 10 10 8 10 10 10 10 8 8 10
left_child=1 7 12 8 -5 11 -7 9 -4 -1 -9 -3 14 -14 -2
right_child=2 5 3 4 -6 6 -8 10 -10 -11 -12 -13 13 -15 -16
leaf_value=-0.00095609418747313326 0.0014006323329024681 -0.0004920583871328005 0.00030421050131613554 0.0013895343144937494 0.0039546819114697328 0.0017465165084944163 -5.5984545729200272e-05 -0.0007299790762503337 0.0008438301398982455 9.1656921734761723e-05 -0.00019954822409954293 0.00069036789338392673 -0.00032266504284619786 0.00061797756768624688 -0.00084627453384035392
leaf_weight=2042.1282587964088 15.370509065687655 291.3557477965951 877.37502160482109 898.37667634850368 22.526533359661698 239.66391597501934 321.40142332948744 1292.5841609337367 89.928764501586556 11.499671859666703 2076.3996655233204 14.163525753654538 65.441016000695527 13.568909101188181 217.02144837193191
leaf_count=11359 80 1190 3095 4043 110 1166 1484 8180 403 74 9707 106 512 60 1100
internal_value=-0.000216267 -0.000852342 0.00159316 0.0019947 0.00303025 0.000873478 0.00186109 -0.00113187 0.000987182 -0.001745 -0.00075201 -0.000875351 -0.000777168 0.000735922 -0.00137741
internal_weight=8488.81 6289.2 2199.61 1888.21 920.903 866.585 561.065 5422.61 967.304 2053.63 3368.98 305.519 311.402 79.0099 232.392
internal_count=42669 33266 9403 7651 4153 3946 2650 29320 3498 11433 17887 1296 1752 572 1180
is_linear=0
shrinkage=0.0224352


Tree=23
num_leaves=14
num_cat=0
split_feature=22 19 22 11 9 22 30 18 22 11 30 18 22
split_gain=22.7715 5.20802 5.18106 2.62143 2.50627 2.10281 4.67468 1.68643 1.60341 1.43433 1.31189 0.623029 0.309003
threshold=0.063452966425616542 0.11057948570294901 0.15172953557660709 0.22192286386624333 0.27179567982897196 0.081078180921134099 17.305000000000003 0.071279749716694832 0.033800278698271576 0.23515280198768471 20.140000000000004 -0.042533043222998605 0.059341884859017958
decision_type=10 10 10 8 10 10 8 10 8 8 10 8 10
left_child=3 2 4 7 -2 6 -3 12 11 -7 -10 -5 -1
right_child=1 5 -4 8 -6 9 -8 -9 10 -11 -12 -13 -14
leaf_value=-0.0010310330270263265 -0.00036688831143109429 0.0027518970978270894 0.0014985635457345433 3.5434962947620622e-05 0.00035632943930237541 -0.00038723891380561628 0.0022489552721293503 8.9600576689890878e-05 -4.6848622400788558e-05 0.0013070904482469427 -0.00063104021421539968 -0.00094347492973613641 -0.00037977601995082589
leaf_weight=1914.1392881618813 518.35818655183539 22.110167101025581 20.212509050965309 106.47837915970013 1699.0764505439438 68.905184307135642 21.596741437911987 12.05821898113936 1608.4153620302677 987.87162905884907 711.57444833312184 728.75185470515862 69.256828899029642
leaf_count=10088 3225 66 58 696 6824 604 88 70 8893 4217 2950 4454 436
internal_value=-0.000210052 0.00123035 0.000596925 -0.00114746 0.000483072 0.00249937 0.00749871 -0.00179088 -0.000734011 0.00227019 -0.000418661 -0.00158536 -0.00185012
internal_weight=8488.81 3338.13 2237.65 5150.67 2217.43 1100.48 43.7069 1995.45 3155.22 1056.78 2319.99 835.23 1983.4
internal_count=42669 15082 10107 27587 10049 4975 154 10594 16993 4821 11843 5150 10524
is_linear=0
shrinkage=0.0224352


Tree=24
num_leaves=15
num_cat=0
split_feature=22 19 22 11 27 26 26 22 32 34 34 26 26 12
split_gain=22.0496 5.19211 3.86501 2.52177 2.37824 2.64105 2.31329 2.12215 4.67468 1.60345 0.72603 0.522461 1.18388 0.255032
threshold=0.063452966425616542 0.11057948570294901 0.16126669841713129 0.23898784133805215 0.402143693246311 0.33898613016248047 0.4867703674719796 0.081078180921134099 0.64116094986807404 0.025921503350239686 -0.061697511403567544 0.49223043530857313 0.5352453183171425 0.077499944440919857
decision_type=10 10 10 8 8 10 10 10 8 10 8 8 8 10
left_child=3 2 6 11 5 -5 -2 8 -3 -9 -6 13 -13 -1
right_child=1 7 -4 4 10 -7 -8 9 -10 -11 -12 12 -14 -15
leaf_value=-0.00098407368235890443 -7.4321713265344366e-05 0.0026901576257391383 0.0014649429127984667 -0.00045480066461005736 0.00015940739776069808 0.00024979536400434964 0.00045423881343767349 0.0014659275687028447 0.0021984994206513584 -0.00037132271397501864 -0.00066788718693731072 0.00011905526619168202 -0.00075095741668997898 2.6811589088653186e-06
leaf_weight=1752.2235843958333 1147.0075555830263 22.110167101025581 12.217212647199629 882.33143634884618 57.577970041893423 690.43652996490709 1078.4223779165186 938.1151106399484 21.596741437911987 118.66170272603631 1152.6082802624442 89.578657950740308 495.07749150274321 30.840429802890867
leaf_count=7962 4971 66 28 4238 1036 3910 5108 4453 88 368 5867 634 3762 178
internal_value=-0.000204173 0.00121318 0.000580776 -0.00112664 -0.000656704 -6.79592e-05 0.000500816 0.00248012 0.00749871 0.00225014 -0.00140507 -0.00167033 -0.00100931 -0.00187557
internal_weight=8488.81 3338.13 2237.65 5150.67 2782.95 1572.77 2225.43 1100.48 43.7069 1056.78 1210.19 2367.72 584.656 1783.06
internal_count=42669 15082 10107 27587 15051 8148 10079 4975 154 4821 6903 12536 4396 8140
is_linear=0
shrinkage=0.0224352


Tree=25
num_leaves=16
num_cat=0
split_feature=21 23 0 8 27 27 27 5 5 5 34 18 23 23 21
split_gain=16.7431 4.81188 3.57419 2.88453 3.82533 2.33169 2.07364 1.04974 1.85339 0.902173 0.607802 0.599645 0.529877 0.555286 0.449206
threshold=0.056829482317721822 0.035923049676085513 0.44092500000000007 0.25281845969412781 0.28950417111909038 0.53514693079106868 0.17064720417356163 0.11908177580261481 0.12141969501202927 0.26862434119578366 -0.0061261387101442235 -0.095201783745469323 0.022828348002198882 0.017694426271816058 0.085324011445084114
decision_type=10 8 2 8 10 8 10 10 10 8 10 8 10 10 10
left_child=1 7 12 10 -5 6 -4 11 -9 -7 -3 -1 13 -2 -14
right_child=2 3 5 4 -6 9 -8 8 -10 -11 -12 -13 14 -15 -16
leaf_value=0.0010466157867595369 -0.0015276221551114568 -0.00053368827376045716 0.00067854361937192222 0.00054368980031835811 -0.00019899931467863558 -0.0002575675481838741 0.0014320765668342304 0.00014358339092886195 -0.00064055575874636392 0.00064714586417239468 -0.00086129470264731118 -0.00095735244989871157 -0.00050013173380000536 0.0025084629714709704 0.00029105855464135006
leaf_weight=21.606104306876659 10.345826761797072 1049.6731505147181 666.59270892571658 1024.447766280733 1205.1152893635444 178.45258486457169 841.06192730460316 19.221995917148888 758.95919578336179 84.123382548801601 321.38267366029322 1888.7901941412129 335.10596171859652 9.8732746513560397 74.053211578633636
leaf_count=120 62 7570 2660 4833 5740 720 3488 98 3877 406 956 10072 1557 48 462
internal_value=-0.0002406 -0.000831852 0.00144069 -0.00028873 0.000201739 0.00188785 0.0022277 -0.00155163 -0.00080953 0 -0.00110057 -0.00184321 -0.000356667 0.00299593 -0.000574474
internal_weight=8488.81 6289.2 2199.61 3600.62 2229.56 1770.23 1507.65 2688.58 778.181 262.576 1371.06 1910.4 429.378 20.2191 409.159
internal_count=42669 33266 9403 19099 10573 7274 6148 14167 3975 1126 8526 10192 2129 110 2019
is_linear=0
shrinkage=0.0224352


Tree=26
num_leaves=16
num_cat=0
split_feature=19 19 10 1 10 13 33 11 32 4 26 33 26 26 11
split_gain=15.6406 6.01194 2.46358 1.95427 1.85378 2.68372 1.84115 1.57264 1.2845 3.22929 3.04734 0.982636 0.876299 1.17499 0.544927
threshold=0.059945273585637997 0.11057948570294901 0.32367222070278229 0.13431677018633545 0.29025929745541496 1.3101134650417035 0.0091474368736131923 0.2528858057999061 0.51781002638522444 0.42961955916668937 0.73377017890879226 0.16713931184652434 0.42917522451134721 0.56133713942307706 0.21977464606088856
decision_type=10 10 10 2 8 8 8 10 8 8 8 10 10 10 10
left_child=2 4 12 7 11 -6 -5 -4 10 -10 -3 -2 14 -14 -1
right_child=1 8 3 6 5 -7 -8 -9 9 -11 -12 -13 13 -15 -16
leaf_value=-0.0010961764245623249 -0.00034826893994013939 0.002216694772919494 0.00025616456959408422 -0.00076372845829504675 -0.00033979415855543097 0.00060272187130906707 0.00063145047269134319 -0.00038169053395273626 0.00067403239227223648 0.0014211606982177524 -0.00049936841274214204 0.00086966766735941119 1.4315718379858488e-05 -0.001021864779718351 -0.00056529849177286852
leaf_weight=1500.0431806943379 932.35435369098559 225.88100543804467 14.69594131875783 103.45318099390715 474.71855941647664 1130.7627324219793 225.56658074166626 1055.7633565394208 550.6538307745941 272.4068711316213 51.9170146798715 72.144581940025091 461.57948488392867 379.549990122905 1037.3145835334435
leaf_count=7867 4927 1360 46 636 1810 4668 851 4936 2080 1118 421 374 3144 3777 4654
internal_value=-0.000239598 0.000850076 -0.00109006 -0.000280547 0.000254839 0.000732695 0.00120741 -0.000756814 0.00224246 0.00174764 0.00363105 -0.000489125 -0.00141941 -0.000746443 -0.00163447
internal_weight=8488.81 3710.84 4777.97 1399.48 2609.98 1605.48 329.02 1070.46 1100.86 823.061 277.798 1004.5 3378.49 841.129 2537.36
internal_count=42669 16758 25911 6469 11779 6478 1487 4982 4979 3198 1781 5301 19442 6921 12521
is_linear=0
shrinkage=0.0224352


Tree=27
num_leaves=16
num_cat=0
split_feature=21 9 35 34 18 21 12 9 28 38 18 34 38 18 35
split_gain=14.2539 5.14121 3.7124 2.68575 2.52259 3.42024 2.15563 2.00882 1.82591 1.66223 1.64418 1.49634 1.44162 2.02757 0.849776
threshold=0.056829482317721822 0.37297524722835634 4.1466206942773658 -0.008820221025115425 0.10301468656519387 0.033110569243643001 0.044714027849356762 0.2060679635279212 0.038550000000000022 6.5000000000000009 0.071279749716694832 -0.008820221025115425 3.5000000000000004 -0.037078193794609186 5.9717209167710257
decision_type=10 10 2 10 10 10 8 8 8 2 10 10 2 10 2
left_child=1 7 3 6 9 -6 -2 10 -5 -3 -1 -9 14 -14 -4
right_child=2 4 12 8 5 -7 -8 11 -10 -11 -12 -13 13 -15 -16
leaf_value=-0.0010683555467368127 0.00018440346507818018 -8.1971424849734933e-05 -0.00033955126178116229 -9.8306008349874574e-05 -0.0013910606954514757 0.0016891407140146714 0.0020342877496416258 -0.00021226123198420907 0.0017046852842888727 0.001266791338632152 9.8969178417530527e-05 -0.0006572903006746688 0.0015495002578578621 0.00011436299169165447 0.0006135882509281013
leaf_weight=1252.0084923491813 124.99065043963492 534.36723362840712 496.81660299189389 328.32037694379687 29.115612017922103 53.258218980394304 517.34924663510174 2527.1421377006918 232.8707125261426 249.84354822803289 13.941278656944631 1629.5198484063148 98.40478605683893 378.12001655669883 22.736486203968525
leaf_count=8619 1236 2232 1258 996 118 194 2657 15493 617 1402 120 5088 486 2085 68
internal_value=-0.000228207 -0.000773886 0.0013228 0.00216366 0.000817587 0.0045633 0.00316822 -0.00103194 0.000976577 0.000396021 -0.00182633 -0.000785017 0.00028626 0.00118952 -0.000504346
internal_weight=8488.81 6289.2 2199.61 1203.53 866.585 82.3738 642.34 5422.61 561.191 784.211 1265.95 4156.66 996.078 476.525 519.553
internal_count=42669 33266 9403 5506 3946 312 3893 29320 1613 3634 8739 20581 3897 2571 1326
is_linear=0
shrinkage=0.0224352


Tree=28
num_leaves=14
num_cat=0
split_feature=22 19 22 22 9 21 28 22 10 10 10 10 35
split_gain=18.1468 3.81218 3.43527 2.40049 1.62515 1.42145 1.88449 1.27231 1.4033 1.19676 0.492711 2.79759 0.0863172
threshold=0.063452966425616542 0.11899027271981423 0.16126669841713129 0.033431012619152572 0.27179567982897196 0.068854491882623839 0.039649999999999998 0.081078180921134099 0.39468932408490359 0.32367222070278229 0.2970180985489162 0.30328840512963812 6.6879940119818544
decision_type=10 10 10 8 8 10 10 10 10 8 10 10 2
left_child=3 2 4 10 -2 9 -7 -3 -9 -5 12 -12 -1
right_child=1 7 -4 5 -6 6 -8 8 -10 -11 11 -13 -14
leaf_value=-0.001081303394374422 -0.0004729648206189269 0.0044264711255346473 0.0013407856412714322 -0.00060253709989718655 0.00036495204162823096 0.0001811404879655656 0.00058116550496261504 0.00052555891898033353 0.0014847857238022442 -0.00016584429155039145 0.00019179066323746742 -0.00064688971695869293 -0.0012387971394865844
leaf_weight=1317.1293243509717 498.85474880924448 15.168593704700468 14.376377984881399 2078.1401289990172 1926.8458430357277 78.041339639574289 19.629883953370154 397.3998366156593 485.48546790145338 1195.0802260003984 10.847173132933674 410.59704238548875 41.209261808544397
leaf_count=7475 3137 54 40 10739 7866 432 104 2174 1811 6307 96 2280 154
internal_value=-0.000240914 0.00104448 0.000573394 -0.00107785 0.000498739 -0.000715703 0.00188509 0.00230125 0.00215737 -0.000799669 -0.00175218 -0.000980988 -0.00197636
internal_weight=8488.81 3338.13 2440.08 5150.67 2425.7 3370.89 97.6712 898.054 882.885 3273.22 1779.78 421.444 1358.34
internal_count=42669 15082 11043 27587 11003 17582 536 4039 3985 17046 10005 2376 7629
is_linear=0
shrinkage=0.0224352


Tree=29
num_leaves=16
num_cat=0
split_feature=22 22 35 26 11 33 33 33 7 21 26 35 33 18 21
split_gain=16.9828 3.82092 2.74162 3.57526 2.20517 2.37407 3.111 2.04829 1.85699 2.553 1.21833 1.02752 2.46951 0.775624 0.487643
threshold=0.063452966425616542 0.10776137390634655 2.5263282845959973 0.49223043530857313 0.23976169637521302 0.014367282772913105 0.020365824952906845 0.055700357265052854 0.38173349303444259 0.068300955347294537 0.69911578041812772 6.6879940119818544 0.023713998119528793 0.071279749716694832 0.056829482317721822
decision_type=10 10 2 10 8 8 8 10 10 8 8 2 10 10 10
left_child=4 2 3 -2 11 14 -7 -4 10 -10 -3 13 -13 -1 -6
right_child=1 8 7 -5 5 6 -8 -9 9 -11 -12 12 -14 -15 -16
leaf_value=-0.00081784075994323997 0.00095838866001907131 0.00080455839100898911 -3.3182298031501132e-05 0.0039613027849790001 -0.00082494273849564284 0.00025890034417233137 -0.00024810655335958634 0.00052186153589992511 0.0036852313968902765 0.0012349531427926393 -0.00040528620545779946 7.4139852912612095e-05 -0.0015470232628258538 0.00011026684563667524 0.0023665409198865483
leaf_weight=2330.0489889751188 87.70144044328481 302.86757140560076 1596.0939872814342 53.38456395547837 840.89407472405583 366.09206255525351 1496.2440270949155 612.77958884462714 149.64810474589467 419.37430279888213 116.28130857646465 12.628759348765014 26.447908556088805 26.004966060630977 52.313592955470085
leaf_count=12376 451 1942 6028 286 4214 746 9697 3800 482 1419 674 42 124 128 260
internal_value=-0.000223317 0.0010201 0.000516563 0.00355657 -0.00103305 -0.000588306 -0.000120497 0.000312597 0.00219653 0.00304867 0.000989971 -0.00153618 0.00182556 -0.00160076 -0.00154081
internal_weight=8488.81 3338.13 2349.96 141.086 5150.67 2755.54 1862.34 2208.87 988.171 569.022 419.149 2395.13 39.0767 2356.05 893.208
internal_count=42669 15082 10565 737 27587 14917 10443 9828 4517 1901 2616 12670 166 12504 4474
is_linear=0
shrinkage=0.0224352


Tree=30
num_leaves=16
num_cat=0
split_feature=9 21 35 32 26 35 9 21 23 5 21 23 35 5 5
split_gain=13.4499 6.51026 3.56177 2.61706 3.86622 2.46706 1.55429 1.52291 1.56038 2.92253 1.23958 0.554161 0.283919 0.130172 0.060159
threshold=0.27179567982897196 0.052400275873598169 4.8358055526220429 0.89577836411609513 0.41539708455635466 4.8105162775470012 0.27848898923699056 0.017745626267825425 0.007600373159115382 0.11976009556107425 0.017970471578220952 0.10608429375478591 6.6879940119818544 -0.13734806100122651 0.11540492336689619
decision_type=8 10 2 10 10 2 10 10 10 8 10 10 2 8 8
left_child=7 3 5 4 -2 -3 -4 12 9 -9 -10 -5 13 -1 -14
right_child=1 2 6 11 -6 -7 -8 8 10 -11 -12 -13 14 -15 -16
leaf_value=-0.0010242135565328341 -0.00030214186742216228 0.0011290966354615645 0.001824859809014963 -0.00073899314099307883 0.00042148631349879956 0.00360255234572023 -0.00011870729053489497 0.00048386486316300345 0.0016500594740795963 -0.0016643379065205085 -0.00054908935905382801 0.00051034959951423513 -0.0015802729444704062 -0.0010165622702659391 7.2476507512408877e-05
leaf_weight=27.298821870237589 1216.8303453545086 1622.5136609827168 38.709548015147448 628.16878301650286 923.11464337212965 15.593640897423027 449.53956868406385 7.8623314071446657 19.579445339739323 12.979219199158253 2359.2388351401314 18.033525452017784 9.7997376862913352 1129.0696674636565 10.473474441096188
leaf_count=224 6258 6869 128 2768 4991 58 1498 28 92 150 12546 58 40 6889 72
internal_value=-0.000231194 0.00052789 0.00146366 -0.000179288 0.000190461 0.00196593 -0.000181158 -0.00127937 -0.00093872 0.0049451 -0.000999702 -0.00143362 -0.00195649 -0.00200461 0
internal_weight=8488.81 4912.5 2126.36 2786.15 2139.94 1638.11 488.249 3576.3 2399.66 20.8416 2378.82 646.202 1176.64 1156.37 20.2732
internal_count=42669 22628 8553 14075 11249 6927 1626 20041 12816 178 12638 2826 7225 7113 112
is_linear=0
shrinkage=0.0224352


Tree=31
num_leaves=16
num_cat=0
split_feature=20 10 16 10 21 21 21 13 11 10 26 20 11 24 24
split_gain=14.2174 5.25078 3.92154 3.25361 1.46497 3.06438 1.26742 1.57754 1.69826 1.05936 0.855339 1.48585 0.304387 0.248882 0.185146
threshold=0.092739972954762398 0.30803015439912235 1.3272555884974089 0.63287558116337084 0.017745626267825425 0.018138398225988357 0.055173392137855569 1.6394248692721918 0.3266425744780031 0.59469046785717095 0.76514154546623414 0.11673865597771803 0.25964670717010446 7.5000000000000009 8.5000000000000018
decision_type=10 10 10 10 10 10 10 8 8 10 8 10 10 2 2
left_child=1 4 3 -3 12 -6 10 9 -9 -8 11 -2 -1 -4 -12
right_child=6 2 13 -5 5 -7 7 8 -10 -11 14 -13 -14 -15 -16
leaf_value=-0.0009843712958185623 5.9961483962468175e-05 0.00010673908331302531 3.9699806541036947e-05 0.0012026941882331296 0.0016130399936187039 -0.00046845478090217689 0.00046259208581119529 0.00071068083479165886 0.0023696271176466247 0.00099993512955124861 0.00062476253250269976 0.00059617952203941014 -0.00045320409742552383 -0.00072126894816246028 -0.0003156042702332334
leaf_weight=1115.2474214667454 193.11154066491872 1990.2377809495665 27.222565445117652 193.51164123229682 40.518964699469507 2952.7411735928617 330.48043240699917 227.11718413047493 339.15882975049317 157.07888319715858 13.815240066032855 92.144648208748549 160.77557428181171 590.46929793059826 65.174070298671722
leaf_count=7876 968 8252 448 670 204 15065 1233 1106 1407 580 294 756 944 2742 124
internal_value=-0.000253771 -0.000667024 8.11062e-05 0.000534283 -0.00116254 -0.000877918 0.00179224 0.00219377 0.00302301 0.00118772 0.000574553 0.00118478 -0.001814 -0.00148798 -0.00137252
internal_weight=8488.81 7070.72 2801.44 2183.75 4269.28 2993.26 1418.08 1053.84 566.276 487.559 364.245 285.256 1276.02 617.692 78.9893
internal_count=42669 36201 12112 8922 24089 15269 6468 4326 2513 1813 2142 1724 8820 3190 418
is_linear=0
shrinkage=0.0224352


Tree=32
num_leaves=16
num_cat=0
split_feature=20 7 31 7 20 23 23 17 5 20 5 30 23 30 23
split_gain=13.5828 4.76233 4.52682 3.85644 1.65217 1.53896 2.03701 2.20704 1.63614 2.19831 1.47173 1.4609 0.9538 0.941332 0.658595
threshold=0.092739972954762398 0.26865018598666163 2.4949999999999997 0.27106831602554099 0.028457028515169906 0.14235940224949584 0.14481869306174519 1.03398051013104 -0.010413549106695926 0.14093968851247382 0.21673570989217431 17.805000000000003 0.090909090909090898 20.710000000000004 0.053079864182600058
decision_type=10 10 10 10 10 10 10 10 8 10 8 8 10 10 10
left_child=1 4 3 -3 14 8 11 -8 9 -2 -10 -7 -4 -6 -1
right_child=5 2 12 -5 13 6 7 -9 10 -11 -12 -13 -14 -15 -16
leaf_value=-0.00096780768031197657 0.0048677646897063009 0.00059278741693597804 -0.00041068275274984769 0.00018810321352824653 -0.00026728171773322351 0.0009166548936465523 0.0014102082617880069 -0.00033326450906254407 0.00037413305083785255 0.0072520859806077548 0.0012543036800642948 0.0010862769686891263 0.00028964145786830814 -0.00068472429267504994 2.192345771637636e-05
leaf_weight=1468.6984469583258 35.450826096348464 46.548106426373124 1636.61148445867 1534.1047572889365 1943.7204197882675 15.027047868352385 112.6873019314371 60.358672328293324 600.72881573718041 13.603520683944224 568.20837247744203 12.016271600499747 96.671811033040285 325.66608494333923 18.703308701515198
leaf_count=9187 170 184 6455 6598 12297 74 751 394 2379 50 2580 70 262 1144 74
internal_value=-0.000229404 -0.000633399 -7.39454e-06 0.000854687 -0.00118024 0.00177045 0.00365902 0.00258725 0.00144244 0.00555571 0.00125042 0.00961631 -0.000805044 -0.000783189 -0.0017722
internal_weight=8488.81 7070.72 3313.94 1580.65 3756.79 1418.08 200.089 173.046 1217.99 49.0543 1168.94 27.0433 1733.28 2269.39 1487.4
internal_count=42669 36201 13499 6782 22702 6468 1289 1145 5179 220 4959 144 6717 13441 9261
is_linear=0
shrinkage=0.0224352


Tree=33
num_leaves=16
num_cat=0
split_feature=9 23 34 34 10 0 35 13 21 23 27 21 35 18 18
split_gain=12.5391 5.98522 2.88948 3.06342 2.40886 3.47919 2.1004 1.73133 1.49177 1.5434 2.43219 1.22459 0.275008 0.144076 0.0804158
threshold=0.27179567982897196 0.092541333998195682 -0.008820221025115425 -0.012091077827593664 0.59469046785717095 1.0129000000000001 3.5335405579908881 1.5727282394821629 0.017745626267825425 0.007600373159115382 0.22585827971176023 0.017970471578220952 6.6879940119818544 -0.073511196386068942 0.018458993048865894
decision_type=8 10 10 10 10 2 2 10 10 10 8 10 2 10 10
left_child=8 2 3 -2 7 -6 -4 -3 12 10 -10 -11 13 -1 -14
right_child=1 4 6 -5 5 -7 -8 -9 9 11 -12 -13 14 -15 -16
leaf_value=0.0012491564030136055 8.8313599907678851e-05 -3.9290755752617351e-06 0.00015858624799102914 0.0008183709176244891 0.0015065850294369151 -0.0002015153073650692 -0.00039468189089621777 0.0011825707318336249 0.00050523213193476833 0.0015828475835984435 -0.0011359784988623253 -0.00053021515013971349 -0.0017600153445218385 -0.00096278834592217666 0.00011464808369036139
leaf_weight=13.041556067299096 1682.5019664047286 292.1273844987154 566.55221962928772 429.52154839038849 172.48592229327187 64.772594084963202 1179.2353850211948 525.30669545195997 9.3000682890415174 19.579445339739323 11.5414823172614 2359.2388351401314 10.615471437573435 1143.326933266595 9.657740689814089
leaf_count=136 11583 1287 1997 810 564 231 3764 2392 72 92 106 12546 48 6977 64
internal_value=-0.000234539 0.000498269 8.33341e-05 0.000645991 0.00199637 0.00402951 -0.000585968 0.00137976 -0.00124662 -0.000909478 0.0049451 -0.000970204 -0.00191661 -0.00196403 0
internal_weight=8488.81 4912.5 3857.81 2112.02 1054.69 237.259 1745.79 817.434 3576.3 2399.66 20.8416 2378.82 1176.64 1156.37 20.2732
internal_count=42669 22628 18154 12393 4474 795 5761 3679 20041 12816 178 12638 7225 7113 112
is_linear=0
shrinkage=0.0224352


Tree=34
num_leaves=14
num_cat=0
split_feature=22 20 31 19 22 25 28 28 28 28 7 22 4
split_gain=15.0558 3.36826 2.42468 2.24296 2.37299 2.17664 1.76927 2.67617 2.13939 1.58158 1.39809 0.193838 0.162557
threshold=0.063895583307913062 0.092739972954762398 2.4949999999999997 0.026045857144374785 0.017778313634382818 0.62794168998468625 0.015900000000000015 0.073900000000000035 -0.03029999999999999 0.03224999999999998 0.50673624872817202 0.053163857382843377 0.40782393425840141
decision_type=10 10 8 8 8 10 10 10 8 10 10 10 10
left_child=3 2 5 11 -5 -2 8 -8 -3 -6 -4 12 -1
right_child=1 6 10 4 9 -7 7 -9 -10 -11 -12 -13 -14
leaf_value=-0.00093080015759428286 0.0011376907177616748 0.0015952379390820404 -0.0002677123366831142 0.00049389712775450574 -0.00055182724681199365 9.7379551882110057e-05 0.0019959618306221341 0.00013698134297658701 8.3638177119167858e-05 4.7862566822422092e-05 0.000174107563922326 1.3755062485234504e-05 0.00018032515222299013
leaf_weight=1286.627648181282 453.1154598146677 202.30966059723869 689.98858627397567 13.326819136738775 3127.7989216453861 560.0943346307613 480.36165809817612 190.19120375439525 513.51777580427006 746.01012185844593 194.94778504502028 20.105802282691002 10.409471198916433
leaf_count=7234 1820 940 2808 30 16424 3151 2122 882 2436 3953 763 74 32
internal_value=-0.000234924 0.000951238 0.000324226 -0.000987374 -0.000707604 0.00107978 0.00179493 0.00264081 0.000973451 -0.00074537 -0.000518537 -0.00179733 -0.00183184
internal_weight=8488.81 3284.53 1898.15 5204.28 3887.14 1013.21 1386.38 670.553 715.827 3873.81 884.936 1317.14 1297.04
internal_count=42669 14922 8542 27747 20407 4971 6380 3004 3376 20377 3571 7340 7266
is_linear=0
shrinkage=0.0224352


Tree=35
num_leaves=16
num_cat=0
split_feature=9 30 26 35 0 9 35 9 27 26 35 9 38 34 24
split_gain=11.4733 3.92428 5.0867 4.63224 1.6454 1.63379 1.80179 1.36576 1.28843 1.65163 0.708395 0.695941 0.639749 0.310743 0.0370884
threshold=0.27455375421364386 20.900000000000002 0.4867703674719796 4.296196146179045 0.43457500000000004 0.48992243868352109 3.5060077347521159 0.19292251225220222 0.32899914943930936 0.27567881742187345 2.8811627795134567 0.18308875699766039 4.5000000000000009 -0.089073037410452957 1.5000000000000002
decision_type=8 10 10 2 2 10 2 10 10 10 2 10 2 8 2
left_child=7 2 4 -4 -2 12 -7 10 9 -9 11 -1 -3 -10 -12
right_child=1 5 3 -5 -6 6 -8 8 13 -11 14 -13 -14 -15 -16
leaf_value=-0.0011608724879404941 -0.00053944687004252019 -0.00043591288216712374 0.0017633467345672619 0.00015791246298273355 0.0003479862286855469 0.00087078026091541463 -0.00039525293791339529 -0.00070245095893173965 0.00013932646698657937 -1.3643949591916228e-06 -0.00053655339233354548 0.00063724034390517383 -0.00020749387899757907 -0.00079347840668629057 -0.001042392174003786
leaf_weight=29.225305390544236 717.41567093925551 572.10307347774506 773.70984340971336 694.02357993950136 1521.6482877575327 114.62500098161399 96.832242205739021 764.86430417653173 22.779031157493591 1161.4107430912554 8.5445670341141504 11.23704652674496 313.27501356974244 790.71946383081377 896.39207483362406
leaf_count=330 3765 1808 4067 3102 6667 550 456 3059 412 5848 1192 78 1731 4270 5334
internal_value=-0.000256596 0.000462837 0.000814134 0.00184146 0.000131561 -0.000706098 0.00101486 -0.0011997 -0.000931653 -0.000599081 -0.00195455 0.000584338 -0.00113991 -0.00169384 -0.00209029
internal_weight=8488.81 4803.63 3706.8 1467.73 2239.06 1096.84 211.457 3685.17 2739.77 1926.28 945.399 40.4624 885.378 813.498 904.937
internal_count=42669 22146 17601 7169 10432 4545 1006 20523 13589 8907 6934 408 3539 4682 6526
is_linear=0
shrinkage=0.0224352


Tree=36
num_leaves=16
num_cat=0
split_feature=9 20 20 13 9 27 9 33 20 17 33 17 27 33 1
split_gain=11.3294 3.48632 2.839 2.37984 1.79713 1.82531 1.78964 1.63641 1.51455 2.57674 1.49939 1.25895 1.30114 0.422252 0.254806
threshold=0.32189509092458629 0.12043547635851241 0.091663912404563938 1.4766709653541878 0.19292251225220222 0.27088325008926178 0.60535010086175489 0.057022789797795743 0.14709126410241599 1.5745502920187417 0.027043857303315714 0.99349952738656977 0.1098753349976019 0.039261187978323571 0.14503906250000004
decision_type=8 10 10 10 10 10 10 10 10 10 8 10 10 10 2
left_child=2 3 4 7 14 -6 -5 -2 9 -3 -10 12 -4 -13 -1
right_child=1 8 11 6 5 -7 -8 -9 10 -11 -12 13 -14 -15 -16
leaf_value=-0.00099188338163911727 -0.00022099229572288239 0.00085124409669765512 -0.00026722566606213693 0.00041478223001324905 -0.00024478044622284134 -0.00062420653391972287 0.0036568790420203031 0.00067765344928194743 -4.2211532715229025e-05 0.0021864414483365891 0.0013670798182976592 -0.00050561300713817235 0.0019775813677033365 0.00087039131820074536 -0.00048020986972658453
leaf_weight=905.16784346429631 1280.628382882569 208.51044535078108 64.959850879386067 1198.5149631383829 2299.0378537476063 1608.7170595731586 29.92944098263979 203.49304920062423 175.68490292225033 18.160315677523613 173.9830530975014 89.10506738210097 134.55081137968227 64.177120006643236 34.185088636819273
leaf_count=6344 6410 1019 442 5342 9891 8416 158 1260 499 52 882 482 850 390 232
internal_value=-0.000272805 0.00075438 -0.000926325 0.000408576 -0.00106975 -0.000848729 0.00114109 -0.000184546 0.00234562 0.00382222 0.00132738 0.000986607 0.00217734 -0.000436185 -0.00196706
internal_weight=8488.81 3288.9 5199.9 2712.57 4847.11 3907.75 1228.44 1484.12 576.339 226.671 349.668 352.793 199.511 153.282 939.353
internal_count=42669 15622 27047 13170 24883 18307 5500 7670 2452 1071 1381 2164 1292 872 6576
is_linear=0
shrinkage=0.0224352


Tree=37
num_leaves=16
num_cat=0
split_feature=22 9 22 5 9 16 19 22 33 33 21 20 9 30 17
split_gain=13.2392 3.20375 2.32123 1.64865 2.7871 2.36562 1.57168 1.93531 1.38655 2.42403 1.59348 1.36696 0.674916 1.15183 0.114215
threshold=0.063895583307913062 0.36122843854564418 0.03085910841593675 0.11839520215075984 0.60535010086175489 1.045987810449919 0.13555819214759776 0.14416387629023139 0.014018069920360367 0.024694361739338259 0.076244051213992622 0.022057626631074193 0.33259562761704359 16.320000000000004 2.1321259041389715
decision_type=10 8 8 8 10 8 10 10 8 10 10 10 10 10 10
left_child=2 6 12 5 -5 -3 11 -8 10 -10 -4 -2 14 -14 -1
right_child=1 3 8 4 -6 -7 7 -9 9 -11 -12 -13 13 -15 -16
leaf_value=-0.00090854105952578568 0.00022673252126374717 0.0017144798883036931 -0.00065952571663252047 0.00083214623101452486 0.0022536338418823279 -0.0003156202066959251 0.0010174351369848715 -0.00012340144656015843 0.00012257692887721248 -0.00033872274060825941 0.0023888750533196702 -7.455116123825617e-05 0.00057721738265521967 -0.00066698370322120794 0.00018247658300409733
leaf_weight=1416.7463241997175 21.89606343023479 239.84875699318945 894.5942820860073 1077.5717404894531 109.45773290842772 219.49731826316565 112.48261353047565 47.686246194411069 792.16764445742592 1970.614114664495 11.402737256139515 1456.0859922091477 15.399363244883714 86.536580699495971 16.817737695295364
leaf_count=7902 120 885 4105 4542 504 706 490 428 4104 10777 58 7247 253 446 102
internal_value=-0.000261415 0.000850566 -0.000967041 0.00155055 0.00199601 0.000355221 0.000134673 0.00224652 -0.000651542 -0.000391646 -0.00142147 -8.14634e-05 -0.00170745 0 -0.00183289
internal_weight=8488.81 3284.53 5204.28 1646.38 1187.03 459.346 1638.15 160.169 3668.78 2762.78 905.997 1477.98 1535.5 101.936 1433.56
internal_count=42669 14922 27747 6637 5046 1591 8285 918 19044 14881 4163 7367 8703 699 8004
is_linear=0
shrinkage=0.0224352


Tree=38
num_leaves=16
num_cat=0
split_feature=22 22 10 16 17 10 16 17 31 18 5 28 19 5 22
split_gain=12.3073 2.84498 2.41855 2.21437 2.27201 2.17475 4.26426 3.459 1.27821 1.94202 1.50011 1.08068 1.51979 0.863918 0.540336
threshold=0.063895583307913062 0.10776137390634655 0.32166985925370806 1.045987810449919 1.104478232219573 0.59469046785717095 1.2928742479273303 1.3078344720807569 2.7600000000000011 0.10301468656519387 0.11743565908065941 0.038550000000000022 0.065059193621431463 0.13335476823393189 0.033431012619152572
decision_type=10 10 8 8 10 10 10 10 10 10 8 10 10 10 10
left_child=2 8 11 4 -4 7 -7 -3 10 -10 -2 14 -13 -5 -1
right_child=1 5 3 13 -6 6 -8 -9 9 -11 -12 12 -14 -15 -16
leaf_value=-0.00089065944672617387 -5.2475196727075272e-05 0.00034169146319045564 -8.9753035240557355e-06 -0.00056836098464942695 0.0004890245704359113 0.00190798144744614 -0.00026640695239201151 0.0025707714069981217 -0.00018461891145986949 0.0015523767272590586 0.00058810939151726573 -0.00027248110839111556 0.00058682915105930187 7.9721872934775759e-06 -0.00057427482019788232
leaf_weight=1277.2675138027407 396.0398814836517 673.41272741788998 331.21381818223745 886.20443192566745 163.80104359705001 150.84511238522828 74.322425240185112 89.591022483538836 786.0618415074423 37.001700609922409 1077.2517528906465 313.50421921350062 43.741245344281197 293.54649306018837 1895.0000191777945
leaf_count=6868 1462 3323 1630 5267 744 512 268 414 3413 124 5406 1881 180 1500 9677
internal_value=-0.000267561 0.000804402 -0.000947929 -0.000231138 0.00101039 0.00181571 0.00379335 0.00120386 0.000360246 -0.000331121 0.000759947 -0.00128233 -5.33224e-05 -0.000769127 -0.00141445
internal_weight=8488.81 3284.53 5204.28 1674.77 495.015 988.171 225.168 763.004 2296.36 823.064 1473.29 3529.51 357.245 1179.75 3172.27
internal_count=42669 14922 27747 9141 2374 4517 780 3737 10405 3537 6868 18606 2061 6767 16545
is_linear=0
shrinkage=0.0224352


Tree=39
num_leaves=16
num_cat=0
split_feature=9 23 30 26 10 16 13 35 9 35 23 35 5 9 26
split_gain=10.8434 4.74958 2.94061 4.54962 2.87567 3.49642 1.40728 1.25018 1.19179 0.924595 1.09511 0.698345 1.63242 0.197361 0.0670561
threshold=0.27179567982897196 0.092541333998195682 20.815000000000001 0.4867703674719796 0.59469046785717095 1.3119959982593248 1.5810613025305915 3.5335405579908881 0.19292251225220222 3.7258138946508006 0.007600373159115382 2.8811627795134567 0.077095734372674918 0.26758020817707168 0.88276667631785422
decision_type=8 10 10 10 10 10 10 2 10 2 8 2 10 10 10
left_child=8 2 3 -2 6 -6 -3 -4 11 13 -11 12 -1 -10 -13
right_child=1 4 7 -5 5 -7 -8 -9 9 10 -12 14 -14 -15 -16
leaf_value=-0.00067534676624614158 -6.275365708854975e-05 -3.1864111093994252e-05 6.8782934247571442e-05 0.00086005965485461404 0.0018450503326989174 -0.00026043004845391343 0.0011380364036071814 -0.00047071790680369192 -0.00071097006023514316 5.8782635626814645e-05 -0.00036590053150487527 -0.00097626939403056207 0.00064385127815494512 7.3858732236540939e-06 4.3655717025230532e-05
leaf_weight=30.317721160128713 1832.7667899935041 298.62000424601138 339.61547087691724 918.05100755649619 168.18600345216691 69.072512926068157 518.81407570466399 767.37785101868212 630.1923918495886 13.132739871740339 1955.7049662205391 897.48082954017445 10.144630757160483 31.872440820559859 7.4558123275637618
leaf_count=274 8750 1309 1455 5069 533 262 2370 2880 3327 142 9452 6352 134 186 174
internal_value=-0.000283887 0.000397209 2.71399e-05 0.000425066 0.00173132 0.00393519 0.00106524 -0.000943475 -0.00122494 -0.000963783 -0.000702209 -0.00192974 0.000590263 -0.00171048 -0.00206464
internal_weight=8488.81 4912.5 3857.81 2750.82 1054.69 237.259 817.434 1106.99 3576.3 2630.9 1968.84 945.399 40.4624 662.065 904.937
internal_count=42669 22628 18154 13819 4474 795 3679 4335 20041 13107 9594 6934 408 3513 6526
is_linear=0
shrinkage=0.0224352


Tree=40
num_leaves=16
num_cat=0
split_feature=22 22 22 10 26 17 35 26 10 11 10 26 23 35 10
split_gain=12.1513 2.97964 2.44375 2.11984 3.57052 3.461 1.72203 2.50926 1.30163 2.56646 0.891748 0.81734 0.702022 2.28606 0.161047
threshold=0.063895583307913062 0.10776137390634655 0.03085910841593675 0.59469046785717095 0.76514154546623414 1.3078344720807569 4.6776768724497861 0.48917784680736481 0.32166985925370806 0.28892790105785737 0.35999048447360549 0.42917522451134721 0.007600373159115382 5.2416411837543482 0.29992182956517954
decision_type=10 10 8 10 8 10 2 10 8 8 10 10 10 2 10
left_child=2 6 12 5 -5 -3 7 -2 11 -10 -8 -4 13 -1 -14
right_child=1 3 8 4 -6 -7 10 -9 9 -11 -12 -13 14 -15 -16
leaf_value=-0.00056168079077461002 -7.5202913103996427e-06 0.00030849341323355384 -0.00057226807641495988 0.0018237812783996963 -0.00025458723779065134 0.0024937998884231776 8.9102858697617381e-05 0.0011227911514091855 0.00053807458814239941 -0.00020284834602462973 -0.00042657720120592121 -0.00024855105439457122 -0.00092052548660762751 5.746383308350618e-05 -0.00055420177613881602
leaf_weight=54.882255398202688 808.36771000595763 673.41272741788998 1556.3176098647527 163.67696993378922 61.490567691624165 89.591022483538836 495.24597001355141 695.62218541651964 111.48476048093289 1250.0921355877072 297.11931105563417 750.88427253067493 1152.6303357365541 6.019818663597106 321.96759604103863
leaf_count=1294 3822 3323 6543 552 228 414 2135 3476 418 6681 972 5402 5667 54 1688
internal_value=-0.000291739 0.000773297 -0.000967733 0.00180747 0.00376103 0.00120274 0.000319308 0.000770482 -0.000644371 -7.8203e-05 -0.000511946 -0.000969785 -0.00172692 0.000375115 -0.00182731
internal_weight=8488.81 3284.53 5204.28 988.171 225.168 763.004 2296.36 1503.99 3668.78 1361.58 792.365 2307.2 1535.5 60.9021 1474.6
internal_count=42669 14922 27747 4517 780 3737 10405 7298 19044 7099 3107 11945 8703 1348 7355
is_linear=0
shrinkage=0.0224352


Tree=41
num_leaves=16
num_cat=0
split_feature=22 19 11 27 26 10 27 34 20 26 35 5 32 9 20
split_gain=10.9989 2.85567 2.45001 2.37006 1.88968 1.79294 7.02643 1.83653 1.28667 1.1071 1.50272 1.06617 0.803405 0.446747 0.413519
threshold=0.063895583307913062 0.11057948570294901 0.23898784133805215 0.33426302826030596 0.36252367883997544 0.63287558116337084 0.51768893377187164 0.0051423744002194747 0.093943809993094221 0.42917522451134721 6.6879940119818544 -0.010413549106695926 0.86609498680738795 0.48992243868352109 0.059188931982491789
decision_type=10 10 8 8 10 10 10 8 10 8 2 8 8 10 10
left_child=2 5 9 4 -4 7 -7 -2 13 14 -11 -10 -5 -3 -1
right_child=1 8 3 12 -6 6 -8 -9 11 10 -12 -13 -14 -15 -16
leaf_value=-0.00082246698190716549 0.00022421881985100565 -0.00014210017849978959 -0.00028248571911232315 -0.0002292790863384846 0.00043569694305646778 0.0015094858506026921 -0.00024887551198740984 -0.00026087233349502998 0.0067820179971814585 -0.00037630239373905082 0.00011315428825002576 0.00078180057709050855 -0.00070485264437446596 0.00062261752724748092 -5.8144663421231895e-05
leaf_weight=1526.8420513425954 1388.9132341886871 92.68974868953228 844.65491125336848 825.18041498307139 468.94720583339222 94.977933140471578 143.3005869332701 556.85098785115406 38.714306922163814 727.23340393416584 9.4095465429127199 949.72398924641311 693.0293516498059 19.355677046813071 108.98189876414835
leaf_count=6586 7266 424 4168 4633 2730 264 662 1755 212 5512 70 4225 3648 114 400
internal_value=-0.000280944 0.000732158 -0.00092416 -0.000468079 0.000217147 0.000251677 0.0020872 1.61863e-05 0.00166711 -0.00145995 -0.000692109 0.00192969 -0.00107391 -0.000471052 -0.00179324
internal_weight=8488.81 3284.53 5204.28 2831.81 1313.6 2184.04 238.279 1945.76 1100.48 2372.47 736.643 988.438 1518.21 112.045 1635.82
internal_count=42669 14922 27747 15179 6898 9947 926 9021 4975 12568 5582 4437 8281 538 6986
is_linear=0
shrinkage=0.0224352


Tree=42
num_leaves=16
num_cat=0
split_feature=19 10 27 26 19 38 20 10 5 20 19 33 27 35 10
split_gain=9.09086 5.19666 3.46388 3.69885 1.58483 1.4904 1.22044 1.05095 2.93464 1.20464 0.909386 0.348021 0.835187 0.198179 0.0431792
threshold=0.11057948570294901 0.29025929745541496 0.28674392784231356 0.37437219531041038 0.030903968859185161 4.5000000000000009 0.093943809993094221 0.51548441976867398 0.21673570989217431 0.095932481783265092 0.031481120537673039 0.050810765343194404 0.21191693053325131 2.3575456431761146 0.30490788386395185
decision_type=10 8 8 10 10 2 10 8 8 10 10 10 10 2 10
left_child=1 4 3 -3 13 -4 11 9 -9 -8 -6 14 -13 -1 -2
right_child=6 2 5 -5 10 -7 7 8 -10 -11 -12 12 -14 -15 -16
leaf_value=0.00065068772638694641 -0.00043241824891305776 -3.0744879575712126e-05 -0.00035687803489814664 0.00094358046597885052 0.0015877248369645539 5.6295676240455406e-05 0.0066298617951317564 0.00026709764847143258 0.0019620218324736703 0.00047314826504115569 -0.000391800450842806 -0.00083899460670447412 0.0041004380402577065 -0.00077779080482179134 -8.2329792099035076e-05
leaf_weight=26.168713023420423 17.921809159219265 776.93620498827659 1309.0089757475071 586.58833779883571 38.229896120727062 785.81003347085789 13.086453042924402 211.94275985890999 134.02087898505852 629.38820428168401 2550.9593663825653 30.622182240709662 9.2035343833267671 1314.2449987656437 54.672900072298944
leaf_count=212 92 3660 5155 2674 188 5128 48 721 576 3092 13817 160 78 6856 212
internal_value=-0.000297053 -0.000582458 4.63112e-05 0.000931438 -0.00114081 -0.000520426 0.00159965 0.00185605 0.00289941 0.0012614 -0.000802237 -0.000476937 0.000912982 -0.00177942 -0.00151231
internal_weight=8488.81 7387.95 3458.34 1363.52 3929.6 2094.82 1100.86 988.438 345.964 642.475 2589.19 112.42 39.8257 1340.41 72.5947
internal_count=42669 37690 16617 6334 21073 10283 4979 4437 1297 3140 14005 542 238 7068 304
is_linear=0
shrinkage=0.0224352


Tree=43
num_leaves=16
num_cat=0
split_feature=22 22 27 16 10 16 27 22 34 26 20 26 18 5 2
split_gain=10.2484 3.08761 1.9119 5.02855 1.9068 2.15348 1.89406 1.74685 1.40394 1.51089 1.07323 0.925158 0.889117 0.757008 0.0420304
threshold=0.059341884859017958 0.10776137390634655 0.0016175133945655941 0.88520835364457795 0.32166985925370806 1.045987810449919 0.076459218192160838 0.04659762608769679 0.011166194867091918 0.52461966818322048 0.018957922584946305 0.42917522451134721 -0.016354375315731581 0.16924856701050814 0.03017834190616641
decision_type=10 10 8 10 10 10 8 8 10 10 8 10 10 8 2
left_child=4 8 3 -3 10 7 -4 -6 9 -2 14 -12 -7 -10 -1
right_child=1 2 6 -5 5 12 -8 -9 13 -11 11 -13 -14 -15 -16
leaf_value=-0.00064832693056754561 7.9855996659587458e-06 -0.00074477474975852189 -0.0002404799346354417 0.0044840911544937623 -0.00022539816200164821 6.4195969004921419e-06 0.00082043230223409838 0.0011237506811534795 -0.00038200188803412213 0.00097093451278889892 -0.00059893599672475794 -0.00027014847002467776 -0.00066526562259458673 -1.2985448212035817e-05 -0.00078966439075916031
leaf_weight=10.517993479035793 1359.7007091771811 14.815727646462621 166.43020974239334 12.731097663287072 236.65392909850925 373.80920055089518 794.19425247469917 190.28930304851383 235.95936673507094 670.91655843891203 1876.4446420040913 759.32917847158387 602.82932403916493 406.38339032232761 777.80036542983726
leaf_count=184 6064 94 778 42 1276 1893 3603 816 548 4268 9005 5883 2460 1299 4456
internal_value=-0.000299507 0.00059222 0.00166604 0.00761459 -0.000979866 -0.000265248 0.00147071 0.00104224 0.000187556 0.000482606 -0.00126691 -0.00103364 -0.000857415 -0.000713894 -0.00202046
internal_weight=8488.81 3661.13 988.171 27.5468 4827.67 1403.58 960.624 426.943 2672.96 2030.62 3424.09 2635.77 976.639 642.343 788.318
internal_count=42669 16696 4517 136 25973 6445 4381 2092 12179 10332 19528 14888 4353 1847 4640
is_linear=0
shrinkage=0.0224352


Tree=44
num_leaves=16
num_cat=0
split_feature=19 19 28 16 7 28 28 34 27 24 33 18 28 30 35
split_gain=8.82565 3.8906 3.05985 2.75829 1.73841 1.42352 5.49283 1.36949 1.3625 2.87851 0.487129 0.373666 0.262691 0.196368 0.195021
threshold=0.11057948570294901 0.026045857144374785 0.031200000000000037 1.0330696394630812 0.26865018598666163 0.073900000000000035 0.067400000000000002 0.013529591520938801 0.23279862781424973 11.500000000000002 0.06177235953351546 0.037721619852585382 -0.14474999999999993 15.465000000000002 6.423765466731953
decision_type=10 8 10 10 8 8 10 10 8 2 10 10 8 8 2
left_child=1 12 4 -4 -3 6 7 -2 10 -10 -7 -8 13 -1 -14
right_child=5 2 3 -5 -6 8 11 -9 9 -11 -12 -13 14 -15 -16
leaf_value=5.9923559286714233e-05 0.00094302029909085216 -0.00047695201531383689 0.00063400516252158667 -0.00010919911811230537 -5.4237454350712709e-05 -0.001001716791918996 0.0021484824188355255 -0.00069800624115054694 4.8804536932461324e-05 0.003214187488287851 0.0011670233749896928 0.0040594344495082629 -0.00077164060770234708 -0.0007251006762843007 -0.00038602726240593405
leaf_weight=5.0535013973712894 658.66459685517475 2297.4097443539649 742.6708125595469 710.2687890897505 2309.7231344094034 117.89320642547682 20.935091776773334 166.61832333356142 69.648100693244487 19.612315654754639 26.9769217222929 20.510165562853217 1262.6225544228218 7.6147329262457797 52.583257138729095
leaf_count=24 3438 13077 4081 2780 10344 350 64 416 443 28 196 44 7090 104 190
internal_value=-0.000311169 -0.000592386 -0.000347182 0.000543055 -0.000632277 0.00155744 0.00197652 0.00154424 0 0.0021781 -0.00133685 0.00998387 -0.00169589 0.000516341 -0.0017325
internal_weight=8488.81 7387.95 6060.07 1452.94 4607.13 1100.86 866.728 825.283 234.131 89.2604 144.87 41.4453 1327.87 12.6682 1315.21
internal_count=42669 37690 30282 6861 23421 4979 3962 3854 1017 471 546 108 7408 128 7280
is_linear=0
shrinkage=0.0224352


Tree=45
num_leaves=15
num_cat=0
split_feature=22 22 7 31 5 7 18 17 20 32 26 18 5 18
split_gain=9.44327 2.47535 1.89634 1.74754 1.62189 1.55461 2.35657 1.48343 1.32512 1.13597 1.30776 0.893189 0.652013 0.554077
threshold=0.059341884859017958 0.10776137390634655 0.23538311883231436 2.4949999999999997 0.10383057789513545 0.54450028455035382 -0.083204217903740149 1.3078344720807569 0.085038436886896343 0.86081794195250672 0.50320101975983811 0.071279749716694832 0.25359530043363099 0.010885770620408077
decision_type=10 10 10 10 10 10 10 10 10 10 10 10 10 10
left_child=2 9 8 4 -4 7 -7 -3 11 10 -2 -1 -11 -5
right_child=1 5 3 13 -6 6 -8 -9 -10 12 -12 -13 -14 -15
leaf_value=-0.00064027503443783295 3.6954209449131892e-06 0.00023385372837529474 -0.00026095565883080762 -0.00033633012808094009 0.00022816362298404389 -0.00025247505109537023 0.0023367290921811781 0.0018784399191087041 0.00053787963155597289 -0.00018805974478710717 0.00082217299872563824 0.0002243298286203244 0.00092700453138157236 -0.00072185317157924295
leaf_weight=2312.7669406491332 1277.0058013428934 648.36602553073317 841.67205092450604 654.71831375360489 463.44292896846309 66.881400933489203 169.24735548626631 103.67650557635352 9.3091554641723615 564.89312221854925 777.97682230686769 21.535187507048249 53.084278805181384 524.22935885470361
leaf_count=15098 5612 3325 3832 3061 1900 180 560 452 30 1961 4406 156 200 1896
internal_value=-0.000307665 0.00054811 -0.000960759 -0.000516043 3.48954e-05 0.00151012 0.0031357 0.000971477 -0.00142343 0.000184802 0.000444189 -0.00146472 -0.000645262 -0.00114253
internal_weight=8488.81 3661.13 4827.67 2484.06 1305.11 988.171 236.129 752.043 2343.61 2672.96 2054.98 2334.3 617.977 1178.95
internal_count=42669 16696 25973 10689 5732 4517 740 3777 15284 12179 10018 15254 2161 4957
is_linear=0
shrinkage=0.0224352


Tree=46
num_leaves=15
num_cat=0
split_feature=19 10 31 2 19 28 28 28 27 27 24 16 11 5
split_gain=7.54405 4.1059 3.14863 2.54497 1.68873 1.39538 1.25605 4.48736 1.50277 1.41855 2.97117 1.09631 0.430127 0.195907
threshold=0.11057948570294901 0.29025929745541496 2.4949999999999997 0.13020384664917936 0.030903968859185161 0.039199999999999936 0.073900000000000035 0.067400000000000002 0.46818077268118857 0.21191693053325131 11.500000000000002 1.0591798946533693 0.26969991640950447 0.28708921414773647
decision_type=10 8 8 2 10 10 8 10 10 8 2 10 10 10
left_child=1 4 3 -3 12 -6 7 8 -2 13 -11 -4 -1 -8
right_child=6 2 11 -5 5 -7 9 -9 -10 10 -12 -13 -14 -15
leaf_value=-0.0007107291219026708 0.00077562225519746159 -0.00016215518365430843 2.1972176822677342e-05 0.00048620600176865612 -0.00044693163340623113 0.00041197902648972923 -0.00090642026652295433 0.0021338288777005333 -0.00011432521827609037 0.00018355109109137612 0.0031236307716789161 -0.00028831355249263308 -0.00017333109234881212 6.6572581205028819e-05
leaf_weight=1238.5102415904403 699.93955840682611 715.99090387485921 636.46965641016141 952.63388932030648 2286.891842849087 302.29741965420544 111.65741352038458 41.445257339626551 125.34336178191006 85.003985275048763 19.612315654754639 1153.2491024001502 101.90347019862384 17.856830045580864
leaf_count=6352 3256 3166 4334 4253 12320 1685 434 108 598 475 28 4864 716 80
internal_value=-0.000306595 -0.000566713 0 0.000698058 -0.00106284 -0.000714709 0.00142047 0.00181424 0.00142067 0 0.00189939 -0.000656457 -0.00171993 -0.0016043
internal_weight=8488.81 7387.95 3458.34 1668.62 3929.6 2589.19 1100.86 866.728 825.283 234.131 104.616 1789.72 1340.41 129.514
internal_count=42669 37690 16617 7419 21073 14005 4979 3962 3854 1017 503 9198 7068 514
is_linear=0
shrinkage=0.0224352


Tree=47
num_leaves=16
num_cat=0
split_feature=19 19 28 27 23 28 28 8 23 34 28 7 28 34 24
split_gain=7.40185 4.0728 3.03464 2.27489 1.99045 1.18485 3.64976 2.98299 1.58696 1.37855 1.68272 0.548372 0.261012 0.176378 0.145282
threshold=0.11057948570294901 0.026045857144374785 0.031200000000000037 0.26433726636814747 0.007600373159115382 0.015900000000000015 0.021400000000000006 0.52509965502942013 0.13125106193677166 0.0030700294696534018 -0.034150000000000007 0.3064390843454704 -0.14474999999999993 -0.058771203011850841 7.5000000000000009
decision_type=10 8 10 10 8 10 10 8 10 8 8 8 8 8 2
left_child=1 12 4 -4 -3 9 8 -8 -7 10 -2 -11 13 -1 -14
right_child=5 2 3 -5 -6 6 7 -9 -10 11 -12 -13 14 -15 -16
leaf_value=7.6581874444149703e-05 0.0018188953970189618 0.00062392402294987181 0.00053028249696735689 -9.0480541856607788e-05 -0.00028170516767630517 0.0018228197059523988 0.00042012663324708568 0.0015082838448529257 0.0014952007805278573 0.00025925868316059201 0.00037007601302352426 -0.0011020195553460689 -0.00047715405927602596 -0.0012098556361842209 -0.00072354475330380769
leaf_weight=5.3368701720610261 101.18042500223964 15.782976668328045 727.73004098678939 725.20956066250801 4591.3499020950403 42.0963044622913 395.87762289727107 78.832656362093985 12.744625966530291 22.06604417366907 281.91333529725671 166.1477078627795 114.48324514692649 7.331364151556043 1200.7225664146245
leaf_count=40 442 70 3231 3630 23351 160 1784 356 108 198 1365 566 3670 88 3610
internal_value=-0.000301072 -0.000558749 -0.000308082 0.000578883 -0.000592149 0.00140962 0.00219051 0.00150062 0.00773244 0.000649703 0.00144137 -0.000855917 -0.00168719 0.000516341 -0.00172372
internal_weight=8488.81 7387.95 6060.07 1452.94 4607.13 1100.86 529.551 474.71 54.8409 571.308 383.094 188.214 1327.87 12.6682 1315.21
internal_count=42669 37690 30282 6861 23421 4979 2408 2140 268 2571 1807 764 7408 128 7280
is_linear=0
shrinkage=0.0224352


Tree=48
num_leaves=16
num_cat=0
split_feature=9 21 32 15 23 10 21 23 5 21 9 9 18 10 31
split_gain=8.86199 4.51394 2.93131 1.72671 1.66187 1.65922 1.45962 1.5522 2.8643 1.17462 0.872981 0.646754 0.278327 0.20272 0.175836
threshold=0.27179567982897196 0.052400275873598169 0.83707124010554101 1.1273144904538086 0.14235940224949584 0.61141827358172773 0.017745626267825425 0.007600373159115382 0.11976009556107425 0.017970471578220952 0.51496040763535189 0.44626040515393095 -0.057540586783039686 0.32552744451139209 -2.1200000000000006
decision_type=8 10 8 8 10 10 10 10 8 10 10 8 10 10 10
left_child=6 2 4 10 -2 -5 12 8 -8 -9 -3 -4 13 -1 -14
right_child=1 3 11 5 -6 -7 7 9 -10 -11 -12 -13 14 -15 -16
leaf_value=-0.00061586371704486394 2.3193770398065691e-05 -0.00051347875289730726 -0.00061443950261274021 0.00061709101820515066 0.0039425996895755865 0.0012129711480442459 0.00060992613769815496 0.0015371654974147028 -0.0013991446593210862 -0.00042522421601280582 0.00072952860075959887 -2.4386351783169289e-05 -0.0007836094827883927 7.4863741704585856e-05 -0.00071079434260249851
leaf_weight=22.695867006201297 1711.5387701475993 259.59967099688947 770.44776941370219 1584.9646940990351 26.074625254143029 156.8484772099182 7.8623314071446657 19.579445339739323 12.979219199158253 2359.2388351401314 124.94357627350837 278.0861323797144 135.37163173547015 16.655582044739276 1001.9186206748709
leaf_count=128 7869 976 3036 6431 148 628 28 92 150 12546 518 3022 1904 147 5046
internal_value=-0.000291989 0.000323356 -0.000265021 0.00110352 0.000291102 0.00140547 -0.00114272 -0.000809847 0.00507743 -0.000870889 -0.000212638 -0.00120525 -0.00180405 0 -0.00186823
internal_weight=8488.81 4912.5 2786.15 2126.36 1737.61 1741.81 3576.3 2399.66 20.8416 2378.82 384.543 1048.53 1176.64 39.3514 1137.29
internal_count=42669 22628 14075 8553 8017 7059 20041 12816 178 12638 1494 6058 7225 275 6950
is_linear=0
shrinkage=0.0224352


Tree=49
num_leaves=16
num_cat=0
split_feature=9 21 30 35 35 23 9 21 23 5 21 35 35 30 16
split_gain=8.77283 4.38805 2.7885 2.31031 2.78172 1.66187 1.5865 1.52098 1.54107 2.8643 1.16499 1.0406 0.25056 0.117762 0.0790009
threshold=0.27179567982897196 0.052400275873598169 20.210000000000004 4.8358055526220429 4.8105162775470012 0.14235940224949584 0.27848898923699056 0.017745626267825425 0.007600373159115382 0.11976009556107425 0.017970471578220952 2.5263282845959973 6.6879940119818544 15.465000000000002 0.95031233684055205
decision_type=8 10 8 2 2 10 10 10 10 8 10 2 2 10 10
left_child=7 2 5 4 -3 -2 -5 12 9 -9 -10 -4 13 -1 -14
right_child=1 3 11 6 -6 -7 -8 8 10 -11 -12 -13 14 -15 -16
leaf_value=-0.00017582959144341246 2.2673412590633216e-05 0.00072270494055470293 0.0015315746152649772 0.001623526978874857 0.0030896288924148942 0.0038541465189680384 -0.00021739666379156429 0.00059624229836278855 0.0015026788204248063 -0.0013677545129710035 -0.00041568420863521413 -0.00050060454260907072 0.00032819764135965794 -0.00077210663842189949 -0.0012803308871747136
leaf_weight=135.82759423973039 1711.5387701475993 1622.5136609827168 49.319962960202247 38.709548015147448 15.593640897423027 26.074625254143029 449.53956868406385 7.8623314071446657 19.579445339739323 12.979219199158253 2359.2388351401314 999.21393883321434 9.7086593452841061 1020.5408950941637 10.564552782103418
leaf_count=1490 7869 6869 346 128 58 148 1498 28 92 150 12546 5712 66 5623 46
internal_value=-0.000283396 0.000328848 -0.000251133 0.00109801 0.0015033 0.000291102 -0.000221263 -0.00112987 -0.000790699 0.00507743 -0.000851573 -0.00116836 -0.00180405 -0.00184949 0
internal_weight=8488.81 4912.5 2786.15 2126.36 1638.11 1737.61 488.249 3576.3 2399.66 20.8416 2378.82 1048.53 1176.64 1156.37 20.2732
internal_count=42669 22628 14075 8553 6927 8017 1626 20041 12816 178 12638 6058 7225 7113 112
is_linear=0
shrinkage=0.0224352


Tree=50
num_leaves=14
num_cat=0
split_feature=22 19 22 34 19 25 5 27 7 38 22 34 4
split_gain=8.19475 2.03678 2.31599 1.81072 1.51548 1.3119 1.43285 1.111 2.04178 0.905084 0.492678 0.411969 0.147788
threshold=0.063895583307913062 0.026045857144374785 0.017778313634382818 -0.008820221025115425 0.11057948570294901 0.58693642167195315 0.11839520215075984 0.50105144049793349 0.57215507259369269 3.5000000000000004 0.051099633055862334 0.004050340249797669 0.40782393425840141
decision_type=10 8 8 10 10 10 10 10 10 2 10 8 10
left_child=1 10 -3 -4 5 6 -2 8 -6 -7 12 -9 -1
right_child=4 2 3 -5 7 9 -8 11 -10 -11 -12 -13 -14
leaf_value=-0.00067737957711768283 -1.655746521133782e-05 0.00058286545924824025 -8.7866219794451779e-05 -0.00050465643910347312 0.00066351850892627025 -0.00036211440799674644 0.00086375835195670668 0.00091376664236460388 0.0021960367435320768 0.00010680493628138992 9.8315975236959964e-05 -0.00069269674986918738 0.00022181259355737715
leaf_weight=1282.9685427015647 441.74549883650616 13.326819136738775 2410.3297495949082 1463.4792939089239 824.86016372172162 650.42467644251883 417.83389851311222 62.309551699087024 130.42390395887196 674.03866832144558 23.764907762408257 82.890102525241673 10.409471198916433
leaf_count=7204 1536 30 15537 4840 3939 2068 1579 382 350 4764 104 304 32
internal_value=-0.000320892 -0.000876111 -0.000609447 -0.000646875 0.000552794 0.00019969 0.000886843 0.00123509 0.00151838 -0.000231451 -0.00164745 -0.000491091 -0.00171301
internal_weight=8488.81 5204.28 3887.14 3873.81 3284.53 2184.04 859.579 1100.48 955.284 1324.46 1317.14 145.2 1293.38
internal_count=42669 27747 20407 20377 14922 9947 3115 4975 4289 6832 7340 686 7236
is_linear=0
shrinkage=0.0224352


Tree=51
num_leaves=15
num_cat=0
split_feature=19 35 26 19 33 8 30 30 5 33 10 17 35 38
split_gain=6.19611 2.96558 2.41019 2.3616 2.21873 2.10936 2.09503 2.53662 1.277 0.969842 0.824822 1.29276 0.71238 0.155781
threshold=0.04783285320153783 4.8999271471549797 0.42682530603503438 0.048453070675031261 0.0091474368736131923 0.32338374775837569 20.795000000000005 20.060000000000006 0.25359530043363099 0.12113492947334549 0.28142779344351015 1.4793689938451677 2.4234743121157423 4.5000000000000009
decision_type=10 2 10 10 8 8 10 10 8 8 10 10 2 2
left_child=2 6 10 -3 13 -6 7 -2 -8 -5 12 -12 -1 -4
right_child=1 3 4 9 5 -7 8 -9 -10 -11 11 -13 -14 -15
leaf_value=2.4734860615229693e-05 0.00034344389813406384 0.0014296563315381833 -0.00078429022400801427 -0.00035816345419211794 -0.00013431059218790115 0.00050572305248272761 -0.00019907618732858875 0.0010616282256365472 0.0003588673366079336 0.0002060621582833372 -0.00049783803514472926 0.00035183711928488993 -0.00069972444618480296 -0.00023037224413637156
leaf_weight=56.444598055444658 2412.0050235115923 16.088219862431288 272.74030254781246 1114.8334435774013 559.28349094372243 194.70388155477121 431.42532283253968 207.73484156001359 408.91856610588729 174.39518370246515 652.48098159348592 66.633366552647203 1841.0219805701636 80.096045351587236
leaf_count=408 13137 84 1200 4318 4615 1070 1494 776 1455 1036 2661 290 9151 974
internal_value=-0.000295771 0.000236653 -0.000982466 -0.000667315 -8.54509e-05 0.00058259 0.000583466 0.000898358 -0.000374513 -0.000789303 -0.00135422 -0.00065836 -0.00160722 -0.00156799
internal_weight=8488.81 4765.4 3723.4 1305.32 1106.82 753.987 3460.08 2619.74 840.344 1289.23 2616.58 719.114 1897.47 352.836
internal_count=42669 22300 20369 5438 7859 5685 16862 13913 2949 5354 12510 2951 9559 2174
is_linear=0
shrinkage=0.0224352


Tree=52
num_leaves=15
num_cat=0
split_feature=9 32 15 5 9 9 9 27 35 35 38 7 35 34
split_gain=7.22209 3.58172 1.85651 1.60786 2.84884 1.51226 1.3906 1.25046 1.13498 1.12777 1.07598 0.402867 0.137062 0.0305304
threshold=0.27179567982897196 0.86609498680738795 1.208399790577986 0.24805566097319001 0.57152082913514268 0.37001399907281363 0.18308875699766039 0.32899914943930936 6.6879940119818544 4.2640170083752942 4.5000000000000009 0.15700276377967137 2.2808504702945727 -0.13616925712172526
decision_type=8 8 10 8 8 10 10 10 2 2 2 10 2 10
left_child=6 2 9 10 -5 -4 12 8 -8 -2 -3 -9 -1 -14
right_child=1 3 5 4 -6 -7 7 11 -10 -11 -12 -13 13 -15
leaf_value=0.00012943307193557193 0.00021029530115585193 -0.00040126825404439157 0.00014253547232878253 -0.00010412152953996544 0.0012421137903014013 0.0010918734779791128 -0.00028142483428349532 0.00044590133002851229 0.00035173010786865863 -0.00038842526039450519 -0.00013266186336471656 -0.00065847386374160138 -0.00037038871403902878 -0.0008706785669846006
leaf_weight=6.3515786682255557 460.28102633962408 537.38565995474346 1486.2837158329785 602.20889854244888 71.015790860867128 913.35996976541355 2041.5597427091561 14.061314891092477 25.237588252872229 552.97443925961852 288.99421521881595 807.5542560480535 6.7638996769674113 674.77315230108798
leaf_count=100 2082 2270 7236 2421 1180 4010 9689 196 114 1755 1674 4720 1300 3922
internal_value=-0.000335689 0.00021929 0.000623891 -0.000688176 9.85199e-05 0.000965109 -0.0011035 -0.000875116 -0.000565673 -0.000164679 -0.00135276 -0.0016285 -0.00203221 -0.00206627
internal_weight=8488.81 4912.5 3412.9 1499.6 673.225 2399.64 3576.3 2888.41 2066.8 1013.26 826.38 821.616 687.889 681.537
internal_count=42669 22628 15083 7545 3601 11246 20041 14719 9803 3837 3944 4916 5322 5222
is_linear=0
shrinkage=0.0224352


Tree=53
num_leaves=16
num_cat=0
split_feature=9 21 34 13 9 21 23 22 23 21 17 17 18 10 12
split_gain=7.17938 3.81864 2.65652 2.45438 2.90593 1.65112 1.51403 1.62203 1.25662 1.14162 1.11743 0.924578 0.276099 0.20272 0.118193
threshold=0.27179567982897196 0.052400275873598169 -0.0061261387101442235 1.6445246251461594 0.64922641354187594 0.017745626267825425 0.007600373159115382 0.017778313634382818 0.13584587757947889 0.017970471578220952 1.0480781063996916 1.3964061474538647 -0.057540586783039686 0.32552744451139209 0.077499944440919857
decision_type=8 10 8 10 10 10 10 10 10 10 10 10 10 10 10
left_child=5 2 10 8 -5 12 7 -7 -3 -8 -2 -4 13 -1 -14
right_child=1 3 11 4 -6 6 9 -9 -10 -11 -12 -13 14 -15 -16
leaf_value=-0.00057110681196021959 0.00016682126408572092 1.3545862238738208e-05 -0.00042223947675973941 0.00096133268626165218 0.0031967716752127236 0.00059180105240058385 0.0014802642841558445 -0.0010581505487742358 0.00033103915901227659 -0.00039359829680569856 -0.00016771174942982003 1.4222926598509933e-05 -0.00065099202146336904 0.00010980905779520764 -0.00059849097760841016
leaf_weight=22.695867006201297 870.42283233441412 1100.9545604027808 1217.0087972460315 893.45771924173459 21.990108722820878 11.022474367171528 19.579445339739323 9.8190762391313893 109.95403021201491 2359.2388351401314 573.83465555123985 124.88101206347346 1068.1022437880747 16.655582044739276 69.188008622266352
leaf_count=128 5105 3882 5952 4082 106 74 92 104 483 12546 2540 478 6428 147 522
internal_value=-0.000330509 0.00022283 -0.000318289 0.000941099 0.00182115 -0.00109607 -0.000743967 0.00507743 0.000258874 -0.000804432 0.000339099 -0.00104049 -0.00179661 0 -0.00186053
internal_weight=8488.81 4912.5 2786.15 2126.36 915.448 3576.3 2399.66 20.8416 1210.91 2378.82 1444.26 1341.89 1176.64 39.3514 1137.29
internal_count=42669 22628 14075 8553 4188 20041 12816 178 4365 12638 7645 6430 7225 275 6950
is_linear=0
shrinkage=0.0224352


Tree=54
num_leaves=15
num_cat=0
split_feature=22 21 35 9 35 21 30 17 22 35 5 9 30 18
split_gain=7.50493 2.26715 1.63425 1.70299 2.91796 1.45851 2.17566 1.43036 1.33318 1.10301 1.0125 0.62506 0.793086 0.26431
threshold=0.063895583307913062 0.017745626267825425 4.8470177190135679 0.36122843854564418 4.8105162775470012 0.018138398225988357 17.165000000000003 1.3078344720807569 0.16670123680376905 3.4015306039337361 0.24805566097319001 0.27535665328677117 18.665000000000003 -0.057540586783039686
decision_type=10 10 2 10 2 10 8 8 10 2 8 10 10 8
left_child=1 11 3 9 -5 6 -3 -7 10 -2 -4 13 -13 -1
right_child=2 5 8 4 -6 7 -8 -9 -10 -11 -12 12 -14 -15
leaf_value=-0.00055829389351784821 -0.00021024374722661062 0.0014470541995467243 -0.00036519725283972598 0.00087655331944779024 0.0029172742952891955 -0.00035735653825132928 -0.0001560286241210341 3.7670248530289708e-05 0.00086934331613593662 0.00015991388001368085 0.0004549698255918824 4.3840867213234011e-05 -0.0010004099134817283 -0.00066133500801872889
leaf_weight=40.742007232271135 389.51604068698362 32.967420365661383 562.59789340849966 1236.4038604269736 16.971926767379045 2940.1294056316838 24.968106436543167 580.26105100754648 21.166745252907276 807.44274455076084 250.42725292500108 229.71020012535155 170.01833519805223 1185.4822583063506
leaf_count=245 2084 158 2030 5143 66 14576 128 2616 100 4369 1130 1142 784 8098
internal_value=-0.000315222 -0.000846599 0.000520688 0.00081497 0.00139544 -0.000522391 0.00293677 -0.000585393 -0.000319889 0.000190199 -0.000488402 -0.00154749 -0.000691916 -0.00180977
internal_weight=8488.81 5204.28 3284.53 2450.33 1253.38 3578.33 57.9355 3520.39 834.192 1196.96 813.025 1625.95 399.729 1226.22
internal_count=42669 27747 14922 11662 5209 17478 286 17192 3260 6453 3160 10269 1926 8343
is_linear=0
shrinkage=0.0224352


Tree=55
num_leaves=16
num_cat=0
split_feature=21 21 20 28 28 10 21 30 26 14 16 33 10 16 8
split_gain=6.35467 3.14186 1.83085 1.64722 2.47119 1.63464 2.36675 1.59405 1.92393 1.38988 0.968203 0.538131 0.492096 1.38172 0.269564
threshold=0.052400275873598169 0.017745626267825425 0.091663912404563938 0.015900000000000015 0.073900000000000035 0.29025929745541496 0.052970110614212695 21.835000000000004 0.33898613016248047 1.6223062152757672 0.76443725878294788 -0.056163535993754003 0.27977942611007506 0.89056019717985568 0.26588676021593444
decision_type=10 10 10 10 10 10 10 10 8 10 8 10 10 10 10
left_child=1 12 5 9 -5 10 -7 8 -3 -4 -2 -9 14 -14 -1
right_child=2 7 3 4 -6 6 -8 11 -10 -11 -12 -13 13 -15 -16
leaf_value=-0.00064860929275131676 0.00039069252899908167 -0.00045531378867409001 -5.4098414723609895e-05 0.0016676816277384644 -0.0001128791877255066 0.0030542036641358536 0.00017472768971367312 -0.00031020848214701651 4.9540913087225909e-05 0.00076327441895165547 -0.00047822393984283448 -0.00066473502181035708 0.0007115264235292042 -0.00046343463329957184 -0.00028230857703910475
leaf_weight=1117.8307693782263 86.140471293125302 1428.0987140256912 340.43149085715413 376.73712366260588 161.98920143861324 19.044620115309954 861.13089456222951 298.29191808402538 2142.0008303727955 243.29482737649232 453.76556374691427 372.66542544960976 47.427181832492352 459.6608279645443 80.295388162136078
leaf_count=8300 680 5742 1430 1510 664 62 3411 2070 11843 1008 2012 654 324 2447 512
internal_value=-0.000329576 -0.000732461 0.000604803 0.00128264 0.00218587 5.47626e-05 0.000663884 -0.000399031 -0.000203846 0.000413823 -0.00090116 -0.00140702 -0.00154971 -0.000882282 -0.0018151
internal_weight=8488.81 5946.27 2542.53 1122.45 538.726 1420.08 880.176 4241.06 3570.1 583.726 539.906 670.957 1705.21 507.088 1198.13
internal_count=42669 31892 10777 4612 2174 6165 3473 20309 17585 2438 2692 2724 11583 2771 8812
is_linear=0
shrinkage=0.0224352


Tree=56
num_leaves=16
num_cat=0
split_feature=22 9 27 9 23 27 32 33 9 9 7 18 1 22 14
split_gain=6.01784 2.0822 2.76116 2.03637 1.65855 1.70917 1.59685 1.39467 1.03639 1.43531 4.226 1.18301 0.292145 0.394938 0.184111
threshold=0.04659762608769679 0.27179567982897196 0.43935218669672987 0.60535010086175489 0.032678484075747256 0.1205000637719755 0.41952506596306077 0.057022789797795743 0.19593529116077948 0.19790188555321739 0.17811594351013313 -0.02492952823061206 0.10834699453551914 0.035520060422748433 1.1241764771632521
decision_type=10 8 8 10 10 10 8 10 8 8 10 8 2 10 10
left_child=8 4 3 -3 5 -2 -4 -6 12 10 -10 -11 14 -14 -1
right_child=1 2 6 -5 7 -7 -8 -9 9 11 -12 -13 13 -15 -16
leaf_value=-0.00032095752195218787 0.00051563678591289724 0.00032097756926841725 0.00080270671978718172 0.002024394128722302 -0.00055069516743223737 5.8554365034613331e-05 -0.00016202249640042099 5.2298681701282859e-05 0.00028154487260838778 1.1947228476249043e-05 -0.00095408940324505386 -0.00050239787262918183 -0.00074164141557643527 0.00072845766771591311 -0.00070916389335680245
leaf_weight=35.727619052864611 15.677626376971601 2692.6163762612268 68.564880774356425 74.438215141184628 858.17120283702388 34.558379868976772 970.5020485217683 456.06093186046928 17.301867818459868 469.11558676604182 30.498022301122546 1960.4501914558932 53.170654150191694 11.054108041804282 740.89753709360957
leaf_count=266 100 10710 666 296 4257 228 4031 3344 97 2600 144 10762 412 64 4692
internal_value=-0.000314122 0.000161085 0.000433648 0.000806807 -0.000584535 0.0033244 -0.000540871 -0.000750335 -0.00106051 -0.000814096 0.00292049 -0.000896363 -0.00176192 0 -0.00188418
internal_weight=8488.81 5170.59 3806.12 2767.05 1364.47 50.236 1039.07 1314.23 3318.22 2477.37 47.7999 2429.57 840.85 64.2248 776.625
internal_count=42669 23632 15703 11006 7929 328 4697 7601 19037 13603 241 13362 5434 476 4958
is_linear=0
shrinkage=0.0224352


Tree=57
num_leaves=16
num_cat=0
split_feature=8 33 13 8 35 20 20 20 7 13 16 16 35 5 10
split_gain=4.79915 2.92593 2.12547 1.6452 1.39234 1.31555 1.90132 1.10753 1.61829 0.951719 0.821286 0.755251 0.325647 0.540047 0.24723
threshold=0.23198594152270477 0.012917973156227449 1.4938821071311816 0.29422588341118022 2.5548987197428406 0.091663912404563938 0.10050611675492295 0.026151662083359981 0.26865018598666163 1.4455435375219565 0.97113878523363673 0.69724244815618397 2.8972903362901761 0.37740639003325643 0.33262199566565026
decision_type=8 8 10 10 2 8 10 10 10 10 10 10 2 8 10
left_child=7 5 4 -4 -3 11 -7 12 10 -10 -9 -2 13 -1 -14
right_child=1 2 3 -5 -6 6 -8 8 9 -11 -12 -13 14 -15 -16
leaf_value=0.00071211454504656888 0.0014937778313414874 0.001726942963113843 2.8839236826964889e-05 0.0006014190131385874 -5.1452369810588336e-05 0.0023166831558326662 -2.9642000109313531e-05 -0.00022559339519184562 0.00036532241826530847 0.00036532241826530847 -0.00045513989263971482 -0.00034296867512131343 -0.00067431228259648228 -0.0005965895717049822 6.7955702242778328e-05
leaf_weight=21.045518215280026 39.525322338566184 75.19051916943863 909.02115482185036 1199.8198461188003 1969.0548112844117 52.429329996928573 259.08565717283636 1081.981479709968 9.8788236314430851 10.606769447680561 601.25291054928675 1225.2783085303381 979.10267735971138 39.741926369257271 15.79019360616803
leaf_count=184 214 512 4677 4820 8726 246 1122 7127 34 80 3618 5804 5143 242 120
internal_value=-0.000333189 3.36761e-05 0.000349347 0.000850476 -0.000157983 -0.000785252 0.000476089 -0.00110198 -0.000727016 0.00533894 -0.000814285 -0.00111169 -0.00168765 0 -0.00178515
internal_weight=8488.81 5729.4 4153.09 2108.84 2044.25 1576.32 311.515 2759.4 1703.72 20.4856 1683.23 1264.8 1055.68 60.7874 994.893
internal_count=42669 26121 18735 9497 9238 7386 1368 16548 10859 114 10745 6018 5689 426 5263
is_linear=0
shrinkage=0.0224352


Tree=58
num_leaves=14
num_cat=0
split_feature=22 35 19 22 28 9 16 18 8 34 35 22 28
split_gain=5.53193 1.74872 1.70248 2.28342 1.77649 1.44643 1.66369 1.1865 2.1014 1.08444 0.520603 0.386567 0.282319
threshold=0.0591043130798855 4.8470177190135679 0.026045857144374785 0.017778313634382818 0.03224999999999998 0.27365907381601678 1.3272555884974089 0.018146018994304684 0.27402019064896643 -0.041435903810256462 4.5517166527346555 0.051099633055862334 -0.14474999999999993
decision_type=10 2 8 8 10 8 10 8 8 8 2 10 8
left_child=2 5 11 -4 -5 10 -7 9 -9 -3 -2 12 -1
right_child=1 7 3 4 -6 6 -8 8 -10 -11 -12 -13 -14
leaf_value=0.00010211501518513171 -0.00045082582185698158 0.00049443178849493204 0.00059669010902359276 -0.00041543843940054602 5.946594478680907e-05 0.00058109758956691269 -0.00034528452321760548 0.00066550010353185114 -0.00012907425338529814 -0.00044492871987459546 0.00034704423145628314 9.4809544837251981e-05 -0.00058059816942947489
leaf_weight=10.212015365716068 380.83570698415861 83.892056674696505 13.326819136738775 2831.5640489209909 623.39127167663537 2051.8652041116729 212.04848939599469 107.0579947582446 269.64001961378381 528.00177882565185 77.972346251364797 15.831498071551321 1283.1659985347651
leaf_count=124 2594 850 30 15022 3449 8829 976 652 908 1502 545 76 7112
internal_value=-0.000314179 0.000331795 -0.000820133 -0.000550731 -0.00059247 0.000628345 0.000864353 -0.000464755 0.000489558 -0.00108462 -0.000492594 -0.00151814 -0.00156881
internal_weight=8488.81 3711.31 4777.49 3468.28 3454.96 2722.72 2263.91 988.592 376.698 611.894 458.808 1309.21 1293.38
internal_count=42669 16856 25813 18501 18471 12944 9805 3912 1560 2352 3139 7312 7236
is_linear=0
shrinkage=0.0224352


Tree=59
num_leaves=16
num_cat=0
split_feature=21 28 16 7 26 17 20 0 16 18 39 28 18 28 24
split_gain=4.82136 3.15323 2.24168 3.36015 1.95129 1.69674 1.50782 0.907757 0.372589 1.15819 2.23811 1.20208 0.273468 0.719343 0.26627
threshold=0.017745626267825425 0.017500000000000047 1.0646814850675808 0.5279589062005664 0.38585128285280695 1.3141531355802085 0.083333333333333329 0.31375000000000003 0.88873972325100359 -0.033671181324155468 2.5000000000000004 0.047799999999999974 -0.073511196386068942 0.012050000000000007 7.5000000000000009
decision_type=10 10 10 8 8 10 10 2 8 10 2 10 8 10 2
left_child=8 4 3 -3 6 -6 -2 -4 9 10 -1 -11 13 -10 -14
right_child=1 2 7 -5 5 -7 -8 -9 12 11 -12 -13 14 -15 -16
leaf_value=-0.0010194882771653044 -0.00047129164759137732 0.00031731770968389044 0.00036644678323174572 0.0013832552593940218 -0.00010380062797793855 0.00031945435717743573 4.8997457356506967e-05 -6.5647093618359216e-05 0.001350231806970566 -0.00037559581454036544 0.0007039685643765981 2.181393382368239e-06 -0.00049739070178060846 -0.00072045622716696803 -0.00064686393330908097
leaf_weight=12.605661449022593 1590.9407181851566 1554.0623051207513 82.5365698216483 88.561681411229074 2040.9392679533921 236.22873119078577 263.53989953640848 926.78190776519477 8.5533371209166926 389.27745259087533 8.729525573551653 13.840790319256483 120.54652579966933 29.543474210426211 1122.1174002736807
leaf_count=122 6386 7915 338 334 10495 1186 1102 3330 86 2434 46 146 5301 174 3274
internal_value=-0.000316414 -4.52736e-05 0.000555131 0.00106875 -0.00043548 0 -0.000975659 -0.000261202 -0.00138306 -0.00071536 0.00414153 -0.0010267 -0.00158844 0 -0.00164657
internal_weight=8488.81 6783.59 2651.94 1642.62 4131.65 2277.17 1854.48 1009.32 1705.21 424.453 21.3352 403.118 1280.76 38.0968 1242.66
internal_count=42669 31086 11917 8249 19169 11681 7488 3668 11583 2748 168 2580 8835 260 8575
is_linear=0
shrinkage=0.0224352


Tree=60
num_leaves=16
num_cat=0
split_feature=21 21 13 11 24 32 28 28 28 28 2 18 11 31 28
split_gain=4.93668 2.33427 1.89932 1.54547 1.82116 1.49349 1.95095 1.10685 0.88437 1.15155 0.743973 0.587465 0.461324 0.839927 0.354073
threshold=0.052400275873598169 0.017745626267825425 1.6445246251461594 0.33687367671325114 9.5000000000000018 0.83707124010554101 0.03224999999999998 0.1363 0.039199999999999936 0.043150000000000029 0.25295094060030371 0.066241417137285166 0.25964670717010446 2.1350000000000002 0.047799999999999974
decision_type=10 10 8 10 2 10 10 8 10 10 2 10 10 10 10
left_child=1 12 8 7 -5 6 -3 -4 10 -10 -2 -7 14 -14 -1
right_child=2 5 3 4 -6 11 -8 -9 9 -11 -12 -13 13 -15 -16
leaf_value=-0.00058303496456690981 -0.0001775405479248264 -0.00018393917584184308 0.00028767078155490691 -0.00015006249120804428 0.0019269413255554365 -0.00034991192071037844 0.00034989168339903556 -0.00097632874266710267 0.00029974849734409019 0.00038608405159711154 0.0010539596088812249 1.1343987961713778e-05 6.7236637327566337e-05 -0.0006423220126606274 2.1324532981077652e-06
leaf_weight=1085.2612457305659 897.85246407333761 2555.5632332451642 616.0233349269256 124.85047789709643 372.29596763849258 1076.9618842881173 536.27615366689861 105.36993488203734 50.270020988769829 290.03063988592476 85.841352759860456 72.2556167319417 223.3038562880829 342.78686952311546 53.862195795634761
leaf_count=7724 3544 12920 3142 1398 799 4236 2851 460 124 1032 278 302 1652 1545 662
internal_value=-0.000316181 -0.000671388 0.000506701 0.00114667 0.00211976 -0.000382922 -0.000118925 0.000447485 -6.75125e-05 0.000899162 -0.000422417 -0.00107551 -0.00137685 -0.00078245 -0.0016543
internal_weight=8488.81 5946.27 2542.53 1218.54 497.146 4241.06 3091.84 721.393 1323.99 340.301 983.694 1149.22 1705.21 566.091 1139.12
internal_count=42669 31892 10777 5799 2197 20309 15771 3602 4978 1156 3822 4538 11583 3197 8386
is_linear=0
shrinkage=0.0224352


Tree=61
num_leaves=16
num_cat=0
split_feature=22 35 16 28 19 17 10 2 18 18 10 26 26 26 9
split_gain=4.74699 2.6088 1.8953 3.48847 1.45452 2.22424 1.23277 1.22203 1.05184 4.57705 0.960853 0.740977 0.630838 1.54398 0.389276
threshold=0.04659762608769679 4.8999271471549797 1.0646814850675808 0.03174999999999998 0.033485124545311683 1.3237196907386461 0.2426564011952328 0.15653059505126654 -0.037078193794609186 -0.044363554600088943 0.25341147985188189 0.39383345464333325 0.38813826074148078 0.39383345464333325 0.29950595282404985
decision_type=10 2 8 10 10 10 8 2 8 10 8 10 8 8 10
left_child=6 2 3 -2 5 -3 12 -4 9 -8 -10 -6 14 -14 -1
right_child=1 4 7 -5 11 -7 8 -9 10 -11 -12 -13 13 -15 -16
leaf_value=-0.00062329206649731385 6.4568076895335052e-05 -9.9088549755195412e-05 -0.00013556463430699313 0.0010437409010351261 -0.00049499703089530514 0.00032810873447173178 -0.0004069936215787825 0.0003517325382302857 0.00016756708772820629 0.00014084911972966652 -0.00045785748413787708 -0.00014308444417835195 0.00069185931970032336 -0.00037852490121255991 3.957840796091219e-05
leaf_weight=1097.7265675170347 1667.4833610230125 48.375178083777428 601.01272211456671 680.0003778859973 411.91880317591131 21.10907581448555 239.59598159277812 754.04007886862382 129.50848702620715 41.520873986184597 1169.0960931265727 986.65006467560306 14.411737633403389 589.90806465782225 36.447781139984727
leaf_count=4920 8543 158 2913 3392 1360 56 1397 2886 614 268 7208 4324 64 4346 220
internal_value=-0.000313079 0.000108488 0.000429115 0.000816585 -0.00068649 0.00239664 -0.000975884 -0.000227532 -0.000502083 0.000704667 -0.000778792 -0.000854713 -0.0013947 -0.000747993 -0.00172127
internal_weight=8488.81 5170.59 3702.54 2347.48 1468.05 69.4843 3318.22 1355.05 1579.72 281.117 1298.6 1398.57 1738.49 604.32 1134.17
internal_count=42669 23632 17734 11935 5898 214 19037 5799 9487 1665 7822 5684 9550 4410 5140
is_linear=0
shrinkage=0.0224352


Tree=62
num_leaves=16
num_cat=0
split_feature=21 35 21 34 26 35 0 35 11 11 30 11 27 38 21
split_gain=4.70355 2.49557 2.28011 1.88173 2.49209 1.55604 1.56614 1.3037 1.26332 0.953529 1.49955 0.762458 1.03122 0.328821 0.15116
threshold=0.052400275873598169 4.8358055526220429 0.017745626267825425 -0.0061261387101442235 0.24614953040579568 4.7956665632842501 0.52772500000000011 6.0587138072452458 0.3266425744780031 0.34807906235769465 19.600000000000005 0.25964670717010446 0.18315425612090866 5.5000000000000009 0.002095364599167491
decision_type=10 2 10 10 8 2 2 2 10 10 8 10 8 2 8
left_child=2 5 11 4 -4 8 -7 -5 -2 10 -3 14 -13 -11 -1
right_child=1 9 3 7 -6 6 -8 -9 -10 13 -12 12 -14 -15 -16
leaf_value=2.0941052537772877e-06 2.0858994759815616e-05 -0.00025459098392664113 -0.00055861635571205709 -0.00036992194273946716 0.00010778730630683595 0.0017639739902434676 0.0069803503060935886 1.429961672627167e-05 0.00074218285686561988 -0.00042675756977180476 0.001154763791646843 0.00019524979536130477 -0.00050672170643253271 -0.00016245200587561615 -0.00052860229788854909
leaf_weight=8.2640867047011835 732.71127029228956 244.93605263438076 580.5772602558136 1479.7342124190181 2114.6425654087216 11.123789437115194 12.615079594776033 66.102849848568439 1157.1243549496867 217.58354220539331 68.866607710719109 86.475667709484696 479.61505810171366 97.573496228083968 1130.8593548214994
leaf_count=114 3582 1162 2638 4836 12617 68 50 218 4729 552 244 580 2617 390 8272
internal_value=-0.000331564 0.000471394 -0.00067825 -0.000393001 -2.7454e-05 0.000879084 0.006639 -0.00101727 0.000794395 -0.000737113 7.92419e-05 -0.0013757 -0.000644107 -0.00161169 -0.00172137
internal_weight=8488.81 2542.53 5946.27 4241.06 2695.22 1913.57 23.7389 1545.84 1889.84 628.96 313.803 1705.21 566.091 315.157 1139.12
internal_count=42669 10777 31892 20309 15255 8429 118 5054 8311 2348 1406 11583 3197 942 8386
is_linear=0
shrinkage=0.0224352


Tree=63
num_leaves=15
num_cat=0
split_feature=9 32 35 26 27 5 35 21 22 9 18 33 22 35
split_gain=5.11376 3.1762 2.71297 3.4864 1.95755 1.63946 2.51735 1.54233 1.44087 1.3102 1.19296 0.163153 0.43759 0.223195
threshold=0.27179567982897196 0.87137203166226918 4.4868932388071707 0.478977998966577 0.27995993990986484 0.24805566097319001 4.6057199336548011 0.021452200088466346 0.017778313634382818 0.57152082913514268 0.036001311579905278 0.077052526479502018 0.027059462840922078 6.6879940119818544
decision_type=8 8 2 10 8 10 2 10 10 10 10 8 10 2
left_child=7 2 3 -2 -4 9 -7 11 -9 -3 -10 13 -13 -1
right_child=1 5 4 -5 -6 6 -8 8 10 -11 -12 12 -14 -15
leaf_value=-0.00053560498767162479 0.00010536907221137463 -0.00031487452623186931 5.8187707372923478e-05 0.0012264859324433212 -0.0002872755870030746 0.00042327783968462923 0.0011288563887360107 0.0006202864787625673 -0.00038418887463391731 0.00036418260291570369 5.101671760286114e-05 -0.00063038420599510238 2.0471234996388137e-06 0.0004594569229103166
leaf_weight=1215.6916105030105 1458.9407044346444 1100.3850294854492 674.75597385177389 865.79260285012424 621.32725730072707 96.786448998376727 11.634182322304694 19.540480075404048 1733.8919882150367 82.88151653110981 299.32269717846066 142.34027295280248 145.86461847042665 19.649865152314305
leaf_count=4883 6422 6149 2490 4455 2144 480 48 100 9282 440 1704 1864 2126 82
internal_value=-0.000314976 0.000151373 0.000495488 0.000956106 -0.00031543 -0.000797673 0.00176991 -0.000961048 -0.00054416 -0.0010504 -0.000611835 -0.00150932 -0.000862094 -0.00164381
internal_weight=8488.81 4912.5 3620.82 2324.73 1296.08 1291.69 108.421 3576.3 2052.76 1183.27 2033.21 1523.55 288.205 1235.34
internal_count=42669 22628 15511 10877 4634 7117 528 20041 11086 6589 10986 8955 3990 4965
is_linear=0
shrinkage=0.0224352


Tree=64
num_leaves=16
num_cat=0
split_feature=21 34 26 9 9 13 9 28 7 38 8 5 9 33 21
split_gain=4.53628 2.28036 2.37375 1.91778 1.64209 2.20369 3.14034 0.901613 0.871045 0.973477 0.684185 0.375858 0.699102 0.369853 0.078413
threshold=0.052400275873598169 -0.008820221025115425 0.24319379696760243 0.19292251225220222 0.27179567982897196 1.6445246251461594 0.64922641354187594 0.016649999999999974 0.22132374625589632 4.5000000000000009 0.2330629897606826 0.075006028177508829 0.25274635866054301 0.039848356647321566 0.049784796803264399
decision_type=10 10 8 8 8 10 10 10 10 2 10 8 10 10 10
left_child=1 2 10 -4 11 7 -7 -6 14 -10 -1 12 -2 -13 -3
right_child=4 8 3 -5 5 6 -8 -9 9 -11 -12 13 -14 -15 -16
leaf_value=-0.00058070553514566416 0.00052256171137210537 -0.00080731581649295904 -0.00055370819038402363 5.641641680803934e-05 -0.00012170945788225915 0.00084726081620673487 0.0029582808851774619 0.00028474869227910322 -0.0004519137694537 -7.4355101091358011e-05 -0.00028072629851480654 -0.00096273408113385671 -3.5822745969902877e-05 -7.1429086442992287e-05 -0.00072313872101656233
leaf_weight=580.07079997379333 12.091493071056904 553.74063057266176 424.3118676119484 2276.7428750428371 676.59549992531538 893.45771924173459 21.990108722820878 534.3130906894803 1075.529402660206 688.22659849002957 327.27066381694749 172.17353854328394 15.66539518907666 216.24734766967595 20.378217101097107
leaf_count=3684 102 1786 4330 14570 2589 4082 106 1776 3152 2724 1568 726 44 1352 78
internal_value=-0.00033402 -0.000674484 -0.000313327 1.29891e-05 0.000454392 0.00071165 0.00154309 6.62843e-05 -0.00122322 -0.000953855 -0.00130607 -0.000811556 0.00141211 -0.00102325 -0.00201453
internal_weight=8488.81 5946.27 3608.4 2701.05 2542.53 2126.36 915.448 1210.91 2337.87 1763.76 907.341 416.178 27.7569 388.421 574.119
internal_count=42669 31892 24152 18900 10777 8553 4188 4365 7740 5876 5252 2224 146 2078 1864
is_linear=0
shrinkage=0.0224352


Tree=65
num_leaves=16
num_cat=0
split_feature=21 28 16 7 21 28 7 10 10 16 16 30 5 0 12
split_gain=4.39121 2.57682 3.47887 2.80847 1.53481 1.94253 1.60118 0.928959 0.590803 1.02463 2.56308 0.52497 1.38679 0.329372 0.222395
threshold=0.017745626267825425 0.031200000000000037 1.0646814850675808 0.5279589062005664 0.018138398225988357 0.0051000000000000082 0.2219424875773757 0.63287558116337084 0.27977942611007506 0.89056019717985568 0.8582213047687921 15.465000000000002 0.067459725832883205 0.24195000000000003 0.077499944440919857
decision_type=10 10 10 10 10 8 8 10 10 10 10 8 8 2 10
left_child=8 4 3 -3 5 -2 -6 -4 11 10 -10 12 -1 -11 -13
right_child=1 2 7 -5 6 -7 -8 -9 9 13 -12 14 -14 -15 -16
leaf_value=1.4423771982538776e-05 0.00027600090778362603 0.00063345151439318608 -0.00020486747260123697 0.0010178825530699934 -0.00044541386016832716 0.0014308415598922799 -3.2606161299943806e-05 0.00027563784746373316 -0.00013077263021901773 9.4952779111205301e-05 0.0017259161579662459 -0.00058722430750649099 -0.00029767161393290099 -0.00041663322962447608 -0.00070494106189464203
leaf_weight=20.64350731857121 29.932053700089455 1000.764440625906 531.09223808255047 48.664126410149038 1201.9129139762372 18.543010626919568 3758.0739013510756 194.60839621163905 34.190820058807731 13.339882790111004 13.236361773684619 997.43628699611872 129.42797832936049 446.32094517443329 50.618384896311909
leaf_count=308 166 4945 1974 204 7668 84 15295 750 240 76 84 6846 1300 2371 358
internal_value=-0.00031097 -5.2047e-05 0.000678779 0.00150915 -0.000315082 0.00359992 -0.000357728 -0.000494877 -0.00132902 -0.000620123 0.00238515 -0.00161207 -0.000211994 -0.000975754 -0.00179338
internal_weight=8488.81 6783.59 1775.13 1049.43 5008.46 48.4751 4959.99 725.701 1705.21 507.088 47.4272 1198.13 150.071 459.661 1048.05
internal_count=42669 31086 7873 5149 23213 250 22963 2724 11583 2771 324 8812 1608 2447 7204
is_linear=0
shrinkage=0.0224352


Tree=66
num_leaves=14
num_cat=0
split_feature=22 27 9 33 26 32 15 19 22 26 38 12 12
split_gain=4.75903 1.78016 2.46739 2.67675 1.80967 1.3672 1.13073 1.1019 2.35448 1.24512 1.07476 0.136847 0.215574
threshold=0.043134923335309897 0.4764031208167005 0.60535010086175489 0.014998137195445073 0.41307225082740173 0.41952506596306077 1.3189255766806258 0.026045857144374785 0.017778313634382818 0.34844303615243305 4.5000000000000009 0.024946662136273726 0.029843909136681241
decision_type=10 10 10 8 8 8 10 8 8 10 2 10 10
left_child=7 2 4 -4 -2 6 -3 11 -9 -10 -7 -1 -13
right_child=1 5 3 -5 -6 10 -8 8 9 -11 -12 12 -14
leaf_value=-0.0006420879035501137 -8.0550119448908128e-05 0.0016568109027275965 0.0028097826595263309 0.0011396220133516259 0.00024053588303278085 -0.00031138542328499122 -0.0009221225256028214 0.00063447549374961543 -0.00056070045823458268 -5.4191311263355334e-06 -9.9666527721306591e-07 -0.00019765110371230469 -0.00047852376550717475
leaf_weight=308.48447694582865 1839.3906289348379 42.61347593460232 27.160531908273697 53.405678243376315 2502.6876357970759 667.32100373785943 27.04359554965049 13.326819136738775 937.70412429189309 727.91687739081681 414.62916673487052 117.48410461656749 809.63712909957394
leaf_count=2106 7712 448 100 224 12208 2066 356 30 4602 5253 2614 760 4190
internal_value=-0.000311145 6.96469e-05 0.000277483 0.0041675 0.000200233 -0.000711042 0.00224347 -0.00104613 -0.000651032 -0.000738398 -0.000920611 -0.00156641 -0.00136106
internal_weight=8488.81 5574.25 4422.64 80.5662 4342.08 1151.61 69.6571 2914.55 1678.95 1665.62 1081.95 1235.61 927.121
internal_count=42669 25728 20244 324 19920 5484 804 16941 9885 9855 4680 7056 4950
is_linear=0
shrinkage=0.0224352


Tree=67
num_leaves=15
num_cat=0
split_feature=19 28 33 26 27 18 28 9 19 27 18 12 9 34
split_gain=4.45021 2.12856 2.87052 2.01664 2.0699 3.64655 1.98335 1.90233 1.67585 1.66881 0.774574 0.702576 0.601353 0.446866
threshold=0.04783285320153783 0.036400000000000023 0.050810765343194404 0.42682530603503438 0.32899914943930936 0.11451597502589585 0.073900000000000035 0.37297524722835634 0.048161243375647929 0.45081259650011068 -0.091208447845361904 0.21916532893377991 0.44626040515393095 -0.0092787293114214835
decision_type=10 10 8 10 8 8 10 10 10 10 8 8 10 8
left_child=3 2 8 10 5 -5 9 -4 -2 -3 -1 -8 -6 -12
right_child=1 6 7 4 12 -7 11 -9 -10 -11 13 -13 -14 -15
leaf_value=0.001151552748719328 0.0028839492090285196 0.0007966266187589109 2.6570478004332454e-05 0.00028060477694347434 -0.00050611399292158803 0.00036135064009740019 -0.00020696030784107138 0.0011959206120878527 -0.00025212222028916627 -8.4337445910854914e-05 -0.00034712164821891023 0.0012537367345027456 0.0014095849862718651 -0.00065650376588486292
leaf_weight=14.08257906232029 22.247492091730237 655.46525421412662 1043.1371699739248 408.7798597663641 625.28986957133748 11.827216021949424 393.23188745230436 363.4929683948867 2101.2278166180477 153.73219171632081 1644.51940177707 32.865820690989494 60.92677503824234 957.97894593235105
leaf_count=74 100 2648 7314 2943 4376 208 1860 1836 7706 638 7872 198 332 4564
internal_value=-0.000342021 0.000108326 -0.000167439 -0.000923667 -0.000101118 0.00111676 0.000912197 0.000611004 -0.000692474 0.00156822 -0.00126392 -0.000287475 -0.000876818 -0.00129827
internal_weight=8488.81 4765.4 3530.11 3723.4 1106.82 420.607 1235.3 1406.63 2123.48 809.197 2616.58 426.098 686.217 2602.5
internal_count=42669 22300 16956 20369 7859 3151 5344 9150 7806 3286 12510 2058 4708 12436
is_linear=0
shrinkage=0.0224352


Tree=68
num_leaves=16
num_cat=0
split_feature=22 35 27 10 30 35 24 10 8 27 8 20 35 27 22
split_gain=4.52106 2.69977 1.74006 2.76236 1.62446 1.72094 1.43542 1.15107 1.42987 1.64628 1.03163 0.972762 0.552521 1.53381 0.586688
threshold=0.04659762608769679 4.1466206942773658 0.28444749850061751 0.62253202936921581 20.900000000000002 3.9803356412487485 10.500000000000002 0.2426564011952328 0.17867021050746654 0.22110276097067647 0.59917570140036813 0.025136141962685796 2.4234743121157423 0.26244714548241893 0.043134923335309897
decision_type=10 2 10 10 8 2 2 8 8 8 10 8 2 10 10
left_child=7 4 3 -3 5 -2 -4 12 9 -9 -6 -10 13 -1 -14
right_child=1 2 6 -5 10 -7 -8 8 11 -11 -12 -13 14 -15 -16
leaf_value=-0.00032339247986883091 0.00044038667781642047 -1.2296805333933789e-05 -1.2700812457250159e-05 0.0025437597359834747 -0.0001857202562993221 0.00089435580283991716 -0.00032605792144613683 0.00029129674124603463 -0.00049143443506957001 0.00011134604379951751 0.00024587657603256086 -0.00013440093927266134 -0.00055064440753916722 0.00073255479994959599 -1.1955312687206688e-05
leaf_weight=29.679089857265353 1745.0158773157746 1553.0105016264133 420.54283603094518 19.563599392771721 401.41144898161292 216.47273901058361 715.4619465470314 12.244552379474042 586.72812040382996 24.902083016000688 99.110712736845016 955.84667993243784 1554.9552286965773 12.706732394639401 141.15309999976307
leaf_count=156 8791 6734 3692 52 1571 1052 1178 52 3506 174 562 5755 8378 108 908
internal_value=-0.000356275 5.48742e-05 -0.000429601 4.16508e-05 0.000595917 0.000890778 -0.00109916 -0.00100284 -0.000543445 0.00369711 -0.000519672 -0.000659663 -0.00140857 0.000831565 -0.0014765
internal_weight=8488.81 5170.59 2708.58 1572.57 2462.01 1961.49 1136 3318.22 1579.72 37.1466 500.522 1542.57 1738.49 42.3858 1696.11
internal_count=42669 23632 11656 6786 11976 9843 4870 19037 9487 226 2133 9261 9550 264 9286
is_linear=0
shrinkage=0.0224352


Tree=69
num_leaves=16
num_cat=0
split_feature=9 30 18 20 11 9 5 9 28 16 11 5 25 9 23
split_gain=4.17662 2.26132 1.57688 1.47687 1.40141 1.38809 1.51221 1.34316 1.5009 2.8469 0.827224 0.677898 0.4165 0.585772 0.235481
threshold=0.26981203418660599 20.900000000000002 0.011626029691149011 0.21477318756432148 0.60708170481232615 0.57152082913514268 0.30180497944886459 0.19292251225220222 0.037850000000000002 1.0688876723745147 0.15429652959270818 0.25359530043363099 0.15749188431669611 0.17623526274960338 0.007600373159115382
decision_type=8 10 8 10 10 10 8 10 10 10 10 10 10 10 10
left_child=7 2 4 -4 -2 11 -7 12 10 -10 -9 -3 13 -1 -14
right_child=1 5 3 -5 -6 6 -8 8 9 -11 -12 -13 14 -15 -16
leaf_value=-0.00058061703151208403 0.00046683874614742408 -0.00030003512467476962 -4.4190916971105433e-05 0.0034926372183479485 -9.3885922238737607e-05 0.00014303088624075092 0.00024036027601718975 0.00016204128615799929 0.00037090162695232087 -0.00065620930853091386 -0.00036546651257904068 0.00065310987720255639 0.00064732354281010101 0.00047952487017358689 -0.00060514870003657798
leaf_weight=45.48117959452793 1693.4537196373567 962.86891927942634 1928.8131205914542 13.386689554434268 208.83329558745027 65.369624227285385 24.041925832629204 107.73594920616597 185.22431235387921 142.22587503772229 2134.3036680463701 77.149155182763934 13.167212847620247 28.948184280190617 857.80241706268862
leaf_count=676 7991 3835 9534 86 660 354 130 571 1176 688 10356 354 98 166 5994
internal_value=-0.000339 7.56595e-05 0.000338592 -0.000102065 0.000798843 -0.000801496 0.00179369 -0.000931361 -0.000652287 0.000733229 -0.000863627 -0.0010445 -0.00166806 0 -0.00180572
internal_weight=8488.81 4973.92 3844.49 1942.2 1902.29 1129.43 89.4116 3514.89 2569.49 327.45 2242.04 1040.02 945.399 74.4294 870.97
internal_count=42669 22944 18271 9620 8651 4673 484 19725 12791 1864 10927 4189 6934 842 6092
is_linear=0
shrinkage=0.0224352


Tree=70
num_leaves=16
num_cat=0
split_feature=21 28 16 7 33 26 21 23 11 30 28 21 13 26 30
split_gain=4.11653 2.52414 3.47969 2.60317 1.86617 2.68816 1.28812 0.874966 0.733669 0.604187 0.787161 0.229822 0.163872 0.162643 0.0804825
threshold=0.017745626267825425 0.031200000000000037 1.0646814850675808 0.5279589062005664 0.055700357265052854 0.38585128285280695 0.018138398225988357 0.050534234159431569 0.20495028499842771 20.210000000000004 0.00925000000000001 0.002095364599167491 1.1327088695658072 0.5853381461703091 15.400000000000002
decision_type=10 10 10 10 8 10 10 10 10 10 8 10 8 10 8
left_child=8 4 3 -3 6 -6 -2 -4 11 10 -10 14 -13 -11 -1
right_child=1 2 7 -5 5 -7 -8 -9 9 13 -12 12 -14 -15 -16
leaf_value=2.7917862574017618e-05 0.00070536150154427697 0.00059908412216955588 -0.00039795481949290811 0.00095376780412514376 -0.00014032129849915855 0.0005523974280143098 -0.0002728586786070627 6.2168987735010846e-06 0.00012242462494841918 -0.00086328427602337947 -0.00026761561875950378 -0.000499971239778043 -0.00056759074901077439 -0.0001904761718089244 -0.00028891542757448628
leaf_weight=2.4698885995894697 21.406739237718284 1000.764440625906 283.03470028657466 48.664126410149038 921.27676759846509 617.02118310658261 3448.7571897115558 442.66593400761485 319.91965554375201 231.28929815907031 338.69894479168579 33.724032303318381 678.0926275216043 81.687552874907851 19.33216754347086
leaf_count=94 110 4945 1200 204 5488 4658 12957 1524 1878 838 2055 152 3056 486 3024
internal_value=-0.000370062 -0.000119102 0.000603416 0.00143461 -0.000379185 0.000261962 -0.000669124 -0.000571369 -0.00135642 -0.000911201 -0.000482328 -0.00191793 -0.00198832 -0.001748 0
internal_weight=8488.81 6783.59 1775.13 1049.43 5008.46 1538.3 3470.16 725.701 1705.21 971.595 658.619 733.619 711.817 312.977 21.8021
internal_count=42669 31086 7873 5149 23213 10146 13067 2724 11583 5257 3933 6326 3208 1324 3118
is_linear=0
shrinkage=0.0224352


Tree=71
num_leaves=16
num_cat=0
split_feature=9 30 26 9 9 28 30 12 38 38 33 30 1 30 25
split_gain=3.91835 2.44245 2.38971 1.44691 1.2808 1.48525 1.58891 1.2721 1.21983 1.20434 1.04036 0.797015 0.438328 0.395162 0.258826
threshold=0.26981203418660599 20.900000000000002 0.37437219531041038 0.57152082913514268 0.19292251225220222 0.037850000000000002 18.665000000000003 0.10914942313001548 3.5000000000000004 4.5000000000000009 0.013685864821931461 18.775000000000002 0.10834699453551914 17.195000000000004 0.14250158080030736
decision_type=8 10 8 10 10 10 10 8 2 2 8 8 2 10 10
left_child=4 2 11 9 12 10 -7 -4 -5 -3 -6 -2 14 -14 -1
right_child=1 3 7 8 5 6 -8 -9 -10 -11 -12 -13 13 -15 -16
leaf_value=2.7291518624418408e-05 -2.447008583592241e-05 -0.00038673041460316783 0.00050830044397930573 0.00021356972584305744 -0.00062898306067570887 0.00018514617882652167 -0.00047950918703483991 -3.7248853700390883e-05 0.00032538464508879902 -1.9910225865376397e-05 -0.000220280171934349 -0.00077234291268600682 0.00063667746674216487 -0.00092446204621583251 -0.00058497985087150434
leaf_weight=29.080164343118668 1178.040268689394 668.14861708879471 1825.4602026599459 12.723299741744993 359.32485450804234 181.13286396674812 146.31732342485338 616.15225436422043 76.688250318169594 371.86945737339556 1882.7147627444938 224.83409965713508 33.354867761489004 34.739000046160072 848.22496163425967
leaf_count=476 4614 2076 8955 16 1772 1120 744 2816 468 2113 9155 1886 538 180 5740
internal_value=-0.000344226 5.72288e-05 0.000330442 -0.0008549 -0.000917901 -0.000645016 0.000733229 0.000757201 0.00179369 -0.00110249 -0.000855295 -0.000398151 -0.0016378 0 -0.00177251
internal_weight=8488.81 4973.92 3844.49 1129.43 3514.89 2569.49 327.45 2441.61 89.4116 1040.02 2242.04 1402.87 945.399 68.0939 877.305
internal_count=42669 22944 18271 4673 19725 12791 1864 11771 484 4189 10927 6500 6934 718 6216
is_linear=0
shrinkage=0.0224352


Tree=72
num_leaves=16
num_cat=0
split_feature=8 30 27 30 35 23 16 18 35 8 38 35 5 5 35
split_gain=3.08374 2.59821 1.37344 3.0528 1.6552 1.18995 1.3881 1.81063 1.14816 1.21169 0.753384 0.661438 0.446509 0.58512 0.417272
threshold=0.23198594152270477 20.210000000000004 0.28674392784231356 20.060000000000006 4.3603560117238498 0.025681567568557499 0.92991391785609145 -0.02492952823061206 3.5335405579908881 0.5401969723056198 5.5000000000000009 6.6879940119818544 0.078068299078845993 0.073406759021038812 2.3575456431761146
decision_type=8 10 8 10 2 10 10 10 2 10 2 2 8 10 2
left_child=5 2 3 -2 -4 12 7 -7 9 -3 -10 -8 13 -1 -14
right_child=1 8 4 -5 -6 6 11 -9 10 -11 -12 -13 14 -15 -16
leaf_value=-0.00041625613376209666 0.00022275321891368542 -0.00014532925916856579 8.6589368628403783e-05 0.00092565896628881708 -0.00027933125441519411 0.00073538852470487125 -0.00040044671864706264 -0.00011402364792537107 -0.00037805402490211158 0.00031808456245519684 -3.2521442963809744e-09 0.00016946953950758081 0.00067525253508296296 0.00062239345491701601 -0.00063518342812113261
leaf_weight=179.49592609610409 2247.4084416786209 424.63794287201017 882.76013945415616 55.694302923977375 738.04095969069749 112.10583641380072 874.84864852856845 775.97030135057867 973.7174096852541 135.28609033767134 271.85966279078275 21.275457113981247 12.432125146966426 15.526868331711738 767.74513590708375
leaf_count=1080 10821 1495 5337 166 3068 804 4832 5437 3420 728 1086 76 110 54 4155
internal_value=-0.000344157 -4.37372e-05 0.000276651 0.000630936 -0.00021456 -0.000960598 -0.0005979 8.77324e-06 -0.00075092 5.96639e-05 -0.00113112 -0.00122094 -0.00160314 -0.000494083 -0.0018544
internal_weight=8488.81 5729.4 3923.9 2303.1 1620.8 2759.4 1784.2 888.076 1805.5 559.924 1245.58 896.124 975.2 195.023 780.177
internal_count=42669 26121 19392 10987 8405 16548 11149 6241 6729 2223 4506 4908 5399 1134 4265
is_linear=0
shrinkage=0.0224352


Tree=73
num_leaves=16
num_cat=0
split_feature=21 20 21 30 30 5 10 5 30 5 20 20 8 8 5
split_gain=3.68511 2.02521 1.78856 1.52388 1.38187 1.25544 2.66391 1.4127 0.805484 1.14296 2.41337 0.627212 0.568368 0.637969 0.422533
threshold=0.017745626267825425 0.092739972954762398 0.018138398225988357 16.775000000000002 20.900000000000002 0.21673570989217431 0.52229624108519168 0.047363978234367839 15.650000000000002 0.021291886087997956 0.042285014741948186 0.0063981232217367187 0.23570088852548363 0.23860801621509944 0.045190599771380333
decision_type=10 10 10 10 10 10 8 8 8 8 10 10 10 10 8
left_child=8 2 3 -2 -4 7 -7 -3 9 10 -1 -11 14 -14 -10
right_child=1 5 4 -5 -6 6 -8 -9 12 11 -12 -13 13 -15 -16
leaf_value=-0.00096820178770814862 0.0013989428580855274 0.0037535459281149678 -4.9691889437231002e-05 1.4791825727281555e-05 -0.00032178359073291952 0.00033715037243015105 0.0017027782572467201 6.2655944985944289e-05 -3.7804455525898536e-05 3.6018033150871994e-05 0.0017043736171289269 -0.0003894389214810265 0.00049997331491917214 -0.0003810112039285539 -0.0005483494965060734
leaf_weight=12.064566741697492 28.239139907062054 92.747210448607802 4307.6173991090618 30.469362522475421 1014.4111683610827 169.93967593461275 65.897502508014441 1074.2696221936494 103.73140279250219 12.874878882430492 9.1155405901372415 177.91352053498849 13.077657194808124 607.76697177859023 768.6696288222447
leaf_count=196 142 363 20853 160 4077 884 264 4343 1014 184 46 1720 62 2737 5624
internal_value=-0.00033314 -9.55655e-05 -0.000296059 0.00355179 -0.000342586 0.000659104 0.00216632 0.000336659 -0.00126627 0 0.00490631 -0.000525378 -0.00144997 -0.000867031 -0.00184127
internal_weight=8488.81 6783.59 5380.74 58.7085 5322.03 1402.85 235.837 1167.02 1705.21 211.969 21.1801 190.788 1493.25 620.845 872.401
internal_count=42669 31086 25232 302 24930 5854 1148 4706 11583 2146 242 1904 9437 2799 6638
is_linear=0
shrinkage=0.0224352


Tree=74
num_leaves=16
num_cat=0
split_feature=22 28 35 7 8 34 35 8 8 5 18 18 34 28 23
split_gain=4.36895 2.4699 2.34029 2.98527 2.73935 1.78836 1.53402 1.50908 1.5409 1.87215 1.0106 1.27489 0.743947 0.613663 0.432251
threshold=0.042249002984747049 0.031200000000000037 3.5471718598329227 0.32379703621717337 0.30524906892816189 0.013529591520938801 4.6776768724497861 0.23570088852548363 0.23775175716382782 0.12651553424672049 0.071279749716694832 0.073353127862260795 -0.019551435450780027 -0.27204999999999996 0.046878548513127956
decision_type=10 10 2 8 10 10 2 10 10 8 10 8 10 10 10
left_child=7 5 3 -3 -4 6 -2 10 9 -9 14 -12 -10 -7 -1
right_child=1 2 4 -5 -6 13 -8 8 12 -11 11 -13 -14 -15 -16
leaf_value=-0.00043043961580940544 0.00010086204528985734 -0.00069954753730402225 0.00070798717554144898 0.0012577871767502154 -0.00022713417592672817 0.00096105036004816519 -0.00020192018534273282 0.0016646153778004584 3.5864457942064505e-05 -0.00021515180571912541 0.0003076974437688395 -0.0012928479140622072 -0.00044732986688067716 -0.00040516740554431938 0.0001580165966224157
leaf_weight=1665.1633336544037 2052.1337599856779 152.46772757405415 469.41688909707591 401.24640021845698 604.75049453228712 48.374719738960266 1322.7781016039662 19.543163855560124 275.88756256876513 16.623860546387732 7.9891072660684586 11.44392177835107 786.17880709469318 644.75532324425876 10.052075562998651
leaf_count=10719 11232 960 2484 1592 2038 163 5881 48 2670 96 26 102 2686 1862 110
internal_value=-0.00031714 3.59139e-05 0.000777347 0.00196451 0.000146235 -0.000255958 -3.66337e-05 -0.00104416 -0.000371576 0.00408668 -0.00146806 0.00324755 -0.000544042 -0.00129438 -0.00153562
internal_weight=8488.81 5695.92 1627.88 553.714 1074.17 4068.04 3374.91 2792.88 1098.23 36.167 1694.65 19.433 1062.07 693.13 1675.22
internal_count=42669 26212 7074 2552 4522 19138 17113 16457 5500 144 10957 128 5356 2025 10829
is_linear=0
shrinkage=0.0224352


Tree=75
num_leaves=16
num_cat=0
split_feature=19 26 30 28 28 33 19 28 2 8 26 28 8 34 28
split_gain=3.58715 1.81841 2.02906 2.6651 1.78676 2.38078 1.52171 1.41695 2.81301 0.872939 0.642856 0.628153 0.485005 0.996957 0.360136
threshold=0.04783285320153783 0.42682530603503438 20.210000000000004 0.002100000000000019 0.031200000000000037 0.055700357265052854 0.048161243375647929 0.073900000000000035 0.2299344864082753 0.29788040119270404 0.27567881742187345 0.037850000000000002 0.23570088852548363 -0.0092787293114214835 0.025499999999999984
decision_type=10 8 10 8 10 10 10 10 2 10 10 10 10 10 10
left_child=1 12 3 -3 5 6 -2 8 -6 -9 -7 -4 14 -14 -1
right_child=4 2 11 -5 7 10 -8 9 -10 -11 -12 -13 13 -15 -16
leaf_value=-0.00052047934813546145 0.0028006985683292789 0.00061385819743140673 -0.00080549099510065386 -2.7299287365584169e-05 0.00029528500908533996 -0.00010380372390645253 -0.0001835850278283152 0.00086394122669723218 0.0021314378688010341 -0.00028823547209698804 0.00031307821891191274 -2.3837316972037324e-05 -1.7342974706499436e-05 -0.00056677024523596562 -0.00019264701721708729
leaf_weight=1234.7946888490114 26.198606276884675 204.61167602846399 383.82187072839588 625.4831677551847 847.87930502230301 222.34356186073273 2401.388961144723 86.892127396073192 143.67792670568451 339.20558074722067 697.81453199870884 188.68644718267024 521.18949973443523 369.35882083140314 195.4584760600701
leaf_count=6332 114 1814 1964 4807 3694 1574 9812 634 464 1424 4584 842 2512 1012 1086
internal_value=-0.000324029 -0.000846195 -0.000191417 0.000500259 7.98404e-05 -0.000198185 -0.000571216 0.000750231 0.0012191 -0.000294438 0.000764136 -0.00122851 -0.00123322 -0.00077367 -0.00150509
internal_weight=8488.81 3723.4 1402.6 830.095 4765.4 3347.75 2427.59 1417.65 991.557 426.098 920.158 572.508 2320.8 890.548 1430.25
internal_count=42669 20369 9427 6621 22300 16084 9926 6216 4158 2058 6158 2806 10942 3524 7418
is_linear=0
shrinkage=0.0224352


Tree=76
num_leaves=16
num_cat=0
split_feature=9 31 20 31 20 33 9 11 32 27 32 35 25 35 5
split_gain=3.98475 2.18326 2.56491 2.25841 2.5611 1.45016 1.16805 1.57325 2.22529 1.0157 0.922613 0.580175 0.844086 0.542639 0.234415
threshold=0.26981203418660599 2.5250000000000017 0.092739972954762398 1.7750000000000006 0.01695010832345201 0.028870247836177757 0.19292251225220222 0.12988633205467176 0.64709762532981541 0.32899914943930936 0.64709762532981541 2.3575456431761146 0.45191008130523785 4.7516054604870446 0.078068299078845993
decision_type=8 8 8 10 8 8 10 10 10 10 10 2 8 2 8
left_child=6 3 13 10 -5 -4 11 8 -8 -9 -2 12 -1 -3 -13
right_child=1 2 5 4 -6 -7 7 9 -10 -11 -12 14 -14 -15 -16
leaf_value=0.00063898694563772407 0.00013484481514937783 -9.9249552967370459e-05 1.2979939920943507e-06 0.00031492185173180619 0.00068547852320546875 0.0010470397257852882 0.00034476908116881649 -0.00012930172652550687 -0.00087555882659377598 -0.0005129955730366029 -0.00019327128332996259 -0.00029878677823682724 -0.0015382680808208322 -0.00052816698294665739 -0.00057004270282670817
leaf_weight=5.1160193057730767 1597.3095988961868 1229.8025936470367 426.37596882414073 17.866517273709178 502.70281922630966 212.22859700955451 16.808026889339089 1787.8430687822402 15.540567696094511 749.29814127646387 436.82193622505292 170.16762876696885 9.611584153957665 550.80841879080981 760.50376155832782
leaf_count=30 7844 5684 1312 114 2236 2094 69 8302 60 4360 1648 1412 122 2012 5370
internal_value=-0.000372267 3.25068e-05 -0.000446169 0.000493572 0.00181483 0.00075653 -0.000950635 -0.000688835 0.00409537 -0.000758499 0.000145291 -0.00164039 0.00217334 -0.000888762 -0.00172328
internal_weight=8488.81 4973.92 2419.22 2554.7 520.569 638.605 3514.89 2569.49 32.3486 2537.14 2034.13 945.399 14.7276 1780.61 930.671
internal_count=42669 22944 11102 11842 2350 3406 19725 12791 129 12662 9492 6934 152 7696 6782
is_linear=0
shrinkage=0.0224352


Tree=77
num_leaves=16
num_cat=0
split_feature=22 34 26 27 5 5 5 11 17 17 5 26 26 38 9
split_gain=4.35775 2.24132 2.00572 2.45419 1.67106 1.36569 1.82672 0.827944 0.850864 3.16041 0.734649 0.454732 1.06497 0.385978 0.270005
threshold=0.043134923335309897 0.0051423744002194747 0.41307225082740173 0.33914039329307094 -0.054284617310135549 0.16339256771806362 0.16743009872092218 0.24584749043701315 1.4470314014816692 1.5745502920187417 0.19868175127436813 0.49515959399786835 0.5352453183171425 4.5000000000000009 0.32990328162035226
decision_type=10 10 10 8 8 8 8 10 10 10 10 10 10 2 10
left_child=7 2 4 -4 -2 13 -7 11 10 -10 -9 14 -13 -3 -1
right_child=1 5 3 -5 -6 6 -8 8 9 -11 -12 12 -14 -15 -16
leaf_value=-0.00041064061854393622 0.00037909952359138312 -0.00034480811013359961 0.00063129498641139768 -6.2460793809790505e-05 -5.7237904867971711e-05 0.001182162039049351 -5.023104758184748e-05 -0.00044182259170387342 0.00044184043674117511 -0.00026141793646630924 4.5327151021526964e-05 0.00030430755908805252 -0.00037727464187863177 -0.00017817583831956568 0.00014604379499340075
leaf_weight=1555.9549764196854 60.964251003693789 418.80825318582356 1359.594255627133 742.84691256890073 1872.9788532634266 21.455176830291748 952.02911245822906 906.63967675948516 32.233885489404202 70.273785730358213 146.30659993505105 51.788454621331766 140.98196668829769 145.57490190304816 10.374185837805269
leaf_count=8283 312 782 7864 4436 8743 60 2921 5055 128 410 730 434 1847 610 54
internal_value=-0.000394695 -2.34592e-05 0.000250543 0.000732645 -0.000263347 -0.000755381 -0.000222215 -0.00109776 -0.000600225 0.00127342 -0.000802038 -0.00141298 -0.000253919 -0.00163878 -0.00154282
internal_weight=8488.81 5574.25 4036.38 2102.44 1933.94 1537.87 973.484 2914.55 1155.45 102.508 1052.95 1759.1 192.77 564.383 1566.33
internal_count=42669 25728 21355 12300 9055 4373 2981 16941 6323 538 5785 10618 2281 1392 8337
is_linear=0
shrinkage=0.0224352


Tree=78
num_leaves=16
num_cat=0
split_feature=9 34 16 27 21 9 11 4 27 8 17 25 9 31 10
split_gain=3.22327 2.38754 1.41966 1.45988 1.31167 1.04549 1.55175 1.63486 0.983503 0.960989 0.5557 0.367958 0.581873 0.186929 0.173546
threshold=0.26758020817707168 0.0051423744002194747 1.3020365151883875 0.12443385689211474 0.050679739076270609 0.19292251225220222 0.12988633205467176 0.28581941371570474 0.32899914943930936 0.27402019064896643 1.4332054378932158 0.15749188431669611 0.17623526274960338 -1.2950000000000015 0.2936304395691221
decision_type=8 10 10 10 10 10 10 8 10 10 10 10 10 8 10
left_child=5 2 3 -2 10 11 7 -7 -8 -6 -3 12 -1 -4 -13
right_child=1 4 13 -5 9 6 8 -9 -10 -11 -12 14 -14 -15 -16
leaf_value=-0.00049925191976751479 -4.7259539213383012e-05 -0.00039734808566998614 0.00042250355800874708 0.0002607539834109163 0.0017268655569136423 0.00013564213927066125 -0.00011718799038005287 -0.00071363140771729824 -0.00050900670006394323 -5.5996947283245813e-05 3.6084011627222143e-05 -0.00051204958318042527 0.00051931081668839469 -0.00064658008179400712 0.0001802393900639377
leaf_weight=45.48117959452793 878.49453701497987 754.76062404364347 12.429845151491461 2440.4578728112392 34.679903849959373 17.576311090961099 1738.0640452802181 14.772283494472502 732.86928059533238 651.10624566301703 99.19265216588974 844.6873665205203 28.948184280190617 169.00265337573364 26.282263389788568
leaf_count=676 4657 2582 80 13088 112 65 8104 64 4238 1661 396 5850 166 688 242
internal_value=-0.000383189 -1.75145e-05 0.000302294 0.000412793 -0.000757312 -0.000911764 -0.000657605 0.00409537 -0.000728727 0 -0.00134405 -0.001563 0 -0.00160522 -0.00169237
internal_weight=8488.81 5040.12 3500.38 3318.95 1539.74 3448.68 2503.28 32.3486 2470.93 685.786 853.953 945.399 74.4294 181.432 870.97
internal_count=42669 23264 18513 17745 4751 19405 12471 129 12342 1773 2978 6934 842 768 6092
is_linear=0
shrinkage=0.0224352


Tree=79
num_leaves=16
num_cat=0
split_feature=22 28 16 19 5 19 24 11 23 11 5 16 30 5 4
split_gain=3.26044 1.85051 3.02708 2.52947 1.5999 1.82824 1.36754 1.11605 1.31166 2.4218 0.79824 0.70864 1.20765 0.473881 0.403474
threshold=0.043134923335309897 0.031200000000000037 1.0646814850675808 0.029090639452013334 0.010509163058974891 0.15300327332132832 10.500000000000002 0.22192286386624333 0.043818359650770002 0.26325452533449906 0.19396988055878475 0.93147520640173087 16.355000000000004 0.24805566097319001 0.30411154370186505
decision_type=10 10 10 10 8 10 2 10 10 10 10 8 10 10 10
left_child=7 4 3 -3 5 -2 -6 11 10 -10 -9 12 -1 -4 -13
right_child=1 2 13 -5 6 -7 -8 8 9 -11 -12 14 -14 -15 -16
leaf_value=0.00010714625112004667 0.00027382006604781796 0.0002896627028548899 -0.000117618173220334 0.00072273432329724645 2.908190342000982e-05 0.005996243971988429 -0.00018081231201010772 -0.00032328370009665925 0.00044334732798465286 -0.00078335926697234816 3.8460147284046647e-05 -0.00053655288172545148 -0.00053386687322334674 0.0016619612821132748 0.00015974709688543206
leaf_weight=242.87125395517796 221.63741078600287 13.794118866324423 624.18877661554143 928.15510280802846 1519.8928396217525 12.406936157960443 2214.5303187966347 1218.8431997196749 13.116435995325444 29.773408401757479 191.13601897051558 853.15636627748609 356.01110039558262 39.646213188301772 9.6457477658987028
leaf_count=1648 964 52 2238 4518 13918 90 3762 6593 78 194 1032 5546 1822 186 28
internal_value=-0.000354924 -3.32669e-05 0.000605184 0.00142843 -0.00029666 0.00148239 -0.00041367 -0.000963177 -0.00050103 0.00326767 -0.000630933 -0.0014086 -0.00075648 -0.000533257 -0.00183749
internal_weight=8488.81 5574.25 1605.78 941.949 3968.47 234.044 3734.42 2914.55 1452.87 42.8898 1409.98 1461.68 598.882 663.835 862.802
internal_count=42669 25728 6994 4570 18734 1054 17680 16941 7897 272 7625 9044 3470 2424 5574
is_linear=0
shrinkage=0.0224352


Tree=80
num_leaves=15
num_cat=0
split_feature=21 28 21 28 9 20 31 37 11 32 32 20 23 32
split_gain=3.38721 1.93801 1.76619 2.39707 1.85358 1.58649 2.80827 1.3987 0.610404 0.895095 1.04476 0.459879 0.545919 0.154608
threshold=0.017745626267825425 0.017500000000000047 0.018138398225988357 0.0051000000000000082 0.32731647117047619 0.18739839035458605 2.145 1.0000000180025095e-35 0.20495028499842771 0.83707124010554101 0.81728232189973626 0.0092823859389420133 0.017082017312044843 0.3218997361477573
decision_type=10 10 10 8 10 10 10 2 10 10 10 10 8 8
left_child=8 2 3 -2 -4 7 -7 -3 11 10 -10 12 -1 -13
right_child=1 5 4 -5 -6 6 -8 -9 9 -11 -12 13 -14 -15
leaf_value=-0.00022613071400526282 0.00032366496633760698 0.00038981970916948129 -0.0002955481675042162 0.0014085120929303095 9.2020258650794267e-05 -0.0017827656535570231 0.0032032803081098824 -2.8022176533391916e-05 -9.5814961185926818e-05 -0.00077304733988732793 0.00018344862350278194 -0.0002762607156010686 5.8405514440909313e-05 -0.0005005618553486212
leaf_weight=69.831859035883099 29.932053700089455 1223.1296577146277 2613.7463521119207 16.483373248949647 1471.4868378047831 20.082078291103244 21.39621813967824 1387.3345099734142 643.89266627747566 312.97685103397816 14.725934057962148 20.257581767626107 13.267690384760497 630.2615847797133
leaf_count=962 166 5331 12544 56 6403 134 84 6368 3843 1324 90 554 1240 3570
internal_value=-0.000346727 -0.000118753 -0.000424724 0.00385631 -0.000478718 0.000350439 0.00470576 0.000272693 -0.00124167 -0.000832056 -0.000324913 -0.00175611 0 -0.00195784
internal_weight=8488.81 6783.59 4131.65 46.4154 4085.23 2651.94 41.4783 2610.46 1705.21 971.595 658.619 733.619 83.0995 650.519
internal_count=42669 31086 19169 222 18947 11917 218 11699 11583 5257 3933 6326 2202 4124
is_linear=0
shrinkage=0.0224352


Tree=81
num_leaves=16
num_cat=0
split_feature=9 34 15 27 26 26 9 27 26 14 16 15 34 27 14
split_gain=3.2348 2.07674 2.00828 2.47784 1.48136 1.51501 0.910681 1.16793 0.774257 0.462888 0.436114 0.405317 0.363948 0.309058 0.196176
threshold=0.27179567982897196 0.0051423744002194747 1.208399790577986 0.11309000437321065 0.4867703674719796 0.53845371471490278 0.17623526274960338 0.32899914943930936 0.27567881742187345 1.4984720239324305 0.78663340444241303 0.95802828260467454 -0.01946132402447975 1.0000000180025095e-35 0.99137553081479757
decision_type=8 8 10 10 8 8 10 10 8 10 10 10 8 8 8
left_child=6 2 9 -4 14 -6 11 8 -8 -2 -9 12 -1 -13 -3
right_child=1 4 3 -5 5 -7 7 10 -10 -11 -12 13 -14 -15 -16
leaf_value=-0.00068999195719629601 -5.9249790007441919e-05 1.5304996452145522e-05 -4.1514008215486271e-05 0.00040438313666373135 0.00027758929165823377 -6.0418138375407497e-05 -0.00029883476157338199 0.00027435484927775048 -5.3675181442458712e-06 -0.00059049557332035508 -0.00050145219476135157 1.5485092640893408e-06 0.0001793329095906353 -0.00061420607846020736 -0.00055502163976440069
leaf_weight=7.3752510109916329 874.72154893213883 15.566929385066031 678.07208388717845 1545.165341403801 114.38664370519109 1005.2495445918757 730.61454813368618 45.81109512783587 1451.632023351267 126.20037470385432 808.03008729964495 8.3213546792976576 5.5136787951923889 519.00349414953962 553.14124916540459
leaf_count=78 3788 62 3108 8114 448 3871 2920 570 7485 477 4550 154 44 4240 2760
internal_value=-0.000314164 5.57418e-05 0.000393208 0.000772076 -0.000576858 -8.41225e-05 -0.000827765 -0.000665669 -0.000377614 -0.00042845 -0.00137794 -0.00170049 0.00142362 -0.00181584 -0.00151104
internal_weight=8488.81 4912.5 3224.16 2223.24 1688.34 1119.64 3576.3 3036.09 2182.25 1000.92 853.841 540.214 12.8889 527.325 568.708
internal_count=42669 22628 15487 11222 7141 4319 20041 15525 10405 4265 5120 4516 122 4394 2822
is_linear=0
shrinkage=0.0224352


Tree=82
num_leaves=16
num_cat=0
split_feature=21 28 33 35 19 27 8 35 10 8 5 27 10 10 7
split_gain=2.98332 1.96345 1.62701 1.56004 1.1561 1.11438 1.47568 0.723839 0.703091 1.70201 1.97397 0.984383 0.338044 0.707119 0.0447742
threshold=0.017745626267825425 0.031200000000000037 0.055700357265052854 4.7829815732894234 0.045971855358005485 0.51768893377187164 0.5401969723056198 2.8624865136136148 0.27977942611007506 0.20776595721077776 0.05657277892971662 0.16875139351050852 0.19489911016506345 0.17163357390903713 0.1594881365683726
decision_type=10 10 8 2 10 10 8 2 10 10 8 8 8 10 8
left_child=8 2 3 -2 -4 6 -3 -7 12 10 -10 -11 13 -1 -14
right_child=1 5 4 -5 -6 7 -8 -9 9 11 -12 -13 14 -15 -16
leaf_value=-0.00037734643127546177 -9.5037358578818783e-05 0.00026819056940108533 -0.00025261021430706825 -0.00033102105142839369 0.00025934507830674322 0.0011194868239150122 0.0013965297405342033 -0.0004202302308883751 0.00080019852660807942 0.00022931628325660976 0.00010541690166722875 -0.00035592847489201518 -0.00032027466041386005 2.57771721281831e-05 -0.00044328808701750986
leaf_weight=443.74014966003597 2300.7127110809088 1373.248836488463 536.57725249789655 1169.4512178683653 1001.7206982071511 44.402236649766564 68.734349836595356 288.74377835541964 7.6257023140788078 66.231547116767615 17.894054809585217 415.33670555660501 11.931493214331566 155.47427169419825 586.98024297179654
leaf_count=3036 9205 5879 3792 3862 6354 268 256 1470 30 430 152 2159 110 958 4708
internal_value=-0.000334017 -0.000119842 -0.000349446 -0.000620306 0.000248662 0.000516697 0.000792994 -0.000619032 -0.00117409 -0.000417092 0.00507402 -0.000754514 -0.00147757 -0.00102283 -0.00189809
internal_weight=8488.81 6783.59 5008.46 3470.16 1538.3 1775.13 1441.98 333.146 1705.21 507.088 25.5198 481.568 1198.13 599.214 598.912
internal_count=42669 31086 23213 13067 10146 7873 6135 1738 11583 2771 182 2589 8812 3994 4818
is_linear=0
shrinkage=0.0224352


Tree=83
num_leaves=15
num_cat=0
split_feature=26 11 33 26 9 35 9 18 18 11 33 16 25 22
split_gain=3.02137 1.981 1.93877 3.68165 2.08288 2.17471 1.8411 1.07035 1.40787 0.921735 0.675767 0.558303 0.473817 0.369125
threshold=0.41307225082740173 0.21977464606088856 0.012917973156227449 0.41835130792433589 0.27179567982897196 4.1466206942773658 0.60535010086175489 0.055851734328154386 0.053657338753310031 0.12988633205467176 0.1800505543105109 0.93147520640173087 0.80272869224738985 0.090052326691983556
decision_type=8 10 8 8 8 2 10 8 10 10 10 8 10 10
left_child=1 10 3 -2 9 -6 -5 8 -3 -4 11 -1 -12 -9
right_child=2 7 4 6 5 -7 -8 13 -10 -11 12 -13 -14 -15
leaf_value=-0.00033756034223536634 2.950188433806827e-05 -3.416691439198216e-05 0.00015083319535781332 -0.00022772624414738198 0.00086052146673979335 1.0934009695453847e-05 0.0016290137856803295 -0.00051970673754794295 0.0010074152967345816 -0.00013219456922253383 -0.00047416134254011397 -0.00042462100284184435 0.00041887411777369739 5.8182650002645871e-05
leaf_weight=541.96059030853212 19.259835186414421 2088.6868445347063 44.12877963995561 1245.7826089607552 991.97265011351556 1068.8877779126633 62.596626907587051 314.75080152228475 28.175655007828027 1112.0373486452736 63.842905580997467 812.17219734215178 39.079392313957214 55.471234345342964
leaf_count=2706 70 8516 603 6357 5033 4615 386 1148 94 7779 278 4604 168 312
internal_value=-0.000281608 -0.000736567 0.0001089 -0.000606266 0.000410271 0.000840591 -0.000765228 -0.000340964 -0.000135777 -0.000339626 -0.00139783 -0.00153321 0.000189914 -0.00145873
internal_weight=8488.81 3944.14 4544.67 1327.64 3217.03 2060.86 1308.38 2487.08 2116.86 1156.17 1457.06 1354.13 102.922 370.222
internal_count=42669 17826 24843 6813 18030 9648 6743 10070 8610 8382 7756 7310 446 1460
is_linear=0
shrinkage=0.0224352


Tree=84
num_leaves=16
num_cat=0
split_feature=26 27 34 8 12 26 18 2 38 26 26 12 26 2 26
split_gain=2.74667 2.20512 1.78025 1.63192 1.74476 1.47955 5.24442 1.5719 1.18191 1.00208 0.593434 0.45028 0.632108 0.414991 0.236177
threshold=0.41307225082740173 0.50105144049793349 -0.008820221025115425 0.23113081615089295 0.061328899434822344 0.54143479214150603 0.11451597502589585 0.14676500866534756 4.5000000000000009 0.32786477448821472 0.59026497726637095 0.056513516990523004 0.30528295300738967 0.18138533239437613 0.404301098948399
decision_type=8 10 8 10 10 8 8 2 2 10 10 10 10 2 10
left_child=2 5 3 9 -5 6 -2 -7 10 -1 -3 14 -13 -10 -4
right_child=1 8 11 4 -6 7 -8 -9 13 -11 -12 12 -14 -15 -16
leaf_value=-0.0003885338341263673 0.0002336106586450317 -0.00046174709556631081 -0.00048693058917374956 0.0001013456318115524 -0.00011075637732688928 -0.00024118715135172805 0.0020112560888880531 0.00021060152498765704 -6.3798606818576373e-05 1.0792008518440754e-05 -0.00012730586938819693 3.513636625838128e-05 -0.00082972636595820019 0.0007969487993695004 0.00014816913333069726
leaf_weight=957.3245183378458 1219.6087344260886 327.28973782877438 879.16829124349169 672.41207019938156 723.60716256685555 874.31068450259045 34.689958796370775 1143.4128722823225 299.79283877601847 287.71255568880588 482.37301716534421 174.43977687507868 225.01538201374933 163.18778358865529 24.459864030592144
leaf_count=4434 5726 1408 3910 3726 2472 6598 318 4977 2570 1518 2198 920 758 1048 88
internal_value=-0.000318215 5.36771e-05 -0.000751717 -0.000406214 0.000107701 0.000365943 0.000970942 -4.56602e-07 -0.000733385 -0.000998206 -0.00125278 -0.00143628 -0.000718253 0.000132449 -0.00173112
internal_weight=8488.81 4544.67 3944.14 2641.06 1396.02 3272.02 1254.3 2017.72 1272.64 1245.04 809.663 1303.08 399.455 462.981 903.628
internal_count=42669 24843 17826 12150 6198 17619 6044 11575 7224 5952 3606 5676 1678 3618 3998
is_linear=0
shrinkage=0.0224352


Tree=85
num_leaves=16
num_cat=0
split_feature=9 30 9 17 4 16 16 33 33 16 8 25 14 15 27
split_gain=2.80968 2.29406 1.38341 1.26311 1.25025 1.11143 1.29159 0.654808 0.439745 0.957787 0.864129 0.290913 0.224092 0.239537 0.100896
threshold=0.19691799699894089 20.900000000000002 0.33123803569985927 1.3511411397996171 0.49893473910920949 0.97113878523363673 1.1907332822187948 -0.056163535993754003 0.077052526479502018 0.84463905372962489 0.15904795320459844 0.14250158080030736 1.1241764771632521 0.95802828260467454 0.19959470581353653
decision_type=8 10 10 10 10 10 10 10 8 10 10 8 10 10 8
left_child=8 2 4 -4 -2 7 -7 -3 12 10 -10 -11 14 -14 -1
right_child=1 5 3 -5 -6 6 -8 -9 9 11 -12 -13 13 -15 -16
leaf_value=0.00031197509416799939 -6.6643000854544278e-05 -1.4789644310350648e-05 0.00015442320810905893 0.00089661698340515888 0.001966133075654864 2.0730929343679984e-05 -0.00054856414116072566 -0.00088835846059568129 -2.2483889921829338e-05 0.00052733379855138501 0.00023014689823942791 -0.0004605155760407696 0.00016684027942401246 -0.00053458477050455496 -4.5503655253339761e-05
leaf_weight=9.4042176716029626 3818.1972851720639 98.372700456529856 1807.4226740873419 318.26704696379602 14.389305144548414 402.90547815337777 544.41821675002575 444.27999264001846 32.143464696593583 9.1360757071524841 25.821321018971503 162.3834227649495 24.638204230926931 760.1262130215764 16.899629842489961
leaf_count=48 20209 592 7777 1086 60 1081 3192 1096 394 96 190 3046 118 3592 92
internal_value=-0.000304208 -0.000148614 4.51287e-05 0.000506811 -0.000205787 -0.000936446 -0.000443846 -0.00175855 -0.00139822 -0.00040882 0.00193974 -0.00132152 -0.00165323 -0.0017229 0
internal_weight=8488.81 7448.25 5958.28 2125.69 3832.59 1489.98 947.324 542.653 1040.55 229.484 57.9648 171.519 811.068 784.764 26.3038
internal_count=42669 35093 29132 8863 20269 5961 4273 1688 7576 3726 584 3142 3850 3710 140
is_linear=0
shrinkage=0.0224352


Tree=86
num_leaves=16
num_cat=0
split_feature=21 26 31 31 21 23 28 11 16 28 9 10 10 11 11
split_gain=2.90842 1.87311 1.97204 1.89106 1.88506 1.77134 2.02188 1.62068 0.720235 1.74251 3.06783 0.643479 0.533285 2.95242 0.195943
threshold=0.017745626267825425 0.41307225082740173 2.7600000000000011 1.7750000000000006 0.1411488140249498 0.007600373159115382 0.0095500000000000047 0.21977464606088856 0.92204250507931051 0.047799999999999974 0.20871258855701105 0.27977942611007506 0.2936304395691221 0.23217010390359458 0.28546767352991193
decision_type=10 8 10 8 10 10 8 10 8 10 10 10 10 10 10
left_child=8 5 3 -3 -4 6 -2 -7 9 11 -11 -1 14 -14 -10
right_child=1 2 4 -5 -6 7 -8 -9 12 10 -12 -13 13 -15 -16
leaf_value=-0.00024876491518088356 -0.00093600543735518913 6.0355755291867095e-05 -0.00010891584628061744 0.00073846905825446197 0.00079770157179392444 -0.00038617600446175216 0.00073205234890971131 -2.5142464780375175e-05 -0.0004312810572947662 3.6177399585563493e-05 -0.000311280798834395 0.00014971430810937277 0.00077224172745256651 -0.00033879838362224071 -1.5833498385204633e-06
leaf_weight=450.24554938543588 7.5859066052362323 1508.4538690117188 1554.2862781612203 779.05038527678698 53.579580957069993 843.69722778350115 9.0245281988754886 2027.9133049901575 725.4129473567009 8.720267718657853 12.467238556593655 62.966691793873906 9.6874750158749503 402.15993096958846 33.554066540673375
leaf_count=2708 92 8412 7640 3476 222 3408 60 7776 5938 40 166 382 52 2117 180
internal_value=-0.000311507 -0.00010005 0.000217339 0.000643724 -0.000376934 -0.000534956 0.00656389 -0.00058413 -0.00114077 -0.000404905 0.00572419 -0.000702214 -0.00145935 -0.000724656 -0.00183109
internal_weight=8488.81 6783.59 3895.37 2287.5 1607.87 2888.22 16.6104 2871.61 1705.21 534.4 21.1875 513.212 1170.81 411.847 758.967
internal_count=42669 31086 19750 11888 7862 11336 152 11184 11583 3296 206 3090 8287 2169 6118
is_linear=0
shrinkage=0.0224352


Tree=87
num_leaves=14
num_cat=0
split_feature=22 28 33 9 35 12 12 35 9 9 24 4 28
split_gain=3.61792 1.81609 1.51932 1.55589 1.16742 1.09896 2.17423 1.96077 0.593319 1.5875 0.689734 0.362547 0.288061
threshold=0.031532277889404103 0.031200000000000037 0.058734621553657725 0.50297722332854689 4.8605872948526239 0.087862549789886127 0.086673689719020397 3.5335405579908881 0.33259562761704359 0.33880660718816002 5.5000000000000009 0.28198028900631417 0.061650000000000045
decision_type=8 10 8 10 2 10 10 2 10 10 2 10 10
left_child=8 2 4 -4 -2 6 -3 -7 11 -10 -11 12 -1
right_child=1 5 3 -5 -6 7 -8 -9 9 10 -12 -13 -14
leaf_value=-0.00040392844257038535 -7.218447080873992e-05 0.00025866568102428318 3.3759216521821915e-05 0.0020702972468615972 -0.00031022087522728311 0.00080385103131040225 0.0019432689819304614 -0.00033662683367140326 0.00051879722840884196 0.00022680084806042384 -0.00057427870418305259 1.3724952163831817e-05 3.5365750940092408e-05
leaf_weight=1407.7627295623533 2496.4029083875939 1280.1952188138384 1339.4163635082077 70.22363570984453 1155.7892056209967 188.75524665322155 13.036666765809057 347.7496462026611 12.102183507755397 17.336254626512527 77.83265483751893 24.716278925538063 57.486255200114101
leaf_count=7726 9813 6292 11148 390 3849 848 30 1270 73 300 354 84 492
internal_value=-0.000333841 -0.000107676 -0.000329003 0.00028723 -0.000572298 0.000493671 0.00085216 -0.000333442 -0.00129688 0.000155118 -0.000642738 -0.00141477 -0.00146591
internal_weight=8488.81 6891.57 5061.83 1409.64 3652.19 1829.74 1293.23 536.505 1597.24 107.271 95.1689 1489.97 1465.25
internal_count=42669 33640 25200 11538 13662 8440 6322 2118 9029 727 654 8302 8218
is_linear=0
shrinkage=0.0224352


Tree=88
num_leaves=16
num_cat=0
split_feature=9 32 26 31 35 16 35 35 5 15 12 16 9 31 31
split_gain=2.61273 2.34636 2.2674 2.32736 1.28162 1.03456 1.45734 0.698202 1.28939 0.629023 0.531788 0.519536 0.512302 0.323409 0.0795153
threshold=0.19691799699894089 0.87137203166226918 0.41307225082740173 2.7600000000000011 5.0209155947958193 0.97113878523363673 6.3228127841107815 2.8811627795134567 0.077095734372674918 4.5121561087308555 0.1180130016205856 0.84463905372962489 0.19292251225220222 7.955000000000001 -0.64500000000000035
decision_type=8 10 10 10 2 10 2 2 10 8 10 10 10 8 10
left_child=7 2 4 -4 -2 10 -7 8 14 -10 -3 12 -9 -13 -1
right_child=1 5 3 -5 -6 6 -8 11 9 -11 -12 13 -14 -15 -16
leaf_value=1.6068949677991631e-05 -3.3947141015113817e-05 -0.00086026487491873535 0.00039769925261449904 -5.1076326117852975e-05 -0.00025857497480367498 -0.00012923963294443445 0.00025286245436790871 -0.00017617501068863882 0.00072469081029228883 0.00017670020945472563 -3.7826565790869918e-05 -0.00049885820206512096 0.0006413854347321619 4.5255714455972167e-06 -0.0008882722271926634
leaf_weight=5.9545695320703116 2564.1413995565381 442.3926870636642 1907.1195249431767 789.15669820550829 697.85868866252713 925.64502434805036 21.678670555353165 136.06407342385501 6.7942796493880424 3.9845076515339324 100.26000603288412 814.47540930472314 16.005057674832642 32.495479261036962 24.779172456823289
leaf_count=172 12312 1154 10602 3915 2303 4189 84 1128 96 52 534 4714 130 1172 112
internal_value=-0.000316876 -0.000166674 2.92472e-05 0.000513657 -0.000365079 -0.000963211 -0.000485934 -0.0013723 0.00121546 0.00787318 -0.00175855 -0.0015003 -0.000142638 -0.00172037 -0.000576843
internal_weight=8488.81 7448.25 5958.28 2696.28 3262 1489.98 947.324 1040.55 41.5125 10.7788 542.653 999.04 152.069 846.971 30.7337
internal_count=42669 35093 29132 14517 14615 5961 4273 7576 432 148 1688 7144 1258 5886 284
is_linear=0
shrinkage=0.0224352


Tree=89
num_leaves=16
num_cat=0
split_feature=22 28 12 12 12 32 15 25 32 23 17 23 24 11 4
split_gain=3.26308 1.52722 1.31863 2.17636 1.10086 1.01818 1.01531 0.771237 0.549817 0.933383 2.52247 0.64343 0.387002 0.401627 0.115183
threshold=0.031532277889404103 0.031200000000000037 0.087862549789886127 0.086673689719020397 0.15344461358121952 0.80870712401055422 1.1227154631246055 0.54313271041548539 0.58245382585751992 0.007600373159115382 1.0026966604024754 0.029952536992369553 5.5000000000000009 0.33838508611998253 0.3373754125874468
decision_type=8 10 10 10 10 10 8 10 8 10 10 10 2 10 10
left_child=8 5 3 -3 -4 6 -2 -7 9 10 -1 -11 13 -10 -14
right_child=1 2 4 -5 -6 7 -8 -9 12 11 -12 -13 14 -15 -16
leaf_value=-0.00017846998927987758 -0.00042764271677687418 0.00024718942449485662 -0.00019294213175899047 0.0019004328880237575 0.0005811401890659703 -0.00037170123991539208 5.4698995273517029e-06 -0.0001156072381324321 -0.00080640146870742909 -0.00028931749204408178 0.00070843219797362181 4.6420183751352173e-05 -0.00053598577133910478 0.00022247412884095015 0.00023482937915818031
leaf_weight=18.651753201615069 610.41639041155577 1280.1952188138384 370.53969656443223 13.036666765809057 165.96519629145041 554.66881395038217 3042.6318793122191 854.11502955248579 21.522694229148332 600.84103028289974 10.140432254411278 51.460193816572428 871.15568868815899 9.7771802670322341 13.687383919954298
leaf_count=450 2660 6292 1262 30 856 2135 17089 3316 1136 3452 220 283 3266 186 36
internal_value=-0.000310905 -9.59744e-05 0.000455156 0.000848449 -0.000455768 -0.000299147 -9.53179e-05 -0.000813355 -0.00122549 -0.000688929 0.00308146 -0.000888137 -0.00160208 0.000378665 -0.00169478
internal_weight=8488.81 6891.57 1829.74 1293.23 536.505 5061.83 3653.05 1408.78 1597.24 681.093 28.7922 652.301 916.143 31.2999 884.843
internal_count=42669 33640 8440 6322 2118 25200 19749 5451 9029 4405 670 3735 4624 1322 3302
is_linear=0
shrinkage=0.0224352


Tree=90
num_leaves=16
num_cat=0
split_feature=22 30 26 30 5 38 5 26 9 5 30 28 28 28 31
split_gain=3.12037 1.4024 1.78611 2.84395 1.39425 1.23889 0.802541 0.774896 0.674263 1.78903 1.69998 0.697875 0.289751 0.74215 0.173689
threshold=0.031532277889404103 20.210000000000004 0.41835130792433589 20.060000000000006 -0.054284617310135549 4.5000000000000009 0.26862434119578366 0.39642490970578498 0.28858808376674389 0.10571827333262954 19.250000000000004 -0.068099999999999952 0.061650000000000045 0.069750000000000006 -5.1700000000000008
decision_type=8 10 10 8 8 2 8 10 10 10 10 10 10 10 8
left_child=8 2 4 -4 -2 6 -3 -7 12 11 -11 -10 14 -14 -1
right_child=1 5 3 -5 -6 7 -8 -9 9 10 -12 -13 13 -15 -16
leaf_value=0.00021743059553381119 0.00027937057672304039 -0.00032829301448969157 0.00016676602049506807 0.00095571290481634853 -9.3505259373489029e-05 -0.00040874695854296319 -2.8359859343688718e-05 0.00019663563341381577 0.00013487993983584063 0.00022956092565698823 -0.0010112701802199192 -0.00071173774990187968 0.0013609731949209502 -0.00089759472627794256 -0.00036395833607420715
leaf_weight=17.121370103210211 94.226348728872836 584.10173083841801 2212.0027814130299 102.97741539031267 2613.7062861616723 220.52677903231233 494.27532869577408 569.75222140178084 31.920226191170514 35.091006794013083 20.908605556935072 158.46951695624739 14.245618884451686 39.804096480365843 1279.6759156933986
leaf_count=148 412 1196 12858 720 12679 1009 1460 3306 252 249 94 856 96 344 6990
internal_value=-0.000312217 -0.000101948 8.98174e-05 0.000550344 -0.000296575 -0.000627921 -0.00112281 2.25457e-05 -0.00120669 -4.14293e-05 0.00337798 -0.0011578 -0.00140443 0 -0.00147208
internal_weight=8488.81 6891.57 5022.91 2314.98 2707.93 1868.66 1078.38 790.279 1597.24 246.389 55.9996 190.39 1350.85 54.0497 1296.8
internal_count=42669 33640 26669 13578 13091 6971 2656 4315 9029 1451 343 1108 7578 440 7138
is_linear=0
shrinkage=0.0224352


Tree=91
num_leaves=16
num_cat=0
split_feature=22 30 20 16 7 16 22 12 39 16 12 12 30 16 14
split_gain=3.15746 1.23806 1.47683 1.28011 1.55853 1.20934 1.07962 0.63967 1.46833 1.71009 1.38988 0.537769 0.430326 0.544769 0.198268
threshold=0.031532277889404103 20.900000000000002 0.1032427693229024 0.97113878523363673 0.29191276564934704 1.3272555884974089 0.14168625549760758 0.047474879708240554 3.5000000000000004 1.2426435080831524 0.050405723101253332 0.1180130016205856 16.320000000000004 0.93147520640173087 1.1241764771632521
decision_type=8 10 10 10 10 10 10 10 2 10 10 10 8 10 8
left_child=7 2 5 11 -5 -2 -4 12 10 -10 -9 -3 13 -1 -14
right_child=1 3 6 4 -6 -7 -8 8 9 -11 -12 -13 14 -15 -16
leaf_value=2.8835041873514721e-05 -2.2207771920936851e-06 -0.00074467534040299646 0.00077252491289210058 0.00038659202059092626 -8.8704410770927902e-05 -0.00041595063681042747 -6.5307628274543063e-06 0.00021445680451366762 0.00021416376107521635 -0.00065783213828742482 -0.00041797610028477839 -2.1062917322084201e-05 -0.00024321738087000331 -0.00032007159502396256 -0.00047300979848409556
leaf_weight=119.49709418788552 4452.0822075940669 360.77253565937281 661.40623653540388 108.30022768303752 706.3744031842798 253.06902916869149 259.0093498872593 58.071667857002467 11.018351634964349 9.4268599036149663 501.73602022835985 90.554901950061321 44.006087413057685 117.40669995034114 736.07357548456639
leaf_count=1236 22941 1014 3023 334 3201 1286 1357 259 104 88 2400 484 196 1138 3608
internal_value=-0.000290481 -7.90474e-05 6.03732e-05 -0.00071403 -0.000155595 -9.66305e-05 0.000884149 -0.00118998 -0.000540527 0.00516697 -0.000789088 -0.00167671 -0.00154054 -0.000571588 -0.00180876
internal_weight=8488.81 6891.57 5625.57 1266 814.675 4705.15 920.416 1597.24 580.253 20.4452 559.808 451.327 1016.98 236.904 780.08
internal_count=42669 33640 28607 5033 3535 24227 4380 9029 2851 192 2659 1498 6178 2374 3804
is_linear=0
shrinkage=0.0224352


Tree=92
num_leaves=16
num_cat=0
split_feature=21 21 10 35 30 20 30 5 20 33 11 5 20 35 20
split_gain=2.62826 1.49934 1.49803 1.64462 1.38332 1.08762 0.713132 1.09207 2.41337 0.70099 0.659898 0.673301 0.579999 0.296818 0.19248
threshold=0.017745626267825425 0.018138398225988357 0.24126144713716505 4.7272993153047294 16.775000000000002 0.036230217813876343 15.650000000000002 0.021291886087997956 0.042285014741948186 0.1800505543105109 0.22402869378823684 0.035498049732480393 0.0063981232217367187 5.9717209167710257 0.036787164854300454
decision_type=10 10 8 2 10 10 8 8 10 10 10 10 10 2 10
left_child=6 4 9 -4 5 -2 7 8 -1 -3 13 -12 -9 -8 -6
right_child=1 2 3 -5 14 -7 10 12 -10 -11 11 -13 -14 -15 -16
leaf_value=-0.0008153188417592324 0.0013256280446413784 -0.00024668350666843305 0.00010316028142311381 -0.00014007649643656573 -0.00045057522664492818 0.0013952832497739324 -0.00033862911512939654 0.00010998550351732137 0.0016349847751720354 0.00012869033502896211 -0.00044151920955172718 -6.1481871774503304e-06 -0.00030687004021641938 -0.00013847061181123646 0.0022460756149973579
leaf_weight=12.064566741697492 18.112911742180589 1796.6315334434621 3312.7424407945946 1492.8150080526248 20.080805647186939 11.450897427275775 687.97557742311619 12.874878882430492 9.1155405901372415 121.36892700195312 385.1108447117731 362.71733032492921 177.91352053498849 57.441908128326759 10.388556875288485
leaf_count=196 72 10049 14823 5380 118 78 5546 184 46 524 1936 1665 1720 290 42
internal_value=-0.000280099 -7.89744e-05 -0.000113481 9.44973e-05 0.00342502 0.00683743 -0.00106828 6.29824e-05 0.00490631 -0.000644813 -0.00124213 -0.000723574 -0.000382816 -0.00173486 0
internal_weight=8488.81 6783.59 6723.56 4805.56 60.0332 29.5638 1705.21 211.969 21.1801 1918 1493.25 747.828 190.788 745.417 30.4694
internal_count=42669 31086 30776 20203 310 150 11583 2146 242 10573 9437 3601 1904 5836 160
is_linear=0
shrinkage=0.0224352


Tree=93
num_leaves=14
num_cat=0
split_feature=9 32 18 8 18 7 35 34 35 38 9 8 5
split_gain=2.55694 2.21984 2.32799 3.96822 1.30921 3.29191 1.19601 1.16135 1.91849 1.07668 0.912269 0.230348 0.129757
threshold=0.23516088033167806 0.87137203166226918 -0.037078193794609186 0.23660065670762706 0.071279749716694832 0.19769053014445781 4.1466206942773658 -0.0092787293114214835 6.6879940119818544 4.5000000000000009 0.24155914913591134 0.27402019064896643 -0.054284617310135549
decision_type=8 10 8 10 10 10 2 10 2 2 10 10 8
left_child=4 2 3 -2 7 -6 -4 8 -1 10 -3 -11 -9
right_child=1 9 6 -5 5 -7 -8 12 -10 11 -12 -13 -14
leaf_value=-0.00023683633385285406 0.0013937572384985126 8.5697358854375661e-06 6.9803823635867891e-05 0.00037983377877386706 0.00027580930465960095 -0.00052946037106770363 -7.1373091978262784e-05 -0.00070051732384310294 0.00052496828727364466 0.00053008917903718609 -0.00032057965422356013 -8.068204939611499e-05 -0.0004975859953313701
leaf_weight=1516.5482358988374 61.953990330919623 20.306349843740463 2021.4216115267482 747.82123115379363 10.672785848379137 18.859857363626361 2007.1756873962004 22.040175890550017 21.645077647641301 83.071583308279514 835.67738062143326 401.1201468873769 720.49113460443914
leaf_count=11266 338 50 10737 3308 64 156 8909 74 130 476 2542 2323 2296
internal_value=-0.000271013 -2.95629e-05 0.000190923 0.00128867 -0.000907995 0.00360716 -2.49401e-05 -0.000975989 -0.000603751 -0.000840156 -0.00131819 0 -0.00171938
internal_weight=8488.81 6178.55 4838.37 809.775 2310.26 29.5326 4028.6 2280.72 1538.19 1340.18 855.984 484.192 742.531
internal_count=42669 28683 23292 3646 13986 220 19646 13766 11396 5391 2592 2799 2370
is_linear=0
shrinkage=0.0224352


Tree=94
num_leaves=14
num_cat=0
split_feature=22 9 30 22 35 15 16 27 35 12 12 33 16
split_gain=2.9917 1.33668 1.71172 1.43347 1.28957 1.40088 1.15493 0.947262 1.51584 0.567361 1.06549 0.551027 0.439166
threshold=0.031532277889404103 0.2097662225442409 20.900000000000002 0.031817080951009789 2.1126337779650277 6.6647323810818495 0.97113878523363673 0.21639929800276847 2.6155692814651315 0.047474879708240554 0.050405723101253332 0.13804995635708409 0.85656975184969364
decision_type=8 8 10 8 2 8 10 10 2 10 10 8 8
left_child=4 7 3 -3 5 -1 -4 11 -9 12 -11 -2 -6
right_child=1 2 6 -5 9 -7 -8 8 -10 10 -12 -13 -14
leaf_value=-0.00010423039676056464 -0.00045176647894569814 0.0011313342550278794 -0.00057543853347846946 3.642756212826487e-05 -0.0001247220665496175 0.0039722546315822836 -2.466252416138915e-05 0.00054862772247605055 -0.00026412163304790297 0.00021798493854336562 -0.00035079630340722649 0.0001249419269725672 -0.00048642253406155239
leaf_weight=6.2938441173173461 404.49781532585621 18.27501783054322 437.32378135621548 4942.8444762728177 183.0922876317054 5.8119892771355817 779.58654891327024 11.643125636037437 225.40157672390342 58.700099808163941 519.54067705804482 71.996549603529274 823.79745876742527
leaf_count=120 2169 80 1404 23382 1494 46 3419 74 2222 291 2472 890 4606
internal_value=-0.000286066 -8.01661e-05 2.29137e-05 0.000210991 -0.0011617 0.00571052 -0.000727279 -0.000999852 8.12628e-05 -0.00122859 -0.000609404 -0.00157884 -0.00156395
internal_weight=8488.81 6891.57 6178.03 4961.12 1597.24 12.1058 1216.91 713.539 237.045 1585.13 578.241 476.494 1006.89
internal_count=42669 33640 28285 23462 9029 166 4823 5355 2296 8863 2763 3059 6100
is_linear=0
shrinkage=0.0224352


Tree=95
num_leaves=16
num_cat=0
split_feature=22 20 18 38 22 25 33 33 39 9 18 8 12 15 39
split_gain=3.15619 1.26933 1.03967 1.81244 1.56538 0.922409 1.03985 0.695932 0.642926 1.53279 0.53886 0.359505 0.856404 0.453862 0.158916
threshold=0.033431012619152572 0.092739972954762398 -0.028740548131283735 3.5000000000000004 0.021437224041056174 0.62412911898730961 0.013685864821931461 0.1846732162371312 3.5000000000000004 0.64922641354187594 -0.10263974004466252 0.34272326692027538 0.06880840843795373 0.78883618646979792 1.0000000180025095e-35
decision_type=8 10 8 2 10 8 10 10 2 8 8 10 10 8 2
left_child=2 5 3 4 -1 6 -2 -7 10 -10 -3 13 -13 -4 -5
right_child=1 8 11 14 -6 7 -8 -9 9 -11 -12 12 -14 -15 -16
leaf_value=-1.5490255805646995e-05 -0.000155484278921484 -0.00039900820397943167 1.8388212784238655e-05 0.0014737334249286481 0.0001039619457594184 -0.00018442065328178631 5.5223037494437754e-05 0.00015026908088586988 0.00067396433343417685 0.0015321804042704649 0.00031794501712624674 0.00021328060735840106 -0.00076786622746647054 -0.00040294625207433916 -0.00065180504108683065
leaf_weight=25.439973205327988 770.24007497634739 57.737389398273081 22.399159339256585 14.742677875794469 63.615118226036429 2262.165498952847 2129.7815271513537 128.75451683998108 38.282425872050226 10.654396191239355 1311.406617261935 16.143183545209467 90.525043183937669 1419.2453465145081 127.67229978786781
leaf_count=92 3771 182 122 188 190 13278 8591 556 276 46 5964 114 536 7753 1010
internal_value=-0.000296068 -7.00613e-05 -0.00113658 0.000192085 0.00276642 -0.000232432 3.00844e-05 -0.000559093 0.000521608 0.00309899 0.000413823 -0.00134805 0 -0.00144122 -0.00128293
internal_weight=8488.81 6709.02 1779.78 231.47 89.0551 5290.94 2900.02 2390.92 1418.08 48.9368 1369.14 1548.31 106.668 1441.64 142.415
internal_count=42669 32664 10005 1480 282 26196 12362 13834 6468 322 6146 8525 650 7875 1198
is_linear=0
shrinkage=0.0224352


Tree=96
num_leaves=15
num_cat=0
split_feature=11 30 35 17 12 24 38 35 19 35 17 12 35 35
split_gain=2.35679 1.8144 1.52149 1.59055 1.16588 1.0038 0.787311 0.67997 0.650011 0.639092 0.567015 0.38808 0.326556 0.269428
threshold=0.20495028499842771 20.900000000000002 4.7140245868783763 1.3078344720807569 0.081452190655233736 10.500000000000002 4.5000000000000009 6.3228127841107815 0.051109599393065606 5.9717209167710257 0.96393462061300195 0.01482659355613652 4.5517166527346555 4.1766922917909666
decision_type=8 10 2 10 10 2 2 2 10 2 10 10 2 2
left_child=5 2 3 -2 -4 8 7 -3 12 13 -8 -10 -1 -7
right_child=1 6 4 -5 -6 9 10 -9 11 -11 -12 -13 -14 -15
leaf_value=-0.00051343255033386743 3.4681202323106526e-05 -0.00032462295755603652 -1.5142728197618963e-05 0.0004459927754791448 -0.00021757873271519202 -0.00020737091712659181 0.00016859332692691916 1.2419108581652422e-05 0.0014591226645693255 0.00012827264303668382 -0.00059011394444922344 0.00010230284922459788 -3.0526302404415574e-05 -0.00044000223229868831
leaf_weight=258.91587074287236 3015.731965113664 814.0780304223299 1294.2420109689701 568.13653893768787 476.46714557800442 410.13249516487122 360.63640840724111 32.316249817609787 8.5018673669546825 52.047492921352386 157.64475177973509 195.95374150760472 201.40433363197371 642.5963459610939
leaf_count=3090 16788 2692 6413 2280 1184 746 2147 76 132 98 772 2633 2438 1180
internal_value=-0.000285661 -9.05383e-05 9.22697e-05 0.000361143 -0.00044065 -0.0010151 -0.000822138 -0.00124594 -0.000287879 -0.00143437 -9.11734e-05 0.000714146 -0.000776365 -0.00156111
internal_weight=8488.81 6719.25 5354.58 3583.87 1770.71 1769.55 1364.68 846.394 664.776 1104.78 518.281 204.456 460.32 1052.73
internal_count=42669 32352 26665 19068 7597 10317 5687 2768 8293 2024 2919 2765 5528 1926
is_linear=0
shrinkage=0.0224352


Tree=97
num_leaves=14
num_cat=0
split_feature=19 26 33 9 19 5 5 9 1 5 18 16 26
split_gain=2.70413 1.65569 2.0496 1.59741 1.28751 2.00398 1.30738 1.62296 1.20282 0.736832 1.15773 0.739452 0.450329
threshold=0.04783285320153783 0.34844303615243305 0.013685864821931461 0.44626040515393095 0.048161243375647929 0.10501186691619922 0.21087020276894733 0.60535010086175489 0.091677489177489191 0.0028078146821332328 0.022891665645701113 0.93665645463001035 0.55691575946268146
decision_type=10 8 10 10 10 8 8 8 2 8 8 8 10
left_child=1 9 12 -4 5 -2 8 -8 -6 10 -1 -11 -3
right_child=4 2 3 -5 6 -7 7 -9 -10 11 -12 -13 -14
leaf_value=-0.00039745254065939086 0.0027084086689228028 -0.00050121897531920615 2.0439460236302846e-05 0.0013340506151546068 -0.00031511487427607061 -0.0011129512773884415 5.1362828554017355e-05 0.0014877996140466162 -4.7093241025163923e-06 -0.00019818605514332035 0.0012246799473553953 -0.00038660465790140466 -0.00031798915807116149
leaf_weight=77.540859636384994 18.202417001128197 399.57684240397066 1222.773041122593 40.277398538775742 702.95256682578474 17.201963653787971 1985.7437334503047 77.336732442490757 1963.9631877788343 607.91395057737827 44.461523929145187 1081.7501677132677 249.11086324811913
leaf_count=440 56 2773 7230 180 3715 104 10310 558 7557 3006 274 4656 1810
internal_value=-0.000305112 -0.00075838 -0.000284145 0.000229025 4.49194e-05 0.00427724 8.56792e-06 0.000436651 -0.000315161 -0.00124762 0.000306909 -0.00137168 -0.00131332
internal_weight=8488.81 3723.4 1911.74 1263.05 4765.4 35.4044 4730 2063.08 2666.92 1811.67 122.002 1689.66 648.688
internal_count=42669 20369 11993 7410 22300 160 22140 10868 11272 8376 714 7662 4583
is_linear=0
shrinkage=0.0224352


Tree=98
num_leaves=16
num_cat=0
split_feature=22 30 9 15 38 10 8 12 16 30 16 22 16 23 6
split_gain=3.02474 1.23857 1.63011 1.31746 0.994414 0.728277 2.20171 3.18471 0.833396 1.02469 0.787853 0.615652 0.288658 0.0994856 0.0948643
threshold=0.033431012619152572 20.900000000000002 0.18308875699766039 1.208399790577986 4.5000000000000009 0.2920172517313197 0.20776595721077776 0.047886081608923804 0.93147520640173087 17.205000000000002 1.2759984341556747 0.036910889328498557 0.97113878523363673 0.010441451650395119 1.8250317362284154
decision_type=8 10 8 8 2 10 10 10 8 8 10 8 10 10 10
left_child=5 2 14 -4 12 8 7 -7 9 -1 -8 -6 -3 -10 -2
right_child=1 4 3 -5 11 6 10 -9 13 -11 -12 -13 -14 -15 -16
leaf_value=2.4170036908843134e-06 -0.00058405534903404818 -0.00065546275713148088 -0.00014877346788082097 9.5293168501803734e-05 0.00027381620112355457 -0.00097206881359490356 4.8228978699720991e-07 0.00080970400012016165 -0.00064761796899371726 -0.00062305304199192669 -0.00049458118344980657 -4.4354310227769393e-05 -6.6306260950506509e-05 -0.00041813331850159961 0.00016195960523241034
leaf_weight=335.91614722460508 208.7316792360507 258.67425385117531 1262.7554368334822 3997.7951654731296 23.297594269737601 10.55659803748131 264.45118491398171 10.289762401953338 70.983514765743166 221.97747012134641 157.66522102290764 473.79975510761142 476.16179849207401 707.94290318991989 7.806763380765914
leaf_count=2045 2330 364 5029 20406 146 76 1400 56 1054 1274 904 2599 1766 3196 24
internal_value=-0.000303626 -8.22688e-05 5.89733e-05 0.00014109 -0.000726103 -0.00112662 -0.000280097 0.00666299 -0.00139204 -0.00067229 -0.000677857 9.93141e-06 -0.00125069 -0.00188125 -0.00183991
internal_weight=8488.81 6709.02 5477.09 5260.55 1231.93 1779.78 442.963 20.8464 1336.82 557.894 422.116 497.097 734.836 778.926 216.538
internal_count=42669 32664 27789 25435 4875 10005 2436 132 7569 3319 2304 2745 2130 4250 2354
is_linear=0
shrinkage=0.0224352


Tree=99
num_leaves=15
num_cat=0
split_feature=21 21 24 34 19 34 34 35 31 31 38 11 18 34
split_gain=2.44804 1.51156 1.42385 1.36967 1.62318 0.825961 1.52449 1.39689 0.731768 0.553566 0.456965 0.711929 0.400083 0.134396
threshold=0.017745626267825425 0.018138398225988357 11.500000000000002 0.02937751797404187 0.14236498212524437 -0.0093832772571880146 -0.013708229631688105 3.6671446682225821 11.825000000000001 -1.1900000000000002 10.500000000000002 0.22504545015262317 -0.001901519407670915 0.068340077517959688
decision_type=10 10 2 10 10 8 10 2 10 10 2 10 10 10
left_child=5 2 12 4 -3 6 9 -8 -5 -1 13 -12 -2 -7
right_child=1 3 -4 8 -6 10 7 -9 -10 -11 11 -13 -14 -15
leaf_value=-9.3913302811772114e-06 0.0013526768390237785 -2.249707033722218e-05 0.0013026104731831544 -0.00039041757059196815 0.00066370560367907472 -0.00058058144347079225 0.00019636206574751667 7.6957674026862782e-06 0.00015386871754874369 -0.00021051862215262215 -0.00026881782195124787 0.00033515084181047689 -6.7146501260594349e-05 -0.00037381229770320188
leaf_weight=236.89542683819309 16.173743832856417 5701.1530544343404 17.484476804733276 459.54265403188765 470.3606128692627 662.98083842266351 36.317764595150948 118.98677808046341 92.501587957143784 518.58038673736155 51.564559798687696 40.563509048894048 26.374951054342091 39.324903815984726
leaf_count=1170 96 26225 24 2050 1837 5126 84 316 664 4353 136 106 190 292
internal_value=-0.000286362 -9.20949e-05 0.00342502 -0.000126719 -2.76038e-05 -0.00104727 -0.00055157 0.0014181 -0.00119772 -0.000983468 -0.00158983 0 0.000656345 -0.00178498
internal_weight=8488.81 6783.59 60.0332 6723.56 6171.51 1705.21 910.78 155.305 552.044 755.476 794.434 92.1281 42.5487 702.306
internal_count=42669 31086 310 30776 28062 11583 5923 400 2714 5523 5660 242 286 5418
is_linear=0
shrinkage=0.0224352


Tree=100
num_leaves=16
num_cat=0
split_feature=9 30 26 27 10 9 8 20 11 31 8 25 10 11 27
split_gain=2.52008 2.01087 2.02269 2.08834 1.17236 1.02749 1.30896 2.51949 1.28712 0.757563 1.27815 0.549264 0.345371 0.509016 0.299219
threshold=0.27179567982897196 20.900000000000002 0.41307225082740173 0.28950417111909038 0.18860749743687885 0.17623526274960338 0.18254737890332587 0.0063981232217367187 0.13188909059913245 7.7400000000000011 0.27402019064896643 0.76034193782320603 0.27536737811796719 0.23613962441891401 1.0000000180025095e-35
decision_type=8 10 10 10 8 10 10 10 10 10 10 10 10 8 10
left_child=5 2 4 -4 -2 12 7 -7 -8 11 -11 -3 14 -14 -1
right_child=1 9 3 -5 -6 6 8 -9 -10 10 -12 -13 13 -15 -16
leaf_value=7.4406095910533319e-05 0.00019195663565824324 -0.00032456681730086689 0.00074082693627219572 3.2255529950145448e-06 -7.8126735864498422e-05 0.00014890643955192711 0.00012330305335591212 3.8255562852905416e-06 -0.00019688396327738287 0.0015303757364334861 -0.00019306516392134901 -1.4865021889341232e-05 0.0002086303908284423 -0.0011857619581202216 -0.00046164888924811438
leaf_weight=8.3105311668477935 80.877346346154809 400.91419091820717 946.59627360547893 1014.5099397024605 1752.2116486164741 8.7350832764059287 12.335560932755468 426.36591959185898 2588.6511901114136 23.271565437316895 513.06448890268803 181.05826224572957 4.6908637406304452 11.115055157337338 516.09732857020572
leaf_count=150 434 1044 4575 4786 8208 52 30 3064 12379 54 3077 450 102 138 4126
internal_value=-0.00027259 5.34823e-05 0.000303696 0.000806649 -0.000223621 -0.000725991 -0.00055544 0.000557111 -0.000749264 -0.000777426 -0.000127239 -0.00134186 -0.00164629 0.000864715 -0.00176062
internal_weight=8488.81 4912.5 3794.2 1961.11 1833.09 3576.3 3036.09 435.101 2600.99 1118.31 536.336 581.972 540.214 15.8059 524.408
internal_count=42669 22628 18003 9361 8642 20041 15525 3116 12409 4625 3131 1494 4516 240 4276
is_linear=0
shrinkage=0.0224352


Tree=101
num_leaves=16
num_cat=0
split_feature=9 34 15 27 34 16 10 10 11 0 21 34 16 16 23
split_gain=2.59343 1.97977 1.61541 2.33242 1.05335 0.908597 0.926758 0.847189 1.14047 0.595254 0.586987 0.790011 0.736832 0.309312 0.189321
threshold=0.27179567982897196 0.0051423744002194747 1.208399790577986 0.11309000437321065 -0.047576253429433384 0.98733476260175235 0.25581344575325937 0.16570788064580413 0.14881511913827719 0.30062500000000003 0.036028688801798305 0.02937751797404187 1.2759984341556747 0.82185620139720383 0.049524812388130786
decision_type=8 8 10 10 10 10 10 10 10 2 10 10 10 10 10
left_child=4 2 9 -4 5 6 -1 13 -9 -2 12 -12 -3 -6 -7
right_child=1 10 3 -5 7 14 -8 8 -10 -11 11 -13 -14 -15 -16
leaf_value=6.2705146011737272e-07 0.00099391371412727286 -0.00040796418310627241 -3.1976889461601283e-05 0.00034868593350049766 -7.8944657666098984e-05 -0.00033475656143936718 0.00044619500673234334 0.00054365741178758311 -0.000198452681864498 -0.00017124460964969239 7.7953097460225481e-06 -0.00024225584389570503 -9.8727438916477977e-06 -0.00056001390693508134 -1.7117916826557658e-05
leaf_weight=462.35999924968928 48.473038764670491 432.53228140762076 678.07208388717845 1545.165341403801 159.9352028183639 141.0161407594569 59.233345752581954 26.741795918904245 2182.1441494366154 952.44888487132266 724.15752473473549 324.73642493411899 206.91813577106223 496.33565389644355 48.53524471540004
leaf_count=4946 226 2930 3108 8114 838 2688 630 90 7895 4039 1613 1334 1264 1620 1334
internal_value=-0.000282622 4.81859e-05 0.000377806 0.000717719 -0.000742524 2.88396e-06 0.000513931 -0.000934438 -0.000707991 -0.000357342 -0.000569431 -0.000218674 -0.00111308 -0.00166519 -0.00129636
internal_weight=8488.81 4912.5 3224.16 2223.24 3576.3 711.145 521.593 2865.16 2208.89 1000.92 1688.34 1048.89 639.45 656.271 189.551
internal_count=42669 22628 15487 11222 20041 9598 5576 10443 7985 4265 7141 2947 4194 2458 4022
is_linear=0
shrinkage=0.0224352


Tree=102
num_leaves=16
num_cat=0
split_feature=28 16 17 31 34 11 15 16 18 16 12 31 27 17 24
split_gain=2.195 2.71016 2.20321 5.35167 1.37609 1.60237 2.71256 1.34339 1.18749 0.985961 0.8763 0.733223 0.582038 0.544946 0.135255
threshold=0.031200000000000037 1.0308114502089327 1.2980878206365289 1.9900000000000013 0.008023788977722714 0.36297652767789684 1.1828697450123917 0.93147520640173087 0.054799629117294309 0.99578194278198673 0.070030044236613839 -1.9049999999999991 0.20288280632943329 1.3964061474538647 9.5000000000000018
decision_type=10 10 8 10 10 10 10 10 10 10 10 10 10 10 2
left_child=4 2 10 -4 5 7 -7 -1 11 14 -2 -3 -10 -11 -6
right_child=1 8 3 -5 9 6 -8 -9 12 13 -12 -13 -14 -15 -16
leaf_value=-7.1031912527030637e-06 0.00036945619847391091 0.0021905832525165305 -1.2670331474172286e-05 0.0011275280255782748 -0.00035655625650683721 -0.00019569239293273748 0.00052609011408738223 -0.00024683241410594745 -0.00087251770298956864 -0.00025603035643572699 -0.00010567000197149816 -0.00017291685749373805 0.0009171700461241565 3.3746843186929777e-06 -0.00061475824675745602
leaf_weight=1925.869930392364 633.34544674307108 30.679511420428753 86.211677586426958 97.483440537005663 51.36151609569788 594.5735514909029 574.28658131230623 1987.0946754496545 27.702590995933861 785.88975002616644 228.81177223380655 830.07203597156331 106.60674826335162 86.310492783784866 442.50552701950073
leaf_count=13328 3765 376 852 264 432 2611 2695 10059 100 2751 948 3230 302 246 710
internal_value=-0.00027302 0.000362643 0.00116528 0.00341927 -0.000477318 -0.000301938 0.000417448 -0.000521934 -0.000461175 -0.00111483 0.000660213 -0.000782568 0.00144618 -0.000626426 -0.0019356
internal_weight=8488.81 2040.91 1045.85 183.695 6447.89 5081.82 1168.86 3912.96 995.061 1366.07 862.157 860.752 134.309 872.2 493.867
internal_count=42669 9837 5829 1116 32832 28693 5306 23387 4008 4139 4713 3606 402 2997 1142
is_linear=0
shrinkage=0.0224352


Tree=103
num_leaves=15
num_cat=0
split_feature=11 34 16 8 5 5 34 35 27 1 16 27 34 31
split_gain=2.24598 2.00865 1.75888 1.65427 1.00626 1.43437 0.978835 0.893643 0.69303 1.03286 0.614005 0.52391 0.239457 0.182241
threshold=0.20495028499842771 0.0051423744002194747 1.3020365151883875 0.18163677182291674 0.16339256771806362 0.16743009872092218 -0.041674193073443493 6.6879940119818544 0.03448080179159025 0.079973684210526336 1.2759984341556747 0.068679489001991292 -0.00088008155206426009 -5.594999999999998
decision_type=8 10 10 8 8 8 10 2 10 2 10 8 8 10
left_child=6 2 3 -2 10 -6 8 11 9 -1 -3 -8 -4 -10
right_child=1 4 12 -5 5 -7 7 -9 13 -11 -12 -13 -14 -15
leaf_value=-2.8089233885287478e-05 0.00027596417168937812 -0.00025859869210977684 -0.00051583490522719079 2.3914562556473103e-05 0.0010956019433284825 -5.0727691006155647e-05 -8.2965426814281823e-05 0.00011387737966306994 0.00026988839143790995 0.00050787726823802544 -1.317768718243407e-05 -0.00038355371073391743 -1.8220206617229394e-05 -0.00033135386335473471
leaf_weight=47.093792903237045 57.789189335890114 545.03098480030894 243.21030048374087 4433.9593202252872 25.502017050981522 1195.0208193734288 403.72801032569259 17.475213721394539 27.516865359153599 28.54108129767701 176.25997699424624 877.2295989561826 42.480492761358619 367.96758473338559
leaf_count=634 486 1206 912 24353 70 4019 1106 56 1210 395 800 2786 506 4130
internal_value=-0.000322117 -0.000131413 0.000112297 0.000224812 -0.000741113 -0.000326838 -0.00103476 -0.00135419 -0.000111734 0.00179141 -0.00141385 -0.00143442 -0.00158444 -0.000527777
internal_weight=8488.81 6719.25 4777.44 4491.75 1941.81 1220.52 1769.55 1298.43 471.119 75.6349 721.291 1280.96 285.691 395.484
internal_count=42669 32352 26257 24839 6095 4089 10317 3948 6369 1029 2006 3892 1418 5340
is_linear=0
shrinkage=0.0224352


Tree=104
num_leaves=16
num_cat=0
split_feature=26 31 18 30 38 30 35 34 8 26 8 35 19 26 38
split_gain=2.19321 2.43878 2.1406 4.42622 1.61801 1.49861 1.37609 1.34274 1.05696 1.14825 0.960125 0.60796 0.580169 0.757319 0.313173
threshold=0.41307225082740173 2.7600000000000011 -0.037078193794609186 17.915000000000003 4.5000000000000009 19.330000000000002 2.5263282845959973 -0.008820221025115425 0.23113081615089295 0.32786477448821472 0.23968789384110292 3.2536636316980734 0.054748523287182681 0.30015580598399177 4.5000000000000009
decision_type=10 10 10 8 2 10 2 8 10 8 10 2 8 10 2
left_child=7 2 3 -2 6 -4 -3 8 9 -1 -10 -6 14 -14 -9
right_child=1 4 5 -5 11 -7 -8 12 10 -11 -12 -13 13 -15 -16
leaf_value=-0.00028471126858398599 0.0005052522807570607 0.0012131211386154988 0.00022068128790173131 0.001746155115315054 0.00082797078045001996 -0.00011985852542422501 -0.00024183119858647473 -0.00056920976665942322 0.00054314317462291547 9.2989415597251319e-06 -1.5987221689077328e-05 -1.8512528719607194e-05 2.1708057090124684e-05 -0.00051631425246711192 -0.00031015860045947657
leaf_weight=957.3245183378458 276.72675857366994 36.622996985912323 1560.1177729461342 127.28979136561975 128.93695599772036 321.06239397078753 989.28679441660643 521.56561215221882 124.35982098057866 431.61534088943154 1398.0773268048652 593.48931695707142 313.83159950748086 262.46460239775479 446.03364603826776
leaf_count=4434 1348 140 9366 1094 1097 1464 3190 1670 647 2316 6235 4536 2062 1052 2018
internal_value=-0.000308246 6.63005e-05 0.000553165 0.00203994 -0.000558677 0.000222813 -0.00113461 -0.000651766 -0.000358201 -0.000806363 3.77521e-05 0.000231943 -0.00119217 -0.000571261 -0.00154095
internal_weight=8488.81 4033.53 2285.2 404.017 1748.34 1881.18 1025.91 4455.27 2911.38 1388.94 1522.44 722.426 1543.9 576.296 967.599
internal_count=42669 22235 13272 2442 8963 10830 3330 20434 13632 6750 6882 5633 6802 3114 3688
is_linear=0
shrinkage=0.0224352


Tree=105
num_leaves=16
num_cat=0
split_feature=19 26 34 34 32 28 17 34 38 28 31 38 32 28 17
split_gain=2.57703 1.86806 1.86356 2.14747 1.13565 1.24367 1.25705 0.889451 0.830908 0.576728 1.70479 0.776388 0.453177 1.08595 0.512543
threshold=0.051109599393065606 0.34844303615243305 -0.008820221025115425 -0.0093832772571880146 0.87137203166226918 0.030249999999999975 1.2980878206365289 0.024975376640012262 4.5000000000000009 -0.027050000000000015 4.0300000000000011 4.5000000000000009 0.49538258575197897 -0.029150000000000006 0.51084925299586836
decision_type=10 8 8 10 10 10 8 10 2 8 10 2 8 8 8
left_child=1 12 3 -3 5 7 -7 -2 -4 10 -6 -11 13 -1 -14
right_child=4 2 8 -5 9 6 -8 -9 -10 11 -12 -13 14 -15 -16
leaf_value=2.3702769820450971e-05 1.326589382426293e-05 1.5807800456530238e-05 -0.00032987648623834418 0.00045303281601339143 0.0024311054853687077 0.00031954531380792882 0.00063416308960970245 -0.0005327581095715886 -1.2473233476897955e-06 -0.00015254134621239563 -0.00020898328909040609 -1.5553614635015008e-05 0.00080484807761090375 -0.00021149863221257251 -0.00038039237197770939
leaf_weight=65.230049603618681 2423.8286910592578 964.95052642421797 667.63252764591016 80.577043771743774 15.95047467947006 848.39215642912313 222.33518811454996 140.35676504299045 396.68038252322003 425.82791958749294 112.38003106229007 262.42441145516932 36.489113396033645 479.61397635284811 1346.1359911740292
leaf_count=506 12231 8051 3078 144 38 4080 860 400 1868 1034 718 1305 152 2842 5362
internal_value=-0.000325447 -0.000736152 -0.000262763 0.000396647 4.2624e-05 0.000216685 0.000859662 -4.41765e-05 -0.000929072 -0.000707506 0.000577324 -0.000976182 -0.00124381 -0.000628384 -0.00147163
internal_weight=8488.81 4037.31 2109.84 1045.53 4451.5 3634.91 1070.73 2564.19 1064.31 816.583 128.331 688.252 1927.47 544.844 1382.63
internal_count=42669 22003 13141 8195 20666 17571 4940 12631 4946 3095 756 2339 8862 3348 5514
is_linear=0
shrinkage=0.0224352


Tree=106
num_leaves=15
num_cat=0
split_feature=21 21 26 30 34 34 8 34 34 12 39 5 4 31
split_gain=2.23027 1.54857 1.4992 2.05215 1.40817 2.97141 1.33157 0.829771 1.51814 1.20182 0.544844 0.237822 0.171979 0.129353
threshold=0.017745626267825425 0.018138398225988357 0.3318515017407741 20.900000000000002 -0.0092787293114214835 -0.024377396855950414 0.23113081615089295 -0.0093832772571880146 -0.013708229631688105 0.054638209753752352 2.5000000000000004 -0.13734806100122651 0.23054149003411298 1.7750000000000006
decision_type=10 10 8 10 10 10 10 8 10 8 2 8 10 8
left_child=7 4 6 -4 5 -2 -3 8 10 -10 -1 13 -13 -9
right_child=1 2 3 -5 -6 -7 -8 11 9 -11 -12 12 -14 -15
leaf_value=-0.00025952713525380394 0.0013086568304637926 -0.00043167669876006259 9.1777922886959439e-05 -0.00010282737907287197 -3.4655113613475127e-05 0.0012705223883044197 -1.1828663420030814e-05 0.0012498113684447578 -2.2296299986805411e-05 0.00022267023336829109 -8.0512741122882112e-07 -0.00043463113741473632 9.5564882709866916e-06 -0.00095878075591152316
leaf_weight=506.34312244597822 20.129731395281851 739.30882897973061 3719.8534165793099 1125.80435324274 25.29100027680397 14.612440019845961 1138.5913104908541 4.5428269803524 96.110202237963676 59.194340437650681 249.13269112957641 764.32414040667936 19.951147124171257 5.6156965750269592
leaf_count=4069 194 3236 18689 4505 80 36 4346 20 270 130 1454 5478 54 108
internal_value=-0.000317261 -0.000131545 -0.000166521 3.81707e-05 0.00342502 0.00634356 -0.000705141 -0.00104415 -0.000547505 0.0014181 -0.000978568 -0.00158779 -0.00164309 0.000691927
internal_weight=8488.81 6783.59 6723.56 4845.66 60.0332 34.7422 1877.9 1705.21 910.78 155.305 755.476 794.434 784.275 10.1585
internal_count=42669 31086 30776 23194 310 230 7582 11583 5923 400 5523 5660 5532 128
is_linear=0
shrinkage=0.0224352


Tree=107
num_leaves=16
num_cat=0
split_feature=22 33 28 26 33 23 10 8 17 23 34 34 28 28 33
split_gain=2.55387 1.41939 2.12263 1.9838 1.66059 1.25246 1.0353 4.22639 2.36673 1.29334 0.81595 0.61495 0.50476 1.46976 0.655746
threshold=0.043134923335309897 0.057022789797795743 0.033599999999999998 0.45625887373944007 0.066377291611722025 0.16433974770740906 0.24888980681614606 0.18163677182291674 1.1232162529085559 0.043818359650770002 0.011166194867091918 -0.049773918280413769 0.061650000000000045 0.069750000000000006 0.063682708209290798
decision_type=10 8 8 10 10 10 10 10 10 10 10 8 10 10 10
left_child=6 2 10 11 -5 -4 12 8 -8 -9 -2 -3 14 -14 -1
right_child=1 3 5 4 -6 -7 7 9 -10 -11 -12 -13 13 -15 -16
leaf_value=-0.00030894659566093122 -5.9511391874136751e-05 0.00031640235673237538 7.5802546821485286e-05 0.0014140912520500767 0.00033353984259759721 0.002887819342531032 0.00026240810003142395 -0.00019156444001539841 -0.00065372094696651052 0.00042561717716667644 -0.00027709078702249179 -7.2856982700571154e-05 0.0012420179134852941 -0.00095202730572304631 -0.00019432102902019015
leaf_weight=1212.9776354141068 2026.1357357427478 148.48759356606752 1275.3360305707902 213.1709987600334 376.35861488617957 24.54496552515775 23.40675695380196 1127.5835792464204 9.3796266489662212 41.101162819191813 710.32181920297444 799.89595858659595 13.979538371786473 30.247954913647845 455.87727711349726
leaf_count=6635 8026 2108 4526 1212 3508 122 140 5765 80 230 1916 4310 102 427 3562
internal_value=-0.00031121 -2.61201e-05 -0.000250497 0.000549737 0.00157266 0.000487407 -0.000849539 -0.000321581 0.00751767 -0.000561779 -0.000608305 -6.57044e-05 -0.00120801 0.000901154 -0.00127608
internal_weight=8488.81 5574.25 4036.34 1537.91 589.53 1299.88 2914.55 1201.47 32.7864 1168.68 2736.46 948.384 1713.08 44.2275 1668.85
internal_count=42669 25728 14590 11138 4720 4648 16941 6215 220 5995 9942 6418 10726 529 10197
is_linear=0
shrinkage=0.0224352


Tree=108
num_leaves=15
num_cat=0
split_feature=22 34 18 34 9 27 34 8 38 31 33 18 21 4
split_gain=2.39703 1.13969 2.25476 2.42953 1.06088 1.2259 1.08215 0.759278 0.636105 0.550776 0.501337 0.866715 0.193206 0.118145
threshold=0.033431012619152572 -0.0093832772571880146 -0.028740548131283735 -0.01348517463365617 0.18308875699766039 0.52839254961456472 0.02937751797404187 0.3474694123633269 4.5000000000000009 9.5650000000000031 0.065138793395551856 -0.0038666921285964713 0.0068617728574556528 0.20559510784262794
decision_type=8 8 10 10 8 10 10 10 2 10 10 10 10 10
left_child=1 2 3 -1 9 6 -6 -4 -7 13 12 -12 -3 -2
right_child=4 10 7 -5 5 8 -8 -9 -10 -11 11 -13 -14 -15
leaf_value=9.3697479794278452e-05 -0.00053423113599477092 -4.2885318908052987e-05 -0.0002123636722105091 4.8164895916017611e-05 2.4365050424332419e-05 -0.00024850457152214279 -0.00031062509770713907 0.00012446704168046416 -6.5984201614618371e-06 0.00011367960994740944 0.0007585794234027187 -0.00066453645711092937 -0.00045516654927080978 0.000172813112814631
leaf_weight=80.509615282528102 216.16672434983775 72.220326605252922 844.1014939812012 25.229726001620293 5071.8061719711404 704.94618850876577 260.37505774013698 29.759994764812291 440.95094437990338 9.3008766174316388 14.695257360115646 30.757460543885827 682.50892713852227 5.4764830768108359
leaf_count=736 2392 1122 5497 70 23418 2794 892 204 3128 24 64 196 2116 16
internal_value=-0.00026569 -0.000998366 -0.000456353 0.00258438 -6.82997e-05 -1.18783e-05 0.00012808 -0.000848347 -0.00068024 -0.00156147 -0.00163636 0.000304515 -0.00177969 -0.001846
internal_weight=8488.81 1779.78 979.601 105.739 6709.02 6478.08 5332.18 873.861 1145.9 230.944 800.182 45.4527 754.729 221.643
internal_count=42669 10005 6507 806 32664 30232 24310 5701 5922 2432 3498 260 3238 2408
is_linear=0
shrinkage=0.0224352


Tree=109
num_leaves=16
num_cat=0
split_feature=20 30 26 11 16 28 28 16 8 8 10 16 16 33 30
split_gain=2.20483 1.47807 2.02941 1.58012 1.45092 1.29031 2.27508 1.43317 1.20505 0.704193 1.67699 0.702432 0.742048 0.664581 0.179784
threshold=0.092739972954762398 20.900000000000002 0.24319379696760243 0.2330325445679263 0.92991391785609145 0.015900000000000015 0.020999999999999939 1.0715388189212909 0.32758818019556724 0.53284020308833202 0.51548441976867398 0.97113878523363673 1.0279045638302409 -0.079361202065951361 26.445000000000004
decision_type=10 8 8 10 10 10 10 10 10 8 10 8 8 10 10
left_child=1 2 3 -1 -4 9 8 -8 -7 10 -2 13 -13 -3 -11
right_child=5 11 4 -5 -6 6 7 -9 -10 14 -12 12 -14 -15 -16
leaf_value=-0.00038651315882634032 -0.00013563672517244037 0.00011090103163837682 6.0037828125758175e-05 -4.1923176482088863e-05 -6.7676909285623447e-05 0.0011744917223963699 0.0012564147719654911 -0.00012356213213425083 0.00060819129114821611 -0.00026692965518282559 0.0012349917839044903 3.2849665579017593e-06 -0.00022301953716477509 -0.00065829900659861965 9.7871942065384346e-05
leaf_weight=632.73455808591098 462.75371512630954 40.771880924701691 1506.8438522773795 586.747640743386 2859.4591948711313 41.810544569510967 428.0806685667485 184.39407734991983 25.485951310954988 132.52951504103839 113.55649063223973 142.97061029542238 857.0777727025561 444.11890969797969 29.469866126775742
leaf_count=3078 2334 276 10401 2546 12469 226 2004 694 110 476 422 348 5793 1290 202
internal_value=-0.000260914 -0.000424418 -0.00025243 -0.00106177 -2.1735e-05 0.000540185 0.00124718 0.000776365 0.00519989 -8.42781e-05 0.00025441 -0.00105768 -0.000684412 -0.00178499 -0.00140835
internal_weight=8488.81 7070.72 5585.79 1219.48 4366.3 1418.08 679.771 612.475 67.2965 738.31 576.31 1484.94 1000.05 484.891 161.999
internal_count=42669 36201 28494 5624 22870 6468 3034 2698 336 3434 2756 7707 6141 1566 678
is_linear=0
shrinkage=0.0224352


Tree=110
num_leaves=16
num_cat=0
split_feature=22 35 10 27 11 12 30 34 28 34 17 12 10 11 33
split_gain=2.31465 1.32821 1.55243 1.75447 1.26203 3.84154 1.02143 1.01817 2.28702 1.01716 0.866313 0.572376 0.50578 1.96566 0.18208
threshold=0.031532277889404103 4.8999271471549797 0.24763070153631392 0.43935218669672987 0.13676586447838393 0.046893745768293797 16.895000000000003 -0.01671654375609288 0.00925000000000001 -0.041435903810256462 0.68472666404313032 0.045273910413874234 0.2936304395691221 0.24675585020920865 0.1846732162371312
decision_type=8 2 10 8 10 10 8 8 10 8 10 10 10 10 10
left_child=6 2 9 -4 5 -3 7 11 -9 -2 -6 -1 14 -14 -8
right_child=1 4 3 -5 10 -7 12 8 -10 -11 -12 -13 13 -15 -16
leaf_value=-0.00023081539391359935 7.6250808535640956e-05 2.1203435395580389e-05 0.00025462731246170153 -0.00014105792247850457 2.7211648279024688e-05 9.6455380219654505e-05 -0.00049082271633860825 -0.00020608089453018615 5.0402845022090512e-05 -0.00016202969463391555 -0.00020909274090039968 1.1653434149530938e-05 0.00077477921236443514 -0.00016695325932661212 1.2709115599282435e-05
leaf_weight=286.13256010087207 354.26280557503924 85.213830897118896 2439.0124403005466 1009.1874126475304 270.10178781393915 7.8746068277396253 627.85356074851006 129.33833878254518 74.171980506274849 1092.6857368955389 1633.2302707047202 191.45053016580641 13.448203881271182 252.41371465148404 22.427467823028564
leaf_count=2452 4220 954 10208 5107 1328 30 3188 698 368 5322 6471 887 56 1284 96
internal_value=-0.000270957 -8.94147e-05 0.000106078 0.000368225 -0.000578609 0.00190826 -0.00104153 -0.000344875 0.000934557 -0.000504818 -0.000711168 -0.000932065 -0.00153727 -0.00059662 -0.00189052
internal_weight=8488.81 6891.57 4895.15 3448.2 1996.42 93.0884 1597.24 681.093 203.51 1446.95 1903.33 477.583 916.143 265.862 650.281
internal_count=42669 33640 24857 15315 8783 984 9029 4405 1066 9542 7799 3339 4624 1340 3284
is_linear=0
shrinkage=0.0224352


Tree=111
num_leaves=16
num_cat=0
split_feature=22 34 34 26 26 27 5 11 11 12 33 35 35 35 21
split_gain=2.19752 1.44655 2.39073 3.25687 1.29466 1.37065 1.30625 0.978958 2.13507 0.944309 0.84748 0.810164 0.246435 0.837809 0.183516
threshold=0.033431012619152572 -0.0093832772571880146 -0.01147747068267879 0.28696716964317431 0.37437219531041038 0.51768893377187164 0.047363978234367839 0.2164877059813278 0.28273668155195025 0.047886081608923804 0.1800505543105109 3.5335405579908881 2.9207392582057499 2.8624865136136148 0.0068617728574556528
decision_type=8 8 10 8 8 10 8 10 10 10 10 2 2 2 10
left_child=1 2 9 -4 7 6 -6 10 -9 -1 -2 -7 13 -3 -14
right_child=4 12 3 -5 5 11 -8 8 -10 -11 -12 -13 14 -15 -16
leaf_value=-0.00020145742018379701 -0.00032717163692406732 -3.723698349593944e-05 -0.00049069406505212456 4.9272045092888413e-05 0.0006861097194826196 0.00024833645153866154 6.8202634134052067e-05 8.5313759399808988e-05 -0.00022050129292404898 6.5381686940669932e-06 0.00021646226397494794 -0.000174123271095401 -9.2609137628052408e-05 0.00077578076171678026 -0.00043242470526768615
leaf_weight=613.83756657270715 556.73828088468872 41.029121717438102 39.770872056484222 28.737865880131721 251.07402248354629 276.94182664202526 3102.0812100209296 630.64951198687777 1055.5656889900565 297.2545255208388 45.76888170838356 790.2030239275191 71.533015991561115 6.5096040833741418 681.1102298554033
leaf_count=4794 3602 344 80 136 1169 1566 15655 2508 4010 1497 198 3956 934 52 2168
internal_value=-0.000277786 -0.000979637 -0.000374895 0.00360495 -8.85742e-05 0.000132109 0.000358607 -0.000523402 -0.000231446 -0.000697858 -0.00130662 -0.0005608 -0.00169443 0 -0.0017936
internal_weight=8488.81 1779.78 979.601 68.5087 6709.02 4420.3 3353.16 2288.72 1686.22 911.092 602.507 1067.14 800.182 47.5387 752.643
internal_count=42669 10005 6507 216 32664 22346 16824 10318 6518 6291 3800 5522 3498 396 3102
is_linear=0
shrinkage=0.0224352


Tree=112
num_leaves=16
num_cat=0
split_feature=22 26 33 26 5 32 9 9 5 26 19 5 32 27 1
split_gain=1.987 1.21668 2.05115 2.29348 2.22895 0.982967 1.65785 1.49325 0.899314 1.4169 0.769774 0.669193 0.427132 0.833377 0.108203
threshold=0.033431012619152572 0.41307225082740173 0.057022789797795743 0.42023637174201794 0.64399570868090728 0.49538258575197897 0.33123803569985927 0.3502178720640946 -0.054284617310135549 0.15355709026223138 0.050000171817870344 -0.010413549106695926 0.85092348284960428 0.81095294252027872 0.020893304130162712
decision_type=8 10 8 10 10 8 10 10 8 10 10 8 8 10 2
left_child=5 8 3 -3 -4 6 11 -8 9 -2 -10 -1 13 -7 -14
right_child=1 2 4 -5 -6 12 7 -9 10 -11 -12 -13 14 -15 -16
leaf_value=1.2822000960390982e-05 0.0015508384836499009 0.00036108543284396789 0.00056278096918920592 -3.5616482378087953e-05 0.0045887837516648969 -0.00021070063585080351 0.00068103147022478903 -0.00049603206124434942 -0.00025215228412188765 -2.7024791747279122e-06 -1.9792178785291459e-05 -0.00010115418490358561 1.6690638855201132e-07 0.0011124414547788494 -0.00046668737188946174
leaf_weight=27.910312658175826 28.10651055816561 65.595575142651796 812.38502795947716 2760.413881030865 6.5247177816927424 841.87920217821375 9.7690539853647369 6.8102077040821305 1255.3198753106408 70.353275284171104 1710.3235835763626 366.28490541549399 14.686977527569978 30.404376598540694 482.03776561049744
leaf_count=218 118 202 6654 11808 28 4056 91 206 6010 330 7514 2908 74 198 2254
internal_value=-0.000265771 -8.56849e-05 0.00018757 -9.24766e-05 0.00117769 -0.000933234 0 0.00686625 -0.000417197 0.00164107 -0.00049251 -0.000266629 -0.00122205 -0.000875726 -0.0017887
internal_weight=8488.81 6709.02 3644.92 2826.01 818.91 1779.78 410.774 16.5793 3064.1 98.4598 2965.64 394.195 1369.01 872.284 496.725
internal_count=42669 32664 18692 12010 6682 10005 3423 297 13972 448 13524 3126 6582 4254 2328
is_linear=0
shrinkage=0.0224352


Tree=113
num_leaves=15
num_cat=0
split_feature=32 20 26 16 38 11 24 8 26 17 28 17 24 1
split_gain=2.2958 2.18625 1.5848 1.46017 1.35793 1.25831 0.883873 1.15447 0.730336 0.71827 1.45028 0.38501 0.465247 0.371685
threshold=0.87137203166226918 0.1032427693229024 0.24319379696760243 1.3272555884974089 4.5000000000000009 0.2330325445679263 10.500000000000002 0.39581162081335935 0.82882149026193852 0.96393462061300195 0.019300000000000001 0.44997441668750598 9.5000000000000018 0.19009493670886082
decision_type=10 10 8 10 2 10 2 10 10 10 10 10 2 2
left_child=1 2 5 -4 11 -1 8 -8 -3 10 -6 -2 -13 -11
right_child=4 6 3 -5 9 -7 7 -9 -10 13 -12 12 -14 -15
leaf_value=-0.00036367612928629397 0.0021272610349085388 -7.7761359209965812e-05 3.0564925052092888e-06 -0.00024618908247217927 -0.00020441610967270428 -1.9348136502373459e-05 0.00010392398939497213 0.0012008407436992529 0.0010450340293705065 -0.00054417582221036721 0.00047085405777149466 -0.00034172596604575096 -0.00028992002235324641 0.0048346367511360403
leaf_weight=662.10446152742952 21.836205720901489 327.43444641306996 4423.0248519061133 284.60565922223032 268.41361449472606 618.31967966025695 303.90240448713303 252.10155820846558 36.977177313994616 172.61699093226343 142.99952018819749 301.50015984475613 661.69526839256287 11.273250009864567
leaf_count=3782 36 2976 24044 1494 1725 2658 544 408 452 852 708 2148 760 82
internal_value=-0.000276449 -9.67782e-05 -0.000255868 -6.09614e-05 -0.00104902 -0.000956633 0.000916209 0.00147936 1.63674e-06 -0.000164976 0.000317595 -0.00156275 -0.00163793 -0.00135021
internal_weight=8488.81 6908.47 5988.05 4707.63 1580.34 1280.42 920.416 556.004 364.412 595.303 411.413 985.032 963.195 183.89
internal_count=42669 36358 31978 25538 6311 6440 4380 952 3428 3367 2433 2944 2908 934
is_linear=0
shrinkage=0.0224352


Tree=114
num_leaves=15
num_cat=0
split_feature=26 33 26 28 30 9 19 33 27 39 28 28 39 33
split_gain=1.80033 2.11505 1.76945 1.46645 1.30426 1.32546 1.29351 1.06632 1.77804 0.796978 0.710214 0.405005 0.302421 0.0281067
threshold=0.41307225082740173 0.056244395369536744 0.42023637174201794 0.031200000000000037 20.900000000000002 0.16405463177806134 0.047019601279212793 0.066377291611722025 0.27088325008926178 1.0000000180025095e-35 -0.036400000000000009 0.1082 1.0000000180025095e-35 0.2062211342206263
decision_type=10 8 10 10 8 10 10 10 8 2 8 10 2 8
left_child=4 2 6 -4 5 13 -2 8 -3 -7 -9 12 -6 -1
right_child=1 7 3 -5 11 9 -8 10 -10 -11 -12 -13 -14 -15
leaf_value=-0.00052515237508137197 -0.00090785914866196838 0.0014956540893803932 -0.00013616125239314223 0.00015410207460951711 -9.599009027893169e-05 -0.00049332750407330599 0.00041191655648000549 0.0012918486611257958 6.5028894562864097e-06 -1.9919644833334532e-05 9.5954394982570736e-05 3.3774473645751206e-05 -0.00043583403756956108 -0.00034568328953143795
leaf_weight=222.37005544640124 19.802123290486634 149.50259012985043 1951.3402312882245 1085.1654075030237 71.101606318261474 303.65337899886072 56.686241576448083 44.712175386026502 154.63173708529212 3323.2437030291185 571.69227495416999 10.100008420646189 518.20837654964998 6.5953383455052963
leaf_count=938 122 1024 9298 4587 588 1924 144 276 1240 13127 5544 46 2743 1068
internal_value=-0.00025006 8.90833e-05 -0.000184916 -0.000276071 -0.000561534 -0.000403062 0.00315302 0.00103682 0.00214166 -0.000291997 0.000458123 -0.00154658 -0.00164383 -0.00207109
internal_weight=8488.81 4033.53 3112.99 3036.51 4455.27 3855.86 76.4884 920.539 304.134 3626.9 616.404 599.41 589.31 228.965
internal_count=42669 22235 14151 13885 20434 17057 266 8084 2264 15051 5820 3377 3331 2006
is_linear=0
shrinkage=0.0224352


Tree=115
num_leaves=16
num_cat=0
split_feature=30 11 35 27 16 16 38 5 27 20 19 22 30 33 27
split_gain=2.0384 1.70689 1.79143 1.29173 1.24081 2.17189 1.21348 0.932003 0.362056 0.361756 0.42923 0.359089 0.232872 0.126103 0.109863
threshold=20.900000000000002 0.20495028499842771 5.5441808219999897 0.53514693079106868 1.0348853570678509 1.0308114502089327 4.5000000000000009 0.055116866079666052 0.15137163783279037 0.070703284537098496 0.12316829049491007 0.032778174807429894 49.655000000000008 0.095267477976925266 0.052570037322169548
decision_type=10 8 2 10 10 10 2 10 10 10 10 10 10 8 8
left_child=1 4 3 -3 5 -1 9 -4 14 12 -11 -10 -2 -6 -8
right_child=6 2 7 -5 13 -7 8 -9 11 10 -12 -13 -14 -15 -16
leaf_value=-9.9486856802609306e-05 -0.00038506334524995227 4.7020755330521389e-05 3.3420395903053988e-05 -0.00016988584034889352 -0.00032553696237178358 9.6546539713400579e-05 0.00011092232866387672 -0.00026581708270826039 -0.00040546546518797975 4.3810918591531771e-06 -0.00013801816406858742 0.00012938029140147921 0.00018413927446672039 -5.3812669914092372e-05 -0.00048781933060562806
leaf_weight=1158.09320573695 745.2389163672924 4145.3988744402304 180.86744878999889 573.28609567205422 339.97797902114689 26.597359504550695 16.127883231267333 455.02524169604294 83.71969738509506 146.74858728051186 72.632298424839973 419.78652310743928 20.411831885576248 29.224033877719194 75.669271901249886
leaf_count=6915 2208 20551 812 3588 1242 92 128 1714 530 434 152 2414 150 1444 295
internal_value=-0.000270393 -0.000100878 8.57853e-05 0.000239879 -0.000756698 -0.000381259 -0.00099858 -0.0010257 -0.000160661 -0.00148446 -0.000539187 3.81383e-05 -0.00172881 -0.0019054 -0.00146033
internal_weight=8488.81 6908.47 5354.58 4718.68 1553.89 1184.69 1580.34 635.893 595.303 985.032 219.381 503.506 765.651 369.202 91.7972
internal_count=42669 36358 26665 24139 9693 7007 6311 2526 3367 2944 586 2944 2358 2686 423
is_linear=0
shrinkage=0.0224352


Tree=116
num_leaves=16
num_cat=0
split_feature=9 30 20 28 16 31 16 28 35 19 23 34 17 34 24
split_gain=1.71725 1.71333 1.26192 1.17649 1.1723 1.03525 0.82946 0.545434 0.380161 0.805361 1.52788 0.254496 0.203331 0.147422 0.0133092
threshold=0.17623526274960338 20.900000000000002 0.1032427693229024 0.00044999999999997825 1.3272555884974089 6.294999999999999 1.1907332822187948 -0.03029999999999999 5.4492127478773353 0.017052756697819433 0.015954465514810393 0.024975376640012262 0.78463856131684684 -0.06849764558203085 8.5000000000000018
decision_type=8 10 10 8 10 10 10 8 2 8 10 8 10 10 2
left_child=8 2 4 -4 -2 7 -7 -3 11 10 -10 13 -13 -1 -11
right_child=1 5 3 -5 -6 6 -8 -9 9 14 -12 12 -14 -15 -16
leaf_value=5.6702577901840911e-05 -5.5893822335300728e-06 2.8738135719900385e-06 -1.9451063605692474e-05 0.0005822317500035688 -0.00025015922832829368 4.282801011444247e-06 -0.00037554797973256363 -0.00055276812703236057 -0.00012967683488332316 -0.00033818382543240286 0.00020459164543621137 0.00012377503141440017 -0.0004717786508946856 -0.00050647747962983853 -0.00025278543723218188
leaf_weight=17.065999372862279 5217.2532964362763 52.420774945989251 299.98562329076231 617.81188483396545 287.48576320288703 430.13127282261848 534.69506047666073 508.8077936777845 16.414119302295152 12.807164183352141 14.85825804620981 10.64125355472788 24.655946799088269 392.67828775104135 51.092749625444412
leaf_count=384 27040 140 1320 2796 894 1399 3178 1386 84 406 58 316 1034 2114 120
internal_value=-0.000245516 -0.000159472 0 0.000771032 -0.000127318 -0.000835068 -0.000362151 -0.0016116 -0.00147342 0 0.00273656 -0.00175047 0 -0.00190787 -0.0016112
internal_weight=8488.81 7948.59 6422.54 917.798 5504.74 1526.05 964.826 561.229 540.214 95.1723 31.2724 445.041 35.2972 409.744 63.8999
internal_count=42669 38153 32050 4116 27934 6103 4577 1526 4516 668 142 3848 1350 2498 526
is_linear=0
shrinkage=0.0224352


Tree=117
num_leaves=15
num_cat=0
split_feature=21 16 10 10 34 32 32 16 39 31 23 23 23 34
split_gain=1.76412 1.16262 1.61968 1.96931 1.15361 0.789683 0.924138 3.00557 0.744951 0.698433 0.519034 0.20601 0.0894338 0.0553544
threshold=0.015636086501922861 1.3272555884974089 0.60263756134947732 0.76190193898359626 -0.0061261387101442235 0.83707124010554101 0.80277044854881274 1.2221371893331618 2.5000000000000004 10.955000000000002 0.14481869306174519 0.080662708695055665 0.0030262258137405133 0.077805981432611096
decision_type=10 10 10 10 10 8 10 8 2 10 10 10 10 10
left_child=5 2 4 -4 -2 6 8 -8 -1 10 -3 -11 -7 -14
right_child=1 9 3 -5 -6 12 7 -9 -10 11 -12 -13 13 -15
leaf_value=-0.00021386903776666577 7.1455348702714098e-06 -0.00038462260199229525 0.0010317925812403676 -0.00029670135502023984 -9.4947436853778708e-05 0.00010333966010625576 -0.00012676750395882943 0.00020000158275079681 8.3547883255343778e-06 -4.1716586233268604e-06 0.0018518692275062583 0.00064993181716044887 -0.00047767128173601737 -0.00028901157676099746
leaf_weight=613.89465873036534 4118.8823499646969 486.50244788825512 247.7019787793979 133.56611413415521 2019.6921521946788 11.448775382712482 16.915395282208923 7.5842684041708699 287.6212097927928 125.14943370223045 13.35449557378888 15.217938661575316 369.58603082085028 21.68799901008606
leaf_count=4851 23094 1946 879 516 5323 1392 150 52 1522 880 44 106 1756 158
internal_value=-0.00024539 -0.000102932 -1.02289e-05 0.00140417 -0.000101427 -0.000997746 -0.000604076 0.00351535 -0.000740037 -0.0010152 -0.00141498 0.000267375 -0.0018517 -0.0019089
internal_weight=8488.81 7160.07 6519.84 381.268 6138.57 1328.74 926.016 24.4997 901.516 640.224 499.857 140.367 402.723 391.274
internal_count=42669 32788 29812 1395 28417 9881 6575 202 6373 2976 1990 986 3306 1914
is_linear=0
shrinkage=0.0224352


Tree=118
num_leaves=14
num_cat=0
split_feature=9 32 26 34 20 38 20 9 7 16 26 26 34
split_gain=1.67969 1.61139 1.35305 1.16606 0.938631 0.798457 0.672143 0.468017 0.348892 0.625661 0.260463 1.87475 0.0644385
threshold=0.17623526274960338 0.87137203166226918 0.21633451381071006 0.02937751797404187 0.042285014741948186 4.5000000000000009 0.056827820302740396 0.27075362840108003 0.22065015083003772 1.3020365151883875 0.32563378930359527 0.32975704046565252 0.017490235865534113
decision_type=8 10 8 10 8 2 10 10 10 8 10 10 8
left_child=8 2 4 -4 -2 6 -3 -7 10 -10 12 -12 -1
right_child=1 5 3 -5 -6 7 -8 -9 9 -11 11 -13 -14
leaf_value=-0.00047143129168246488 -0.00029376875698733178 -0.00037439027377744109 1.9035266189444584e-05 -0.0003369244970672894 1.2370177219876547e-05 -0.00034907267102644651 -2.766066645049565e-05 0.0001199853319439959 0.00019551449922374962 -0.0013402476281961409 0.00010357347725020186 -0.00028054961262666213 -0.00045906401505176552
leaf_weight=301.68748639058322 581.87837956380099 621.65161761641502 5351.1502554351464 182.82874901965261 306.67918374529108 137.3333982611075 341.42559014260769 425.64429590292275 2.623151779174802 8.2277083904482424 6.6358862859196952 194.16125670913607 26.87828907975927
leaf_count=1320 2448 1962 27076 590 1936 730 942 2469 4 368 46 2032 746
internal_value=-0.000239111 -0.000153989 0 0.000132248 -0.000810638 -0.000809184 -0.00120362 -9.86629e-05 -0.00145345 0.00170165 -0.00155725 -0.000746098 -0.00199061
internal_weight=8488.81 7948.59 6422.54 5533.98 888.558 1526.05 963.077 562.978 540.214 10.8509 529.363 200.797 328.566
internal_count=42669 38153 32050 27666 4384 6103 2904 3199 4516 372 4144 2078 2066
is_linear=0
shrinkage=0.0224352


Tree=119
num_leaves=13
num_cat=0
split_feature=9 34 26 11 5 20 34 12 27 33 27 26
split_gain=1.6768 1.43593 1.45952 1.87849 0.853956 1.18436 0.850205 0.751458 0.20369 0.134419 0.0563732 0.000269177
threshold=0.1618922648062591 0.0051423744002194747 0.41307225082740173 0.12988633205467176 0.15155238944896529 0.17046749735097189 -0.008820221025115425 0.076383645681328591 0.49464947700220396 0.0063031354601008624 0.55180950805206264 0.64518184504318765
decision_type=8 10 10 10 8 10 8 10 10 10 8 10
left_child=8 2 6 -4 7 -6 -2 -3 9 -1 -10 -12
right_child=1 4 3 -5 5 -7 -8 -9 10 -11 11 -13
leaf_value=0.00034936584941923935 -1.2044127366722184e-05 -0.00039037945761120229 0.00068500387970122788 0.00014377379257928704 -6.651552211564588e-05 0.00055095989206871724 -0.00031564046883726784 -2.3609955876614041e-05 0.00013479893906341651 -0.00048898064964946831 -0.00068854592508651535 0.00074825575934751366
leaf_weight=6.5460856268182388 2763.5545455277897 423.12644453160465 54.554677783045918 2470.3748627882451 1430.2421847451478 33.991704881191254 700.54261901089922 309.59100093878806 2.6676096613518876 280.72962804604322 10.131503778509794 2.7523810025304547
leaf_count=1254 12928 842 774 15755 4649 76 3633 1112 78 1320 208 40
internal_value=-0.000233844 -0.000170463 6.24128e-06 0.000419653 -0.000661098 -0.000329585 -0.000289371 -0.00129577 -0.0018784 -0.00201873 0 0
internal_weight=8488.81 8185.98 5989.03 2524.93 2196.95 1464.23 3464.1 732.717 302.827 287.276 15.5515 12.8839
internal_count=42669 39769 33090 16529 6679 4725 16561 1954 2900 2574 326 248
is_linear=0
shrinkage=0.0224352


Tree=120
num_leaves=14
num_cat=0
split_feature=20 23 7 33 26 24 21 5 34 13 21 14 20
split_gain=1.54173 1.56617 3.15418 1.54176 1.77966 1.14625 1.20093 1.06475 0.902053 0.896148 1.29086 0.874914 0.617569
threshold=0.082553003748059475 0.037586730778852252 0.27106831602554099 0.013685864821931461 0.24319379696760243 10.500000000000002 0.034944310395420633 1.0000000180025095e-35 0.02937751797404187 1.4898787512214524 0.054810781413360606 1.1860114652371025 0.21477318756432148
decision_type=10 10 8 10 8 2 8 8 10 8 10 8 10
left_child=3 2 -2 5 7 6 -1 -5 -6 12 -11 -7 -3
right_child=1 9 -4 4 8 11 -8 -9 -10 10 -12 -13 -14
leaf_value=-0.00041827778090221913 0.006676516510713877 -6.9449374961756121e-05 -0.0013152253155135883 0.00050037869150074772 4.9604054337866121e-06 1.0113443540104863e-05 0.00018095874034094534 -0.00023640716757793208 -0.00042676986724541352 -8.1008442604656302e-05 0.00058068617426606237 -0.0003305986627675813 0.0027474951564963441
leaf_weight=415.00406178180128 11.911072663962843 566.03602064866573 12.213657692074774 83.450071218423545 3801.7995912022889 95.6583571434021 282.29657854977995 1031.9446385558695 108.2260430008173 375.95966672385111 822.15801567211747 866.65489564463496 15.492577824275939
leaf_count=4206 54 2327 58 402 18487 126 5436 4192 328 2292 3602 1106 53
internal_value=-0.00023074 0.000345447 0.00599884 -0.000389196 -0.000188447 -0.000984854 -0.000256964 -0.000979304 3.21769e-05 0.0002559 0.000613657 -0.00149122 -0.00044693
internal_weight=8488.81 1803.77 24.1247 6685.03 5025.42 1659.61 697.301 1115.39 3910.03 1779.65 1198.12 962.313 581.529
internal_count=42669 8386 112 34283 23409 10874 9642 4594 18815 8274 5894 1232 2380
is_linear=0
shrinkage=0.0224352


Tree=121
num_leaves=13
num_cat=0
split_feature=11 35 8 24 23 23 16 26 10 33 26 12
split_gain=1.3693 1.77472 1.84509 3.42761 1.51529 1.38796 1.01411 0.849309 1.53639 0.736446 0.747807 0.516229
threshold=0.20495028499842771 4.7005258182718812 0.18254737890332587 11.500000000000002 0.010441451650395119 0.036181832135241905 1.0084755844184394 0.88276667631785422 0.10290643699241561 0.077052526479502018 0.28696716964317431 0.062545893061079536
decision_type=10 2 10 2 10 10 10 10 10 10 10 10
left_child=7 2 3 -2 -3 -4 -6 9 -9 11 -11 -1
right_child=1 4 5 -5 6 -7 -8 8 -10 10 -12 -13
leaf_value=-0.00024381121661314596 -4.8281059915980049e-05 1.4543247414746835e-05 -0.00020781235939037508 0.00024631606387851847 -1.6104667500998289e-05 0.00011434422320080129 -0.00020924628517633744 0.00065660781946314244 6.3843649669211614e-06 -0.00029809914516366561 0.00013326449983781403 7.8439007100783407e-05
leaf_weight=1468.8103599830065 26.257348432205617 12.077778816223143 1174.2634462015703 15.61542773246765 983.52311511803418 3174.7790511283092 1159.3582637631334 4.6446894460823414 16.104895053897053 159.90867983177304 204.13153289537877 89.330659919884056
leaf_count=8771 332 98 6452 24 4438 14509 4007 42 282 1338 1868 508
internal_value=-0.000239738 -8.10709e-05 0.000174214 0.00484439 -0.00061037 0.000124101 -0.000664316 -0.000763909 0.00352347 -0.000821476 3.54866e-05 -0.00103439
internal_weight=8488.81 6545.87 4390.92 41.8728 2154.96 4349.04 2142.88 1942.93 20.7496 1922.18 364.04 1558.14
internal_count=42669 29860 21317 356 8543 20961 8445 12809 324 12485 3206 9279
is_linear=0
shrinkage=0.0224352


Tree=122
num_leaves=14
num_cat=0
split_feature=9 33 26 16 18 38 16 18 31 10 26 22 26
split_gain=1.39526 1.39096 1.40477 1.5168 1.25989 0.972305 0.597506 0.534407 0.29682 0.162041 0.0570348 0.0229077 0.00172336
threshold=0.15959500426350745 0.0028158056782876533 0.21633451381071006 1.0348853570678509 0.023380149245763929 4.5000000000000009 1.0509393998438925 -0.013898120689459335 7.0500000000000016 0.16663077167950954 0.64518184504318765 0.10983625836104155 0.47503081337413156
decision_type=8 8 8 10 10 2 10 10 8 10 10 10 10
left_child=8 5 4 -4 -3 6 -2 -7 10 12 -1 -11 -10
right_child=1 2 3 -5 -6 7 -8 -9 9 11 -12 -13 -14
leaf_value=-0.00047265157608198061 -0.00034295065228657313 -0.00039754505253744587 3.6586903297131997e-05 -3.6067432436367441e-05 2.4070632808310871e-06 0.00054465108395073542 -0.00010820281971078617 -0.00017209886844513132 -0.0005559192673254247 0.00044454245847457338 -0.00013330678105882347 -0.00034924643292664012 0.00035638186832793388
leaf_weight=244.04201139137149 478.3848906904459 608.82946422649547 3574.3183487211354 2494.7762693329714 346.87660754192621 81.563152370974422 362.72521218657494 270.22968441713601 12.29736850969493 2.4514762926846738 11.202404452487825 0.32108148466795672 0.7872767033986755
leaf_count=1280 914 3118 20443 7634 1444 1368 2098 2910 728 338 174 118 102
internal_value=-0.000218738 -0.000163774 -4.04952e-05 8.24484e-05 -0.000841631 -0.000872754 -0.00128833 6.49018e-05 -0.00180814 0.000236847 -0.0020131 0.00500108 0
internal_weight=8488.81 8217.7 7024.8 6069.09 955.706 1192.9 841.11 351.793 271.102 15.8572 255.244 2.77256 13.0846
internal_count=42669 39929 32639 28077 4562 7290 3012 4278 2740 1286 1454 456 830
is_linear=0
shrinkage=0.0224352


Tree=123
num_leaves=11
num_cat=0
split_feature=9 32 19 27 16 16 35 16 32 34
split_gain=1.41165 1.48164 1.22975 1.77412 0.952657 0.730303 1.36328 0.825132 0.222113 0.100798
threshold=0.15959500426350745 0.87137203166226918 0.14236498212524437 0.15284424019252515 1.3690110556700688 0.97113878523363673 6.3228127841107815 0.77496796664753631 0.95448548812664924 -0.12262977796247924
decision_type=8 10 10 8 10 10 2 10 10 10
left_child=8 2 4 -4 -2 7 -7 -3 9 -1
right_child=1 5 3 -5 -6 6 -8 -9 -10 -11
leaf_value=0.00057850081192396721 -3.3403699796631263e-06 4.3012704716711482e-06 -0.00024682935648795759 0.0011577389065996141 -0.00035920105286204207 -7.9689841540982463e-05 0.00022201687143039888 -0.00054727167563888089 0.00012178348727246421 -0.00046204752449448445
leaf_weight=4.8106127060018471 6004.8215860188939 112.8998297136277 177.82201722543687 265.12923650955781 218.76053797313944 955.23926386423409 21.979858331382275 461.05129985138774 13.093956291675566 253.19704983662814
leaf_count=1304 31143 584 808 1035 738 4291 90 1240 44 1392
internal_value=-0.000209921 -0.000154666 -6.32076e-06 0.00113187 -9.06105e-05 -0.000779192 -0.000377687 -0.00142724 -0.00180814 -0.00196656
internal_weight=8488.81 8217.7 6666.53 442.951 6223.58 1551.17 977.219 573.951 271.102 258.008
internal_count=42669 39929 33724 1843 31881 6205 4381 1824 2740 2696
is_linear=0
shrinkage=0.0224352


Tree=124
num_leaves=16
num_cat=0
split_feature=20 35 7 35 12 17 30 5 20 18 0 39 35 4 38
split_gain=1.13025 1.23363 1.38942 1.26818 1.46181 1.12777 1.04075 0.847589 1.07341 0.894354 0.830264 0.822281 0.789376 0.687666 0.627781
threshold=0.082553003748059475 4.1466206942773658 0.27368461781351033 3.9903719333658194 0.049104422621878169 1.2980878206365289 20.210000000000004 0.16924856701050814 0.070703284537098496 0.066241417137285166 0.26657500000000006 1.5000000000000002 5.0774523266619065 0.10590908576268503 4.5000000000000009
decision_type=10 2 10 2 10 10 8 8 10 10 2 2 2 8 2
left_child=6 3 12 5 -5 -2 10 9 -9 -8 13 -12 -3 -1 -4
right_child=1 2 14 4 -6 -7 7 8 -10 -11 11 -13 -14 -15 -16
leaf_value=-0.00026551772059025023 0.00026183885515419032 0.0013862555058339269 -0.00025222430967452518 -1.940072454652921e-05 0.0021544341111160298 0.00076071453014441535 -0.00032437310602957881 -0.0002357442111985732 9.3717701083379662e-05 8.6847913726280443e-06 -0.00014251233547162505 6.4470403768119956e-06 -6.2923204909033664e-05 2.4280022406952713e-06 -4.9869341287500071e-05
leaf_weight=428.12364548956975 803.09634438017383 130.41653060587123 311.49193879403174 30.814330033492297 51.556017153896391 152.06074486300349 762.14774866122752 1033.8134962925687 107.24161700811237 47.981444038450718 1409.5072941719554 2688.2354171536863 111.90977084031329 207.98357428144664 212.4253345541656
leaf_count=2507 3961 856 804 176 194 622 3526 5159 460 152 5897 15010 658 1572 1115
internal_value=-0.000210105 0.000282179 -0.000383076 0.000792577 0.00349971 0.000536533 -0.000345918 -0.000784559 -0.000366044 -0.0013489 -0.000160856 -3.86665e-05 0.000978458 -0.000916092 -0.00105107
internal_weight=8488.81 1803.77 766.244 1037.53 82.3703 955.157 6685.03 1951.18 1141.06 810.129 4733.85 4097.74 242.326 636.107 523.917
internal_count=42669 8386 3433 4953 370 4583 34283 9297 5619 3678 24986 20907 1514 4079 1919
is_linear=0
shrinkage=0.0224352


Tree=125
num_leaves=16
num_cat=0
split_feature=28 16 28 17 33 26 8 18 22 17 21 27 22 21 26
split_gain=1.51453 2.07919 2.03755 3.99824 1.38217 1.67712 1.00579 0.97687 0.964998 0.915327 3.55539 0.883724 0.735022 0.670569 0.570882
threshold=0.036400000000000023 1.0646814850675808 0.042700000000000009 1.5551803666221902 0.050810765343194404 0.27299896571994087 0.29928475070395066 -0.0098762311122162477 0.10776137390634655 1.3078344720807569 0.13442537888656494 0.1379023426675498 0.062524703970205972 0.080999685014115433 0.71497522540188263
decision_type=10 10 10 8 10 10 8 10 10 10 8 10 10 8 10
left_child=4 2 3 -2 9 12 -4 14 -7 11 -11 -1 -6 -9 -3
right_child=1 7 6 -5 5 8 -8 13 -10 10 -12 -13 -14 -15 -16
leaf_value=-0.00030616461983499853 0.0003758127786551324 -0.00041358742142532859 0.00044850223769991328 0.0032128195466387759 -0.0002849679232454018 3.4139548608590447e-05 -5.691119711919679e-05 0.00015852821247998905 0.0007521387315992448 -6.7235313527020195e-06 0.0012561186450675817 -0.00014499772833302625 6.4378446500548163e-05 -0.00058550086022401699 -7.9525056739930756e-05
leaf_weight=980.27323451032862 163.0997901186347 298.20667343074456 357.99222859740257 14.005730317905543 685.2957613831386 1463.9502651579678 433.16439778241329 266.53075142577291 178.51934257522225 566.1368618523702 15.42947526136413 2650.5721957094502 199.73873158358037 56.876624849624932 159.01318376604468
leaf_count=4163 792 1154 2251 78 3925 9330 2072 878 1058 1848 188 12528 1222 254 928
internal_value=-0.000203198 0.00037953 0.00108012 0.00327575 -0.000357372 5.01728e-05 0.000561663 -0.000464156 0.000481678 -0.000606597 0.000192879 -0.000740134 -0.000727997 0.000435308 -0.00114356
internal_weight=8488.81 1748.89 968.262 177.106 6739.92 2527.5 791.157 780.627 1642.47 4212.41 581.566 3630.85 885.034 323.407 457.22
internal_count=42669 8407 5193 870 34262 15535 4323 3214 10388 18727 2036 16691 5147 1132 2082
is_linear=0
shrinkage=0.0224352


Tree=126
num_leaves=16
num_cat=0
split_feature=26 31 18 33 35 18 35 26 11 11 38 35 33 18 16
split_gain=1.64407 1.90378 2.16752 2.44448 1.64377 1.32115 1.73681 1.35273 0.985781 1.42314 2.64261 1.38599 0.556976 0.776849 0.541055
threshold=0.41307225082740173 2.7600000000000011 -0.037078193794609186 0.020216507582966451 6.423765466731953 0.10301468656519387 4.254406306128975 0.42023637174201794 0.22402869378823684 0.2528858057999061 2.5000000000000004 3.3418011091423772 0.1800505543105109 -0.0032036999298156173 0.82922119974339159
decision_type=10 10 10 10 2 10 2 10 10 10 2 2 10 10 8
left_child=8 2 3 -2 -4 7 -7 -3 12 10 -10 -11 14 -14 -1
right_child=1 5 4 -5 -6 6 -8 -9 9 11 -12 -13 13 -15 -16
leaf_value=-5.1629361640066819e-06 0.0010865166197666671 0.00010960493985361472 5.1658973780384371e-05 0.00030735947380908414 0.00044338177500765095 0.0010920840642417125 -0.0010248233043971841 -0.00013584221768377349 0.00021139625173897795 3.0581461775591036e-05 -0.00022295595086870514 -0.00020786593270234887 0.00053293672847445754 -0.00037553524581985696 -0.00024731333848830383
leaf_weight=317.45083025842905 156.31175214797258 38.079564246349037 1837.5732139497995 247.70479779131711 43.606952967122197 32.233054765500128 25.30032049305737 1652.723124852404 277.31478068977594 697.82402019994333 308.56637768447399 1403.3071263371967 42.309255510568619 75.191513121128082 1333.3085633069277
leaf_count=1770 1104 142 10544 1338 286 142 104 8575 694 3562 1660 5130 182 328 7108
internal_value=-0.00023471 8.92253e-05 0.000519619 0.00201468 0.000187496 -0.000461954 0.002808 -0.000585808 -0.000532418 -0.000251465 0.000711547 -0.000529558 -0.000947911 0.000427144 -0.00105793
internal_weight=8488.81 4033.53 2285.2 404.017 1881.18 1748.34 57.5334 1690.8 4455.27 2687.01 585.881 2101.13 1768.26 117.501 1650.76
internal_count=42669 22235 13272 2442 10830 8963 246 8717 20434 11046 2354 8692 9388 510 8878
is_linear=0
shrinkage=0.0224352


Tree=127
num_leaves=16
num_cat=0
split_feature=26 27 18 31 8 26 16 11 8 5 11 26 27 20 31
split_gain=1.29967 1.58046 2.29761 2.19453 1.52496 1.39035 1.50835 1.07058 1.44382 2.81756 1.12394 0.96848 0.687614 1.2186 0.38395
threshold=0.41307225082740173 0.28950417111909038 -0.037078193794609186 2.6850000000000009 0.50952513832023183 0.42023637174201794 0.99578194278198673 0.22402869378823684 0.18163677182291674 0.053764271851701524 0.2528858057999061 0.48917784680736481 0.072386110734649428 0.015932658274503162 -3.5949999999999993
decision_type=10 8 10 10 8 10 10 10 10 10 10 10 10 10 8
left_child=7 2 3 -2 -4 6 -3 12 9 -9 -10 -7 13 -1 -14
right_child=1 5 4 -5 -6 11 -8 8 10 -11 -12 -13 14 -15 -16
leaf_value=7.3002309056341449e-05 0.0013682436582566568 0.0018682179537186207 7.9805039754313096e-07 3.1135565712321259e-05 0.0013578197815356905 -0.00047307389539103775 0.00038818730901634969 0.00020133291064428717 2.486655445812102e-05 -0.0015660862446089095 -8.8305686418386855e-05 -1.7276565882909073e-05 3.757313671654252e-05 -0.00022327570723250988 -0.00024270466242241168
leaf_weight=82.633938102517277 175.2596735174302 15.587117999792097 1488.6185784162953 124.76168361864984 50.800836697220802 399.85984239983372 32.822651205584407 11.189242277294399 566.0001165214926 12.922728954348711 2096.9002171582542 1745.8223973587155 105.34639853518456 456.78824875783175 1123.4915768015198
leaf_count=738 1096 94 8127 646 170 1970 114 50 2258 70 8668 10018 486 2062 6102
internal_value=-0.0002628 2.42702e-05 0.000513819 0.0023129 0.000149618 -0.000377118 0.00331266 -0.000527129 -0.000235055 0.00512849 -0.000292084 -0.000470414 -0.000959521 -0.000244602 -0.00125694
internal_weight=8488.81 4033.53 1839.44 300.021 1539.42 2194.09 48.4098 4455.27 2687.01 24.112 2662.9 2145.68 1768.26 539.422 1228.84
internal_count=42669 22235 10039 1742 8297 12196 208 20434 11046 120 10926 11988 9388 2800 6588
is_linear=0
shrinkage=0.0224352


Tree=128
num_leaves=15
num_cat=0
split_feature=30 9 15 9 31 5 27 35 17 24 9 17 34 31
split_gain=1.71491 1.73622 1.43988 1.2216 1.12791 1.03246 2.43218 0.526367 0.488892 0.434364 0.368379 0.308089 0.0857841 0.00705037
threshold=20.900000000000002 0.15959500426350745 1.1227154631246055 0.33123803569985927 7.7400000000000011 0.24805566097319001 0.25379386235166573 3.1309185222623355 0.94998180552271838 9.5000000000000018 0.32731647117047619 0.64352158518855596 -0.11643518794453549 -3.0299999999999998
decision_type=8 10 10 10 8 10 10 2 8 2 10 10 10 10
left_child=1 12 7 -4 9 8 -7 -3 -6 10 -2 -11 -1 -14
right_child=4 2 3 -5 5 6 -8 -9 -10 11 -12 -13 13 -15
leaf_value=0.00042819163093815363 -0.00050972285547880357 0.00024106541911669585 -1.1922779922990738e-05 0.00033682108448568419 -1.5487575047885841e-05 0.0013375467832844221 -0.00014719600285724639 -0.00019796948004499487 -0.00032259944272810777 -8.6616750878510101e-06 0.00010072529827917989 -0.00026262736773671969 -0.00048126129775695969 -0.0004436482506254743
leaf_weight=6.336560097988694 88.220667433924973 93.976491008419544 3687.5693041784689 1663.1789100794122 419.97274108231068 19.007428536657244 59.382415511645377 1048.4300026274286 392.96476777084172 81.685213804244995 73.581556927412748 618.89888834953308 14.550247201696036 221.05005371198058
leaf_count=1332 1000 570 19207 7195 2187 102 370 4260 3712 86 568 778 94 1208
internal_value=-0.000266791 -0.000100712 -2.7998e-05 0.000123207 -0.000893062 -0.000304664 0.0020937 -0.000753323 -0.000561565 -0.00147762 -0.000274436 -0.00172674 -0.00196598 -0.00203757
internal_weight=8488.81 6735.09 6493.15 5350.75 1753.71 891.327 78.3898 1142.41 812.938 862.386 161.802 700.584 241.937 235.6
internal_count=42669 33866 31232 26402 8803 6371 472 4830 5899 2432 1568 864 2634 1302
is_linear=0
shrinkage=0.0224352


Tree=129
num_leaves=15
num_cat=0
split_feature=34 9 26 26 28 14 21 22 35 34 26 21 26 32
split_gain=1.73479 1.61049 1.53416 1.44656 1.19355 1.11964 2.01638 0.796622 0.716868 0.451214 0.578454 0.366694 0.053621 0.0155849
threshold=0.0051423744002194747 0.15959500426350745 0.21633451381071006 0.22176261795040594 0.017850000000000008 0.94735871343438471 0.07517682260205906 0.13089009057883369 3.3288058681877759 0.048459039289652568 0.66464880393996262 0.036260156411049273 0.64518184504318765 0.36345646437994733
decision_type=8 10 8 8 10 10 10 8 2 10 10 8 10 10
left_child=1 12 7 -4 9 6 -6 -3 -7 11 -11 -2 13 -1
right_child=4 2 3 -5 5 8 -8 -9 -10 10 -12 -13 -14 -15
leaf_value=-0.00058153202470088744 -0.00033613588327866456 -0.00021945168258932814 0.00044365906348302212 1.2775868081551292e-05 4.9631027539433786e-05 0.0001852759469459693 0.0013605057458778806 0.00019744679773147386 -9.0381050528002668e-05 -0.00056508021422177447 0.00016083731787375742 -0.00013502070578533173 -0.00010155787417808821 -0.00047046408499659215
leaf_weight=12.570025518536566 679.952077915892 829.73294896166772 51.292873277328908 4942.5848869737238 17.011929267784584 199.22390258871019 7.3081204295158377 20.258889239281416 808.85504561290145 110.61917930468917 51.636565864086151 558.63228292693384 11.202404452487825 187.92411598842591
leaf_count=366 1834 3790 228 26464 554 742 18 126 2604 862 362 3765 174 780
internal_value=-0.000245143 -3.83535e-05 2.80144e-05 0.000181292 -0.000751493 -0.000150261 0.0045091 -0.000848714 -0.000284661 -0.00118019 0 -0.00132609 -0.00195961 -0.00204654
internal_weight=8488.81 6055.57 5843.87 4993.88 2433.24 1032.4 24.32 849.992 1008.08 1400.84 162.256 1238.58 211.697 200.494
internal_count=42669 31928 30608 26692 10741 3918 572 3916 3346 6823 1224 5599 1320 1146
is_linear=0
shrinkage=0.0224352


Tree=130
num_leaves=15
num_cat=0
split_feature=34 26 34 5 34 5 5 9 23 28 14 35 33 20
split_gain=1.59732 2.01053 1.95141 2.46991 1.14753 0.991953 1.45764 0.95896 1.03732 0.623182 0.48542 1.055 0.272431 0.265422
threshold=0.0051423744002194747 0.41307225082740173 -0.012091077827593664 0.12059968976634299 -0.016437526761588158 0.16339256771806362 0.16743009872092218 0.15959500426350745 0.007600373159115382 0.017850000000000008 1.1820709254308035 3.2816627424077196 -0.13236829887967613 0.077705264722859699
decision_type=10 10 8 8 10 8 8 10 8 10 10 2 10 8
left_child=1 7 4 -4 -3 10 -7 13 -9 -8 11 -2 -12 -1
right_child=5 2 3 -5 -6 6 9 8 -10 -11 12 -13 -14 -15
leaf_value=-0.00039313127918156731 0.00012973748116256448 6.33718222856336e-05 -1.4828507564000508e-05 0.00048113358402017658 -0.00084134331758297341 0.001021995584546429 -0.00031600585219639045 1.2889755605967406e-05 -3.520936818120082e-05 -2.6391396561708488e-06 0.00032707629111372312 -0.00019042764047907818 -0.00022099524458860711 8.6720823992138203e-05
leaf_weight=262.17164010973647 11.814371462911366 1401.7021510205232 396.57464872044511 593.55860858713277 184.75736726261675 25.502017050981522 707.11798196099699 31.482895993161947 3319.7292198049836 703.21939966455102 29.689059734344482 66.953395972028375 711.74236424639821 42.790126731153578
leaf_count=2264 68 12785 1452 2566 598 70 2449 454 14305 2122 206 362 1552 1416
internal_value=-0.000236627 -4.80364e-05 0.000428252 0.00121035 -4.75862e-05 -0.000748709 -0.000373727 -0.000389136 -0.000272229 -0.000483474 -0.00138028 6.78467e-05 -0.00156085 -0.00160609
internal_weight=8488.81 6232.77 2576.59 990.133 1586.46 2256.04 1435.84 3656.17 3351.21 1410.34 820.199 78.7678 741.431 304.962
internal_count=42669 35840 17401 4018 13383 6829 4641 18439 14759 4571 2188 430 1758 3680
is_linear=0
shrinkage=0.0224352


Tree=131
num_leaves=15
num_cat=0
split_feature=30 26 5 18 26 26 18 5 5 20 24 21 20 1
split_gain=1.83219 1.64934 1.27821 1.94499 1.15156 1.6386 1.19254 1.06534 1.96749 0.985721 0.868653 0.741808 0.5267 0.318909
threshold=20.900000000000002 0.21633451381071006 0.023781580948263169 0.022891665645701113 0.22176261795040594 0.2187875984333599 -0.037078193794609186 0.24805566097319001 0.25899891937299818 0.093943809993094221 9.5000000000000018 0.037604031994608697 0.054843824974379653 0.027609523809523816
decision_type=8 8 8 10 8 10 10 10 10 10 2 8 8 2
left_child=1 2 3 -1 5 -3 -6 10 -9 -10 11 -2 -4 -12
right_child=7 4 12 -5 6 -7 -8 8 9 -11 13 -13 -14 -15
leaf_value=-0.00042271439775556588 -0.00038021413216107009 -1.7249863177299389e-05 -0.00036874550541194468 0.0015286086850803753 0.00030681570859754083 0.00031163159791373186 -1.429778763969534e-05 0.00049049973315692334 -0.00047033437212471601 0.0023567538429933861 0.00021993226217629564 0.00015754518190113764 -1.3230183899690901e-05 -0.00018572788125550884
leaf_weight=41.550497260410339 354.21840320248157 31.795500697102398 681.78040852537379 42.948413153644651 884.7103039259091 26.799262183718383 4825.4699620939791 16.9583172746934 93.463344235904515 24.45781284570694 35.329862833023071 271.97149937041104 200.03722106525674 957.31443965435028
leaf_count=412 2870 128 3102 196 4286 138 24534 66 460 110 86 3786 1070 1425
internal_value=-0.000259545 -8.80533e-05 -0.000946719 0.00158259 5.24088e-05 0.00316946 1.66549e-05 -0.000906604 0.000929101 0 -0.00107208 -0.000374071 -0.00121241 -0.00149196
internal_weight=8488.81 6735.09 966.317 84.4989 5768.78 58.5948 5710.18 1753.71 134.879 117.921 1618.83 626.19 881.818 992.644
internal_count=42669 33866 4780 608 29086 266 28820 8803 636 570 8167 6656 4172 1511
is_linear=0
shrinkage=0.0224352


Tree=132
num_leaves=16
num_cat=0
split_feature=34 0 34 17 35 35 24 24 21 17 35 34 2 7 21
split_gain=1.25661 1.25555 1.25926 2.02088 0.882327 1.49037 1.67318 0.886156 0.862676 0.849284 0.848062 0.468503 0.625301 0.355279 0.322864
threshold=0.0051423744002194747 0.26657500000000006 -0.012091077827593664 1.3078344720807569 2.648299946266762 2.2808504702945727 11.500000000000002 11.500000000000002 0.037843917181479808 0.40626698307462311 4.6876253139861381 -0.056789532466467223 0.078066258829753862 0.70967060080129163 0.041523247400687503
decision_type=8 2 10 10 2 2 2 2 10 10 2 10 2 8 10
left_child=1 11 10 -4 5 13 -7 8 -6 -9 -3 12 -1 -2 -13
right_child=4 2 3 -5 7 6 -8 9 -10 -11 -12 14 -14 -15 -16
leaf_value=-0.00018774135539876294 -0.00041220661987612236 9.9795556820503283e-06 7.5676606736026372e-06 0.00036566987532549069 -0.0002425907013328056 0.00015040305487467375 0.0012663137870591273 0.00047949525388031757 2.1984657763302933e-05 -0.00022219981718910026 -0.00015067461617985096 -0.00027150680179249283 4.9767469217356328e-05 0.0034941096259018421 5.0591250642968996e-05
leaf_weight=64.114805257413536 78.681752960663289 2290.829100611154 1688.6561961025 297.54220706224442 788.76342975953594 55.422366496641189 33.869594931602478 71.164481997489929 612.3453315179795 779.32637941837311 1119.2414531083778 508.64403578266501 37.802695987746119 13.665766828227786 48.735650499351323
leaf_count=980 299 15999 4839 630 6462 418 44 100 2326 972 6275 2524 448 120 233
internal_value=-0.000263488 -8.66747e-05 2.26859e-05 0.00047502 -0.000695241 0.000751284 0.00287453 -0.000820906 -0.000452642 -0.00140358 -0.000234983 -0.0010112 0.000229602 -0.00109239 -0.00127371
internal_weight=8488.81 6055.57 5396.27 1986.2 2433.24 181.639 89.292 2251.6 1401.11 850.491 3410.07 659.297 101.918 92.3475 557.38
internal_count=42669 31928 27743 5469 10741 881 462 9860 8788 1072 22274 4185 1428 419 2757
is_linear=0
shrinkage=0.0224352


Tree=133
num_leaves=15
num_cat=0
split_feature=1 34 34 19 35 9 33 26 24 35 21 21 31 35
split_gain=1.5839 1.52798 1.49715 2.20355 1.00925 0.960242 0.900074 0.925637 0.495246 1.25957 0.483597 0.45386 0.22648 0.116163
threshold=0.0839871794871795 0.0051423744002194747 -0.012091077827593664 0.018101937705214888 4.6876253139861381 0.15959500426350745 0.013685864821931461 0.32563378930359527 11.500000000000002 2.6799935445576035 0.037843917181479808 0.038249291194000737 7.955000000000001 2.5805954740632799
decision_type=2 10 8 8 2 10 8 10 2 2 10 8 10 2
left_child=5 2 4 -4 -2 12 11 -8 10 -10 -3 -7 13 -1
right_child=1 8 3 -5 -6 6 7 -9 9 -11 -12 -13 -14 -15
leaf_value=9.0639553633589125e-05 3.833853980162826e-05 -0.00029853656549228084 7.2286268130821086e-05 0.00015151258323120955 -0.00017713524736583385 -0.0003141314053862841 -0.0001835293330158955 9.0542458923031248e-06 0.001130043900157577 -0.0001432979210494033 2.1491426688125158e-05 -5.0830175339752283e-06 0.00017107560409829076 -0.00037470185431228743
leaf_weight=7.121519051026552 1524.8285391861573 391.18088818527758 54.750210163649172 1486.2644621224608 577.43265479058027 438.54541022796184 1180.0835235989653 1295.7740816026926 49.952681541442871 505.80480718612671 485.54408844746649 174.65747360046953 12.546650052070616 304.31825856561773
leaf_count=86 10108 1780 560 5335 2872 2294 4967 8036 62 628 1805 912 40 3184
internal_value=-0.000256512 -1.26524e-06 0.000238885 0.000772019 -0.000142561 -0.000630226 -0.000499237 -0.000297975 -0.000625778 -0.00116077 -0.0002635 -0.00127852 -0.00181508 -0.00194741
internal_weight=8488.81 5075.76 3643.28 1541.01 2102.26 3413.05 3089.06 2475.86 1432.48 555.757 876.725 613.203 323.986 311.44
internal_count=42669 23150 18875 5895 12980 19519 16209 13003 4275 690 3585 3206 3310 3270
is_linear=0
shrinkage=0.0224352


Tree=134
num_leaves=15
num_cat=0
split_feature=9 30 26 11 28 16 17 24 25 35 26 30 34 16
split_gain=1.49154 1.76218 1.39184 2.74989 1.08342 0.920009 0.831863 0.645929 0.224349 0.736476 0.9805 0.253244 0.238158 0.116915
threshold=0.18308875699766039 20.900000000000002 0.2187875984333599 0.12988633205467176 -0.10555000000000002 0.97113878523363673 0.46697165375198751 9.5000000000000018 0.3205085536534496 5.4980284806972906 0.32975704046565252 25.280000000000005 -0.049010731400799971 0.84463905372962489
decision_type=8 10 8 8 10 10 10 2 10 2 10 10 10 10
left_child=8 2 4 -4 -2 7 -7 -3 9 12 -11 13 -1 -10
right_child=1 5 3 -5 -6 6 -8 -9 11 10 -12 -13 -14 -15
leaf_value=7.3908853653387844e-05 5.634603388490216e-05 -1.7115537162326045e-05 0.00025193363236980461 1.180840127601608e-05 -0.00023565769527340584 0.0022963368368177912 -6.8363985895177856e-05 -0.00061663045071495717 -0.00038434665639788541 0.00021229037146371787 -3.4100950781365065e-05 4.4283286445875946e-05 -0.0002796700287855334 -0.00033609246297642577
leaf_weight=31.402243844699115 54.003810509108007 130.10916206426919 18.57975796610117 5409.4614286827855 812.48706131288782 14.178843051195143 941.23112450912595 420.86542958021164 83.996787375770509 16.502186260651797 15.544111079536377 24.552264481782913 143.66219674888998 372.22884085495025
leaf_count=832 332 1178 141 26863 3966 68 4233 566 760 58 70 64 466 3072
internal_value=-0.000237149 -0.000145907 1.59793e-05 0.000152383 -0.000815161 -0.000835317 -0.000385989 -0.00157733 -0.00124211 -0.000472915 0.00244422 -0.0015313 -0.0011258 -0.0016583
internal_weight=8488.81 7800.92 6294.53 5428.04 866.491 1506.38 955.41 550.975 687.889 207.111 32.0463 480.778 175.064 456.226
internal_count=42669 37347 31302 27004 4298 6045 4301 1744 5322 1426 128 3896 1298 3832
is_linear=0
shrinkage=0.0224352


Tree=135
num_leaves=15
num_cat=0
split_feature=26 33 5 30 35 26 30 9 33 16 20 22 33 30
split_gain=1.46335 1.8 1.85582 1.17484 1.14249 1.69494 1.54358 1.09664 0.963741 0.80942 0.212678 0.465895 0.160293 0.0466259
threshold=0.41307225082740173 0.057022789797795743 0.68046463295351922 20.900000000000002 4.371218404024412 0.44894060899910765 20.840000000000003 0.15959500426350745 0.066377291611722025 0.93147520640173087 0.072783660546471105 0.072373164476827664 -0.056163535993754003 15.360000000000001
decision_type=10 8 10 8 2 10 10 10 10 10 8 10 8 10
left_child=3 4 8 7 6 -6 -2 13 -3 -9 12 -12 -5 -1
right_child=1 2 -4 10 5 -7 -8 9 -10 -11 11 -13 -14 -15
leaf_value=-8.4061814725687814e-05 0.00041352904771642737 0.00065597195276301549 0.0044183339154889676 -0.0004805647096460076 0.0001087177391856613 -0.00021426471199768776 -6.683022345822856e-05 8.4731666955237802e-06 0.0001592079244395871 -6.3025896545548007e-05 0.0018987894922138497 -0.00011937851181565325 -0.00036100829127716684 -0.00036925253095157858
leaf_weight=8.2933812560513598 946.92817470151931 280.96742470283061 7.5775499083101741 84.328734433278441 176.70815074257553 1452.3878139108419 556.03077107109129 1390.7862618491054 612.9328961763531 2269.9676901474595 17.276129350531846 76.054608550388366 421.75051895435899 186.8151425672695
leaf_count=236 4515 2202 28 606 556 6646 2484 7509 5804 7716 972 376 1423 1596
internal_value=-0.000211769 9.36868e-05 0.000979847 -0.000492747 -0.000155148 -0.000570718 0.000282123 -0.000342187 0.000858427 -0.000248473 -0.001427 -0.00017801 -0.00161768 -0.00199354
internal_weight=8488.81 4033.53 901.478 4455.27 3132.05 1629.1 1502.96 3855.86 893.9 3660.75 599.41 93.3307 506.079 195.109
internal_count=42669 22235 8034 20434 14201 7202 6999 17057 8006 15225 3377 1348 2029 1832
is_linear=0
shrinkage=0.0224352


Tree=136
num_leaves=14
num_cat=0
split_feature=9 30 26 26 5 17 10 5 23 9 0 26 26
split_gain=1.45117 1.7018 1.0882 1.7305 0.925055 1.9762 0.601482 0.528821 0.605528 0.580871 0.522194 0.155713 0.0420604
threshold=0.18308875699766039 20.900000000000002 0.2187875984333599 0.22176261795040594 0.24805566097319001 0.40626698307462311 0.2426564011952328 0.095470895792520577 0.026519471348685295 0.15959500426350745 0.35232500000000005 0.71967744684650325 0.66886001932614636
decision_type=8 8 8 8 10 10 10 10 8 10 2 10 10
left_child=7 2 6 -4 10 -6 -2 8 9 -1 -3 -9 -10
right_child=1 4 3 -5 5 -7 -8 11 12 -11 -12 -13 -14
leaf_value=-8.2175867730061773e-05 -0.00042205622052569566 -0.00050994698472899545 0.00053307249131519371 1.4296795524985982e-05 0.0022463173206686946 -0.00026978286224851037 -1.3186671579621235e-05 -0.00034163195145142715 -0.00053394695885449297 4.8096860538676513e-05 -0.00010453456571899099 8.2386338536481001e-05 -3.6860427765157276e-05
leaf_weight=116.04760273173451 385.47991796489805 266.09001470403746 19.48289377707988 5263.4502259991132 25.460590887349099 109.19112260267138 452.7403508964926 275.43877612939104 123.17311525763944 153.62525692302734 1279.0215008440427 12.453722127713261 7.1501574767753473
leaf_count=910 1790 1840 102 25002 112 520 1916 1774 1450 782 6065 250 156
internal_value=-0.000231223 -0.000141191 2.92942e-05 0.000151579 -0.000774088 0.000934447 -0.000717335 -0.00122247 -0.000618946 0 -0.000936105 -0.00198944 -0.00187135
internal_weight=8488.81 7800.92 6121.15 5282.93 1679.76 134.652 838.22 687.889 399.996 269.673 1545.11 287.892 130.323
internal_count=42669 37347 28810 25104 8537 632 3706 5322 3298 1692 7905 2024 1606
is_linear=0
shrinkage=0.0224352


Tree=137
num_leaves=16
num_cat=0
split_feature=34 26 16 11 12 12 17 17 17 33 17 17 16 24 13
split_gain=1.26191 1.42102 1.40555 2.32903 0.801758 2.46291 3.16331 0.782407 1.00081 0.775709 0.925317 0.74571 0.639634 0.384249 0.122671
threshold=0.0051423744002194747 0.4867703674719796 1.3020365151883875 0.33687367671325114 0.076383645681328591 0.088980769242966759 0.93989546574238836 1.1792257249834883 0.99095339886675504 0.035538486809739707 0.57594363436672658 1.3078344720807569 0.96666770458660045 10.500000000000002 1.0706778561869157
decision_type=10 10 10 8 10 10 10 8 10 10 10 10 10 2 10
left_child=1 7 3 -3 9 6 -6 8 -1 10 -2 -9 -11 -7 -4
right_child=4 2 14 -5 5 13 -8 11 -10 12 -12 -13 -14 -15 -16
leaf_value=-3.8819943738285337e-05 0.0019213800336137354 -5.1501377291048407e-06 -0.00010133444162089647 0.00092544591810401545 -3.4214232362754115e-06 -9.2883958716569632e-05 0.00073791170928799894 -0.00024906380647689362 4.0132116754839244e-05 -0.00031596889961725951 -0.00027306062803713753 -3.7269585229083888e-05 5.6887704636651164e-05 -0.0002097783837816726 -0.00070615673269451952
leaf_weight=2451.9721412919462 29.992101311683655 997.47796933352947 40.523811553604901 717.25536040938459 76.981682982295752 431.83231559768319 78.476951202377677 476.39481484913267 815.67716176202521 169.07498614490032 818.83289398625493 625.62467438960448 345.53067516721785 305.31698369979858 107.84072464052588
leaf_count=12756 40 8253 224 4232 147 2898 210 3531 3742 510 1692 2438 866 466 664
internal_value=-0.00018829 -2.04013e-05 0.000494806 0.000684278 -0.000643197 -9.53837e-05 0.00243937 -0.000244651 -6.36011e-05 -0.000987094 -0.00140928 -0.00076318 -0.000251414 -0.000658238 -0.00155625
internal_weight=8488.81 6232.77 1863.1 1714.73 2256.04 892.608 155.459 4369.67 3267.65 1363.43 848.825 1102.02 514.606 737.149 148.365
internal_count=42669 35840 13373 12485 6829 3721 357 22467 16498 3108 1732 5969 1376 3364 888
is_linear=0
shrinkage=0.0224352


Tree=138
num_leaves=16
num_cat=0
split_feature=32 19 19 27 26 5 36 28 36 16 27 22 5 22 16
split_gain=1.47836 1.23099 1.59878 2.28295 0.990723 2.24722 3.07398 0.954452 1.55947 0.748524 0.642036 0.640903 0.450658 0.369669 0.203531
threshold=0.87137203166226918 0.14236498212524437 0.16217325253356676 0.16095146173156208 0.52461966818322048 0.24805566097319001 1.0000000180025095e-35 0.039649999999999998 1.0000000180025095e-35 1.3020365151883875 0.17939610815043269 0.16126669841713129 0.010509163058974891 0.043816501636618953 0.72010817636404878
decision_type=8 10 10 8 10 10 2 10 2 10 10 10 10 8 8
left_child=1 7 3 -3 12 10 -7 9 -9 -1 -6 -4 13 -2 -14
right_child=4 2 11 -5 5 6 -8 8 -10 -11 -12 -13 14 -15 -16
leaf_value=-2.5606030753149429e-05 -0.00030058865992364987 -0.00027504393235252715 0.0002710700821285366 0.0010978844220340732 -0.00044486714742796859 -0.00032743603214016408 0.0018782734112588123 -5.3374469677742514e-05 0.00038868862663898949 -0.00032822130418401171 -2.7704218433083163e-05 -0.0010601178547973607 0.00015457650580425389 1.662159751004759e-05 -0.00033588039425822111
leaf_weight=5058.5103933867067 178.09772935556248 64.279066317714751 161.69179373607039 108.75857515214011 136.57406060700305 33.902004010044038 22.719006044790149 584.1885716333054 381.7717747092247 286.33032406214625 684.93194767157547 89.56106990808621 19.274451687932014 161.85532758920453 516.35915245045908
leaf_count=25154 982 332 476 428 382 178 72 3098 1821 1916 3564 641 106 1265 2254
internal_value=-0.00022347 -6.91321e-05 0.00109427 0.00275089 -0.000804676 -0.000243937 0.00401629 -0.000150584 0.000491007 -0.000270291 -0.00056412 0 -0.00134388 -0.0006103 -0.00177134
internal_weight=8488.81 6735.09 424.291 173.038 1753.71 878.127 56.621 6310.8 965.96 5344.84 821.506 251.253 875.587 339.953 535.634
internal_count=42669 33866 1877 760 8803 4196 250 31989 4919 27070 3946 1117 4607 2247 2360
is_linear=0
shrinkage=0.0224352


Tree=139
num_leaves=16
num_cat=0
split_feature=30 1 10 10 28 24 17 22 23 10 30 4 14 17 17
split_gain=1.45092 1.1998 1.15882 1.29433 0.928602 1.08458 0.610178 0.607576 1.04466 1.5824 0.55327 0.287865 0.105169 0.0886294 0.0706766
threshold=20.900000000000002 0.13605990783410141 0.76190193898359626 0.6707547517055652 0.039199999999999936 11.500000000000002 1.5745502920187417 0.032778174807429894 0.028067222116816618 0.21220804006705249 22.285000000000004 inf 4.5822462885077995 0.54238983336949309 0.93439534965148341
decision_type=8 2 10 10 10 2 10 8 10 8 8 8 10 8 10
left_child=1 4 3 -3 6 -6 -1 12 9 -9 -10 -4 13 -2 -14
right_child=7 2 11 -5 5 -7 -8 8 10 -11 -12 -13 14 -15 -16
leaf_value=-4.6508389492050391e-05 8.9874415100001193e-05 0.00011381669004318371 -0.0010590389419803741 0.00099120729767868316 -2.9683625043674188e-05 0.00033173933396296612 -0.0003829740757006111 0.00049524464449354408 -9.5441576098892952e-05 -8.1104170981134959e-06 -7.870156408407168e-05 0.0003770865484726744 -0.0005796155841025412 -0.00042252063147583659 7.0863816259607014e-05
leaf_weight=4249.730046082288 10.253143638372419 1299.0581652699038 115.83739327918738 100.16814518813044 475.30691467830911 267.68090283870697 202.65615182556212 21.900122053921223 188.00077754631639 63.231930702924728 1111.0890930634923 24.653849743306637 26.418324306607246 319.91586229857057 12.904425806365905
leaf_count=22759 66 5392 322 296 3597 392 1012 90 712 1452 4687 96 110 1612 74
internal_value=-0.000226026 -7.30777e-05 0.000472569 0.000677402 -0.000238643 0.000483993 -0.000363738 -0.000801895 -0.000563532 0.00177022 -0.000732412 -0.00142148 -0.0016391 -0.00177938 0
internal_weight=8488.81 6735.09 1539.72 1399.23 5195.37 742.988 4452.39 1753.71 1384.22 85.1321 1299.09 140.491 369.492 330.169 39.3228
internal_count=42669 33866 6106 5688 27760 3989 23771 8803 6941 1542 5399 418 1862 1678 184
is_linear=0
shrinkage=0.0224352


Tree=140
num_leaves=16
num_cat=0
split_feature=26 31 11 11 30 30 5 39 38 11 7 24 39 5 5
split_gain=1.33697 2.18973 1.43484 2.65468 1.29592 1.0523 1.01669 0.79167 0.709707 0.56721 0.451487 0.283636 0.227497 0.23288 0.119071
threshold=0.41307225082740173 2.7600000000000011 0.33687367671325114 0.5374344010044495 20.900000000000002 18.665000000000003 0.14202381246818796 1.0000000180025095e-35 4.5000000000000009 0.22402869378823684 0.55169998087070771 6.5000000000000009 1.0000000180025095e-35 0.74919608684516825 0.010509163058974891
decision_type=10 10 8 10 8 10 8 2 2 10 10 2 2 8 8
left_child=4 2 6 -4 7 10 -2 11 -7 -9 -3 -1 14 -14 -6
right_child=1 5 3 -5 12 8 -8 9 -10 -11 -12 -13 13 -15 -16
leaf_value=0.00013174828607914618 -0.00022559697710664055 -0.00078453385392666822 0.00093650854126787759 -0.00012643891966886993 0.0018655155374087517 -7.9089804591760053e-05 4.111650354110402e-05 -9.2907391256887305e-05 0.00012127614164131389 -9.1965104729024488e-07 0.0003686265212236345 -0.00046355753240758928 -0.00032436631108678717 -0.00021098699762366112 -0.0001073743829118947
leaf_weight=40.302562314085662 429.40107148187235 313.74438363034278 688.06446621147916 267.83375057019293 13.724181112367658 753.35547155886889 899.89742859266698 1347.4829444875941 626.16968108620495 2183.7912269737571 55.066528081893921 284.28574204444885 328.54111695848405 199.17274069366977 57.971952524036169
leaf_count=1426 2818 1977 3678 964 68 2598 5812 6139 4262 8600 126 892 1518 1263 528
internal_value=-0.000231759 5.97714e-05 0.000521362 0.00118471 -0.000500128 -0.000532172 2.91236e-05 -0.000342422 -0.00023039 -0.000238055 -0.00160524 -0.00141452 -0.0014803 -0.00164484 0
internal_weight=8488.81 4033.53 2285.2 955.898 4455.27 1748.34 1329.3 3855.86 1379.53 3531.27 368.811 324.588 599.41 527.714 71.6961
internal_count=42669 22235 13272 4642 20434 8963 8630 17057 6860 14739 2103 2318 3377 2781 596
is_linear=0
shrinkage=0.0224352


Tree=141
num_leaves=16
num_cat=0
split_feature=34 1 16 34 26 27 35 35 26 32 34 3 18 8 34
split_gain=1.46535 1.48983 1.01321 1.37177 0.982468 1.11198 0.891169 1.49037 1.56682 0.653941 0.607814 0.638224 0.624188 0.367299 0.127593
threshold=0.0051423744002194747 0.12430501930501932 1.3020365151883875 -0.012091077827593664 0.21633451381071006 0.24917786153365262 2.648299946266762 2.2808504702945727 0.52461966818322048 0.44459102902374675 0.045554960127226492 56.500000000000007 0.11451597502589585 0.63570868722144847 0.001825754099080479
decision_type=8 2 8 10 10 10 2 2 8 10 10 2 10 8 10
left_child=1 4 3 -3 9 -6 7 13 -9 -1 12 -12 -8 -2 -4
right_child=6 2 14 -5 5 -7 10 8 -10 -11 11 -13 -14 -15 -16
leaf_value=-3.2010341015015319e-06 -0.00041667737845976641 8.9205361392078461e-06 -0.0010179430293115284 0.0004541426861237451 2.0884315966461534e-05 -0.00016230947333186469 -0.00011316080899876362 -4.7709230317963018e-05 0.0011580207884476759 -0.00033116542631258714 -4.9969241473938568e-06 0.00042850295892591115 0.0010021465749463579 0.003433045601320241 0.00028702993989891538
leaf_weight=290.64644474117085 79.104016255121678 905.49951677955687 94.384042946156114 657.9179535266012 1931.6753017022274 1536.5855229678564 1878.2244992251508 34.795871754176915 54.496089674066752 617.10177348461002 316.86371738091111 21.940692005679011 34.570714081637561 13.243503533769397 21.755588263273239
leaf_count=2104 309 5326 324 1809 9998 9920 7278 236 226 2327 2354 136 92 110 120
internal_value=-0.000236951 -4.65585e-05 0.000517355 0.000676395 -0.000267571 -8.91725e-05 -0.0007025 0.000751284 0.00287453 -0.000926858 -0.000828751 0 -0.000984046 -0.00109239 -0.00144664
internal_weight=8488.81 6055.57 1679.56 1563.42 4376.01 3468.26 2433.24 181.639 89.292 907.748 2251.6 338.804 1912.8 92.3475 116.14
internal_count=42669 31928 7579 7135 24349 19918 10741 881 462 4431 9860 2490 7370 419 444
is_linear=0
shrinkage=0.0224352


Tree=142
num_leaves=16
num_cat=0
split_feature=34 9 13 34 9 5 21 21 9 11 27 12 11 31 12
split_gain=1.31413 1.32235 1.15928 1.46991 1.25412 1.14059 1.45455 1.15919 0.755324 0.93016 0.602674 0.489611 1.81026 0.275165 0.244728
threshold=0.0051423744002194747 0.27179567982897196 1.6394248692721918 -0.012091077827593664 0.27848898923699056 0.15155238944896529 0.046922877503296476 0.060742326956050224 0.16405463177806134 0.2528858057999061 1.0000000180025095e-35 0.076383645681328591 0.3651740877949407 9.5650000000000031 0.045273910413874234
decision_type=8 10 10 10 10 8 10 10 10 10 10 10 10 10 10
left_child=1 8 4 -4 -3 11 10 -8 14 -10 -7 13 -13 -2 -1
right_child=5 2 3 -5 -6 6 7 -9 9 -11 -12 12 -14 -15 -16
leaf_value=-0.00039244508735045668 -0.00032832618385782169 0.0010845011468384954 5.9943797307670771e-05 0.00070726099120930054 -1.5848401071921335e-05 0.00078333721081688614 0.00093821570045891326 -2.627739553670265e-05 -6.9769544637231387e-07 -0.0004137348562520974 -0.00018781560212996086 0.00011265655590495617 -0.00018380870199281599 0.00014376087657901258 1.1163243673742603e-07
leaf_weight=238.15136551111937 516.43506013788283 114.24588752537966 852.79825960053131 418.93268756382167 1838.18251423724 15.554950118064879 203.42336697503924 442.59636681526899 1940.3497446943074 636.96602659253404 921.68091082479805 50.65160621330142 259.4319605268538 23.464882299304008 15.939658686518667
leaf_count=1584 2720 441 5982 1162 7902 86 592 1211 11064 3757 4780 324 970 58 36
internal_value=-0.000221669 -4.11958e-05 0.00026579 0.000794071 -6.82555e-05 -0.000662539 -0.000290265 0.000509394 -0.000397766 -0.000273175 -0.000862623 -0.001332 -0.000524911 -0.0017578 -0.00158031
internal_weight=8488.81 6055.57 3224.16 1271.73 1952.43 2433.24 1583.26 646.02 2831.41 2577.32 937.236 849.984 310.084 539.9 254.091
internal_count=42669 31928 15487 7144 8343 10741 6669 1803 16441 14821 4866 4072 1294 2778 1620
is_linear=0
shrinkage=0.0224352


Tree=143
num_leaves=16
num_cat=0
split_feature=30 26 18 30 31 28 17 34 18 34 17 30 13 28 26
split_gain=1.4788 1.09073 1.15637 1.35061 1.00279 1.07032 1.03942 0.980235 1.19184 0.50665 0.494359 0.513368 0.409289 0.304643 0.197374
threshold=20.900000000000002 0.21633451381071006 0.021231726672485633 17.860000000000003 7.0500000000000016 0.017200000000000024 0.94998180552271838 0.025921503350239686 0.0021494871345779658 0.043473461284611721 0.64352158518855596 23.965000000000003 1.2204872608681114 -0.097450000000000023 0.44894060899910765
decision_type=8 8 10 10 8 10 10 10 10 10 10 10 10 8 8
left_child=1 2 13 -4 10 14 -7 8 -3 -9 11 -2 -12 -1 -6
right_child=4 7 3 -5 5 6 -8 9 -10 -11 12 -13 -14 -15 -16
leaf_value=0.00013467889120122477 0.0004964932790272441 3.9741153234630501e-05 -5.0940162897894789e-05 0.00028512139301209791 -0.00030168338241633023 0.00032998346073271582 -0.00031244247632095313 -0.0002564796652830449 -2.8103665996614715e-05 0.00043180714049610806 -9.8009584694121532e-05 -0.00060588073766178045 -0.00017779898641052648 -0.00038442856820493663 -0.00028540723728419262
leaf_weight=22.61954589933157 52.2958999350667 2602.9721697536297 315.30470499675721 52.359366781078279 164.19849391118623 188.88252477045171 159.7552193403244 182.45257490128279 2961.7452694112435 21.605014834553003 123.6092983353883 59.527672439813614 600.58825400378555 576.03292232751846 404.8563166805543
leaf_count=196 238 13702 1462 190 1698 1254 844 322 14718 344 480 120 1506 2932 2663
internal_value=-0.000252119 -9.76414e-05 -0.000795458 0.000146652 -0.000833852 -0.000293759 0.000651811 1.58658e-05 7.53358e-05 -0.00150479 -0.00140239 0 -0.00161664 -0.00140684 -0.000908029
internal_weight=8488.81 6735.09 966.317 367.664 1753.71 917.693 348.638 5768.78 5564.72 204.058 836.021 111.824 724.198 598.652 569.055
internal_count=42669 33866 4780 1652 8803 6459 2098 29086 28420 666 2344 358 1986 3128 4361
is_linear=0
shrinkage=0.0224352


Tree=144
num_leaves=16
num_cat=0
split_feature=9 30 28 28 10 10 33 5 5 5 19 33 30 31 33
split_gain=1.20543 1.37596 1.23493 2.13511 0.881508 1.70213 0.673935 0.321176 0.236617 0.541349 1.25627 0.121388 0.0609929 0.0367313 0.000275413
threshold=0.17113515679517244 20.900000000000002 0.01464999999999997 0.015600000000000018 0.76190193898359626 0.6707547517055652 -0.060068280761430108 0.010509163058974891 0.095470895792520577 0.05657277892971662 0.016596955983087792 0.011868612538686542 15.145000000000001 -4.4049999999999994 1.0000000180025095e-35
decision_type=8 8 10 10 10 10 8 8 8 10 8 10 10 10 10
left_child=8 4 6 -4 5 -2 -3 -6 9 13 -11 14 -13 -1 -10
right_child=1 2 3 -5 7 -7 -8 -9 11 10 -12 12 -14 -15 -16
leaf_value=0.00014570417429100489 -1.9390458360280311e-06 -0.00020770464811167914 5.7700339975046862e-06 -3.4817524907965783e-05 0.00036114223752413849 0.0009177971184585323 -0.00020271738240684042 -0.00079760225442594473 0.00039683605838817306 9.8228193568826436e-05 -2.0650025739614925e-05 -0.00014221278470374853 -0.00038300997510029447 -0.00032684784587221506 -0.00021669876897633094
leaf_weight=5.0613668421283355 6019.7266451269388 347.76059941388667 27.329046636121348 695.77128412923776 18.391553543508053 133.48290638346225 640.28011320671067 169.53622762858868 4.9034185698255923 11.039428336545823 32.108485645148903 16.300028352066875 296.14133650343865 58.728234828449786 12.244573175907133
leaf_count=422 29148 2420 102 3258 78 404 2853 536 906 76 338 512 1216 370 30
internal_value=-0.000240805 -0.000175681 -0.000740492 -7.91248e-06 -2.0086e-05 2.30242e-05 -0.00125624 -0.0015332 -0.00139497 -0.000240774 0.00145695 -0.00170828 -0.00180923 -0.00170063 0
internal_weight=8488.81 8052.28 1711.14 723.1 6341.14 6153.21 988.041 187.928 436.527 106.938 43.1479 329.589 312.441 63.7896 17.148
internal_count=42669 38799 8633 3360 30166 29552 5273 614 3870 1206 414 2664 1728 792 936
is_linear=0
shrinkage=0.0224352


Tree=145
num_leaves=14
num_cat=0
split_feature=9 32 16 28 28 20 32 12 18 27 32 27 32
split_gain=1.14948 1.36684 1.44746 1.19626 0.880289 1.33577 0.693802 0.601726 0.239928 0.204125 0.247398 0.0166582 0.0120171
threshold=0.15959500426350745 0.87137203166226918 0.97113878523363673 0.01464999999999997 0.030249999999999975 0.049125395573781823 0.41952506596306077 0.18661959551407609 -0.014841430318739966 0.26244714548241893 0.83179419525065967 0.70288954104028478 0.36345646437994733
decision_type=8 8 8 10 10 10 10 10 10 10 10 8 10
left_child=8 4 7 -4 6 -6 -2 -3 9 -1 -11 12 -10
right_child=1 2 3 -5 5 -7 -8 -9 11 10 -12 -13 -14
leaf_value=-0.00031951493597773956 4.0690679832428916e-05 -0.00046653156286004163 -0.00011506437408561579 2.9240735269731728e-05 -2.0838270103598626e-05 0.00035152605855889982 -3.2255628621168088e-05 0.00020382965235073627 -0.00040361511943958861 -0.00081519571934913538 0.00016819438754621879 -6.8509845473647816e-05 -0.00046439305490573595
leaf_weight=23.621992133557796 847.76038426160812 523.8371998462826 641.72538204630837 508.87240998260677 578.91559276962653 955.18356447573751 4111.295166386757 50.113929718732834 13.319843897596 4.5440717721357924 6.3399201016873121 5.9947367934510103 217.28105413587764
leaf_count=404 7544 1508 4245 2628 2919 4416 16353 316 370 242 28 86 1610
internal_value=-0.000236082 -0.000185884 -0.00074779 -0.000267731 -3.35355e-05 0.00043224 -0.000181662 -0.00167444 -0.00168124 0 0.00253698 -0.00193576 -0.00196993
internal_weight=8488.81 8217.7 1724.55 1150.6 6493.15 1534.1 4959.06 573.951 271.102 34.506 10.884 236.596 230.601
internal_count=42669 39929 8697 6873 31232 7335 23897 1824 2740 674 270 2066 1980
is_linear=0
shrinkage=0.0224352


Tree=146
num_leaves=15
num_cat=0
split_feature=26 26 28 27 9 38 34 34 26 21 28 5 24 23
split_gain=1.2953 1.66458 1.89716 1.3463 1.46865 1.21809 1.124 1.08587 0.9407 1.08793 0.958806 0.566037 0.554573 0.496699
threshold=0.41307225082740173 0.42023637174201794 -0.041049999999999996 0.28950417111909038 0.6295682081833559 3.5000000000000004 -0.008397453805019937 0.011816481628332045 0.21633451381071006 0.021825260579462411 0.027700000000000034 0.023781580948263169 10.500000000000002 0.10608429375478591
decision_type=10 10 8 8 8 2 8 10 8 8 10 10 2 10
left_child=6 2 -2 4 -3 -5 8 -4 10 -10 -1 13 -13 -8
right_child=1 3 7 5 -6 -7 11 -9 9 -11 -12 12 -14 -15
leaf_value=-0.00024814024022183807 0.00082639706860670407 0.00013445326031088123 -0.00056934323844793537 -0.00012184572158436543 0.0010982807765906812 8.8881197835947465e-07 -0.00022009523424712898 0.0003853264296180413 4.1472404969914786e-05 -2.888206280963182e-05 6.3271852914658481e-05 -0.00026885322220997123 -0.00030984163414555794 0.0016538176978060186
leaf_weight=711.80950955301523 11.854663147125391 1746.4498163680546 60.95652185427025 928.51120818429627 39.889625156996772 1217.171031574253 741.24849494011141 28.699914928525686 688.8960775686428 1503.3579681734554 74.44509322475642 209.64203262585215 485.34035784006119 40.532933182548732
leaf_count=3460 56 9397 342 3288 380 8700 3195 72 3219 6789 344 2332 824 271
internal_value=-0.000218182 6.87868e-05 0.00289799 0 0.000450252 -0.000383351 -0.000482424 0.00149263 -0.000222773 7.1137e-06 -0.000888581 -0.000992401 -0.00147564 -0.000536707
internal_weight=8488.81 4033.53 101.511 3932.02 1786.34 2145.68 4455.27 89.6564 2978.51 2192.25 786.255 1476.76 694.982 781.781
internal_count=42669 22235 470 21765 9777 11988 20434 414 13812 10008 3804 6622 3156 3466
is_linear=0
shrinkage=0.0224352


Tree=147
num_leaves=16
num_cat=0
split_feature=34 9 35 34 12 35 35 24 38 16 34 9 21 8 21
split_gain=1.33051 1.28267 1.49154 2.38177 0.921632 0.836273 1.49132 1.67194 0.878698 0.792191 0.743401 0.709078 0.620385 0.367299 0.106825
threshold=0.0051423744002194747 0.27365907381601678 4.2459921092674184 -0.023602568626968797 0.078334004126083656 2.648299946266762 2.2808504702945727 11.500000000000002 4.5000000000000009 0.99578194278198673 0.045554960127226492 0.15959500426350745 0.020178283699964477 0.63570868722144847 0.065020481514075093
decision_type=8 10 2 10 10 2 2 2 2 10 10 10 10 8 10
left_child=1 4 3 -3 11 6 13 -8 10 -10 -7 -1 -4 -2 -6
right_child=5 2 12 -5 14 8 7 -9 9 -11 -12 -13 -14 -15 -16
leaf_value=-0.00036701477584631019 -0.00042773346360536869 -3.1409641809517421e-05 8.0213286322666178e-05 0.00053300729279804249 -0.00059463864898025396 -0.00016007901598614094 0.00017239588806859446 0.0010927097681284075 -0.000278136061243546 7.8419739390396155e-05 2.4825257306389173e-07 -1.4794081385553901e-05 -6.9443436666494649e-05 0.0033738627268340891 -0.00069714804245655441
leaf_weight=211.6965459594503 79.104016255121678 714.52013059984893 158.10173006355762 1125.2497324198484 167.91364863328636 1250.3712083739229 55.422366496641189 33.869594931602478 283.57853395165876 458.46652165940031 259.18335870839655 2493.7451307666488 1166.1838926714845 13.243503533769397 18.155333297327161
leaf_count=1320 309 6633 776 3149 554 4178 418 44 938 2932 1812 14805 4647 110 44
internal_value=-0.000212823 -3.13055e-05 0.000277217 0.000693609 -0.000375768 -0.000656294 0.000751901 0.00287579 -0.000778868 -0.000116152 -0.00109132 -0.000261996 -0.000286304 -0.00109239 -0.00191812
internal_weight=8488.81 6055.57 3164.06 1839.77 2891.51 2433.24 181.639 89.292 2251.6 742.045 1509.55 2705.44 1324.29 92.3475 186.069
internal_count=42669 31928 15205 9782 16723 10741 881 462 9860 3870 5990 16125 5423 419 598
is_linear=0
shrinkage=0.0224352


Tree=148
num_leaves=16
num_cat=0
split_feature=32 26 35 26 27 26 5 8 5 35 28 27 5 35 24
split_gain=1.21431 1.39802 1.19695 2.89352 1.83189 0.903877 2.20482 2.87811 0.848533 0.806177 0.801941 0.668284 0.329866 0.830852 0.358234
threshold=0.87137203166226918 0.21633451381071006 4.2459921092674184 0.47743656364480797 0.28444749850061751 0.52461966818322048 0.24805566097319001 0.32758818019556724 0.023781580948263169 3.873178086506174 0.027700000000000034 0.17939610815043269 0.010509163058974891 4.4695794726636633 7.5000000000000009
decision_type=8 8 2 10 10 10 10 10 8 2 10 10 10 2 2
left_child=1 8 3 -3 -4 12 11 -8 9 -1 -10 -7 13 -2 -14
right_child=5 2 4 -5 -6 6 7 -9 10 -11 -12 -13 14 -15 -16
leaf_value=-0.00012586633119379944 -0.00019259677425196653 -2.4547384983727423e-05 9.9217544767292836e-06 0.0007907229872416272 -0.0001786546657859882 -0.00045435744792819916 0.001819579154971546 -0.00016544488273095937 -0.00030842908991112394 0.0014682704002498971 6.0583156429416139e-05 -2.5970525753666155e-05 2.5858467878900579e-05 0.0002057525547599243 -0.00029908804989625849
leaf_weight=45.247488322667778 247.77275048196316 1820.8167956140824 1777.3073603855446 964.66416956624016 1205.9867033348419 136.57406060700305 23.406252195127308 33.214757859706879 791.23938961699605 39.251422091387212 90.578239973634481 684.93194767157547 23.387922971742228 92.180306462803856 512.24568116664886
leaf_count=386 1645 8884 8489 5763 5950 382 72 178 3788 222 384 3564 1018 602 1342
internal_value=-0.000215034 -7.47976e-05 5.4285e-05 0.000391519 -0.000253942 -0.000742096 -0.000205849 0.00401629 -0.000865567 0.00116687 -0.00108342 -0.000523408 -0.00125677 -0.000609969 -0.00162922
internal_weight=8488.81 6735.09 5768.78 2785.48 2983.29 1753.71 878.127 56.621 966.317 84.4989 881.818 821.506 875.587 339.953 535.634
internal_count=42669 33866 29086 14647 14439 8803 4196 250 4780 608 4172 3946 4607 2247 2360
is_linear=0
shrinkage=0.0224352


Tree=149
num_leaves=16
num_cat=0
split_feature=15 26 34 26 21 28 18 25 11 9 13 7 34 24 26
split_gain=1.32164 1.12231 1.59014 1.5051 0.725642 1.75756 3.08147 0.725437 0.603258 1.28821 0.392972 0.396542 0.252121 0.243118 0.208527
threshold=1.1227154631246055 0.21633451381071006 0.004050340249797669 0.22176261795040594 0.07517682260205906 0.018850000000000009 0.092454299904064188 0.85871219389733444 0.24185426544519981 0.22196794676886647 1.3507517054955496 0.2219424875773757 -0.047576253429433384 10.500000000000002 0.9355950978530605
decision_type=10 8 10 8 8 10 8 8 10 10 8 10 10 2 8
left_child=4 8 3 -3 10 13 -7 -4 12 -10 11 -1 -2 -6 -12
right_child=1 2 7 -5 5 6 -8 -9 9 -11 14 -13 -14 -15 -16
leaf_value=-0.00018399148476133626 -0.00024931907153801945 0.00045387744091460891 -9.294624881262659e-05 1.6495578366062268e-05 -2.6898703565868901e-05 6.2871988260040847e-05 0.00099528533292409893 7.6311145906918263e-06 0.00017929052648238674 -8.0286080715750615e-06 -0.0002714522233461205 -0.00014984344076487461 -0.00037835803208480017 -0.0010281360737117099 -0.00025511581796968416
leaf_weight=178.38127959799021 134.33316598739475 42.278478922788054 1161.0086554307491 4172.9820320131257 71.599098112666979 72.138325845357031 17.622489201137796 494.86002799682319 20.64459049096331 304.56697131227702 251.88182024750859 1041.3136312840506 371.70650930702686 74.689823567867279 78.798349004238844
leaf_count=1144 1448 226 3101 23776 1862 256 530 1340 138 1496 1076 4567 1140 126 443
internal_value=-0.000205578 -5.78115e-05 4.82609e-05 0.000282769 -0.000748675 0.000349807 0.00287438 -0.000536617 -0.000830449 -1.30977e-05 -0.000928798 -0.000712951 -0.00131594 -0.00106862 -0.00166254
internal_weight=8488.81 6702.38 5871.13 4215.26 1786.42 236.05 89.7608 1655.87 831.251 325.212 1550.38 1219.69 506.04 146.289 330.68
internal_count=42669 32665 28443 24002 10004 2774 786 4441 4222 1634 7230 5711 2588 1988 1519
is_linear=0
shrinkage=0.0224352


Tree=150
num_leaves=16
num_cat=0
split_feature=34 26 16 1 28 28 27 17 33 28 2 16 21 32 31
split_gain=1.08704 1.26552 1.28334 1.08769 0.827586 1.37048 2.71059 1.14344 0.817291 0.745884 1.82822 0.647827 0.637646 0.559193 0.338555
threshold=0.0051423744002194747 0.21633451381071006 1.3020365151883875 0.12430501930501932 0.01464999999999997 0.015600000000000018 0.46818077268118857 0.51084925299586836 0.05280506221250237 0.027700000000000034 0.13227393755432965 1.1323124391118531 0.033600474418207966 0.41424802110817943 -2.1200000000000006
decision_type=8 8 10 2 10 10 10 10 10 10 2 10 8 10 10
left_child=1 9 3 -3 8 6 -6 -7 12 13 -11 -10 -2 -1 -4
right_child=4 2 14 -5 5 7 -8 -9 11 10 -12 -13 -14 -15 -16
leaf_value=9.7070445065032907e-06 -0.00043392624831937272 -1.2292883201815429e-06 7.1774635386089955e-05 0.00026215238463978094 -0.00095064005426475696 0.00065242545705363267 0.00011418488864679951 -4.7353696777044542e-05 -1.6614617361183419e-05 7.1295826290377403e-05 -0.00024372553830948049 0.0011141676297534023 -7.2184684083021389e-05 -0.00032015464924804976 -0.0004574311594732682
leaf_weight=179.09343351796269 565.75685629062355 3463.8238761066459 13.942659019492565 1419.3378291516565 18.045129386009648 47.151208568131551 17.893839418888092 1051.1554527203552 120.24238012358546 28.473255218472332 52.64690033858642 43.939858917146921 569.05437848577276 635.8452712725848 262.40291978605092
leaf_count=1592 1876 20151 94 6491 90 704 32 3440 422 156 212 124 4053 2214 1018
internal_value=-0.000204721 -4.02464e-05 9.14816e-05 0.000179321 -0.000605786 -0.000142187 0.0041008 -0.000301005 -0.000995075 -0.00082051 0.00111129 0.000394576 -0.00121372 -0.00103776 -0.0013863
internal_weight=8488.81 6055.57 5159.51 4883.16 2433.24 1134.25 35.939 1098.31 1298.99 896.059 81.1202 164.182 1134.81 814.939 276.346
internal_count=42669 31928 27754 26642 10741 4266 122 4144 6475 4174 368 546 5929 3806 1112
is_linear=0
shrinkage=0.0224352


Tree=151
num_leaves=16
num_cat=0
split_feature=21 9 9 20 35 34 34 31 27 16 35 35 33 11 22
split_gain=1.0919 0.818764 1.40928 2.79357 1.87019 0.724329 1.41477 2.69148 0.763779 0.638564 0.917349 0.845904 0.338757 0.554242 0.225794
threshold=0.015636086501922861 0.23516088033167806 0.24155914913591134 0.056015612685454332 4.8358055526220429 -0.0093832772571880146 -0.012091077827593664 1.9900000000000013 0.19401462783928747 0.93147520640173087 6.6879940119818544 5.3308810939047344 0.028870247836177757 0.18091148392326098 0.0054353328271323784
decision_type=10 8 8 10 2 8 10 10 8 10 2 2 10 10 10
left_child=5 9 3 -3 -4 6 8 -8 -1 11 -11 -2 14 -14 -7
right_child=1 2 4 -5 -6 12 7 -9 -10 10 -12 -13 13 -15 -16
leaf_value=1.0880845649097357e-05 4.876639529930984e-05 -2.6192398075079072e-07 1.8559645148529034e-05 0.00063901144705049047 -0.00017050897440972894 0.00054638456571499104 -0.00050392357742625805 0.00021893233282550194 -0.00021839890212077583 -0.0001940853021739286 3.6367034417440861e-05 -0.0003408283983418261 -0.00028458951438693845 1.676707953410454e-05 -0.00042097181352934119
leaf_weight=307.83096316317096 455.91147296037525 121.22583960089833 3910.0333823072724 71.163340440951288 1476.9579030368477 10.205305880401282 50.617936134338379 26.777383059263229 304.43444817885756 979.36967562604696 19.357620477676392 126.04767644871026 87.438041986897588 153.94401013292372 387.49024888733402
leaf_count=1898 3266 556 17708 342 5288 1914 76 94 2653 4732 84 812 292 426 2528
internal_value=-0.000191845 -7.9114e-05 4.53237e-05 0.00193051 -1.84962e-05 -0.000784088 -0.000243668 0.00255469 -0.000631719 -0.000530781 -0.000875798 2.74577e-05 -0.00133553 -0.000544646 -0.00176431
internal_weight=8488.81 7160.07 5579.38 192.389 5386.99 1328.74 689.661 77.3953 612.265 1580.69 998.727 581.959 639.078 241.382 397.696
internal_count=42669 32788 23894 898 22996 9881 4721 170 4551 8894 4816 4078 5160 718 4442
is_linear=0
shrinkage=0.0224352


Tree=152
num_leaves=15
num_cat=0
split_feature=34 9 35 34 5 5 5 33 12 24 34 31 31 33
split_gain=1.35077 1.2902 1.54038 1.94055 1.15412 1.39814 0.939801 2.67304 0.844964 0.736429 0.70194 0.667731 0.611701 0.355954
threshold=0.0051423744002194747 0.27365907381601678 4.2459921092674184 -0.023602568626968797 0.16339256771806362 0.16743009872092218 0.62288419640281301 0.017945878291863896 0.078334004126083656 10.500000000000002 0.043473461284611721 4.2750000000000021 9.5650000000000031 -0.035429198973742186
decision_type=10 10 2 8 8 8 10 10 10 2 10 10 10 10
left_child=1 6 3 -3 10 -6 8 -8 -1 -4 12 -7 -2 -12
right_child=4 2 9 -5 5 11 7 -9 -10 -11 13 -13 -14 -15
leaf_value=-5.4842379329854584e-05 -0.00019808310375515743 -3.0913125456081871e-05 5.5516631036523181e-05 0.00051493194864596912 0.00088980313366870327 -0.00025545840540706975 0.0012078980003569122 -7.450533828648161e-05 -0.00056556816237740006 -0.00011210971678568904 -0.00025501617631199267 -1.3237306398564239e-05 0.00013179549623813287 0.00011120673316069641
leaf_weight=2832.3287695837207 620.66060538776219 714.52013059984893 529.41961940051988 1125.2920605666004 25.502017050981522 331.82276667095721 18.852289172820747 30.78994008526206 186.69784548645839 794.86600333452225 90.215290278196335 1078.5146149545908 78.85288941860199 30.470406331121922
leaf_count=19563 996 6633 4109 3163 70 864 42 184 832 1314 658 3707 352 182
internal_value=-0.000208431 -3.47766e-05 0.000279543 0.000702662 -0.00067926 -0.000277983 -0.000365338 0.00262647 -0.000421562 -0.000293335 -0.00135689 -0.000386 -0.00163168 7.20379e-05
internal_weight=8488.81 6232.77 3164.1 1839.81 2256.04 1435.84 3068.67 49.6422 3019.03 1324.29 820.199 1410.34 699.513 120.686
internal_count=42669 35840 15219 9796 6829 4641 20621 226 20395 5423 2188 4571 1348 840
is_linear=0
shrinkage=0.0224352


Tree=153
num_leaves=16
num_cat=0
split_feature=30 26 35 17 34 15 23 17 22 23 34 4 17 7 12
split_gain=1.36474 1.50012 3.10501 3.01929 1.86363 0.961198 1.0664 0.620222 0.654798 1.22081 0.652697 0.584143 0.281745 0.102355 0.0786828
threshold=20.900000000000002 0.4867703674719796 4.1466206942773658 1.0551861633328459 0.077805981432611096 1.0877342353751196 0.007600373159115382 0.96393462061300195 0.032778174807429894 0.028067222116816618 0.045554960127226492 0.088493559768724736 0.93439534965148341 0.66878814437130063 0.1180130016205856
decision_type=10 10 2 10 8 10 8 10 10 10 10 10 10 10 10
left_child=1 5 3 -3 -4 11 -7 8 12 -10 13 -1 -2 -9 -12
right_child=7 2 4 -5 -6 6 -8 10 9 -11 14 -13 -14 -15 -16
leaf_value=-0.00022454671274585593 -0.00042432057148681046 0.00045633232626488077 -6.3788211932272004e-05 0.0010257218310967522 0.00021988047445594064 1.0668484161720102e-05 -1.2022716679654476e-05 -0.00026645732616362036 0.00036666368811489258 -2.3650001066093247e-05 0.00010871178340280443 0.0037955636194454993 9.0453082117734741e-05 -6.7113370076792968e-07 -0.00011639658285450513
leaf_weight=765.74898957484402 191.37538764812052 569.24984907638282 1277.8437409265898 271.79059547837824 21.847168131032959 45.455986664164811 3942.5525617250241 406.22872381377965 55.19808679074049 704.66136673279107 67.894442722201347 13.981347162276505 19.516017913818359 19.744181603193283 115.71680235862732
leaf_count=4552 772 3649 7776 1530 326 862 17596 1090 234 2753 488 67 44 116 814
internal_value=-0.000201337 -6.21314e-05 0.000427477 0.00149262 -0.000246828 -0.000286158 -0.00013944 -0.000797083 -0.000414635 -7.94488e-05 -0.00137267 -0.00101049 -0.00152515 -0.00185958 -0.000133044
internal_weight=8488.81 6908.47 2140.73 841.04 1299.69 4767.74 3988.01 1580.34 970.751 759.859 609.584 779.73 210.891 425.973 183.611
internal_count=42669 36358 13281 5179 8102 23077 18458 6311 3803 2987 2508 4619 816 1206 1302
is_linear=0
shrinkage=0.0224352


Tree=154
num_leaves=14
num_cat=0
split_feature=30 35 35 9 23 27 15 27 20 35 20 30 35
split_gain=1.10757 1.0679 1.97802 1.00252 1.33691 1.605 1.15526 0.855974 0.621584 0.580075 1.2538 0.133419 0.0660701
threshold=20.900000000000002 6.3228127841107815 6.5395274483188599 0.17623526274960338 0.007600373159115382 0.22585827971176023 1.1227154631246055 0.15137163783279037 0.066396294777653533 5.276276234364822 0.022057626631074193 20.795000000000005 2.9572512529856776
decision_type=10 2 2 8 8 10 8 10 10 2 8 10 2
left_child=3 7 -3 9 5 -5 -6 12 -9 11 -11 -1 -2
right_child=1 2 -4 4 6 -7 -8 8 -10 10 -12 -13 -14
leaf_value=-0.00035349132622610184 -3.1307875508684983e-05 5.5572498952478852e-06 -0.0011509413766487852 0.00054883660585341055 -0.00014794487880841445 -0.00019545850158364858 9.304104204783248e-06 -0.00012283068124841552 1.2098381355004514e-05 9.6878236110183166e-05 -0.00022595704340190435 8.9646440236766721e-05 -0.00039782591538649835
leaf_weight=365.04067822406068 27.79076143540442 19.13250058144331 26.720013946294785 24.416000586468726 1113.3612260101363 14.277344010770319 5270.4819971565157 894.44187104422599 313.2091631423682 49.91244176030159 62.597742007113993 8.3828089833259565 299.04069943353534
leaf_count=3452 71 56 72 322 4528 438 26762 4004 1452 298 526 32 656
internal_value=-0.000198997 -0.000736125 0.00251326 -7.32049e-05 0 0.00413073 -2.41948e-05 -0.000846994 -0.000547435 -0.00105519 0.000207971 -0.00148867 -0.00189051
internal_weight=8488.81 1580.34 45.8525 6908.47 6422.54 38.6933 6383.84 1534.48 1207.65 485.934 112.51 373.423 326.831
internal_count=42669 6311 128 36358 32050 760 31290 6183 5456 4308 824 3484 727
is_linear=0
shrinkage=0.0224352


Tree=155
num_leaves=15
num_cat=0
split_feature=23 34 20 26 22 23 10 17 38 21 10 21 13 1
split_gain=1.30599 1.21161 1.57447 1.53152 0.982447 0.939642 0.568243 1.34576 1.20103 0.419854 0.323196 0.298939 0.608228 0.266809
threshold=0.019681860092667734 -0.0028740841040943428 0.0074730014690773958 0.4867703674719796 0.032778174807429894 0.028067222116816618 0.2936304395691221 0.6914527630593269 7.5000000000000009 0.0068617728574556528 0.29517655225752343 0.0064176467782354335 1.1327088695658072 0.020893304130162712
decision_type=8 10 8 10 10 10 8 8 2 8 10 10 10 2
left_child=6 2 -2 -4 9 -6 11 8 -8 -3 -9 12 -1 -13
right_child=1 4 3 -5 5 -7 7 10 -10 -11 -12 13 -14 -15
leaf_value=0.0005059796365494588 9.1973445421494063e-05 0.00041035630098837242 -1.5550707361857157e-05 0.00021473866340915941 0.00035491864592022781 -4.388939771422518e-05 7.0698116985462732e-05 0.00021811520824777916 0.004781682785561292 -0.00036511054151048839 -1.5480921735594311e-05 8.7635200826996631e-05 -7.7948414258893119e-06 -0.00032371491142055303
leaf_weight=10.72196765989065 8.8533790782093984 19.744236500933766 3392.2664462376852 1527.5775078570005 109.93752482905984 2258.1708799619228 18.290605690330271 12.059154651593415 13.594078148715196 291.00491475872695 166.79598068306223 18.357106587849557 66.733481544069946 574.69798413291574
leaf_count=32 56 82 17404 11437 364 6918 152 294 132 926 1048 140 794 2890
internal_value=-0.00021371 -0.000116016 8.93131e-05 6.77295e-05 -0.000501152 -0.000334815 -0.00103396 0 0.0041897 -0.0017022 -0.000777599 -0.00135316 0 -0.00152429
internal_weight=8488.81 7607.55 4928.7 4919.84 2678.86 2368.11 881.25 210.74 31.8847 310.749 178.855 670.511 77.4554 593.055
internal_count=42669 37187 28897 28841 8290 7282 5482 1626 284 1008 1342 3856 826 3030
is_linear=0
shrinkage=0.0224352


Tree=156
num_leaves=16
num_cat=0
split_feature=28 16 37 8 10 10 27 31 23 27 19 31 9 28 28
split_gain=1.34444 1.58676 0.994465 1.68506 0.786712 0.707814 1.44417 0.811732 0.696745 0.723766 0.574777 0.400708 0.326267 0.329667 0.199816
threshold=0.031200000000000037 1.0646814850675808 1.0000000180025095e-35 0.30524906892816189 0.35784231463656241 0.63287558116337084 0.57524292943224531 -0.64500000000000035 0.019681860092667734 0.90717793660967361 0.018101937705214888 12.630000000000003 0.34836451314111083 -0.0057000000000000236 0.0034000000000000007
decision_type=10 10 2 10 8 10 10 10 8 10 8 10 10 10 10
left_child=8 2 3 -2 -4 7 -7 -3 12 10 -10 -11 13 -1 -14
right_child=1 5 4 -5 -6 6 -8 -9 9 11 -12 -13 14 -15 -16
leaf_value=-0.0001778995822781396 0.00053197840836176845 0.00070373242515822903 -6.9426085608096427e-05 1.2811620439673021e-05 0.0002892782148379994 0.00092813428503604615 -0.00022739850844731094 -0.00024871387923481203 3.8336953151554917e-05 -0.00031844443062203659 -2.6770828734407321e-05 0.00065017562636622854 0.0017240062513570742 -6.5303402916543061e-05 -8.9279158581394825e-05
leaf_weight=334.66050027916208 306.56651470018551 47.456561990547925 414.55586217530072 230.19436054769903 218.633587900782 90.888802208937705 117.49609833024442 615.12143589789048 103.83383758738637 332.24210155010223 5224.119907280663 16.802445739507675 12.536249789409341 417.04266964225098 6.6543127018958321
leaf_count=2184 1817 464 2350 860 1242 250 614 2240 442 1748 25960 118 126 2196 58
internal_value=-0.000229617 0.000266431 0.000812103 0.00152735 0.000173657 -0.000443806 0.000643348 -0.00081593 -0.000389719 -0.000298768 -0.000229316 -0.00130012 -0.00103308 -0.00112281 0.00140992
internal_weight=8488.81 2040.91 1169.95 536.761 633.189 870.963 208.385 662.578 6447.89 5677 5327.95 349.045 770.894 751.703 19.1906
internal_count=42669 9837 6269 2677 3592 3568 864 2704 32832 28268 26402 1866 4564 4380 184
is_linear=0
shrinkage=0.0224352


Tree=157
num_leaves=16
num_cat=0
split_feature=33 22 27 9 3 1 2 21 21 21 16 16 33 20 22
split_gain=1.05948 1.12365 0.835087 0.957684 0.794876 0.914271 1.17935 0.607155 1.95185 0.52897 0.480672 0.626889 0.46664 0.391339 0.15382
threshold=0.057022789797795743 0.046899020289924688 0.088960837895346215 0.2060679635279212 50.500000000000007 0.0839871794871795 0.11170240796643587 0.14928463797690819 0.17167731171111483 0.051956472300323027 0.91560678740177492 0.74375741317563537 0.013685864821931461 0.028171171992187719 0.017324119355159751
decision_type=10 10 8 10 2 2 2 10 10 8 10 10 8 10 8
left_child=4 10 9 -4 7 14 -7 12 -9 -3 11 -2 -1 -12 -6
right_child=1 2 3 -5 5 6 -8 8 -10 -11 13 -13 -14 -15 -16
leaf_value=-0.00011815362070841322 -0.0004753145282421621 0.00016835234026867828 -0.0003478399709092875 0.00038019872900451061 7.352117563538174e-06 0.00058805838760117514 8.0124920747478452e-06 0.0009982836722408823 -0.000416494119725982 -0.00082857674449585107 -0.00024637086400131601 3.4973492439806575e-05 -2.98784432128617e-05 -1.2038039506274361e-05 -0.00022984121848679281
leaf_weight=1653.2945654261857 97.40492994338274 138.23715131543577 75.133100461214781 942.31322409398854 21.023527196142823 59.799113752553239 800.90586249763146 37.280304784886539 55.406464164145291 139.44546547625214 290.55732331424952 309.80718944501132 3498.0350533293094 220.68376135174185 149.47821176983416
leaf_count=7602 924 860 740 6120 104 222 3568 154 176 896 1874 2660 14606 1471 692
internal_value=-0.000239197 0.000176642 0.000608464 0.000912523 -0.000389053 0.000165964 0.000480413 -0.000501989 0.00122942 -0.000433817 -0.000410656 0.000122515 -0.000537121 -0.000873855 -0.0013018
internal_weight=8488.81 2213.58 1295.13 1017.45 6275.22 1031.21 860.705 5244.02 92.6868 277.683 918.453 407.212 5151.33 511.241 170.502
internal_count=42669 15545 8616 6860 27124 4586 3790 22538 330 1756 6929 3584 22208 3345 796
is_linear=0
shrinkage=0.0224352


Tree=158
num_leaves=14
num_cat=0
split_feature=30 4 16 16 16 7 11 16 33 33 11 21 22
split_gain=1.03911 1.09878 1.18077 1.95202 0.975716 1.16713 3.95631 0.943502 0.631159 0.612116 0.611328 0.325035 0.215591
threshold=20.900000000000002 0.48345067971396516 1.0348853570678509 1.0330696394630812 0.97113878523363673 0.29903470574638141 0.26969991640950447 1.0416739754483009 -0.056163535993754003 -0.029125125297265072 0.47575298857050935 0.036028688801798305 0.11669834881893776
decision_type=10 10 8 10 10 10 10 8 10 10 10 8 10
left_child=1 2 3 -1 8 6 -6 -3 11 -7 -4 -2 -10
right_child=4 7 10 -5 5 9 -8 -9 12 -11 -12 -13 -14
leaf_value=5.7976739474043134e-06 -0.00024683734935003303 0.0016825887590426615 -8.4906474005671143e-05 0.0003026524667456882 -5.1868955259731328e-05 -2.6411983124326416e-05 0.00092519758058105816 0.0005828930594719145 -0.00047733996680473172 -5.425205299480678e-05 3.8877351069877061e-05 0.00080623701529000246 4.208617781662437e-05
leaf_weight=4036.0950613436289 46.440644623711705 11.832255163230004 2251.5655123111792 40.502459758892655 141.09183816704899 525.1028820052743 58.900416990742087 12.024923767894505 459.13945757597685 275.72504240274429 556.45002639386803 52.605973489582539 21.32875432819128
leaf_count=22833 250 80 11635 142 400 3348 230 34 1200 471 1634 366 46
internal_value=-0.000230898 -0.000108781 -0.000128418 0.000111485 -0.000751952 -0.000302265 0.00119268 0.00462374 -0.00149332 -0.000700936 -0.000483735 0 -0.00183022
internal_weight=8488.81 6908.47 6884.61 4076.6 1580.34 1000.82 199.992 23.8572 579.515 800.828 2808.02 99.0466 480.468
internal_count=42669 36358 36244 22975 6311 4449 630 114 1862 3819 13269 616 1246
is_linear=0
shrinkage=0.0224352


Tree=159
num_leaves=16
num_cat=0
split_feature=34 5 21 21 1 11 19 34 5 5 0 38 34 27 38
split_gain=1.04148 1.0395 1.3975 2.00015 0.956141 1.1623 1.37233 0.782855 0.752582 2.17195 0.811988 0.748477 0.803222 0.621226 0.328372
threshold=0.0051423744002194747 0.15155238944896529 0.046922877503296476 0.060742326956050224 0.0839871794871795 0.14126559625411614 0.01440128340708839 -0.012091077827593664 0.082429483272906681 0.080294998172984453 0.29132500000000006 4.5000000000000009 0.043473461284611721 1.0000000180025095e-35 11.500000000000002
decision_type=10 8 10 10 2 8 10 8 10 10 2 2 10 10 2
left_child=4 11 13 -4 8 6 -6 -7 9 -1 -10 12 -2 -3 -13
right_child=1 2 3 -5 5 7 -8 -9 10 -11 -12 14 -14 -15 -16
leaf_value=-1.988196758923457e-05 -0.00020005555319488319 0.00075238369962908798 0.00087442641205912411 -5.161437967629792e-05 3.8017112243328e-05 -1.4060955698652462e-05 2.186301006154654e-05 8.3571459575456497e-05 -0.00024830274949072046 5.7665246503709525e-05 -5.7527167722760851e-05 0.0001304327499558302 3.2643085401491511e-07 -0.00020193404006821483 -0.00073351435297541354
leaf_weight=1410.7709597295616 495.19367645867169 15.089188218116758 194.20884739607573 416.48649560287595 8.7391468952409905 2084.0901707792655 26.485473576933146 1523.961075011408 456.92568465322256 16.776893314439803 705.01725426968187 137.87166237086058 74.133208340033889 879.95752405188978 43.097987653687596
leaf_count=10224 702 20 560 1109 204 12846 392 5433 2736 84 3921 684 514 3142 98
internal_value=-0.000223349 -0.00063746 -0.000280437 0.000526814 -7.02259e-05 0.000160152 0.00420161 0.000114583 -0.000401995 -4.20664e-05 -0.000826884 -0.00132679 -0.00172643 -0.000853404 0
internal_weight=8488.81 2256.04 1505.74 610.695 6232.77 3643.28 35.2246 3608.05 2589.49 1427.55 1161.94 750.297 569.327 895.047 180.97
internal_count=42669 6829 4831 1669 35840 18875 596 18279 16965 10308 6657 1998 1216 3162 782
is_linear=0
shrinkage=0.0224352


Tree=160
num_leaves=15
num_cat=0
split_feature=26 31 5 31 34 25 24 26 30 5 24 23 26 5
split_gain=1.18139 1.60857 1.71473 1.61435 1.04313 0.972067 0.864636 0.784002 0.944991 0.918134 0.740788 0.735045 1.56442 0.459655
threshold=0.41307225082740173 2.7600000000000011 0.64399570868090728 1.8600000000000014 -0.0092787293114214835 3.5799901671753189 11.500000000000002 0.21633451381071006 15.670000000000002 0.11391343724769827 10.500000000000002 0.13920154330197401 0.32975704046565252 0.16743009872092218
decision_type=10 10 10 8 8 10 2 10 10 10 2 10 10 8
left_child=4 2 3 -2 7 6 -3 8 -1 -9 -7 13 -13 -6
right_child=1 5 -4 -5 11 10 -8 9 -10 -11 -12 12 -14 -15
leaf_value=3.6728824980583099e-05 3.7185330930533147e-07 -1.5910092748381348e-05 0.0041196961573324647 0.00036295470497788506 -0.00026828375185151108 -0.00062125118988411317 -9.7394348554912739e-05 2.8882318133873255e-05 -0.00012858615641337835 -7.7640976971596581e-05 0.0061364521158605093 0.0016400761428803975 -0.00010761489894081505 -0.00011794535482711091
leaf_weight=258.58650020044297 1577.2386311208829 1215.9664143063128 9.8095797849819046 698.14850595034659 633.72070726263337 10.197466477751734 507.40553104877472 1021.4635442197323 753.66069889720529 771.35619198856875 14.766652524471281 13.050458684563639 18.003769130446017 985.43059672485106
leaf_count=2129 9832 8157 46 3394 2968 108 666 5084 3045 3110 32 187 50 3861
internal_value=-0.000217274 5.65109e-05 0.000452709 0.000402082 -0.000469579 -0.000449966 -0.000524303 -0.000197128 -0.000698132 7.47857e-05 0.0038073 -0.00092045 0.00228684 -0.000994955
internal_weight=8488.81 4033.53 2285.2 2275.39 4455.27 1748.34 1723.37 2805.07 1012.25 1792.82 24.9641 1650.21 31.0542 1619.15
internal_count=42669 22235 13272 13226 20434 8963 8823 13368 5174 8194 140 7066 237 6829
is_linear=0
shrinkage=0.0224352


Tree=161
num_leaves=15
num_cat=0
split_feature=34 26 26 33 18 31 18 35 35 10 34 18 11 17
split_gain=1.1675 1.41992 1.47463 2.46849 1.08929 0.853804 0.943174 0.688512 1.17212 0.630458 0.571355 0.554569 0.540512 0.461738
threshold=0.0051423744002194747 0.21633451381071006 0.22176261795040594 0.056244395369536744 0.00052316514502193112 4.2750000000000021 0.082776692831230028 2.648299946266762 2.3928826266281731 0.37657404623223661 -0.047576253429433384 -0.031353698809116141 0.22816877548096134 1.3078344720807569
decision_type=8 10 10 8 10 8 10 2 2 8 10 10 10 10
left_child=1 10 3 -3 -4 6 13 8 -7 -9 11 -1 -12 -2
right_child=5 2 4 -5 -6 7 -8 9 -10 -11 12 -13 -14 -15
leaf_value=0.00017720938926040595 -0.00026488016512705173 0.00049643129226134499 4.4958528289981319e-05 -8.5642917839510305e-05 -3.4245236336514725e-05 -0.00027597094313015536 0.0007416335478571944 -2.5268650880496877e-06 0.00103490028343763 -8.0141154065202914e-05 -0.00034720789446228943 -5.1591376543180853e-05 -7.7530874982719184e-06 3.6351069103332076e-07
leaf_weight=29.176968328654766 583.92803261429071 30.398827815428376 2053.037970976904 21.026445840485394 2736.6428302917629 82.661645654588938 33.417889484204352 772.54758686432615 42.527510177809745 862.01613233936951 426.49004349671304 282.13422226719558 476.65883539430797 56.140306775923818
leaf_count=290 1414 78 11641 154 14210 463 100 3034 278 5288 1338 2532 1685 164
internal_value=-0.000231872 -6.14337e-05 0.000107072 0.00387307 6.20686e-05 -0.000647768 -0.00133856 -0.000371779 0.00118218 -0.000503289 -0.000749245 1.86945e-05 -0.0010358 -0.00154904
internal_weight=8488.81 6055.57 4841.11 51.4253 4789.68 2433.24 673.486 1759.75 125.189 1634.56 1214.46 311.311 903.149 640.068
internal_count=42669 31928 26083 232 25851 10741 1678 9063 741 8322 5845 2822 3023 1578
is_linear=0
shrinkage=0.0224352


Tree=162
num_leaves=15
num_cat=0
split_feature=26 17 24 17 35 26 23 30 23 20 17 17 35 38
split_gain=1.07546 1.7937 4.6492 2.10088 1.68292 1.50647 1.23923 0.99397 0.957735 1.69739 0.638032 0.802576 0.627732 0.244733
threshold=0.4867703674719796 1.4793689938451677 12.500000000000002 1.6245306540642293 4.371218404024412 0.54143479214150603 0.033898990163662497 20.900000000000002 0.048861635268843968 0.043480983954137943 1.1690659938864505 0.99095339886675504 6.6879940119818544 4.5000000000000009
decision_type=10 8 2 8 2 10 10 8 8 8 10 10 2 2
left_child=7 4 3 -3 5 -2 -6 10 13 -10 11 -1 -12 -9
right_child=1 2 -4 -5 6 -7 -8 8 9 -11 12 -13 -14 -15
leaf_value=-2.7400979143765035e-05 0.00074545359188383869 0.00095130892320842333 0.00020487685141062638 -1.0710707900314505e-06 7.4340110534259029e-05 9.0673391584763073e-06 -0.00023470700923371382 -0.0003994556438047807 0.00051505904881398617 -1.0488720891600909e-05 -0.00013774688185356476 2.7232898331161154e-05 3.1945906880253422e-05 -0.00019218604982486153
leaf_weight=2671.2722287643701 276.96487496327609 86.279442833736539 9.3200420141220075 207.48557649948634 254.39352091215551 1079.5081649823114 1155.6818813993596 366.42070066789165 19.897650048136711 243.614563428564 1085.257141655311 851.9375124219805 21.082377154380083 159.68957057688385
leaf_count=13036 1452 424 10 1314 2118 6129 6062 1222 72 2054 4167 3710 54 845
internal_value=-0.000197574 0.000133142 0.00177165 0.00118829 -3.94826e-05 0.000516832 -0.00058873 -0.000388565 -0.00113157 0 -0.000257431 -0.000103192 -0.00073038 -0.0016842
internal_weight=8488.81 3069.63 303.085 293.765 2766.55 1356.47 1410.08 5419.17 789.622 263.512 4629.55 3523.21 1106.34 526.11
internal_count=42669 17509 1748 1738 15761 7581 8180 25160 4193 2126 20967 16746 4221 2067
is_linear=0
shrinkage=0.0224352


Tree=163
num_leaves=16
num_cat=0
split_feature=15 26 32 20 21 14 23 10 32 28 18 24 15 3 9
split_gain=1.1325 1.32497 1.38352 1.66259 1.43776 0.970198 0.866075 1.36835 0.832039 0.63003 0.737083 0.622733 0.533582 0.443826 0.277211
threshold=1.1326821127188906 0.21633451381071006 0.64709762532981541 0.0053188558754957435 0.047237685368844352 1.0813643295012449 0.14235940224949584 0.40440845495479022 0.41029023746701848 0.09279999999999998 0.048659216500401399 11.500000000000002 0.98619313071606995 57.500000000000007 0.47669173270256543
decision_type=8 10 10 8 10 10 10 8 8 8 10 2 10 2 10
left_child=5 6 3 -3 -4 11 8 -8 -2 13 -11 14 -13 -7 -1
right_child=1 2 4 -5 -6 9 7 -9 -10 10 -12 12 -14 -15 -16
leaf_value=-0.00038441308232365007 2.4127938098924328e-05 0.00020117054043298921 -8.2038636375218529e-05 5.0410302739438668e-05 8.863911227494066e-06 -0.0002290789991876035 -0.0038839588724959707 0.0016040693307770334 -0.00021424853023788826 -8.0589347351577985e-05 0.004616573169355551 0.00098162401263144445 9.8965086115677467e-06 3.2246008429824476e-06 0.00047538141732666382
leaf_weight=169.20203085802495 216.86573678068817 11.734479053411631 1688.6510317181237 2639.6844590383116 1113.7642229935154 1137.616341881454 7.3785923724062714 6.161443076096476 1123.3403198493179 67.319599131587893 13.837393145076929 41.525487184524536 37.641419291496277 146.86259581334889 67.220096134580672
leaf_count=1224 1824 530 7586 15309 4130 4852 100 50 5309 424 63 60 56 744 408
internal_value=-0.000219196 -8.70777e-05 6.55486e-05 0.000435808 -0.000277687 -0.000742155 -0.000716424 0.00462338 -0.000786984 -0.00100497 0.000767911 0.000332047 0.00207009 -0.00113272 -0.000169375
internal_weight=8488.81 6807.58 5453.83 2651.42 2802.42 1681.22 1353.75 13.54 1340.21 1365.64 81.157 315.589 79.1669 1284.48 236.422
internal_count=42669 34838 27555 15839 11716 7831 7283 150 7133 6083 487 1748 116 5596 1632
is_linear=0
shrinkage=0.0224352


Tree=164
num_leaves=16
num_cat=0
split_feature=34 16 9 35 5 5 5 10 34 13 24 34 2 24 22
split_gain=1.47127 1.22553 1.37334 1.3793 1.20068 1.19214 0.875161 1.23304 0.490712 0.352775 0.289904 0.287611 0.250883 0.165177 0.106406
threshold=0.0051423744002194747 1.3020365151883875 0.27365907381601678 4.2459921092674184 0.62288419640281301 0.16339256771806362 0.17168477486724162 0.35249653373335871 0.043473461284611721 6.353895521516594 9.5000000000000018 -0.00088008155206426009 0.17170303692754293 8.5000000000000018 0.065213336541572756
decision_type=10 10 10 2 10 8 8 10 10 10 2 8 2 2 8
left_child=1 2 4 -4 -1 8 7 -7 10 -8 -2 13 -10 -3 -13
right_child=5 11 3 -5 -6 6 9 -9 12 -11 -12 14 -14 -15 -16
leaf_value=-5.5209790415640965e-05 -4.2138211488410418e-05 1.1215044519429012e-05 0.00027230995846050599 -1.6851285179525575e-05 0.00048059893244827267 -0.0013217460010358031 -3.8766415218635002e-05 0.00086305084680181332 -1.9504112890989737e-07 -0.00039971224312555608 -0.0001681294579894492 -0.00043358395423393685 0.00013746933309547214 -0.00054846580360764629 0.00041024218811076189
leaf_weight=2896.2953720968217 65.448251264169812 24.261559350416064 1748.405996193178 1238.0489329197444 48.663915454410017 21.07801541686058 1231.6995257604867 36.642685413360596 94.290946761146188 146.41917208582163 634.06524354219437 28.423575802706182 26.394749848172069 231.55307680368423 17.114229608792812
leaf_count=18535 420 502 9306 5161 222 64 4059 100 644 418 928 1030 196 456 628
internal_value=-0.000224692 -4.35701e-05 2.41055e-05 0.000366174 -0.000316039 -0.000716146 -0.000308261 0.00233336 -0.00140532 -0.000434163 -0.00163347 -0.00143916 0 -0.00173316 0
internal_weight=8488.81 6232.77 5931.41 2986.45 2944.96 2256.04 1435.84 57.7207 820.199 1378.12 699.513 301.352 120.686 255.815 45.5378
internal_count=42669 35840 33224 14467 18757 6829 4641 164 2188 4477 1348 2616 840 958 1658
is_linear=0
shrinkage=0.0224352


Tree=165
num_leaves=16
num_cat=0
split_feature=26 15 31 11 17 27 17 9 27 26 31 8 35 31 24
split_gain=1.20849 1.50961 1.32063 1.53103 1.45878 0.63483 0.685841 0.703819 0.526695 0.761642 0.494833 0.445482 0.421744 0.271341 0.192141
threshold=0.21633451381071006 1.208399790577986 2.7600000000000011 0.33687367671325114 0.75052261460526237 0.17586939792590425 0.83605720031068476 0.22127159680828687 0.062004718147209079 0.21212046265609866 -0.72499999999999953 0.5860861752289982 3.4294607944327331 -4.4049999999999994 8.5000000000000018
decision_type=10 8 10 8 10 8 10 10 10 8 10 10 2 8 2
left_child=5 11 3 -3 -4 8 10 -8 9 -1 -7 13 -13 -2 -10
right_child=1 2 4 -5 -6 6 7 -9 14 -11 -12 12 -14 -15 -16
leaf_value=-0.0003354206631216797 0.00015815685862832809 4.1586087564715224e-06 3.6512297524057575e-05 0.00043597673548925595 -0.00010425075768909057 -1.1910193839569648e-05 7.8744893099221575e-05 -3.2931214586463361e-06 -0.00028670071387375663 4.983711312254315e-05 -0.00030944691815112236 0.0005760681162660042 -7.7911572162397193e-05 -0.0001553166114804967 -0.00051673879989766198
leaf_weight=234.69483767449856 60.059519017580897 2484.7283354667015 361.84749538172036 875.03022556821816 1289.5907753976062 138.34247359051369 125.31933841248974 262.50325974170119 61.282722585368901 100.5054686255753 193.5920749893412 99.870403170585632 152.11353765428066 1612.0511491452344 437.27363190054893
leaf_count=1270 412 13020 1902 4878 5805 1027 783 1273 1340 402 1041 510 670 7300 1036
internal_value=-0.00022064 -9.06761e-05 0.000111077 0.000369506 -0.000402604 -0.000787822 -0.000263447 0.000339228 -0.00121623 -0.00044423 -0.00102679 -0.000626342 0.000191698 -0.000761522 -0.00169444
internal_weight=8488.81 6935.29 5011.2 3359.76 1651.44 1553.51 719.757 387.823 833.757 335.2 331.935 1924.09 251.984 1672.11 498.556
internal_count=42669 34497 25605 17898 7707 8172 4124 2056 4048 1672 2068 8892 1180 7712 2376
is_linear=0
shrinkage=0.0224352


Tree=166
num_leaves=15
num_cat=0
split_feature=26 27 32 7 32 27 35 9 32 27 27 28 5 19
split_gain=1.0644 1.47776 1.99926 1.37787 0.875528 1.69576 0.820474 0.969455 0.806468 0.77052 0.70168 1.31067 0.648261 0.287247
threshold=0.21633451381071006 0.28674392784231356 0.86609498680738795 0.56007778768304484 0.41029023746701848 1.0000000180025095e-35 4.7829815732894234 0.27365907381601678 0.36741424802110828 0.15137163783279037 0.19401462783928747 0.03224999999999998 0.089337142757305463 0.067959104803975268
decision_type=10 8 10 8 8 8 2 10 10 10 8 10 10 8
left_child=4 2 3 -2 5 -1 7 -3 -7 -4 13 -12 -8 -6
right_child=1 6 9 -5 10 8 12 -9 -10 -11 11 -13 -14 -15
leaf_value=0.00051435943252211474 2.785480683420879e-05 -0.00024595701638226847 -0.00031792817083393384 0.0019427533725320388 -0.00035151582265581819 -0.00036116106243395046 -4.4158800197043812e-05 9.1586808354827937e-06 8.2865068463127705e-05 -1.991896900304522e-06 -2.0834719566232934e-05 7.6978232516815677e-05 -0.00029189181075244772 -3.7952994073782368e-05
leaf_weight=6.199802303686738 3130.5264815557748 588.7714892886579 311.64067802391946 93.565453910268843 552.63641172647476 117.11376554425806 489.09931333782151 1457.5146011505276 140.15731382742524 245.30740115512162 541.72718888218515 27.361186278052628 618.86602237983607 168.31813895795494
leaf_count=110 15481 4140 720 1034 2110 1842 2604 7066 360 780 2682 98 2672 970
internal_value=-0.00020596 -8.37953e-05 0.000211765 0.000430555 -0.000738336 0.000386527 -0.000444362 -0.000166127 1.81501e-05 -0.00101835 -0.000983534 -0.000347244 -0.000939982 -0.00145763
internal_weight=8488.81 6935.29 3781.04 3224.09 1553.51 263.471 3154.25 2046.29 257.271 556.948 1290.04 569.088 1107.97 720.955
internal_count=42669 34497 18015 16515 8172 2312 16482 11206 2202 1500 5860 2780 5276 3080
is_linear=0
shrinkage=0.0224352


Tree=167
num_leaves=16
num_cat=0
split_feature=20 22 0 22 20 22 17 17 8 18 5 18 19 2 20
split_gain=1.14752 1.41398 1.46559 0.910215 1.24867 0.745847 0.735883 0.946899 2.04632 0.609258 0.520969 0.400974 0.697113 0.278568 0.2095
threshold=0.026151662083359981 0.024219638723039467 0.47902500000000003 0.029640091399179697 0.027315559648622537 0.022638545176202236 1.1690659938864505 1.1006325144054931 0.17990455412013129 -0.023241646224543441 0.15233327953425113 0.052156175763088959 0.019400387382981558 0.21150566730845982 0.0063981232217367187
decision_type=10 10 2 10 10 10 8 10 10 10 10 10 8 2 10
left_child=6 2 9 13 -5 -4 7 10 -9 -2 -1 14 -13 -3 -8
right_child=1 3 5 4 -6 -7 11 8 -10 -11 -12 12 -14 -15 -16
leaf_value=-0.00011503704973607689 7.7400833724321054e-06 -0.00044549797574746015 2.92561240857437e-05 0.00043682404232922882 -6.8147788358578732e-06 0.00038452149975726929 1.9070302140136653e-05 0.00060656015021249773 -3.0950655568752639e-07 -0.00043446417637464793 1.4297007321449989e-05 0.00014038585374225116 -7.3504394822794717e-05 4.9309530427852432e-06 -0.00028701926925633452
leaf_weight=1065.6539438753389 9.7804335262626392 210.25777170807123 14.297787253744902 78.038697767071426 6241.2256673732772 13.315065053291617 17.955108327325433 26.426872402429581 85.245228005573153 32.333850749768317 251.03781407279894 9.5041734557598812 27.556714298203588 32.14261722471565 374.03350322833285
leaf_count=5591 50 1158 74 366 29609 74 1572 156 390 194 1386 62 142 139 1706
internal_value=-0.000210862 -6.94567e-05 0.00308727 -0.000106274 -5.12005e-05 0.00707202 -0.000704854 -0.00044008 0.0014877 0 -0.000619195 -0.00153845 0.00026804 -0.001457 -0.00176
internal_weight=8488.81 6631.39 69.7271 6561.66 6319.26 27.6129 1857.41 1428.36 111.672 42.1143 1316.69 429.049 37.0609 242.4 391.989
internal_count=42669 31664 392 31272 29975 148 11005 7523 546 244 6977 3482 204 1297 3278
is_linear=0
shrinkage=0.0224352


Tree=168
num_leaves=12
num_cat=0
split_feature=16 8 36 13 11 31 6 7 24 19 30
split_gain=0.933323 0.875444 0.722678 1.21314 1.02746 0.689993 0.58273 0.834239 0.555304 0.29075 0.0734012
threshold=1.1907332822187948 0.13933892792200339 1.0000000180025095e-35 1.5856818340476104 0.12988633205467176 -3.6849999999999983 0.93815087604734171 0.34795733845619725 12.500000000000002 0.051472710717443158 15.145000000000001
decision_type=8 10 2 10 10 8 10 8 2 10 10
left_child=1 10 4 -4 -3 9 8 -8 -7 -2 -1
right_child=5 2 3 -5 -6 6 7 -9 -10 -11 -12
leaf_value=8.625307749678094e-05 0.0032306891303090597 3.0771532982382459e-05 -1.8745441849475947e-05 0.00011734080295706938 -3.648203867784241e-05 -0.00013993493341144873 -0.00040487225656623616 0.0036802693792667689 0.00014717357783970497 0.00039868425246566134 -0.00048831421469616471
leaf_weight=7.8938854057341805 9.1190320551395434 31.51753699220717 1594.7720302878879 1436.4891072800383 3579.9433914581314 1622.3144913730212 21.188022023066878 30.890100741758943 10.832065105438231 11.79528074711561 132.05030485242605
leaf_count=338 50 148 6628 7029 17610 9856 68 136 12 72 722
internal_value=-0.000188278 -6.7001e-05 -2.68964e-05 0.000225117 -0.000243927 -0.000658596 -0.000718945 0.00147779 -0.000801612 0.00317578 -0.00182195
internal_weight=8488.81 6782.67 6642.72 3031.26 3611.46 1706.14 1685.22 52.0781 1633.15 20.9143 139.944
internal_count=42669 32475 31415 13657 17758 10194 10072 204 9868 122 1060
is_linear=0
shrinkage=0.0224352


Tree=169
num_leaves=14
num_cat=0
split_feature=21 18 32 32 34 36 35 10 10 34 34 22 22
split_gain=0.949424 0.832063 0.795423 0.998192 1.38021 0.84338 0.774532 1.59 1.42265 0.173296 0.121463 0.102932 0.00382078
threshold=0.015636086501922861 -0.10263974004466252 0.86081794195250672 0.76715039577836419 0.013170759605651729 1.0000000180025095e-35 4.8358055526220429 0.35999048447360549 0.24126144713716505 0.068340077517959688 0.085415475669389576 0.0088533697783745053 0.047497858547745013
decision_type=10 8 8 10 10 2 2 10 10 10 10 10 10
left_child=2 9 3 5 -5 -1 8 -8 -3 -2 11 -4 -11
right_child=1 6 10 4 -6 -7 7 -9 -10 12 -12 -13 -14
leaf_value=-0.00028397630440653434 -0.00080201918573251038 -7.7255907575014414e-05 2.4612144958901861e-05 8.3477746828390675e-05 -1.214523992873098e-06 1.2762120682734055e-05 4.0790577979212758e-07 -0.00021746676577999913 4.6824913520155677e-05 0.00022798149622543944 0.00021733178919745014 -0.00031703636650748422 -0.00050982618578072089
leaf_weight=491.36680276505649 146.69552144687623 1484.482160508167 9.1417886763811094 41.921711989678442 60.6562859416008 385.84069881774485 1504.3131188536063 630.51731011737138 3367.1031944062561 10.967664420604708 10.530909210443495 329.28014002228156 15.98794114589691
leaf_count=3442 524 8191 1386 679 128 2524 6750 2060 15061 82 80 1642 120
internal_value=-0.00018239 -7.7047e-05 -0.000734836 -0.000380256 0.00165563 -0.000641815 -3.59465e-05 -0.000394167 0.000117611 -0.00161144 -0.00167149 -0.00174959 0
internal_weight=8488.81 7160.07 1328.74 979.785 102.578 877.208 6986.42 2134.83 4851.59 173.651 348.953 338.422 26.9556
internal_count=42669 32788 9881 6773 807 5966 32062 8810 23252 726 3108 3028 202
is_linear=0
shrinkage=0.0224352


Tree=170
num_leaves=15
num_cat=0
split_feature=26 26 22 30 35 38 30 30 39 7 24 39 22 5
split_gain=1.04532 1.66554 1.35013 1.82552 1.23098 1.53402 1.16145 1.10722 0.996003 0.767393 0.322937 0.181219 0.180724 0.118762
threshold=0.41307225082740173 0.42023637174201794 0.041642761214219885 17.335000000000004 4.371218404024412 5.5000000000000009 20.900000000000002 20.840000000000003 1.0000000180025095e-35 0.35772011991877567 6.5000000000000009 1.0000000180025095e-35 0.11669834881893776 0.010509163058974891
decision_type=10 10 10 10 2 2 8 10 2 10 2 2 8 8
left_child=6 2 -2 -4 7 -6 8 -3 10 -10 -1 13 -13 -8
right_child=1 4 3 -5 5 -7 11 -9 9 -11 -12 12 -14 -15
leaf_value=4.402036878989872e-05 -0.00075043941645410914 0.0003749427138136645 0.00067333925503892489 0.000474294115942939 -0.00016754935138048316 6.8893387577747747e-05 0.0018855068050257595 -3.1181575984687766e-05 -1.3487840431046747e-07 -0.00014941621977684975 -0.000417616690749091 -0.00017353646582678767 3.9303017799464179e-05 -0.00010229707034169742
leaf_weight=40.302562314085662 24.216587343718857 1351.7466435406823 30.72163083171472 46.572881754487753 1277.887649303535 761.31074807001278 13.724181112367658 541.07664036937058 2938.9690419705585 592.30512949079275 284.28574204444885 512.53191035613418 15.181947296019642 57.971952524036169
leaf_count=1426 192 8163 158 120 5962 5188 68 2452 12927 1812 892 1959 822 528
internal_value=-0.000189511 6.79097e-05 0.00289799 0.00440095 -4.77267e-07 -0.000387894 -0.000427004 0.000406395 -0.000277578 -0.000161812 -0.0014736 -0.00135402 -0.00150163 0
internal_weight=8488.81 4033.53 101.511 77.2945 3932.02 2039.2 4455.27 1892.82 3855.86 3531.27 324.588 599.41 527.714 71.6961
internal_count=42669 22235 470 278 21765 11150 20434 10615 17057 14739 2318 3377 2781 596
is_linear=0
shrinkage=0.0224352


Tree=171
num_leaves=16
num_cat=0
split_feature=33 28 16 12 33 5 28 19 28 35 31 14 5 5 27
split_gain=1.07148 1.10343 1.79523 1.76542 1.06761 0.962924 0.960852 0.85837 1.67835 0.820293 0.783272 0.750664 0.750453 0.605964 0.384978
threshold=0.057022789797795743 0.036400000000000023 1.0279045638302409 0.043900846046672264 0.070850511607882263 0.026998013088846376 -0.028249999999999994 0.11057948570294901 0.00079999999999998139 3.5335405579908881 -0.65500000000000014 1.9304562819645832 0.12830678918360475 0.62288419640281301 0.31938932272036547
decision_type=10 10 10 8 10 8 8 10 10 2 10 10 10 10 10
left_child=1 5 3 -3 7 6 -1 12 -9 -4 11 -6 -2 -7 -12
right_child=4 2 9 -5 10 13 -8 8 -10 -11 14 -13 -14 -15 -16
leaf_value=-0.00030069356793443862 -3.5055554085678242e-06 -2.207436907558517e-05 0.00012342643740160015 0.00045748979781908342 0.00017642865723347631 -8.0167746382913123e-05 0.00032082232410837942 -0.00060640089802615018 0.0051542115765391468 -0.00010428192696433615 -0.00010499334568865632 -0.00022573248873980026 0.000470212120922359 1.055222161700954e-05 -0.00049201076751965447
leaf_weight=122.87145992415026 293.45781759917736 147.57255798578262 254.26862118020654 420.91378220706247 712.84797055181116 4428.9597839985508 297.85188143700361 28.70556004345417 43.144032992422581 549.22676633531228 525.95808765105903 265.18981612659991 178.62310191616416 53.558249852620065 165.65575852058828
leaf_count=562 1273 926 1028 1757 3334 19255 1436 140 230 1948 5540 1178 1284 212 2566
internal_value=-0.000187516 -0.00033851 0.000213789 0.00118782 0.000231535 -0.000497108 0.000503377 0.00109567 0.00344498 -0.000450964 -3.83352e-05 0.000357415 0.000692627 -0.000595493 -0.000626539
internal_weight=8488.81 6275.22 1371.98 568.486 2213.58 4903.24 420.723 543.931 71.8496 803.495 1669.65 978.038 472.081 4482.52 691.614
internal_count=42669 27124 5659 2683 15545 21465 1998 2927 370 2976 12618 4512 2557 19467 8106
is_linear=0
shrinkage=0.0224352


Tree=172
num_leaves=15
num_cat=0
split_feature=32 34 16 16 14 8 18 34 31 14 35 8 18 32
split_gain=1.02207 1.1925 0.949033 0.994884 1.4644 0.888973 0.921972 0.474645 0.410923 0.364441 0.375585 0.15124 0.0818489 0.0727071
threshold=0.87137203166226918 0.025921503350239686 0.97113878523363673 1.1167084718867868 1.547361446190666 0.13933892792200339 0.00089925858395134572 0.041356037730663993 10.955000000000002 0.97830840176790879 6.423765466731953 0.43453888203347951 0.015230864910468324 0.36345646437994733
decision_type=10 10 10 10 10 8 8 10 10 10 2 10 10 10
left_child=1 5 9 4 -4 13 -7 -3 -5 11 -11 -2 -9 -1
right_child=2 7 3 8 -6 6 -8 12 -10 10 -12 -13 -14 -15
leaf_value=9.216578467252064e-05 -0.00016822747920845481 -0.0002412245092312893 -4.5314164974698462e-06 -0.00015515395961149744 0.00018633511788320283 2.5533708237490631e-05 -2.1579125305577408e-05 -3.4278753974851269e-05 6.8263849037182163e-07 -0.00038481838646259645 1.4732243273492643e-05 0.0045168395645100914 0.00044591891499014995 -0.00047834921869671632
leaf_weight=7.8471516016870728 8.2626063367351907 188.29395133070648 195.97384567279369 438.7912383954972 145.49017906561494 2805.8116593663581 3755.8430357906036 12.522202238440515 220.56491643190384 539.23797492217273 23.87265619635582 8.1415925621986371 10.581346413120626 127.57089199777693
leaf_count=332 54 334 506 2004 397 14172 19612 204 1542 1716 38 54 200 1504
internal_value=-0.000181626 -6.07046e-05 -0.000697471 -0.000254407 0.000697635 -5.29293e-06 2.89304e-05 -0.00171801 -0.000777722 -0.00142746 -0.0015415 0.00123984 0.00072501 -0.00180346
internal_weight=8488.81 6908.47 1580.34 1000.82 341.464 6697.07 6561.65 211.397 659.356 579.515 563.111 16.4042 23.1035 135.418
internal_count=42669 36358 6311 4449 903 35620 33784 738 3546 1862 1754 108 404 1836
is_linear=0
shrinkage=0.0224352


Tree=173
num_leaves=14
num_cat=0
split_feature=32 27 15 11 35 21 11 6 27 14 32 9 35
split_gain=1.12562 1.09439 0.8819 1.43567 1.08239 0.801012 1.70337 0.756554 0.663268 0.602201 0.448579 0.40397 0.0660701
threshold=0.87137203166226918 0.15137163783279037 1.208399790577986 0.33687367671325114 4.4868932388071707 0.04326358007261346 0.22504545015262317 1.8820680038555755 0.17444974083223033 1.0877210986838224 0.85620052770448563 0.30493451607291761 2.9572512529856776
decision_type=10 10 8 10 2 10 10 8 10 10 10 10 2
left_child=2 12 9 7 -5 8 -7 -4 -3 11 -11 -1 -2
right_child=1 5 3 4 -6 6 -8 -9 -10 10 -12 -13 -14
leaf_value=0.00026376969698500396 -1.9948606880059589e-05 0.00047755312858071891 -0.00045876697921257598 0.00046908552156290712 -2.7938513159838843e-05 0.00019539933796029659 4.9106129088631645e-07 -3.4000568919763294e-06 -8.4872092000580585e-05 -0.00015716624305600859 1.7902562792021942e-05 -0.00036817709477738664 -0.00034266420618868506
leaf_weight=137.06605695653707 27.79076143540442 14.280310074798761 218.41659600753337 937.09781755739823 300.79278723010793 14.223684035241602 464.22554179280996 3789.65511672711 760.77401281148195 1310.9021886573173 80.085147805511951 134.45452779717743 299.04069943353534
leaf_count=775 71 62 999 4251 1073 62 1906 22810 3554 5623 216 611 656
internal_value=-0.000177541 -0.000718582 -5.08547e-05 8.86418e-05 0.000758432 -0.000396509 0.00029475 -0.000113337 -0.000848764 -0.000502867 -0.000697032 0.000418209 -0.00189051
internal_weight=8488.81 1580.34 6908.47 5245.96 1237.89 1253.5 478.449 4008.07 775.054 1662.51 1390.99 271.521 326.831
internal_count=42669 6311 36358 29133 5324 5584 1968 23809 3616 7225 5839 1386 727
is_linear=0
shrinkage=0.0224352


Tree=174
num_leaves=15
num_cat=0
split_feature=26 11 26 9 31 5 30 17 17 5 8 23 19 9
split_gain=1.15033 1.93925 2.79958 1.2184 1.6163 1.13638 1.13476 0.678089 2.82008 0.677345 0.576085 0.361797 0.473981 0.149958
threshold=0.41307225082740173 0.12988633205467176 0.43889469549200827 0.23315360498078486 2.7600000000000011 0.2453730418192473 20.900000000000002 1.045533237015885 0.99729575078041621 0.13187924914009139 0.16484243133738766 0.049524812388130786 0.066355733349043364 0.3977535449715372
decision_type=10 10 10 10 8 8 8 10 10 10 10 8 10 10
left_child=6 2 -2 10 -5 -4 7 8 -1 -9 -3 13 -13 -8
right_child=1 3 5 4 -6 -7 11 9 -10 -11 -12 12 -14 -15
leaf_value=-2.1623669624635075e-05 0.0013373734374119018 0.00012465536242100707 -0.00062020801576063034 0.00023426984462036139 -3.0898693993953336e-05 0.00031765220854871538 -0.00026202551888541092 -3.5299203295989061e-05 5.8752987187386466e-05 -0.00034384826191008103 -0.00045589596120127032 0.00012655606669249666 -0.00041121829413218359 3.2193487735485668e-05
leaf_weight=2247.119753361214 8.7398044667206687 112.41800701385364 32.473544545471668 1788.8511169725098 1531.9786067903042 29.34236414404586 397.42348843207583 958.81657168501988 238.68749983562157 411.23865093803033 529.72933728061616 67.78825094178319 119.62783015938476 14.570421755313872
leaf_count=10680 170 1302 576 8636 7043 384 1564 3847 992 1538 4124 1186 530 97
internal_value=-0.000177199 9.32523e-05 0.00376802 2.23233e-05 0.000200214 0.00166366 -0.000426492 -0.000278695 -4.91046e-05 -0.000680583 -0.000866119 -0.00134303 -0.000380497 -0.00173168
internal_weight=8488.81 4033.53 70.5557 3962.98 3320.83 61.8159 4455.27 3855.86 2485.81 1370.06 642.147 599.41 187.416 411.994
internal_count=42669 22235 1130 21105 15679 960 20434 17057 11672 5385 5426 3377 1716 1661
is_linear=0
shrinkage=0.0224352


Tree=175
num_leaves=16
num_cat=0
split_feature=26 33 33 33 5 2 26 28 8 18 28 22 5 30 30
split_gain=1.02237 1.4509 1.31626 1.05656 1.78049 1.03148 1.11392 1.10254 0.695807 0.674151 0.488218 0.364184 0.340264 0.271659 0.015557
threshold=0.4867703674719796 0.057022789797795743 0.011681775538353036 0.070850511607882263 0.22022684579400062 0.19521124107942509 0.73861770081518408 0.036400000000000023 0.13933892792200339 0.00089925858395134572 -0.018500000000000041 0.038769732347434804 0.052101704596752958 16.105000000000004 15.400000000000002
decision_type=10 8 10 10 10 2 8 10 10 10 8 8 10 8 10
left_child=2 5 11 4 -3 7 -7 -2 14 -10 -5 13 -13 -1 -4
right_child=1 3 8 10 -6 6 -8 -9 9 -11 -12 12 -14 -15 -16
leaf_value=2.3798055894775629e-05 -0.00010892801073374087 0.00036572379741268334 -0.00048936313696637513 0.0010051082301165985 0.0039795690677711772 0.00072111144461779004 -2.111058256069977e-05 8.9229408446417851e-05 3.9251903901297741e-06 -3.5014787395792672e-05 1.9781234246025842e-05 3.6809027274581817e-05 -0.0002331543003100998 -0.00035640148814570024 -0.00046424337386462657
leaf_weight=21.763575259130448 1273.4795850319788 202.72348583838902 10.442912589758633 33.356733887456357 32.646720913238823 364.14848176203668 232.00291653908789 591.39823642838746 1922.0459732571617 2566.7109764879569 339.87734320387244 147.23868358670734 313.56357247848064 323.16401760652661 114.24203345179558
leaf_count=360 6886 1700 288 252 308 1291 820 2680 7320 10041 3572 2200 2337 2176 438
internal_value=-0.000213874 0.000108187 -0.000399962 0.00109202 0.00228109 -0.00012722 0.000672601 -0.000393671 -0.000248365 -0.000197381 0.000286846 -0.0012426 -0.000752134 -0.00183816 -0.0019166
internal_weight=8488.81 3069.63 5419.17 608.604 235.37 2461.03 596.151 1864.88 4613.44 4488.76 373.234 805.73 460.802 344.928 124.685
internal_count=42669 17509 25160 5832 2008 11677 2111 9566 18087 17361 3824 7073 4537 2536 726
is_linear=0
shrinkage=0.0224352


Tree=176
num_leaves=15
num_cat=0
split_feature=15 26 33 26 26 10 17 24 14 28 22 8 8 3
split_gain=0.962324 0.966589 1.55133 1.35966 2.42438 1.0121 0.856267 0.634579 0.548001 0.590738 0.795123 0.380404 0.458945 0.29647
threshold=1.1227154631246055 0.4867703674719796 0.010251370165634157 0.53845371471490278 0.5289804680413619 0.2970180985489162 1.1690659938864505 9.5000000000000018 1.0813643295012449 0.09279999999999998 0.074170848891275218 0.22676528373579205 0.30956465883290069 57.500000000000007
decision_type=8 10 10 10 10 8 10 2 10 10 10 10 10 2
left_child=8 2 7 4 -3 -5 -4 -2 11 13 -11 -1 -13 -10
right_child=1 3 6 5 -6 -7 -8 -9 9 10 -12 12 -14 -15
leaf_value=-8.8724415409514567e-05 -3.5087703957814876e-05 0.00011022270489788952 2.9729862308253218e-06 -0.00018312227818482164 0.00066079350748451677 0.00012569685376998492 -9.2039911864809509e-05 -0.00014834966509170435 -0.00022844755000642013 -0.00034972982612425864 0.00085565284545678166 0.00039462567790459456 -6.0749109796422223e-05 -6.2652916302326139e-05
leaf_weight=55.840183976106346 193.25672482256778 393.368030594429 2983.9950935365632 783.02530881389976 82.784826000221074 1078.1034898706712 890.2474181195721 470.97820953652263 1092.6938743856736 47.022470382973552 23.310558021068573 69.839420340955257 182.2798573076725 142.05978261306882
leaf_count=377 5456 1964 12540 5981 390 5180 3042 604 4665 310 106 357 966 731
internal_value=-0.000217419 -9.83337e-05 -0.000291327 0.000267897 0.00133705 0 -0.000113866 -0.00129559 -0.000712521 -0.000914958 0.000937095 8.10585e-05 0.000512651 -0.00103689
internal_weight=8488.81 6875.76 4538.48 2337.28 476.153 1861.13 3874.24 664.235 1613.05 1305.09 70.333 307.959 252.119 1234.75
internal_count=42669 35157 21642 13515 2354 11161 15582 6060 7512 5812 416 1700 1323 5396
is_linear=0
shrinkage=0.0224352


Tree=177
num_leaves=15
num_cat=0
split_feature=21 15 21 21 28 32 32 0 35 17 22 13 9 15
split_gain=0.98842 0.918524 1.0961 3.47766 0.964804 0.774014 1.0325 1.34616 0.752626 0.989197 0.600987 0.469176 0.0686872 0.061794
threshold=0.015636086501922861 1.208399790577986 0.018138398225988357 0.017745626267825425 0.017500000000000047 0.86081794195250672 0.76715039577836419 0.41112500000000007 3.5335405579908881 2.3319322844384884 0.021014351377933272 0.98159290883755623 0.53816212736950864 14.690905104760168
decision_type=10 8 10 10 10 8 10 2 2 10 8 10 10 10
left_child=5 8 3 -3 -4 6 10 -8 9 -2 -1 -10 13 -7
right_child=1 2 4 -5 -6 12 7 -9 11 -11 -12 -13 -14 -15
leaf_value=-0.00039784622481434925 1.3172633348886594e-06 3.7704281414674532e-06 -2.0827688990856873e-05 0.0010775494769702245 7.9798847505493448e-05 -0.00028948194827508553 0.00010260829105492355 -0.00032269490566872269 5.4252840930602871e-05 0.00037585192244096846 -1.9814713634152321e-05 -0.00016255036946269256 6.3831631282670038e-05 0.00013707370396473945
leaf_weight=231.05878156796098 371.35647015459836 259.55317612085491 2988.640080281999 48.906397359445691 1999.9733071234077 336.01762026036158 53.446536156814545 49.131461774464697 217.01776769198477 11.340012751519678 646.14872001484036 1263.2796994149685 6.6797483861446372 6.2554692625999442
leaf_count=1816 1865 1198 13908 220 9275 3042 435 372 1156 52 4150 5114 46 20
internal_value=-0.000200502 -9.302e-05 5.42998e-05 0.00135212 -2.20986e-05 -0.000764466 -0.000413678 0.00165563 -0.000522457 0.000328498 -0.000679142 -0.00075591 -0.00169044 -0.00173612
internal_weight=8488.81 7160.07 5297.07 308.46 4988.61 1328.74 979.785 102.578 1862.99 382.696 877.208 1480.3 348.953 342.273
internal_count=42669 32788 24601 1418 23183 9881 6773 807 8187 1917 5966 6270 3108 3062
is_linear=0
shrinkage=0.0224352


Tree=178
num_leaves=16
num_cat=0
split_feature=31 18 35 31 20 32 31 22 20 20 8 35 5 27 15
split_gain=0.896357 1.45227 1.76825 2.57184 1.45434 2.89658 1.01794 1.01284 0.730718 0.723761 2.63119 0.931 0.516962 0.827436 0.603511
threshold=2.7600000000000011 0.00052316514502193112 4.1466206942773658 1.9900000000000013 0.0063981232217367187 0.43601583113456471 2.6650000000000014 0.061731009873024399 0.092739972954762398 0.10476822663878672 0.22482828015895664 2.8264256099937604 0.14503244998230139 0.46318612586402419 1.6197961778564773
decision_type=8 10 2 10 8 10 10 8 10 10 10 2 8 10 8
left_child=1 2 3 -1 5 -3 -4 -6 12 10 -10 -11 13 -2 -14
right_child=8 4 6 -5 7 -7 -8 -9 9 11 -12 -13 14 -15 -16
leaf_value=2.8244932244702176e-05 -0.00013291061950403542 0.00020520185726831229 1.5854281710831565e-06 0.00063057761404331197 -0.00014992207315211805 -0.00072611800394009845 -0.00067802352969117269 2.3889392818513873e-05 0.0004753179795182076 0.00044643924828671478 0.00056959297188112056 -4.6883730403842922e-05 3.101020236788432e-06 -1.7818451708418575e-05 -0.00022951704740370904
leaf_weight=817.30199562339112 568.02320056199096 11.444549947977064 1112.2213980979286 260.11806373763829 1924.237426682841 22.319963638670743 125.99516415596008 1188.8318234756589 11.87894039461389 88.858373335562646 113.86248748097569 318.81259064096957 774.83871505130082 350.01448099291883 800.04607450356707
leaf_count=4429 3545 166 5231 730 9169 114 180 5529 142 516 426 1426 3892 1800 5374
internal_value=-0.000200619 -2.51672e-05 0.000397274 0.00106426 -0.000342354 0.00420347 -0.000167257 -0.000398742 -0.000510681 0.000215005 0.00171743 -0.000201334 -0.000673939 -0.00111014 -0.000406767
internal_weight=8488.81 5462.47 2315.64 1077.42 3146.83 33.7645 1238.22 3113.07 3026.33 533.412 125.741 407.671 2492.92 918.038 1574.88
internal_count=42669 25548 10570 5159 14978 280 5411 14698 17121 2510 568 1942 14611 5345 9266
is_linear=0
shrinkage=0.0224352


Tree=179
num_leaves=15
num_cat=0
split_feature=30 34 9 9 31 38 20 7 34 16 16 16 34 20
split_gain=0.888786 0.807482 0.94724 2.12241 0.712335 0.695105 1.01127 1.78482 0.374094 0.334889 1.16274 0.45103 0.282794 0.129346
threshold=20.900000000000002 0.02937751797404187 0.33259562761704359 0.33413871386868482 -2.0849999999999995 4.5000000000000009 0.056827820302740396 0.24812497042370343 0.041356037730663993 0.99578194278198673 1.0279045638302409 0.76443725878294788 0.046244136578685542 0.041482843670317661
decision_type=10 10 10 10 8 2 10 10 10 10 10 10 10 8
left_child=1 2 4 -4 -1 6 12 -8 -3 11 -11 -7 -2 -10
right_child=5 8 3 -5 -6 9 7 -9 13 10 -12 -13 -14 -15
leaf_value=9.9715995180156466e-05 -0.00026639895973910762 -0.00027646806636246309 0.000401629051046787 8.1734466075289393e-05 -2.2718093261868004e-05 0.00028693173869872299 1.6028246079052293e-05 -3.0293510006553204e-05 0.00045147068669016153 0.00091241114203510201 -8.2386148399894068e-06 -0.00030503228963438804 -6.4674101865857652e-05 -0.00021834523534293576
leaf_weight=660.31357571063563 471.83069956302643 172.04970820806921 20.040460599586368 1976.8133940580301 4056.1495515108109 55.933811066672206 53.491533488035202 287.93405665457249 7.4342772029340294 35.752449217252433 334.88265350088477 168.73446184024215 171.77534425258636 15.669271448627113
leaf_count=3584 814 290 117 8336 23627 516 74 868 138 128 1801 922 1188 266
internal_value=-0.000207856 -9.4692e-05 -5.02146e-05 0.000355453 -0.000226199 -0.000689788 -0.00105677 -9.94879e-06 -0.00151893 -4.87992e-05 0.000328837 -0.000759343 -0.00158079 0.000560579
internal_weight=8488.81 6908.47 6713.32 1996.85 4716.46 1580.34 985.032 341.426 195.153 595.303 370.635 224.668 643.606 23.1035
internal_count=42669 36358 35664 8453 27211 6311 2944 942 694 3367 1929 1438 2002 404
is_linear=0
shrinkage=0.0224352


Tree=180
num_leaves=16
num_cat=0
split_feature=31 26 35 17 23 17 17 26 17 18 20 33 20 26 28
split_gain=0.917579 1.6881 3.65408 3.69326 1.66294 0.83272 1.25001 0.814192 0.581784 0.916431 1.83212 1.09943 0.635795 0.861826 0.515359
threshold=2.7600000000000011 0.4867703674719796 4.1466206942773658 1.0416586390301756 0.036454997041605271 1.1792257249834883 0.96127231058301543 0.33898613016248047 0.75052261460526237 0.082776692831230028 0.05009451555118586 0.039261187978323571 0.026151662083359981 0.15355709026223138 0.067400000000000002
decision_type=10 10 2 10 10 8 10 10 10 10 10 10 10 8 10
left_child=1 5 3 -3 -4 6 -1 -7 9 11 -11 -2 14 -14 -10
right_child=8 2 4 -5 -6 7 -8 -9 12 10 -12 -13 13 -15 -16
leaf_value=-4.1728611003254018e-05 -7.264591033552813e-05 0.00047838104663767289 0.00014932906457664949 0.001137112497565947 -0.0001353580843136426 -0.00029667526432530143 2.2176447083162933e-05 4.3812039513683596e-07 -0.0002749857556334788 0.00081571827881734367 -0.00089540961720820675 0.00010121569652881691 0.00014393901255219495 -3.7617571602064044e-05 6.7410640777185768e-05
leaf_weight=2158.7716010743752 471.39484889246523 431.18083279859275 187.04500680393539 185.45242083445191 804.48383227176964 671.91164181148633 911.17870538635179 289.42978029907681 393.24315036740154 13.863285332918165 19.600553557276726 246.21638531051576 35.432740008458495 1639.735429380089 29.865034192800522
leaf_count=10356 2434 2574 1710 1156 4398 3726 3832 1638 1940 60 130 1189 140 7166 220
internal_value=-0.000193631 -2.41106e-05 0.000586445 0.00194541 -0.000239249 -0.000272647 -8.49287e-05 -0.000851073 -0.000522108 0 0.00361301 -0.000156492 -0.000713913 -0.000499417 -0.00151456
internal_weight=8488.81 5639.45 1608.16 616.633 991.529 4031.29 3069.95 961.341 2849.35 751.075 33.4638 717.611 2098.28 1675.17 423.108
internal_count=42669 29390 9838 3730 6108 19552 14188 5364 13279 3813 190 3623 9466 7306 2160
is_linear=0
shrinkage=0.0224352


Tree=181
num_leaves=16
num_cat=0
split_feature=28 16 11 5 27 30 28 30 38 35 28 5 5 28 16
split_gain=0.839108 1.28024 1.27581 2.12653 0.843931 0.72621 1.54563 2.19905 0.738038 2.00719 1.17357 0.724112 0.547556 1.09782 0.279734
threshold=0.036400000000000023 1.0646814850675808 0.3943535880403724 0.045190599771380333 0.61258353331644055 15.705000000000002 -0.034150000000000007 15.375000000000002 4.5000000000000009 6.3228127841107815 -0.026249999999999992 0.010509163058974891 0.24805566097319001 0.058450000000000037 1.1907332822187948
decision_type=10 10 10 10 10 8 10 10 2 2 10 8 8 10 10
left_child=5 2 3 -2 -4 6 7 -1 9 -7 -10 -8 14 -14 -3
right_child=1 12 4 -5 -6 8 11 -9 10 -11 -12 -13 13 -15 -16
leaf_value=-2.9712916075601748e-05 7.7675074102772459e-06 -1.2055177843055924e-05 -0.00019374401512752966 0.00044123786970171009 0.00072781982911728329 -7.6456854996858172e-05 0.00030399030360387638 0.00067460156524138846 -0.00028110039843284949 1.654150506458668e-05 1.5061375857755464e-05 -0.00010249333313035744 0.00046435999000460045 -0.00025317903660010448 -0.00028595199574784713
leaf_weight=93.94809883646667 363.38491758331656 150.03482996020466 207.91330412216485 369.08164821448736 27.882276896387339 2991.5480933568906 52.513310204260051 78.590147912502289 801.21441554138437 101.9986265511252 1928.2308312430978 691.87234438769519 159.35439139511436 242.01772468956187 229.22028742730618
leaf_count=1210 2304 498 900 1803 186 9117 442 216 4631 256 11904 6486 588 1096 1032
internal_value=-0.000191884 0.000239614 0.000791678 0.00126242 -0.000586097 -0.000306808 0.000267074 0.00218495 -0.000400603 -0.000639421 -0.000122577 -0.000152013 -0.000419778 0.000114122 -0.00103652
internal_weight=8488.81 1748.89 968.262 732.467 235.796 6739.92 916.924 172.538 5822.99 3093.55 2729.45 744.386 780.627 401.372 379.255
internal_count=42669 8407 5193 4107 1086 34262 8354 1426 25908 9373 16535 6928 3214 1684 1530
is_linear=0
shrinkage=0.0224352


Tree=182
num_leaves=13
num_cat=0
split_feature=16 26 26 34 34 23 34 23 9 38 38 17
split_gain=0.913732 1.14998 1.50616 2.36614 0.921673 0.909291 0.895217 0.614398 0.705792 0.699753 0.598944 0.209015
threshold=1.3272555884974089 0.37437219531041038 0.37658232301430589 -0.0093832772571880146 -0.008397453805019937 0.007600373159115382 0.02937751797404187 0.14235940224949584 0.43742349769575833 3.5000000000000004 9.5000000000000018 0.6939352377567708
decision_type=10 10 10 10 8 8 10 10 8 2 2 10
left_child=1 4 3 -3 5 -1 -4 9 -9 -2 -6 -11
right_child=7 2 6 -5 10 -7 -8 8 -10 11 -12 -13
leaf_value=1.0912248345929103e-05 -0.00030839634377325341 -8.6820084607191948e-08 1.2187022125151443e-05 0.001695822115428396 -0.00034835503284301564 -1.101355117183989e-05 -0.00012139272607549356 0.001490507958954059 -5.4701669264383337e-05 -0.00061131552859313874 -3.3048602267188106e-05 -1.4532528431963235e-05
leaf_weight=34.415762337855995 267.24382572062314 22.538231926970184 3606.7710991143249 17.373551864176989 717.93130080401897 2557.4176241671667 307.14418226853013 7.7154551986604956 11.689711675047873 122.33943213569 457.79898753762245 358.42608357127756
leaf_count=408 520 124 19891 30 3206 11586 1098 210 46 932 1214 3404
internal_value=-0.000198198 -0.000121822 0.000141735 0.00446011 -0.000403664 -0.000157951 9.20297e-05 -0.000940173 0.0026797 -0.00106244 -0.000928118 -0.000493882
internal_weight=8488.81 7721.39 3953.83 39.9118 3767.56 2591.83 3913.92 767.415 19.4052 748.009 1175.73 480.766
internal_count=42669 37557 21143 154 16414 11994 20989 5112 256 4856 4420 4336
is_linear=0
shrinkage=0.0224352


Tree=183
num_leaves=16
num_cat=0
split_feature=20 34 16 30 26 20 5 35 0 5 34 26 35 35 3
split_gain=0.841307 0.988907 0.929076 1.27882 2.02498 0.885596 2.58684 1.05908 0.860951 1.20818 0.755336 0.731004 0.43962 0.30787 0.129819
threshold=0.026151662083359981 0.02937751797404187 0.93147520640173087 17.195000000000004 0.30015580598399177 0.027850814452481058 0.11976009556107425 4.8999271471549797 0.22002500000000003 0.045190599771380333 0.045554960127226492 0.55923240458608026 2.4234743121157423 4.7516054604870446 3.5000000000000004
decision_type=10 10 8 10 10 10 8 2 2 8 10 8 2 2 2
left_child=2 5 3 4 -1 6 -2 -7 9 -4 14 -10 -5 -12 -3
right_child=1 10 8 12 -6 7 -8 -9 11 -11 13 -13 -14 -15 -16
leaf_value=-7.6371731417681041e-06 0.00044816224253551847 -0.00012859882506461565 0.00023825224151384264 0.0026918848235301328 0.00030121120787266864 6.8086459982708376e-06 -9.463914371311874e-06 -9.1840340098649846e-05 -0.00021728517227267207 -0.00027920622509357935 8.4912766219505205e-05 -5.1141954204777994e-05 -0.00010868936433746307 -0.0003977132952399944 -0.00045071612524985838
leaf_weight=225.04809226933867 51.122955537866801 28.325266480445862 39.549826183822006 10.411458216607569 133.92950008064508 4229.7044919724576 121.92087232228369 1673.0521668065339 857.11801348510198 68.059420638717711 198.93359105661511 254.55254126223736 268.74450552929193 85.350303065031767 242.98224341496825
leaf_count=1245 288 106 184 52 938 20873 610 7253 4958 436 1414 1788 1404 612 508
internal_value=-0.00020241 -8.07326e-05 -0.000625984 3.80581e-05 0.000952775 0 0.0015816 -4.42859e-05 -0.000989681 0.000817273 -0.000986298 -0.00118276 -0.00106674 -0.000101908 -0.0018379
internal_weight=8488.81 6631.39 1857.41 638.134 358.978 6075.8 173.044 5902.76 1219.28 107.609 555.591 1111.67 279.156 284.284 271.308
internal_count=42669 31664 11005 3639 2183 29024 898 28126 7366 620 2640 6746 1456 2026 614
is_linear=0
shrinkage=0.0224352


Tree=184
num_leaves=13
num_cat=0
split_feature=15 21 21 17 30 35 35 7 7 14 35 21
split_gain=1.12872 1.03361 0.921028 1.81956 0.753694 0.957662 0.56504 0.491447 1.52954 0.653122 0.121775 0.120512
threshold=1.1227154631246055 0.015636086501922861 0.01629896769509347 0.70631046021203192 20.210000000000004 5.6844806582407239 5.5642904951032781 0.2219424875773757 0.22431752293974191 1.0688912796302923 2.9778228206207955 0.0040609100735018062
decision_type=8 10 10 10 8 2 2 10 10 10 2 10
left_child=7 4 3 -3 5 -2 -4 10 -9 -10 -1 -6
right_child=1 2 6 -5 11 -7 -8 8 9 -11 -12 -13
leaf_value=0.00011016506264941086 -5.6910873600384966e-05 0.00088085091006435186 2.8231739292252935e-06 3.5195282740989317e-05 -0.00033773586183934038 2.9905391425673103e-05 -9.7296215655480451e-05 0.0010956129199023625 3.6448484564365196e-05 -0.00018403967490589527 -0.00014271699100416489 -0.00021583252151702304
leaf_weight=8.2716499436646682 702.1576623939909 12.589453359134493 5128.0081546325237 60.63466143142432 25.936098113190383 66.561669355724007 578.52894239220768 16.31576880812645 223.6560079138726 1155.4080045511946 209.39471581066027 301.34245961625129
leaf_count=70 5218 66 23915 296 1880 394 2400 56 1165 4827 1394 988
internal_value=-0.000216274 -8.76665e-05 2.88404e-05 0.00252016 -0.00071991 -0.000303412 0 -0.000751953 -0.000575528 -0.000670346 -0.00178776 -0.00163551
internal_weight=8488.81 6875.76 5779.76 73.2241 1096 768.719 5706.54 1613.05 1395.38 1379.06 217.666 327.279
internal_count=42669 35157 26677 362 8480 5612 26315 7512 6048 5992 1464 2868
is_linear=0
shrinkage=0.0224352


Tree=185
num_leaves=16
num_cat=0
split_feature=22 33 26 27 35 12 35 33 25 35 26 0 7 26 18
split_gain=0.918294 1.19733 1.31122 1.52199 1.12535 1.45844 1.65713 1.33146 0.811602 0.751909 0.633614 0.503549 0.367292 0.345991 0.191113
threshold=0.04462298303472978 0.013685864821931461 0.24136653264276955 1.0000000180025095e-35 4.1466206942773658 0.033980489666511113 3.9544117673263499 0.11107218967651501 0.31688879052630231 6.3228127841107815 0.55339602302532021 0.20457500000000003 0.29903470574638141 0.56372995083336319 -0.028740548131283735
decision_type=10 10 8 8 2 8 2 8 10 2 10 2 10 10 8
left_child=1 10 11 -4 5 12 -7 9 -9 -6 14 -3 -2 -12 -1
right_child=4 2 3 -5 7 6 -8 8 -10 -11 13 -13 -14 -15 -16
leaf_value=-5.2026683676653142e-06 -0.00027450165185617165 3.1529390296487785e-06 0.00046451557204257898 9.6077091596915056e-07 -8.3804012216470673e-05 6.7935969328388653e-05 0.00059964745878799504 0.0029979095239732025 8.0968285858377836e-05 1.5033982515331575e-05 0.00044868944398915127 -0.00013739004865618329 3.7880253621837727e-05 -0.00019261233062401234 -0.00031852603375819477
leaf_weight=72.388710372149944 249.22928599873558 40.825557325035334 20.422239739447832 1573.2201091106981 2340.1477453224361 1981.8064355226234 264.21412114985287 9.9260365068912488 368.24398203985766 116.9538428671658 17.964186120312661 678.01516992971301 58.48905332852155 178.16142479120754 518.79734819731675
leaf_count=624 1892 226 124 8422 9320 9192 1148 42 2472 436 106 2742 260 1424 4239
internal_value=-0.000189504 -0.00049728 -0.00022931 0.000118416 -8.75149e-06 0.000329007 0.000533486 -0.000319984 0.000899498 -0.000515911 -0.00125846 -0.00102735 -0.00109737 -4.5286e-05 -0.00162694
internal_weight=8488.81 3099.79 2312.48 1593.64 5389.01 2553.74 2246.02 2835.27 378.17 2457.1 787.312 718.841 307.718 196.126 591.186
internal_count=42669 17907 11514 8546 24762 12492 10340 12270 2514 9756 6393 2968 2152 1530 4863
is_linear=0
shrinkage=0.0224352


Tree=186
num_leaves=14
num_cat=0
split_feature=32 35 18 24 26 35 14 9 15 15 5 26 5
split_gain=0.938575 1.50905 2.79813 1.19224 1.09317 2.22775 2.88492 1.90223 0.675934 1.29109 0.66623 0.373146 0.343116
threshold=0.87137203166226918 6.3228127841107815 0.0088089882882749233 11.500000000000002 0.4867703674719796 4.1466206942773658 0.99137553081479757 0.24004523011420673 1.2920714859160245 1.3135813889072259 -0.029573762780931084 0.85811208554885376 0.19868175127436813
decision_type=10 2 10 2 10 2 10 8 10 10 8 10 10
left_child=4 3 -3 11 8 7 -7 -6 10 -10 -1 -2 -5
right_child=1 2 -4 12 5 6 -8 -9 9 -11 -12 -13 -14
leaf_value=3.4878749108354646e-05 -7.728535920149185e-05 -0.0010346740681814602 2.1749117024669839e-05 -0.00010947051780891129 -0.00078552486143638881 0.00094925092254536335 -5.2663357647091556e-05 0.00080449786193260325 0.00084996218592211126 -9.1553438811512069e-06 -0.00011992329154412307 9.0052863701774378e-05 -0.00014875492135372342
leaf_weight=108.39486519014463 873.53538626153022 26.913575224578381 18.938939303159714 495.70992732048035 90.749196664895862 43.499553243862465 1256.1913558137603 750.29124788986519 73.339640200138092 3104.8094710730948 1481.194908662932 90.468564439564943 74.768617033958435
leaf_count=396 4873 84 44 550 928 346 7756 4251 327 14882 7472 666 94
internal_value=-0.00020082 -0.000695748 0.00320587 -0.000826337 -8.46829e-05 0.000332249 -0.000237204 0.00123546 -0.00027607 -7.99462e-05 -0.000655538 -0.00031909 -0.00164761
internal_weight=8488.81 1580.34 45.8525 1534.48 6908.47 2140.73 1299.69 841.04 4767.74 3178.15 1589.59 964.004 570.479
internal_count=42669 6311 128 6183 36358 13281 8102 5179 23077 15209 7868 5539 644
is_linear=0
shrinkage=0.0224352


Tree=187
num_leaves=14
num_cat=0
split_feature=32 4 16 31 28 25 9 9 7 16 16 9 31
split_gain=0.883593 1.09482 0.943502 0.868212 0.833184 1.42158 0.830529 2.23129 0.953602 0.636246 1.12931 0.425689 0.387836
threshold=0.86807387862796836 0.48345067971396516 1.0416739754483009 6.5050000000000017 -0.03029999999999999 0.59083609926809111 0.33259562761704359 0.33413871386868482 0.37944571355243006 1.1907332822187948 0.97113878523363673 0.47122912109957954 -8.8249999999999975
decision_type=10 10 8 10 8 10 10 10 10 10 10 10 8
left_child=1 6 -3 4 5 -2 8 -8 -1 10 -5 -11 -6
right_child=3 2 -4 9 12 -7 7 -9 -10 11 -12 -13 -14
leaf_value=-1.7027940788245797e-05 -2.7907804058946139e-05 0.0015137423701021657 0.00016613100663673009 -0.00016020291073122372 0.0003656836095011704 0.0020439833888993095 0.00039054130137155407 2.3738346600324906e-05 -0.00027817515142376678 -0.0002712939252531402 0.0001807681227787021 0.00010871113499418773 -0.00029964864824069025
leaf_weight=4629.4630858702585 39.220225127413869 11.832255163230004 12.024923767894505 188.81879596412182 15.779316589236259 19.271056354045868 19.838565496727824 2066.3854874619283 150.19654621230438 440.65858317911625 258.51442192494869 96.201447278261185 540.60053793247789
leaf_count=26811 136 80 34 622 100 64 113 8480 522 2536 789 648 1734
internal_value=-0.00021509 -0.000101405 0.00462374 -0.000692297 -0.00136121 0.000974561 -0.00012107 0.000247301 -0.000286024 -0.000253713 0.0003405 -0.000785663 -0.00164314
internal_weight=8488.81 6889.74 23.8572 1599.06 614.871 58.4913 6865.88 2086.22 4779.66 984.193 447.333 536.86 556.38
internal_count=42669 36040 114 6629 2034 200 35926 8593 27333 4595 1411 3184 1834
is_linear=0
shrinkage=0.0224352


Tree=188
num_leaves=14
num_cat=0
split_feature=30 35 18 24 8 27 35 23 27 27 20 16 20
split_gain=0.882444 1.51242 2.79813 1.02367 0.903199 1.22221 1.45019 1.09237 0.583634 0.596704 0.445731 0.360374 0.289325
threshold=20.900000000000002 6.3228127841107815 0.0088089882882749233 11.500000000000002 0.15904795320459844 0.26433726636814747 4.8222150622267073 0.007600373159115382 0.30793420092027629 0.31671901259444907 0.087538951444649862 0.99578194278198673 0.0063981232217367187
decision_type=10 2 10 2 8 10 2 8 10 8 10 10 10
left_child=4 3 -3 11 8 7 -7 -6 12 -10 -5 -2 -1
right_child=1 2 -4 10 5 6 -8 -9 9 -11 -12 -13 -14
leaf_value=1.5240216631285035e-05 -0.00028565436501464442 -0.0010047382176833028 2.2045405970863114e-05 -0.00024548950661942387 3.921672698465543e-05 -4.1625044679276042e-06 -0.00017328684111346556 9.2904636828280912e-06 0.00058474298797489511 -4.2530468279343817e-05 -4.2560175064945836e-06 -4.8402582908295275e-06 -0.00031329562704833291
leaf_weight=14.224967056419699 282.33602065779269 26.913575224578381 18.938939303159714 468.70259070396423 26.515172908082604 1807.1971515691839 892.05103173246607 3795.2713537127711 8.4639607858844084 42.135720445774496 101.77595365047455 681.66793004330248 322.61088052811101
leaf_count=288 1638 84 44 526 416 10370 4020 17865 64 854 118 3901 2481
internal_value=-0.000219379 -0.000699856 0.00320587 -0.000830568 -0.000106547 -4.08129e-05 -0.000408792 0.000213904 -0.00116016 0.000840239 -0.00159402 -0.000357548 -0.00152041
internal_weight=8488.81 1580.34 45.8525 1534.48 6908.47 6521.03 2699.25 3821.79 387.436 50.5997 570.479 964.004 336.836
internal_count=42669 6311 128 6183 36358 32671 14390 18281 3687 918 644 5539 2769
is_linear=0
shrinkage=0.0224352


Tree=189
num_leaves=12
num_cat=0
split_feature=32 35 35 4 24 6 15 23 17 35 17
split_gain=0.904497 1.47068 2.72635 1.09336 1.03255 0.905146 0.804203 1.03801 0.651086 0.599769 0.522233
threshold=0.86807387862796836 6.3228127841107815 6.5395274483188599 0.48345067971396516 11.500000000000002 3.2254997050839851 1.208399790577986 0.019963787642780648 1.3078344720807569 5.0774523266619065 0.96127231058301543
decision_type=10 2 2 10 2 8 10 10 10 2 10
left_child=3 4 -3 6 10 -5 9 -8 -6 -1 -2
right_child=1 2 -4 5 8 -7 7 -9 -10 -11 -12
leaf_value=-2.4665597231340224e-05 1.8771007025046499e-05 2.1550811995063451e-05 -0.00098219667454372216 0.00036821269857180249 -0.00018121745102648974 0.00016219538383347527 -7.7481824390331457e-05 9.9035074641609889e-06 7.014239145064032e-06 -0.00011296302588184517 -0.00015420208558788163
leaf_weight=1252.8806924845558 591.00832244381309 19.334395684301853 27.224751703441143 12.067065604031084 521.75158429145813 11.790113327093424 548.48535575112328 4488.2219813843258 48.726960062980652 576.29565542121418 391.01837016362697
leaf_count=7163 3563 60 82 60 582 54 3672 22613 62 2478 2280
internal_value=-0.000213647 -0.000696358 0.00312409 -9.86842e-05 -0.000824745 0.00462374 -0.00011834 2.42412e-05 -0.00159402 -0.000521698 -0.000357021
internal_weight=8488.81 1599.06 46.5591 6889.74 1552.51 23.8572 6865.88 5036.71 570.479 1829.18 982.027
internal_count=42669 6629 142 36040 6487 114 35926 26285 644 9641 5843
is_linear=0
shrinkage=0.0224352


Tree=190
num_leaves=15
num_cat=0
split_feature=30 38 34 26 9 17 26 17 28 28 5 34 1 10
split_gain=0.892792 0.981239 0.935356 1.06235 0.919496 0.896405 2.43528 0.807111 1.47525 0.791601 0.520741 0.38889 0.284697 0.0949792
threshold=20.840000000000003 4.5000000000000009 0.025921503350239686 0.21633451381071006 0.37001399907281363 1.2527229549388175 0.41835130792433589 0.96393462061300195 0.018400000000000059 -0.10555000000000002 0.15233327953425113 0.041356037730663993 0.14379807692307697 0.36276102925329751
decision_type=10 2 10 10 8 10 8 10 10 8 8 10 2 10
left_child=2 5 3 9 -5 10 -7 8 -3 -1 -2 -4 -9 -13
right_child=1 7 11 4 -6 6 -8 12 -10 -11 -12 13 -14 -15
leaf_value=0.00010904793650673788 -0.00033811744202410647 -0.00018378668633851179 -0.00019213134412107512 -7.5361873315209242e-06 0.000209907563089282 1.6227502510662451e-05 -2.7816592241320844e-05 -0.00030685339143560918 0.00047899961411016634 -9.4145006075724939e-05 -2.080348251899427e-05 0.00046375797433299338 7.4725809979766009e-06 -0.00023871602647733309
leaf_weight=40.958663599565625 374.73078189790249 276.23900922201574 188.29395133070648 3934.9850763203576 1314.8478464244399 18.603249907493591 155.01455248892307 145.46768815536052 149.68140189908445 1387.5517776457127 436.68304966390133 15.123655468225481 42.644651114940643 7.979893183335661
leaf_count=326 648 1873 334 21401 6394 64 752 768 804 7181 1480 274 240 130
internal_value=-0.000216674 -0.000696358 -0.000102414 -5.27635e-05 9.158e-05 -0.00113497 0.000231667 0 0.00054813 -0.000596976 -0.00145183 -0.00157317 -0.00121425 0.000572273
internal_weight=8488.81 1599.06 6889.74 6678.34 5249.83 985.032 173.618 614.033 425.92 1428.51 811.414 211.397 188.112 23.1035
internal_count=42669 6629 36040 35302 27795 2944 816 3685 2677 7507 2128 738 1008 404
is_linear=0
shrinkage=0.0224352


Tree=191
num_leaves=14
num_cat=0
split_feature=12 16 26 35 30 20 26 31 34 19 31 34 20
split_gain=0.832911 0.891004 1.05401 1.56173 0.990522 0.642248 0.649739 0.622429 0.441667 0.225076 0.32494 0.104163 0.0777899
threshold=0.018141506002019973 1.3272555884974089 0.4867703674719796 4.1466206942773658 23.560000000000006 0.16666666666666671 0.4867703674719796 10.955000000000002 -0.034193482064526597 0.048161243375647929 -2.1200000000000006 0.025845820494158293 0.019570681167085911
decision_type=8 10 10 2 8 10 10 8 8 10 8 10 8
left_child=8 2 4 -4 -2 7 -7 -3 9 12 -11 -10 -1
right_child=1 5 3 -5 -6 6 -8 -9 11 10 -12 -13 -14
leaf_value=3.4161024243846611e-06 -7.3671111593879568e-06 -0.0002319743380508152 0.00045322595757719101 -1.7103043836435382e-05 -9.9375402272025725e-05 0.0014566821743626601 -0.0028807609098723411 7.5922257280828907e-05 -0.00047013615179452428 0.0013176625964697367 -0.00058005387949261662 -0.00028482352969609603 -0.0004441220470490479
leaf_weight=29.235587597824633 4339.1273674457334 590.54962248913944 1019.6583933527581 1476.5018051632214 573.18678325531073 4.4583217338658852 4.02666059974581 168.26213526446372 186.33611198049039 12.508038337342439 18.322653501294557 17.611364290118217 49.020403310656548
leaf_count=342 18263 2532 5635 8524 3081 124 74 2338 666 68 338 46 638
internal_value=-0.000199922 -0.000153642 -7.53011e-05 0.000296299 -0.000268184 -0.0008836 0.00471223 -0.000975559 -0.00134298 0 0.00140306 -0.00196292 -0.000809016
internal_weight=8488.81 8175.77 7408.47 2496.16 4912.31 767.297 8.48498 758.812 313.034 109.087 30.8307 203.947 78.256
internal_count=42669 40571 35503 14159 21344 5068 198 4870 2098 1386 406 712 980
is_linear=0
shrinkage=0.0224352


Tree=192
num_leaves=15
num_cat=0
split_feature=30 38 17 26 34 26 26 17 28 8 5 34 25 10
split_gain=0.920003 0.943953 1.18889 2.30712 0.922888 0.886089 1.32935 0.801866 1.39891 0.630862 0.570713 0.405732 0.260363 0.0902445
threshold=20.900000000000002 4.5000000000000009 1.2527229549388175 0.41835130792433589 0.025921503350239686 0.4867703674719796 0.54143479214150603 0.96393462061300195 0.018400000000000059 0.13933892792200339 0.19868175127436813 0.041356037730663993 0.22219495201615816 0.36276102925329751
decision_type=10 2 10 8 10 10 10 10 10 8 8 10 10 10
left_child=4 2 10 -4 5 9 -7 8 -3 -1 -2 -6 -9 -13
right_child=1 7 3 -5 11 6 -8 12 -10 -11 -12 13 -14 -15
leaf_value=-0.00040740048995158308 -0.00020921773440355187 -0.00018625947959318508 1.6028717503420403e-05 -3.7360753488427408e-05 -0.00018261643131875128 0.00032852011620131876 -1.8621346830240276e-06 8.5122321149483474e-05 0.00047631846153888295 -9.5792969286507337e-06 -3.7921361663531492e-05 0.00045373716373069568 -0.00027012256588775861 -0.0002435286082828758
leaf_weight=120.96006053406745 453.03724201023579 266.66046397201717 18.603249907493591 155.01455248892307 188.29395133070648 510.04896180075593 1491.0633019045927 11.788409682922063 144.75267071090639 4575.0004145170096 358.37658955156803 15.123655468225481 172.10183125920594 7.979893183335661
leaf_count=1488 860 1717 64 752 334 2594 10211 66 716 21327 1268 274 868 130
internal_value=-0.000218024 -0.000708448 -0.00113453 0.000463856 -0.000102916 -5.37098e-05 0.000337618 0 0.000547393 -0.000224719 -0.00150109 -0.001564 -0.00123259 0.000654488
internal_weight=8488.81 1580.34 985.032 173.618 6908.47 6697.07 2001.11 595.303 411.413 4695.96 811.414 211.397 183.89 23.1035
internal_count=42669 6311 2944 816 36358 35620 12805 3367 2433 22815 2128 738 934 404
is_linear=0
shrinkage=0.0224352


Tree=193
num_leaves=10
num_cat=0
split_feature=4 16 28 36 30 10 28 35 24
split_gain=0.775405 1.17736 0.731829 1.80101 1.43613 1.20072 0.937038 0.929176 0.827111
threshold=0.48345067971396516 1.0416739754483009 -1.0000000180025095e-35 1.0000000180025095e-35 15.705000000000002 0.36936155713304569 -0.034150000000000007 1.7647249326661341 10.500000000000002
decision_type=10 8 10 2 8 10 8 2 2
left_child=2 -2 4 7 6 -5 -1 -4 -6
right_child=1 -3 3 5 8 -7 -8 -9 -10
leaf_value=0.0006236049645716677 -0.00086769645508057191 0.00013630850402843159 0.0023593847679138145 3.0114333697379713e-05 -5.2132592150584712e-05 -5.311940336063045e-05 9.8147211699547385e-06 -6.7671833007297021e-05 -5.5920027576968656e-05
leaf_weight=104.49323509633541 16.778696396388117 12.615867521613835 12.705178987234829 1734.5073700533248 1241.9863665783778 645.91995854536071 343.01486176298931 2609.9936125674285 1766.790100812912
leaf_count=962 98 38 128 8497 10714 2482 3132 13566 3052
internal_value=-0.000211169 0.00335279 -0.000226109 -4.82145e-05 -0.000477824 0.000394078 0.000685883 -0.000457224 -0.0006576
internal_weight=8488.81 29.3946 8459.41 5003.13 3456.28 2380.43 447.508 2622.7 3008.78
internal_count=42669 136 42533 24673 17860 10979 4094 13694 13766
is_linear=0
shrinkage=0.0224352


Tree=194
num_leaves=15
num_cat=0
split_feature=33 23 5 30 5 23 27 17 21 27 5 14 17 17
split_gain=0.713516 0.899064 1.03612 1.60473 0.866081 0.834446 0.99272 0.773795 3.68977 3.56737 0.777059 0.758154 0.630185 0.560223
threshold=0.055700357265052854 0.039166934672450422 0.21673570989217431 16.615000000000006 0.16984879141176853 0.0097619503200306063 0.10038920918830334 1.3078344720807569 0.14928463797690819 0.0016175133945655941 0.010509163058974891 1.0877210986838224 0.81827315098966813 1.045533237015885
decision_type=8 10 10 8 10 8 10 10 10 8 10 10 10 10
left_child=7 5 4 -4 -3 6 -2 10 9 -9 11 -1 -7 -12
right_child=1 2 3 -5 -6 12 -8 8 -10 -11 13 -13 -14 -15
leaf_value=0.00013152202510389495 0.00089594860639500336 9.6190517905099014e-05 9.0167223495136913e-05 0.0012770299542075286 -0.00020582468369152769 -0.00014172074143330708 1.2578347923471823e-05 0.0027107819748744539 0.0007837536926528964 -1.1127592254749534e-05 -3.4052502836042097e-05 -1.3329594406442208e-05 -1.8135628512267867e-05 -0.00022489746458610204
leaf_weight=132.35630813147873 14.952272817492483 1054.843955012504 129.24888618988916 97.584543080069125 199.05775038897991 437.85159658128396 31.364874886814505 22.233744978904724 19.981858723796904 963.1148103941232 2287.4977171653882 1718.7147654537112 537.19531869143248 842.80684582609683
leaf_count=594 314 8008 840 658 1310 4088 970 44 64 3220 8556 7390 3831 2782
internal_value=-0.000204404 0.000107763 0.000467103 0.00187141 0.000196542 -0.00039372 0.00245599 -0.00033819 0.000216236 1.88891e-08 -0.000454083 -7.73942e-05 -0.000550708 -0.000670436
internal_weight=8488.81 2502.1 1480.74 226.833 1253.9 1021.36 46.3171 5986.71 1005.33 985.349 4981.38 1851.07 975.047 3130.3
internal_count=42669 20019 10816 1498 9318 9203 1284 22650 3328 3264 19322 7984 7919 11338
is_linear=0
shrinkage=0.0224352


Tree=195
num_leaves=13
num_cat=0
split_feature=12 35 33 35 8 17 33 14 23 24 31 19
split_gain=0.99945 1.15712 0.771346 0.711985 1.56954 1.44072 0.571486 0.749927 0.46108 0.280264 0.234673 0.0265805
threshold=0.018141506002019973 2.4234743121157423 0.057022789797795743 4.8358055526220429 0.27546035784790041 1.3078344720807569 0.064183461196758676 2.0877824427511817 0.021134662443690947 7.5000000000000009 -2.5850000000000004 0.061141204410522655
decision_type=10 2 8 2 10 10 10 10 10 2 8 8
left_child=1 -1 3 5 -5 -2 8 -8 -4 11 -11 -3
right_child=2 9 6 4 -6 -7 7 -9 -10 10 -12 -13
leaf_value=0.0037966332120548479 -1.3030541755654369e-05 -0.00022238193246776854 -1.7701987205076552e-05 -1.1803840082034721e-06 -0.00023815125506071222 0.00011171992231882993 4.0005761224831834e-05 -0.00020633654507849734 0.00023852059021005679 0.00011512214396201383 -0.00028604054721507229 0.001362569907171151
leaf_weight=6.14935578405857 3435.8863770086318 40.821727760601789 55.659485977608711 950.76522362511605 890.69238673802465 664.61265614442527 1246.8441102579236 368.36731673125178 389.56486298795789 42.611412674188614 380.77096775174141 16.059364880435169
leaf_count=126 13676 1596 798 3462 2658 2264 9998 2748 2475 196 1056 1616
internal_value=-0.000205988 -0.00119845 -0.000143105 -0.000274327 -0.000642886 -0.000103907 0.000225648 1.67704e-05 0.000937935 -0.00136134 -0.00156035 0
internal_weight=8488.81 486.413 8002.39 5941.96 1841.46 4100.5 2060.44 1615.21 445.224 480.263 423.382 56.8811
internal_count=42669 4590 38079 22060 6120 15940 16019 12746 3273 4464 1252 3212
is_linear=0
shrinkage=0.0224352


Tree=196
num_leaves=15
num_cat=0
split_feature=12 32 27 12 27 8 28 32 33 17 17 17 32 12
split_gain=0.931257 0.775502 1.1393 1.10811 0.872836 0.906664 0.656713 0.20833 0.144277 0.151034 0.132119 0.344099 0.074655 0.0262973
threshold=0.018141506002019973 0.87137203166226918 0.15137163783279037 0.026840843225550682 0.26433726636814747 0.15904795320459844 0.047799999999999974 0.89248021108179432 0.16713931184652434 1.0954020373461291 0.6635575459463926 0.64042076060886854 0.35422163588390504 0.013252345415060198
decision_type=8 8 10 8 10 10 10 8 8 10 10 10 10 10
left_child=8 4 7 -4 5 -2 -6 -3 10 13 11 -1 -12 -10
right_child=1 2 3 -5 6 -7 -8 -9 9 -11 12 -13 -14 -15
leaf_value=-0.00039253230295027117 -0.0002198253537742502 4.4351580401434126e-06 0.00012696342750895755 -1.2315420517218765e-05 -6.0154161995706021e-05 1.3535468731361691e-05 0.00024284154315220148 -0.00026439147005256241 0.00018635420265762542 0.0012564065447206682 2.2775544629580131e-05 0.00015414335391974966 -0.00047462719225283706 -0.00036031067192582252
leaf_weight=34.054929189383984 190.1208820194006 18.124868858605623 61.02004683110863 1288.7296753933188 2315.6196221299469 3609.7749431813136 350.05463568167761 342.32641520886682 8.4476643675006944 9.6866632718592864 8.1072009131312353 9.2619989700615388 220.00983182154596 23.465870484244078
leaf_count=198 1667 188 196 6824 12258 16079 1882 1477 56 60 380 54 1194 156
internal_value=-0.000219031 -0.000170238 -0.000596221 -0.000279007 -5.44488e-05 0.000160247 -0.000367921 -0.00172688 -0.00142761 0 -0.00161767 0 -0.00184485 -0.000922747
internal_weight=8488.81 8175.77 1710.2 1349.75 6465.57 3799.9 2665.67 360.451 313.034 41.6002 271.434 43.3169 228.117 31.9135
internal_count=42669 40571 8685 7020 31886 17746 14140 1665 2098 272 1826 252 1574 212
is_linear=0
shrinkage=0.0224352


Tree=197
num_leaves=16
num_cat=0
split_feature=34 18 34 17 38 17 18 17 17 27 9 25 18 23 33
split_gain=0.773006 0.927176 1.1658 2.05769 0.923225 1.064 0.818351 0.780531 0.647164 0.619747 0.60848 1.89293 0.556668 0.542754 0.294608
threshold=0.0051423744002194747 -0.02492952823061206 -0.012296359486401785 0.99729575078041621 4.5000000000000009 1.104478232219573 0.082776692831230028 0.984420087308995 0.90709374115408958 0.098714094136336875 0.60535010086175489 0.76034193782320603 0.073353127862260795 0.098160809307778971 0.057022789797795743
decision_type=10 8 8 10 2 10 10 10 10 10 10 10 10 8 10
left_child=1 2 13 -4 5 6 -2 8 -6 -7 12 -12 -3 -1 -9
right_child=4 10 3 -5 7 9 -8 14 -10 -11 11 -13 -14 -15 -16
leaf_value=1.2194471528820766e-05 -0.00017651181145476264 -1.2039121101127052e-05 -1.624530531452875e-05 0.00075738325415279271 8.9552855765782184e-06 0.00067575479285641343 0.0002519620671626699 -0.00026200285930141892 0.00037920910493520287 -2.9744233228908326e-06 -0.00019830051471144471 0.0022223329848018191 -0.00033260857698199584 -0.00044919414023719424 8.1827929096846748e-06
leaf_weight=647.80037962459028 1007.6437028832734 4639.9951767837629 181.71309365378693 216.46409558178857 447.68440232798457 27.838852033019066 54.995050296187401 188.24390240013599 68.172770351171494 405.09490311518312 64.376070415601134 26.827322806231678 338.18115118611604 117.40936817787588 56.365006685256958
leaf_count=4512 2396 26822 843 782 1755 52 192 632 228 1408 306 132 1700 743 166
internal_value=-0.000210535 -7.80017e-05 0.000487931 0.00147199 -0.000567777 -0.000892103 -0.00127423 4.41204e-05 0.000563636 3.92445e-07 -0.000211836 0.00156971 -0.000248629 0 -0.000969284
internal_weight=8488.81 6232.77 1163.39 398.177 2256.04 1495.57 1062.64 760.466 515.857 432.934 5069.38 91.2034 4978.18 765.21 244.609
internal_count=42669 35840 6880 1625 6829 4048 2588 2781 1983 1460 28960 438 28522 5255 798
is_linear=0
shrinkage=0.0224352


Tree=198
num_leaves=13
num_cat=0
split_feature=12 18 28 18 4 33 33 17 17 17 30 33
split_gain=0.917547 0.849439 0.719498 0.981471 0.867295 0.204491 0.182368 0.13183 0.344099 0.11859 0.0745552 0.0404305
threshold=0.018141506002019973 -0.10263974004466252 0.036400000000000023 -0.069533020840210333 0.29280782460186622 0.16713931184652434 -0.14455080074111645 0.6635575459463926 0.64042076060886854 1.0954020373461291 15.075000000000001 0.1846732162371312
decision_type=8 8 10 8 10 8 8 10 10 10 10 10
left_child=5 6 3 -3 -4 7 -2 8 -1 11 -9 -7
right_child=1 2 4 -5 -6 9 -8 10 -10 -11 -12 -13
leaf_value=-0.00038345564591882667 0.00026493256538459705 0.0005316389266816513 1.7663454584286392e-05 -2.0064515162076931e-05 0.0037952694030553226 5.0273044406736632e-06 -0.00072840659239240587 2.253467039002984e-05 0.00015048419678458005 0.0012284888628137473 -0.00046819492954185647 -0.00035444202042235007
leaf_weight=34.054929189383984 17.458284080028534 194.77596657024696 1607.0731675287243 6172.7924462675583 15.652704030275343 11.614815505221488 168.01852082740515 8.1072009131312353 9.2619989700615388 9.6866632718592864 220.00983182154596 20.298719346523285
leaf_count=198 128 760 7655 31284 64 124 680 380 54 60 1194 88
internal_value=-0.000193659 -0.000145254 -0.000107693 -0.000217009 0.000308948 -0.00139216 -0.00165163 -0.00161649 0 0 -0.00184345 -0.000589953
internal_weight=8488.81 8175.77 7990.29 6367.57 1622.73 313.034 185.477 271.434 43.3169 41.6002 228.117 31.9135
internal_count=42669 40571 39763 32044 7719 2098 808 1826 252 272 1574 212
is_linear=0
shrinkage=0.0224352


Tree=199
num_leaves=14
num_cat=0
split_feature=12 34 34 24 16 12 34 28 16 19 12 34 2
split_gain=0.861016 0.825852 0.754314 0.694911 0.838327 0.44949 0.376484 0.320032 0.309776 0.244394 0.447515 0.101443 0.0653742
threshold=0.018141506002019973 0.02937751797404187 0.045554960127226492 12.500000000000002 1.3272555884974089 0.033692536628497215 -0.034193482064526597 -0.14474999999999993 1.5897132929029618 0.058824468106453594 0.015988180529624786 0.025845820494158293 0.031874356891584264
decision_type=8 10 10 2 8 10 8 10 10 10 10 10 2
left_child=6 3 7 4 -2 -5 9 -3 -4 12 -11 -8 -1
right_child=1 2 8 5 -6 -7 11 -9 -10 10 -12 -13 -14
leaf_value=0.00051716695661688402 9.8259611856758346e-07 1.3635195704649698e-05 0.00010760508792029554 2.3558050708399496e-06 -8.7013120328657996e-05 -0.00058438855624767024 -0.00045769086388947641 -0.00022748423713176368 -0.00033585596904885047 0.0013169588177287235 -0.0016284470179171837 -0.000249075087077711 -0.00041537214529923077
leaf_weight=4.1084881406277409 6669.5910447314382 29.483355462551117 201.3727422375232 49.735962115228176 618.43933793529868 139.16422102972865 186.33611198049039 297.04719055630267 170.93723523616791 8.3759090146049875 9.3895004261285049 17.611364290118217 87.212785165756941
leaf_count=80 31451 178 1474 52 5432 146 666 618 1220 134 124 46 1048
internal_value=-0.000200788 -0.000153786 -0.000893963 -8.18887e-05 -4.42002e-05 -0.0014269 -0.00136271 -0.00168709 -0.00014366 -9.51065e-05 0.00202139 -0.00194154 -0.000732411
internal_weight=8488.81 8175.77 698.841 7476.93 7288.03 188.9 313.034 326.531 372.31 109.087 17.7654 203.947 91.3213
internal_count=42669 40571 3490 37081 36883 198 2098 796 2694 1386 258 712 1128
is_linear=0
shrinkage=0.0224352


Tree=200
num_leaves=10
num_cat=0
split_feature=24 26 16 26 2 23 28 33 7
split_gain=0.758129 0.794778 0.763145 1.12484 0.994786 0.713679 0.814266 0.654882 0.595769
threshold=12.500000000000002 0.67585119100446012 1.3851398448007612 0.404301098948399 0.19521124107942509 0.16433974770740906 0.33130000000000004 -0.13236829887967613 0.3745057911528536
decision_type=2 10 8 10 2 10 8 8 10
left_child=2 -2 3 8 -5 7 -7 -4 -1
right_child=1 -3 5 4 -6 6 -8 -9 -10
leaf_value=-1.1109163641801505e-05 -0.00025218000617495341 -2.854488217874652e-06 0.0003173639676504702 6.8359983090668103e-07 0.0003702831289981088 -8.0741912848343022e-05 0.0014321207749410216 -0.00020431588590988958 -0.00014967023917414929
leaf_weight=3478.4932954125106 191.60189241543412 51.088688969612122 76.377695113420486 2709.651245185174 751.36975328531116 6.0870753386989218 3.5237797875888646 676.1110302223824 544.50079259183258
leaf_count=14621 202 54 532 16132 2907 228 16 6214 1763
internal_value=-0.000196573 -0.00144126 -0.000157442 -8.55767e-05 0.000207385 -0.000836573 0.00477003 -0.000937849 -0.000342547
internal_weight=8488.81 242.691 8246.11 7484.02 3461.02 762.1 9.61086 752.489 4022.99
internal_count=42669 256 42413 35423 19039 6990 244 6746 16384
is_linear=0
shrinkage=0.0224352


Tree=201
num_leaves=16
num_cat=0
split_feature=33 26 35 10 10 10 8 30 22 9 22 27 9 22 21
split_gain=0.731778 1.85757 0.805102 1.68696 2.86428 1.42391 3.50885 0.982112 0.631472 1.02567 0.349699 0.312324 0.681766 0.314597 0.153397
threshold=0.057022789797795743 0.27567881742187345 4.8470177190135679 0.36276102925329751 0.35013267595406999 0.24388753121970877 0.18163677182291674 16.895000000000003 0.13905403702897373 0.50297722332854689 0.15624975728710827 0.402143693246311 0.36305540663185992 0.017324119355159751 0.052400275873598169
decision_type=10 10 2 8 10 8 8 10 8 10 10 8 8 8 8
left_child=2 11 5 4 -4 7 -7 -1 9 -3 -5 13 -13 -2 -10
right_child=1 8 3 10 -6 6 -8 -9 14 -11 -12 12 -14 -15 -16
leaf_value=-2.2779173029736755e-06 0.00087559401871602173 8.4435285996788101e-05 -8.0457471102088525e-05 -0.00023604273186307806 0.0013131720008534836 0.00018148755842554621 9.8490161951139904e-07 -0.00021076117891446813 0.0023807378390130673 0.0027708324931890928 3.5201296497851306e-05 -0.00013714172360414982 0.0017242850578143775 -0.00021263173057722254 -0.00070727332678478902
leaf_weight=525.36525359610096 28.432327234186232 1352.0940781459212 1197.6269492381252 683.37277289736085 30.823020257055759 22.938558048568666 3002.463302105898 791.17513623088598 9.1513234842568618 59.767491342499852 21.458110546693206 46.86649810988456 7.709926212206482 641.3256713366136 68.234829535707831
leaf_count=2913 428 9778 4536 2636 104 134 13075 3670 64 334 56 435 86 3920 500
internal_value=-0.000201078 0.000143431 -0.000325771 -0.000709383 -0.000188698 -0.000150324 0.000111995 -0.000768025 0.000604176 0.000721575 -0.0015879 -0.000776207 0.000651432 -0.000922608 -0.00127305
internal_weight=8488.81 2213.58 6275.22 1933.28 1228.45 4341.94 3025.4 1316.54 1489.25 1411.86 704.831 724.334 54.5764 669.758 77.3862
internal_count=42669 15545 27124 7332 4640 19792 13209 6583 10676 10112 2692 4869 521 4348 564
is_linear=0
shrinkage=0.0224352


Tree=202
num_leaves=14
num_cat=0
split_feature=12 34 34 26 33 33 34 16 19 25 33 34 7
split_gain=0.805495 0.81137 0.734449 0.71268 1.05097 0.841369 0.444168 0.309776 0.234384 0.262224 0.151832 0.101443 0.0780206
threshold=0.018141506002019973 0.02937751797404187 0.045554960127226492 0.41307225082740173 0.039261187978323571 0.0091474368736131923 -0.034193482064526597 1.5897132929029618 0.048161243375647929 0.97767455607652665 -0.079361202065951361 0.025845820494158293 0.14034040343687906
decision_type=8 10 10 10 8 8 8 10 10 10 10 10 10
left_child=6 3 10 5 -5 -2 8 -4 12 -10 -3 -8 -1
right_child=1 2 7 4 -6 -7 11 -9 9 -11 -12 -13 -14
leaf_value=1.9709537352409497e-05 -0.0002197990614529738 -8.4669949107837162e-05 0.00010523288656228508 -1.0400709309998146e-05 0.00014696215079369287 -1.0683945976734009e-05 -0.00044244474506819481 -0.00033014542119732724 0.0011588616132541143 -0.00076433306456706617 -0.00020129886128569382 -0.0002414327082645634 -0.00048639841833791859
leaf_weight=25.6348313447088 322.24155819043517 44.682318210601807 201.3727422375232 1885.7599865319207 1500.0594317251816 3768.8695893641561 186.33611198049039 170.93723523616791 16.6912030633539 14.139488775283096 281.84822780825198 17.611364290118217 52.62115956377238
leaf_count=372 1664 316 1474 8129 10512 16776 666 1220 190 216 480 46 608
internal_value=-0.000196807 -0.000151249 -0.000884891 -7.99635e-05 0.000157051 -0.000280969 -0.00132104 -0.00014366 0 0.00146519 -0.00166769 -0.00194154 -0.00080191
internal_weight=8488.81 8175.77 698.841 7476.93 3385.82 4091.11 313.034 372.31 109.087 30.8307 326.531 203.947 78.256
internal_count=42669 40571 3490 37081 18641 18440 2098 2694 1386 406 796 712 980
is_linear=0
shrinkage=0.0224352


Tree=203
num_leaves=13
num_cat=0
split_feature=12 18 34 18 5 34 12 20 34 18 34 5
split_gain=0.870951 0.832873 0.691147 1.01775 0.594397 0.326424 0.179943 0.282595 0.150384 0.114474 0.0987575 0.00550154
threshold=0.018141506002019973 -0.10263974004466252 0.013771453537709035 -0.069533020840210333 0.24805566097319001 -0.034193482064526597 0.013252345415060198 0.042548054700275208 0.068340077517959688 -0.013898120689459335 0.025845820494158293 0.21673570989217431
decision_type=8 8 8 10 8 8 10 8 10 10 10 8
left_child=5 8 3 -3 -4 6 7 -1 -2 -8 -7 -10
right_child=1 2 4 -5 -6 10 9 -9 11 -11 -12 -13
leaf_value=-5.0463788689216225e-05 -0.00072053547433774715 0.00055218268855647954 -7.4941711875504223e-05 -3.2661728397726397e-06 -1.6278576581971866e-06 -0.00043251839098679856 0.00051014168425630405 0.0012597681027844156 -0.00032273852940872366 -0.00050931478098298507 -0.00023601610748948779 0.00026678840744838526
leaf_weight=24.108445136807862 155.5304383886978 218.49098032806069 755.43481293157674 6201.9256370551884 814.44285408197902 186.33611198049039 17.606723797507584 6.468081083148717 11.420137196779249 60.903432729654014 17.611364290118217 18.526229321956638
leaf_count=324 584 965 4408 30271 4119 666 234 102 86 726 46 138
internal_value=-0.000206153 -0.000158887 -0.000121643 -1.52558e-05 -0.000543935 -0.00137493 -0.000169947 0.00101142 -0.00165163 -0.000885138 -0.00192016 0
internal_weight=8488.81 8175.77 7990.29 6420.42 1569.88 313.034 109.087 30.5765 185.477 78.5102 203.947 29.9464
internal_count=42669 40571 39763 31236 8527 2098 1386 426 808 960 712 224
is_linear=0
shrinkage=0.0224352


Tree=204
num_leaves=13
num_cat=0
split_feature=12 15 23 23 13 33 5 25 33 21 32 1
split_gain=0.884327 0.835185 0.745074 0.761776 0.74397 0.602608 0.548235 0.311739 0.132533 0.272608 0.0777459 0.0671495
threshold=0.018141506002019973 1.1326821127188906 0.019963787642780648 0.02225808131226523 1.0822972347700619 0.017600365507825292 0.082429483272906681 0.6428159244623618 0.16713931184652434 0.02620743214866331 0.34762532981530353 0.018254213483146067
decision_type=8 10 10 10 8 10 8 10 8 10 10 2
left_child=8 4 6 -4 5 -2 -3 -6 10 -10 -1 -12
right_child=1 2 3 -5 7 -7 -8 -9 9 -11 11 -13
leaf_value=4.9536455081534734e-05 -0.00014148792532569379 1.5039572103528049e-05 0.00010747401559189294 6.7149238569674184e-07 -7.3260376576951832e-05 0.00017909356451214546 -6.0700247118591091e-05 -0.00017814647537709518 -0.00053784637998269941 0.0011320269806413166 1.6701778475266022e-05 -0.00035919366652623443
leaf_weight=8.4017762932926399 400.52273780154064 109.0028668101877 196.88953677937388 5499.2060272567905 808.76277411496267 207.84485116973519 524.35085565363988 429.19143971800804 27.811014275997877 13.78918384760618 11.910032112151383 251.12215248867869
leaf_count=430 2196 816 860 25586 4790 891 3094 2338 192 80 80 1316
internal_value=-0.000199744 -0.000152154 -2.63671e-05 5.15664e-05 -0.000572478 3.91883e-05 -0.000758078 -0.000889003 -0.00137698 0 -0.0015593 -0.00163015
internal_weight=8488.81 8175.77 6329.45 5696.1 1846.32 608.368 633.354 1237.95 313.034 41.6002 271.434 263.032
internal_count=42669 40571 30356 26446 10215 3087 3910 7128 2098 272 1826 1396
is_linear=0
shrinkage=0.0224352


Tree=205
num_leaves=14
num_cat=0
split_feature=15 12 14 5 7 7 30 13 16 16 18 24 19
split_gain=0.911657 1.00547 0.702067 0.7339 0.594626 1.33735 0.520728 0.482072 0.217749 0.210577 0.112777 0.104541 0.00389316
threshold=1.1326821127188906 0.018141506002019973 2.3580643415906697 0.091741609328839763 0.2219424875773757 0.22431752293974191 15.670000000000002 1.089815838082193 0.85022002289053067 0.77838051215196025 0.062981347044145167 7.5000000000000009 0.070544594289052576
decision_type=8 8 8 10 10 10 8 10 10 10 10 2 10
left_child=4 8 3 -3 10 -6 -4 -7 9 -2 12 -10 -1
right_child=1 2 6 -5 5 7 -8 -9 11 -11 -12 -13 -14
leaf_value=-0.00014191252964366631 -0.0004421596141278275 2.1157156238262681e-05 0.0001235384529066574 -9.4892526014507751e-06 0.0010759392109478602 -3.8033908704082186e-06 -5.9797069591031421e-05 -0.00015796727157643375 -3.2240930002346046e-06 0.00014840003351254935 0.00011640473479725912 -0.00034359322808359227 -0.00041624659984966614
leaf_weight=211.32495818240568 55.877123302780092 2307.8753889822401 146.26422546012327 2732.5856687393971 17.54387828707695 574.76964473398402 1316.1026731515303 860.18458770448342 14.836884030140935 50.498678509145975 9.0753978341817838 183.5396427065134 8.3264966979622823
leaf_count=1386 436 10887 1326 11765 58 2857 8870 3354 661 385 72 508 104
internal_value=-0.000212017 -9.30612e-05 -3.08533e-05 9.1434e-05 -0.000681692 -0.000494706 -0.000465816 -0.000583417 -0.00135303 -0.000289997 -0.00177859 -0.00182088 -0.00188457
internal_weight=8488.81 6807.58 6502.83 5040.46 1681.22 1452.5 1462.37 1434.95 304.752 106.376 228.727 198.377 219.651
internal_count=42669 34838 32848 22652 7831 6269 10196 6211 1990 821 1562 1169 1490
is_linear=0
shrinkage=0.0224352


Tree=206
num_leaves=16
num_cat=0
split_feature=20 19 33 0 9 19 20 20 33 27 27 9 27 27 2
split_gain=0.746752 1.19565 1.27171 1.48043 0.957533 1.04901 0.616627 0.952324 1.43455 0.601345 0.549556 0.4796 0.320299 0.245681 0.0790953
threshold=0.026151662083359981 0.03323128946367563 0.013685864821931461 0.26282500000000009 0.1840142204801819 0.036090066021517715 0.02151199121523115 0.01926041200538323 0.017442240721540329 0.070558235636449293 0.51199837539194826 0.32569205557852471 0.57524292943224531 0.49464947700220396 0.07863312930070325
decision_type=10 10 8 2 8 10 10 10 8 8 10 10 10 10 2
left_child=6 2 14 -4 13 -6 7 9 -9 -1 11 -8 -12 -3 -2
right_child=1 4 3 -5 5 -7 10 8 -10 -11 12 -13 -14 -15 -16
leaf_value=3.9178079929177138e-05 9.2227451454624152e-06 -0.00029229126510308892 -0.00050602299555013686 9.6767322516596563e-05 -0.00044032660763870069 -2.3157362952160677e-06 -0.0002887168215814981 -0.00024248140500810587 0.00014596219829455579 -6.6436079981528303e-05 0.00037610893259343515 0.0002650491695143817 -1.1500956701230662e-06 0.00019041862856971443 -0.00044016176822698577
leaf_weight=158.85303671774454 17.240612107329071 198.73084915196523 71.100832576863468 321.7139207907021 274.73227936169133 5667.5281205209903 408.94520284887403 70.783394364640117 173.07628981117159 885.69078810676001 13.525585624389349 60.224309873767197 86.314750318415463 5.7307258197106412 74.614550326950848
leaf_count=1182 138 2164 456 1486 1166 25686 1735 316 824 6064 100 254 530 184 384
internal_value=-0.000180885 -6.61084e-05 0.00100071 0.00157921 -0.000153538 -9.79658e-05 -0.000579834 -0.00028744 0.000942634 -0.000593958 -0.00120613 -0.00153273 0.00013061 -0.00166731 -0.001253
internal_weight=8488.81 6631.39 484.67 392.815 6146.72 5942.26 1857.41 1288.4 243.86 1044.54 569.01 469.17 99.8403 204.462 91.8552
internal_count=42669 31664 2464 1942 29200 26852 11005 8386 1140 7246 2619 1989 630 2348 522
is_linear=0
shrinkage=0.0224352


Tree=207
num_leaves=12
num_cat=0
split_feature=18 26 20 20 34 26 34 34 24 22 22
split_gain=0.748269 0.693147 0.856796 1.34736 0.804977 0.672057 0.637666 0.631219 0.184277 0.0519323 0.0374025
threshold=-0.10263974004466252 0.21633451381071006 0.03704207018596304 0.037421077995159764 0.02937751797404187 0.22176261795040594 0.0017295743820593403 0.045554960127226492 9.5000000000000018 0.10776137390634655 0.047497858547745013
decision_type=8 8 8 10 10 8 10 10 2 10 10
left_child=8 2 6 -4 5 -3 -2 -6 9 10 -1
right_child=1 4 3 -5 7 -7 -8 -9 -10 -11 -12
leaf_value=0.00017239023824004195 -0.00024552654396273513 0.00029123202950945059 0.0012015612036032949 -9.063267414678408e-06 -0.00017156950348746019 -9.5772387681581084e-07 2.2898199376963177e-06 -2.8299455124088333e-06 -0.00070299163735914444 0.00069555435037134405 -0.00064994579171887056
leaf_weight=21.954759047366679 531.97175077022985 59.397958976682276 11.531529079657046 407.56503708893433 312.78811769559979 6566.3473540758714 90.648039493709803 323.07865623384714 128.76774877309799 6.8439812348224214 27.910315852146596
leaf_count=204 2584 298 402 2252 752 32959 312 2302 218 102 284
internal_value=-0.000168269 -0.000134117 -0.000676854 6.3162e-05 -5.34789e-05 1.67903e-05 -0.0012065 -0.000816321 -0.00158561 -0.000105411 -0.000644399
internal_weight=8488.81 8303.33 1041.72 419.097 7261.61 6625.75 622.62 635.867 185.477 56.7091 49.8651
internal_count=42669 41861 5550 2654 36311 33257 2896 3054 808 590 488
is_linear=0
shrinkage=0.0224352


Tree=208
num_leaves=15
num_cat=0
split_feature=34 34 26 19 17 5 31 17 30 5 9 8 19 34
split_gain=0.633713 0.718177 0.712144 0.83165 1.15859 0.983699 0.741011 1.10691 0.848769 0.295097 0.230282 0.565744 0.22904 0.086356
threshold=0.02937751797404187 0.045554960127226492 0.33898613016248047 0.051109599393065606 1.0416586390301756 0.62288419640281301 2.7600000000000011 1.4656516092114629 18.665000000000003 -0.13734806100122651 0.28249836569263703 0.36566072399823973 0.092897884110164988 0.13208212000857447
decision_type=10 10 10 10 8 10 10 8 10 10 10 10 10 10
left_child=2 9 3 5 -5 -1 7 -4 -8 12 13 -12 -2 -3
right_child=1 10 6 4 -6 -7 8 -9 -10 -11 11 -13 -14 -15
leaf_value=-8.6005903198937232e-05 -0.00019051928048065679 -0.00021776226209529694 1.347618258245583e-05 3.0053867928931547e-05 -0.00021302294749119812 1.9883012954074875e-05 -0.00019391449251486868 0.00029520740357613943 2.4160813504290619e-06 -0.00040407088058183648 0.00034108877326476594 -7.8158737522609302e-05 4.4635099347131191e-05 0.00028917898446183157
leaf_weight=2052.7777458946221 70.426058918237686 80.717339716851711 2638.5603043972515 691.69394775433466 471.56718270480633 44.003557073883712 487.9679951351136 276.25145307602361 1121.8647626265883 233.83366025425494 52.713662516325712 221.72338747791946 27.548603013157845 17.155587762594223
leaf_count=9668 276 690 14242 3358 1996 190 2473 1994 5244 454 292 1584 80 128
internal_value=-0.000162789 -0.000811191 -0.000101539 -0.000355417 0.000111296 -0.00062378 7.70114e-05 0.000293854 -0.000303238 -0.00157361 -7.71483e-05 0.000197077 -0.000283069 -0.00104498
internal_weight=8488.81 704.118 7784.69 3260.04 1163.26 2096.78 4524.64 2914.81 1609.83 331.808 372.31 274.437 97.9747 97.8729
internal_count=42669 3504 39165 15212 5354 9858 23953 16236 7717 810 2694 1876 356 818
is_linear=0
shrinkage=0.0224352


Tree=209
num_leaves=14
num_cat=0
split_feature=12 12 9 5 30 5 38 24 17 19 12 38 38
split_gain=0.859657 0.507653 1.16786 0.894865 0.91783 0.85098 0.744731 0.170425 0.110583 0.120444 0.0338374 0.014054 0.000831819
threshold=0.018141506002019973 0.090809530366409222 0.64922641354187594 0.22926776246629185 18.635000000000002 0.091741609328839763 1.5000000000000002 7.5000000000000009 0.66684023412917559 0.069904502627645859 0.015988180529624786 10.500000000000002 7.5000000000000009
decision_type=8 8 10 10 10 10 2 2 10 10 10 2 2
left_child=7 2 5 6 -5 -2 -3 11 10 -10 -9 12 -1
right_child=1 3 -4 4 -6 -7 -8 8 9 -11 -12 -13 -14
leaf_value=-0.00010408702485856897 7.6405700683848973e-06 -0.00068856401147028307 0.0027011241719498576 0.00053344255782342728 -0.00028088854962825981 -2.1858454567120618e-05 -6.5239297658157606e-05 3.5676206741888761e-05 -0.00039729431952321141 -0.0015614381563515672 -0.00051585787864193578 0.00058058855834731439 -0.00035835397899202352
leaf_weight=11.75888453051448 3212.2750794319436 189.82183135533705 20.548266446217895 109.7914230292663 77.15614334307611 3026.9536411711015 1539.2247045272961 19.486692875623703 213.67038708925247 19.117671996355057 21.179941892623901 10.31301910523325 17.507561528123915
leaf_count=530 16674 898 98 440 526 13869 8066 60 632 68 50 244 514
internal_value=-0.000159785 -0.000112902 -1.18083e-05 -0.000432726 0.00100076 -3.27804e-05 -0.000599464 -0.00131864 -0.00151759 -0.00171554 0 0 -0.000192239
internal_weight=8488.81 8175.77 6259.78 1915.99 186.948 6239.23 1729.05 313.034 273.455 232.788 40.6666 39.5795 29.2664
internal_count=42669 40571 30641 9930 966 30543 8964 2098 810 700 110 1288 1044
is_linear=0
shrinkage=0.0224352


Tree=210
num_leaves=16
num_cat=0
split_feature=15 23 34 23 28 10 31 28 22 10 4 27 5 27 30
split_gain=0.781815 0.830061 0.962958 1.23133 0.986618 0.647151 2.41635 0.594751 0.917385 0.594433 0.438207 0.812426 0.388668 0.288208 0.0329729
threshold=1.1227154631246055 0.019963787642780648 0.013529591520938801 0.02225808131226523 0.039199999999999936 0.12637839425464828 -3.4450000000000007 0.09279999999999998 0.073729890684176486 1.0594496445561925 0.088493559768724736 0.4220498321611254 0.081463760490415704 0.22585827971176023 30.070000000000004
decision_type=10 10 10 10 8 10 8 10 8 10 10 8 8 8 8
left_child=7 5 3 -3 -4 6 -2 10 14 -10 13 -12 -7 -1 -9
right_child=1 2 4 -5 -6 12 -8 8 9 -11 11 -13 -14 -15 -16
leaf_value=-0.00012311943649904485 0.00017149943216959794 0.00011097576676486662 -0.00010453232316468854 3.777585208567627e-06 2.9188030198213144e-05 9.1960070636788702e-06 -4.2282678953643478e-06 -0.0010181986900812162 0.0045102551118006715 -0.0002998454875276442 0.0036235958649998229 -0.00084307511783261865 -0.00017779507672786502 -9.8327987309321113e-05 9.8144422976590304e-05
leaf_weight=266.65414467104711 11.509088508784769 186.32951951026917 656.8388402108103 4718.7266992861405 402.4279767293483 123.64358822535723 66.840444379951805 20.0662911394611 18.536755595123399 7.6448738873004904 11.099877127446232 15.492539732716979 536.06427461048588 1418.5490631340072 28.381271573714912
leaf_count=2070 52 908 1728 24210 1305 750 550 120 180 38 46 91 3162 7237 222
internal_value=-0.000165043 -5.06115e-05 3.40592e-05 0.000169683 -0.000574982 -0.000761289 0.00104104 -0.000583109 0.0012821 0.0046753 -0.0006764 0.00196361 -0.0010061 -0.000730446 -0.000176327
internal_weight=8488.81 6702.38 5964.32 4905.06 1059.27 738.057 78.3495 1786.42 74.6292 26.1816 1711.8 26.5924 659.708 1685.2 48.4476
internal_count=42669 32665 28151 25118 3033 4514 602 10004 560 218 9444 137 3912 9307 342
is_linear=0
shrinkage=0.0224352


Tree=211
num_leaves=14
num_cat=0
split_feature=12 15 27 22 21 21 13 20 25 31 20 22 16
split_gain=0.840659 0.780944 0.716661 0.778034 0.671836 2.3615 0.660948 0.864506 0.381333 0.22961 0.211553 0.790811 0.222211
threshold=0.018141506002019973 1.1227154631246055 0.96929646005131465 0.049228890963568535 0.17167731171111483 0.14928463797690819 1.0822972347700619 0.14093968851247382 0.62412911898730961 -3.6849999999999983 0.075314422648585441 0.06896818160711278 0.86777806772269039
decision_type=10 10 10 10 8 10 10 10 10 10 8 8 8
left_child=2 6 10 -4 5 -3 7 -2 -8 -6 12 -12 -1
right_child=1 4 3 -5 9 -7 8 -9 -10 -11 11 -13 -14
leaf_value=-0.00019458216953037187 -2.8697034240455337e-05 4.4305331657073975e-07 1.9643263165957144e-05 -0.00017153444895136351 0.0026315789667962042 0.00068955274865106742 -9.0064146814176237e-05 0.00012588936701161854 -0.00035859285550652714 -0.00075083029361255871 0.0018893269791636299 -7.6217943124773366e-05 -0.00032445391103866383
leaf_weight=110.96158450469375 588.0367386941798 6220.1981118731201 5.00592104019597 5.1270475094206631 8.8896458484232408 48.241682264953852 642.33901563799009 16.445172023028135 358.69850653549656 119.54354659374803 12.211523666977881 73.390798785723746 279.71595334401354
leaf_count=888 2985 28368 70 38 1345 264 2629 86 1710 692 60 1584 1950
internal_value=-0.000160689 -0.000102858 -0.00107017 0.00429266 5.12111e-06 4.11876e-05 -0.000545312 8.52485e-06 -0.000899419 -0.00159408 -0.00123054 0 -0.00145526
internal_weight=8488.81 8002.39 486.413 10.133 6396.87 6268.44 1605.52 604.482 1001.04 128.433 476.28 85.6023 390.678
internal_count=42669 38079 4590 108 30669 28632 7410 3071 4339 2037 4482 1644 2838
is_linear=0
shrinkage=0.0224352


Tree=212
num_leaves=12
num_cat=0
split_feature=18 28 8 8 0 30 18 8 30 23 30
split_gain=0.74549 0.758409 0.841713 2.34465 0.873642 0.681645 0.782542 0.444204 0.16049 0.00455235 0.000373238
threshold=-0.10263974004466252 0.037000000000000012 0.29928475070395066 0.25487563912378769 0.45485000000000003 24.385000000000002 -0.069533020840210333 0.59917570140036813 29.835000000000004 0.033404970338283997 39.140000000000008
decision_type=8 10 8 8 2 10 8 10 10 10 10
left_child=8 5 3 -3 -4 6 -2 -7 -1 -10 -11
right_child=1 2 4 -5 -6 7 -8 -9 9 10 -12
leaf_value=-0.0006626536526393149 0.00050591961346474143 -9.2505867592438887e-06 -0.0008046665506990378 0.00060660598001445367 1.1174952545495453e-05 -0.0002129283717458876 -1.0852354590626312e-05 0.00014805368449122318 -0.00032481396799876526 0.00022570442270910504 -0.00030449784103138769
leaf_weight=144.43917828332633 164.8522528433241 389.55987888295203 137.01033854484558 263.84338581142947 818.3314049358014 683.98996612429619 5745.4640098807868 100.27720639109612 11.164344996213911 9.9741657972335833 19.899115830659866
leaf_count=508 663 2522 618 1263 3352 2539 30218 686 82 72 146
internal_value=-0.000138749 -0.000104706 0.000327807 0.000950538 -7.76063e-05 -0.000211627 -0.000125158 -0.000837421 -0.00155131 0 0
internal_weight=8488.81 8303.33 1608.75 653.403 955.342 6694.58 5910.32 784.267 185.477 41.0376 29.8733
internal_count=42669 41861 7755 3785 3970 34106 30881 3225 808 300 218
is_linear=0
shrinkage=0.0224352


Tree=213
num_leaves=10
num_cat=0
split_feature=24 34 12 34 15 14 5 31 33
split_gain=0.83984 0.678361 0.713945 0.702381 0.674921 0.447132 0.372795 0.229689 0.162038
threshold=12.500000000000002 0.02937751797404187 0.019034309017669185 0.045554960127226492 1.1227154631246055 1.3126992428957962 -0.13734806100122651 -2.1200000000000006 -0.15097546712861395
decision_type=2 10 8 10 10 8 10 8 10
left_child=1 2 7 6 -4 -2 -3 -1 -5
right_child=5 3 4 8 -6 -7 -8 -9 -10
leaf_value=1.9058086933769082e-05 -2.607906200311259e-05 -7.4585692798332894e-05 -5.963997578894814e-05 0.00065477979718412869 4.2135863534463971e-06 -0.000204250684062357 -0.00039142174165068447 -0.00030957623518534564 -2.1304613351169392e-05
leaf_weight=61.548240100033581 80.461631178855896 87.375244960188866 1509.8296858547255 34.485680222511292 5722.7797077777795 162.22895020619035 230.10868013836443 280.28731667110696 319.70011121220887
leaf_count=332 82 344 8374 236 28045 174 450 2194 2438
internal_value=-0.000132277 -9.13718e-05 -2.80258e-05 -0.000775584 1.66605e-05 -0.00143726 -0.00154344 -0.00103013 -3.00068e-05
internal_weight=8488.81 8246.11 7574.44 671.67 7232.61 242.691 317.484 341.836 354.186
internal_count=42669 42413 38945 3468 36419 256 794 2526 2674
is_linear=0
shrinkage=0.0224352


Tree=214
num_leaves=12
num_cat=0
split_feature=18 12 35 5 17 12 17 17 24 26 5
split_gain=0.766543 0.651753 0.66795 1.24968 0.924812 0.244478 0.225146 1.0421 0.166171 0.0798631 0.0104868
threshold=-0.10263974004466252 0.018141506002019973 4.8999271471549797 0.086305296885770627 0.68199614501112604 0.2660029593483062 0.6635575459463926 0.64042076060886854 7.5000000000000009 0.98149545691813633 0.22763231413093127
decision_type=8 8 2 10 8 10 10 10 2 10 10
left_child=5 6 4 -4 -3 9 7 -2 -8 10 -1
right_child=1 2 3 -5 -6 -7 8 -9 -10 -11 -12
leaf_value=-0.0006610477045529493 -0.00031114874936884266 -7.235988518260212e-05 6.5697048283214203e-06 -8.3139129013607785e-05 8.8969948993191187e-06 0.00028234715274891921 3.7403330337789513e-05 0.00018503563425733522 -0.00037399758337561506 -0.00022655841662470953 -2.9796464249733851e-05
leaf_weight=140.7133481153287 37.795467038173229 1029.8336516995914 978.05917001492344 1302.2744409602601 4680.1270217220299 12.89790755137801 33.164546099957079 9.2860867939889413 232.78805908560753 15.338989920914171 16.526559319812804
leaf_count=482 228 5644 4770 5327 24022 100 1110 60 700 140 86
internal_value=-0.000120524 -8.60742e-05 -4.41021e-05 -0.000370264 8.26965e-05 -0.00155131 -0.00109218 0 -0.00135236 -0.00181236 -0.00196438
internal_weight=8488.81 8303.33 7990.29 2280.33 5709.96 185.477 313.034 47.0816 265.953 172.579 157.24
internal_count=42669 41861 39763 10097 29666 808 2098 288 1810 708 568
is_linear=0
shrinkage=0.0224352


Tree=215
num_leaves=10
num_cat=0
split_feature=24 26 16 26 26 19 31 19 16
split_gain=0.632388 0.67565 0.66833 0.805372 0.749276 0.581436 0.52915 0.28837 0.24954
threshold=12.500000000000002 0.67585119100446012 1.3542293930681213 0.34844303615243305 0.35113493064312745 0.051747546276903679 11.130000000000001 0.14236498212524437 1.5897132929029618
decision_type=2 10 10 10 10 8 8 10 10
left_child=2 -2 3 5 -5 -1 7 -4 -8
right_child=1 -3 6 4 -6 -7 8 -9 -10
leaf_value=-4.9745185446331149e-05 -0.00022562183198967419 -4.7098733033663348e-06 -0.0002774272454604514 0.0004313909068000802 8.6973886826887142e-06 3.1145535215089597e-06 0.00041437546061223339 0.0014003783555482075 -0.00019722129463552345
leaf_weight=2142.3749260259792 191.60189241543412 51.088688969612122 511.27122983336449 23.075220388360322 4204.4294911730103 1198.3373106075451 59.571497631259263 26.431941418442875 80.623049858957529
leaf_count=8938 202 54 2374 138 22675 5856 422 114 1896
internal_value=-0.000123064 -0.00125677 -8.72103e-05 -2.40223e-05 0.000178823 -0.000286648 -0.0007628 -0.0010928 0.000361003
internal_weight=8488.81 242.691 8246.11 7568.22 4227.5 3340.71 677.898 537.703 140.195
internal_count=42669 256 42413 37607 22813 14794 4806 2488 2318
is_linear=0
shrinkage=0.0224352


Tree=216
num_leaves=13
num_cat=0
split_feature=18 34 26 18 5 34 5 26 34 23 5 22
split_gain=0.798316 0.749328 0.853109 0.766943 0.726807 0.693212 0.348394 0.277942 0.176725 0.0165143 0.0100048 0.0331046
threshold=-0.10263974004466252 0.02937751797404187 0.21633451381071006 -0.069533020840210333 0.62288419640281301 0.045554960127226492 -0.13734806100122651 0.59248037571320256 0.068340077517959688 0.13125106193677166 0.21673570989217431 0.052593515397263223
decision_type=8 10 10 10 10 10 10 10 10 10 8 10
left_child=8 2 4 -4 -2 6 -3 -7 9 -1 -10 -12
right_child=1 5 3 -5 -6 7 -8 -9 10 -11 11 -13
leaf_value=-0.0006924570068475663 -8.5545584738515144e-05 -7.0172888297698017e-05 0.00029030493599071762 1.9349054979888765e-06 2.1618803694831561e-05 -0.00016110602245652131 -0.00029079070329761353 8.7831174581463835e-05 -0.00029974620200543428 -0.00011252902885270377 0.00032268947149902209 -0.00040131610990840663
leaf_weight=138.76709800725803 1448.553841664223 94.428923472762108 314.5981992657762 5832.871587601956 56.756537478417158 125.85277681052685 226.65051851607859 203.61605860479176 11.420137196779249 16.763340381439775 9.477767497301107 9.0484618246555311
leaf_count=518 7618 352 2438 28433 206 942 438 1434 86 66 70 68
internal_value=-9.34204e-05 -5.83654e-05 1.20909e-06 0.000121016 -0.000474738 -0.000789132 -0.00153154 -4.12535e-06 -0.00155131 -0.00185429 0 0.00034508
internal_weight=8488.81 8303.33 7652.78 6147.47 1505.31 650.548 321.079 329.469 185.477 155.53 29.9464 18.5262
internal_count=42669 41861 38695 30871 7824 3166 790 2376 808 584 224 138
is_linear=0
shrinkage=0.0224352


Tree=217
num_leaves=16
num_cat=0
split_feature=35 10 10 25 17 23 0 23 28 31 38 17 5 16 35
split_gain=0.746253 2.07435 1.48369 1.2682 1.20076 1.10623 1.61086 1.00102 1.72864 0.964739 0.867332 0.860381 0.71695 0.511854 0.511557
threshold=4.8999271471549797 0.221532963986525 0.24126144713716505 0.33516693226298727 1.3078344720807569 0.049207409342383719 0.29132500000000006 0.016219754574912041 0.0082000000000000146 2.6850000000000009 10.500000000000002 0.68472666404313032 0.010509163058974891 1.0813017337548543 5.1149951633284401
decision_type=2 8 8 8 10 8 2 8 10 10 2 10 10 10 2
left_child=2 5 9 10 -5 6 -2 8 -3 11 -4 -1 -9 -11 -7
right_child=1 7 3 4 -6 14 -8 12 -10 13 -12 -13 -14 -15 -16
leaf_value=-0.00028715876321193617 2.628307928561573e-06 -0.00026390865480637349 -0.00018048812238879937 1.3380065884827171e-05 0.00027559785310792858 5.3800465664407682e-05 0.00011313787534432689 -9.9639454960614788e-06 0.00021038708133683888 -0.00022072605423241397 0.00031014642653132076 4.9920824246720357e-06 -0.00014848973730720785 8.4588506100561759e-06 -0.00026875713449635177
leaf_weight=278.14071831153706 289.43859088048339 27.807849905453622 640.71499584056437 2755.3501094775274 551.86508426582441 54.213056656066328 232.29327789181843 475.18598734028637 18.86908246204257 492.07723594922572 123.97258151043206 1103.8242140384391 1168.0630386960693 116.90076460689306 160.08866048930213
leaf_count=1764 1771 136 3262 14216 2103 322 1197 2196 70 2529 642 6818 4227 440 976
internal_value=-9.92348e-05 -0.000432301 3.07853e-05 0.000279255 0.000472839 0.000545017 0.00111789 -0.000869756 0.00222813 -0.000467349 -0.000531765 -0.000123238 -0.000970526 -0.00121486 -0.000756502
internal_weight=8488.81 2425.96 6062.85 4071.9 3307.22 736.034 521.732 1689.93 46.6769 1990.94 764.688 1381.96 1643.25 608.978 214.302
internal_count=42669 10895 31774 20223 16319 4266 2968 6629 206 11551 3904 8582 6423 2969 1298
is_linear=0
shrinkage=0.0224352


Tree=218
num_leaves=15
num_cat=0
split_feature=34 23 22 32 34 27 27 23 0 0 11 5 1 19
split_gain=0.742848 0.737774 0.878282 1.68641 0.679622 0.529968 0.418764 0.679226 0.377606 0.647711 0.330427 0.328203 0.209322 0.208387
threshold=0.02937751797404187 0.015323403183715252 0.017324119355159751 0.83179419525065967 0.045554960127226492 0.96929646005131465 0.068679489001991292 0.010441451650395119 0.39742500000000003 0.40302500000000008 0.28273668155195025 -0.13734806100122651 0.030720779220779225 0.092897884110164988
decision_type=8 10 10 10 8 10 8 10 2 2 10 10 2 8
left_child=1 6 3 -3 11 -4 7 -1 12 -10 -8 13 -6 -2
right_child=4 2 5 -5 8 -7 10 -9 9 -11 -12 -13 -14 -15
leaf_value=0.00084072136960035076 -0.00017803656322347514 -0.00015448036705891473 4.3108701753561642e-07 0.00019590029063338619 1.1989519145090265e-06 -0.00019727677209709809 -0.00032395775281405658 -0.00026731577517104428 0.0018498705559062277 -6.8981494739533553e-07 5.1492639524310674e-06 -0.0003768110608674573 -8.465066872732514e-05 4.8593799404773037e-05
leaf_weight=26.355485375039279 70.426058918237686 25.526070386171341 6951.6598472958431 16.866697637364268 3.1098407225217661 192.41234914772213 284.50598559249192 30.388854233548045 11.026850306428967 382.37585967243649 79.771145176142454 233.83366025425494 152.99794059060514 27.548603013157845
leaf_count=168 276 198 31519 36 158 884 1628 162 110 3832 658 454 2506 80
internal_value=-0.000124704 -5.04392e-05 3.08806e-07 0.00320266 -0.000742807 -1.61465e-05 -0.000962725 0.000603092 -0.000215526 0.00010995 -0.00126163 -0.00155452 -0.00116024 -0.000218656
internal_weight=8488.81 7607.49 7186.46 42.3928 881.319 7144.07 421.021 56.7443 549.51 393.403 364.277 331.808 156.108 97.9747
internal_count=42669 35253 32637 234 7416 32403 2616 330 6606 3942 2286 810 2664 356
is_linear=0
shrinkage=0.0224352


Tree=219
num_leaves=12
num_cat=0
split_feature=18 15 24 15 21 1 26 33 31 24 13
split_gain=0.84995 0.67569 0.599482 0.604573 0.533252 0.306974 0.601048 0.176704 0.164459 0.159988 0.000221524
threshold=-0.10263974004466252 4.7857797696577782 12.500000000000002 1.1227154631246055 0.048551677125053386 0.020893304130162712 0.31667564441069207 -0.14455080074111645 1.9700000000000009 8.5000000000000018 1.7439518148440467
decision_type=8 10 2 10 10 2 10 8 10 2 10
left_child=7 2 3 -2 -4 6 -3 10 -7 -9 -1
right_child=1 5 4 -5 -6 8 -8 9 -10 -11 -12
leaf_value=0.00034836095172350245 -6.0355960903809898e-05 -0.00019104590602090713 -0.00019497107735188407 4.9470000953535806e-06 3.3739257694580727e-06 -7.1366248934791381e-05 0.00047140094917654592 1.6248514678794762e-05 -0.00026299743916938315 -0.00062135986761160771 -0.00041905707036546483
leaf_weight=10.110024601221086 1678.4803699064068 28.553760966286063 161.24465146847069 5744.4029061496258 61.183490872383118 321.64987489022315 19.513998363632709 19.885776068083942 288.29939079750329 148.13274475932121 7.3482594788074485
leaf_count=74 9652 102 169 28408 62 2031 156 330 1281 350 54
internal_value=-0.000113278 -7.71589e-05 -1.51055e-05 1.66862e-05 -0.00116273 -0.000767377 0.000738939 -0.00161862 -0.000919169 -0.00184906 0
internal_weight=8488.81 8303.33 7645.31 7422.88 222.428 658.017 48.0678 185.477 609.949 168.019 17.4583
internal_count=42669 41861 38291 38060 231 3570 258 808 3312 680 128
is_linear=0
shrinkage=0.0224352


Tree=220
num_leaves=15
num_cat=0
split_feature=34 26 10 10 35 35 34 34 23 3 23 21 26 18
split_gain=0.714822 0.799378 0.796586 1.57622 0.769516 1.42094 0.715936 0.367362 0.27277 0.25553 0.208811 0.193774 0.175216 0.0951215
threshold=0.02937751797404187 0.21633451381071006 0.78343121481068378 0.6707547517055652 4.6540555791836189 4.583793318923906 0.045554960127226492 -0.040703757976053849 0.13920154330197401 58.500000000000007 0.018639746057407706 0.05113144012538582 0.66032209217562166 0.0081745542737929906
decision_type=10 10 10 10 2 2 10 8 10 2 8 10 10 10
left_child=1 4 3 -3 5 -1 10 -6 -4 12 -2 -11 -8 -12
right_child=6 2 8 -5 7 -7 9 -9 -10 11 13 -13 -14 -15
leaf_value=-2.0942337323904785e-05 4.5360708968040524e-05 2.2725741029419243e-06 -0.0010025490596613142 0.00057221786629212059 -9.397767884038695e-05 0.0017545120247875086 -7.255506516349267e-05 -0.00032957684147738814 1.4293753778819841e-05 0.00010256041478396096 -0.00037894088370553927 0.0011049477847865242 4.2549489966896085e-05 -3.3397006940655033e-05
leaf_weight=1172.9125694534741 18.694206930696964 5874.4158876927104 189.44613926764578 188.22613796731457 83.594571243040264 19.606488331686705 169.16138283163309 235.33360203891061 21.151552667841315 10.228803455829622 190.85219916328788 7.9198922514915457 184.99989893473685 122.26191609166563
leaf_count=6448 74 29895 736 608 503 80 1242 827 68 70 328 44 1338 408
internal_value=-0.00010797 -4.33243e-05 6.54804e-05 0.000115657 -0.000507926 -0.000226058 -0.000793927 -0.00149756 -0.00128156 -6.15369e-05 -0.00155452 0.00240825 -0.000247505 -0.00170167
internal_weight=8488.81 7784.69 6273.24 6062.64 1511.45 1192.52 704.118 318.928 210.598 372.31 331.808 18.1487 354.161 313.114
internal_count=42669 39165 31307 30503 7858 6528 3504 1330 804 2694 810 114 2580 736
is_linear=0
shrinkage=0.0224352


Tree=221
num_leaves=16
num_cat=0
split_feature=15 15 38 5 30 4 0 19 30 15 23 26 36 2 9
split_gain=0.634366 0.790425 0.558071 0.811073 0.632024 0.525742 1.15299 0.515213 0.370395 0.377877 0.888667 0.188287 0.183379 0.210746 0.157139
threshold=4.7857797696577782 1.1227154631246055 1.5000000000000002 0.15741564688303769 17.305000000000003 0.088493559768724736 0.71902500000000014 0.06381550159864055 15.915000000000001 11.674698881237569 0.039852987043837586 inf 1.0000000180025095e-35 0.10587072993472395 0.45108970099017387
decision_type=10 10 2 8 10 8 2 10 10 10 10 8 2 2 10
left_child=1 5 3 -3 -4 7 -7 -1 9 11 -11 -2 14 -14 -10
right_child=8 2 4 -5 -6 6 -8 -9 12 10 -12 -13 13 -15 -16
leaf_value=-3.008753969723392e-05 -0.00020381060785410666 -0.00059050048000694954 3.0198669053754142e-05 4.4953193608363492e-06 -7.0998101107844878e-06 -7.1235104951958926e-05 0.00064984859650446774 -0.00032374874871884235 -0.00026101760614119642 -0.00083521382838623104 0.00089566904405095221 2.3083075829963591e-05 0.00017303884814378061 -0.00025798648607375756 0.0022867807333509641
leaf_weight=770.76544248010032 56.873078656382859 180.45513105206192 2513.2154998248443 365.11670652776957 2980.4633745127358 512.4854617738165 45.208439272595569 457.96547333430499 355.08490282250568 10.747351842001082 9.5690772738307697 20.983131976798177 31.785478071775287 164.17574616195634 13.910952738486229
leaf_count=4223 470 656 15169 1220 12012 3701 286 1794 1749 65 70 127 272 799 56
internal_value=-0.000110123 -5.09198e-05 6.88604e-05 -0.00060845 0.000139792 -0.000466875 7.26232e-05 -0.000727833 -0.000778253 0.000349701 0.00310481 -0.000131698 -0.00100954 -0.00031067 -0.00132594
internal_weight=8488.81 7825.68 6039.25 545.572 5493.68 1786.42 557.694 1228.73 663.13 98.1726 20.3164 77.8562 564.957 195.961 368.996
internal_count=42669 39061 29057 1876 27181 10004 3987 6017 3608 732 135 597 2876 1071 1805
is_linear=0
shrinkage=0.0224352


Tree=222
num_leaves=13
num_cat=0
split_feature=34 18 23 34 35 34 28 33 16 28 28 16
split_gain=0.656993 0.688201 0.659833 0.918664 0.74204 0.590724 0.408954 0.434215 0.239463 0.301857 0.221689 0.145131
threshold=0.02937751797404187 -0.10263974004466252 0.019963787642780648 0.025845820494158293 4.8999271471549797 0.045554960127226492 0.0014499999999999793 0.034475976999724496 1.5897132929029618 0.032900000000000006 0.051549999999999992 1.5589376081881878
decision_type=10 8 10 10 2 10 10 10 10 10 10 10
left_child=1 11 3 -3 -4 6 7 -2 9 -7 -10 -1
right_child=5 2 4 -5 -6 8 -8 -9 10 -11 -12 -13
leaf_value=-0.00060161450288510453 -0.00026473308473365712 -4.7022402655344815e-05 7.9804641055508075e-06 0.00046662996261935817 -2.8073842478529316e-05 0.00014725634667784405 -0.00019790688044363762 4.8301154526830043e-05 -0.00042488604157923872 -7.0767988912513329e-05 2.4647887350392088e-05 4.3192375080453063e-06
leaf_weight=116.76440061163157 107.93097934871912 828.45078511629254 4809.9171303184703 28.01883852109313 1986.3934120545164 115.65466917306185 208.34178085811436 15.535561978816984 102.00577169656754 85.71807306446135 68.931463539600372 15.142382040619848
leaf_count=412 396 6382 23630 68 8615 872 388 26 720 602 500 58
internal_value=-9.33725e-05 -3.13216e-05 -9.72701e-07 -0.000590131 7.0389e-05 -0.000750666 -0.00144307 -0.000227383 -7.91231e-05 0.000382178 -0.000737962 -0.00163502
internal_weight=8488.81 7784.69 7652.78 856.47 6796.31 704.118 331.808 123.467 372.31 201.373 170.937 131.907
internal_count=42669 39165 38695 6450 32245 3504 810 422 2694 1474 1220 470
is_linear=0
shrinkage=0.0224352


Tree=223
num_leaves=16
num_cat=0
split_feature=34 31 20 7 16 17 28 28 17 7 22 18 30 17 18
split_gain=0.756694 0.854037 0.609453 0.685539 0.569124 0.546104 1.05178 0.553056 0.417826 0.369907 0.903331 0.347105 0.32386 0.162863 0.145005
threshold=0.013771453537709035 4.3200000000000021 0.014478410605773042 0.14305203882004608 1.3020365151883875 0.94998180552271838 -0.0060500000000000128 0.050550000000000019 1.3078344720807569 0.18402609370495598 0.021437224041056174 0.024232633345293578 18.590000000000003 1.4084055417255477 -0.071487819189261267
decision_type=10 10 8 8 10 10 10 8 10 8 10 10 10 10 10
left_child=2 8 9 11 -5 6 -3 -7 14 10 -1 -4 -11 -10 -2
right_child=1 5 3 4 -6 7 -8 -9 13 12 -12 -13 -14 -15 -16
leaf_value=-0.00036526112804004029 -0.00015801139766015619 -0.00028509020458623391 -0.0003818169863466601 5.4408655877868526e-06 -0.00026011257190382817 -0.00020503285505325746 0.0001437848992083362 4.1423088313375008e-06 7.6443074122492079e-05 -0.00014996229097798247 2.2386157853518992e-05 0.0001103802845323284 2.8629670628458743e-06 -0.0011781983658963502 -0.00014908627574487703
leaf_weight=93.041205908637494 23.417316447943449 252.07497344911098 165.42694782977924 6006.21052548429 366.91606972832233 354.45094956457615 318.81472355127335 221.73849840462208 20.330724060535431 239.49673847109079 46.900853265076876 15.403458524961023 61.077625429257751 19.039351247251034 284.46528695523739
leaf_count=858 58 1057 1504 30424 2032 998 934 1040 66 1786 304 232 422 68 886
internal_value=-9.93695e-05 -0.000557554 0 5.28726e-05 9.44805e-05 -0.00024144 0.000223986 -0.000736826 -0.00154269 -0.0008087 1.05813e-05 -0.00129999 -0.00125549 0.00022233 -0.00183282
internal_weight=8488.81 1494.33 6994.47 6553.96 6373.13 1147.08 570.89 576.189 347.253 440.516 139.942 180.83 300.574 39.3701 307.883
internal_count=42669 5107 37562 34192 32456 4029 1991 2038 1078 3370 1162 1736 2208 134 944
is_linear=0
shrinkage=0.0224352


Tree=224
num_leaves=14
num_cat=0
split_feature=34 12 34 16 26 23 16 33 16 9 26 20 23
split_gain=0.656674 0.656124 0.607944 0.548195 0.697097 0.611018 0.383359 0.307143 0.222928 0.265218 0.221881 0.204678 0.226051
threshold=0.02937751797404187 0.019034309017669185 0.045554960127226492 1.3272555884974089 0.34844303615243305 0.14235940224949584 0.95031233684055205 0.050810765343194404 1.5897132929029618 0.28249836569263703 0.82273795282831397 0.12186680493501469 0.018639746057407706
decision_type=10 8 10 10 10 10 10 10 10 10 10 10 8
left_child=1 6 11 4 -3 -5 7 -1 9 -4 -10 12 -2
right_child=2 3 8 5 -6 -7 -8 -9 10 -11 -12 -13 -14
leaf_value=-0.00037325083058819495 4.8954437634860811e-05 -9.069608876034614e-06 -0.00017776371590306505 -0.00018054154849185138 1.5268595363785351e-05 0.0013786455332179719 -0.00037164035463571344 7.389816143652825e-06 -0.00039926492638154442 0.00013034827678633459 0.000269444580546675 3.7869742902946104e-06 -0.00021045505376784002
leaf_weight=56.403132735751569 18.694206930696964 3095.1458926089108 66.806727789342403 433.16709130862728 3876.9037580550648 16.292834804859012 134.1831589913927 172.59108015801758 138.58949786424637 134.56601444818079 32.347737371921539 34.164326667785645 278.94978858716786
leaf_count=464 74 13288 596 2702 20399 228 772 1312 986 878 234 76 660
internal_value=-8.47653e-05 -2.276e-05 -0.000741563 2.02149e-05 7.17952e-05 -0.00073489 -0.000954349 -0.000289325 -6.19182e-05 0.000382178 -0.000700551 -0.00144307 -0.00163296
internal_weight=8488.81 7784.69 704.118 7421.51 6972.05 449.46 363.177 228.994 372.31 201.373 170.937 331.808 297.644
internal_count=42669 39165 3504 36617 33687 2930 2548 1776 2694 1474 1220 810 734
is_linear=0
shrinkage=0.0224352


Tree=225
num_leaves=14
num_cat=0
split_feature=12 27 27 19 26 30 28 27 16 17 17 17 30
split_gain=0.589668 0.652598 1.14904 1.39664 0.957065 0.500006 1.84864 0.547891 0.301348 0.346511 1.24303 0.18665 0.0271048
threshold=0.018141506002019973 0.28674392784231356 0.20555164229277542 0.13249800962637376 0.21633451381071006 15.705000000000002 0.008600000000000026 0.38404862160800407 0.93813997217177147 0.6635575459463926 0.63280418349081102 1.0521412732748219 15.670000000000002
decision_type=8 10 8 10 8 10 8 10 10 10 10 10 10
left_child=8 2 4 -4 -2 6 -3 -7 9 10 -1 -11 -10
right_child=1 5 3 -5 -6 7 -8 -9 12 11 -12 -13 -14
leaf_value=-0.00080742151618809477 -0.00025106212669917484 0.0002657518251205956 1.3057857737813319e-05 0.0013463748353274665 5.2040624609212301e-06 -0.00020797676531597082 -0.00025195963330720166 -1.2648446200173321e-05 -0.00069436142808923919 -0.00044500782846063281 0.00017303603775292028 5.5979662091933024e-06 -0.00036330251405297307
leaf_weight=14.871649293228986 617.48251129500568 211.83030829508789 1104.1216069418006 101.9851687932387 2872.4864007565193 867.95640739426017 213.98348320252262 2185.9252026258036 9.8622196717187744 107.47431660909206 6.8366417177021495 58.228452077135444 115.76087964884937
leaf_count=120 3064 2314 5411 393 13293 3576 2370 10150 202 856 60 380 480
internal_value=-7.86298e-05 -3.94791e-05 0.000130201 0.000728515 -7.09567e-05 -0.000274169 0.000424032 -0.000378084 -0.00103601 -0.000330286 0.00207895 -0.000771032 -0.00192555
internal_weight=8488.81 8175.77 4696.08 1206.11 3489.97 3479.7 425.814 3053.88 313.034 187.411 21.7083 165.703 125.623
internal_count=42669 40571 22161 5804 16357 18410 4684 13726 2098 1416 180 1236 682
is_linear=0
shrinkage=0.0224352


Tree=226
num_leaves=15
num_cat=0
split_feature=34 33 12 15 28 28 16 28 16 16 28 28 16 12
split_gain=0.861419 0.692178 0.638057 0.705992 0.884735 0.568194 0.367287 0.36646 0.281555 0.529301 0.238771 0.226846 0.165067 0.0406153
threshold=0.02937751797404187 -0.029125125297265072 0.019034309017669185 1.1227154631246055 0.095750000000000043 0.08975000000000001 0.95031233684055205 0.005650000000000017 1.5897132929029618 1.0667072733921732 -0.023799999999999957 0.051549999999999992 0.89346457430899884 0.069331834098565207
decision_type=10 10 8 10 10 10 10 10 10 10 10 10 10 10
left_child=2 8 6 5 -5 -4 7 -1 9 -2 13 -10 -12 -3
right_child=1 10 3 4 -6 -7 -8 -9 11 -11 12 -13 -14 -15
leaf_value=-0.00027023785537848158 -0.00014721438326969599 2.452205731412768e-05 -6.3104232367479653e-05 6.6953820161589731e-06 -0.00089754335279028277 0.00053763312925013222 -0.00035515173492552436 1.1924350113412787e-05 -0.00040151228448771537 0.00029312444072908931 -1.8795048716648954e-06 1.5107774417409068e-05 -0.0001938083786074258 -0.0010478914086061437
leaf_weight=131.98448858596385 70.992624998092651 15.794225335121157 1494.1002271755133 5652.4095439687371 232.12335355533287 42.876452077878639 134.1831589913927 97.0097243078053 133.67931371927261 139.23579557240009 28.661195449531078 70.062661468982697 231.13124372810125 14.561239387840031
leaf_count=926 314 52 8084 26950 1265 318 772 850 944 964 212 508 456 54
internal_value=-9.49546e-05 -0.000847004 -2.43273e-05 1.80103e-05 0.000132402 -0.000406927 -0.000942909 -0.000289325 -0.000201959 0.000307253 -0.00169693 -0.000824106 -0.00191756 0
internal_weight=8488.81 704.118 7784.69 7421.51 5884.53 1536.98 363.177 228.994 413.97 210.228 290.148 203.742 259.792 30.3555
internal_count=42669 3504 39165 36617 28215 8402 2548 1776 2730 1278 774 1452 668 106
is_linear=0
shrinkage=0.0224352


Tree=227
num_leaves=13
num_cat=0
split_feature=34 18 26 18 20 24 8 11 26 5 5 17
split_gain=0.9006 0.701254 0.767623 1.14266 0.913478 0.586127 0.222756 0.480519 0.204616 0.188367 0.124212 0.171443
threshold=0.02937751797404187 -0.10263974004466252 0.33898613016248047 -0.022049543800968959 0.058754906813206394 9.5000000000000018 0.65583873688655669 0.80749023428426814 0.7602305954279639 0.22763231413093127 0.070976278729227418 0.90964970832531222
decision_type=10 8 10 10 10 2 10 10 10 10 10 10
left_child=1 9 4 -4 -3 6 8 -8 -2 -1 11 -7
right_child=5 2 3 -5 -6 10 7 -9 -10 -11 -12 -13
leaf_value=-0.00059166987144242415 -0.00024803726977268205 -4.4726557415099286e-05 0.00020381502543090251 -9.0894511272281784e-07 1.6723448307249144e-05 -6.7012885007252868e-05 0.002015824088358363 -7.870866261157603e-06 0.00023890629766431333 2.3303579576268895e-06 -0.00033409971030480762 2.3971899070827093e-05
leaf_weight=116.00425467500463 268.21492640860379 2458.8919056714512 1135.3000681828707 3279.4917570357211 779.09643512032926 69.589231610298157 8.2926523387432081 37.486191749572754 106.30011467076838 15.902527977246789 173.15188825130463 41.083294630050659
leaf_count=372 1978 11413 6515 17062 3705 88 58 270 838 98 216 56
internal_value=-8.74859e-05 -1.53592e-05 1.00718e-05 0.000204978 -0.000249524 -0.000856107 -0.000265946 0.0010783 -0.000484526 -0.00163502 -0.00165804 -0.000746351
internal_weight=8488.81 7784.69 7652.78 4414.79 3237.99 704.118 420.294 45.7788 374.515 131.907 283.824 110.673
internal_count=42669 39165 38695 23577 15118 3504 3144 328 2816 470 360 144
is_linear=0
shrinkage=0.0224352


Tree=228
num_leaves=15
num_cat=0
split_feature=15 34 28 28 28 22 14 34 5 16 28 32 19 15
split_gain=0.75051 0.672789 0.745609 0.948184 0.603488 0.964584 0.647014 0.579295 0.570354 0.435448 0.414381 0.308165 0.253115 0.0780902
threshold=1.1227154631246055 0.02937751797404187 0.095750000000000043 0.037000000000000012 0.08975000000000001 0.10645300550842922 1.0813643295012449 0.046244136578685542 -0.029573762780931084 1.4904580105160921 -0.023799999999999957 0.81332453825857531 0.05615494387662525 1.0518071638554003
decision_type=8 10 10 10 10 10 10 10 8 10 10 8 10 10
left_child=4 2 3 -2 6 13 8 10 -1 -9 -3 -4 -8 -6
right_child=1 7 11 -5 5 -7 12 9 -10 -11 -12 -13 -14 -15
leaf_value=1.9097681558973088e-05 2.792337883084692e-07 2.3434083759801374e-05 -0.00096325098672972616 9.7362321804443235e-05 -0.00043235906414556689 0.00062265686316347133 -9.0795782338941094e-05 8.1977914702837268e-05 -2.0445376169647516e-06 -0.00037770523898025311 -0.00018474402297845188 2.2059542185653819e-05 -0.00030505830852149777 0.0043945434493076144
leaf_weight=20.548699194565415 5147.4216709930915 42.725601017475128 160.28621471626684 1025.8513626712374 50.800536749884486 16.227144867181778 700.35854875203222 122.17357964254916 283.14934181980789 81.698694467544556 221.28097486123443 74.321002925047651 529.86033018818125 12.10154545586556
leaf_count=102 26980 176 1053 4750 316 66 3295 856 1564 588 414 340 2091 78
internal_value=-8.08448e-05 1.85606e-05 8.1373e-05 0.000131485 -0.000516753 0.00130931 -0.00062432 -0.000798395 0.000253347 6.20825e-06 -0.00149363 -0.00115006 -0.000857147 0
internal_weight=8488.81 6875.76 6407.88 6173.27 1613.05 79.1292 1533.92 467.879 303.698 203.872 264.007 234.607 1230.22 62.9021
internal_count=42669 35157 33123 31730 7512 460 7052 2034 1666 1444 590 1393 5386 394
is_linear=0
shrinkage=0.0224352


Tree=229
num_leaves=10
num_cat=0
split_feature=18 11 22 19 20 22 30 30 19
split_gain=0.868329 0.513828 0.518777 0.78978 0.310136 0.129595 0.0636242 0.00539371 0.0219691
threshold=-0.10263974004466252 0.1182796945909614 0.14416387629023139 0.14236498212524437 0.25524104290078098 0.047731846241819344 15.295000000000002 29.835000000000004 0.035311521545640358
decision_type=8 8 8 10 10 10 10 10 10
left_child=5 6 3 -3 -4 7 -2 -1 -9
right_child=1 2 4 -5 -6 -7 -8 8 -10
leaf_value=-0.00055389677934111769 0.00031389726672709196 -2.1308497811976332e-06 -0.00012390500777039937 0.00047504505872138426 0.0022236263985289037 -0.00058402636057981305 -0.00035231934078016529 -0.00035988422820089865 0.00021529129746818287
leaf_weight=12.332324557937683 4.388076974079012 7626.0375185878947 297.55675765359774 279.38298531994224 11.10309883346781 153.81440964527428 84.860006045550108 10.86848831176758 8.4615823924541456
leaf_count=88 161 36977 2525 954 112 578 1132 80 62
internal_value=-6.61709e-05 -2.97679e-05 -8.88382e-06 2.39278e-05 -0.000912143 -0.00158432 -0.00171921 0 0
internal_weight=8488.81 8303.33 8214.08 7905.42 308.66 185.477 89.2481 31.6624 19.3301
internal_count=42669 41861 40568 37931 2637 808 1293 230 142
is_linear=0
shrinkage=0.0224352


Tree=230
num_leaves=12
num_cat=0
split_feature=18 21 21 26 39 5 34 26 23 35 22
split_gain=0.681979 0.592019 2.18767 4.30357 0.518707 0.26281 0.234078 0.146442 0.102558 0.038998 0.00254978
threshold=-0.10263974004466252 0.17167731171111483 0.14928463797690819 0.5086079794147732 1.5000000000000002 0.21673570989217431 -0.033614220287385914 0.98149545691813633 0.079001871713847968 2.4672502757407284 0.050186304715468602
decision_type=8 8 10 10 2 10 10 10 10 2 10
left_child=5 2 4 -4 -2 7 9 -1 -7 -3 -9
right_child=1 6 3 -5 -6 8 -8 10 -10 -11 -12
leaf_value=-0.00055844878781353632 -3.47047951315267e-05 0.0025458111080501095 -0.0008583263982954194 0.0010084144446207526 1.4689351793792123e-06 -5.6933879215605701e-05 -0.00057528947594611562 0.00031534567478540959 0.00058893726623212238 -0.00030097833509303723 -0.00081533675339953867
leaf_weight=150.51184388855472 2726.7736905883066 6.8792645242065182 29.710485374554992 25.450068520382047 5369.1368120405823 12.840587710961701 118.31516522914171 6.6658343710005266 8.558304919395594 27.062957137357444 6.900234017521143
leaf_count=554 11179 260 144 142 26389 68 329 54 72 3418 60
internal_value=-6.54453e-05 -3.28944e-05 -4.51107e-06 0.0044242 -3.7425e-05 -0.00141162 -0.00141708 -0.00174601 0.000226335 0 0
internal_weight=8488.81 8303.33 8151.07 55.1606 8095.91 185.477 152.257 164.078 21.3989 33.9422 13.5661
internal_count=42669 41861 37854 286 37568 808 4007 668 140 3678 114
is_linear=0
shrinkage=0.0224352


Tree=231
num_leaves=11
num_cat=0
split_feature=18 12 36 28 18 16 17 12 26 30
split_gain=0.798859 0.613942 0.538364 1.58878 0.921715 0.332113 0.327766 0.23814 0.0761965 0.0271048
threshold=-0.10263974004466252 0.018141506002019973 1.0000000180025095e-35 -0.0070499999999999998 -0.069533020840210333 0.93813997217177147 0.6635575459463926 0.2660029593483062 0.98149545691813633 15.670000000000002
decision_type=8 8 2 10 8 10 10 10 10 10
left_child=7 5 4 -4 -3 6 -2 8 -1 -7
right_child=1 2 3 -5 -6 9 -8 -9 -10 -11
leaf_value=-0.00053132097230029242 4.2730298918681581e-05 0.00044176328860268533 -7.0793363951241958e-05 1.7220916754097085e-05 -2.1445138385139802e-05 -0.00067078637036344969 -0.0002401047927919391 0.00014915179430241573 -0.00016632218396792016 -0.00034617178389484854
leaf_weight=157.2399074351415 21.708291010931134 202.62364080827683 1124.2255429243669 2528.7008186844178 4134.7442819797434 9.8622196717187744 165.7027686862275 12.89790755137801 15.338989920914171 115.76087964884937
leaf_count=568 180 908 5538 11607 21710 202 1236 100 140 480
internal_value=-6.21612e-05 -2.71473e-05 8.60425e-06 0.000211599 -0.000157781 -0.00100158 -0.000272844 -0.0015183 -0.00177689 -0.00192555
internal_weight=8488.81 8303.33 7990.29 3652.93 4337.37 313.034 187.411 185.477 172.579 125.623
internal_count=42669 41861 39763 17145 22618 2098 1416 808 708 682
is_linear=0
shrinkage=0.0224352


Tree=232
num_leaves=12
num_cat=0
split_feature=18 7 21 21 16 11 35 18 32 36 16
split_gain=0.649773 0.478252 0.471782 2.17017 0.316332 0.238747 0.180272 0.0496235 0.0271487 0.0148472 0.00553721
threshold=-0.10263974004466252 0.12545501137199297 0.17167731171111483 0.14928463797690819 1.5589376081881878 0.80749023428426814 4.254406306128975 0.025563880292693079 0.38852242744063331 1.0000000180025095e-35 0.96063461194900079
decision_type=8 8 8 10 10 8 2 10 10 2 10
left_child=4 7 3 -3 10 -4 9 8 -2 -6 -1
right_child=1 2 5 -5 6 -7 -8 -9 -10 -11 -12
leaf_value=-0.00093362336801574956 -4.7225336130846431e-06 -1.1748483690140251e-06 -0.00045406688167356915 0.00057889384213486827 -0.00079202332118009249 7.8181558477352301e-06 0.0001458055379876455 0.00011421330348596907 -0.00044309443345706267 0.0005723780609525077 -0.0005330360940868804
leaf_weight=13.939618567004798 6.1465230192989102 8003.5168731552549 141.60418539913371 55.160553894937038 20.130853853654116 9.7971520586870593 12.784136079717426 5.2779488977976134 81.825206989422441 9.1887475550174731 129.43344885203987
leaf_count=82 218 36922 1863 286 112 1820 82 70 682 60 472
internal_value=-6.4499e-05 -3.26663e-05 -1.20286e-05 8.87524e-06 -0.00137862 -0.00125167 0 -0.00162753 -0.00175758 -0.000587048 -0.00188764
internal_weight=8488.81 8303.33 8210.08 8058.68 185.477 151.401 42.1037 93.2497 87.9717 29.3196 143.373
internal_count=42669 41861 40891 37208 808 3683 254 970 900 172 554
is_linear=0
shrinkage=0.0224352


Tree=233
num_leaves=13
num_cat=0
split_feature=18 8 24 26 35 18 24 26 2 12 8 14
split_gain=0.662534 0.620303 0.489588 0.535048 0.494244 0.246451 0.164338 0.0993977 0.0988494 0.0290878 0.029958 0.0242363
threshold=-0.10263974004466252 0.13933892792200339 12.500000000000002 0.66464880393996262 4.2459921092674184 0.027222463453466465 9.5000000000000018 0.6888313951420747 0.070067789013477738 0.23367996233856622 0.36307754700344058 1.4504388087717734
decision_type=8 8 2 10 2 10 2 10 2 10 10 10
left_child=6 5 4 -4 -3 7 9 -2 -7 10 -1 -11
right_child=1 2 3 -5 -6 8 -8 -9 -10 11 -12 -13
leaf_value=0.00023194978586310466 -0.00033792515694685296 7.3216449032259294e-06 -0.00018728806274830408 -4.3385918645168946e-06 -6.2669898905707493e-06 -0.0002492907942276648 -0.00052107730134033018 0.00066319489787984858 4.2098292313373244e-05 -2.6494720212057086e-06 -0.00036589125475915981 0.00014253435573669413
leaf_weight=14.345775104127823 136.82799888588488 3976.2037097781431 180.70206541195512 51.542950510978699 3944.5966673574876 5.7894801814109069 128.76774877309799 4.0720498268492511 3.5935214618220925 6.5773830655962211 28.805640287697315 6.9802576769143343
leaf_count=176 1688 20934 190 54 18749 80 218 96 70 50 298 66
internal_value=-6.44856e-05 -3.23669e-05 -3.54919e-06 -0.00101973 2.3803e-05 -0.00145854 -0.00139137 -0.00175797 0.000887145 0 -0.000549909 0.000319011
internal_weight=8488.81 8303.33 8153.05 232.245 7920.8 150.283 185.477 140.9 9.383 56.7091 43.1514 13.5576
internal_count=42669 41861 39927 244 39683 1934 808 1784 150 590 474 116
is_linear=0
shrinkage=0.0224352


Tree=234
num_leaves=11
num_cat=0
split_feature=8 11 19 22 25 5 12 6 26 32
split_gain=0.592611 0.783281 1.99571 1.0441 0.432682 0.575854 0.552866 0.171025 0.0933589 0.0737933
threshold=0.13933892792200339 0.12988633205467176 0.01440128340708839 0.054873580387663302 0.22680690055695787 0.23891381829112412 0.013252345415060198 3.3995450593976222 0.6888313951420747 0.36345646437994733
decision_type=8 8 10 10 10 8 8 10 10 10
left_child=7 2 -2 -4 5 -3 -6 8 9 -1
right_child=1 4 3 -5 6 -7 -8 -9 -10 -11
leaf_value=0.0001985964283947535 2.317568954853697e-05 9.4721170060597128e-06 -0.00031500641574592374 0.00074389568847899729 0.00020774630363353916 -0.00019876464765654307 -8.271233321290617e-07 4.1153807018016762e-05 0.00064831596112060173 -0.0003231793228045344
leaf_weight=7.8983118887990704 8.525130814407019 288.34368925192393 42.575084326323122 12.531188397202639 24.565905992873013 420.16420432762243 7541.8011983502656 5.990178942680358 4.0720498268492511 132.33830620301887
leaf_count=338 90 2350 249 126 216 2691 35007 16 96 1490
internal_value=-6.01835e-05 -3.25319e-05 0.00243029 0.000442042 -5.40247e-05 -0.000584117 -1.724e-06 -0.00145707 -0.00167269 -0.00179239
internal_weight=8488.81 8338.51 63.6314 55.1063 8274.87 708.508 7566.37 150.299 144.309 140.237
internal_count=42669 40729 465 375 40264 5041 35223 1940 1924 1828
is_linear=0
shrinkage=0.0224352


Tree=235
num_leaves=13
num_cat=0
split_feature=8 34 34 36 28 8 28 18 12 0 34 32
split_gain=0.588506 0.5851 0.723557 0.645817 2.18245 0.720165 0.380707 0.246185 0.230399 0.153411 0.116427 0.0163013
threshold=0.13933892792200339 0.02937751797404187 0.045554960127226492 1.0000000180025095e-35 -0.00015000000000001121 0.25824647574582943 -0.023799999999999957 0.027222463453466465 0.1180130016205856 0.23682500000000004 -0.10813711147547937 0.38852242744063331
decision_type=8 10 10 2 10 10 10 10 10 2 10 10
left_child=7 3 6 5 -5 -2 -3 10 -4 -9 -1 -12
right_child=1 2 8 4 -6 -7 -8 9 -10 -11 11 -13
leaf_value=8.2226839600945458e-05 -8.1637587633364133e-05 2.5203668973246819e-05 3.1227193931755208e-05 -6.273375032707552e-05 3.8859547251995905e-05 3.895604826694495e-06 -0.00018197801772260221 -0.00023644728970869021 -7.1829071474256194e-05 0.00019762581728878571 -0.00039892812716663974 -0.00031909965695871588
leaf_weight=7.1863350523635736 1784.5282709440216 69.846598923206329 143.44875138625503 1345.8592326957732 2106.2321872827597 2404.8133613863029 256.68394709564745 5.9467818560078722 227.09405174665153 3.4362197872251272 9.3473213799297792 124.3821887858212
leaf_count=914 11378 340 1064 6356 9471 10052 456 58 1612 92 314 562
internal_value=-6.45908e-05 -3.70186e-05 -0.000659771 1.72317e-05 0.000246766 -0.000167173 -0.001429 -0.00145707 0 0.000887145 -0.00175637 -0.00192002
internal_weight=8488.81 8338.51 697.073 7641.43 3452.09 4189.34 326.531 150.299 370.543 9.383 140.916 133.73
internal_count=42669 40729 3472 37257 15827 21430 796 1940 2676 150 1790 876
is_linear=0
shrinkage=0.0224352


Tree=236
num_leaves=15
num_cat=0
split_feature=9 11 22 34 25 34 34 17 17 1 1 31 22 17
split_gain=0.675291 1.57284 3.25887 1.8677 1.24883 0.636832 0.752445 0.608078 1.39594 0.335764 0.226789 0.203319 0.188583 0.0245076
threshold=0.60535010086175489 0.67631057309931009 0.13614397762088079 -0.047891096855861064 1.0503580634885592 0.02937751797404187 0.045554960127226492 1.6245306540642293 1.5551803666221902 0.0839871794871795 0.1389087301587302 6.5050000000000017 0.021856672417840135 1.0000073469578752
decision_type=10 10 8 10 10 8 8 10 10 2 2 10 8 10
left_child=5 2 3 -2 11 7 12 8 -1 -8 -9 -3 -7 -4
right_child=1 4 13 -5 -6 6 9 10 -10 -11 -12 -13 -14 -15
leaf_value=-5.0803090020738163e-07 0.00055104070424227651 -0.001031527468723363 0.0002229394309444226 0.0027771944523871553 0.0020747143146518129 4.2815941130687897e-05 -4.8753069712416862e-06 -0.00021549761757890353 0.00069448856716675599 4.3066809143918855e-06 7.6848013771868096e-06 2.8415767205974136e-05 -0.00019908263846379711 -0.00030627387236977253
leaf_weight=6976.4251349652186 10.413160919211803 94.599407022818923 13.6141475122422 22.586093127727509 18.413949575275183 20.799746513366699 198.92896720184945 268.80363192688674 99.494235925376415 334.58157326397486 82.573203971609473 36.243395358324051 293.78091477788985 17.547686260193586
leaf_count=32667 104 284 76 90 64 52 2884 1192 350 3608 284 242 726 46
internal_value=-5.55046e-05 0.0011825 0.00410651 0.00901155 0 -8.99063e-05 -0.000672929 -2.06153e-05 2.1912e-05 -0.000118461 -0.000932241 -0.000859959 -0.00154844 -0.00052389
internal_weight=8488.81 213.418 64.1611 32.9993 149.257 8275.39 848.091 7427.3 7075.92 533.511 351.377 130.843 314.581 31.1618
internal_count=42669 906 316 194 590 41763 7270 34493 33017 6492 1476 526 778 122
is_linear=0
shrinkage=0.0224352


Tree=237
num_leaves=13
num_cat=0
split_feature=21 21 20 38 10 38 7 16 7 5 10 7
split_gain=0.625896 2.15168 2.55651 1.58049 0.616094 1.20096 1.10011 0.137928 0.0879789 0.0624893 0.000719417 0.000771153
threshold=0.17167731171111483 0.14928463797690819 0.11874907146222051 3.5000000000000004 0.38879460692126433 4.5000000000000009 0.43261043051439035 1.5138368902064634 0.3064390843454704 0.018454401351741295 0.37211479246754925 0.14929159185677232
decision_type=8 10 10 2 8 2 10 8 10 8 10 8
left_child=1 4 8 -4 6 -6 -1 9 -3 -2 11 -9
right_child=7 2 3 -5 5 -7 -8 10 -10 -11 -12 -13
leaf_value=1.3395678668263429e-07 0.0024264311293947377 0.0068254776596000273 0.00057121333182037933 0.00054575666955585054 -6.1269875155912893e-05 4.2091223112534457e-05 0.0004014747301807193 -3.8838966419816687e-05 -0.00082866667354291506 -0.00035421421437825798 -0.00024036452929848326 0.00079059165756328593
leaf_weight=5727.0942043685354 9.4810550920665246 9.7504818625748175 14.796113079413773 12.371619645506142 1512.3020882196724 943.06869699154049 96.169291793368757 1.315183011814949 19.294490233063698 131.27894862229005 4.9248071955516926 6.9582682065665731
leaf_count=28021 68 58 44 94 4691 5354 256 502 104 731 152 2594
internal_value=-7.60023e-05 -4.73086e-05 0.00430055 0.00918471 -7.95022e-05 -0.000378374 4.3127e-05 -0.00149532 0 -0.00171354 0 0.000202867
internal_weight=8488.81 8334.85 56.2127 27.1677 8278.63 2455.37 5823.26 153.958 29.045 140.76 13.1983 8.27345
internal_count=42669 38622 300 138 38322 10045 28277 4047 162 799 3248 3096
is_linear=0
shrinkage=0.0224352


Tree=238
num_leaves=14
num_cat=0
split_feature=34 34 12 39 35 27 3 26 26 18 12 19 3
split_gain=0.611778 0.839976 0.595751 0.745306 0.926502 0.722326 0.316252 0.221135 0.605994 0.297131 0.178512 0.138164 0.098139
threshold=0.02937751797404187 0.045554960127226492 0.019034309017669185 1.5000000000000002 4.8222150622267073 0.27766739537812324 58.500000000000007 0.59248037571320256 0.61534648241820322 -0.013898120689459335 0.013252345415060198 0.02102318270495868 3.5000000000000004
decision_type=10 10 8 2 2 8 2 10 10 10 10 8 2
left_child=2 11 6 5 -5 -4 10 9 -9 -3 -1 -2 -13
right_child=1 7 3 4 -6 -7 -8 8 -10 -11 -12 12 -14
leaf_value=-0.00014291029225662781 4.1852349859145152e-05 5.3337912630100033e-05 3.1480125503492475e-06 1.5692117356643465e-05 -7.6527934683396037e-06 -9.541325613542853e-05 2.8038837893512655e-05 0.00014087037573146523 2.5332368439658828e-05 -0.00023423525494472173 -0.00026670731081534631 -0.00015896336235422427 -0.00023445847290653771
leaf_weight=84.239299532491714 25.694390535354614 67.657046679407358 1473.8570095435716 3384.7066307857167 1577.275042403955 985.67089404421858 20.644472688436508 18.731069460511208 218.95793342776597 66.963927906006575 258.29359966423362 32.965122103691101 273.14880954660475
leaf_count=604 72 526 5960 18732 7208 4717 102 98 1590 480 1842 130 608
internal_value=-7.34688e-05 -0.000707108 -1.35603e-05 2.72891e-05 0.00018801 -0.000288852 -0.000901787 0 0.000435689 -0.000699289 -0.00109925 -0.0015272 -0.00165969
internal_weight=8488.81 704.118 7784.69 7421.51 4961.98 2459.53 363.177 372.31 237.689 134.621 342.533 331.808 306.114
internal_count=42669 3504 39165 36617 25940 10677 2548 2694 1688 1006 2446 810 738
is_linear=0
shrinkage=0.0224352


Tree=239
num_leaves=13
num_cat=0
split_feature=21 21 20 17 17 7 32 31 25 17 15 20
split_gain=0.6317 1.88902 2.81889 1.96188 0.622952 1.23052 1.09319 0.278093 0.0541993 0.0477709 0.0255114 0.0237568
threshold=0.17167731171111483 0.14928463797690819 0.11874907146222051 1.3078344720807569 1.1792257249834883 0.20185165106143618 0.64116094986807404 -3.6849999999999983 0.97767455607652665 0.58530571793064046 1.7859004349836105 0.11106284795085004
decision_type=8 10 10 10 10 10 10 10 10 10 8 10
left_child=1 4 8 -4 6 -6 -1 10 -3 -9 -2 -12
right_child=7 2 3 -5 5 -7 -8 9 -10 -11 11 -13
leaf_value=1.176721549121668e-05 -0.0010715848177768191 -0.00095204514131623844 0.00053344186122722458 0.0005580459671589822 -0.00025143049023834945 -1.0126162220383335e-05 -2.0874641176116375e-05 -6.8880631051315618e-05 0.0066744870488988127 -0.00034633795985337365 0.0023719229380317584 -0.0013955881854501224
leaf_weight=3187.7032120241784 3.0055713155306849 19.526892408728603 13.938226874917747 13.229505850002168 289.30754178855568 1526.9259104467928 3274.6976171135902 8.8317168429493886 9.5180796869099122 131.70249581802636 8.6286023901775462 1.7898757616057999
leaf_count=16726 185 88 112 26 1586 6007 14003 74 74 762 2710 316
internal_value=-7.81709e-05 -4.93528e-05 0.00402366 0.00918471 -7.96627e-05 -0.000447217 2.05903e-05 -0.00150419 -0.000209182 -0.00185184 0.000643349 0.0013042
internal_weight=8488.81 8334.85 56.2127 27.1677 8278.63 1816.23 6462.4 153.958 29.045 140.534 13.424 10.4185
internal_count=42669 38622 300 138 38322 7593 30729 4047 162 836 3211 3026
is_linear=0
shrinkage=0.0224352


Tree=240
num_leaves=16
num_cat=0
split_feature=33 35 10 10 30 9 24 33 14 19 24 19 13 19 35
split_gain=0.614354 0.774092 1.50291 1.93674 0.889013 1.24143 1.16602 0.70346 0.699992 0.689108 1.04954 0.726854 0.429379 0.325038 0.215717
threshold=0.055700357265052854 4.8470177190135679 0.36276102925329751 0.35013267595406999 16.930000000000003 0.28430254479585926 11.500000000000002 0.070850511607882263 2.0877824427511817 0.0097465204557497676 10.500000000000002 0.028762805780055332 1.1703602796352315 0.052484457082038201 4.3498907563127016
decision_type=8 2 10 10 10 8 2 10 10 8 2 10 10 10 2
left_child=1 4 3 -3 6 -6 -1 9 13 10 -2 -11 -4 -9 -10
right_child=7 2 12 -5 5 -7 -8 8 14 11 -12 -13 -14 -15 -16
leaf_value=-0.00012882112325434292 -3.5289918262712471e-05 -4.0060372427846794e-05 -0.00021470333812151474 0.0012682826292986452 -0.00018083000089383721 2.9013842343218565e-06 6.0459726521926582e-05 -3.0604192331314273e-05 -0.00033196473940468632 -6.108771301238639e-05 1.105524645567157e-05 3.5703553890357598e-05 -0.00017186654738938608 0.00014275725190276278 6.0617064326538974e-05
leaf_weight=541.34360107965767 6.6143184560351056 1170.7418326018378 186.49151972401887 30.823020257055759 1013.7424389347434 1772.9747625607997 832.91761321201921 645.85522983130068 318.21994334924966 154.0476983631961 7.1369062662124634 664.64864171296358 437.67126230336726 634.86991434264928 70.706545326858759
leaf_count=3831 746 4212 764 104 4480 6849 1278 5192 2241 2114 16 4525 1132 4658 527
internal_value=-6.75912e-05 -0.00019277 -0.000578249 -9.63327e-05 -1.88054e-05 -0.000253644 0.000442859 0.000223958 -3.03488e-05 0.00075758 0.00582631 0.000644505 -0.00147331 0.000210433 -0.000873476
internal_weight=8488.81 5986.71 1825.73 1201.56 4160.98 2786.72 1374.26 2502.1 1669.65 832.448 13.7512 818.696 624.163 1280.73 388.926
internal_count=42669 22650 6212 4316 16438 11329 5109 20019 12618 7401 762 6639 1896 9850 2768
is_linear=0
shrinkage=0.0224352


Tree=241
num_leaves=11
num_cat=0
split_feature=21 21 26 5 17 34 28 34 35 23
split_gain=0.638232 1.88123 4.57488 0.77796 0.638946 0.959507 0.898495 0.155379 0.0375386 0.00204443
threshold=0.17167731171111483 0.14928463797690819 0.5086079794147732 0.21673570989217431 1.1792257249834883 0.013771453537709035 0.01464999999999997 -0.05390283733044509 2.1126337779650277 0.028323939979761573
decision_type=8 10 10 8 8 10 8 10 2 10
left_child=1 4 -3 -4 5 -1 -6 9 -9 -2
right_child=7 2 3 -5 6 -7 -8 8 -10 -11
leaf_value=5.8919872132119731e-06 0.0012730435901077879 -0.00078664045039142253 3.6853237305769708e-05 0.0065256420935641936 -0.00018207880839797274 -5.0199982371521219e-05 -8.5644270662882485e-07 -0.00059925180454981129 -0.00031861609259460025 -0.00076865419811218184
leaf_weight=5200.2934859576635 7.7691596508957472 30.688799178227782 10.4841434918344 15.039762150496246 859.36651189811528 1093.0730934534222 1125.9011900639161 13.16482689231634 124.20932332612574 8.8149522589519602
leaf_count=26384 2080 148 80 72 3686 3651 4601 54 473 1440
internal_value=-7.0529e-05 -4.15887e-05 0.00402366 0.0110347 -7.18459e-05 3.59623e-05 -0.000423528 -0.00150317 -0.00176023 0
internal_weight=8488.81 8334.85 56.2127 25.5239 8278.63 6293.37 1985.27 153.958 137.374 16.5841
internal_count=42669 38622 300 152 38322 30035 8287 4047 527 3520
is_linear=0
shrinkage=0.0224352


Tree=242
num_leaves=11
num_cat=0
split_feature=21 21 19 24 8 11 18 34 18 19
split_gain=0.671329 1.85119 2.37426 2.19918 0.63478 0.763302 0.240489 0.151266 0.0316872 0.00130267
threshold=0.17167731171111483 0.14928463797690819 0.15046361507247971 10.500000000000002 0.13933892792200339 0.12988633205467176 0.027222463453466465 -0.05390283733044509 -0.079721171003504662 0.029704116964455771
decision_type=8 10 10 2 8 8 10 10 10 10
left_child=1 4 -3 -4 6 -6 -1 9 -9 -2
right_child=7 2 3 -5 5 -7 -8 8 -10 -11
leaf_value=-0.00029810131111350936 0.0012664621006429956 -0.001323218803811491 -0.00076899198302374987 0.00080037674017107156 9.8375386751282891e-06 -1.9737219190091245e-06 4.618186773652506e-05 -0.0010891636549526156 -0.00031146786406125566 -0.00083057889444075107
leaf_weight=138.65867836214602 7.8298917561769512 21.411816935054958 11.935112419538198 22.865775465965271 63.286040383391082 8067.4025100520812 9.2870525754988176 13.764834727160631 123.60931549128145 8.7542201536707562
leaf_count=960 2100 138 122 40 335 36913 114 66 461 1420
internal_value=-4.10821e-05 -1.15153e-05 0.00402366 0.00768908 -4.15684e-05 -1.25543e-05 -0.00149657 -0.00150762 -0.00176023 0
internal_weight=8488.81 8334.85 56.2127 34.8009 8278.63 8130.69 147.946 153.958 137.374 16.5841
internal_count=42669 38622 300 162 38322 37248 1074 4047 527 3520
is_linear=0
shrinkage=0.0224352


Tree=243
num_leaves=13
num_cat=0
split_feature=8 11 26 26 5 12 5 18 17 5 26 30
split_gain=0.606152 0.772368 1.82598 2.16824 0.548128 1.28769 1.24953 0.246056 0.179254 0.120675 0.099231 0.0351665
threshold=0.13933892792200339 0.12988633205467176 0.40712129626360144 0.46201370160611616 0.091741609328839763 0.090809530366409222 0.11908177580261481 0.027222463453466465 0.83141214855829848 0.51571263947302859 0.6888313951420747 15.145000000000001
decision_type=8 8 8 10 10 10 10 10 10 8 10 10
left_child=7 2 8 -4 5 -3 -6 10 -2 -9 11 -1
right_child=1 4 3 -5 6 -7 -8 9 -10 -11 -12 -13
leaf_value=-0.00012709817621438338 4.6395432769742523e-06 1.04789802515923e-05 0.00073096734184244119 0.00030652762611870757 -8.8833663639975013e-05 -0.00016044145203950573 -1.409106618657247e-06 -0.00022179350036823252 -0.00026035815045112744 0.0002051994885108055 0.00065194875873042827 -0.00029224859847776767
leaf_weight=7.2216514125466338 10.152469099033622 3361.1422555418685 12.261207210365685 12.857716176658867 807.58776845806278 916.91103780735284 3189.2339361154009 4.9442213168367726 28.360011051874608 4.4387803263962269 4.0720498268492511 129.62214397871867
leaf_count=300 104 18054 71 156 3190 3986 15034 84 134 66 96 1394
internal_value=-4.50775e-05 -1.71665e-05 0.00243029 0.00711148 -3.85412e-05 0.000135036 -0.000229297 -0.00145635 -0.000168474 0.000887145 -0.00175561 -0.00188073
internal_weight=8488.81 8338.51 63.6314 25.1189 8274.87 4278.05 3996.82 150.299 38.5125 9.383 140.916 136.844
internal_count=42669 40729 465 227 40264 22040 18224 1940 238 150 1790 1694
is_linear=0
shrinkage=0.0224352


Tree=244
num_leaves=12
num_cat=0
split_feature=8 33 26 25 35 28 30 35 4 26 30
split_gain=0.588065 0.541904 1.5235 1.00573 0.905722 0.69077 1.06156 0.725413 0.172772 0.0932855 0.0817591
threshold=0.13933892792200339 0.055700357265052854 0.27299896571994087 0.40313610366624925 6.8208183856345022 0.037000000000000012 16.930000000000003 4.8853743657290352 0.23054149003411298 0.6888313951420747 15.145000000000001
decision_type=8 8 10 8 2 8 10 2 10 10 10
left_child=8 5 4 -4 -3 7 -7 -2 9 10 -1
right_child=1 2 3 -5 -6 6 -8 -9 -10 -11 -12
leaf_value=0.00020059578872007636 -5.3481436925457427e-06 -8.1597496179108608e-05 0.00028507733948099557 1.851711696202575e-05 6.1913685070587713e-06 0.00016405214477399681 -4.5770713581141142e-06 -8.2945707310697235e-05 4.0542066655402429e-05 0.00063732213180306473 -0.00028485666915574329
leaf_weight=7.8983118887990704 2886.6875289771706 827.71701559331268 312.83600764255971 1292.0344375409186 10.466769456863402 447.267080552876 1152.4237460242584 1409.0738156726584 5.8472163677215567 4.0720498268492511 132.48126877797768
leaf_count=338 11384 6371 2194 9930 32 1581 4519 4718 12 96 1494
internal_value=-6.36845e-05 -3.61232e-05 0.000241653 0.000652017 -0.000520292 -0.000154615 0.000236351 -0.000304842 -0.00145556 -0.00167169 -0.00179124
internal_weight=8488.81 8338.51 2443.05 1604.87 838.184 5895.45 1599.69 4295.76 150.299 144.452 140.38
internal_count=42669 40729 18527 12124 6403 22202 6100 16102 1940 1928 1832
is_linear=0
shrinkage=0.0224352


Tree=245
num_leaves=13
num_cat=0
split_feature=8 33 35 10 39 33 16 14 18 5 24 35
split_gain=0.570357 0.519121 0.640633 1.60623 0.82522 0.479579 1.05846 0.722286 0.245774 0.120675 0.0702619 0.00745766
threshold=0.13933892792200339 0.055700357265052854 4.8470177190135679 0.36276102925329751 1.5000000000000002 0.070850511607882263 0.69724244815618397 2.0877824427511817 0.027222463453466465 0.51571263947302859 8.5000000000000018 2.6155692814651315
decision_type=8 8 2 10 2 10 8 10 10 8 2 2
left_child=8 2 4 -4 -2 6 -3 -7 10 -10 11 -1
right_child=1 5 3 -5 -6 7 -8 -9 9 -11 -12 -13
leaf_value=0.00033284261035092943 -3.6705609927737346e-05 0.00047106794904149115 -5.0580422283569608e-06 -0.00016424467592867923 8.4007522740294289e-06 3.038075881401725e-05 3.6993188596254413e-06 -0.00025326512776357882 -0.00021042668217420183 0.0001960953740394466 -0.0002784658413924906 -0.00027596050342574359
leaf_weight=1.580995137803259 1488.2761502368376 39.800811560358852 1166.724999028258 624.16278202738613 2616.2882399344817 1253.5945946173742 772.34440104430541 377.31442301161587 4.9442213168367726 4.4387803263962269 110.92129251360893 28.413557566702366
leaf_count=68 5130 324 4154 1896 11022 9424 6107 2672 84 66 264 1458
internal_value=-8.21357e-05 -5.49212e-05 -0.000170767 -0.000525058 -1.12964e-05 0.000216477 0.000661773 0 -0.00145478 0.000887145 -0.00175393 0
internal_weight=8488.81 8338.51 5895.45 1790.89 4104.56 2443.05 812.145 1630.91 150.299 9.383 140.916 29.9946
internal_count=42669 40729 22202 6050 16152 18527 6431 12096 1940 150 1790 1526
is_linear=0
shrinkage=0.0224352


Tree=246
num_leaves=12
num_cat=0
split_feature=21 21 26 8 18 33 18 34 33 22 25
split_gain=0.621532 1.37638 3.66304 0.594291 0.565605 0.563434 0.240489 0.149829 0.0407947 0.000858397 0.000639297
threshold=0.17167731171111483 0.14928463797690819 0.5086079794147732 0.13933892792200339 0.0021494871345779658 0.057022789797795743 0.027222463453466465 -0.05390283733044509 0.12477361128377064 0.029640091399179697 0.087847015028623854
decision_type=8 10 10 8 8 8 10 10 8 10 8
left_child=1 3 -3 6 -4 -5 -1 9 -9 10 -2
right_child=7 2 4 5 -6 -7 -8 8 -10 -11 -12
leaf_value=-0.00027221839338446933 -7.0913990620139633e-05 -0.0007507643635542773 0.00078209921220707555 -8.8401108574349092e-06 0.0063650968107213952 5.6533511721588181e-06 3.5233048859540924e-05 -0.00041588201460736622 -1.5807243867516245e-05 -0.00079952976038471883 0.0012858471379592949
leaf_weight=138.65867836214602 0.25458224583417433 30.688799178227782 10.853565526194869 5849.0825888775289 14.670340116135778 2281.6059615579434 9.2870525754988176 125.35806210804731 12.016088110394774 8.7542201536707562 7.5753095103427768
leaf_count=960 12 148 62 21851 90 15397 114 467 60 1420 2088
internal_value=-8.69854e-05 -5.8364e-05 0.00341572 -8.45688e-05 0.00971055 -5.63371e-05 -0.00149657 -0.00150236 -0.00175369 0 0.000227404
internal_weight=8488.81 8334.85 56.2127 8278.63 25.5239 8130.69 147.946 153.958 137.374 16.5841 7.82989
internal_count=42669 38622 300 38322 152 37248 1074 4047 527 3520 2100
is_linear=0
shrinkage=0.0224352


Tree=247
num_leaves=15
num_cat=0
split_feature=34 34 36 18 21 26 17 17 5 26 26 18 23 3
split_gain=0.553535 0.891284 0.593114 0.957112 1.39273 0.937876 0.640736 0.984941 0.814421 0.255656 0.574835 0.297131 0.203531 0.0920167
threshold=0.02937751797404187 0.045554960127226492 1.0000000180025095e-35 0.00052316514502193112 0.011010105682728722 0.39383345464333325 1.0480781063996916 1.013981981319614 0.048805028574841723 0.59248037571320256 0.61534648241820322 -0.013898120689459335 0.018639746057407706 3.5000000000000004
decision_type=10 10 2 10 8 10 10 10 8 10 10 10 8 2
left_child=2 12 6 4 -4 -5 7 -1 -8 11 -11 -3 -2 -14
right_child=1 9 3 5 -6 -7 8 -9 -10 10 -12 -13 13 -15
leaf_value=-8.3342991720442312e-06 5.5155458770490757e-05 6.3227754010073924e-05 0.00012324502614527455 -8.5139375914266457e-05 1.2692531508491138e-05 2.9566080351773857e-05 0.00028989951762038035 5.0964324987117094e-05 -0.00012274686656862062 0.00014402503751250825 2.9012781812916773e-05 -0.00022623293713231515 -0.00014908185867266676 -0.00017635860034257502
leaf_weight=2673.1546253338456 18.694206930696964 67.657046679407358 113.66446402855217 1093.643497211393 1402.8210768592544 912.02380710002035 154.68364309100434 205.6180014712736 1229.0778335672803 18.731069460511208 218.95793342776597 66.963927906006575 33.813520550727844 279.30059470422566
leaf_count=15231 74 526 550 4211 7318 4710 694 878 5573 98 1590 480 136 600
internal_value=-7.77861e-05 -0.000680874 -2.06426e-05 0.000191906 0.000619339 -0.000121448 -0.000200936 -3.22408e-06 -0.000597743 2.11757e-05 0.000513291 -0.000699289 -0.0015272 -0.00167272
internal_weight=8488.81 704.118 7784.69 3522.15 1516.49 2005.67 4262.53 2878.77 1383.76 372.31 237.689 134.621 331.808 313.114
internal_count=42669 3504 39165 16789 7868 8921 22376 16109 6267 2694 1688 1006 810 736
is_linear=0
shrinkage=0.0224352


Tree=248
num_leaves=12
num_cat=0
split_feature=8 36 28 33 35 8 8 16 4 30 33
split_gain=0.580347 0.488313 1.67095 1.17727 1.12522 0.548517 1.57754 1.23665 0.172873 0.0802123 0.00488354
threshold=0.13933892792200339 1.0000000180025095e-35 -1.0000000180025095e-35 0.039096644025027112 5.1414296093001655 0.25824647574582943 0.28083040801968745 0.92406269384984496 0.23054149003411298 15.145000000000001 -0.04603618645401452
decision_type=8 2 10 8 2 8 8 10 10 10 10
left_child=8 5 4 -4 -3 7 -7 -2 9 -1 -11
right_child=1 2 3 -5 -6 6 -8 -9 -10 10 -12
leaf_value=0.00020825832418206494 2.9362652971964557e-06 -5.9581122285161815e-06 5.5785597982801455e-06 0.0001471108960007263 -0.00016102479929266762 0.00024057456360498236 -1.6039272535557365e-05 -0.0001508765727024795 3.6352709288937188e-05 -0.00024651041064920244 -0.00026018631309803354
leaf_weight=7.9466205704957238 777.07862215582281 1173.8156825499609 1307.0038397191092 1028.46080860449 295.52730986382812 355.22353454912081 2416.5415289257653 984.85507509252056 5.8472163677215567 4.573941999115049 131.93106792401522
leaf_count=342 5261 5738 4383 6076 1326 1798 11282 4865 12 870 716
internal_value=-7.2725e-05 -4.53125e-05 0.000138999 0.000515852 -0.000446444 -0.000204373 -3.79018e-07 -0.000513913 -0.00145635 -0.0016725 -0.00180392
internal_weight=8488.81 8338.51 3804.81 2335.46 1469.34 4533.7 2771.77 1761.93 150.299 144.452 136.505
internal_count=42669 40729 17523 10459 7064 23206 13080 10126 1940 1928 1586
is_linear=0
shrinkage=0.0224352


Tree=249
num_leaves=11
num_cat=0
split_feature=7 24 22 20 13 21 5 24 5 0
split_gain=0.795305 0.663903 0.572262 0.794053 0.750267 0.570528 0.559958 0.243191 0.184773 0.0800358
threshold=0.13446078302360676 12.500000000000002 0.14416387629023139 0.092739972954762398 1.1776530725290049 0.048551677125053386 0.70950175885206124 8.5000000000000018 0.021291886087997956 0.42827500000000007
decision_type=10 2 8 10 10 10 10 2 8 2
left_child=6 2 3 -2 -4 -3 7 9 -9 -1
right_child=1 5 4 -5 -6 -7 -8 8 -10 -11
leaf_value=-0.00026692290893869943 -3.8798595191493778e-06 -0.00017675652861005509 4.5487392109671453e-05 0.00020142260398320837 -0.00014489656008164644 9.6835762142845982e-06 3.5537127528180984e-05 0.0017221070712415748 -8.343369051933816e-05 0.0010146025740652427
leaf_weight=46.140167871490121 6541.4173752004281 178.05717701092362 29.994716111570597 1078.8351447312161 283.89890682091936 60.720121741294861 5.4700021743774405 25.702263593673706 210.0948640704155 28.474508995655924
leaf_count=2344 32113 190 123 4817 1414 62 12 48 456 1090
internal_value=-0.000115287 -6.99734e-05 -3.22807e-05 3.82691e-06 -0.000970594 -0.00123657 -0.00122282 -0.00140252 -0.00176241 0
internal_weight=8488.81 8172.92 7934.15 7620.25 313.894 238.777 315.882 310.412 235.797 74.6147
internal_count=42669 38719 38467 36930 1537 252 3950 3938 504 3434
is_linear=0
shrinkage=0.0224352


Tree=250
num_leaves=12
num_cat=0
split_feature=35 24 22 21 11 15 22 18 18 17 19
split_gain=0.627548 0.744481 0.800114 0.824248 0.806477 0.655894 0.54895 0.524535 1.4477 0.427022 0.320838
threshold=5.5642904951032781 12.500000000000002 0.14168625549760758 0.060132910451132095 0.13895306382020448 2.5422310992170192 0.049559492598204476 0.025934297301436818 0.028619440425307733 0.85577393423801673 0.13555819214759776
decision_type=2 2 10 8 8 10 10 10 10 8 10
left_child=1 2 4 -4 -1 7 -7 10 -9 -3 -2
right_child=5 9 3 -5 -6 6 -8 8 -10 -11 -12
leaf_value=-0.00024139517007311059 -0.0001097481254269588 -0.00035610808489076201 0.001585125290531286 -0.00032266157549952235 3.7711026451600959e-06 0.00014040253090304774 -4.5568821994379642e-06 0.0006031310900792466 -3.4176650948753755e-05 -1.5348043680188016e-05 2.6944378423580186e-05
leaf_weight=229.98988268291578 654.02261554799043 135.53879797458649 49.207523087970912 259.28562395181507 6767.8061982251238 10.041032547596844 9.4546473678201419 20.840169614180923 243.23444762965664 77.745024029165506 31.6392856631428
leaf_count=2099 2807 138 214 1323 34637 56 69 116 1014 88 108
internal_value=-9.72335e-05 -2.52023e-05 1.02872e-05 -0.00110355 6.23088e-05 -0.000635263 0.00320536 -0.000736742 4.27298e-05 -0.00133092 -0.00106571
internal_weight=8488.81 7519.57 7306.29 308.493 6997.8 969.232 19.4957 949.737 264.075 213.284 685.662
internal_count=42669 38499 38273 1537 36736 4170 125 4045 1130 226 2915
is_linear=0
shrinkage=0.0224352


Tree=251
num_leaves=16
num_cat=0
split_feature=34 34 26 26 26 9 33 28 21 28 26 28 28 28 20
split_gain=0.64461 0.778243 0.606418 1.34854 1.25778 1.02678 0.839799 0.976424 0.865854 0.48079 0.18776 0.177318 0.15508 0.152226 0.087795
threshold=0.02937751797404187 0.045554960127226492 0.4867703674719796 0.54143479214150603 0.53185839258961976 0.24004523011420673 0.0083304902140927135 -0.03029999999999999 0.090817538378539023 -0.023799999999999957 0.59248037571320256 -0.020899999999999998 0.017200000000000024 -0.050100000000000013 0.11673865597771803
decision_type=10 10 10 10 10 8 8 8 8 10 10 10 10 8 10
left_child=2 9 6 4 -4 -5 7 -1 -8 13 12 -12 -3 -2 -11
right_child=1 10 3 5 -6 -7 8 -9 -10 14 11 -13 -14 -15 -16
leaf_value=2.5778978002102797e-06 -0.00022495839443496273 -0.00040508628270779422 4.4500831270703142e-05 -0.00037850150921428332 0.00071546614818974042 1.1526749727638053e-05 5.6210882815487351e-08 -0.00035203043883529051 -0.00023968321607415794 -0.00017252466914410042 0.00045172090659112408 9.2483569259178307e-07 6.1686507826774154e-05 4.5385336073110232e-05 -4.9784064848813834e-06
leaf_weight=72.801626916974783 53.547147750854492 93.622997766360641 511.76920784660615 349.92180540505797 80.220490586943924 1613.3164020995609 4473.0079807369038 357.23052271269262 326.41891235788353 229.94385188259184 40.598319411277771 197.0906834769994 40.997976819053292 16.299451172351837 32.017871379852295
leaf_count=504 278 730 2452 3596 436 8415 17602 1910 4250 410 328 1360 276 62 60
internal_value=-8.67753e-05 -0.000737631 -2.53076e-05 0.000254893 0.00119362 -1.82907e-05 -0.000166031 -0.00111871 -7.64177e-05 -0.0015272 0 0.000345403 -0.000699289 0 -0.00196848
internal_weight=8488.81 704.118 7784.69 2555.23 591.99 1963.24 5229.46 430.032 4799.43 331.808 372.31 237.689 134.621 69.8466 261.962
internal_count=42669 3504 39165 14899 2888 12011 24266 2414 21852 810 2694 1688 1006 340 470
is_linear=0
shrinkage=0.0224352


Tree=252
num_leaves=16
num_cat=0
split_feature=34 34 7 10 10 28 18 5 26 18 18 28 2 34 25
split_gain=0.66338 0.778243 0.538415 0.556962 1.83566 0.48079 0.355196 0.289262 0.18776 0.297131 0.263744 0.152226 0.131614 0.0702081 0.00227055
threshold=0.02937751797404187 0.045554960127226492 0.13446078302360676 0.78343121481068378 0.6707547517055652 -0.023799999999999957 0.027222463453466465 -0.010413549106695926 0.59248037571320256 -0.013898120689459335 -0.017212559334688623 -0.050100000000000013 0.070067789013477738 -0.10813711147547937 1.2051790609982003
decision_type=10 10 8 10 10 10 10 8 10 10 10 8 2 10 10
left_child=2 5 6 4 -4 11 13 -5 9 -3 -10 -2 -8 -1 -7
right_child=1 8 3 7 -6 14 12 -9 10 -11 -12 -13 -14 -15 -16
leaf_value=1.8296793648952841e-05 -0.00021991139884594354 6.0302556213473872e-05 -5.8337731820936017e-07 0.00059954737505529571 0.00055275774511445708 -0.000160878126360373 -0.00019318549417358705 -0.00067631442359599933 -3.6525568863976399e-05 -0.00021170685394611031 0.0001746958216242417 4.4367105161823433e-05 0.00023711851124973054 -0.00025410743544151173 -0.00084953142371095526
leaf_weight=8.3604783364571613 53.547147750854492 67.657046679407358 7239.3946353807114 14.237507920712231 189.72901687351987 228.94078727252781 3.8348640426993361 205.10086639039218 137.99403834342957 66.963927906006575 99.694964544847608 16.299451172351837 3.2000197931192815 120.82955992501229 33.020935989916325
leaf_count=510 278 526 36253 70 632 408 66 788 976 480 712 62 50 796 62
internal_value=-7.77818e-05 -0.000737631 -1.55008e-05 6.86322e-06 4.23736e-05 -0.0015272 -0.00141167 -0.00110274 0 -0.000699289 0.000345403 0 0.00233884 -0.00177774 -0.00196848
internal_weight=8488.81 704.118 7784.69 7648.46 7429.12 331.808 136.225 219.338 372.31 134.621 237.689 69.8466 7.03488 129.19 261.962
internal_count=42669 3504 39165 37743 36885 810 1422 858 2694 1006 1688 340 116 1306 470
is_linear=0
shrinkage=0.0224352


Tree=253
num_leaves=14
num_cat=0
split_feature=34 33 8 36 28 17 26 28 9 28 26 16 24
split_gain=0.790596 0.733226 0.557371 0.537221 1.96154 0.606786 0.25427 0.456228 0.277005 0.237256 0.209085 0.178237 0.152554
threshold=0.02937751797404187 -0.029125125297265072 0.13933892792200339 1.0000000180025095e-35 -1.0000000180025095e-35 1.0480781063996916 0.7602305954279639 -0.020899999999999998 0.33880660718816002 -0.023799999999999957 0.070672168828972773 0.89346457430899884 8.5000000000000018
decision_type=10 10 8 2 10 10 10 10 10 10 8 10 2
left_child=2 6 10 5 -5 -4 8 -8 -2 -3 -1 -11 -12
right_child=1 9 3 4 -6 -7 7 -9 -10 11 12 -13 -14
leaf_value=2.9334166112885993e-05 -0.00024146147522226001 2.9917258754540464e-05 1.3988240260255596e-07 -4.971243331954553e-05 3.7137697680008303e-05 -6.6720768887381266e-05 0.00063539829696413949 2.7041905315308668e-05 3.431152855789273e-05 -1.2573753502907294e-06 -0.00011688816757766153 -0.00015726878697052785 -0.00024136165700331714
leaf_weight=3.8490351992659262 153.37367238104343 30.355464722961187 2832.0801582438871 1356.501833576709 2095.5895864018239 1357.2614740864374 9.9684087038040143 96.952561050653458 153.67575362324715 28.661195449531078 31.167202147189528 231.13124372810125 108.23765900731087
leaf_count=92 938 106 15467 6400 9427 5963 74 724 994 212 1560 456 256
internal_value=-9.80875e-05 -0.000818848 -3.02919e-05 -1.64656e-06 0.000202921 -0.000174961 -0.000158271 0.000706715 -0.000524778 -0.00169098 -0.00141449 -0.00191091 -0.00164853
internal_weight=8488.81 704.118 7784.69 7641.43 3452.09 4189.34 413.97 106.921 307.049 290.148 143.254 259.792 139.405
internal_count=42669 3504 39165 37257 15827 21430 2730 798 1932 774 1908 668 1816
is_linear=0
shrinkage=0.0224352


Tree=254
num_leaves=10
num_cat=0
split_feature=24 8 27 27 35 11 18 4 24
split_gain=0.661951 0.591212 0.64755 1.55801 0.906233 0.381256 0.245493 0.103652 0.0719077
threshold=12.500000000000002 0.13933892792200339 0.26433726636814747 0.20555164229277542 4.8470177190135679 0.22504545015262317 0.027222463453466465 0.083398771664823346 8.5000000000000018
decision_type=2 8 10 8 2 8 10 8 2
left_child=1 6 3 -3 -4 -2 8 -8 -1
right_child=5 2 4 -5 -6 -7 7 -9 -10
leaf_value=-0.00018776393920307146 -0.00029351824968869484 -1.4034822717897218e-06 -2.2887695410573871e-07 5.2119908555667522e-05 -0.00012378894348216224 -0.00011962325525393693 -0.00018343632450726151 0.00016344087958321648 -0.00023911759013321037
leaf_weight=29.994552704505622 79.017802953720093 3495.0507354815491 2535.3320636013523 902.24448658898473 1163.1885344036855 163.67277843132615 4.6430335408076617 4.7399681024253377 110.92129251360893
leaf_count=1526 80 16519 14332 4200 5422 176 78 72 264
internal_value=-9.51176e-05 -5.85594e-05 -3.01206e-05 0.000151082 -0.000250922 -0.00125277 -0.00145321 0.000887145 -0.00175226
internal_weight=8488.81 8246.11 8095.82 4397.3 3698.52 242.691 150.299 9.383 140.916
internal_count=42669 42413 40473 20719 19754 256 1940 150 1790
is_linear=0
shrinkage=0.0224352


Tree=255
num_leaves=12
num_cat=0
split_feature=21 21 26 18 24 21 35 33 20 33 18
split_gain=0.613744 0.727242 2.42149 1.89163 0.480899 0.82854 0.586776 0.14833 0.0659955 0.0117181 0.0100984
threshold=0.17167731171111483 0.14928463797690819 0.5086079794147732 0.0021494871345779658 12.500000000000002 0.048551677125053386 5.5642904951032781 0.14982034185498108 0.0045779160171854913 0.15127006657512657 -0.083204217903740149
decision_type=8 10 10 8 2 10 2 8 10 10 8
left_child=1 4 -3 -4 6 -6 -1 8 -2 10 -9
right_child=7 2 3 -5 5 -7 -8 9 -10 -11 -12
leaf_value=3.6892298604890088e-07 -0.00015100279811944297 -0.0007120380511979426 0.00076929161292727769 0.0062203404508856149 -0.00014986604452922082 1.6347926462746978e-05 -2.2460917374853503e-05 -0.003703160701919222 -0.00042283314530573783 -0.00062089638207059599 0.0023537700404533323
leaf_weight=7105.0606342996471 18.601683735847473 30.688799178227782 10.853565526194869 14.670340116135778 178.05717701092362 64.63340437412262 930.88306568842381 1.0823925216682253 115.36454293224961 9.4747377634048444 9.4349051751196402
leaf_count=34184 90 148 62 90 190 66 3882 46 581 40 3290
internal_value=-9.38926e-05 -6.54227e-05 0.00245437 0.00761663 -8.50872e-05 -0.00107228 -5.27323e-05 -0.00150107 -0.00177293 0 0.000718865
internal_weight=8488.81 8334.85 56.2127 25.5239 8278.63 242.691 8035.94 153.958 133.966 19.992 10.5173
internal_count=42669 38622 300 152 38322 256 38066 4047 671 3376 3336
is_linear=0
shrinkage=0.0224352


Tree=256
num_leaves=12
num_cat=0
split_feature=7 22 22 20 10 7 14 24 18 35 2
split_gain=0.633625 0.550679 0.728261 0.854975 0.794874 0.346043 0.679471 0.179133 0.169214 0.0575389 0.0023641
threshold=0.13446078302360676 0.14168625549760758 0.12240849492602589 0.17046749735097189 0.38879460692126433 0.65217021193997493 1.3840423186942099 9.5000000000000018 0.027222463453466465 2.5805954740632799 0.071411550253402165
decision_type=8 8 10 10 10 10 10 2 10 2 2
left_child=8 2 4 -4 -2 7 -7 -3 9 -1 -10
right_child=1 5 3 -5 -6 6 -8 -9 10 -11 -12
leaf_value=4.3581983124525638e-05 1.4721073382115509e-06 -5.31522051189864e-05 9.2626210875206627e-06 0.0013063147379753877 -5.1736077844742378e-05 0.0019002060630576992 -5.5423695916009519e-05 -0.00030267314175429607 -0.00017932916340179821 -0.00024111018841110264 0.00023181877281114533
leaf_weight=4.6861395835876456 5681.8103795177303 80.942924173548818 288.27823342336342 36.823013011366129 1978.1186025924981 21.85952740162611 40.842523444443941 217.62690788507462 4.0230897367000571 130.61545151984319 3.1784560321830213
leaf_count=48 28449 2309 1286 102 8449 80 106 430 70 1290 50
internal_value=-8.7579e-05 -5.97249e-05 -1.83911e-05 0.00101716 -6.50024e-05 -0.00091703 0.000367522 -0.00125341 -0.00157382 -0.00179869 0
internal_weight=8488.81 8346.3 7985.03 325.101 7659.93 361.272 62.7021 298.57 142.503 135.302 7.20155
internal_count=42669 41211 38286 1388 36898 2925 186 2739 1458 1338 120
is_linear=0
shrinkage=0.0224352


Tree=257
num_leaves=14
num_cat=0
split_feature=22 22 5 5 15 12 14 17 17 2 31 19 14
split_gain=0.732973 0.74225 1.32789 1.30165 0.647656 0.67157 0.408277 0.345181 1.43377 0.169709 0.172901 0.0574689 0.0145905
threshold=0.14168625549760758 0.12240849492602589 -0.010413549106695926 0.21673570989217431 1.1227154631246055 0.022658692582756813 0.99137553081479757 0.70079481953823064 0.66684023412917559 0.12480473345266636 -3.4450000000000007 0.16686411742767279 1.2783251954156338
decision_type=10 10 8 8 8 8 10 8 10 2 8 10 10
left_child=1 4 -3 -4 6 -6 -1 8 12 11 -11 -9 -2
right_child=7 2 3 -5 5 -7 -8 9 -10 10 -12 -13 -14
leaf_value=9.8344081674166175e-05 -0.00031522168198799388 0.0054103786660844467 -0.00010238622931073624 0.00034879770320856698 -0.00014106579932799204 1.9575592888761021e-06 -0.00011241648678441112 0.00036962007210762654 0.0020327050831298143 0.0010416543093501685 -0.000237434232676232 -0.00099395807329713168 -0.00057704085892264939
leaf_weight=132.0522322319448 10.056444010697303 13.100640668533741 187.75609077233821 125.82259206380695 579.82859840011224 5721.3586997389793 1388.7110804398544 7.4244463895447579 11.833404046017675 18.300634307786822 247.81961731566116 11.845730709377674 32.89503722731024
leaf_count=723 58 92 678 636 4051 28394 6424 88 78 119 1068 98 162
internal_value=-8.58455e-05 -4.06813e-05 0.00100143 0.000633184 -8.68093e-05 1.04151e-05 -0.00050258 -0.00110766 0.000235239 -0.00143491 -0.00159001 0 -0.00130608
internal_weight=8488.81 8148.63 326.679 313.579 7821.95 6301.19 1520.76 340.175 54.7849 285.39 266.12 19.2702 42.9515
internal_count=42669 40998 1406 1314 39592 32445 7147 1671 298 1373 1187 186 220
is_linear=0
shrinkage=0.0224352


Tree=258
num_leaves=14
num_cat=0
split_feature=34 33 17 17 23 27 17 16 16 21 28 28 16
split_gain=0.648495 0.885076 0.589487 1.22936 2.12558 0.735894 0.632707 0.352927 0.351328 0.266934 0.25227 0.237256 0.178237
threshold=0.02937751797404187 -0.029125125297265072 1.6245306540642293 1.4793689938451677 0.11099757126474714 0.95466580026328784 1.1690659938864505 1.5897132929029618 1.0667072733921732 0.10056150029114157 0.051549999999999992 -0.023799999999999957 0.89346457430899884
decision_type=10 10 10 10 10 10 10 10 10 8 10 10 10
left_child=2 7 3 6 -5 9 -1 8 -2 -4 -9 -3 -13
right_child=1 11 5 4 -6 -7 -8 10 -10 -11 -12 12 -14
leaf_value=1.3126624687200563e-06 -0.00011699797727518564 2.9192323063359421e-05 -0.00015291468043913338 4.4109522351934521e-05 0.0025753288060029514 9.2850900093212604e-05 -5.6343150677320168e-05 -0.00034966802703932968 0.00029005936617258001 8.913302582385733e-06 4.8756912777797538e-05 -2.4837107642189289e-06 -0.00014657757381956083
leaf_weight=6023.1156534417532 70.992624998092651 30.355464722961187 324.02009798865765 222.17813419084996 27.64414596837014 13.170952816028146 1144.12552325055 133.67931371927261 139.23579557240009 30.432441006414592 70.062661468982697 28.661195449531078 231.13124372810125
leaf_count=31804 314 106 1312 834 90 68 4887 944 964 170 508 212 456
internal_value=-8.72183e-05 -0.000740037 -2.5573e-05 1.5289e-05 0.00156255 -0.000902816 -3.59807e-05 -2.42914e-05 0.00056847 -0.00114237 -0.000733098 -0.00169098 -0.00191091
internal_weight=8488.81 704.118 7784.69 7417.06 249.822 367.623 7167.24 413.97 210.228 354.453 203.742 290.148 259.792
internal_count=42669 3504 39165 37615 924 1550 36691 2730 1278 1482 1452 774 668
is_linear=0
shrinkage=0.0224352


Tree=259
num_leaves=14
num_cat=0
split_feature=22 27 16 16 31 16 17 21 21 32 26 39 10
split_gain=0.99911 0.688592 1.43874 1.92765 0.569815 1.40947 0.528342 0.485351 0.39235 1.02621 0.131518 0.142873 0.0187486
threshold=0.14168625549760758 0.26433726636814747 1.1867674595574085 1.1280046523060521 -2.0849999999999995 0.865865193916453 0.54238983336949309 0.077001289179662799 0.057951608305222981 0.65435356200527717 0.79414462850616974 3.5000000000000004 0.5335515748689581
decision_type=10 10 10 10 10 8 10 8 8 10 10 2 10
left_child=1 2 3 -1 5 -3 -6 -4 9 -2 11 -10 -12
right_child=8 4 7 -5 6 -7 -8 -9 10 -11 12 -13 -14
leaf_value=3.5215728303768481e-06 0.0022619010863100114 0.00050307090650313329 -0.0002508453544115204 0.00011503136920912924 0.00072734316761205247 -4.8082725543823566e-05 -3.7014336110423376e-05 0.0010654599804092212 -0.00028708576591409578 -0.00033885825005580661 0.00011757884986722158 0.00076412035961451695 -0.00023213678855860863
leaf_weight=3870.6342122592032 13.722844419069586 145.6271506510675 285.35309254471213 234.57709853816777 155.74019923061132 326.28602072969079 3085.1965075107291 45.215652851387858 238.44412699574605 39.210658697411418 22.251648624893278 11.912574114277957 14.633461154997347
leaf_count=18540 100 846 868 802 948 2834 15254 906 1153 106 146 102 64
internal_value=-7.77796e-05 -2.55193e-05 0.00016043 0.000279105 -0.000253017 0.000456615 -0.000362535 -0.00125143 -0.00126934 0.000196176 -0.00160833 -0.00179746 0
internal_weight=8488.81 8148.63 4435.78 4105.21 3712.85 471.913 3240.94 330.569 340.175 52.9335 287.242 250.357 36.8851
internal_count=42669 40998 21116 19342 19882 3680 16202 1774 1671 206 1465 1255 210
is_linear=0
shrinkage=0.0224352


Tree=260
num_leaves=15
num_cat=0
split_feature=22 15 7 7 32 7 16 21 32 16 24 15 35 22
split_gain=0.71965 0.619725 0.607483 2.39803 0.581161 1.29443 1.22789 0.566511 1.28582 0.533211 0.229819 0.124984 0.0884721 0.023809
threshold=0.14168625549760758 1.1227154631246055 0.21504056950625036 0.22431752293974191 0.86807387862796836 0.51180891296193043 0.97113878523363673 0.057951608305222981 0.68931398416886558 1.0139234514380699 8.5000000000000018 1.1171276289555299 5.1539849689652328 0.15172953557660709
decision_type=10 8 10 10 10 10 10 8 10 10 2 10 2 10
left_child=1 2 11 -4 5 -3 -6 8 9 -2 13 -1 -12 -9
right_child=7 4 3 -5 6 -7 -8 10 -10 -11 12 -13 -14 -15
leaf_value=-0.00020037618114141119 0.0022613719044932974 1.7849655981627521e-06 0.00027878976364629452 -8.5652667329215202e-05 -0.00027036702884341614 0.00075268118935591425 8.4249151746854299e-06 -4.0221440434091609e-05 -0.00033125588385991519 0.0019363251127362459 -0.00038674648480986038 0.00014552977964615938 -4.840796157607092e-06 0.0013676393321845938
leaf_weight=186.98578883102164 8.5517119932919758 5273.5364010790363 39.189008112065494 1335.7456587464549 487.15840349625796 190.97684409562498 627.27390562091023 13.344630596693603 35.766246346756816 8.6155447764322144 221.93166482448578 7.7639243341982356 27.443349182605743 24.522166286129504
leaf_count=1290 80 29108 188 5823 1600 622 2327 194 98 28 488 40 64 719
internal_value=-7.04973e-05 -2.57569e-05 -0.000427981 -0.000244424 6.72168e-05 0.000165022 -0.000394389 -0.0010822 0.000813735 0.00598122 -0.00150149 -0.00161799 -0.00174899 0
internal_weight=8488.81 8148.63 1569.68 1374.93 6578.95 5464.51 1114.43 340.175 52.9335 17.1673 287.242 194.75 249.375 37.8668
internal_count=42669 40998 7341 6011 33657 29730 3927 1671 206 108 1465 1330 552 913
is_linear=0
shrinkage=0.0224352


Tree=261
num_leaves=15
num_cat=0
split_feature=10 7 28 28 35 35 32 35 33 26 35 10 10 27
split_gain=0.60535 0.86959 1.14409 4.2922 1.16079 0.852488 1.3587 1.00917 0.835702 0.921297 1.15233 0.498464 0.433293 0.604095
threshold=0.38879460692126433 0.32523863903234435 0.006299999999999987 -1.0000000180025095e-35 3.5471718598329227 3.6421807739087555 0.50527704485488134 4.0512629362716375 0.058734621553657725 0.44111570160955593 4.8470177190135679 0.60263756134947732 0.78343121481068378 0.49464947700220396
decision_type=10 8 8 10 2 2 10 2 10 8 2 10 10 10
left_child=1 5 3 -3 -4 6 -1 -7 9 11 -11 -2 13 -10
right_child=8 2 4 -5 -6 7 -8 -9 12 10 -12 -13 -14 -15
leaf_value=2.4512904511606119e-05 -0.00055830095050817452 1.7731664014597911e-05 0.00042033966961745907 0.00066745908314133347 -0.0001127678889362051 3.3500728970403112e-05 -0.00031915578372346601 -2.5470415805955573e-06 4.9026164026270994e-05 1.1465394172046959e-05 -9.9853985830962932e-05 -4.7321917335925806e-06 -0.00083349619409530198 0.0017061270921757312
leaf_weight=383.61739148758352 473.09651265945286 319.85068554687314 249.27811476355419 68.953849578276277 408.56480816169642 658.01088875252753 840.38320480519906 3168.4672843799926 276.43541221600026 1010.4135788744316 410.59191835019737 126.79856390319765 33.265389136970043 61.077645706012845
leaf_count=3095 1402 2036 1158 376 1936 3727 4200 16177 1736 4221 1399 464 172 570
internal_value=-4.33671e-05 7.26092e-05 0.00066227 0.00162872 6.00444e-05 -4.57125e-05 -0.000563743 0.000114855 -0.000347284 -0.000532218 -0.00020401 -0.00127571 0.00060649 0.000886952
internal_weight=8488.81 6097.13 1046.65 388.805 657.843 5050.48 1224 3826.48 2391.68 2020.9 1421.01 599.895 370.778 337.513
internal_count=42669 32705 5506 2412 3094 27199 7295 19904 9964 7486 5620 1866 2478 2306
is_linear=0
shrinkage=0.0224352


Tree=262
num_leaves=16
num_cat=0
split_feature=34 10 10 16 34 28 10 3 16 28 11 3 33 33 15
split_gain=0.763869 0.763429 1.38769 2.28056 0.645319 0.502686 0.386819 0.764134 0.279262 0.343513 0.320307 0.241884 0.178859 0.127287 0.123955
threshold=0.02937751797404187 0.78343121481068378 0.6707547517055652 1.1207230597671061 0.045554960127226492 0.095750000000000043 0.22357543826132156 19.000000000000004 1.4904580105160921 0.02430000000000002 0.64444671112175556 56.500000000000007 -0.079361202065951361 -0.092613500422079151 0.91111348909123968
decision_type=8 10 10 10 10 10 8 2 10 10 10 2 10 10 10
left_child=1 2 5 -4 6 -1 7 -2 9 -6 -10 13 -8 -3 -13
right_child=4 11 3 -5 8 -7 12 -9 10 -11 -12 14 -14 -15 -16
leaf_value=5.6070675494347615e-07 2.7871549820761695e-05 2.0259315831970945e-05 -5.4134067456638935e-05 0.00073671512602487932 0.00024343739058207053 -0.00084515503649662722 -1.3562698968628577e-05 -1.1806556775405338e-05 -0.00027553081084311548 -3.9439672724687696e-05 0.00010689607842834557 -0.00028556681937759812 -0.00035824908208180033 -0.0010301497556792893 3.1877032066574608e-05
leaf_weight=6965.1352538978681 16.560742274858057 20.649204701185226 74.39943515881896 115.29171497095376 89.072009906172752 233.32165650557727 219.1109454901889 38.417359762825072 145.70917478203773 76.149549113586545 61.379243671894073 26.571894124150276 234.9197884760797 160.186831779778 11.930443705990909
leaf_count=32540 386 140 254 364 666 1237 3182 798 1044 546 438 142 356 534 42
internal_value=-7.32737e-05 0 3.795e-05 0.00192995 -0.000698347 -9.28398e-06 -0.00121717 0.000278193 0 0.000698265 -0.000536463 -0.00130359 -0.00144208 -0.0016527 0
internal_weight=8488.81 7607.49 7388.15 189.691 881.319 7198.46 509.009 54.9781 372.31 165.222 207.088 219.338 454.031 180.836 38.5023
internal_count=42669 35253 34395 618 7416 33777 4722 1184 2694 1212 1482 858 3538 674 184
is_linear=0
shrinkage=0.0224352


Tree=263
num_leaves=15
num_cat=0
split_feature=18 22 19 13 28 24 30 34 5 34 3 5 28 22
split_gain=1.02938 0.700185 0.713137 1.1445 0.58799 0.264397 0.241207 0.692645 0.158724 0.18151 0.126107 0.124092 0.0794929 0.074749
threshold=-0.10263974004466252 0.14416387629023139 0.11057948570294901 1.5203228750784585 0.037000000000000012 8.5000000000000018 17.305000000000003 -0.007926120993603512 0.021291886087997956 0.068340077517959688 54.500000000000007 0.18847539993677248 0.059900000000000043 0.16126669841713129
decision_type=10 8 10 8 10 2 10 8 8 10 2 10 10 8
left_child=5 2 4 -4 -2 11 7 -3 -7 -10 -8 13 -13 -1
right_child=1 6 3 -5 -6 8 10 -9 9 -11 -12 12 -14 -15
leaf_value=-0.00011724822277647955 -9.9987862307744855e-06 -4.7098493245668514e-05 -5.7185698881348398e-05 0.0002845897579686751 2.0736440398142968e-05 0.0016860272877581609 -0.00027414688605090665 0.0018760975843430904 -0.00016313072493092087 2.4440934149359594e-05 -0.00022122605966596955 0.0036353886832299785 -0.00056934781959308025 0.0022408882497956016
leaf_weight=46.971766938455403 5832.4268029597588 113.82524339202791 265.91273080883548 496.89060971187428 1240.0238839713857 23.554688990116119 148.17731737531722 10.139301679562776 251.5256113409996 22.491572856903076 22.553883682470769 6.9915902437642199 4.0624070207122713 3.2578373497817656
leaf_count=1154 28661 689 1066 2280 5877 40 460 230 526 164 106 188 100 1128
internal_value=-8.8296e-05 -3.38381e-05 4.05104e-06 0.000657884 -6.37025e-05 -0.0012649 -0.00110675 -0.000162514 -0.00154122 -0.00169415 -0.0016737 0 0.00216721 -0.000398873
internal_weight=8488.81 8129.95 7835.25 762.803 7072.45 358.855 294.696 123.965 297.572 274.017 170.731 61.2836 11.054 50.2296
internal_count=42669 39369 37884 3346 34538 3300 1485 919 730 690 566 2570 288 2282
is_linear=0
shrinkage=0.0224352


Tree=264
num_leaves=14
num_cat=0
split_feature=18 22 35 11 11 20 15 5 20 5 20 2 18
split_gain=0.907438 0.672012 0.632459 1.59489 1.30869 0.355979 0.508811 0.350988 0.16668 0.155096 0.152243 0.152012 0.0827835
threshold=-0.10263974004466252 0.14416387629023139 4.2459921092674184 0.33687367671325114 0.28892790105785737 0.25524104290078098 1.6598322095170159 0.24805566097319001 0.16666666666666671 0.010509163058974891 0.091663912404563938 0.28511366036456282 -0.059344288479245381
decision_type=10 8 2 8 10 10 8 10 8 10 8 2 10
left_child=7 2 3 -2 -4 12 -7 8 9 -1 -9 -10 -3
right_child=1 5 4 -5 -6 6 -8 10 11 -11 -12 -13 -14
leaf_value=-8.753850639998775e-06 -5.0595531786754664e-06 -5.1521111838634243e-05 2.6857943005727529e-06 0.00010615519340389451 -9.7035179897726702e-05 0.0018340068846093385 -0.0012951384764645758 -0.00035163820374965087 -4.753437328704905e-06 -0.00024645073863662062 8.2390535161531622e-06 0.00054027934300337772 -0.00022680180459642673
leaf_weight=90.912082577124238 2282.3811555714346 34.293540932703763 2417.1614778661169 1553.9142976566218 1581.7970963576809 4.3988372804596994 6.7363884933292875 21.790299284271896 13.277469534426929 217.15456287190318 12.633721296675501 3.0873391763307145 249.26697942288592
leaf_count=942 12450 169 12019 7105 6310 28 96 104 1164 972 96 22 1192
internal_value=-9.03812e-05 -3.90808e-05 0 0.000206293 -0.000196901 -0.00108987 0.00218251 -0.00119555 -0.00144526 -0.00157208 0.000575622 0 -0.00129212
internal_weight=8488.81 8129.95 7835.25 3836.3 3998.96 294.696 11.1352 358.855 324.431 308.067 34.424 16.3648 283.561
internal_count=42669 39369 37884 19555 18329 1485 124 3300 3100 1914 200 1186 1361
is_linear=0
shrinkage=0.0224352


Tree=265
num_leaves=13
num_cat=0
split_feature=18 34 33 18 10 15 2 17 4 34 22 22
split_gain=1.02752 0.58088 0.728873 0.611418 1.52358 0.872618 0.325983 0.310406 0.239622 0.139371 0.127735 0.00211591
threshold=-0.10263974004466252 0.02937751797404187 -0.029125125297265072 -0.024392123762464631 0.27977942611007506 1.1491762848736191 0.053123165031261278 0.6939352377567708 0.061005062752098348 0.068340077517959688 0.16126669841713129 0.04862902615393095
decision_type=10 10 10 10 10 10 2 10 10 10 8 10
left_child=8 3 7 4 -2 -5 -4 -3 9 10 -1 -11
right_child=1 2 6 5 -6 -7 -8 -9 -10 11 -12 -13
leaf_value=-0.00011451108624085302 -6.3923955949239571e-05 -0.00054290123300651798 8.7788477732151236e-07 -8.4495829056702179e-05 0.00017669190165105024 1.22617633711258e-06 -0.00010098350929053437 3.0877179015378384e-05 0.00080264289166439033 0.0001715706974606467 0.0012950445880791212 -0.00041078441996375412
leaf_weight=311.38861558493227 570.35864681890234 105.03076495230198 16.418302860110998 1199.0752008217387 936.6731359581463 4773.2945125782862 262.92644752562046 266.17276206612587 10.72265864908695 13.997526794672014 7.3274391978047779 15.419234514236448
leaf_count=1768 3221 646 46 5350 4286 23346 706 1768 88 104 1224 116
internal_value=-0.000102159 -4.77198e-05 -0.000690761 5.5989e-06 0.000411805 -9.36008e-05 -0.00155592 0 -0.00127833 -0.00141069 -0.00154699 0
internal_weight=8488.81 8129.95 650.548 7479.4 1507.03 5972.37 279.345 371.204 358.855 348.133 318.716 29.4168
internal_count=42669 39369 3166 36203 7507 28696 752 2414 3300 3212 2992 220
is_linear=0
shrinkage=0.0224352


Tree=266
num_leaves=12
num_cat=0
split_feature=18 24 21 21 21 1 21 24 33 3 22
split_gain=0.760278 0.61971 0.6003 0.516329 0.698886 0.285978 0.346025 0.24448 0.228971 0.114694 0.0273957
threshold=-0.10263974004466252 12.500000000000002 0.048551677125053386 0.17167731171111483 0.14928463797690819 0.050036023054755047 0.020893669958222536 8.5000000000000018 0.012344439627089756 56.500000000000007 0.056738260803876645
decision_type=10 2 10 8 10 2 8 2 10 2 8
left_child=5 3 -3 4 -2 6 -1 10 -5 -9 -7
right_child=1 2 -4 8 -6 7 -8 9 -10 -11 -12
leaf_value=1.0682528675569763e-06 1.3305665974409169e-07 -0.0001354487399333886 1.3111970314161817e-05 4.4792989043986551e-06 0.00021295256742153861 -0.00015465030869892679 -0.00011194200252827129 -0.0001681212508491285 -0.00066739846411309511 -1.7889728582036466e-05 0.0012659899518205578
leaf_weight=5.9737675450742271 7698.5445196121 171.0615250505507 57.270208239555359 26.868113717064261 55.160553894937038 29.762210923712701 12.239506086567415 253.39266696572304 121.04485306702554 33.254015982151031 24.23330723750405
leaf_count=40 36634 182 58 1656 286 670 370 642 553 62 1516
internal_value=-8.65298e-05 -3.93501e-05 -0.00119061 -3.49056e-06 1.90765e-05 -0.00109848 0.00109578 -0.00127556 -0.00131623 -0.00153671 0
internal_weight=8488.81 8129.95 228.332 7901.62 7753.71 358.855 18.2133 340.642 147.913 286.647 53.9955
internal_count=42669 39369 240 39129 36920 3300 410 2890 2209 704 2186
is_linear=0
shrinkage=0.0224352


Tree=267
num_leaves=16
num_cat=0
split_feature=34 12 16 7 5 20 34 5 12 34 20 16 34 35 35
split_gain=0.555129 0.688629 0.579251 1.03533 0.56855 0.950855 0.638102 0.533476 0.90219 0.530923 0.359246 0.308169 0.307835 0.253576 0.0803683
threshold=0.013771453537709035 0.018141506002019973 1.3020365151883875 0.60695167509244086 0.25037891212708691 0.054843824974379653 0.025845820494158293 0.39427274523310035 0.061328899434822344 -0.007926120993603512 0.070703284537098496 0.81457318167330361 -0.049739948686177253 4.6627784941525396 5.6844806582407239
decision_type=10 8 10 10 8 10 10 8 10 8 10 10 8 2 2
left_child=1 12 3 -3 5 6 -2 8 -6 -4 -9 -7 13 -1 -14
right_child=4 2 9 -5 7 11 -8 10 -10 -11 -12 -13 14 -15 -16
leaf_value=-0.00033985812397472866 -0.00026585334858871218 2.1063190210866264e-06 -0.00030220448039719114 0.00063053166067312985 -0.00069088302370502361 2.7203198325662136e-07 1.2641156339642905e-05 -0.00010076864951821949 0.0019065813443932369 1.1831322172068141e-06 5.0107442953602366e-05 -0.00031861100247109934 -0.00023623101649467354 0.0010667268397015007 1.5705672473797204e-05
leaf_weight=36.3630331158638 70.460159599781036 6176.1568224565126 218.19454005174339 128.24964366946369 11.828879386186602 23.227847293019295 251.8440448641777 579.89828127995133 11.059937328100203 182.21565190190449 232.12742755934596 313.88524636998773 218.00269585195929 21.435917293652892 13.855120300315319
leaf_count=650 110 32098 864 502 56 78 1096 2161 60 2058 696 850 958 360 72
internal_value=-5.91246e-05 2.20438e-05 7.11266e-05 0.000126405 -0.000452215 -0.000946054 -1.12371e-05 -3.80437e-05 0.00326459 -0.000748692 -0.000157642 -0.00177954 -0.00104369 0.000132961 -0.00142216
internal_weight=8488.81 6994.47 6704.82 6304.41 1494.33 659.417 322.304 834.915 22.8888 400.41 812.026 337.113 289.657 57.799 231.858
internal_count=42669 37562 35522 32600 5107 2134 1206 2973 116 2922 2857 928 2040 1010 1030
is_linear=0
shrinkage=0.0224352


Tree=268
num_leaves=15
num_cat=0
split_feature=27 27 34 5 8 32 8 7 11 32 23 20 32 20
split_gain=0.55998 1.10657 1.27276 1.77261 1.27493 1.04779 0.630222 1.9339 0.697745 0.685031 0.575252 0.427304 0.399386 0.319946
threshold=0.27995993990986484 0.1379023426675498 -0.012296359486401785 0.62288419640281301 0.25824647574582943 0.89248021108179432 0.18341231594375787 0.21504056950625036 0.22192286386624333 0.41952506596306077 0.007600373159115382 0.014779712472497904 0.96042216358839061 0.054492036502576564
decision_type=10 8 8 10 8 8 10 10 10 10 8 8 10 8
left_child=1 5 3 -3 -4 10 7 11 13 -10 -1 -2 -7 -8
right_child=6 2 4 -5 -6 12 8 -9 9 -11 -12 -13 -14 -15
leaf_value=0.00084617887098888524 -0.00035377552339970337 -1.5182736907096682e-05 4.7301420692166034e-07 0.0011448352439866053 0.00012799409228174305 -0.00028489941601772951 -0.00029385318577420045 0.00021931559484294474 0.00019284650898414166 -4.2139373577328236e-05 -2.7353707882335749e-06 2.2358498745789109e-05 9.0267346506089045e-06 1.4280608514141901e-06
leaf_weight=20.686862935312092 50.789170069154352 1174.030849580653 461.35879629896954 17.092995355837047 757.04826007573865 320.35825721477158 225.89770670840517 9.4679750669747573 281.5783489830792 2810.8066717470065 2111.1199177643284 201.63663457566872 18.779297307133675 28.153504638932645
leaf_count=358 604 7639 1491 86 2370 1300 1102 74 2878 12056 10075 2332 56 248
internal_value=-7.49846e-05 7.85107e-05 0.000423653 -8.26566e-05 0.000934751 -0.000250032 -0.000288084 0.0007458 -0.000375038 -0.000274169 -5.58843e-05 0.000280773 -0.00140996 -0.00152168
internal_weight=8488.81 4880.48 2409.53 1191.12 1218.41 2470.94 3608.33 261.894 3346.44 3092.39 2131.81 252.426 339.138 254.051
internal_count=42669 23375 11586 7725 3861 11789 19294 3010 16284 14934 10433 2936 1356 1350
is_linear=0
shrinkage=0.0224352


Tree=269
num_leaves=16
num_cat=0
split_feature=36 26 26 12 12 11 21 14 5 2 19 2 35 26 34
split_gain=0.525333 0.694981 1.41183 1.81971 1.27439 0.86827 0.697236 0.541164 0.47334 0.98527 1.11735 1.01117 0.863191 1.24651 0.624377
threshold=1.0000000180025095e-35 0.64228171834647374 0.64951416804758189 0.061328899434822344 0.095433130491251753 0.47031635229442759 0.1020050761503135 1.0877210986838224 0.091741609328839763 0.13605029105018943 0.0840710622097319 0.1184924871744728 4.371218404024412 0.51595611052974988 -0.047576253429433384
decision_type=2 10 10 10 8 8 8 8 10 2 10 2 2 8 8
left_child=8 4 3 -3 6 -4 -2 -6 9 11 -11 -1 13 -10 -14
right_child=1 2 5 -5 7 -7 -8 -9 12 10 -12 -13 14 -15 -16
leaf_value=5.6098449869504177e-07 1.0060487118720296e-05 -0.00014603528961505598 -2.5887750745766407e-06 0.00084756670042266703 3.8501869609468286e-05 4.6680746973734461e-05 -0.0006415848117413014 -0.00023642085653105882 -0.000240310688582294 -0.00019116151214860247 0.00026538831585684738 7.3768478295139174e-05 3.1993208011046393e-05 0.00014385292286422686 -0.00020157259404844608
leaf_weight=1056.8453446349595 2497.4598739687353 9.9719696538522857 480.03238948062062 16.118927717208862 68.647599472664297 202.62345975497738 123.1129844468087 479.78724296065047 665.53743170551024 824.90406435891055 323.4824825678952 238.06206287420355 148.54084211960435 485.22836160170846 868.45021100365557
leaf_count=6869 10258 86 3307 56 354 924 1090 2426 3166 4091 1546 1301 1600 2592 3003
internal_value=-9.27375e-05 9.60097e-05 0.000732393 0.00587492 -4.01451e-05 0.000502394 0.000159179 -0.00102801 -0.00025577 -3.28486e-05 -0.000518554 0.000382594 -0.000497793 -5.82864e-05 -0.000975296
internal_weight=8488.81 3877.75 708.747 26.0909 3169.01 682.656 2620.57 548.435 4611.05 2443.29 1148.39 1294.91 2167.76 1150.77 1016.99
internal_count=42669 18501 4373 142 14128 4231 11348 2780 24168 13807 5637 8170 10361 5758 4603
is_linear=0
shrinkage=0.0224352


Tree=270
num_leaves=14
num_cat=0
split_feature=8 27 8 26 1 25 27 31 10 26 26 31 26
split_gain=0.509013 0.52983 0.980193 2.1557 0.953819 1.22552 0.948321 0.577009 0.221286 0.30073 0.0453617 0.0378715 0.0071383
threshold=0.13933892792200339 0.27995993990986484 0.18341231594375787 0.26259035489030708 0.020893304130162712 2.8779843416182258 0.20555164229277542 -0.8049999999999996 0.14982581008434334 0.070672168828972773 0.63835368747875443 -3.4450000000000007 0.55923240458608026
decision_type=8 10 8 8 2 8 8 10 10 10 10 10 10
left_child=8 4 3 -3 5 -2 -6 -4 10 -10 11 -1 -11
right_child=1 2 7 -5 6 -7 -8 -9 9 12 -12 -13 -14
leaf_value=-4.3433801478330741e-05 0.00017332454516842999 0.00011751096766080444 7.0995909072240079e-06 -2.7319594386363998e-05 -6.9746212416201937e-06 5.7300042133861032e-07 3.0101711082250677e-05 -4.4530462725657218e-05 2.7495091774676427e-05 -0.00060791195400232445 0.00058510315041050871 -0.00021398024205080592 9.4242792472610317e-05
leaf_weight=5.6946250642649821 37.336017719935626 43.744665819685906 606.92236457997933 131.88999773096293 3544.664524161024 50.756560366367921 1118.9022856624797 2804.2899854201823 3.6454024286940721 15.865203081630172 4.6066174586303523 118.017877811566 2.4691210165619841
leaf_count=674 234 276 4062 1282 16227 300 5226 13122 30 366 120 698 52
internal_value=-5.30747e-05 -2.72741e-05 -0.000235038 0.00137573 0.000125386 0.00243872 7.71575e-05 -0.000323995 -0.00134764 0 -0.00172928 -0.00181248 -0.000288625
internal_weight=8488.81 8338.51 3586.85 175.635 4751.66 88.0926 4663.57 3411.21 150.299 21.9797 128.319 123.713 18.3343
internal_count=42669 40729 18742 1558 21987 534 21453 17184 1940 448 1492 1372 418
is_linear=0
shrinkage=0.0224352


Tree=271
num_leaves=13
num_cat=0
split_feature=12 12 38 30 7 12 11 16 17 17 17 24
split_gain=0.618974 0.575965 0.832793 0.758015 0.701295 2.11214 0.74853 0.297799 0.348027 1.24303 0.183992 0.031169
threshold=0.018141506002019973 0.090809530366409222 1.5000000000000002 16.895000000000003 0.50673624872817202 0.077091854973912924 0.3943535880403724 0.93813997217177147 0.6635575459463926 0.63280418349081102 1.0521412732748219 8.5000000000000018
decision_type=8 10 2 10 10 10 10 10 10 10 10 2
left_child=7 4 -3 -4 6 -6 -2 8 9 -1 -10 -9
right_child=1 2 3 -5 5 -7 -8 11 10 -11 -12 -13
leaf_value=-0.00071923007321983326 4.1130688625749367e-06 -0.00068747735198551 8.8642802696903571e-05 -6.958988692344662e-05 -3.2205438983960457e-05 0.00070249927132407127 -6.044799117084474e-05 -0.00020736756195475383 -0.00039791554560871146 0.00018805837976952625 1.1441536147845448e-05 -0.00030498131662512012
leaf_weight=14.871649293228986 5575.9788072966039 150.15066626295447 341.22877839719877 1251.2359877615236 79.066823001950979 51.890202931128442 726.2198236528784 12.360271536745129 107.47431660909206 6.8366417177021495 58.228452077135444 113.26282778382301
leaf_count=120 29592 406 1502 5530 216 173 3152 430 856 60 380 252
internal_value=-5.83092e-05 -1.83139e-05 -0.000382001 -0.000217017 7.71363e-05 0.00170261 4.00676e-05 -0.00103774 -0.000334887 0.00207895 -0.000776234 -0.00192301
internal_weight=8488.81 8175.77 1742.62 1592.46 6433.16 130.957 6302.2 313.034 187.411 21.7083 165.703 125.623
internal_count=42669 40571 7438 7032 33133 389 32744 2098 1416 180 1236 682
is_linear=0
shrinkage=0.0224352


Tree=272
num_leaves=15
num_cat=0
split_feature=22 21 32 22 33 26 0 17 27 17 16 32 26 23
split_gain=0.642395 0.608313 1.00784 0.583849 1.46218 2.28397 0.948367 0.71377 1.07232 0.584474 0.33206 0.140306 0.0939624 0.0241886
threshold=0.14168625549760758 0.058951894477565055 0.68931398416886558 0.12500155149520725 0.017442240721540329 0.47503081337413156 0.46945000000000009 0.74469528635890014 1.005814164216037 1.1690659938864505 1.0139234514380699 0.38192612137203169 0.79414462850616974 0.16433974770740906
decision_type=8 8 10 10 8 8 2 8 10 10 10 10 10 8
left_child=3 2 10 7 5 -5 -6 8 -1 -9 -2 13 -13 -3
right_child=1 11 -4 4 6 -7 -8 9 -10 -11 -12 12 -14 -15
leaf_value=-3.0667282202339306e-05 0.0022071616092118503 -0.0009027273013356746 -0.00033593610071845013 -0.0012106700079372566 0.0012348407348789165 0.0012076352135522526 -0.00021313629526236697 5.5420215569564394e-06 0.00065549038458987395 -2.6798950414623338e-05 0.0017718440549645033 -0.00025957995588634839 -4.3808168586902045e-05 0.001700537813909383
leaf_weight=1884.8522434011102 8.6044471580535191 21.388458264060322 37.350743321701884 25.131356383673847 17.565801935270429 54.739441769197583 169.05127028515562 4190.8468945235945 11.483724042773245 1773.8000186048448 10.244029383175073 238.16314204828814 36.613652410451323 8.9700247906148416
leaf_count=10124 84 215 102 76 110 232 662 20691 54 7771 34 1012 164 1338
internal_value=-6.01687e-05 -0.000986092 0.000951068 -1.64976e-05 0.00101154 0.00354298 0 -5.39413e-05 -0.000434391 6.37112e-05 0.00526749 -0.00140891 -0.00156858 0
internal_weight=8488.81 361.334 56.1992 8127.47 266.488 79.8708 186.617 7860.98 1896.34 5964.65 18.8485 305.135 274.777 30.3585
internal_count=42669 2949 220 39720 1080 308 772 38640 10178 28462 118 2729 1176 1553
is_linear=0
shrinkage=0.0224352


Tree=273
num_leaves=12
num_cat=0
split_feature=18 17 5 5 24 12 18 34 24 5 27
split_gain=0.810512 0.666141 0.861141 1.2473 0.818166 0.805976 0.874052 0.275026 0.222772 0.0873456 0.0498622
threshold=-0.10263974004466252 0.74469528635890014 0.19132210200064284 0.30652778298323707 11.500000000000002 0.018141506002019973 0.073353127862260795 -0.049739948686177253 9.5000000000000018 0.21673570989217431 0.5442342733188722
decision_type=8 8 10 10 2 8 10 8 2 8 10
left_child=8 2 4 -4 -2 7 -7 -3 9 -1 -11
right_child=1 5 3 -5 -6 6 -8 -9 -10 10 -12
leaf_value=-0.00032337034722170052 -2.6001569741262809e-05 0.00027240846034952139 0.00091104864773976712 -0.00028069325613558674 -4.2935660951532845e-05 5.4176849727516595e-06 -8.4385329380405572e-05 -0.00022223770376976585 -0.00046392628786480901 -0.00066048015454343032 0.00025346366817093589
leaf_weight=23.90660008834675 1220.0802688915282 46.443344614468515 195.97225152375177 142.41347876191139 485.3503509759903 5622.6418589139357 398.27374548651278 192.15314424643293 128.76774877309799 7.7179911644197992 25.084464881569147
leaf_count=264 8273 798 1108 848 650 27566 1798 820 218 114 212
internal_value=-8.31404e-05 -4.78558e-05 -0.000400841 0.000603199 -0.000611833 6.42484e-05 0.000117981 -0.00120586 -0.00155131 0 0.000350586
internal_weight=8488.81 8303.33 2043.82 338.386 1705.43 6259.51 6020.92 238.596 185.477 56.7091 32.8025
internal_count=42669 41861 10879 1956 8923 30982 29364 1618 808 590 326
is_linear=0
shrinkage=0.0224352


Tree=274
num_leaves=16
num_cat=0
split_feature=34 24 18 7 18 18 27 7 2 12 26 32 22 22 27
split_gain=0.642449 1.06506 1.35399 2.96677 0.880017 1.83316 3.13461 0.687192 0.662935 1.00306 0.707531 0.578512 0.331644 0.551589 0.24083
threshold=0.0051423744002194747 11.500000000000002 0.043424994079652841 0.27493592033120934 0.073353127862260795 0.071279749716694832 0.2234690008920607 0.21504056950625036 0.14182651403036434 0.076383645681328591 0.2894454509610967 0.85620052770448563 0.10776137390634655 0.12397661814338733 0.054619164055520926
decision_type=10 2 10 10 10 10 10 8 2 10 10 10 10 10 8
left_child=4 2 11 -4 5 7 -7 -1 9 -3 -10 -2 14 -14 -6
right_child=1 8 3 -5 12 6 -8 -9 10 -11 -12 -13 13 -15 -16
leaf_value=-1.4532036097630718e-05 -0.00045036264803326279 -8.6365434399138355e-05 0.0015583137975947016 2.9088210632330367e-05 0.0013823309913279912 0.0042997894719354725 -0.00043870684731586192 7.896102339405798e-06 2.1643175439189206e-06 2.3167752691546691e-05 -7.181695301096236e-05 -2.8347167254910781e-06 0.0047100673693950216 -0.00027524117646908985 -0.00030581061719100425
leaf_weight=1736.9391949465498 209.88218117319047 336.19748961925507 20.157894296571612 170.90849624574184 11.997944127768276 19.251748649403453 17.445622652769089 4092.8347459640354 60.505552172660828 92.886957406997681 349.86846840381622 1015.6315507739782 22.57544122915715 48.073498259298503 283.64846240077168
leaf_count=12536 844 410 80 804 48 64 70 21310 76 120 440 4055 124 276 1412
internal_value=-7.48622e-05 -0.000400046 -1.04453e-05 0.00172861 3.96786e-05 0.000109392 0.00508053 7.42366e-05 -0.00103342 -0.000356046 -0.00169196 -0.00029841 -0.00102122 0.000120238 -0.00136081
internal_weight=8488.81 2256.04 1416.58 191.066 6232.77 5866.47 36.6974 5829.77 839.458 429.084 410.374 1225.51 366.295 70.6489 295.646
internal_count=42669 6829 5783 884 35840 33980 134 33846 1046 530 516 4899 1860 400 1460
is_linear=0
shrinkage=0.0224352


Tree=275
num_leaves=16
num_cat=0
split_feature=15 34 11 34 35 38 1 3 11 23 35 26 14 7 15
split_gain=0.685966 0.739188 1.30029 1.48036 1.23331 0.825747 0.717585 0.604495 0.542036 1.77787 0.61381 0.451965 0.368646 0.395539 0.256898
threshold=1.208399790577986 0.0030700294696534018 0.33687367671325114 -0.01946132402447975 6.423765466731953 4.5000000000000009 0.11438750000000002 50.500000000000007 0.33838508611998253 0.064926298662508861 4.5422836315153701 0.41539708455635466 1.2639670930532403 0.35268711646277201 1.1663692637555667
decision_type=8 10 10 8 2 2 2 2 10 10 2 10 10 10 10
left_child=7 2 4 -4 -2 6 -3 8 9 -1 -10 -7 13 -9 -14
right_child=1 5 3 -5 -6 11 -8 12 10 -11 -12 -13 14 -15 -16
leaf_value=-2.8550096179871182e-05 -4.2190924306452119e-06 -1.0282302718044148e-05 -3.0699599864041759e-05 0.00027832122207552588 1.3909319967403161e-05 -1.0176561535793095e-05 -9.140888864420804e-05 1.6154641547917018e-06 -3.5279352127947852e-05 0.00034394832653390761 -0.00021609826765278922 0.00012651406189804836 -0.00042886435386796449 0.000338515755041271 0.001134875016334353
leaf_weight=504.79811482597142 3547.8344585052691 575.06316239014268 407.02471426082775 582.44195121014491 87.071378008462489 304.24292851239443 472.21169971860945 186.62021308438852 611.07919070217758 37.260419838130474 519.9516014168039 327.01560642383993 151.46025215927511 142.96676567848772 31.762791587039828
leaf_count=2650 22705 1526 3432 1502 426 893 1042 868 2772 293 1902 1074 689 729 166
internal_value=-8.11255e-05 3.47466e-05 0.000183992 0.000905029 -6.9189e-06 -0.000364521 -0.000755647 -0.000424253 -0.00063398 -1.26381e-05 -0.000914058 0.000253003 0.000221238 0.000696349 -0.000524805
internal_weight=8488.81 6302.91 4624.37 989.467 3634.91 1678.53 1047.27 2185.9 1673.09 542.059 1131.03 631.259 512.81 329.587 183.223
internal_count=42669 32600 28065 4934 23131 4535 2568 10069 7617 2943 4674 1967 2452 1597 855
is_linear=0
shrinkage=0.0224352


Tree=276
num_leaves=15
num_cat=0
split_feature=34 35 21 14 35 28 1 21 21 11 19 30 28 35
split_gain=0.598356 0.789025 2.21318 1.08111 0.905551 0.930795 0.755088 0.753289 1.21048 0.731403 0.681405 0.524703 0.505008 0.254565
threshold=0.0051423744002194747 6.423765466731953 0.0083344198865232966 1.3605922542365867 5.5441808219999897 0.0014499999999999793 0.11438750000000002 0.015873407380321811 0.0068617728574556528 0.13895306382020448 0.032198131348239407 26.100000000000005 -0.073399999999999979 4.5422836315153701
decision_type=10 2 8 8 2 10 2 10 8 8 10 10 10 2
left_child=1 4 -3 -4 9 -6 7 8 -2 -1 -9 12 -8 -13
right_child=6 2 3 -5 5 -7 11 10 -10 -11 -12 13 -14 -15
leaf_value=-0.00020342835435884356 0.00048814343853341766 0.00059624450440365036 0.00046087015948178617 -0.00016242452098625624 -0.00020150879836005757 -3.6046060357342971e-05 5.1454391024896292e-05 1.728693551972412e-05 -0.00022383627489141515 5.2500221433415255e-06 -6.9788104940718108e-06 -0.0001007555856808252 -6.8154942064819883e-05 0.00010395617212791712
leaf_weight=191.21981926308945 24.351341797038913 12.920414837077258 59.721261573024094 68.046443367376924 232.02888642624021 377.96802307968028 100.78649485111237 196.56384869478643 238.54382902570069 5290.8618096832652 873.71394947357476 161.53129215538502 614.47559302672744 46.072241067886353
leaf_count=2055 118 48 204 382 1078 1882 201 682 688 30191 2674 978 1186 302
internal_value=-9.45871e-05 1.56856e-05 0.00167535 0.000595254 -1.95216e-05 -0.00084164 -0.000407977 -5.0467e-05 -0.00113688 6.84037e-05 0.000198259 -0.000902594 -0.00119161 0
internal_weight=8488.81 6232.77 140.688 127.768 6092.08 609.997 2256.04 1333.17 262.895 5482.08 1070.28 922.866 715.262 207.604
internal_count=42669 35840 634 586 35206 2960 6829 4162 806 32246 3356 2667 1387 1280
is_linear=0
shrinkage=0.0224352


Tree=277
num_leaves=12
num_cat=0
split_feature=18 19 19 10 20 5 5 20 24 5 23
split_gain=0.610898 0.586939 1.79735 2.33427 0.535204 0.451047 0.558638 0.360405 0.164338 0.0873456 0.0541232
threshold=-0.10263974004466252 0.15837493009512063 0.15046361507247971 0.52824153548104025 0.011654990041095355 -0.010413549106695926 -0.075750869969208212 0.25524104290078098 9.5000000000000018 0.21673570989217431 0.030298288292585161
decision_type=8 8 10 8 10 8 10 10 2 8 10
left_child=8 2 4 -4 -2 6 -3 -7 9 -1 -11
right_child=1 5 3 -5 -6 7 -8 -9 -10 10 -12
leaf_value=-0.0003149262613873357 -4.7670217755644011e-05 -3.0128632477733788e-05 0.0011812679122970488 -0.00077376552992366066 -2.1675419399430608e-06 -0.00020765061991773301 0.0045980338881845611 0.0017037630943512649 -0.00044832690677873541 -0.00031068237245234355 0.00024824441165856098
leaf_weight=23.90660008834675 325.61093315156177 6.1077770609408617 33.59160081576556 23.409881483763456 7563.5781213543378 334.43073021015152 5.4897139691747707 11.109685368835924 128.76774877309799 7.478314612992107 25.324141432996839
leaf_count=264 2676 56 186 108 36164 2497 56 118 218 68 258
internal_value=-0.000112963 -8.19268e-05 -3.92972e-05 0.00390593 -7.05794e-05 -0.000973407 0.00284123 -0.00116298 -0.00139137 0 0.000350586
internal_weight=8488.81 8303.33 7946.19 57.0015 7889.19 357.138 11.5975 345.54 185.477 56.7091 32.8025
internal_count=42669 41861 39134 294 38840 2727 112 2615 808 590 326
is_linear=0
shrinkage=0.0224352


Tree=278
num_leaves=12
num_cat=0
split_feature=11 21 21 17 27 31 4 32 33 17 9
split_gain=0.520105 0.533295 0.583746 2.10489 0.498082 0.295892 0.130859 0.125532 0.0936652 0.0491643 0.0160797
threshold=0.12664643754141389 0.17167731171111483 0.14928463797690819 1.3511411397996171 0.27995993990986484 -1.7849999999999999 0.22427752927508587 0.41952506596306077 -0.060068280761430108 0.58530571793064046 0.17379920895617032
decision_type=8 8 10 10 10 10 8 10 10 10 8
left_child=7 2 4 -4 -2 6 -3 10 -9 -7 -1
right_child=1 5 3 -5 -6 9 -8 8 -10 -11 -12
leaf_value=-0.00070656613842330445 3.4797800054948145e-06 -0.00058305398300078932 -7.7287358465082918e-06 0.00019456063171606944 -2.6990248503615879e-05 -7.8671327761442274e-05 0.0020606211951452588 0.0004772404526162331 -0.00019564482121135404 -0.00050246619261823671 1.314331936429386e-05
leaf_weight=12.314694561064245 4595.1307224179618 15.402492130873727 41.780660971999168 14.404267450794576 3546.7816404318437 8.8174037756398302 8.470715773990376 4.5874734888784579 114.34578814916313 119.04689481342211 7.7224943563342086
leaf_count=172 19783 1275 256 40 17770 70 1192 872 490 666 83
internal_value=-0.000108024 -8.27967e-05 -5.58317e-05 0.00220131 -7.39891e-05 -0.00140394 0.000248698 -0.00147529 -0.00175228 -0.00186703 0
internal_weight=8488.81 8349.83 8198.1 56.1849 8141.91 151.738 23.8732 138.97 118.933 127.864 20.0372
internal_count=42669 41052 37849 296 37553 3203 2467 1617 1362 736 255
is_linear=0
shrinkage=0.0224352


Tree=279
num_leaves=16
num_cat=0
split_feature=15 22 11 34 8 13 5 18 5 26 26 33 34 8 26
split_gain=0.692213 0.715511 0.966077 1.51319 0.959428 0.645998 0.571335 1.30309 0.587022 0.331907 0.498618 0.255445 0.248468 0.18963 0.15854
threshold=1.208399790577986 0.14168625549760758 0.33687367671325114 0.011166194867091918 0.32950476097669151 1.368532134345765 -0.029573762780931084 -0.038955985654727736 0.11908177580261481 0.72866881466542066 0.80644882026097509 0.057022789797795743 -0.063451326388773474 0.34062301305367287 0.18148051809357044
decision_type=8 8 10 10 10 10 8 10 10 8 8 10 8 8 8
left_child=5 2 4 -4 -2 6 7 -1 -8 11 -11 -7 13 -3 -14
right_child=1 12 3 -5 -6 9 8 -9 -10 10 -12 -13 14 -15 -16
leaf_value=0.00057784973036295497 -3.1516502728580231e-07 0.002666088566382013 0.00026458651574835372 -2.4552390629320213e-05 -0.00023060198034921257 -0.00015040656761377725 -7.5509961417861879e-05 2.527595237720743e-06 5.416312630174435e-06 0.0010794370525778584 -0.00023925049052913694 -5.9423077899164858e-05 0.0013714009390089015 -0.00056762175336199706 -0.00021879895974323972
leaf_weight=18.002061534672976 4347.0890687308274 5.6839998317882392 918.29287661192939 493.83011199533939 248.26046534068882 271.68757964624092 1083.098355261609 94.525632230564952 561.22475246014073 17.495353802107275 54.852530199568719 85.013084157370031 8.3332767304964346 6.3589999936521062 275.05709979496896
leaf_count=56 23102 120 4476 1491 853 874 4958 374 2652 142 337 676 332 116 2110
internal_value=-0.000104007 1.22526e-05 6.84131e-05 0.000583366 -8.55533e-05 -0.000448245 -0.000243281 0.00126158 -0.000358716 -0.00123994 0 -0.001522 -0.00106069 0.00137738 -0.00123665
internal_weight=8488.81 6302.91 6007.47 1412.12 4595.35 2185.9 1756.85 112.528 1644.32 429.049 72.3479 356.701 295.433 12.043 283.39
internal_count=42669 32600 29922 5967 23955 10069 8040 430 7610 2029 479 1550 2678 236 2442
is_linear=0
shrinkage=0.0224352


Tree=280
num_leaves=15
num_cat=0
split_feature=17 17 26 12 5 5 5 19 27 2 17 23 26 23
split_gain=0.569814 1.16657 2.64028 1.97475 0.510122 1.15268 1.00239 0.420233 0.313296 0.479021 0.694247 0.215493 0.747898 0.143751
threshold=1.6245306540642293 1.4793689938451677 0.34844303615243305 0.060455633290146867 0.11908177580261481 0.091741609328839763 0.12141969501202927 0.035311521545640358 0.55893478306150934 0.18400010841665435 2.5643261346264206 0.050843003367355151 0.62380818403595717 0.048861635268843968
decision_type=10 10 10 10 8 10 8 8 10 2 10 10 10 10
left_child=1 4 7 -4 5 -1 -6 -3 11 13 -11 12 -2 -10
right_child=8 2 3 -5 6 -7 -8 -9 9 10 -12 -13 -14 -15
leaf_value=-2.3166218041539845e-06 -0.00029092737621957439 5.4888970329604916e-06 -0.00035666088862238148 0.00061802524937048045 4.078752746454146e-05 -8.477358182896452e-05 -1.1921537902723015e-06 -0.0006295951789558517 -0.00023388284833288041 0.00014208674433853431 -9.8626050644173738e-05 -0.00038736410128972906 0.00026599373074836157 0.00020418296772465637
leaf_weight=1502.0965380009729 144.99128482118249 31.398791417945176 49.674172991886735 99.815157575998455 59.816107040736824 745.71077386918478 5497.2482337197289 99.507797130383551 48.222314706072211 17.19071781728417 10.579850718379019 138.03243531566113 20.961708143353462 23.559365053195506
leaf_count=7566 590 156 312 306 266 3096 28835 310 238 110 36 560 160 128
internal_value=-0.000104937 -6.1208e-05 0.00135376 0.00341393 -0.000114675 -0.00039982 0 -0.000851907 -0.000930701 0 0.00263 -0.00129122 -0.000564622 -0.000792308
internal_weight=8488.81 8085.27 280.396 149.489 7804.87 2247.81 5557.06 130.907 403.538 99.5522 27.7706 303.985 165.953 71.7817
internal_count=42669 40847 1084 618 39763 10662 29101 466 1822 512 146 1310 750 366
is_linear=0
shrinkage=0.0224352


Tree=281
num_leaves=14
num_cat=0
split_feature=10 18 27 32 10 7 35 35 18 33 18 7 27
split_gain=0.634526 0.785347 1.5034 1.1751 0.770581 2.31781 1.32645 2.51401 0.813625 0.710689 0.626381 0.625106 0.552333
threshold=0.38879460692126433 -0.024392123762464631 0.084729273693371521 0.49802110817941958 0.31977344935792634 0.43796149936136936 4.8222150622267073 4.7956665632842501 0.056746699328608881 0.055700357265052854 0.049377237311076912 0.55169998087070771 0.37544267467140363
decision_type=10 10 8 10 10 10 2 2 10 10 10 10 10
left_child=4 2 -2 -4 5 10 7 -6 -8 11 -1 -3 -11
right_child=1 9 3 -5 6 -7 8 -9 -10 12 -12 -13 -14
leaf_value=-1.0417066663705498e-05 0.0026439309652552382 -0.00018615769580414046 0.0011402040538381756 -8.7909251869436089e-05 0.00016231252603082151 0.0024391873131261034 -0.00041026349707500774 5.3960299132824534e-05 0.0012592251271196235 -5.9787461577650066e-05 1.2433544249087056e-05 -2.7572602111749928e-06 0.00073048133567240096
leaf_weight=4577.7948900321499 12.044206812046466 966.64323256863281 95.182112719863653 680.01372100738809 819.05066551361233 32.187442894093692 267.51361288176849 12.459624928887932 39.314311617054045 191.8097671745345 348.80567960813642 341.77388867922127 104.21209188457578
leaf_count=25767 78 3118 618 2836 3686 94 1026 38 160 1078 1934 1510 726
internal_value=-0.000108037 -0.000417925 0.000141651 0 1.02866e-05 -0.000107237 0.000539501 0.00101435 -0.000682224 -0.000704827 -0.000150677 -0.00093268 0.00023514
internal_weight=8488.81 2391.68 787.24 775.196 6097.13 4958.79 1138.34 831.51 306.828 1604.44 4926.6 1308.42 296.022
internal_count=42669 9964 3532 3454 32705 27795 4910 3724 1186 6432 27701 4628 1804
is_linear=0
shrinkage=0.0224352


Tree=282
num_leaves=13
num_cat=0
split_feature=22 20 35 35 20 32 5 18 34 24 38 28
split_gain=0.732285 0.623603 0.497294 0.538882 0.367691 0.515409 0.352493 1.20406 0.296189 0.185599 0.236363 0.217592
threshold=0.14168625549760758 0.011654990041095355 6.8208183856345022 6.3228127841107815 0.25524104290078098 0.48482849604221639 -0.013601291874142541 -0.0022220795801054512 -0.038496922953095362 9.5000000000000018 10.500000000000002 0.031200000000000037
decision_type=10 10 2 2 10 8 8 8 10 2 2 8
left_child=1 6 3 -3 9 -6 7 -1 -8 11 -11 -2
right_child=4 2 -4 -5 5 -7 8 -9 -10 10 -12 -13
leaf_value=0.00042490529593539723 -0.00016407188804099264 -2.6954004163513923e-06 -1.8660108418622524e-05 5.4331461835133794e-05 0.0016654277803531705 -0.0012632484706416366 -1.4443570841417104e-06 -0.00040288028595773031 -0.00021362969690221512 -0.00024902220286851572 -4.0943975223074832e-05 0.0018618245131755515
leaf_weight=5.8545021861791611 36.545869881752878 7573.7234656987712 85.68056259304285 140.78752064472064 4.375586781650779 6.8294720603153118 88.924302448052913 15.290452467277648 238.36912827752531 216.59401750564575 45.530040562152863 30.300327214878052
leaf_count=54 580 36142 302 584 44 96 2968 162 786 388 112 451
internal_value=-0.000139179 -9.39092e-05 -4.97131e-05 -2.81552e-05 -0.00116344 0.00215616 -0.00102478 0.00134774 -0.00124059 -0.00134007 -0.00161509 0
internal_weight=8488.81 8148.63 7800.19 7714.51 340.175 11.2051 348.438 21.145 327.293 328.97 262.124 66.8462
internal_count=42669 40998 37028 36726 1671 140 3970 216 3754 1531 500 1031
is_linear=0
shrinkage=0.0224352


Tree=283
num_leaves=13
num_cat=0
split_feature=22 10 38 7 17 7 18 18 21 18 22 33
split_gain=0.747659 0.477636 1.09744 0.839487 1.3455 1.0596 0.609399 0.543558 0.345147 0.806567 0.109186 0.128404
threshold=0.14168625549760758 0.38879460692126433 4.5000000000000009 0.32523863903234435 0.84559769502189064 0.30807160130789962 0.049377237311076912 0.012529550626964927 0.057951608305222981 0.017569881970337379 0.16126669841713129 0.021827727447720661
decision_type=10 10 2 10 10 10 10 10 8 10 10 8
left_child=1 3 7 5 -5 -1 -4 -3 9 -2 -10 -12
right_child=8 2 6 4 -6 -7 -8 -9 10 -11 11 -13
leaf_value=-8.8934811111329217e-08 -9.1733012760008745e-05 -2.3561500459360046e-05 0.00021430731177022352 -4.7205433489071488e-05 0.0001440799242792593 -0.00025552115045967118 -0.00015505356093557671 -0.00013590999801268638 -0.00018546576607250085 0.0016280635082512804 -0.00024574742563328393 -1.9809487712039164e-05
leaf_weight=4846.5945929950103 37.141312072984874 700.03010417521 638.06619947683066 298.78776808828115 509.7714049811475 323.56362319877371 224.72334507666528 607.09289632365108 161.67601789860055 15.79219104349613 59.547487042844296 66.018305948469788
leaf_count=27843 132 2489 3776 1204 1542 1272 1322 1550 662 74 221 582
internal_value=-0.000129157 -8.34692e-05 -0.000368976 1.68524e-05 0.000691594 -8.48866e-05 0.000234407 -0.000782381 -0.00116344 0.000196176 -0.00148294 -0.000699438
internal_weight=8488.81 8148.63 2169.91 5978.72 808.559 5170.16 862.79 1307.12 340.175 52.9335 287.242 125.566
internal_count=42669 40998 9137 31861 2746 29115 5098 4039 1671 206 1465 803
is_linear=0
shrinkage=0.0224352


Tree=284
num_leaves=15
num_cat=0
split_feature=36 8 11 13 23 5 16 35 5 10 10 16 35 13
split_gain=0.505061 1.26364 4.37506 0.844045 0.727668 0.701573 0.602135 1.04329 0.973288 0.790698 2.92711 0.765618 0.112208 0.058518
threshold=1.0000000180025095e-35 0.74771219157445279 0.88878273090299842 1.5294084365296092 0.019963787642780648 0.19868175127436813 0.92779635142936911 1.9523178934970644 0.25037891212708691 0.17956805869428938 0.18168581082456936 0.79209613676604562 6.6879940119818544 0.96448528400518241
decision_type=2 10 10 10 10 10 8 2 10 8 8 10 2 10
left_child=6 3 -3 5 -5 -2 7 8 -1 12 -11 -9 -8 -4
right_child=1 2 13 4 -6 -7 9 11 -10 10 -12 -13 -14 -15
leaf_value=0.0021205775022475008 -1.910356831996734e-05 0.0026319214234042784 0.00062675359589755403 -0.00012883173403075541 5.659701170123151e-05 1.9610959136740635e-05 -0.00027928264862753748 -0.00018645098789291347 -0.0010880476936969627 0.00047840384939321513 -2.7700285482099172e-05 1.3790441319521038e-05 6.0919919280567061e-06 -0.00099403803849463157
leaf_weight=21.446728769689798 1817.1991605022922 13.448354830965398 12.803789287805555 183.90246239257976 1652.6298186639324 177.86113774916157 226.54187570651993 576.40449373330921 10.606805766932665 14.175956652034072 2795.2439098209143 956.67520737368613 9.9558230433613044 19.909724028781056
leaf_count=156 7926 52 80 1182 8349 844 1472 3911 72 76 13002 5439 40 68
internal_value=-9.97613e-05 8.51053e-05 0.00375815 3.51588e-05 0.000386733 -0.000278538 -0.00025953 8.76068e-05 0.00406049 -0.000444412 -0.000330547 0 -0.00170947 -0.000138793
internal_weight=8488.81 3877.75 46.1619 3831.59 1836.53 1995.06 4611.05 1565.13 32.0535 3045.92 2809.42 1533.08 236.498 32.7135
internal_count=42669 18501 200 18301 9531 8770 24168 9578 228 14590 13078 9350 1512 148
is_linear=0
shrinkage=0.0224352


Tree=285
num_leaves=16
num_cat=0
split_feature=10 10 35 26 16 5 20 35 19 33 26 16 33 20 13
split_gain=0.598909 1.91222 1.30433 1.27697 1.2535 1.00427 1.16984 0.89328 0.681206 0.663497 0.663351 0.713219 0.547302 0.46314 0.381059
threshold=0.36714096450449785 0.35013267595406999 4.4175747448723426 0.71497522540188263 0.97772931441764455 0.091741609328839763 0.057640548931861386 5.3137230621534073 0.043295788487582997 0.058734621553657725 0.45370993321701097 1.0565992332289873 0.050810765343194404 0.063654750775162736 0.91447043229520031
decision_type=10 10 2 10 10 10 10 2 10 8 10 10 10 8 10
left_child=1 5 10 8 -5 6 -1 -7 -3 14 12 -12 -2 -11 -4
right_child=2 3 9 4 -6 7 -8 -9 -10 13 11 -13 -14 -15 -16
leaf_value=-5.8946932087061286e-06 -0.00023605095046005608 -1.3224804460320228e-05 0.00014791812980368403 0.00036264633020987816 0.0030138076611738425 -1.3192573791711468e-05 0.00010612560963569019 -0.0001860914882227004 0.00042913063165089528 0.0010707074538555601 0.0010114537301369091 -2.9593605642087467e-06 3.0563366821362001e-05 -0.00053129172293054337 -0.00014714395919238077
leaf_weight=2105.6679410268553 507.40171689912677 65.363869559485465 70.617598563432693 10.79189795535058 12.119731222279368 2030.8114131297916 780.04537411732599 574.46040915278718 154.47071070224047 57.959222547709942 306.84750761836767 632.12924323743209 268.4344600411132 57.076393654104322 854.60775889456272
leaf_count=12354 1819 308 428 80 78 10647 4624 2556 640 414 1594 2772 1448 366 2541
internal_value=-0.00013257 0 -0.000404402 0.00194449 0.00712911 -8.81547e-05 0.000195482 -0.000409925 0.00129825 -0.00103128 -1.23339e-05 0.000376656 -0.000508652 0.000451972 -0.00123731
internal_weight=8488.81 5733.73 2755.07 242.746 22.9116 5490.99 2885.71 2605.27 219.835 1040.26 1714.81 938.977 775.836 115.036 925.225
internal_count=42669 31287 11382 1106 158 30181 16978 13203 948 3749 7633 4366 3267 780 2969
is_linear=0
shrinkage=0.0224352


Tree=286
num_leaves=16
num_cat=0
split_feature=15 14 38 5 5 14 18 5 5 23 21 39 24 5 17
split_gain=0.672991 0.685028 0.870474 0.644341 0.596321 0.502433 0.483875 0.758303 0.422961 0.747044 0.416876 0.389741 0.391413 0.290932 0.246148
threshold=1.208399790577986 2.3580643415906697 1.5000000000000002 0.15741564688303769 0.091741609328839763 1.0877210986838224 -0.024392123762464631 -0.020637261772833451 -0.029573762780931084 0.026703276623141151 0.020178283699964477 1.5000000000000002 11.500000000000002 0.15900104680124169 0.58089700868941507
decision_type=8 10 2 8 10 10 10 8 8 10 10 2 2 8 10
left_child=5 2 3 -2 -4 8 7 -7 9 -1 -10 14 -13 -8 -3
right_child=1 11 4 -5 -6 6 13 -9 10 -11 -12 12 -14 -15 -16
leaf_value=-2.314736820551451e-05 -0.00024991116251527165 5.5500949673277118e-05 1.873437432314698e-05 -1.3033628783771288e-06 -2.6213171746399601e-06 0.00048124134654502188 -0.0001344199362848241 -7.5365110386205425e-06 -0.00034464178599697342 0.0014398795117392066 4.3260299925563337e-05 -5.1992800397708994e-05 1.4279539443995075e-05 -4.8653095272641803e-05 -0.00023904142922816652
leaf_weight=12.512437051162125 191.54208202776499 32.919418895617127 1941.0410762354732 296.97155333985575 2487.2284887963906 21.802085566334426 786.49141923990101 457.72975329030305 86.329037245362997 16.104999732226133 263.3882255256176 720.55437870882452 279.28230014629662 541.54139164136723 353.36660087946802
leaf_count=62 836 201 10744 1142 11564 86 3106 1998 540 72 1418 5718 405 2787 1990
internal_value=-0.000161699 -4.06004e-05 8.01417e-05 -0.000810717 0.00018299 -0.000501695 -0.000660045 -6.35148e-06 0.000202269 0.00279948 0 -0.00048309 -0.000223658 -0.000881031 -0.001102
internal_weight=8488.81 6302.91 4916.78 488.514 4428.27 2185.9 1807.56 479.532 378.335 28.6174 349.717 1386.12 999.837 1328.03 386.286
internal_count=42669 32600 24286 1978 22308 10069 7977 2084 2092 134 1958 8314 6123 5893 2191
is_linear=0
shrinkage=0.0224352


Tree=287
num_leaves=15
num_cat=0
split_feature=26 26 38 19 17 26 26 26 28 11 28 19 6 17
split_gain=0.633181 1.03131 1.23939 0.651632 0.883042 1.23334 0.702175 0.684719 0.632092 0.941628 0.843193 0.167505 0.164745 0.1102
threshold=0.21633451381071006 0.22176261795040594 3.5000000000000004 0.042000190319682183 0.90462184714778904 0.15355709026223138 0.12414416411051311 0.20180176639254527 -0.050100000000000013 0.57059362935415148 -0.041049999999999996 0.056924735927799043 2.8327358337785205 0.60766493472737915
decision_type=8 8 2 8 10 10 10 10 8 10 8 10 10 8
left_child=3 2 -2 4 12 -6 13 -8 9 -3 -10 -4 -1 -5
right_child=1 8 11 6 5 -7 7 -9 10 -11 -12 -13 -14 -15
leaf_value=-0.0002218864273694858 0.00041551497069349257 -0.00027660654781008932 -0.00037382175656520142 0.0017525698156731829 0.00014606226835514371 -0.0001989641538837304 0.00010526123280172707 -0.00051252143303584519 0.00012515058187986952 0.00028077808709247416 -4.7887031615377621e-06 1.0235231830784763e-05 2.9563046850770403e-05 -0.0010602988860511347
leaf_weight=318.54048967640847 31.726246137171984 370.54441795125604 24.020320323295891 10.92211338598281 138.25644733197987 185.50489584961906 208.91886564576998 87.075698513537645 121.38998154830188 133.72230032086372 6756.8617991851643 8.159221488516776 11.875375263392923 81.287075700704008
leaf_count=1598 100 1968 158 60 686 686 1430 364 602 676 33545 56 32 708
internal_value=-0.000179629 -0.000103967 0.0027081 -0.000700759 -0.00113279 -0.000228377 0 0.00056044 -0.000131191 -0.00090097 -7.1803e-05 0 -0.00195718 -0.00167539
internal_weight=8488.81 7446.42 63.9058 1042.38 654.177 323.761 388.204 295.995 7382.52 504.267 6878.25 32.1795 330.416 92.2092
internal_count=42669 37105 314 5564 3002 1372 2562 1794 36791 2644 34147 214 1630 768
is_linear=0
shrinkage=0.0224352


Tree=288
num_leaves=15
num_cat=0
split_feature=10 9 9 7 10 20 20 7 17 12 26 30 27 21
split_gain=0.715691 0.760176 0.881257 1.41494 0.712428 1.49604 2.01844 1.07613 1.00342 0.675048 0.551105 1.12694 0.539851 0.394183
threshold=0.38879460692126433 0.35769444341860462 0.37763376619736339 0.43261043051439035 0.31795066933561789 0.10476822663878672 0.097930028457493642 0.43796149936136936 1.1854727928741935 0.077091854973912924 0.64518184504318765 16.745000000000001 0.20288280632943329 0.083049053895311073
decision_type=10 10 10 10 8 10 10 10 10 10 10 10 10 10
left_child=4 10 3 -3 7 6 -6 8 -1 -4 13 -12 -7 -2
right_child=1 2 9 -5 5 12 -8 -9 -10 -11 11 -13 -14 -15
leaf_value=-2.222314695357447e-06 -0.00020901208649726376 0.0017715895091964026 -0.00015703427633373117 -0.00049108780626425899 3.0965021009669894e-05 -0.00084217334044529618 0.0019347265686395099 0.0023792191989411514 -0.00016829567582785727 -1.5300332574134823e-06 0.0020680573461845141 -0.00019536497785569524 0.00010318959527057676 0.00051011138629670973
leaf_weight=3857.2784140896983 586.05756965233013 107.93069477193058 373.54207064211369 80.351653875783086 1103.5466236509383 144.68850521882996 31.066729829646647 31.580085034482181 860.07454606611282 1006.1362245958298 27.692726166453212 163.25361535325646 68.891323585994542 46.714465788565576
leaf_count=20843 2369 444 1464 310 6412 646 98 90 4212 4025 278 868 404 206
internal_value=-0.000162689 -0.000492133 -0.000186531 0.001226 -3.017e-05 0.000420825 0.000756173 -0.000162421 -0.000194276 -0.000394088 -0.00104925 0 -0.00126533 -0.0013678
internal_weight=8488.81 2391.68 1567.96 188.282 6097.13 1348.19 1134.61 4748.93 4717.35 1379.68 823.718 190.946 213.58 632.772
internal_count=42669 9964 6243 754 32705 7560 6510 25145 25055 5489 3721 1146 1050 2575
is_linear=0
shrinkage=0.0224352


Tree=289
num_leaves=13
num_cat=0
split_feature=12 17 5 31 9 5 5 31 30 31 21 18
split_gain=0.576336 1.10719 1.12377 1.43398 0.824205 0.703143 1.14926 0.940079 0.609967 0.481919 0.305211 0.123163
threshold=0.090809530366409222 1.0480781063996916 0.11908177580261481 3.4400000000000017 0.64922641354187594 0.091741609328839763 0.080294998172984453 7.7400000000000011 33.130000000000003 2.6650000000000014 0.016643841039660462 -0.037078193794609186
decision_type=10 10 10 10 10 10 10 10 10 8 8 10
left_child=4 2 9 -4 5 6 -1 -7 10 -2 -3 -10
right_child=1 8 3 -5 -6 7 -8 -9 11 -11 -12 -13
leaf_value=5.1538896798218369e-07 -0.00013269571724928801 9.8377646780665667e-06 0.00056108886442133318 -0.00017716580809541471 0.002265713511021544 -2.0928763624483464e-05 5.8061090469821107e-05 0.00010042219267122244 -0.00017791463798946266 -1.9212344070498853e-05 -0.00055757059421411852 0.00018155676198829387
leaf_weight=3249.2341099171899 325.78701774310321 48.241769740357995 236.57886179210618 209.76548651233315 20.548266446217895 3183.8575496305712 223.2602697154507 69.289620190858841 64.1203653216362 391.35656176507473 439.25642473762855 27.508944809436798
leaf_count=18515 1108 160 880 1170 98 15385 1009 224 468 2012 1440 200
internal_value=-0.000150777 -0.000515805 -9.80666e-05 0.000764815 -5.35085e-05 -7.02923e-05 0.00014788 -0.000309269 -0.00131992 -0.000662974 -0.00164098 0.000172186
internal_weight=8488.81 1742.62 1163.49 446.344 6746.19 6725.64 3472.49 3253.15 579.128 717.144 487.498 91.6293
internal_count=42669 7438 5170 2050 35231 35133 19524 15609 2268 3120 1600 668
is_linear=0
shrinkage=0.0224352


Tree=290
num_leaves=13
num_cat=0
split_feature=12 9 17 16 21 18 35 9 19 28 33 30
split_gain=0.682273 0.828035 0.824752 0.845719 0.830699 0.93807 0.639249 0.678141 0.477204 0.379511 0.348522 0.332482
threshold=0.090809530366409222 0.64922641354187594 1.0480781063996916 1.5138368902064634 0.043600672636797524 0.11451597502589585 2.9778228206207955 0.16405463177806134 0.02702201678390519 0.040249999999999987 -0.035429198973742186 16.645000000000003
decision_type=10 10 10 10 8 10 2 8 8 10 8 10
left_child=1 6 4 10 11 -6 8 -8 -1 -5 -4 -2
right_child=2 -3 3 9 5 -7 7 -9 -10 -11 -12 -13
leaf_value=4.0106917183149577e-05 6.6746962125323897e-05 0.0022148816844305488 -3.603089532315709e-05 -0.00060996084060684877 3.724565453697739e-06 0.0036444794371181398 -0.00010650587749652885 5.8656922015361977e-07 -0.00021177048861162424 2.5794464920083579e-05 -0.00057348423566060017 -0.00023390074590326959
leaf_weight=106.93843669025227 99.826585735194385 20.548266446217895 51.922242398373783 57.746137293055654 607.54911584267393 31.65637528989464 300.36823117639869 5691.7761169336736 626.55876465374604 82.724740747828037 386.73438416980207 424.45585094485432
leaf_count=836 430 98 404 374 2534 156 2724 27866 3707 500 990 2050
internal_value=-0.000167578 -6.20148e-05 -0.000564703 -0.00126297 -0.000199655 0.000320712 -7.88247e-05 0 -0.000703766 0.000124133 -0.00175203 -0.000871637
internal_weight=8488.81 6746.19 1742.62 579.128 1163.49 639.205 6725.64 5992.14 733.497 140.471 438.657 524.282
internal_count=42669 35231 7438 2268 5170 2690 35133 30590 4543 874 1394 2480
is_linear=0
shrinkage=0.0224352


Tree=291
num_leaves=15
num_cat=0
split_feature=15 6 16 10 34 27 7 7 37 21 18 38 25 34
split_gain=0.744803 0.654628 0.677103 0.84587 0.690953 0.471568 0.305703 0.830002 1.46888 0.423567 0.307071 0.25849 0.170704 0.0858429
threshold=1.208399790577986 2.0149602529936295 1.0646814850675808 0.61141827358172773 -0.00088008155206426009 0.7827296814649356 0.20660333151039448 0.24422897515620759 1.0000000180025095e-35 0.027305600658936387 0.051216279990311538 10.500000000000002 0.21199828791333178 -0.04713236681205734
decision_type=8 8 8 10 10 8 10 10 2 8 10 2 8 8
left_child=6 5 4 -4 -3 11 10 8 -8 -9 12 -2 -1 -12
right_child=1 2 3 -5 -6 -7 7 9 -10 -11 13 -13 -14 -15
leaf_value=1.671030889634184e-06 -0.00031578154540087063 2.6396209652465916e-05 -3.5144779191466226e-05 0.00046673592986869715 -2.0458811681499211e-05 6.5505900806764268e-05 0.00020750260690363198 -1.8054459832679254e-06 -0.00012715795217648989 -8.9003862794294751e-05 -7.25645140569739e-05 -9.623887373287085e-06 -0.00018262127735612927 3.376380931978199e-05
leaf_weight=18.942875401116908 221.23619711957872 2995.5628858748823 1674.1314953137189 173.15175597695634 1143.1944524161518 9.3746762024238688 114.31894486676902 535.56583909038454 109.08418760448694 1201.569042660296 6.0245810579508543 86.254436125978827 195.2391825732775 5.1546960379928333
leaf_count=124 972 18376 9375 694 2699 56 554 2394 596 4843 70 428 1444 44
internal_value=-0.000157869 -3.07333e-05 1.8656e-05 -0.000334699 0.000181195 -0.00102487 -0.000515275 -0.000410249 0.000839789 -0.000582651 -0.0013379 -0.00122645 -0.00157828 0.00143385
internal_weight=8488.81 6302.91 5986.04 1847.28 4138.76 316.865 2185.9 1960.54 223.403 1737.13 225.361 307.491 214.182 11.1793
internal_count=42669 32600 31144 10069 21075 1456 10069 8387 1150 7237 1682 1400 1568 114
is_linear=0
shrinkage=0.0224352


Tree=292
num_leaves=13
num_cat=0
split_feature=18 26 33 25 18 33 7 28 5 28 26 23
split_gain=0.49837 0.474151 1.05121 1.03007 0.71748 0.62273 0.905306 0.645887 0.332865 0.194605 0.141457 0.00163794
threshold=-0.10263974004466252 0.37437219531041038 0.057022789797795743 0.39611038039275615 -0.022049543800968959 0.0083304902140927135 0.15700276377967137 -0.017250000000000067 0.21673570989217431 0.09279999999999998 0.98149545691813633 0.041658330287614766
decision_type=8 10 10 8 10 8 10 8 10 8 10 8
left_child=8 5 4 -4 -3 6 -2 -7 10 -10 -1 -12
right_child=1 2 3 -5 -6 7 -8 -9 9 -11 11 -13
leaf_value=-0.00045426872274096535 2.3079736192441505e-05 9.7692003740114666e-06 0.00087716393977343619 0.00010073868864048017 -2.6012200271713612e-05 -5.1328513581792885e-05 -0.00030359635176153505 -3.1202937501002959e-06 0.00016952947835711775 -0.00074539635856904517 0.00032059067361129575 -0.00083651401408986979
leaf_weight=150.51184388855472 9.5063159838318807 944.08446913957596 163.33871054742485 841.43304176907986 2457.1935272989795 706.88521597231738 303.40250053536147 2877.4846621679608 10.210213975049554 11.188678655307742 6.9159266687929604 6.6501417197287092
leaf_count=554 76 4949 1310 6620 11044 3750 1658 12454 60 80 56 58
internal_value=-0.000160018 -0.000131619 2.36659e-05 0.000664943 -0.000160006 -0.000312253 -0.00128481 -0.000221631 -0.00132058 0.000718734 -0.00170871 0
internal_weight=8488.81 8303.33 4406.05 1004.77 3401.28 3897.28 312.909 3584.37 185.477 21.3989 164.078 13.5661
internal_count=42669 41861 23923 7930 15993 17938 1734 16204 808 140 668 114
is_linear=0
shrinkage=0.0224352


Tree=293
num_leaves=16
num_cat=0
split_feature=15 22 6 10 10 7 7 22 1 15 24 35 28 28 34
split_gain=0.495075 0.66135 0.656665 0.57187 0.426486 0.401452 1.40567 0.925294 0.323852 0.468327 0.304776 0.292335 0.153587 0.133714 0.0948636
threshold=1.208399790577986 0.14168625549760758 2.0149602529936295 0.60263756134947732 0.33262199566565026 0.21606127220155244 0.24548601210067958 0.04462298303472978 0.038067345783814384 1.1608739707072513 9.5000000000000018 4.8358055526220429 0.031200000000000037 0.027700000000000034 -0.0092787293114214835
decision_type=8 10 8 10 8 10 10 10 2 8 2 2 8 10 10
left_child=5 2 4 -4 -2 8 7 -7 9 -1 12 -8 -3 -10 -12
right_child=1 10 3 -5 -6 6 11 -9 13 -11 14 -13 -14 -15 -16
leaf_value=-2.0348307269405218e-05 -0.00025584923496484836 -0.00012779017580492424 -3.2110975207377609e-07 0.00054346584300417127 5.5847359723518011e-05 3.9941287329249643e-05 -2.1878433569483274e-05 0.00027816713012756092 -8.53921009885455e-05 5.9414544763956734e-05 -0.00051437847408466564 -8.5855472238140381e-05 0.0018082377682647661 -0.00012423512845084864 -0.0001010375219738868
leaf_weight=32.52763394266367 230.26505623850971 29.717042208649218 5541.2946096947417 176.12325446866453 75.904910205863416 102.39451911021024 1083.2127191340551 57.560897071845829 229.14389392128214 5.5278171710669985 119.24724799394608 644.74708884488791 25.061424946878105 30.784780096262693 105.29235327243805
leaf_count=341 1054 572 28980 805 343 498 4993 328 1477 58 238 2204 426 170 182
internal_value=-0.000173125 -6.8496e-05 -1.56123e-05 3.52806e-05 -0.00102921 -0.000465641 -0.000330197 0.00164899 -0.0012551 0.000275858 -0.00113577 -0.000525351 4.53227e-05 -0.00155564 -0.00151163
internal_weight=8488.81 6302.91 6023.59 5717.42 306.17 2185.9 1887.92 159.955 297.984 38.0555 279.318 1727.96 54.7785 259.929 224.54
internal_count=42669 32600 31182 29785 1397 10069 8023 826 2046 399 1418 7197 998 1647 420
is_linear=0
shrinkage=0.0224352


Tree=294
num_leaves=15
num_cat=0
split_feature=15 14 13 1 17 39 17 14 26 26 27 14 10 38
split_gain=0.619326 0.583077 0.814531 1.04325 0.496433 0.443949 0.527261 0.313141 0.305849 0.960488 0.742185 0.66213 0.388315 0.372895
threshold=1.208399790577986 1.9769234373330586 1.3593049597653044 0.023442887931034485 1.0234640038851921 1.5000000000000002 0.70631046021203192 2.0484650626296941 0.36425865411713265 0.36666127466839216 0.066809434095150902 0.99137553081479757 0.6707547517055652 6.5000000000000009
decision_type=8 8 10 2 10 2 8 10 8 8 10 10 10 2
left_child=8 2 4 -4 -2 7 -7 -3 10 -10 13 -11 -12 -1
right_child=1 5 3 -5 -6 6 -8 -9 9 11 12 -13 -14 -15
leaf_value=0.002080472847969713 -5.0858987305090439e-05 1.0671776489952886e-06 0.00048258772777913305 7.5950029401341042e-06 4.1900748004712417e-06 -0.00023514173676329254 1.0692802322480313e-06 -0.00018729899826127328 0.0010365288165364152 0.00060175228217406969 -7.4218992995616479e-05 -6.3952517754099536e-05 0.00018504710860217156 0.00026901514867554296
leaf_weight=7.1759014427661887 509.02675819396973 105.59088974795304 40.289576753042638 3444.6506049660966 266.66683502215892 264.60385321918875 1204.1974650050979 467.8799161221832 19.653068015351892 76.985544337891042 760.22417870396748 1289.4426905703731 23.98903216002509 8.4289340618997795
leaf_count=18 2034 780 286 16268 908 1679 8052 2593 58 471 2726 6540 128 128
internal_value=-0.000164852 -4.84724e-05 9.72676e-05 0.000247582 -0.000552158 -0.000362193 -0.000139186 -0.000898098 -0.000491243 -0.000268104 -0.000852683 -0.000353243 -0.000970296 0.00366502
internal_weight=8488.81 6302.91 4260.63 3484.94 775.694 2042.27 1468.8 573.471 2185.9 1386.08 799.818 1366.43 784.213 15.6048
internal_count=42669 32600 19496 16554 2942 13104 9731 3373 10069 7069 3000 7011 2854 146
is_linear=0
shrinkage=0.0224352


Tree=295
num_leaves=15
num_cat=0
split_feature=12 17 27 12 18 12 17 8 27 38 32 23 8 17
split_gain=0.490891 0.916482 0.958575 0.77174 3.64468 2.92746 1.32063 0.792983 0.622849 0.566203 0.935146 0.481549 0.452986 0.178791
threshold=0.090809530366409222 1.0480781063996916 0.95466580026328784 0.072987291706571089 -0.016837594463338042 0.073820521172529519 1.1539471867681921 0.41436072193905804 0.27322927238528266 1.5000000000000002 0.58905013192612155 0.13920154330197401 0.3790599538317731 1.5551803666221902
decision_type=10 10 10 10 10 10 10 10 10 2 10 10 10 10
left_child=3 9 13 7 5 -5 -6 8 -1 -2 -11 -9 -4 -3
right_child=1 2 12 4 6 -7 -8 11 -10 10 -12 -13 -14 -15
leaf_value=1.6462816924875633e-06 -0.00080689623491652588 -0.00054925678564148148 0.00055058847519256929 0.0023550626834347959 -0.00039777987693980654 0.00016855521460717744 2.2686616706945168e-05 -4.7765628669609569e-05 -3.3124699348420791e-05 0.00021729179959219729 -4.8173814063117454e-05 2.1811537461210515e-05 -7.8279986249927104e-05 -3.587084670951368e-05
leaf_weight=3844.3516959105618 88.216442126780748 372.33787121158093 19.564414265565574 20.54699572827667 416.59885540511459 255.68851199420169 157.18064870592207 234.09891414921731 1799.5517138000578 246.92084717191756 828.35063851391897 18.172480206936598 77.813665485009551 109.41155364690349
leaf_count=19906 252 1274 126 54 1506 1032 414 659 11578 1092 3826 82 492 376
internal_value=-0.000154411 -0.000491804 -0.00122434 -6.42813e-05 0.000562423 0.00268727 -0.000427467 -0.000158041 -9.91726e-05 -0.000109723 1.41693e-05 -0.00139352 0.00066208 -0.00164716
internal_weight=8488.81 1742.62 579.128 6746.19 850.015 276.236 573.78 5896.17 5643.9 1163.49 1075.27 252.271 97.3781 481.749
internal_count=42669 7438 2268 35231 3006 1086 1920 32225 31484 5170 4918 741 618 1650
is_linear=0
shrinkage=0.0224352


Tree=296
num_leaves=16
num_cat=0
split_feature=16 27 27 31 20 16 22 22 9 22 9 18 28 31 7
split_gain=0.6058 0.829566 1.23616 2.3478 0.817536 1.71546 0.774941 0.744285 1.25064 1.12745 0.536235 0.421135 0.42655 0.280831 0.184357
threshold=1.1680942037514725 0.35631080389144915 0.43935218669672987 3.3049999999999993 0.17046749735097189 1.2488916439752618 0.13330149834667446 0.043134923335309897 0.27739872164858642 0.048096345867765157 0.26758020817707168 -0.059344288479245381 0.028700000000000035 -1.7849999999999999 0.37944571355243006
decision_type=10 10 10 8 10 8 10 8 10 10 10 8 10 10 8
left_child=6 4 3 -3 13 -6 7 8 -1 -9 -4 12 -8 -2 -13
right_child=1 2 10 -5 5 -7 11 9 -10 -11 -12 14 -14 -15 -16
leaf_value=-6.3889577984522408e-07 0.00073661631069946035 0.00044556579588506302 -0.00025354437676336776 -1.7504589400265218e-05 -0.0023618121736927347 0.0015804180077183393 -3.4919669495715454e-05 2.8624198672554915e-05 -0.00029271699770109095 1.0968201462797505e-06 -1.177383049841777e-05 -9.8978051349936822e-05 0.00033237376160259047 -0.00019145889929764344 -0.000230784258779258
leaf_weight=1751.5770404972136 22.087182698771358 93.580286865122616 190.88637034734711 86.57034767838195 13.397776998579504 7.6083684908226124 26.3662284091115 485.80053421482444 546.46800894569606 3614.5620715180412 693.54719423502684 115.61952420603484 14.677911859005688 634.58388129901141 191.47252005897462
leaf_count=9620 1040 282 1180 406 40 124 127 3566 2629 16753 3424 710 80 1972 716
internal_value=-0.000173584 -0.000548298 -0.00013618 0.0015285 -0.0011658 0.00285911 -7.38355e-05 -1.45552e-05 -0.000340559 0.000163328 -0.000498422 -0.00110469 0.000724942 -0.00132697 -0.00141465
internal_weight=8488.81 1742.26 1064.58 180.151 677.677 21.0061 6746.54 6398.41 2298.05 4100.36 884.434 348.136 41.0441 656.671 307.092
internal_count=42669 8468 5292 688 3176 164 34201 32568 12249 20319 4604 1633 207 3012 1426
is_linear=0
shrinkage=0.0224352


Tree=297
num_leaves=10
num_cat=0
split_feature=12 9 38 5 12 38 5 26 5
split_gain=0.64816 0.879922 0.722844 0.659997 0.922076 0.646482 0.483661 0.52014 0.440646
threshold=0.087862549789886127 0.64922641354187594 1.5000000000000002 0.091741609328839763 0.072987291706571089 1.5000000000000002 0.11908177580261481 0.31667564441069207 -0.013601291874142541
decision_type=10 10 2 10 10 2 8 8 10
left_child=1 3 -2 4 -1 -5 8 -8 -4
right_child=2 -3 6 5 -6 -7 7 -9 -10
leaf_value=1.0821662465609426e-06 -0.00063225097712470298 0.0021387660407827555 0.00046900846700931894 -0.00038182462759083163 0.00010243633986243512 -8.8246254724180339e-06 0.00017599593117666439 -1.3302637388797001e-05 -0.00023445660508291806
leaf_weight=3068.5354815642349 155.63359921425581 19.747754683718085 82.255470282398164 215.50145920505747 349.9419829370454 2972.2332971422002 108.46436819341034 1062.2711679693311 454.22066713031381
leaf_count=17932 454 90 394 800 1368 14565 498 4986 1582
internal_value=-0.000141019 -3.38349e-05 -0.00051148 -5.11287e-05 0.000161715 -0.000285601 -0.000363405 -8.86577e-05 -0.000925299
internal_weight=8488.81 6625.96 1862.85 6606.21 3418.48 3187.73 1707.21 1170.74 536.476
internal_count=42669 34755 7914 34665 19300 15365 7460 5484 1976
is_linear=0
shrinkage=0.0224352


Tree=298
num_leaves=16
num_cat=0
split_feature=16 10 24 18 27 23 21 27 35 16 7 21 30 18 17
split_gain=0.741359 0.746251 0.855466 0.704824 0.663741 1.40679 1.85225 0.876717 1.31178 0.601835 0.592782 0.572641 0.512216 0.345659 0.203426
threshold=1.1680942037514725 0.45795252541917703 10.500000000000002 -0.037780341096519558 0.35631080389144915 0.16675067204301078 0.078676685083338069 0.43935218669672987 4.5722853573173401 1.1167084718867868 0.13446078302360676 0.12854576414778277 18.590000000000003 0.027222463453466465 0.6914527630593269
decision_type=10 10 2 10 10 10 8 10 2 10 8 8 10 10 10
left_child=1 10 3 -3 5 14 -7 8 -6 -4 13 -12 -9 -1 -2
right_child=4 2 9 -5 7 6 -8 12 -10 -11 11 -13 -14 -15 -16
leaf_value=-0.00018292151862063898 -3.8031657910533829e-06 0.0017905724476391344 -0.00022530811066132807 -6.0799200613120508e-05 0.00052248552396446605 0.0015452593981389851 -0.0023085259026689258 -9.4373716142442899e-05 -5.1861045907246859e-06 2.0748514015895276e-05 2.7692943141562634e-06 -0.00026489570150571286 -2.7315284311981149e-05 0.00013916477537173828 -0.0001871877515844228
leaf_weight=128.21704473439604 58.764909154735506 75.34205739479512 352.84650033712387 205.07904242258519 105.85630117030814 5.9197940155863735 7.3587741451337942 286.31437226617709 74.294333373196423 94.378081440925598 5709.2584600108676 174.24743510829285 598.11919231619686 7.1752182599157086 605.63373217172921
leaf_count=934 368 592 596 1519 448 16 126 1310 240 154 27514 2782 3294 110 2666
internal_value=-0.000150692 -4.0944e-05 -0.000720721 0.000189835 -0.000564126 -0.00111922 0.00571565 -0.000191738 0.00120098 -0.0013356 3.79911e-05 7.50357e-05 -0.000498422 -0.00141965 -0.00129011
internal_weight=8488.81 6746.54 727.646 280.421 1742.26 677.677 13.2786 1064.58 180.151 447.225 6018.9 5883.51 884.434 135.392 664.399
internal_count=42669 34201 2861 2111 8468 3176 142 5292 688 750 31340 30296 4604 1044 3034
is_linear=0
shrinkage=0.0224352


Tree=299
num_leaves=14
num_cat=0
split_feature=19 18 19 18 16 17 10 12 16 3 24 35 24
split_gain=0.742527 0.577835 0.557048 1.46061 0.502894 0.33991 0.943759 0.711123 0.234377 0.158505 0.161374 0.141887 0.0618812
threshold=0.15837493009512063 -0.10263974004466252 0.14398483484253743 -0.06500701790093015 1.1783813604185878 0.75052261460526237 0.60263756134947732 0.045542035214781271 1.5589376081881878 58.500000000000007 7.5000000000000009 4.254406306128975 8.5000000000000018
decision_type=10 8 10 8 10 8 10 10 10 2 2 2 2
left_child=1 8 4 -4 -3 6 7 -2 12 10 -7 -10 -1
right_child=5 2 3 -5 -6 9 -8 -9 11 -11 -12 -13 -14
leaf_value=-0.00012732460874844974 0.0020644647872216774 -1.5071184534327152e-08 0.001651010361554542 0.0003509584847637321 -3.2516766810494914e-05 9.5285170938508069e-06 0.0043711392078850482 -0.0011295661469816636 -0.00057670681565917753 9.3049418145477997e-05 -0.00021845268493718087 0.00017223757400913368 -0.00046109147975505497
leaf_weight=16.727190534584224 14.907917227596043 6381.5184246860445 18.705797905102372 103.46820149756968 1463.6572960866615 18.755434717983007 12.61626724200323 78.290464096236974 28.71930184867233 13.968036870937793 212.1999905705452 12.784136079717426 112.48678895831108
leaf_count=256 80 32610 70 530 7202 473 70 299 162 67 522 82 246
internal_value=-0.000137775 -9.15209e-05 -6.11901e-05 0.00142966 -8.70343e-05 -0.00115269 0 -0.000875218 -0.00138648 -0.001612 -0.00176068 0 -0.00185649
internal_weight=8488.81 8138.07 7967.35 122.174 7845.18 350.738 105.815 93.1984 170.717 244.923 230.955 41.5034 129.214
internal_count=42669 41158 40412 600 39812 1511 449 379 746 1062 995 244 502
is_linear=0
shrinkage=0.0224352


end of trees

feature_importances:
iv_rank=269
tlt_spy_ratio_30d=226
log_spot=219
iv_crush_pct=213
iv_mom_week=194
hist_move_avg_8q=188
parkinson_rv_60d=187
rv_term_ratio=173
drift_5d=172
volume_ratio_20d=165
hist_move_std_4q=160
hv_rank=151
spy_drift_60d=143
cc_rv_10d=135
vix_current=130
hist_move_med_4q=121
hist_move_med_8q=119
cc_rv_20d=114
hist_move_avg_4q=114
vol_of_vol_20d=100
parkinson_rv_20d=94
hist_event_count=90
vix_change_30d=88
vix_pct_252d=83
parkinson_rv_10d=76
earnings_month=65
iv_cc_rv_ratio_20d=59
iv_rv_ratio_60d=38
iv_rv_ratio_20d=36
em_iv_pct=34
straddle_pct=33
hist_straddle_accuracy=32
atm_iv=29
event_move_implied=27
earnings_dow=19
dte=15
timing_bmo=14
event_vol_fraction=8
timing_amc=3

parameters:
[boosting: gbdt]
[objective: quantile]
[metric: quantile]
[tree_learner: serial]
[device_type: cpu]
[data_sample_strategy: bagging]
[data: ]
[valid: ]
[num_iterations: 1500]
[learning_rate: 0.0224352]
[num_leaves: 31]
[num_threads: 8]
[seed: 42]
[deterministic: 0]
[force_col_wise: 0]
[force_row_wise: 0]
[histogram_pool_size: -1]
[max_depth: 4]
[min_data_in_leaf: 53]
[min_sum_hessian_in_leaf: 0.001]
[bagging_fraction: 0.699349]
[pos_bagging_fraction: 1]
[neg_bagging_fraction: 1]
[bagging_freq: 0]
[bagging_seed: 400]
[bagging_by_query: 0]
[feature_fraction: 0.506145]
[feature_fraction_bynode: 1]
[feature_fraction_seed: 30056]
[extra_trees: 0]
[extra_seed: 12879]
[early_stopping_round: 0]
[early_stopping_min_delta: 0]
[first_metric_only: 0]
[max_delta_step: 0]
[lambda_l1: 0.885751]
[lambda_l2: 0.525249]
[linear_lambda: 0]
[min_gain_to_split: 0]
[drop_rate: 0.1]
[max_drop: 50]
[skip_drop: 0.5]
[xgboost_dart_mode: 0]
[uniform_drop: 0]
[drop_seed: 17869]
[top_rate: 0.2]
[other_rate: 0.1]
[min_data_per_group: 100]
[max_cat_threshold: 32]
[cat_l2: 10]
[cat_smooth: 10]
[max_cat_to_onehot: 4]
[top_k: 20]
[monotone_constraints: ]
[monotone_constraints_method: basic]
[monotone_penalty: 0]
[feature_contri: ]
[forcedsplits_filename: ]
[refit_decay_rate: 0.9]
[cegb_tradeoff: 1]
[cegb_penalty_split: 0]
[cegb_penalty_feature_lazy: ]
[cegb_penalty_feature_coupled: ]
[path_smooth: 0]
[interaction_constraints: ]
[verbosity: -1]
[saved_feature_importance_type: 0]
[use_quantized_grad: 0]
[num_grad_quant_bins: 4]
[quant_train_renew_leaf: 0]
[stochastic_rounding: 1]
[linear_tree: 0]
[max_bin: 255]
[max_bin_by_feature: ]
[min_data_in_bin: 3]
[bin_construct_sample_cnt: 200000]
[data_random_seed: 175]
[is_enable_sparse: 1]
[enable_bundle: 1]
[use_missing: 1]
[zero_as_missing: 0]
[feature_pre_filter: 1]
[pre_partition: 0]
[two_round: 0]
[header: 0]
[label_column: ]
[weight_column: ]
[group_column: ]
[ignore_column: ]
[categorical_feature: ]
[forcedbins_filename: ]
[precise_float_parser: 0]
[parser_config_file: ]
[objective_seed: 16083]
[num_class: 1]
[is_unbalance: 0]
[scale_pos_weight: 1]
[sigmoid: 1]
[boost_from_average: 1]
[reg_sqrt: 0]
[alpha: 0.9]
[fair_c: 1]
[poisson_max_delta_step: 0.7]
[tweedie_variance_power: 1.5]
[lambdarank_truncation_level: 30]
[lambdarank_norm: 1]
[label_gain: ]
[lambdarank_position_bias_regularization: 0]
[eval_at: ]
[multi_error_top_k: 1]
[auc_mu_weights: ]
[num_machines: 1]
[local_listen_port: 12400]
[time_out: 120]
[machine_list_filename: ]
[machines: ]
[gpu_platform_id: -1]
[gpu_device_id: -1]
[gpu_use_dp: 0]
[num_gpu: 1]

end of parameters

pandas_categorical:[]
