tree
version=v4
num_class=1
num_tree_per_iteration=1
label_index=0
max_feature_idx=39
objective=quantile
feature_names=atm_iv straddle_pct em_iv_pct dte event_move_implied iv_crush_pct event_vol_fraction parkinson_rv_10d parkinson_rv_20d parkinson_rv_60d cc_rv_10d cc_rv_20d vol_of_vol_20d iv_rv_ratio_20d iv_rv_ratio_60d iv_cc_rv_ratio_20d rv_term_ratio volume_ratio_20d drift_5d hist_move_avg_4q hist_move_med_4q hist_move_std_4q hist_move_avg_8q hist_move_med_8q hist_event_count hist_straddle_accuracy iv_rank hv_rank iv_mom_week iv_mom_month vix_current vix_change_30d vix_pct_252d spy_drift_60d tlt_spy_ratio_30d log_spot timing_bmo timing_amc earnings_month earnings_dow
feature_infos=[0.0349:9.9887999999999995] [0.002142857142857143:1.9899999999999998] [0.0087607827885693625:3.7702361841936023] [1:60] [0:1.3682117588748048] [-3.601225298263393:0.91922571794249763] [0.030682857932332525:172.5441022520871] [0.01100768767602958:1.2299689479416254] [0.013185115028810522:1.2512509780497678] [0.021395530271294882:1.5569838714897133] [0.0066688115957678137:6.9346349176839865] [0.0086635885252593844:13.881241535498537] [0.0025971256202974484:0.62885248650799563] [0.28976942733352218:172.73219542256885] [0.23421536150118449:116.02998128724636] [0.027465122555862767:169.49224493204125] [0.07502950413781323:2.4494897427831788] [0.22041958170760892:12.769423964951244] [-0.53894993894993892:0.42569269521410602] [0:0.5] [0:0.5] [0.00012383656413070314:0.74631856464742785] [0:0.5] [0:0.5] [0:19] [0.001230652719268777:41.510601492389036] [0:1] [-18.695652173912841:105.24999999999692] [-0.63660000000000005:0.86250000000000004] [-0.67420000000000013:0.87830000000000008] [12.15:52.329999999999998] [-23.429999999999996:24.469999999999999] [0.010554089709762533:1] [-0.15722837228372288:0.2501611343860779] [-0.2127845500662231:0.18641926279590715] [0.57661336430399379:8.5451740503306475] [0:1] [0:1] [1:12] [2:6]
tree_sizes=1860 1938 1931 1938 1932 1819 1931 1929 1928 1933 1929 1924 1922 1935 1931 1938 1918 1924 1923 1935 1914 1921 1931 1938 1930 1940 1933 1812 1934 1935 1930 1926 1811 1935 1925 1926 1928 1933 1929 1931 1934 1825 1938 1936 1912 1917 1911 1917 1924 1812 1920 1925 1928 1926 1933 1912 1925 1920 1906 1925 1911 1928 1930 1931 1930 1789 1932 1821 1934 1812 1930 1929 1821 1813 1943 1810 1922 1920 1813 1816 1936 1934 1931 1818 1715 1596 1917 1925 1803 1819 1812 1818 1689 1923 1817 1592 1806 1584 1600 1818 1801 1594 1598 1588 1701 1915 1588 1603 1817 1932 1595 1925 1806 1595 1928 1816 1597 1927 1591 1827 1599 1595 1928 1823 1593 1929 1595 1930 1595 1919 1820 1822 1154 1595 1163 1156 1154 1148 1601 1162 1154 1157 1134 1150 1144 1160 1824 1155 1137 1158 1145 1149 1158 1152 1141 1139 1141 1149 1130 1151 1149 1143 1151 1156 1047 1145 1147 1158 1030 1148 1143 1153 1042 1159 1147 1157 1151 1142 1149 1134 1126 1037 1150 1144 1124 1039 1150

Tree=0
num_leaves=16
num_cat=0
split_feature=19 8 1 17 23 19 28 8 18 30 27 28 18 28 16
split_gain=95.0494 22.6811 18.0377 9.8048 7.14683 6.03513 5.99251 4.46994 4.20081 4.11848 3.99761 3.49732 3.05077 2.53673 0.788362
threshold=0.048747094129625919 0.22954692505808816 0.12008064516129034 1.0089430099256345 0.024207792660236763 0.074209540652065781 -0.032749999999999967 0.15153369997334348 -0.036497287711928054 19.105000000000004 0.34661295338801862 -0.041649999999999958 0.051398069569419953 0.0017000000000000212 0.92476679366872505
decision_type=10 8 2 10 8 10 8 8 10 10 8 8 10 8 10
left_child=1 4 7 9 8 11 -5 14 -1 -3 -7 -4 -9 -6 -2
right_child=2 3 5 6 13 10 -8 12 -10 -11 -12 -13 -14 -15 -16
leaf_value=0.046124148486172835 0.045613474729310675 0.045983876397935497 0.045790311942683189 0.045912313733185953 0.045840356226882491 0.046626093339864602 0.046178878474513199 0.046158815843572232 0.045740983537421141 0.045843997537458256 0.04685332325552153 0.046340039240953347 0.046345142057002991 0.045951513753279417 0.04588134570225004
leaf_weight=31.496220713481307 28.284379919990897 502.90559307252988 52.368948298506439 80.890067830681801 256.6398956743069 732.07668574666604 617.84812722494826 1438.6819140953012 541.39951086463407 318.67182294372469 399.77135903155431 360.48766657756642 194.10913275554776 351.44939683936536 8.4189601675607246
leaf_count=234 198 3273 238 450 1876 3053 2516 7796 3017 1623 1530 1442 962 2300 320
internal_value=0.0460993 0.0441025 0.0477768 0.0452805 0.0425983 0.0489036 0.0465225 0.0467258 0.0414167 0.0442086 0.0494558 0.0473554 0.0468453 0.0437362 0.0418314
internal_weight=5915.5 2701.3 3214.2 1520.32 1180.99 1544.7 698.738 1669.49 572.896 821.577 1131.85 412.857 1632.79 608.089 36.7033
internal_count=30828 15289 15539 7862 7427 6263 2966 9276 3251 4896 4583 1680 8758 4176 518
is_linear=0
shrinkage=1


Tree=1
num_leaves=16
num_cat=0
split_feature=22 22 7 28 26 22 26 1 14 10 27 39 28 10 22
split_gain=99.1376 19.4433 14.7446 13.5292 8.70716 7.58618 7.54514 6.84761 5.57136 4.39306 3.16274 2.76119 2.52118 2.34849 1.62911
threshold=0.044770211317153509 0.099370393852819552 0.19294936929977455 -0.014399999999999981 0.35757682266353746 0.034755021655857789 0.37912662267949365 0.087268439108061771 1.4500661453601207 0.3440349337153506 0.028045822841289723 2.5000000000000004 0.0082999999999999897 0.24645211453362145 0.021634269550894102
decision_type=10 10 8 10 10 8 8 2 10 8 10 2 10 8 10
left_child=2 7 5 9 12 14 -5 13 -9 -4 -6 -7 -3 -2 -1
right_child=1 4 3 6 10 11 -8 8 -10 -11 -12 -13 -14 -15 -16
leaf_value=-0.00044710024692345876 2.6729734945663899e-05 0.00042828928315680762 -0.00029842223091043076 -0.00021273771255333728 0.00019770165092981292 -0.00022418231383967678 4.4548439377089299e-05 7.7796493166672754e-05 0.00028781124101898863 -0.0001314211491086852 0.00074314478030541777 -1.4491625468022625e-06 -0.00028124424707422132 -9.7132570396507903e-05 -0.00031828196095829499
leaf_weight=169.51416246918961 457.73134824214503 115.8312056385912 354.61089712753892 524.63228875212371 51.025095369666815 64.512563830707222 497.37912427540869 800.06543965917081 1135.3101032408886 181.86741224303842 679.68563952576369 107.33028548303992 54.169375844299793 390.33197571337223 331.50276434142143
leaf_count=1144 3072 663 1850 2476 216 746 3282 3494 5036 1173 2864 569 252 1943 2048
internal_value=2.14507e-05 0.00147838 -0.00237797 -0.0015921 0.00332707 -0.00417596 -0.000601093 0.000874905 0.00134978 -0.00345306 0.00401307 -0.00144373 0.000298209 -0.000193549 -0.00508434
internal_weight=5915.5 3684.15 2231.35 1558.49 900.711 672.86 1022.01 2783.44 1935.38 536.478 730.711 171.843 170.001 848.063 501.017
internal_count=30828 17540 13288 8781 3995 4507 5758 13545 8530 3023 3080 1315 915 5015 3192
is_linear=0
shrinkage=0.01444


Tree=2
num_leaves=16
num_cat=0
split_feature=20 9 1 28 30 23 23 5 35 1 37 33 5 9 28
split_gain=76.9841 23.8419 17.1264 10.2792 8.75006 6.49941 5.10229 4.13025 3.9451 3.83167 3.66426 3.31194 3.04431 2.23218 1.23138
threshold=0.050006650423777339 0.20725300633158281 0.11752192982456143 -0.031949999999999999 20.115000000000006 0.033287290203866567 0.098281512873280061 0.12483369891179068 4.7599063857050892 0.047514705882352952 1.0000000180025095e-35 0.012569200100554625 0.11219599864998743 0.14701957171742727 0.0025499999999999971
decision_type=10 8 2 10 8 8 10 8 2 2 2 8 8 10 10
left_child=1 5 9 8 -5 13 7 -4 -3 14 -8 -11 -7 -1 -2
right_child=2 3 6 4 -6 12 10 -9 -10 11 -12 -13 -14 -15 -16
leaf_value=-0.00037768112755249395 -0.00063151559664387789 -0.00014104662238963254 8.3713676783536443e-05 4.6408057899805867e-05 -0.0001848930311741618 -0.00032334415216535062 0.00060501672317904106 0.00042402762531536221 -0.00031402406776812915 0.00024789153371635857 0.00093023848916948108 3.9242972769763621e-05 -3.6210420546075625e-05 -0.00030011323451704897 8.6780902008147556e-05
leaf_weight=100.32526475191116 24.951640506740659 373.893573846668 220.72696121688932 1274.7215899629518 493.71615879959427 57.709535238798708 213.88149527367204 715.21927730645984 102.44756088382564 280.89084649272263 291.26675939047709 975.89170131832361 184.46895084017888 597.60688325343654 7.7814826737157992
leaf_count=1120 149 2132 768 5809 2994 354 925 2998 511 1478 1207 5711 1417 3162 93
internal_value=4.74452e-05 -0.00147546 0.00182844 -0.000659344 -0.000144069 -0.00340871 0.00291235 0.00224747 -0.00254248 0.000606241 0.00411454 0.000742874 -0.00128681 -0.00412464 -0.00417125
internal_weight=5915.5 3184.89 2730.61 2244.78 1768.44 940.111 1441.09 935.946 476.341 1289.52 505.148 1256.78 242.178 697.932 32.7331
internal_count=30828 17499 13329 11446 8803 6053 5898 3766 2643 7431 2132 7189 1771 4282 242
is_linear=0
shrinkage=0.01444


Tree=3
num_leaves=16
num_cat=0
split_feature=22 22 7 28 26 22 26 1 14 21 27 12 22 22 18
split_gain=94.4822 19.4385 13.8263 12.8567 8.64735 7.26818 7.16543 6.58671 5.53991 3.35327 3.1419 2.76541 2.42181 2.21348 2.16338
threshold=0.044770211317153509 0.099370393852819552 0.19294936929977455 -0.014399999999999981 0.35757682266353746 0.034755021655857789 0.37912662267949365 0.087268439108061771 1.4500661453601207 0.045134573997440801 0.028045822841289723 0.098670887296479229 0.06884726512336449 0.021634269550894102 -0.013971490306080412
decision_type=10 10 8 10 10 8 8 2 10 8 10 10 10 10 10
left_child=2 7 5 9 11 13 -5 12 -9 -4 -6 -3 -2 -1 -7
right_child=1 4 3 6 10 14 -8 8 -10 -11 -12 -13 -14 -15 -16
leaf_value=-0.00043631049722355283 4.8654880413483783e-06 0.00041790467376719408 -0.00026587440731214661 -0.00021026833153870667 0.00018141421488852789 0.00020036576399165326 4.3235029135472791e-05 7.1662830200170158e-05 0.00028452464765880829 3.118308179579063e-05 0.00071898115494518401 -0.00028591951600828155 -0.00017612225931492754 -0.0003082322660425552 -0.00021597712011340288
leaf_weight=169.51416246918961 682.226052347105 126.10509363980964 510.99867366906255 524.63228875212371 51.025095369666815 42.467514938674867 497.37912427540869 800.06543965917081 1135.3101032408886 25.479635701514781 679.68563952576369 43.895487843081355 165.83727160841227 331.50276434142143 129.37533437507227
leaf_count=1144 3877 731 2491 2476 216 306 3282 3494 5036 532 2864 184 1138 2048 1009
internal_value=4.57469e-05 0.00146809 -0.00229657 -0.00153516 0.00331648 -0.004038 -0.000568793 0.000864704 0.00133043 -0.00334925 0.00400014 0.000297736 -0.000182875 -0.00492698 -0.00136268
internal_weight=5915.5 3684.15 2231.35 1558.49 900.711 672.86 1022.01 2783.44 1935.38 536.478 730.711 170.001 848.063 501.017 171.843
internal_count=30828 17540 13288 8781 3995 4507 5758 13545 8530 3023 3080 915 5015 3192 1315
is_linear=0
shrinkage=0.01444


Tree=4
num_leaves=16
num_cat=0
split_feature=19 1 9 33 26 23 26 18 1 23 5 15 18 18 25
split_gain=84.0087 19.0034 16.5765 10.8078 15.3436 6.27874 5.64375 4.84488 4.3763 4.35156 3.94009 3.66289 2.68891 2.29273 2.17573
threshold=0.047141842136461699 0.11752192982456143 0.19393274828119864 0.0045148788295587003 0.42317325232094211 0.098281512873280061 0.34637059176770041 -0.038939937075892765 0.070006002400960401 0.019753774308986675 0.14852004110036085 1.3122899393110548 0.029452392575179735 -0.036497287711928054 1.9637741522654373
decision_type=10 2 8 8 10 10 8 10 2 8 8 10 10 10 10
left_child=2 8 9 7 -5 10 -7 -4 14 13 -3 -10 -11 -1 -2
right_child=1 5 3 4 -6 6 -8 -9 11 12 -12 -13 -14 -15 -16
leaf_value=0.00017971637397455975 -4.8604216445164157e-05 0.00021051877554908611 8.6856715106679272e-05 -0.00016900852348014476 0.00015550247640895682 3.049799850494924e-06 0.00074415308857454863 -0.00030287902407940978 -1.0649672462011186e-05 -0.00024420230690009708 0.0004071599187380516 0.00020205519623269907 -0.00038636166497178174 -0.00039333104154992124 -0.00063285086447410668
leaf_weight=12.737811430357395 275.83844927372411 395.43666609749198 40.401693139225245 1050.1636190060526 503.61714558443055 69.358350593596697 454.53669403260574 288.54184782877564 502.37274612672627 375.91846132744104 750.5663765501231 859.98856596881524 58.440630239900202 253.72421055287123 23.856414004229009
leaf_count=148 2056 1321 300 4862 2990 316 1854 1900 2383 2544 3286 4786 374 1590 118
internal_value=5.59631e-05 0.00157328 -0.00189574 -0.00117931 -0.000664919 0.00266268 0.00399896 -0.0035641 0.000470335 -0.00379928 0.00203873 0.000823364 -0.00283561 -0.00531194 -0.00108942
internal_weight=5915.5 3331.95 2583.55 1882.72 1553.78 1669.9 523.895 328.944 1662.06 700.821 1146 1362.36 434.359 266.462 299.695
internal_count=30828 16120 14708 10052 7852 6777 2170 2200 9343 4656 4607 7169 2918 1738 2174
is_linear=0
shrinkage=0.01444


Tree=5
num_leaves=15
num_cat=0
split_feature=22 22 22 26 8 28 26 35 22 8 8 27 10 28
split_gain=90.3141 19.1806 12.5139 9.43095 8.3852 6.64925 6.02678 5.40244 5.37732 5.33296 4.92517 3.1306 2.88817 2.19246
threshold=0.044770211317153509 0.099370393852819552 0.034755021655857789 0.35757682266353746 0.23586565071275806 -0.027249999999999993 0.32911528106476756 6.7602866899159837 0.020401951094676147 0.15153369997334348 0.24725057464464104 0.028045822841289723 0.3440349337153506 0.0082999999999999897
decision_type=10 10 8 10 8 8 10 2 10 8 8 10 10 10
left_child=2 7 4 13 8 12 -7 9 -1 -2 -6 -5 -4 -3
right_child=1 3 5 11 10 6 -8 -9 -10 -11 -12 -13 -14 -15
leaf_value=-0.00041149541782544829 -0.00059807162084500219 0.00039743631373978072 -0.0002854497966670262 0.00016804903909495037 7.3040320476395142e-05 -0.00021834167775764912 4.9325125426476699e-05 -0.00036145247395738279 -0.0002642076856003801 0.00011465098676457589 -0.00021505797375988276 0.00069785352186968789 -5.3002503136594953e-05 -0.00028183488221775893
leaf_weight=225.32228965032846 34.700071185361594 115.8312056385912 89.387880717171356 51.025095369666815 56.86387115996331 288.66178663750179 474.78685301775113 29.5057278200984 590.90481832483783 2719.2330678501166 474.50028929114342 679.68563952576369 30.921709723770618 54.169375844299793
leaf_count=1574 496 663 649 216 288 1788 3056 128 3247 12921 2559 2864 127 252
internal_value=5.26578e-05 0.00144331 -0.00223735 0.00327935 -0.00311675 -0.000880486 -0.000363106 0.000843935 -0.00404713 0.000914269 -0.00166024 0.00399238 -0.00403854 0.000134764
internal_weight=5915.5 3684.15 2231.35 900.711 1347.59 883.758 763.449 2783.44 816.227 2753.93 531.364 730.711 120.31 170.001
internal_count=30828 17540 13288 3995 7668 5620 4844 13545 4821 13417 2847 3080 776 915
is_linear=0
shrinkage=0.01444


Tree=6
num_leaves=16
num_cat=0
split_feature=23 1 9 20 28 21 1 18 23 23 17 37 23 1 18
split_gain=71.0563 23.477 14.4738 9.36055 8.16286 6.72544 6.06434 5.48015 4.8394 3.57735 3.53598 3.44764 2.8644 2.586 2.29641
threshold=0.035416447630404309 0.11752192982456143 0.19393274828119864 0.08082875313752759 -0.014399999999999981 0.044798349915059391 0.07191742081447966 0.052828168545281169 0.080799567082627935 0.019753774308986675 0.72653378041001215 1.0000000180025095e-35 0.020617379381096926 0.044483270676691729 -0.036497287711928054
decision_type=10 2 8 10 10 8 2 10 10 8 10 2 8 2 10
left_child=2 6 9 8 5 -4 13 -6 -3 14 -8 -5 -11 -2 -1
right_child=1 3 4 11 7 -7 10 -9 -10 12 -12 -13 -14 -15 -16
leaf_value=0.00018093642704761432 -0.00037877615989124835 0.00013948391644110817 -0.00027571667848285829 0.00057290300680495237 -0.00011608229016256224 0.00010384063961527732 -6.8332620926075241e-05 0.00031964711178712534 0.0005993456792356516 7.6907029330880637e-06 9.0818411697754715e-05 0.00066861608498576053 -0.00029241315242891405 -5.9976525739209379e-05 -0.00038170936144883342
leaf_weight=12.737811430357395 50.262223944067955 758.23179711634293 422.01476126536727 398.82246040925384 826.20342219015583 54.625104639679193 247.45016467990354 63.77929578255862 138.75531073287129 32.415781611576676 1393.1804061415605 487.78669216204435 327.55814551794901 446.92460665758699 254.75169747509062
leaf_count=148 337 3170 2123 1593 4812 628 1222 330 438 156 7094 2043 2084 3048 1602
internal_value=5.57455e-05 0.00118642 -0.0021609 0.0024099 -0.00131206 -0.00284155 0.000159187 -0.000476959 0.00134462 -0.00398606 0.000587988 0.00347136 -0.00295387 -0.00122856 -0.00531727
internal_weight=5915.5 3921.41 1994.09 1783.6 1366.62 476.64 2137.82 889.983 896.987 627.463 1640.63 886.609 359.974 497.187 267.49
internal_count=30828 18945 11883 7244 7893 2751 11701 5142 3608 3990 8316 3636 2240 3385 1750
is_linear=0
shrinkage=0.01444


Tree=7
num_leaves=16
num_cat=0
split_feature=22 22 22 26 7 28 1 35 14 26 8 17 22 10 17
split_gain=84.1743 16.9868 12.5226 9.20833 9.16778 6.93947 6.09922 5.91665 5.49423 5.12391 5.1085 4.22429 3.25936 2.88554 2.50639
threshold=0.044770211317153509 0.099370393852819552 0.034755021655857789 0.35757682266353746 0.19294936929977455 -0.027249999999999993 0.087268439108061771 5.5827252951554023 1.4500661453601207 0.32911528106476756 0.80402657017056889 0.73303625545785889 0.021634269550894102 0.3440349337153506 0.74307983019224777
decision_type=10 10 8 10 8 8 2 2 10 10 10 8 10 10 8
left_child=2 6 4 11 12 13 14 -6 -8 -7 -5 -3 -1 -4 -2
right_child=1 3 5 10 7 9 8 -9 -10 -11 -12 -13 -14 -15 -16
leaf_value=-0.00041287662456457395 -0.00024193111892445779 -0.00040339302851177968 -0.0002773465625080642 0.00066156463025111552 -0.00023345008642234122 -0.00021432276773093311 6.5555775050751326e-05 3.9129192412105777e-05 0.00027291306836401286 5.0289097726319508e-05 -6.9668083165717752e-06 0.00026529723140638912 -0.00029016474649943891 -5.35485641997101e-05 4.8480490786143415e-06
leaf_weight=169.51416246918961 97.500906649045646 30.647417888045311 89.387880717171356 711.66169219650328 764.90254731150344 288.66178663750179 800.06543965917081 81.671794304158539 1135.3101032408886 474.78685301775113 19.049042698927224 139.35316359484568 331.50276434142143 30.921709723770618 750.56241730647162
leaf_count=1144 597 148 649 3014 4154 1788 3494 322 5036 3056 66 767 2048 127 4418
internal_value=4.05879e-05 0.00138322 -0.00217014 0.00311153 -0.00304954 -0.000813327 0.000818735 -0.00210239 0.00126698 -0.000285645 0.0038155 6.36856e-06 -0.00461975 -0.00403681 -0.000188955
internal_weight=5915.5 3684.15 2231.35 900.711 1347.59 883.758 2783.44 846.574 1935.38 763.449 730.711 170.001 501.017 120.31 848.063
internal_count=30828 17540 13288 3995 7668 5620 13545 4476 8530 4844 3080 915 3192 776 5015
is_linear=0
shrinkage=0.01444


Tree=8
num_leaves=16
num_cat=0
split_feature=22 19 22 18 10 17 26 18 23 26 10 21 16 17 24
split_gain=83.1591 15.6647 12.6148 6.13265 6.00407 5.98422 6.4745 5.95979 5.66424 5.05152 3.78379 3.6636 3.43964 3.24117 3.05723
threshold=0.044770211317153509 0.10003736579503222 0.034755021655857789 -0.026998531913717035 0.30592033950659092 1.0232574655676563 0.43724930216926566 0.052828168545281169 0.080799567082627935 0.37912662267949365 0.21537038770712111 0.016785113755963175 1.239934298061333 0.91178389573829943 11.500000000000002
decision_type=10 10 8 8 8 10 10 10 10 10 10 8 10 8 2
left_child=2 3 4 8 11 6 -4 -5 -2 13 -11 -1 -7 -3 -6
right_child=1 9 5 7 14 12 -8 -9 -10 10 -12 -13 -14 -15 -16
leaf_value=-0.00030505285765764623 0.00017651803277725586 -0.0002115237974771005 -0.00023780127958118792 7.6346860362116834e-06 -0.00018203649422436846 2.4762101365072817e-05 4.9562924028201723e-05 0.00026555053943842907 0.00063720752781326162 0.00026823983263304024 0.00066856874269381641 -0.0002600109462260479 -0.00022930203082838419 0.00056367589325956812 0.00015051783874467389
leaf_weight=546.60731594450772 473.24005202576518 84.469603015109897 280.6347131524235 1812.9088424080983 192.57622945867479 382.39462804049253 163.53729877481237 310.48633457627147 105.29090485256165 107.26400042697787 655.48971245996654 464.9099877611734 57.191590128466487 135.00073346914724 143.49773526191711
leaf_count=2711 2322 392 2094 8959 1614 1926 1292 1396 424 618 2702 3138 308 727 205
internal_value=3.05067e-05 0.00136504 -0.00216686 0.000790375 -0.00304942 -0.000805208 -0.00199091 0.000423296 0.00211337 0.0029312 0.00349294 -0.00361263 0.000364126 0.00091551 -0.00131222
internal_weight=5915.5 3684.15 2231.35 2701.93 1347.59 883.758 444.172 2123.4 578.531 982.224 762.754 1011.52 439.586 219.47 336.074
internal_count=30828 17540 13288 13101 7668 5620 3386 10355 2746 4439 3320 5849 2234 1119 1819
is_linear=0
shrinkage=0.01444


Tree=9
num_leaves=16
num_cat=0
split_feature=22 23 22 7 26 30 2 11 35 17 26 35 22 18 22
split_gain=79.5235 14.8839 12.5675 8.62965 7.30902 6.36637 6.25362 6.22022 5.87066 5.62328 6.06927 4.95867 3.66118 3.62429 2.94222
threshold=0.044770211317153509 0.080799567082627935 0.034755021655857789 0.19294936929977455 0.41098175821011368 20.115000000000006 0.13080807258728355 0.22354473217905491 5.5827252951554023 1.0232574655676563 0.43724930216926566 5.1195493431859385 0.021634269550894102 -0.0081685396331047083 0.03823784665370282
decision_type=10 10 8 8 8 8 2 10 2 10 10 2 10 10 8
left_child=2 5 3 12 13 6 -2 -6 -5 10 -4 -7 -1 -3 -11
right_child=1 4 9 8 7 11 -8 -9 -10 14 -12 -13 -14 -15 -16
leaf_value=-0.00040250973530499149 2.5614054456831072e-05 0.00042693580845863427 -0.00023436743323241503 -0.00022742015780400954 -8.2000671902582428e-06 2.1934664627162171e-05 0.00030044365367283576 0.00065891462165609067 4.1192771369314365e-05 7.9690437600588487e-05 4.8847236265677922e-05 -0.00019339376196699865 -0.00028156981462876176 -0.00011599962162426846 -9.8661034284515544e-05
leaf_weight=169.51416246918961 967.61260634474456 114.67324947845191 280.6347131524235 764.90254731150344 73.759661612100899 510.12935185711831 997.53226341260597 727.97738542594016 81.671794304158539 174.51377877267078 163.53729877481237 166.41997018549591 331.50276434142143 126.04569491744041 265.07243939628825
leaf_count=1144 5200 554 2094 4154 530 2408 4230 3234 322 806 1292 634 2048 750 1428
internal_value=2.11208e-05 0.00132622 -0.00212764 -0.0030084 0.00279144 0.000742598 0.00116033 0.0034567 -0.00208824 -0.000768766 -0.00191845 -0.000451407 -0.00453305 0.000518605 0.000364126
internal_weight=5915.5 3684.15 2231.35 1347.59 1042.46 2641.69 1965.14 801.737 846.574 883.758 444.172 676.549 501.017 240.719 439.586
internal_count=30828 17540 13288 7668 5068 12472 9430 3764 4476 5620 3386 3042 3192 1304 2234
is_linear=0
shrinkage=0.01444


Tree=10
num_leaves=16
num_cat=0
split_feature=22 23 22 9 26 11 30 20 28 2 16 26 22 9 22
split_gain=77.6501 14.9486 12.4569 8.21762 7.1926 6.149 6.13798 9.66915 5.85819 5.81918 5.4141 5.01641 3.46255 2.98333 1.58503
threshold=0.044770211317153509 0.080799567082627935 0.034755021655857789 0.20820718070757763 0.41098175821011368 0.22354473217905491 20.115000000000006 0.052107749015397505 -0.027249999999999993 0.13402820725785089 0.92635854430717879 0.32911528106476756 0.019980262721197111 0.26881404473349885 0.03587679020151293
decision_type=10 10 8 8 8 10 8 10 8 2 8 8 10 8 8
left_child=2 6 3 12 13 -6 9 -8 14 -2 -5 -10 -1 -3 -4
right_child=1 4 8 10 5 -7 7 -9 11 -11 -12 -13 -14 -15 -16
leaf_value=-0.00039669750171500906 2.8877919394229309e-05 -0.00031231898880853073 0.00040305025980145131 -0.00030936373176636961 -8.0816583623891985e-06 0.00064939990595854814 -0.00018311657430490638 8.1320762365175628e-05 -0.00021336843752243099 0.00030214053613982069 -9.6173499093759243e-05 4.2763450416202257e-05 -0.00027053586237942793 0.00025778996074707892 -0.00023979585983180727
leaf_weight=188.21964881010354 1023.1257823384367 33.41899034101516 9.3327970975078625 228.77706776186824 73.759661612100899 727.97738542594016 307.29738248884678 369.25193955376744 227.16886840621009 942.01908741891384 482.47913428489119 536.27977124904282 448.11541756941006 207.29995405487716 110.97679334343411
leaf_count=1432 5436 456 50 1544 530 3234 1338 1704 1444 3994 2144 3400 2548 848 726
internal_value=1.59728e-05 0.00130564 -0.0021073 -0.00298415 0.00277388 0.00343387 0.00072083 -0.000451407 -0.000754421 0.00113107 -0.00188153 -0.000268051 -0.0041933 0.000518605 -0.00371703
internal_weight=5915.5 3684.15 2231.35 1347.59 1042.46 801.737 2641.69 676.549 883.758 1965.14 711.256 763.449 636.335 240.719 120.31
internal_count=30828 17540 13288 7668 5068 3764 12472 3042 5620 9430 3688 4844 3980 1304 776
is_linear=0
shrinkage=0.01444


Tree=11
num_leaves=16
num_cat=0
split_feature=19 11 1 17 26 19 23 27 19 33 17 1 35 26 17
split_gain=69.1217 17.4156 14.2892 10.0477 7.85728 6.1153 5.91514 4.68807 4.24995 3.754 3.68864 3.22559 2.82032 1.49873 1.13329
threshold=0.047141842136461699 0.23574658976767074 0.11752192982456143 1.0115815313557455 0.25212726020637394 0.079237242892904139 0.019753774308986675 0.14355739139076631 0.02860760623326267 0.012569200100554625 0.69437572633929967 0.070006002400960401 2.8544566447426094 0.70864261802999506 0.54799093062839255
decision_type=10 8 2 10 10 10 8 8 10 8 8 2 2 10 10
left_child=1 6 10 8 -5 12 13 -7 -3 -8 14 -12 -4 -1 -2
right_child=2 3 5 4 -6 7 9 -9 -10 -11 11 -13 -14 -15 -16
leaf_value=-0.00031473354157885569 -0.00024588389811667561 -0.00027533676704920973 -2.5868491524842655e-05 -0.00020427895976645163 8.1073561687482944e-05 0.00040808158542621973 -0.00028936011015888604 0.00059770858594757124 -0.0001055349654525237 -0.00019515536378059787 -7.4587037279523594e-05 0.00010411441525232071 0.00020234050792609424 -1.97038140061548e-05 -2.8469349976717892e-05
leaf_weight=325.14403399406001 29.38760366756469 334.9184386827983 86.727733002044261 124.64478763239458 538.82513611437753 285.68791460758075 85.353217482566833 803.08725309325382 498.2904668757692 660.46040605474263 275.97847985150293 1247.7004364146851 494.39518657093868 15.908932272344826 108.98965543974191
leaf_count=1832 122 2776 472 572 2602 1304 465 3176 2375 3932 2036 6583 1825 154 602
internal_value=1.32214e-05 -0.00175697 0.00138979 -0.000734766 0.000575998 0.00233478 -0.00315147 0.00298034 -0.00179389 -0.0023923 0.000432006 0.000643527 0.00110109 -0.00476671 -0.0017961
internal_weight=5915.5 2583.55 3331.95 1496.68 663.47 1669.9 1086.87 1088.78 833.209 745.814 1662.06 1523.68 581.123 341.053 138.377
internal_count=30828 14708 16120 8325 3174 6777 6383 4480 5151 4397 9343 8619 2297 1986 724
is_linear=0
shrinkage=0.01444


Tree=12
num_leaves=16
num_cat=0
split_feature=22 23 22 9 34 17 33 7 35 17 1 22 16 27 16
split_gain=76.2626 14.2295 11.6519 8.02517 7.16859 6.9076 6.70344 6.19303 5.81629 5.777 5.64687 4.05409 3.45227 3.44325 1.5888
threshold=0.044770211317153509 0.080799567082627935 0.034755021655857789 0.19489167918951023 0.0043940259439313465 0.74705430284724772 0.016171703227177984 0.28672729019393495 5.5827252951554023 1.0232574655676563 0.088006622516556304 0.019980262721197111 1.239934298061333 0.7103820332833588 0.80405203184258334
decision_type=10 10 8 8 8 8 8 10 2 10 2 10 10 10 10
left_child=2 4 3 11 7 -6 14 -2 -5 13 -8 -1 -11 -4 -3
right_child=1 6 9 8 5 -7 10 -9 -10 12 -12 -13 -14 -15 -16
leaf_value=-0.00038746327577736102 4.0737118259277106e-05 0.00044480671293563713 -0.00022100819076985469 -0.00021402862075477376 -0.0001981905659314438 2.2310571216544095e-05 -0.00025147208621981116 0.00034172976066670392 8.046333528066859e-05 2.4604204580258292e-05 0.00047132983099736704 -0.00025744632374408209 -0.00022265591415146401 0.0001109849405563083 0.0006868841057186784
leaf_weight=176.28188788704574 1074.777598396875 77.347357334569097 371.35143163846806 727.31425220426172 132.73358239606023 723.72905490687117 56.727170830126852 710.45395610015839 77.608567049726844 382.39462804049253 709.50249861506745 366.38656128523871 57.191590128466487 72.820580288767815 198.87896465416998
leaf_count=1312 6211 434 2969 3906 516 2520 540 3225 332 1926 3282 2118 308 417 812
internal_value=1.59687e-05 0.00129408 -0.00208823 -0.00293661 0.000723291 -0.000350695 0.00272681 0.00124581 -0.00198893 -0.000778755 0.001999 -0.00431469 0.000369862 -0.00194399 0.00469033
internal_weight=5915.5 3684.15 2231.35 1347.59 2641.69 856.463 1042.46 1785.23 804.923 883.758 766.23 542.668 439.586 444.172 276.226
internal_count=30828 17540 13288 7668 12472 3036 5068 9436 4238 5620 3822 3430 2234 3386 1246
is_linear=0
shrinkage=0.01444


Tree=13
num_leaves=16
num_cat=0
split_feature=22 1 11 22 26 19 33 30 27 15 11 20 31 21 2
split_gain=73.3935 14.2798 11.7744 9.17381 8.47904 7.85609 7.80219 6.17009 4.83161 4.13987 4.40215 2.72467 2.62184 2.38469 0.586699
threshold=0.044770211317153509 0.11752192982456143 0.23974921646858047 0.020401951094676147 0.25212726020637394 0.079237242892904139 -0.054640173662725548 20.115000000000006 0.14355739139076631 1.0121166070209549 0.15148813387288015 0.033685230067878859 4.0300000000000011 0.053771581742932187 0.28387717996300071
decision_type=8 2 8 10 10 10 8 10 8 10 10 10 8 10 2
left_child=2 9 3 14 11 7 -6 -3 -7 13 -11 -4 -5 -2 -1
right_child=1 5 4 12 6 8 -8 -9 -10 10 -12 -13 -14 -15 -16
leaf_value=-0.00037723197938192512 -0.00018430326537255799 0.0002654893686834915 -0.00029011088052348778 -0.00021699301521428173 -0.00025570357676427623 0.00039686889864553454 1.5044980661000518e-05 -4.4220877991923468e-05 0.00058227168976606423 -0.00047802540882412579 7.4524920006479101e-05 -0.00015771135520639823 4.9334654099250491e-05 7.3526372660620787e-05 -0.00021741917649652963
leaf_weight=219.18357197707519 240.79810303659178 478.02909616637044 242.54968127189204 747.37522177770734 148.92628460656852 285.68791460758075 689.20157676236704 221.82859332021326 803.08725309325382 52.172426669392735 1549.1643953775056 87.111893833614886 70.02135955914855 70.818096156232059 9.5442135408520681
leaf_count=1418 1965 2226 1128 4154 1296 1304 3104 796 3176 744 8161 412 566 338 40
internal_value=1.51521e-05 0.00126119 -0.00206207 -0.00318062 -0.00104781 0.0021901 -0.00025834 0.000967389 0.00296314 0.00038543 0.000686876 -0.00301148 -0.00243448 -0.00112017 -0.00577762
internal_weight=5915.5 3701.59 2213.91 1046.12 1167.79 1788.63 838.128 699.858 1088.78 1912.95 1601.34 329.662 817.397 311.616 228.728
internal_count=30828 18710 12118 6178 5940 7502 4400 3022 4480 11208 8905 1540 4720 2303 1458
is_linear=0
shrinkage=0.01444


Tree=14
num_leaves=16
num_cat=0
split_feature=22 23 11 22 28 26 35 9 21 5 18 31 31 26 2
split_gain=71.1592 14.1159 11.4798 9.45242 9.25143 6.90127 6.50396 5.82354 5.67267 4.92657 3.80271 3.64525 2.9793 2.87746 0.577685
threshold=0.044770211317153509 0.080799567082627935 0.23974921646858047 0.020401951094676147 -0.014399999999999981 0.41098175821011368 5.098798747200088 0.69950432454442601 0.065907723473622545 0.071526498388410339 -0.0081685396331047083 3.4950000000000006 -1.5650000000000002 0.33517793336055968 0.28387717996300071
decision_type=10 10 8 8 10 8 2 8 10 10 10 8 10 8 2
left_child=2 8 3 14 12 10 -6 -7 9 -2 -3 -10 -4 -5 -1
right_child=1 5 4 13 6 7 -8 -9 11 -11 -12 -13 -14 -15 -16
leaf_value=-0.000371784756148634 -0.00010370179491010683 0.00039956380760483443 -8.2012089270859016e-05 -0.00022893564979461668 -0.00013881819557366368 0.00059929665187028337 0.00011417142468483203 -3.1662396822836285e-05 0.0003361485418290387 5.6782300709872401e-05 -0.00013647653725220332 -3.4969200800951819e-06 -0.0002462976779434945 -0.00016632912925451901 -0.00021427964736245311
leaf_weight=219.18357197707519 230.53436758182943 114.67324947845191 112.72495528310537 438.93327822117135 579.1240786195267 758.08891306538135 193.76326892734505 43.648133972659707 480.3198233647272 1810.1609647865407 126.04569491744041 120.67903606686741 296.79138372838497 381.28474822500721 9.5442135408520681
leaf_count=1418 979 554 834 1892 3626 3512 916 252 2086 8923 750 484 1690 2872 40
internal_value=1.90427e-05 0.00125372 -0.00201345 -0.00311897 -0.00102064 0.00268051 -7.29773e-05 0.00332684 0.000685284 0.000314236 0.000470868 0.00192196 -0.00277474 -0.00236495 -0.00575348
internal_weight=5915.5 3684.15 2231.35 1048.95 1182.4 1042.46 772.887 801.737 2641.69 2040.7 240.719 600.999 409.516 820.218 228.728
internal_count=30828 17540 13288 6222 7066 5068 4542 3764 12472 9902 1304 2570 2524 4764 1458
is_linear=0
shrinkage=0.01444


Tree=15
num_leaves=16
num_cat=0
split_feature=22 1 7 19 34 22 16 12 15 18 18 22 12 34 9
split_gain=68.6914 13.3354 11.8296 7.14396 6.12173 5.66911 4.74329 4.58391 4.61151 4.46711 3.00986 2.46434 2.20997 1.8544 0.576261
threshold=0.044770211317153509 0.11752192982456143 0.21030227905456669 0.079237242892904139 0.034512426457265717 0.034952431771304644 1.4443292663254987 0.020475127506504025 1.2426050691829764 -0.017154318391141895 -0.013440994481890121 0.019980262721197111 0.026498961771916917 -0.03517115764150313 0.44369626384361138
decision_type=8 2 8 10 10 10 10 8 10 8 10 10 8 8 10
left_child=2 7 5 4 -3 11 9 13 -9 -4 -7 -1 -5 -2 -8
right_child=1 3 6 12 -6 10 14 8 -10 -11 -12 -13 -14 -15 -16
leaf_value=-0.00037001369816745482 -3.726871290872945e-06 0.00018300936360751645 1.7660248481888416e-05 -0.0003179307946541184 -7.0301986712985288e-05 4.2275816484313513e-05 -0.00030364760010793382 -3.6760987100622839e-05 0.00012928080554671279 -0.0001667534423367568 -0.00017818253376164671 -0.00025339898139777631 0.00053767672817610444 -0.00052233749231081234 -0.00010422761029690965
leaf_weight=163.41586478380486 48.954795395955443 588.61078779562376 364.96104493737221 30.818602745421231 111.24690169095993 71.100531875155866 72.857024254277349 579.37792434194125 1226.9534175437875 877.31393945915624 172.64862384321168 485.87597978580743 1057.9565649554133 57.666883958037943 5.7407943904399863
leaf_count=1190 565 2722 1664 222 300 474 780 3578 6794 3835 1267 2866 4258 271 42
internal_value=1.22074e-05 0.00121775 -0.0019973 0.00211546 0.000947899 -0.00328822 -0.00111359 0.000371163 0.000549122 -0.000881677 -0.0013248 -0.0040034 0.00285308 -0.00250878 -0.00458168
internal_weight=5915.5 3701.59 2213.91 1788.63 699.858 893.041 1320.87 1912.95 1806.33 1242.27 243.749 649.292 1088.78 106.622 78.5978
internal_count=30828 18710 12118 7502 3022 5797 6321 11208 10372 5499 1741 4056 4480 836 822
is_linear=0
shrinkage=0.01444


Tree=16
num_leaves=16
num_cat=0
split_feature=20 11 30 1 12 17 12 20 17 11 5 5 7 5 16
split_gain=55.3392 18.4419 13.0493 12.31 6.3395 6.22906 5.51046 4.8735 4.33676 3.92271 2.97021 3.7724 2.80461 2.76819 0.892043
threshold=0.050006650423777339 0.23574658976767074 20.115000000000006 0.11752192982456143 0.023534482668406579 1.0518345694108071 0.016957733340093987 0.029136726111628323 0.72653378041001215 0.24502126456719911 0.1623985929598922 0.15885712970224092 0.41055712847593473 0.23403466953807009 1.0877057744708518
decision_type=10 8 10 2 8 10 10 8 8 10 8 10 8 10 10
left_child=1 6 5 4 13 -3 14 -8 -6 -4 11 -5 -12 -2 -1
right_child=3 2 9 10 8 -7 7 -9 -10 -11 12 -13 -14 -15 -16
leaf_value=-0.00035564877219106312 -0.00029122073489438072 -3.9254353775754033e-05 8.9071965851104866e-05 0.00029531695080192244 -0.00018049296932454297 7.6686272004468419e-05 -0.00024030080976191422 -9.7353797634952094e-05 0.0001077871192891161 -0.00019499845614407652 0.00040175313412786412 -3.9116686789080768e-05 0.00075174661805457559 -8.4367395060473092e-05 -0.0001729983175575152
leaf_weight=116.93085490632802 71.306907850317657 870.06251419289038 27.679798362776637 460.83965423377231 140.58787452243268 593.05142406560481 636.88744500512257 431.3284406401217 1016.8226169189438 485.94957640953362 613.27300876518711 23.93949286499992 343.04233732353896 60.798271699808538 22.999463994987309
leaf_count=896 597 5022 92 1648 720 2841 3467 2665 5629 2404 2868 86 1296 485 112
internal_value=1.3519e-05 -0.00127736 -0.000410252 0.0015239 0.000485916 0.00027706 -0.00268443 -0.00230774 0.000836743 -0.00239176 0.00244308 0.00146433 0.00292441 -0.00247972 -0.00544633
internal_weight=5915.5 3184.89 1976.74 2730.61 1289.52 1463.11 1208.15 1068.22 1157.41 513.629 1441.09 484.779 956.315 132.105 139.93
internal_count=30828 17499 10359 13329 7431 7863 7140 6132 6349 2496 5898 1734 4164 1082 1008
is_linear=0
shrinkage=0.01444


Tree=17
num_leaves=16
num_cat=0
split_feature=22 0 7 28 35 22 17 35 19 26 17 34 22 17 3
split_gain=66.9064 12.7287 11.5936 10.8334 7.15882 5.64497 4.98201 4.74799 4.68163 5.18945 4.63459 3.95121 2.64851 2.36849 1.64924
threshold=0.044770211317153509 0.51485000000000014 0.21030227905456669 -0.014399999999999981 5.1074292206301806 0.034952431771304644 0.72653378041001215 6.7602866899159837 0.10103149438880599 0.93469802105473865 1.2680936932667752 0.032758122151732467 0.019980262721197111 1.0232574655676563 51.500000000000007
decision_type=10 2 8 10 2 8 8 2 10 8 8 10 10 10 2
left_child=2 6 5 10 -5 12 14 -8 11 -10 -4 -3 -1 -7 -2
right_child=1 8 3 4 -6 13 7 -9 9 -11 -12 -13 -14 -15 -16
leaf_value=-0.00036120076726839758 -0.00023468577800944804 0.00022186817189092747 -0.00026750980010708776 -0.00014198149682820795 0.00016946585942560777 -0.0002053016339822871 5.6099113214501446e-05 -0.00036116469861633359 0.00061399555601178478 -4.2580072686730342e-05 -3.4901365010941126e-05 -2.0530632889539832e-05 -0.00024626996498436859 1.0204147118719082e-05 -1.0518636399762134e-05
leaf_weight=163.41586478380486 109.52283330447972 955.51101607177407 336.0961480261758 643.5607161174994 230.57475960091688 113.22429929580539 1543.3144099656492 25.419429745525122 685.69539206335321 102.84231092780828 125.28692760318518 203.03986801952124 485.87597978580743 133.31480330927297 58.804923135787249
leaf_count=1190 592 4460 1771 3870 978 865 8230 108 2805 461 840 546 2866 908 338
internal_value=1.72174e-05 0.0012145 -0.00195354 -0.00108552 -0.000124506 -0.00323152 0.0003068 0.000566855 0.00201724 0.00289169 -0.00287556 0.00140968 -0.00394786 -0.00128732 -0.00203316
internal_weight=5915.5 3684.15 2231.35 1335.52 874.135 895.831 1737.06 1568.73 1947.09 788.538 461.383 1158.55 649.292 246.539 168.328
internal_count=30828 17540 13288 7459 4848 5829 9268 8338 8272 3266 2611 5006 4056 1773 930
is_linear=0
shrinkage=0.01444


Tree=18
num_leaves=16
num_cat=0
split_feature=19 11 23 17 33 32 23 7 15 19 11 8 28 35 16
split_gain=60.6038 16.3056 11.4139 11.0399 7.17704 5.63156 5.45564 4.64222 6.13777 4.4407 4.39838 4.09423 2.08246 1.96755 1.68332
threshold=0.048747094129625919 0.23574658976767074 0.080799567082627935 1.0115815313557455 0.016171703227177984 0.85290237467018482 0.019753774308986675 0.20313866146966741 1.2683912242132471 0.02860760623326267 0.13064590677785523 0.2969927659967378 -0.015999999999999997 2.9816332205995768 0.80405203184258334
decision_type=10 8 10 10 8 10 8 8 8 10 10 8 10 2 10
left_child=1 6 7 9 14 -5 13 12 -9 -3 -8 -6 -2 -1 -4
right_child=2 3 4 5 11 -7 10 8 -10 -11 -12 -13 -14 -15 -16
leaf_value=2.2595402774597589e-05 -0.00025869555411950411 -0.0002571300437665621 0.0004327821012390756 7.1506689041138318e-05 5.1557770280621281e-06 -0.00012678267800693448 -0.00038745271275495379 -7.2723898138146198e-06 0.00020405369942388688 -0.00011187269402298074 -0.00017414064847526346 0.00050399275237439497 -6.8353060311174004e-06 -0.00028072122618042579 0.00066300221241702179
leaf_weight=14.927559664938597 74.327210917137563 334.9184386827983 77.347357334569097 596.22588974051178 193.50919113587588 123.2542320638895 49.84841787815094 670.00077238306403 1202.9510307777673 532.79957557097077 723.16438331548125 567.38860952667892 229.79590986343101 326.16213824693114 198.87896465416998
leaf_count=208 494 2776 434 2838 1680 520 524 2687 5429 2582 4059 2120 1883 1782 812
internal_value=2.68657e-06 -0.00158922 0.00134468 -0.000638326 0.00259614 0.000670885 -0.00293117 0.000741988 0.00101396 -0.00173869 -0.00222319 0.00184121 -0.000888778 -0.0044911 0.0046205
internal_weight=5915.5 2701.3 3214.2 1587.2 1037.12 719.48 1114.1 2177.07 1872.95 867.718 773.013 760.898 304.123 341.09 276.226
internal_count=30828 15289 15539 8716 5046 3358 6573 10493 8116 5358 4583 3800 2377 1990 1246
is_linear=0
shrinkage=0.01444


Tree=19
num_leaves=16
num_cat=0
split_feature=22 23 7 26 26 30 11 12 15 22 35 19 2 22 4
split_gain=65.3494 13.1776 11.6088 9.18112 6.49737 6.29953 6.22631 6.03146 5.67516 5.64225 4.59672 4.01383 2.81825 2.64199 1.78801
threshold=0.044770211317153509 0.080799567082627935 0.21030227905456669 0.37912662267949365 0.41098175821011368 20.115000000000006 0.24396196063118999 0.026258561536518461 0.94093514924946764 0.034952431771304644 5.1195493431859385 0.050776661082614187 0.085071031986057963 0.019980262721197111 0.11682073097256944
decision_type=10 10 8 10 8 8 10 10 8 8 2 10 2 10 8
left_child=2 5 9 11 12 7 -6 -2 -5 13 -7 -4 -3 -1 -11
right_child=1 4 3 8 6 10 -8 -9 -10 14 -12 -13 -14 -15 -16
leaf_value=-0.00035193142482716524 -0.00011502858264451292 -0.00060342998427364214 -0.00020877118059043541 -0.00018367467762165249 -5.2052127463424648e-06 1.184174652239601e-05 0.00058665555693883874 0.00015563206009985953 5.8004408736204878e-05 -9.5996656494046144e-05 -0.00017243603930806769 9.9063311762256849e-05 0.00013899525622474801 -0.00023989801980265856 -0.00016499225583005547
leaf_weight=163.41586478380486 207.6808605324477 13.909309714101253 711.93647191231139 113.91241906862706 105.69620811101049 510.12935185711831 696.04083892703056 1757.4640092249028 466.28474687761627 215.33652277616784 166.41997018549591 43.384913489222527 226.80963468179107 485.87597978580743 31.20257982891053
leaf_count=1190 1574 114 3672 710 734 2408 3030 7856 2931 1599 634 146 1190 2866 174
internal_value=-1.66319e-07 0.00117872 -0.00195229 -0.00108372 0.0025572 0.000629372 0.00318416 0.00104538 0.000262307 -0.00323108 -0.00055953 -0.00213442 0.000412294 -0.00394725 -0.00128732
internal_weight=5915.5 3684.15 2231.35 1335.52 1042.46 2641.69 801.737 1965.14 580.197 895.831 676.549 755.321 240.719 649.292 246.539
internal_count=30828 17540 13288 7459 5068 12472 3764 9430 3641 5829 3042 3818 1304 4056 1773
is_linear=0
shrinkage=0.01444


Tree=20
num_leaves=16
num_cat=0
split_feature=22 23 7 33 30 20 17 18 22 9 10 0 18 22 16
split_gain=63.0614 13.29 11.8664 7.36348 6.33172 8.54764 5.91894 5.64487 5.3532 4.80765 4.64567 4.31801 2.92576 2.39809 1.65847
threshold=0.044770211317153509 0.080799567082627935 0.21030227905456669 0.016171703227177984 20.115000000000006 0.052107749015397505 1.0518345694108071 0.050208029009964468 0.034952431771304644 0.27601817894017094 0.32477212390055843 0.26092500000000007 -0.013440994481890121 0.019980262721197111 0.80405203184258334
decision_type=8 10 8 8 8 10 8 10 10 8 10 2 10 10 10
left_child=2 4 8 14 7 -6 10 -2 13 -5 -4 -8 -10 -1 -3
right_child=1 3 6 9 5 -7 11 -9 12 -11 -12 -13 -14 -15 -16
leaf_value=-0.00034684954116241136 7.28144266287629e-05 0.00041806143915306413 -0.00021681097148623128 -5.050782552437024e-05 -0.00018310214017362589 7.3376036017226972e-05 -0.000335368685610523 0.00042636432818892237 4.6824571862700204e-05 0.00041332597324187406 -3.658656772228103e-05 1.438637320772938e-05 -0.0001673384638952208 -0.0002364338965614883 0.00064495717592236623
leaf_weight=163.41586478380486 1724.198535962496 77.347357334569097 435.04328809026629 124.81781640276313 313.7409238810651 369.25193955376744 51.261152153369039 251.93848759587854 71.100531875155866 641.41185304243118 275.71649991720915 558.85186288040131 172.64862384321168 485.87597978580743 198.87896465416998
leaf_count=1190 8492 434 1975 1210 2406 1704 208 1040 474 2612 1364 2774 1267 2866 812
internal_value=1.67973e-05 0.00117196 -0.0019085 0.00255752 0.000623441 -0.000562396 -0.00102391 0.00103996 -0.00320077 0.00179834 -0.00191903 0 -0.00129044 -0.00389606 0.00460828
internal_weight=5915.5 3701.59 2213.91 1042.46 2659.13 682.993 1320.87 1976.14 893.041 766.23 710.76 610.113 243.749 649.292 276.226
internal_count=30828 18710 12118 5068 13642 4110 6321 9532 5797 3822 3339 2982 1741 4056 1246
is_linear=0
shrinkage=0.01444


Tree=21
num_leaves=16
num_cat=0
split_feature=22 1 12 24 27 21 5 17 12 21 5 22 33 22 38
split_gain=61.2809 13.1729 10.3362 7.13185 12.151 6.50406 6.58017 5.27659 4.3229 3.79285 3.75604 3.55574 2.88387 2.20456 1.28568
threshold=0.044770211317153509 0.11752192982456143 0.036710894971902351 11.500000000000002 0.66767280018872388 0.031440485884004298 0.1623985929598922 0.72653378041001215 0.092226761228453843 0.021929216484854647 0.071526498388410339 0.13733196965074321 0.012569200100554625 0.019980262721197111 1.5000000000000002
decision_type=10 2 8 2 10 8 10 8 8 8 8 10 8 10 2
left_child=2 7 9 8 -5 6 -3 14 -4 13 -9 -7 -11 -1 -2
right_child=1 5 3 4 -6 11 -8 10 -10 12 -12 -13 -14 -15 -16
leaf_value=-0.00034184103980955193 0.00041425676481084058 -0.00014908046860848448 -0.00014760263913445298 -0.00011396608607326017 0.0003294924060657036 0.00034071582029939732 0.0003335067089097315 -0.0001576608845433268 -0.0002298722001696355 -0.00026364713772530815 6.7252224786683651e-05 0.00074261437631938782 -0.00012098952230240118 -0.00020387120642265341 -0.00019001617624374553
leaf_weight=146.13363826461136 15.595502972602842 116.17068945430219 577.74019646784291 456.8330340385437 70.030798137187958 1311.7242443272844 121.18410329148173 153.64701858256012 277.8886535265483 42.88281199708581 1557.3303997693583 229.70318664377555 247.17451986391097 412.6658462267369 178.79503819253296
leaf_count=788 52 394 4072 672 93 5206 573 827 2962 293 8449 1021 2138 2270 1018
internal_value=3.15112e-05 0.00117743 -0.00185445 -0.00106917 0.000230434 0.00207232 -0.000100255 0.000334761 -0.00188433 -0.00311646 0.000596889 0.00241526 -0.0016893 -0.00383143 -0.00190039
internal_weight=5915.5 3684.15 2231.35 1382.49 526.864 1778.78 237.355 1905.37 855.629 848.857 1710.98 1541.43 290.057 558.799 194.391
internal_count=30828 17540 13288 7799 765 7194 967 10346 7034 5489 9276 6227 2431 3058 1070
is_linear=0
shrinkage=0.01444


Tree=22
num_leaves=16
num_cat=0
split_feature=19 11 17 23 12 33 28 34 23 1 11 33 35 35 26
split_gain=55.826 19.0733 11.7294 10.9356 7.13862 6.97682 6.0293 5.19352 5.03727 4.36462 4.34868 4.15243 1.96819 1.75818 1.07448
threshold=0.048986777250783688 0.23574658976767074 1.0115815313557455 0.080799567082627935 0.026498961771916917 0.016171703227177984 -0.032749999999999967 0.0060563578888678258 0.019753774308986675 0.088006622516556304 0.13064590677785523 0.011057711898717406 2.9816332205995768 4.3753795602838741 0.52765538675396806
decision_type=10 8 10 10 8 8 8 10 8 2 10 8 2 2 8
left_child=1 8 11 4 13 14 -4 -6 12 -7 -10 -3 -1 -2 -5
right_child=3 2 6 5 7 9 -8 -9 10 -11 -12 -13 -14 -15 -16
leaf_value=3.2091246835090997e-05 -0.00032385548849664413 -0.00028352144982514199 -0.00014547125958782597 0.00048635093315192962 0.00015651609846126216 -0.0002462475151133586 6.1098994991339053e-05 -2.2485449583907235e-05 -0.00037323259110472456 0.0003883108374910174 -0.00016477954780017075 -0.00011260008823910398 -0.00026164105284998883 -6.2845395973253358e-05 0.00070828365891668823
leaf_weight=14.927559664938597 90.521159103140235 222.09301044140011 84.864122371189296 90.85324021987617 1403.4137727138586 53.91913460707292 640.67674771230668 559.86302265897393 49.859182246029377 706.97866605548188 726.54465215560049 657.32620420632884 326.16213824693114 102.73134544398636 184.76572390925139
leaf_count=208 738 1472 516 406 7118 534 2876 1734 528 3266 4081 3944 1782 789 836
internal_value=4.24165e-05 -0.00147432 -0.000455786 0.00133975 0.000744967 0.00256354 0.000891406 0.00101007 -0.0029245 0.00181937 -0.00224442 -0.00158199 -0.00442802 -0.00187592 0.00456276
internal_weight=5915.5 2722.45 1604.96 3193.05 2156.53 1036.52 725.541 1963.28 1117.49 760.898 776.404 879.419 341.09 193.253 275.619
internal_count=30828 15407 8808 15421 10379 5042 3392 8852 6599 3800 4609 5416 1990 1527 1242
is_linear=0
shrinkage=0.01444


Tree=23
num_leaves=16
num_cat=0
split_feature=22 11 1 22 28 35 20 18 8 12 9 12 8 18 8
split_gain=57.9828 13.078 12.7922 7.66483 7.20383 6.31349 6.20425 6.3572 4.11703 3.63421 3.14446 3.00156 2.93287 0.943634 0.541313
threshold=0.044770211317153509 0.22885614565309903 0.11752192982456143 0.020401951094676147 -0.014399999999999981 5.1074292206301806 0.078348906483677969 -0.023083266376284547 0.15153369997334348 0.089602025685063535 0.69950432454442601 0.074638017681957311 0.1345186518455794 -0.0038938745067996212 0.18664618952047965
decision_type=8 8 2 10 10 2 10 10 8 8 10 10 10 10 10
left_child=1 3 8 14 11 -6 7 -4 13 -10 -8 -3 -5 -2 -1
right_child=2 4 6 12 5 -7 10 -9 9 -11 -12 -13 -14 -15 -16
leaf_value=-0.00032243921169488855 -2.1757233987043485e-05 -0.00014337065712485017 0.00032313924887199019 -0.00042359983571658771 -0.00012585631312239399 8.0483969127008524e-05 0.00050626746100898286 3.9174188807754988e-05 6.416421463973111e-05 -6.6117955089835457e-05 -0.00021273831198285217 -0.00028304802480815389 -0.00016965387239816114 -0.00057564314091255748 -0.00033374451726345139
leaf_weight=126.18759543495253 7.8513990011997512 287.07359701022506 326.94977319589816 45.152846013661474 615.5184591524303 203.91038358118385 906.6159357605502 529.03565152268857 1487.276722993236 391.06178615265526 26.031496708281338 155.09217037633061 685.34017540188506 26.763113092631102 95.638576358556747
leaf_count=920 226 1453 1544 512 3244 774 3682 2132 8099 2555 144 962 3783 328 470
internal_value=3.38227e-05 -0.00181219 0.00114157 -0.00309428 -0.000833098 -1.50826e-05 0.00202061 0.00110656 0.000312454 0.00041039 0.00284435 -0.00231756 -0.00234567 -0.00455218 -0.0054886
internal_weight=5915.5 2213.91 3701.59 952.319 1261.59 819.429 1788.63 855.985 1912.95 1878.34 932.647 442.166 730.493 34.6145 221.826
internal_count=30828 12118 18710 5685 6433 4018 7502 3676 11208 10654 3826 2415 4295 554 1390
is_linear=0
shrinkage=0.01444


Tree=24
num_leaves=16
num_cat=0
split_feature=22 11 1 22 33 26 20 26 17 32 24 17 35 4 34
split_gain=57.8551 13.4438 13.0376 7.60183 7.15591 11.3054 6.25951 6.64213 5.22307 4.66761 3.71925 2.96538 1.28519 1.20918 0.79469
threshold=0.044770211317153509 0.22885614565309903 0.11752192982456143 0.020401951094676147 -0.055880948651539468 0.42044830188276222 0.078348906483677969 0.92453036296275382 0.72653378041001215 0.8337730870712402 11.500000000000002 1.7262829720961059 5.7188347252648075 0.2244298343739452 0.0010255930121009229
decision_type=10 8 2 8 8 10 10 10 8 10 2 10 2 10 10
left_child=1 3 8 13 14 -6 9 -8 12 -4 -10 -5 -2 -1 -3
right_child=2 4 6 11 5 -7 7 -9 10 -11 -12 -13 -14 -15 -16
leaf_value=-0.00032470999638991568 -0.00018627636078426317 -0.00015444705728781782 0.00025932710221943214 -0.00017901312153751614 -0.00016784485915939754 0.0001188755815700134 0.00052710968964532327 -5.9789159067179966e-05 4.7053022975382113e-06 -5.0840416512574919e-05 0.00013622897137970878 0.00061013371308062244 0.00055223665645307777 -0.00036150029747697996 -0.00025998467811873575
leaf_weight=210.90517068700865 181.01755596883595 25.133658432401717 582.11680575506762 712.4614340942353 763.09940808312967 338.99912448134273 855.51620532386005 77.13122714497149 1125.6808430440724 264.01798549294472 585.29657530784607 20.853032430633903 13.372985196299849 10.921001106500624 148.97666920721531
leaf_count=1350 966 516 2414 4193 3765 2274 3458 368 8444 954 832 146 104 40 1004
internal_value=4.84305e-05 -0.00178396 0.00116189 -0.00308396 -0.000799838 -0.000356038 0.00205214 0.00287712 0.000323566 0.00112607 0.000584422 -0.00234082 -0.00190039 -0.00546978 -0.00352401
internal_weight=5915.5 2231.35 3684.15 955.141 1276.21 1102.1 1778.78 932.647 1905.37 846.135 1710.98 733.314 194.391 221.826 174.11
internal_count=30828 13288 17540 5729 7559 6039 7194 3826 10346 3368 9276 4339 1070 1390 1520
is_linear=0
shrinkage=0.01444


Tree=25
num_leaves=16
num_cat=0
split_feature=19 8 23 30 26 18 12 26 15 23 8 18 8 35 30
split_gain=52.5445 16.2808 10.2719 8.15842 12.1564 10.4175 6.9766 6.53619 5.76182 4.52837 4.47997 4.18744 2.79434 1.75218 1.55611
threshold=0.048986777250783688 0.20526990866080561 0.080799567082627935 20.865000000000006 0.44265030163223823 -0.035745159322954183 0.026498961771916917 0.41098175821011368 1.2479257848025347 0.019753774308986675 0.31598030792883075 -0.0081685396331047083 0.1345186518455794 4.3753795602838741 15.795000000000002
decision_type=10 8 10 10 10 10 8 8 10 8 10 10 10 2 10
left_child=1 9 6 4 -3 -5 13 11 -8 14 -9 -4 -11 -2 -1
right_child=2 3 7 5 -6 -7 8 10 -10 12 -12 -13 -14 -15 -16
leaf_value=-0.00010231380936764385 -0.00032017349549404319 -0.00013348453338932117 0.00034135992492203367 9.2287779837443176e-05 0.00014987991123220135 -0.00026365986636164466 -1.6175815398369209e-06 0.00029897218130596427 0.00020449151841780522 -0.00047625379043781546 0.00056390780634411083 -0.00016628400749957504 -0.00015144157282159486 -6.0676419811007273e-05 -0.00029019537041831249
leaf_weight=47.952033462934196 90.521159103140235 1036.7248418503441 114.67324947845191 67.989906907081604 473.84722962230444 299.66923446953297 717.37533559091389 220.74248817097396 1245.9014597819187 38.914143990259618 577.97539217397571 123.12563496828079 533.82729927776381 102.73134544398636 223.52892746450379
leaf_count=422 738 5060 554 214 2891 1510 3069 1623 5783 490 2123 742 3470 789 1350
internal_value=3.53885e-05 -0.00143604 0.00129409 -0.000678056 -0.000198782 -0.00260838 0.000717391 0.00248029 0.00097957 -0.00310535 0.00310765 0.000315836 -0.00232722 -0.00187374 -0.00469075
internal_weight=5915.5 2722.45 3193.05 1878.23 1510.57 367.659 2156.53 1036.52 1963.28 844.222 798.718 237.799 572.741 193.253 271.481
internal_count=30828 15407 15421 9675 7951 1724 10379 5042 8852 5732 3746 1296 3960 1527 1772
is_linear=0
shrinkage=0.01444


Tree=26
num_leaves=16
num_cat=0
split_feature=19 11 30 1 26 19 30 26 35 1 11 33 33 26 28
split_gain=51.7814 17.7717 11.0661 10.4271 9.38379 5.93553 4.46852 4.4503 3.97502 3.47472 3.41028 3.12427 3.07253 1.1415 0.917481
threshold=0.048986777250783688 0.23574658976767074 20.500000000000004 0.11752192982456143 0.25212726020637394 0.060276332966182934 19.440000000000001 0.65451802157313088 4.0688557409938628 0.050801282051282058 0.13064590677785523 0.012569200100554625 0.020061510252349927 0.32911528106476756 -0.0043000000000000113
decision_type=10 8 8 2 10 10 10 10 2 2 10 8 8 10 10
left_child=1 10 4 9 -3 6 -5 -7 -4 14 13 -12 -11 -1 -2
right_child=3 2 8 5 -6 7 -8 -9 -10 12 11 -13 -14 -15 -16
leaf_value=-0.00038605320801412559 -0.00051780449520123469 -0.00020999600397329492 -7.9269263115164398e-05 0.00023428114615777607 6.1316728362777081e-05 0.00031063050367683196 -0.00020924957109797791 0.00057211202436726596 -0.00021139623138377703 0.00020403269333763417 -0.00025985262246868329 -0.00017113125473754203 1.7052578269275785e-06 -4.4230484528342661e-05 -6.265603578696089e-06
leaf_weight=73.439987326972187 31.977661354001611 288.95635185530409 215.34741999162361 108.13014918239787 814.92363043362275 921.08152963127941 84.225448489189148 513.69931398984045 285.73268245067447 538.05767319072038 141.73500076495111 883.08492942620069 980.42634914722294 19.233614795375615 15.447939726989715
leaf_count=588 197 1385 1514 508 4077 3554 310 2240 1832 2186 705 4998 6233 308 193
internal_value=2.95411e-05 -0.00143116 -0.000447622 0.00127909 0.000350134 0.0020905 -0.000229411 0.00241061 -0.00222961 0.000427154 -0.00283109 -0.00256466 0.000555269 -0.00560407 -0.0033609
internal_weight=5915.5 2722.45 1604.96 3193.05 1103.88 1627.14 192.356 1434.78 501.08 1565.91 1117.49 1024.82 1518.48 92.6736 47.4256
internal_count=30828 15407 8808 15421 5462 6612 818 5794 3346 8809 6599 5703 8419 896 390
is_linear=0
shrinkage=0.01444


Tree=27
num_leaves=15
num_cat=0
split_feature=21 9 17 10 8 17 9 39 10 11 16 31 38 5
split_gain=41.2414 19.1562 8.22641 8.08129 7.05532 5.11291 4.64124 4.49573 3.43159 6.99391 2.53158 2.40627 1.80354 1.31635
threshold=0.044798349915059391 0.18588624619202479 1.1417176682035455 0.15178579571658143 0.20005781570337414 0.55906484518719635 0.30555915120734323 3.5000000000000004 0.17933180066287635 0.14574966491361616 0.88220325798412158 0.40000000000000041 6.5000000000000009 0.24838219309332935
decision_type=10 8 10 8 8 8 8 2 10 10 10 10 2 10
left_child=1 8 4 12 -3 11 -7 -4 9 -1 -10 -5 -2 -14
right_child=3 2 7 5 -6 6 -8 -9 10 -11 -12 -13 13 -15
leaf_value=-0.00029202625251420499 -0.00028696751251006093 -0.00022029180741487425 9.8412818214675096e-05 0.00025714122813059467 -6.2218404673206219e-05 8.6988528407878137e-05 0.0003581451903981593 -0.0002882705738717538 3.2778721231071959e-05 -2.7373476553222187e-05 -0.00024215578723274262 -0.000204213485772814 -0.00024144853894927462 0.00041456472243440074
leaf_weight=151.06999722402543 35.128029305487871 180.36159445624799 865.64725769404322 12.333040742203591 1897.5299938363023 763.08138720132411 1351.3863123320043 88.872101330198348 13.425963358022271 185.69972475245595 293.45873115956783 31.872837942093611 28.766232337802649 16.866478084586561
leaf_count=1592 146 1278 4368 84 9593 3720 5361 536 110 1334 2288 142 144 132
internal_value=2.78332e-05 -0.000910928 -0.000425438 0.00157451 -0.000937763 0.00174625 0.00185194 0.000676031 -0.00317552 -0.00208646 -0.00432213 -0.00297666 -0.00283557 -0.000590852
internal_weight=5915.5 3676.07 3032.41 2239.43 2077.89 2158.67 2114.47 954.519 643.654 336.77 306.885 44.2059 80.7607 45.6327
internal_count=30828 21099 15775 9729 10871 9307 9081 4904 5324 2926 2398 226 422 276
is_linear=0
shrinkage=0.01444


Tree=28
num_leaves=16
num_cat=0
split_feature=22 1 7 28 35 21 5 22 15 28 10 0 10 7 28
split_gain=53.4336 12.7032 12.2439 10.1978 8.01636 5.81812 6.57283 5.34004 4.71173 4.08647 3.89361 3.27168 2.29723 1.75014 1.56357
threshold=0.044770211317153509 0.11752192982456143 0.21030227905456669 -0.014399999999999981 5.1074292206301806 0.031440485884004298 0.1623985929598922 0.019980262721197111 0.87849790142499062 -0.041649999999999958 0.083065637477828927 0.34107500000000007 0.21873006596462535 0.19294936929977455 -0.011399999999999992
decision_type=8 2 8 10 2 8 10 10 10 8 10 2 10 10 10
left_child=2 8 7 11 -5 6 -3 13 14 -7 -10 -4 -9 -1 -2
right_child=1 5 3 4 -6 9 -8 12 10 -11 -12 -13 -14 -15 -16
leaf_value=-0.00032038805233326956 -1.5489100216282203e-05 -0.00014955484172809978 -0.00029106793602966247 -0.00011967473875844612 0.00017065833957235045 2.9809929441996835e-05 0.00030704343727980959 -0.00016762644141511728 -0.00057062044524560567 0.00038237105145817182 5.162443135630911e-05 -0.00013862064787255267 -0.0002206887438112146 -0.0001551099966975311 -0.00022630554075621999
leaf_weight=139.96237527905032 94.262372569879517 116.17068945430219 136.17787501867861 631.93909253086895 230.24371730303392 208.91325180465356 121.18410329148173 567.97367178974673 16.992939137388021 1342.3648126369808 1686.6323148091324 322.51211818866432 161.65146371442825 23.453489504754543 115.06539472332224
leaf_count=954 789 394 590 3202 786 1000 573 3677 144 5535 9239 1743 930 236 1036
internal_value=1.215e-05 0.00107566 -0.00175992 -0.000862508 4.84035e-05 0.00195139 -0.000101658 -0.00307124 0.000249681 0.00227387 0.000507029 -0.00260121 -0.00250597 -0.00549819 -0.00177818
internal_weight=5915.5 3701.59 2213.91 1320.87 862.183 1788.63 237.355 893.041 1912.95 1551.28 1703.63 458.69 729.625 163.416 209.328
internal_count=30828 18710 12118 6321 3988 7502 967 5797 11208 6535 9383 2333 4607 1190 1825
is_linear=0
shrinkage=0.01444


Tree=29
num_leaves=16
num_cat=0
split_feature=22 1 11 22 33 26 20 18 26 17 5 17 21 35 16
split_gain=51.9126 12.6563 11.766 7.743 6.63143 9.42186 5.83239 6.27653 6.20054 5.45433 4.77533 2.9831 2.10563 1.56021 1.09341
threshold=0.044770211317153509 0.11752192982456143 0.23974921646858047 0.020401951094676147 -0.055880948651539468 0.42044830188276222 0.078348906483677969 -0.023083266376284547 0.92453036296275382 0.72653378041001215 0.071526498388410339 1.7007213609953944 0.054248410153583122 3.4322113177092528 0.67380939703853648
decision_type=8 2 8 10 8 10 10 10 10 10 8 10 10 2 10
left_child=2 9 3 13 14 -6 7 -3 -8 12 -11 -5 -2 -1 -4
right_child=1 6 4 11 5 -7 8 -9 -10 10 -12 -13 -14 -15 -16
leaf_value=-0.00014985288894417948 -0.00017884160617584959 0.00030067574536373534 3.3380632679421056e-05 -0.00017104927768943947 -0.00014912325307248897 0.00012066535622999405 0.00049749206304899711 2.1823417095939846e-05 -8.6022952958260884e-05 -0.00017279348507576745 6.6738699237672996e-05 0.00026183931233100599 6.5808064413069814e-06 -0.00031576165441971483 -0.00024074119626378855
leaf_weight=30.07962862495333 201.69284917903133 326.94977319589816 13.709402859210966 786.68679829873145 674.64890762558207 322.67546474514529 855.51620532386005 529.03565152268857 77.13122714497149 141.79590501496568 1481.3508276320063 30.709783038124442 88.113439413718879 198.64815689297393 156.75566124450415
leaf_count=344 1884 1544 92 4534 2624 1840 3458 2132 368 775 8135 186 414 1114 1384
internal_value=2.02598e-05 0.00106855 -0.00172636 -0.00284247 -0.000714441 -0.000249581 0.00194263 0.0010558 0.00274142 0.000244101 0.000575913 -0.00215524 -0.00156677 -0.00523013 -0.00334794
internal_weight=5915.5 3701.59 2213.91 1046.12 1167.79 997.324 1788.63 855.985 932.647 1912.95 1623.15 817.397 289.806 228.728 170.465
internal_count=30828 18710 12118 6178 5940 4464 7502 3676 3826 11208 8910 4720 2298 1458 1476
is_linear=0
shrinkage=0.01444


Tree=30
num_leaves=16
num_cat=0
split_feature=23 1 9 17 21 8 31 32 26 26 24 10 23 26 21
split_gain=41.1217 14.859 12.7599 7.14912 6.09117 5.24098 5.20687 4.95638 4.32718 4.19378 4.1363 2.49148 3.11721 2.73126 0.736237
threshold=0.035416447630404309 0.11752192982456143 0.19393274828119864 1.0064675027151841 0.055472172596808401 0.15153369997334348 1.1249999999999993 0.83575197889182073 0.4473921151539777 0.6619804778504389 11.500000000000002 0.20156879151069898 0.020073463387975252 0.48515791475977071 0.013689006906235474
decision_type=10 2 8 10 8 8 8 10 10 10 2 10 8 10 10
left_child=2 5 11 9 7 14 -5 -3 -6 -4 -7 12 -1 -13 -2
right_child=1 4 3 6 8 10 -8 -9 -10 -11 -12 13 -14 -15 -16
leaf_value=-0.00024944486058735304 -5.5654044651815285e-05 0.00024567974516100913 -0.00018715896546896892 -0.00014010709540627779 0.00022102023294613579 -1.9280566172395094e-05 5.0414877794832375e-05 -6.0890312619439689e-05 0.00051098904336002217 0.00020961781300324347 7.5988327984933163e-05 -0.0002880763911608921 -0.00015184417446454193 3.3908798538551995e-05 -0.00050801880232390919
leaf_weight=190.44424523925409 6.3095998498611143 566.669866617769 683.03775619762018 229.29432165622711 292.08241692231968 1366.9374452489428 391.31751372851431 218.75144746992737 706.09252941049635 62.972992295399308 724.65159600973129 178.74191015632823 239.70628638239577 18.570994256995618 39.918760314583778
leaf_count=1194 370 2243 4193 1464 1307 9938 1700 874 2820 536 1031 874 1578 344 362
internal_value=1.83267e-05 0.000879023 -0.00166746 -0.000871172 0.00185221 6.06945e-05 0.000255455 0.000874713 0.00260734 -0.00182545 0.000173606 -0.00337864 -0.00268495 -0.00481294 -0.00470945
internal_weight=5915.5 3921.41 1994.09 1366.62 1783.6 2137.82 620.612 785.421 998.175 746.011 2091.59 627.463 430.151 197.313 46.2284
internal_count=30828 18945 11883 7893 7244 11701 3164 3117 4127 4729 10969 3990 2772 1218 732
is_linear=0
shrinkage=0.01444


Tree=31
num_leaves=16
num_cat=0
split_feature=22 21 7 1 20 28 21 21 7 11 22 7 22 27 24
split_gain=50.7233 15.059 8.41789 6.92 6.30665 7.8621 5.14985 5.87126 4.60408 3.62687 3.14621 3.52853 2.33397 1.82834 1.07763
threshold=0.035274533443921618 0.055970157557468626 0.2278400112350126 0.063350877192982477 0.092170908886514677 -0.029800000000000017 0.026776357431741737 0.025166385987511669 0.28672729019393495 0.18713796992087403 0.021634269550894102 0.18919740475238991 0.025408169278325825 0.17643816071081134 10.500000000000002
decision_type=8 10 8 2 10 8 10 10 8 10 10 10 10 10 2
left_child=2 4 10 14 5 -2 7 -4 -5 -6 11 -1 -12 -8 -3
right_child=1 3 6 8 9 -7 13 -9 -10 -11 12 -13 -14 -15 -16
leaf_value=-0.00030139244759122877 -0.00013418727218589602 -6.2989910837307473e-06 -0.00010406170794957324 0.00015593586795930442 -9.9217088274681993e-05 1.7084055235486077e-05 -2.5093911269399029e-05 0.0011310564880542418 0.00040671887180714815 0.00042889348196923071 -0.00015777745038769058 -0.00017074664273673086 -0.00021719310177255712 -0.00029764867652291345 -0.00042274341291515292
leaf_weight=162.73613070463762 397.33605923736468 13.084651713259516 431.7940611038357 452.28448915667832 19.893979527521878 2266.327717914246 29.69822717923671 31.75879636965692 1093.725242221728 239.17985618766397 168.41502619488165 84.877904336433858 377.60921440366656 118.33901167660952 28.43931382894516
leaf_count=1094 2152 185 2237 2588 300 12384 154 110 4023 1246 877 602 2242 588 46
internal_value=1.63396e-05 0.000764923 -0.00237638 0.00189748 0.000145031 -5.95667e-05 -0.00107021 -0.000288963 0.00205964 0.00229465 -0.003365 -0.00478799 -0.00269153 -0.00341819 -0.00377615
internal_weight=5915.5 4510.27 1405.23 1587.53 2922.74 2663.66 611.59 463.553 1546.01 259.074 793.638 247.614 546.024 148.037 41.524
internal_count=30828 22924 7904 6842 16082 14536 3089 2347 6611 1546 4815 1696 3119 742 231
is_linear=0
shrinkage=0.01444


Tree=32
num_leaves=15
num_cat=0
split_feature=20 9 30 1 9 18 5 23 20 31 15 18 8 9
split_gain=41.1275 18.7156 14.1431 10.0302 9.08984 7.02417 4.73784 5.26956 4.71334 4.7182 3.64032 3.60088 4.04432 2.51864
threshold=0.052107749015397505 0.19305851244223324 19.865000000000002 0.11752192982456143 0.28537947774387479 -0.016223781846996351 0.1623985929598922 0.080799567082627935 0.060604586723263749 3.4700000000000011 1.4036333190275316 0.038158779349923629 0.1345186518455794 0.26793220299210047
decision_type=10 8 8 2 10 10 8 10 10 8 10 10 10 8
left_child=1 11 4 8 -3 -4 7 -5 9 -2 -10 12 -1 -8
right_child=3 2 5 6 -6 -7 13 -9 10 -11 -12 -13 -14 -15
leaf_value=-0.00041389249086571506 8.56372950940855e-05 -5.5015510197090583e-05 -5.8805188624236609e-05 -6.7391978718161046e-05 0.00016200047431074913 -0.00019923522761934918 5.8045801388833336e-05 0.00044732376214117766 -0.00016084588386168096 0.00030037219625546173 6.4431029981398949e-05 -0.00029382450067819572 -0.00018054803877002787 0.00047705659993231537
leaf_weight=66.956707972567528 258.81364296190441 1122.3050622949377 347.88446372421458 252.39018528303131 630.39584696572274 481.17794793285429 77.258466327097267 212.01423338195309 321.63769271131605 77.547300637699664 538.12898262310773 66.746218669228256 606.13719281088561 856.10573745984584
leaf_count=848 1439 5699 2534 874 2845 2140 486 788 1654 400 3431 358 3762 3570
internal_value=1.55345e-05 -0.00104615 -0.000459663 0.00138005 0.0002689 -0.00201483 0.00221254 0.000975367 0.000395695 0.00184656 -0.000157528 -0.00307319 -0.00271742 0.00281314
internal_weight=5915.5 3321.6 2581.76 2593.9 1752.7 829.062 1397.77 464.404 1196.13 336.361 859.767 739.84 673.094 933.364
internal_count=30828 18186 13218 12642 8544 4674 5718 1662 6924 1839 5085 4968 4610 4056
is_linear=0
shrinkage=0.01444


Tree=33
num_leaves=16
num_cat=0
split_feature=19 9 33 1 23 20 35 19 27 10 12 10 8 28 13
split_gain=44.6614 17.1371 8.76547 8.75435 5.83606 4.25933 4.63014 4.1109 4.32842 3.91254 3.49042 3.35231 5.96529 3.09626 1.72628
threshold=0.056426713567540178 0.18588624619202479 0.0045148788295587003 0.11752192982456143 0.053058327403024998 0.060604586723263749 3.4739830393804669 0.079237242892904139 0.14355739139076631 0.29878503402838902 0.022660728747486768 0.17933180066287635 0.1588591463631169 -0.041649999999999958 5.6128769068794702
decision_type=10 8 10 2 8 10 2 10 8 8 8 10 10 8 10
left_child=1 11 9 5 -4 6 -2 13 -9 -3 -7 12 -1 -5 -13
right_child=3 2 4 7 -6 10 -8 8 -10 -11 -12 14 -14 -15 -16
leaf_value=-0.00024997626511416126 -0.00019346757012110498 -0.00025584923270512182 -4.8236985608952374e-05 -0.00019822017527050645 0.00022032274487631624 -0.00028157080824294932 0.00022272459136430764 0.00028361807920039756 0.00045042099905691764 -0.0001006954463883242 1.4527919925449096e-05 -0.00023772939529478901 -6.4243643502975828e-05 0.00013818092683078091 1.2703923269653091e-05
leaf_weight=165.12785028945655 68.764527038671076 206.90948329027742 1683.9471759805456 59.287177830934525 262.9994209902361 68.376137151382864 317.89122972544283 285.68791460758075 803.08725309325382 384.0496554155834 774.80702508985996 280.76478579174727 161.44341365806758 377.35940120927989 14.997230594046412
leaf_count=1650 336 1425 7580 224 1055 593 1604 1304 3176 3247 4348 1880 912 1416 78
internal_value=2.11358e-05 -0.00114807 -0.000614816 0.0013669 -0.000139864 0.00044652 0.00170251 0.00209993 0.00258093 -0.00215584 -0.000114663 -0.00329918 -0.00220315 0.000868869 -0.00445879
internal_weight=5915.5 3160.24 2537.91 2755.26 1946.95 1229.84 386.656 1525.42 1088.78 590.959 843.183 622.333 326.571 436.647 295.762
internal_count=30828 17827 13307 13001 8635 6881 1940 6120 4480 4672 4941 4520 2562 1640 1958
is_linear=0
shrinkage=0.01444


Tree=34
num_leaves=16
num_cat=0
split_feature=22 19 7 11 25 19 16 4 5 28 22 7 22 8 31
split_gain=49.6487 14.9338 8.74349 5.8581 5.49016 5.36811 3.33632 3.49239 3.11916 2.56027 2.41052 3.20697 2.76174 1.64783 1.01799
threshold=0.034755021655857789 0.10003736579503222 0.2278400112350126 0.24396196063118999 1.20798898815178 0.039567839540781614 1.2794294143481184 0.022473450991926592 0.20187412711849503 0.0088999999999999791 0.021634269550894102 0.18919740475238991 0.025408169278325825 0.2380634697621111 5.1250000000000009
decision_type=8 10 8 10 10 10 10 10 8 10 10 10 10 10 8
left_child=2 4 10 13 5 -2 7 -4 -5 -8 11 -1 -12 -3 -6
right_child=1 3 6 8 14 -7 9 -9 -10 -11 12 -13 -14 -15 -16
leaf_value=-0.0002910004269940364 -7.0713371368720415e-05 0.00022400681445644804 1.2371371203055475e-05 0.00028115233402804422 -0.00032319734567503618 5.1756461993071895e-05 -0.00030176574010777764 -0.00024633642496728699 0.00064822474517610505 -5.0648160208505947e-05 -0.00014945922785687078 -0.00016679009993297015 -0.00022328668208839987 -0.00023856736116185202 6.6737851229284849e-05
leaf_weight=162.73613070463762 791.37155548203737 69.4602678748779 373.59122454281896 345.87445471994579 86.25796746276319 2700.1905543608591 75.746392028406262 98.403469528071582 513.79207793530077 35.537341165356338 168.41502619488165 84.877904336433858 348.28377992566675 53.097248841077089 7.8642866532318285
leaf_count=1094 4500 572 1761 1376 557 13562 484 398 2277 346 877 602 2106 214 102
internal_value=3.18998e-05 0.000752647 -0.0024008 0.00233174 0.000316142 0.000412428 -0.0010355 -0.000470977 0.00275522 -0.00329855 -0.00342409 -0.00468111 -0.002792 -0.000531354 -0.00309888
internal_weight=5915.5 4567.91 1347.59 982.224 3585.68 3491.56 583.278 471.995 859.667 111.284 764.313 247.614 516.699 122.558 94.1223
internal_count=30828 23160 7668 4439 18721 18062 2989 2159 3653 830 4679 1696 2983 786 659
is_linear=0
shrinkage=0.01444


Tree=35
num_leaves=16
num_cat=0
split_feature=23 1 9 12 8 25 1 24 30 26 9 18 23 26 18
split_gain=39.424 13.9035 12.1872 6.47551 6.63706 6.1829 4.13127 3.96678 3.68622 3.59593 3.33831 3.17737 2.93952 1.89508 1.51474
threshold=0.035416447630404309 0.11752192982456143 0.19393274828119864 0.090934480388993669 0.31022642414966212 0.63373125695322041 0.044483270676691729 11.500000000000002 20.865000000000006 0.92453036296275382 0.36597302854029973 0.018575321614075494 0.019753774308986675 0.080597773483549517 -0.0012522703329465033
decision_type=8 2 8 8 10 10 2 2 10 10 8 10 10 10 10
left_child=2 6 11 4 -4 8 14 -8 -3 -7 -5 12 -1 -13 -2
right_child=1 5 3 10 -6 9 7 -9 -10 -11 -12 13 -14 -15 -16
leaf_value=-0.00019167826261584463 4.1295307914142554e-06 0.00021775182491792376 -9.0106051964293323e-05 -0.00024284831330787537 0.00018285049088011862 0.00047982468688589002 -2.5494169340845176e-05 7.7997190879567244e-05 -3.9657251858455474e-05 -0.00010855396732930722 -0.00013094546407374101 -0.00018624646765862728 -0.00016849665580452995 -0.00028292461583549544 -0.0004845443152405465
leaf_weight=185.74031384522095 13.118898381479083 782.2670669874642 839.11620402801782 178.53945790976286 169.42741371877491 691.83883931441233 1381.4235103225801 713.614965736866 258.305181235075 61.035806354135275 165.31609388627112 18.631013211794198 265.30285595916212 154.57697216048837 37.245088704861701
leaf_count=1356 162 3442 4222 996 781 2912 11153 1015 896 302 780 62 1708 808 233
internal_value=5.3179e-06 0.000842588 -0.00165625 -0.000872098 -0.000273589 0.00178094 5.18183e-05 0.00015657 0.00103868 0.00278793 -0.00258627 -0.00333181 -0.00262609 -0.00507994 -0.00400267
internal_weight=5915.5 3938.85 1976.65 1352.4 1008.54 1793.45 2145.4 2095.04 1040.57 752.875 343.856 624.251 451.043 173.208 50.364
internal_count=30828 20115 10713 6779 5003 7552 12563 12168 4338 3214 1776 3934 3064 870 395
is_linear=0
shrinkage=0.01444


Tree=36
num_leaves=16
num_cat=0
split_feature=20 9 30 9 1 18 26 15 20 11 18 15 33 9 4
split_gain=38.3617 18.5563 13.6248 9.15901 8.93642 7.01336 4.93656 5.90754 4.54664 4.37535 3.59956 3.59934 3.44389 3.31575 1.05191
threshold=0.052107749015397505 0.19305851244223324 19.865000000000002 0.28537947774387479 0.11752192982456143 -0.016223781846996351 0.4473921151539777 1.5364407639345055 0.060604586723263749 0.25657378343180637 0.030576263404141216 1.4036333190275316 0.037496068996547678 0.13469299129159593 0.043724741078957081
decision_type=10 8 8 10 2 10 8 8 10 10 10 10 10 10 10
left_child=1 10 3 -3 8 -4 7 -6 12 -8 13 -10 -2 -1 -12
right_child=4 2 5 -5 6 -7 9 -9 11 -11 14 -13 -14 -15 -16
leaf_value=-0.00039817736167780212 0.00023906801356887635 -5.3573607977495988e-05 -5.6191847376965469e-05 0.00015606582399150184 -0.00016101675074391982 -0.00019037640861056072 1.2757564390925103e-05 0.00036358022462309786 -0.00016060669549748948 0.0004673455352746868 -0.00028827236454118018 6.1417223620645057e-05 -8.1935182074826157e-06 -0.00015200349105658239 -0.00039592042490651955
leaf_weight=51.698725224006921 209.31654496490955 1122.3050622949377 347.88446372421458 630.39584696572274 194.01465789414942 481.17794793285429 120.16346602886915 206.16387228900567 321.63769271131605 877.42662623990327 91.403375631198287 538.12898262310773 127.04439863469452 582.78570705931634 13.952311538159845
leaf_count=980 825 5699 2534 2845 702 2140 606 878 1654 3532 546 3431 1014 3390 52
internal_value=-4.65682e-06 -0.00103438 -0.00045039 0.000264579 0.00130885 -0.00197683 0.00209479 0.000693719 0.000378927 0.002643 -0.00305274 -0.000164243 0.00180415 -0.00259916 -0.00563278
internal_weight=5915.5 3321.6 2581.76 1752.7 2593.9 829.062 1397.77 400.179 1196.13 997.59 739.84 859.767 336.361 634.484 105.356
internal_count=30828 18186 13218 8544 12642 4674 5718 1580 6924 4138 4968 5085 1839 4370 598
is_linear=0
shrinkage=0.01444


Tree=37
num_leaves=16
num_cat=0
split_feature=22 20 9 28 18 1 16 21 21 9 22 22 17 9 16
split_gain=46.8618 14.3931 7.94005 7.20019 8.24726 4.96617 4.58392 4.9464 3.62317 3.48681 2.82467 4.40326 2.27731 1.2876 1.25956
threshold=0.034755021655857789 0.092170908886514677 0.20820718070757763 -0.029800000000000017 0.051398069569419953 0.082135368956743018 0.92635854430717879 0.026644298005026271 0.055472172596808401 0.69950432454442601 0.01900323466474952 0.025408169278325825 1.0367788460539862 0.19775677899704855 0.98846086341173733
decision_type=8 10 8 8 10 2 8 8 10 10 10 10 10 10 10
left_child=2 3 10 8 -5 14 12 -8 -2 -7 13 -12 -4 -1 -3
right_child=1 5 6 4 -6 9 7 -9 -10 -11 11 -13 -14 -15 -16
leaf_value=-0.00028946193323757595 -0.00013007417878211754 -1.6065517893745978e-05 -0.00028978335351729031 1.9166003374420598e-05 0.00026888146924739035 0.00043129899055075605 1.8902158466741956e-05 -0.00018388604203752856 0.00018282375551490799 -0.00039432693554658364 -9.3846011979417643e-05 -0.00024763007345514728 -9.2629270194246775e-05 0.00012787051311872089 -0.00043081988667155414
leaf_weight=163.69185006245971 399.09911761665717 29.129555016756058 140.94295606669039 2738.2463215743192 314.92702119005844 938.38009785162285 365.41114145237952 117.06799283251166 108.2580136321485 24.234468377195299 196.38118934212252 267.66865987330675 87.834111695177853 8.5933671016246063 15.633818071335552
leaf_count=1218 2162 190 912 14499 1244 4149 1522 622 660 130 1030 1642 632 90 126
internal_value=-2.11581e-06 0.000693778 -0.00237 0.00025833 0.000526152 0.00221887 -0.00129091 -0.000459133 -0.00132641 0.00244446 -0.0035534 -0.00289579 -0.00298264 -0.0052339 -0.00231391
internal_weight=5915.5 4567.91 1347.59 3560.53 3053.17 1007.38 711.256 482.479 507.357 962.615 636.335 464.05 228.777 172.285 44.7634
internal_count=30828 23160 7668 18565 15743 4595 3688 2144 2822 4279 3980 2672 1544 1308 316
is_linear=0
shrinkage=0.01444


Tree=38
num_leaves=16
num_cat=0
split_feature=22 19 7 28 11 1 35 19 5 10 18 18 22 31 24
split_gain=46.0276 13.6918 9.00385 7.12322 6.89772 4.38044 3.86436 3.63109 3.53961 3.30458 2.78641 2.60761 3.91985 0.242889 0.093506
threshold=0.034755021655857789 0.10615902840798833 0.2278400112350126 -0.029800000000000017 0.20232601293046912 0.076570723684210543 5.6023585204985293 0.062500055590950676 0.1613466203219624 0.19038683352444288 -0.012226187980773405 0.030576263404141216 0.01900323466474952 2.8350000000000013 10.500000000000002
decision_type=8 10 8 8 10 2 2 10 8 8 8 10 10 10 2
left_child=2 3 11 7 -5 14 9 -2 -7 -4 -8 12 -1 -13 -3
right_child=1 5 6 4 -6 8 10 -9 -10 -11 -12 13 -14 -15 -16
leaf_value=-0.00028528210794686622 -0.00013118715168664561 -0.000254332830668148 9.5490916912800876e-05 -6.8515086979675026e-05 7.3346526327596278e-05 0.00015779214719179919 -0.00010640832930836294 1.0720580344328892e-05 0.00055691923369139546 -0.00014442724606711713 0.00044033682877435355 -0.00032094129066668749 -0.00014532113397596548 -0.00027193758242541902 -0.00025419880876877506
leaf_weight=137.60381705546752 289.55905131343752 8.0957682137377578 20.451228353194892 637.02439056290314 2557.8516209623776 184.79199133999646 28.169163878075778 238.26424267468974 641.67176808230579 511.94263040926307 22.715404624119401 76.979406790342182 491.82325623510405 57.90636108070612 10.649580180644987
leaf_count=1028 1749 116 106 5007 11334 856 100 1197 2883 2709 74 477 2984 190 18
internal_value=-2.10207e-05 0.000668615 -0.00236769 0.000287756 0.00054739 0.00232933 -0.000983417 -0.00125794 0.00249684 -0.00136388 0.00271446 -0.00340549 -0.00296224 -0.00535652 -0.00423692
internal_weight=5915.5 4567.91 1347.59 3722.7 3194.88 845.209 583.278 527.823 826.464 532.394 50.8846 764.313 629.427 134.886 18.7453
internal_count=30828 23160 7668 19287 16341 3873 2989 2946 3739 2815 174 4679 4012 667 134
is_linear=0
shrinkage=0.01444


Tree=39
num_leaves=16
num_cat=0
split_feature=22 23 7 30 20 11 33 26 21 16 5 22 22 7 7
split_gain=44.9111 14.0508 8.71559 7.59783 8.63352 7.36766 6.64887 4.79463 4.17028 4.31225 2.47717 1.9463 2.84158 2.69271 1.64687
threshold=0.034755021655857789 0.080799567082627935 0.2278400112350126 20.115000000000006 0.052107749015397505 0.20232601293046912 0.016171703227177984 0.18152520077540849 0.026776357431741737 1.2899164270123624 0.10421719730321187 0.021634269550894102 0.025408169278325825 0.18919740475238991 0.23388681847245382
decision_type=8 10 8 8 10 10 8 8 10 10 8 10 10 10 8
left_child=2 3 11 5 -5 -2 10 -8 9 -4 -3 13 -13 -1 -10
right_child=1 6 8 4 -6 -7 7 -9 14 -11 -12 12 -14 -15 -16
leaf_value=-0.00027353633334690764 -9.3860752804486865e-05 -2.0434929437260595e-05 2.0803267554053373e-05 -0.00016201169844407232 5.2897626185929537e-05 7.0483305298666226e-05 -0.00051977798474139544 0.00032707498920900882 1.0347079574206542e-05 -0.00022277330437358149 0.00060434125541736553 -0.00013888471120932066 -0.00020976020110542376 -0.00016048143417868804 -0.00027843435532907057
leaf_weight=162.73613070463762 439.35324006341398 23.653670091181993 365.3811026243493 489.60838916292414 393.72994391992688 2202.7608487498946 38.237682930193841 727.99198651500046 14.993392139673231 85.174026233144104 252.57265189755708 168.41502619488165 348.28377992566675 84.877904336433858 117.72990626748651
leaf_count=1094 3118 126 1609 3290 1832 9852 240 3582 50 688 1120 877 2106 602 642
internal_value=-1.33394e-05 0.00066786 -0.00233142 0.00022808 -0.000924979 0.00061865 0.00214167 0.00142106 -0.00096896 -0.000272921 0.00408643 -0.0033526 -0.00277347 -0.00449939 -0.00322258
internal_weight=5915.5 4567.91 1347.59 3525.45 883.338 2642.11 1042.46 766.23 583.278 450.555 276.226 764.313 516.699 247.614 132.723
internal_count=30828 23160 7668 18092 5122 12970 5068 3822 2989 2297 1246 4679 2983 1696 692
is_linear=0
shrinkage=0.01444


Tree=40
num_leaves=16
num_cat=0
split_feature=22 23 30 11 33 26 11 26 12 21 22 34 17 14 22
split_gain=41.5374 14.0561 6.62262 7.17802 6.49229 5.60376 5.49241 4.27175 3.86251 4.69079 3.55309 4.99556 2.4349 1.95191 1.55068
threshold=0.034755021655857789 0.080799567082627935 20.115000000000006 0.20232601293046912 0.016171703227177984 0.46840619453199672 0.24197009001034711 0.18152520077540849 0.088438144339684832 0.026644298005026271 0.020401951094676147 0.0024080131867990633 1.3738221091601333 1.4500661453601207 0.032744219927502843
decision_type=8 10 8 10 8 8 8 8 10 10 10 8 10 10 10
left_child=6 2 3 -2 13 -4 10 -6 9 -8 12 -12 -1 -3 -10
right_child=1 4 5 -5 7 -7 8 -9 14 -11 11 -13 -14 -15 -16
leaf_value=-0.00027721277935602296 -9.2505405163471657e-05 0.00034955638022871955 -0.00018215630076516247 6.9465527593787926e-05 -0.00051227239966540172 -1.2637712020579521e-06 2.0414339730174258e-05 0.0003223520320430578 -0.00025246270862753069 -0.00026498187479380956 -0.00017969224010251324 9.5803802336423988e-05 5.3958458315070881e-06 0.00060219073830637031 0.00017239672695207523
leaf_weight=211.68781579844654 439.35324006341398 86.459700588136911 289.18830371811055 2202.7608487498946 38.237682930193841 594.15002936474048 356.36011289944872 727.99198651500046 142.10317813977599 107.13282293826342 418.89702075067908 80.216171861160547 19.092463312204927 189.76662140060216 12.1016827262938
leaf_count=1316 3118 434 1962 9852 240 3160 1831 3582 842 620 2415 384 170 812 90
internal_value=1.49647e-05 0.000674414 0.000234538 0.000599302 0.00214855 -0.000841371 -0.00221001 0.00143591 -0.00117169 -0.000478037 -0.00306924 -0.00232563 -0.00461139 0.00407119 -0.00316279
internal_weight=5915.5 4567.91 3525.45 2642.11 1042.46 883.338 1347.59 766.23 617.698 463.493 729.893 499.113 230.78 276.226 154.205
internal_count=30828 23160 18092 12970 5068 5122 7668 3822 3383 2451 4285 2799 1486 1246 932
is_linear=0
shrinkage=0.01444


Tree=41
num_leaves=15
num_cat=0
split_feature=22 20 26 8 36 15 20 19 12 10 9 14 9 34
split_gain=40.89 10.4705 5.95899 5.64978 5.42528 4.96043 4.72649 4.61781 4.5285 5.51051 4.44886 4.16645 2.09073 0.906229
threshold=0.042789335009487235 0.092170908886514677 0.33517793336055968 0.15153369997334348 1.0000000180025095e-35 0.87849790142499062 0.052107749015397505 0.10395128383870046 0.10443476916827114 0.52201627249340887 0.19305851244223324 1.0975904604306628 0.42479800198887291 -0.049408385806927295
decision_type=10 10 10 8 2 8 10 10 10 8 10 10 10 8
left_child=2 3 6 13 11 -5 10 -6 9 -4 -1 -3 -10 -2
right_child=1 4 8 5 7 -7 -8 -9 12 -11 -12 -13 -14 -15
leaf_value=-0.00023737836709098747 -0.00010664670975232883 -6.2188673193838329e-05 -8.7611726522985434e-05 -0.00015457194183234556 -0.00024747839718668272 5.6412007462600295e-05 0.00017490393894151798 0.00032546502487332642 -0.0002190946519146471 0.00016587402426723258 -0.00014978088584144858 0.00048643711363971693 4.8286788031882463e-05 -0.00053094475904057225
leaf_weight=504.79049184545875 9.5193094294518215 37.679733804427087 762.12812716793269 205.77843124605715 102.23484217468649 2593.9069132786244 33.385231163352728 350.74615121912211 123.01422784104943 52.76668607769534 569.42332770675421 516.71721211867407 22.17695090547204 31.232045777607709
leaf_count=3136 216 228 5174 1057 470 12165 112 1509 770 637 2490 2388 154 322
internal_value=1.48252e-05 0.000897052 -0.00162041 0.000442472 0.00216486 0.000524812 -0.00234781 0.000948922 -0.000766737 -0.000329189 -0.00252094 0.00313283 -0.00312205 -0.00482835
internal_weight=5915.5 3847.81 2067.69 2840.44 1007.38 2799.69 1107.6 452.981 960.086 814.895 1074.21 554.397 145.191 40.7514
internal_count=30828 18355 12473 13760 4595 13222 5738 1979 6735 5811 5626 2616 924 538
is_linear=0
shrinkage=0.01444


Tree=42
num_leaves=16
num_cat=0
split_feature=19 8 33 23 26 33 12 18 15 8 18 17 5 5 26
split_gain=36.1121 11.3722 10.8982 8.81415 8.76999 6.4335 5.95352 5.67596 5.31935 4.67251 4.34256 4.21728 2.35569 1.67823 0.193773
threshold=0.048986777250783688 0.22871272789544542 0.0030308381064733107 0.080799567082627935 0.42317325232094211 0.016171703227177984 0.026498961771916917 -0.035745159322954183 1.2479257848025347 0.1345186518455794 -0.012655528481912535 1.1458990770805966 0.10421719730321187 0.29744584101978461 0.57462587467654858
decision_type=10 8 10 10 10 8 8 10 10 10 8 10 8 10 10
left_child=1 9 7 6 -4 12 13 -3 -8 14 -7 -11 -5 -2 -1
right_child=3 2 4 5 -6 10 8 -9 -10 11 -12 -13 -14 -15 -16
leaf_value=-0.00041554937692730895 -0.0002129638606880992 -7.6299895746640214e-05 -7.7164864667108064e-05 -1.6745590699778323e-05 0.00018283111920625356 0.00044688573203246969 -8.9084813681893615e-06 -0.00022302009128493137 0.00018119432926137684 -0.00017401832797675924 0.00010576997664966427 -8.8967803231274032e-05 0.00058488864603660473 3.9205438574607629e-05 -0.00016274592051707904
leaf_weight=59.138968627899885 138.1551913022995 196.75602938374504 691.27001000382006 23.046312231570482 397.19219609163702 313.80559426452965 717.37533559091389 266.14055470796302 1245.9014597819187 748.49912394443527 447.09220639802516 356.40248516621068 252.57265189755708 55.097313244827092 7.054249119013547
leaf_count=700 1083 2004 2331 122 1720 1370 3069 1937 5783 4339 2430 2228 1120 444 148
internal_value=2.70416e-05 -0.00119241 -0.000371173 0.0010709 0.00040809 0.00216907 0.000536576 -0.00223008 0.000779447 -0.00226845 0.00145558 -0.00202515 0.00408449 -0.00185839 -0.00608268
internal_weight=5915.5 2722.45 1551.36 3193.05 1088.46 1036.52 2156.53 462.897 1963.28 1171.09 760.898 1104.9 275.619 193.253 66.1932
internal_count=30828 15407 7992 15421 4051 5042 10379 3941 8852 7415 3800 6567 1242 1527 848
is_linear=0
shrinkage=0.01444


Tree=43
num_leaves=16
num_cat=0
split_feature=22 20 8 36 8 19 18 31 12 14 22 20 18 34 18
split_gain=41.0098 10.5082 5.35556 5.29401 4.87905 4.59215 4.22829 5.86575 5.53301 4.12233 4.00622 3.91747 2.38713 2.19192 1.4655
threshold=0.042789335009487235 0.092170908886514677 0.18664618952047965 1.0000000180025095e-35 0.15153369997334348 0.10395128383870046 -0.013971490306080412 5.1250000000000009 0.092226761228453843 1.0975904604306628 0.12017477502322216 0.044965476768302516 0.024410879925585775 -0.013851292772250166 -0.0029310123014056329
decision_type=8 10 8 2 8 10 8 10 10 10 10 10 10 10 10
left_child=2 4 11 9 14 -5 8 -8 -4 -3 -6 12 -1 -13 -2
right_child=1 3 6 5 10 -7 7 -9 -10 -11 -12 13 -14 -15 -16
leaf_value=-0.00015336474519642423 3.143236412540561e-06 -6.2817986459141645e-05 3.9620151703328011e-05 -0.0002498251715250695 3.0462909440093031e-05 0.00031431229335210066 -0.00013141381297628293 -0.00027201633217381198 -0.0002086181080994638 0.000477885653537025 0.00065566176786290497 -0.00016547749499475219 -0.00025560974579972223 0.00063119265922087823 -0.00051903383023586412
leaf_weight=386.86914978688583 9.5917646624147874 37.679733804427087 380.8938014311716 102.23484217468649 2768.3892119233496 350.74615121912211 942.58063815487549 135.17193581163883 73.542382850311697 516.71721211867407 48.701589768752456 21.46224233135581 95.923637337982655 13.805559810250996 31.189828570466489
leaf_count=2966 224 228 2019 470 14150 1509 4518 648 376 2388 230 170 562 44 326
internal_value=3.47034e-06 0.000881297 -0.00164487 0.00215228 0.000428373 0.000950431 -0.0012004 -0.00169288 -3.0009e-06 0.00310875 0.000504725 -0.00293146 -0.00327957 0.00144546 -0.00446491
internal_weight=5915.5 3865.25 2050.25 1007.38 2857.87 452.981 1532.19 1077.75 454.436 554.397 2817.09 518.061 482.793 35.2678 40.7816
internal_count=30828 19525 11303 4595 14930 1979 7561 5166 2395 2616 14380 3742 3528 214 550
is_linear=0
shrinkage=0.01444


Tree=44
num_leaves=16
num_cat=0
split_feature=19 17 19 7 28 25 17 28 28 19 5 5 7 31 33
split_gain=34.605 10.2847 9.93683 7.58638 5.42192 6.23676 4.37003 4.08876 3.74477 3.54813 3.34429 3.16829 2.85799 2.32139 1.40569
threshold=0.042401269842517526 1.0064675027151841 0.10615902840798833 0.22096397593127393 -0.041649999999999958 1.20798898815178 0.7288838889345588 0.068550000000000014 -0.027249999999999993 0.040341188660302361 0.65572816515749877 0.20187412711849503 0.25096507352117309 -4.089999999999999 0.049145646396208893
decision_type=8 8 10 10 8 10 10 8 8 10 8 8 10 8 8
left_child=1 9 4 10 13 -6 7 -4 -5 12 -3 -8 -1 -2 -11
right_child=2 3 6 8 5 -7 11 -9 -10 14 -12 -13 -14 -15 -16
leaf_value=-0.00020560566624024888 0.000254953316915769 -0.00010369732636787545 0.0001468823555096224 -0.00016058565580728438 7.0354203472769786e-05 -0.0003141718042572298 0.00025302059389675801 -0.00029822801037448522 5.4212404428229765e-05 -1.4671339060549579e-06 -0.00033453394470224382 0.0006745956429235016 -0.00014863949795533235 -8.9348906559584941e-05 0.00062798049422401532
leaf_weight=619.45571033051237 38.394120946526527 587.52276124898344 103.45335889421403 65.051757375709713 2430.8300996664912 90.420361484866589 262.45632786443457 34.980011211708188 502.89555086381733 19.950391681864858 31.345108926761895 444.3194098463282 397.96636292245239 261.23421831754968 25.224130174145103
leaf_count=3531 211 3358 494 418 12900 632 1188 140 2212 184 156 2051 1735 1442 176
internal_value=3.49463e-05 -0.00137251 0.000902173 -0.000434759 0.000484546 0.000706243 0.00227928 0 0.000754597 -0.0024068 -0.00154709 0.00273863 -0.0025873 -0.00133519 0.00135421
internal_weight=5915.5 2249.41 3666.09 1186.82 2820.88 2521.25 845.209 138.433 567.947 1062.6 618.868 706.776 1017.42 299.628 45.1745
internal_count=30828 11770 19058 6144 15185 13532 3873 634 2630 5626 3514 3239 5266 1653 360
is_linear=0
shrinkage=0.01444


Tree=45
num_leaves=16
num_cat=0
split_feature=22 20 26 7 26 26 14 17 24 24 17 31 22 18 17
split_gain=36.7417 8.42397 8.94499 7.77435 6.79721 5.51493 5.79537 4.98742 7.83274 4.82525 3.91529 3.66305 3.38951 3.43244 1.37238
threshold=0.044770211317153509 0.092170908886514677 0.92453036296275382 0.21030227905456669 0.58331396922739864 0.37912662267949365 1.363908529793475 0.74705430284724772 11.500000000000002 11.500000000000002 1.262937074674932 3.4400000000000017 0.018545571244338522 0.030576263404141216 1.3738221091601333
decision_type=8 10 10 8 10 10 8 10 2 2 10 10 10 10 10
left_child=3 7 4 12 -3 10 -7 9 -9 -2 -5 -4 14 -14 -1
right_child=1 2 11 5 -6 6 -8 8 -10 -11 -12 -13 13 -15 -16
leaf_value=-0.0002645653427607785 1.8454939162436835e-05 0.00029122319558087546 0.00059413152735556484 -0.0001860556422461777 0.0004896787276678342 -0.00011250271054292565 9.9188813401706084e-05 1.5407743511259156e-05 0.00019821405446432305 -0.0001811296852143957 1.3961372310592653e-05 -0.00056085359588326888 -0.00012586006067856492 -0.00024894980325685403 1.1579707106124971e-05
leaf_weight=118.52231716364622 329.62405264610425 514.18784538609907 23.859165802598 595.89756325632334 416.45004754886031 220.34526006598026 355.0364608746022 1477.7647460298613 703.70071148872375 183.11842894554138 149.59351884434 52.880880579352379 658.19773852173239 104.8506072810851 11.470337321516125
leaf_count=874 3226 2403 240 2448 1812 1183 2114 9649 988 252 576 140 4197 610 116
internal_value=1.07059e-05 0.000892971 0.00202308 -0.00145835 0.00242139 -0.000740114 0.000302895 0.000465228 0.000769498 -0.000803215 -0.0015623 -0.00262049 -0.00250491 -0.00210362 -0.00474118
internal_weight=5915.5 3701.59 1007.38 2213.91 930.638 1320.87 575.382 2694.21 2181.47 512.742 745.491 76.74 893.041 763.048 129.993
internal_count=30828 18710 4595 12118 4215 6321 3297 14115 10637 3478 3024 380 5797 4807 990
is_linear=0
shrinkage=0.01444


Tree=46
num_leaves=16
num_cat=0
split_feature=22 21 1 28 9 5 19 16 16 21 0 28 28 4 24
split_gain=36.1847 12.387 6.39291 6.2001 5.95089 5.41818 5.12702 4.35398 4.33954 4.77792 3.22513 2.53544 5.22295 1.15907 1.07763
threshold=0.034755021655857789 0.055970157557468626 0.063350877192982477 -0.029800000000000017 0.20820718070757763 0.077113388262064667 0.10615902840798833 1.3149773566374978 0.92476679366872505 0.026644298005026271 0.46125000000000005 0.0183 0.00925000000000001 0.41284119705030276 10.500000000000002
decision_type=8 10 2 8 8 10 10 10 8 8 2 8 10 8 2
left_child=4 3 14 6 11 -5 -2 -4 10 -10 -6 12 -1 -13 -3
right_child=1 2 7 5 8 -7 -8 -9 9 -11 -12 13 -14 -15 -16
leaf_value=-0.00016935436659086189 -0.00011674183839826424 -1.5891240792998887e-05 0.0002612508813504492 -0.00012128033950112756 -0.00027732124734514396 4.5903149639580021e-05 0.00036916944905444844 0.00067410864343253878 3.01272549082426e-05 -0.0001680057267865527 -2.1238100354913035e-05 -0.00027227989852179261 1.4912291859796326e-05 -0.00019372772026712227 -0.00039913487935387486
leaf_weight=369.91267845965922 419.90986084425822 13.084651713259516 1446.2432186724618 292.75033468869515 157.41586282104254 2237.1011497599538 28.102723104413599 102.27716071810573 368.4359334083274 117.06799283251166 68.336412984877825 173.16421220963821 79.260701975785196 13.997473734430967 28.43931382894516
leaf_count=2314 2288 185 6301 1563 1019 12273 190 314 1526 622 521 1022 500 144 46
internal_value=3.53589e-05 0.000650975 0.0016803 9.67544e-05 -0.00204108 0.000378218 -0.00146194 0.00183637 -0.00110313 -0.000302517 -0.00276212 -0.00306703 -0.00240982 -0.00456274 -0.00377615
internal_weight=5915.5 4567.91 1590.04 2977.86 1347.59 2529.85 448.013 1548.52 711.256 485.504 225.752 636.335 449.173 187.162 41.524
internal_count=30828 23160 6846 16314 7668 13836 2478 6615 3688 2148 1540 3980 2814 1166 231
is_linear=0
shrinkage=0.01444


Tree=47
num_leaves=16
num_cat=0
split_feature=19 11 19 28 25 23 26 5 24 27 26 5 26 32 24
split_gain=32.2217 10.2764 10.0307 7.39629 6.04554 5.34844 4.3333 3.74073 3.94928 3.53559 3.47908 4.1548 3.10762 2.15881 1.35973
threshold=0.042401269842517526 0.23574658976767074 0.14285714285714288 -0.018499999999999985 1.3133222255541035 0.080799567082627935 0.22313856663567641 0.20521558495044684 10.500000000000002 0.34934026693568404 0.79226265250308459 0.49072658129437308 0.87667830562407234 0.68139841688654368 10.500000000000002
decision_type=10 8 10 10 10 10 8 10 2 10 8 8 10 10 2
left_child=1 10 4 9 5 -2 -5 12 -9 -3 11 -1 -4 -6 -12
right_child=2 3 7 6 13 -7 -8 8 -10 -11 14 -13 -14 -15 -16
leaf_value=-0.00015494743546058166 2.5550702565384075e-05 -7.2610691734877533e-05 0.00034108345516941751 -0.00022084950293145149 -2.9025761500796798e-05 0.00028918906940272849 5.188997824420758e-05 0.00043867666301202163 0.00096649946675489862 -0.0002205492730478817 -0.00014595674716873352 -0.00028381694828453466 -0.00060875306665515857 -0.00036439908826203712 5.1591156254715778e-05
leaf_weight=805.16155213676393 2482.0234942650422 164.88311557425186 115.22345355711877 105.50192642700858 51.799736091867089 713.2407292840071 772.3196760523133 80.797956068068743 126.14162707328796 221.74869629903696 34.854540364816785 113.37662707688287 19.22763657104224 60.197580128442496 49.0013347864151
leaf_count=4511 12217 951 548 766 488 3419 4062 723 204 1458 502 602 48 241 88
internal_value=3.29829e-05 -0.0013166 0.000875117 -0.000437905 0.000626653 0.000745598 0.00028212 0.00323892 0.00448101 -0.00210454 -0.00241111 -0.00266959 0.00121962 -0.00263743 0.000264136
internal_weight=5915.5 2266.85 3648.65 1264.45 3307.26 3195.26 877.822 341.391 206.94 386.632 1002.39 918.538 134.451 111.997 83.8559
internal_count=30828 12940 17888 7237 16365 15636 4828 1523 927 2409 5703 5113 596 729 590
is_linear=0
shrinkage=0.01444


Tree=48
num_leaves=16
num_cat=0
split_feature=19 9 17 20 26 26 27 18 8 33 7 18 26 31 4
split_gain=31.2331 11.081 9.41698 6.99351 8.7305 6.98461 5.51834 4.48465 4.57565 4.46925 4.09566 3.83376 3.77278 3.66305 1.14269
threshold=0.048747094129625919 0.19305851244223324 1.0064675027151841 0.092170908886514677 0.92453036296275382 0.58331396922739864 0.022980584139356917 0.030576263404141216 0.1345186518455794 0.011057711898717406 0.20313866146966741 0.051398069569419953 0.16555650259961366 3.4400000000000017 0.050746262389984802
decision_type=10 8 10 10 10 10 10 10 10 8 8 10 10 10 10
left_child=1 7 9 10 5 -5 -4 8 -1 -3 12 -12 -2 -6 -9
right_child=3 2 6 4 13 -7 -8 14 -10 -11 11 -13 -14 -15 -16
leaf_value=-0.00035741862402174175 -0.0004354804916847782 -0.00024119040078405014 -0.00031002380495003142 0.00027735618933921188 0.00057093320221025541 0.00048068799322280423 3.0541829573205734e-05 -0.0002574278013476599 -0.00013563705827740561 -9.40236596268447e-05 4.3100111430564155e-05 0.00021736296160429779 -3.5119402984068885e-05 -0.00055689628958817416 -0.00019706544841995011
leaf_weight=61.115840089507401 41.542472865898162 264.47348432429135 41.020490777678788 514.18784538609907 23.859165802598 416.45004754886031 911.92475669831038 91.026427211239934 534.63371379813179 787.1729312739335 1635.0209031635895 258.4237425327301 271.83398871356621 52.880880579352379 9.9329909905791265
leaf_count=772 293 1571 205 2403 240 1812 4275 530 3334 4558 7295 1144 2212 140 44
internal_value=1.8977e-06 -0.00114029 -0.000586361 0.000965927 0.00196706 0.00236074 0.000442622 -0.00271356 -0.00219626 -0.00153095 0.000502615 0.000759669 -0.00100742 -0.00262049 -0.00560835
internal_weight=5915.5 2701.3 2004.59 3214.2 1007.38 930.638 952.945 696.709 595.75 1051.65 2206.82 1893.44 313.376 76.74 100.959
internal_count=30828 15289 10609 15539 4595 4215 4480 4680 4106 6129 10944 8439 2505 380 574
is_linear=0
shrinkage=0.01444


Tree=49
num_leaves=15
num_cat=0
split_feature=22 23 7 11 30 7 20 9 9 12 27 30 8 35
split_gain=34.2806 11.4312 6.64784 5.47129 5.21422 7.00712 6.48223 4.52048 3.60751 3.77326 3.69257 3.17515 2.62422 2.13295
threshold=0.034755021655857789 0.080799567082627935 0.2278400112350126 0.24502126456719911 20.115000000000006 0.28931171381178261 0.052107749015397505 0.69950432454442601 0.21000679817476006 0.092226761228453843 0.14922762945699461 20.320000000000004 0.1345186518455794 5.7974845657717173
decision_type=8 10 8 8 8 10 10 10 8 10 10 10 10 2
left_child=2 4 12 11 5 -2 -6 -5 10 -10 -4 -3 -1 -14
right_child=1 3 8 7 6 -7 -8 -9 9 -11 -12 -13 13 -15
leaf_value=-0.00028137618407470335 -3.310827746724309e-07 -0.00022300537268278125 0.00036758185708320732 0.00036704621075358656 -0.00015574824057256891 0.00020271226965261579 4.813364196905001e-05 -0.00011288795366119512 1.8720123201397869e-05 -0.00019735362465398052 -0.0002587610053426761 0.00052323993294519343 -0.00019180024228886123 -1.5225459347065975e-05
leaf_weight=54.649590085726231 1592.5529778609052 99.142318085767329 9.7617439460009319 902.40327069908381 489.60838916292414 1049.5611109524034 393.72994391992688 27.07996051106602 415.51145780459046 106.33694763667881 51.668277877382934 13.830442138016222 648.9685379890725 60.694713086821139
leaf_count=686 9068 852 160 3988 3290 3902 1832 126 1945 616 268 102 3657 336
internal_value=-3.22853e-06 0.000591642 -0.00202877 0.00192105 0.000194588 0.00051863 -0.000759544 0.00229005 -0.000834955 -0.000415294 -0.00415306 -0.00099588 -0.00292144 -0.00264965
internal_weight=5915.5 4567.91 1347.59 1042.46 3525.45 2642.11 883.338 929.483 583.278 521.848 61.43 112.973 764.313 709.663
internal_count=30828 23160 7668 5068 18092 12970 5122 4114 2989 2561 428 954 4679 3993
is_linear=0
shrinkage=0.01444


Tree=50
num_leaves=16
num_cat=0
split_feature=22 20 28 7 36 5 19 14 16 6 8 28 22 24 34
split_gain=34.281 11.0632 7.07294 6.59577 6.21911 6.11795 4.00056 3.98922 3.13697 3.58339 2.5362 2.29332 2.03803 2.0174 0.12367
threshold=0.034755021655857789 0.092170908886514677 -0.041649999999999958 0.2278400112350126 1.0000000180025095e-35 0.093692283268287588 0.10497008599521244 1.0975904604306628 1.2794294143481184 2.9530887289356529 0.1345186518455794 0.0088999999999999791 0.018545571244338522 8.5000000000000018 -0.10346117265807019
decision_type=8 10 8 8 2 10 10 10 10 8 10 8 10 2 10
left_child=3 2 13 10 7 -4 -6 -3 9 -5 14 -10 -12 -2 -1
right_child=1 4 5 8 6 -7 -8 -9 11 -11 12 -13 -14 -15 -16
leaf_value=-0.00013462494833448385 6.0916896448271657e-05 -8.0093028497686138e-05 -0.00010498409503764331 -0.00027212151967649488 -0.00023469486514687756 5.1978294100250856e-05 0.00030650376064372066 0.00042420293039719417 -0.00025502450091778134 2.6719042618722227e-05 -0.00024122801779331512 -6.4232623377413956e-05 -0.0001565119227801918 -0.00012970541709596202 -0.00033607309372992182
leaf_weight=6.3348543453030279 70.277071892283857 37.679733804427087 487.9471747521311 89.441287975758314 113.1041066320613 2724.266047579702 339.8768867617473 516.71721211867407 57.397246576845646 382.55340609513223 142.38567771529779 53.886486616916955 567.27757336059585 278.04017978906631 48.314735740423203
leaf_count=340 1036 228 2261 364 506 14323 1473 2388 404 1795 910 426 3083 945 346
internal_value=0 0.000596199 0.000213947 -0.00202425 0.0019334 0.000429233 0.000639869 0.00296502 -0.000834955 -0.000288513 -0.00291347 -0.0030226 -0.00264545 -0.00173144 -0.00609504
internal_weight=5915.5 4567.91 3560.53 1347.59 1007.38 3212.21 452.981 554.397 583.278 471.995 764.313 111.284 709.663 348.317 54.6496
internal_count=30828 23160 18565 7668 4595 16584 1979 2616 2989 2159 4679 830 3993 1981 686
is_linear=0
shrinkage=0.01444


Tree=51
num_leaves=16
num_cat=0
split_feature=19 17 1 26 26 5 17 5 10 7 19 33 11 8 21
split_gain=31.4617 11.2723 10.2357 7.42812 5.21414 4.81172 4.86435 4.35334 4.31713 4.54278 3.35003 3.04949 2.91258 2.82843 2.8066
threshold=0.039567839540781614 1.0367788460539862 0.11752192982456143 0.33517793336055968 0.4473921151539777 0.06317644289854403 0.72653378041001215 0.18353183673130138 0.30592033950659092 0.35684758578394654 0.10615902840798833 0.011057711898717406 0.19885307470048799 0.3421773586688231 0.023761382770075789
decision_type=8 8 2 8 8 8 10 10 10 10 8 8 8 8 10
left_child=1 8 5 7 14 13 -7 -3 11 -10 -6 -1 -5 -2 -4
right_child=2 3 4 12 10 6 -8 -9 9 -11 -12 -13 -14 -15 -16
leaf_value=-0.00025063213313555849 -0.00023404441541573207 -6.4218731246383325e-05 -0.00016287983740278201 -8.1622533714591008e-05 0.00021614544353436429 -0.00011688834410744955 4.3067898058199318e-05 -0.00028486336124468147 6.2167514390744168e-05 -0.00025160961308232685 0.00051410007002599008 -0.00016084163393581861 7.8248139520051586e-05 3.855757600771487e-05 0.00013011463709993357
leaf_weight=139.46264214161783 122.42078111832961 194.50693004531786 42.25054308725521 113.71119978884235 722.23488083900884 295.80765699292533 1614.3377197231166 175.02604382392019 153.01018300838768 123.68518336769193 547.25245465547778 669.01540592219681 462.20624212641269 49.210927357431501 491.36088775843382
leaf_count=845 748 930 450 868 3083 2236 9233 794 769 662 2292 3384 2360 326 1848
internal_value=4.73806e-06 -0.00144939 0.000768276 -0.000280756 0.00156489 7.17827e-05 0.000286193 -0.00188706 -0.00245482 -0.000829296 0.00207027 -0.00299402 0.000728031 -0.00223165 0.000337153
internal_weight=5915.5 2030.62 3884.88 945.45 1803.1 2081.78 1910.15 369.533 1085.17 276.695 1269.49 808.478 575.917 171.632 533.611
internal_count=30828 10612 20216 4952 7673 12543 11469 1724 5660 1431 5375 4229 3228 1074 2298
is_linear=0
shrinkage=0.01444


Tree=52
num_leaves=16
num_cat=0
split_feature=22 0 7 17 5 34 19 17 17 22 10 0 23 22 17
split_gain=33.7896 8.88674 6.63665 4.92193 4.83847 4.83042 5.49147 3.91866 3.85508 3.68839 3.09563 2.95423 2.80592 1.52344 1.39527
threshold=0.044770211317153509 0.51485000000000014 0.21030227905456669 0.72653378041001215 0.06317644289854403 0.036804184203161124 0.14285714285714288 0.81497058780509046 1.0115815313557455 0.018545571244338522 0.32132973311609042 0.26092500000000007 0.012055865673479523 0.062396085103002985 1.3541062472231211
decision_type=10 2 8 10 8 10 10 10 10 8 8 2 8 10 10
left_child=2 3 9 13 -5 6 -3 -7 10 14 -4 -10 -11 -2 -1
right_child=1 5 8 4 -6 7 -8 -9 11 12 -12 -13 -14 -15 -16
leaf_value=-0.00024404180079211544 -0.00020254703258911671 0.00019285324961100961 -0.00017635675425222547 -0.00021994256200859013 5.0148956296445001e-05 -0.0001557504445885395 0.00052548976587261042 5.8590069498696362e-05 -0.00024080134486641184 2.5101243255574449e-05 -2.1256217612853075e-05 1.7299101992647992e-05 -0.00013779200652047291 -1.4448046865378963e-05 2.5485554022629322e-05
leaf_weight=118.51195785775781 132.42156373057514 1512.1299240076914 395.13666113745421 116.11281238170341 1378.0189964561723 43.013065680861473 282.16702925460413 109.77856813929975 34.529414337128401 22.995588280260563 359.53459845064208 546.31787742255256 742.84270440926775 110.50822358299047 11.480696627404539
leaf_count=870 708 6447 1801 690 7272 114 1199 512 132 124 2740 2786 4715 598 120
internal_value=9.89254e-06 0.000861381 -0.00138999 0.000102345 0.000419559 0.0015316 0.00174395 -0.000874086 -0.000730241 -0.00235788 -0.00141209 0.000133641 -0.00194392 -0.0017914 -0.00467772
internal_weight=5915.5 3684.15 2231.35 1737.06 1494.13 1947.09 1794.3 152.792 1335.52 895.831 754.671 580.847 765.838 242.93 129.993
internal_count=30828 17540 13288 9268 7962 8272 7646 626 7459 5829 4541 2918 4839 1306 990
is_linear=0
shrinkage=0.01444


Tree=53
num_leaves=16
num_cat=0
split_feature=22 19 17 11 22 12 34 15 7 18 1 10 21 20 17
split_gain=32.3557 8.199 7.38174 6.66702 6.88001 6.50432 5.22873 4.55091 4.24398 4.1539 4.1177 3.33979 3.02436 2.46074 2.3766
threshold=0.044770211317153509 0.10615902840798833 0.68961318036551589 0.23974921646858047 0.020873659933321419 0.090934480388993669 -0.0070055749216792465 0.89035182791977296 0.29381206374878116 0.056338717878138052 0.082135368956743018 0.52201627249340887 0.042485059071032096 0.020750518452439779 1.3738221091601333
decision_type=10 10 8 8 8 10 8 8 10 10 2 10 10 10 10
left_child=3 7 11 4 14 8 -6 13 -5 -9 -4 -3 -7 -2 -1
right_child=1 2 10 5 6 12 -8 9 -10 -11 -12 -13 -14 -15 -16
leaf_value=-0.00024051784142539617 0.00025666101263349737 -0.00029825990964358592 -0.00022035783578124135 -7.8279624056736653e-05 -0.00014382523833406495 -0.00019102604099319894 1.4972873874581199e-05 3.3974670155461503e-05 7.6868439011368271e-05 0.00027148071470214512 0.00045392023354553682 0.00047001471692974402 0.00018309057461479646 -0.00016734826543351886 2.5117543064987728e-05
leaf_weight=219.75113064795732 11.242650061845778 62.180365597829223 17.840160395950079 635.78396325930953 632.37562537007034 244.17173974774778 176.86093579977751 2376.6608863510191 283.13490219926462 256.08164370805025 751.49795073037967 13.690631092526017 19.313081352040172 194.95589529629797 19.958120146300644
leaf_count=1350 38 288 156 4323 3882 1442 810 11557 1203 1059 3353 76 98 1013 180
internal_value=0 0.000829231 0.00208156 -0.00137389 -0.00221653 -0.000614604 -0.00155292 0.000451443 -2.61992e-05 0.000616926 0.00251328 -0.00211131 -0.00261274 -0.00159409 -0.00439355
internal_weight=5915.5 3684.15 845.209 2231.35 1048.95 1182.4 809.237 2838.94 918.919 2632.74 769.338 75.871 263.485 206.199 239.709
internal_count=30828 17540 3873 13288 6222 7066 4692 13667 5526 12616 3509 364 1540 1051 1530
is_linear=0
shrinkage=0.01444


Tree=54
num_leaves=16
num_cat=0
split_feature=22 21 18 7 28 18 1 22 35 21 18 35 22 12 17
split_gain=31.4638 10.7541 8.67904 6.28801 5.38336 7.8062 4.65232 4.41327 3.7298 3.84494 3.68366 3.49144 3.46935 3.44917 0.565104
threshold=0.034755021655857789 0.055970157557468626 -0.017911601550751274 0.22096397593127393 -0.029800000000000017 0.036968741445931215 0.062508503401360563 0.11847449343468373 5.6023585204985293 0.026776357431741737 0.030576263404141216 2.7398713442550884 0.018545571244338522 0.061109726122525972 1.0786938006871523
decision_type=8 10 8 8 8 10 2 10 2 10 10 2 10 10 10
left_child=3 4 11 10 7 -6 -4 -2 9 -5 12 -3 -1 -10 -12
right_child=1 2 6 8 5 -7 -8 -9 13 -11 14 -13 -14 -15 -16
leaf_value=-0.0002370447679707541 -0.0001021892965696265 5.9097888545973032e-05 -0.0003270376258526223 -6.0807854860938001e-05 -6.46976841201446e-07 0.00014808258788669715 0.00014144316036914135 0.00060770047077493929 0.00035932169286753251 -0.00022617236055217093 -0.00028221658563603772 0.00049089561180660601 -0.00011359078447810169 -0.00010283324004513502 -0.00018944006734542267
leaf_weight=120.66213485924527 430.00786506850272 82.391478531062603 32.456729058176279 438.7161848586984 2130.0109826740809 399.84050177456811 1007.9754598932341 18.004718880169094 32.08193193981424 129.06735710799694 87.291002594865859 467.22067745029926 471.45172626990825 24.85298297740519 43.467947818338871
leaf_count=932 2366 364 175 2311 11990 1846 4509 112 112 726 377 1798 2872 88 250
internal_value=-2.92114e-06 0.000566892 0.00152579 -0.00194356 5.02978e-05 0.000312976 0.000732972 -0.00140237 -0.000851348 -0.00122098 -0.00286798 0.00300058 -0.00233843 0.00258321 -0.00514619
internal_weight=5915.5 4567.91 1590.04 1347.59 2977.86 2529.85 1040.43 448.013 624.718 567.784 722.873 549.612 592.114 56.9349 130.759
internal_count=30828 23160 6846 7668 16314 13836 4684 2478 3237 3037 4431 2162 3804 200 627
is_linear=0
shrinkage=0.01444


Tree=55
num_leaves=16
num_cat=0
split_feature=23 20 26 9 26 12 8 8 28 26 5 34 16 26 33
split_gain=26.2928 10.1243 8.64034 7.63414 6.21893 6.17461 5.63069 5.6294 5.46526 5.27423 4.41009 4.38375 4.10675 3.17513 1.1664
threshold=0.035056640984716399 0.092170908886514677 0.92453036296275382 0.20725300633158281 0.58331396922739864 0.090934480388993669 0.31022642414966212 0.15153369997334348 -0.031249999999999997 0.33517793336055968 0.18599893350800292 0.018068593077999021 0.98676286609349828 0.64674701914668209 0.12603837473502658
decision_type=10 10 10 10 10 8 10 8 8 8 8 10 10 10 8
left_child=3 7 4 9 -3 6 -5 14 -9 10 -1 -11 -4 -7 -2
right_child=1 2 12 5 -6 13 -8 8 -10 11 -12 -13 -14 -15 -16
leaf_value=-0.00012765462194839838 -0.00044409580268371283 0.00026173664900753954 0.00098973751898594827 -5.3944122720644848e-05 0.00044011973240951378 -0.00019643527745716208 0.00023236822018577293 -7.760021679205004e-05 4.412064561036451e-05 -7.4737108662266738e-05 -0.00027814138303891041 -0.0003196957660149303 -0.00046004071507797914 0.00017784672793701598 1.7710943478066599e-05
leaf_weight=269.28606153465807 42.53599560726434 506.89320204360411 25.538937214761972 710.12469518277794 412.7090771459043 224.26902809180319 168.63249243050814 409.20669472031295 2493.4613468442112 324.23773569823243 208.84829408931546 38.081657150760293 51.201109167188406 24.160114092752337 6.3132407423108807
leaf_count=1630 370 2377 186 3520 1794 1206 791 2107 11725 3130 1190 130 194 172 306
internal_value=0 0.000680999 0.00194114 -0.00136203 0.00233739 -0.000569615 0 0.000250892 0.000337298 -0.00240815 -0.00341575 -0.00103921 -0.00262049 -0.00257692 -0.00456445
internal_weight=5915.5 3947.86 996.342 1967.64 919.602 1127.19 878.757 2951.52 2902.67 840.454 478.134 362.319 76.74 248.429 48.8492
internal_count=30828 19059 4551 11769 4171 5689 4311 14508 13832 6080 2820 3260 380 1378 676
is_linear=0
shrinkage=0.01444


Tree=56
num_leaves=16
num_cat=0
split_feature=22 0 7 28 18 17 17 22 18 8 4 4 8 21 17
split_gain=30.0027 9.14525 6.66154 6.10757 5.3429 4.73409 4.46 3.89741 3.65189 3.61447 3.59469 3.4315 2.73801 2.41727 1.39206
threshold=0.044770211317153509 0.51485000000000014 0.21030227905456669 -0.014399999999999981 -0.023509415553580878 0.75863272398383252 0.72653378041001215 0.018545571244338522 0.046033655938601765 0.2969927659967378 0.30723613495733559 0.15535079608643573 0.1345186518455794 0.043351029085950045 1.3541062472231211
decision_type=8 2 8 10 8 8 10 10 10 10 8 10 10 10 10
left_child=2 6 7 11 9 -6 13 14 -5 -3 -8 -4 -9 -2 -1
right_child=1 4 3 8 5 -7 10 12 -10 -11 -12 -13 -14 -15 -16
leaf_value=-0.00023254264308490236 -0.00022312453682702963 5.9365061844634298e-05 -0.00018492448380118192 -1.4730030126687389e-05 -9.7541587229719637e-05 0.00018281646220111316 4.2432882051309755e-05 -0.00027258609893856541 0.00019140184397000164 0.00044703955476987586 -0.00020304746289744472 2.5509808724677733e-05 -0.00012364650387349275 -5.5047352708950727e-06 2.9256971065037377e-05
leaf_weight=118.51195785775781 145.13005980267189 106.15733303455636 397.95907895173877 772.50878457352519 231.93149174842983 1069.0004935648758 1439.9686148250476 48.726551563944668 89.674025260377675 552.01499071344733 55.767906141933054 60.730914255604148 714.32179423887283 101.61498859617859 11.480696627404539
leaf_count=870 1588 622 2073 3560 983 5021 7652 554 428 1962 356 260 4253 526 120
internal_value=1.13392e-06 0.00079862 -0.00132619 -0.000660451 0.00147553 0.000922615 2.98175e-05 -0.00229519 4.11751e-05 0.00254684 0.00033408 -0.00200623 -0.00186999 -0.00175825 -0.0046722
internal_weight=5915.5 3701.59 2213.91 1320.87 1959.1 1300.93 1742.48 893.041 862.183 658.172 1495.74 458.69 763.048 246.745 129.993
internal_count=30828 18710 12118 6321 8588 6004 10122 5797 3988 2584 8008 2333 4807 2114 990
is_linear=0
shrinkage=0.01444


Tree=57
num_leaves=16
num_cat=0
split_feature=20 11 32 26 0 5 8 17 33 12 17 26 35 17 26
split_gain=24.1549 10.5033 11.7605 8.99455 6.5699 6.24356 5.4723 5.69988 5.10807 5.88827 4.84554 4.08509 3.68683 3.2827 0.87315
threshold=0.052107749015397505 0.23574658976767074 0.8337730870712402 0.24949181546108265 0.51222500000000015 0.1613466203219624 0.1345186518455794 0.99951583730558491 0.018153217483829923 0.096406516875965756 0.7288838889345588 0.72860682124267906 4.0688557409938628 0.74705430284724772 0.57462587467654858
decision_type=10 8 8 10 2 8 10 10 8 10 8 10 2 8 10
left_child=1 6 3 -3 8 11 14 -8 9 -2 -7 -6 -4 -10 -1
right_child=4 2 12 -5 5 10 7 -9 13 -11 -12 -13 -14 -15 -16
leaf_value=-0.00037016850461992759 0.0002733409044640874 -0.00012454768669506111 -6.7124943483224195e-05 9.9912097570820335e-05 -3.301195782090891e-05 -7.3051433362152118e-06 -0.00016071863592850741 -7.8848893798569257e-05 -0.00027157524877291901 -0.00019185537460458219 0.00037511413702122565 0.00044058431135988606 -0.00016191592492056152 -1.0430802507694005e-05 -0.0001254702970374882
leaf_weight=61.643675899133086 250.81299015507102 315.47633203910664 325.53971483604982 1058.0515988306142 373.49004693608731 127.83169905096292 526.38592652697116 651.37408710597083 82.018108105286956 100.62803909555078 941.29271189961582 92.985353639349341 376.07785601355135 624.83729250403121 7.054249119013547
leaf_count=732 951 1480 2024 5003 1292 611 2888 3615 506 508 4263 352 2296 4159 148
internal_value=-1.73239e-05 -0.000834849 -0.000198321 0.000571477 0.00102446 0.00162841 -0.0018835 -0.00163518 0.000135373 0.00156664 0.00223767 0.000203 -0.00172323 -0.000558402 -0.00590439
internal_weight=5915.5 3321.6 2075.15 1373.53 2593.9 1535.6 1246.46 1177.76 1058.3 351.441 1069.12 466.475 701.618 706.855 68.6979
internal_count=30828 18186 10803 6483 12642 6518 7383 6503 6124 1459 4874 1644 4320 4665 880
is_linear=0
shrinkage=0.01444


Tree=58
num_leaves=16
num_cat=0
split_feature=22 19 28 18 7 35 1 21 5 7 18 22 5 13 4
split_gain=28.6252 11.1085 5.7972 6.5859 5.37435 5.45854 4.24785 3.58774 3.44517 3.24268 3.14244 3.36722 2.53057 0.71635 0.705728
threshold=0.034755021655857789 0.10615902840798833 -0.029800000000000017 0.051398069569419953 0.21030227905456669 5.5827252951554023 0.086120071684587837 0.026776357431741737 0.1613466203219624 0.41055712847593473 0.030576263404141216 0.018545571244338522 0.10302359619909864 1.9350298431318389 0.12725994414259453
decision_type=8 10 8 10 8 2 2 10 8 8 10 10 10 8 8
left_child=4 2 9 -4 10 7 13 -6 -8 -2 11 -1 -7 -3 -12
right_child=1 6 3 -5 5 12 8 -9 -10 -11 14 -13 -14 -15 -16
leaf_value=-0.00022686395704321134 -9.458476963736793e-05 0.00045891978809825144 9.622842357509192e-06 0.000193498658308498 -7.6950477971036597e-05 -0.00013300235751306354 6.9651820804682131e-05 -0.00022099277242474565 0.0004784900256563472 0.00010185300667208154 -0.00024219487976976528 -0.00010681344659673564 0.00020740276061768118 -0.00022516095634860517 -0.00016744666172146028
leaf_weight=105.35206590825692 404.20079993130639 9.5084495847113448 2869.7169082402252 325.15910328505561 495.71949980175123 19.743177264928818 180.54078607587144 137.28265785053372 634.96198391355574 123.62249405682087 88.19038359913975 433.88563051540405 56.123487454373389 20.197888242546469 11.294366031885145
leaf_count=848 2301 84 15053 1288 2612 50 818 786 2819 645 446 2664 204 152 58
internal_value=0 0.000545754 0.00020242 0.000437075 -0.0018488 -0.000953881 0.00204135 -0.00140652 0.00224669 -0.00119212 -0.00281982 -0.00233608 0.00263422 -0.00310079 -0.00528341
internal_weight=5915.5 4567.91 3722.7 3194.88 1347.59 708.869 845.209 633.002 815.503 527.823 638.722 539.238 75.8667 29.7063 99.4847
internal_count=30828 23160 19287 16341 7668 3652 3873 3398 3637 2946 4016 3512 254 236 504
is_linear=0
shrinkage=0.01444


Tree=59
num_leaves=16
num_cat=0
split_feature=22 20 7 8 17 28 35 28 14 22 8 4 8 17 24
split_gain=28.3738 8.24786 6.84116 5.69436 5.68005 5.46531 8.852 5.13556 4.30497 3.9116 3.67803 3.20141 2.76355 1.40728 0.494716
threshold=0.044770211317153509 0.10603854405324607 0.21030227905456669 0.15153369997334348 0.7288838889345588 -0.014399999999999981 5.1074292206301806 -0.041649999999999958 1.2142606625870471 0.018545571244338522 0.50984975461361681 0.15535079608643573 0.1345186518455794 1.3541062472231211 9.5000000000000018
decision_type=8 10 8 8 10 10 2 8 10 10 10 10 10 10 2
left_child=2 3 9 14 10 11 -7 -5 -6 13 -3 -4 -11 -1 -2
right_child=1 4 5 7 8 6 -8 -9 -10 12 -12 -13 -14 -15 -16
leaf_value=-0.00022358804544200803 -0.00014370883276814834 -0.00016439592180459748 -0.00018163040590512414 -4.8167868175626436e-05 -9.9145592499597928e-05 -8.9826671034368713e-05 0.00015845067521484061 6.6031665435677676e-05 0.0004818593988666725 -0.00026176234930729573 0.00029002684999106959 3.0131045760450493e-05 -0.00011987551457659017 3.3248989169565902e-05 -0.00048715515238484727
leaf_weight=118.51195785775781 11.241769414860753 72.731162422336638 397.95907895173877 311.60833338322118 45.351308413781226 631.93909253086895 230.24371730303392 2649.1483459803276 550.64596060244367 48.726551563944668 34.397803307510912 60.730914255604148 714.32179423887283 11.480696627404539 26.461194902658463
leaf_count=870 460 326 2073 1762 236 3202 786 13181 2535 554 158 260 4253 120 52
internal_value=-5.50538e-06 0.000765659 -0.00130065 0.00042994 0.00217725 -0.000626463 3.64319e-05 0.000505399 0.00273226 -0.00228215 -0.000787053 -0.00189952 -0.00185635 -0.0046627 -0.00507478
internal_weight=5915.5 3701.59 2213.91 2998.46 703.126 1320.87 862.183 2960.76 595.997 893.041 107.129 458.69 763.048 129.993 37.703
internal_count=30828 18710 12118 15455 3255 6321 3988 14943 2771 5797 484 2333 4807 990 512
is_linear=0
shrinkage=0.01444


Tree=60
num_leaves=16
num_cat=0
split_feature=22 19 17 28 18 8 18 35 24 16 16 1 16 1 35
split_gain=27.6048 11.457 7.3601 5.45056 6.57041 4.97827 4.63226 5.03001 7.96181 3.61172 3.35269 3.42004 3.28317 2.9723 2.54488
threshold=0.034755021655857789 0.10615902840798833 0.7288838889345588 -0.027249999999999993 0.049344390472480078 0.51689883926726088 -0.021169769127024559 5.7974845657717173 10.500000000000002 1.0767371578976908 1.1055688008521116 0.12153393665158373 1.4039147729611445 0.085050505050505071 5.6566207630851091
decision_type=8 10 10 8 10 8 10 2 2 8 10 2 10 2 2
left_child=6 3 5 9 -5 -3 10 14 -9 -2 11 -1 -12 -4 -8
right_child=1 2 13 4 -6 -7 7 8 -10 -11 12 -13 -14 -15 -16
leaf_value=-0.00015700326642103171 -9.0596227297803136e-05 -0.00037654455870801196 -0.0002039640912857541 9.9356496235674252e-06 0.0001916189645848031 0.00028583886731224655 -0.00015570169813935891 -0.00013336983077887846 0.0001314425441751282 6.8493471673672704e-05 8.4875532234142937e-05 0.00028727731453948252 -0.00026227216113090238 0.00045218571902400084 -0.00022035943794745423
leaf_weight=183.98273199144751 450.06399149354547 77.21688187494874 16.935528283938766 2801.314623553073 331.4555764417164 61.216488230973482 914.36215412430465 36.47508650040254 41.932886362075806 139.86511402507313 87.65158218331635 27.984637429006398 17.237261187285185 689.840209426824 37.964928648434579
leaf_count=1063 2286 294 180 14755 1354 340 5168 362 74 892 426 179 252 3059 144
internal_value=-1.46945e-05 0.000518879 0.00203744 0.000170334 0.000413175 -0.000935142 -0.00183252 -0.00230347 0.00108999 -0.00109626 -0.000257904 -0.00133763 0.00179549 0.00263845 -0.00259708
internal_weight=5915.5 4567.91 845.209 3722.7 3132.77 138.433 1347.59 1030.74 78.408 589.929 316.856 211.967 104.889 706.776 952.327
internal_count=30828 23160 3873 19287 16109 634 7668 5748 436 3178 1920 1242 678 3239 5312
is_linear=0
shrinkage=0.01444


Tree=61
num_leaves=16
num_cat=0
split_feature=22 19 17 26 17 28 9 26 25 26 18 20 26 10 27
split_gain=26.6481 9.14666 7.13012 5.46745 6.83735 5.0733 4.8306 4.56089 4.44572 4.2593 4.12798 4.10945 4.08043 3.33979 3.00989
threshold=0.042237602531139833 0.10615902840798833 0.68961318036551589 0.33517793336055968 1.0456256054594892 0.066499999999999962 0.19229313384969504 0.93469802105473865 1.20798898815178 0.55458824463579914 0.01903509711466023 0.074538111725360942 0.51469290652517774 0.52201627249340887 0.18513671828303199
decision_type=8 10 8 8 8 8 10 10 10 10 8 10 8 10 10
left_child=3 5 13 6 9 8 10 -4 -2 -5 -1 -7 -6 -3 -8
right_child=1 2 7 4 12 11 14 -9 -10 -11 -12 -13 -14 -15 -16
leaf_value=-0.00014811430986791849 8.2145009904135285e-06 -0.00028352236527111118 0.00042044659401202744 -0.00018447995365451924 9.0355791778723977e-05 0.00032970073467155752 -0.00014438785574107601 -0.00023487499648370882 -0.00029296092328960253 1.4376121163879852e-05 -0.0002380790290159571 -0.00012455450263793483 -6.2118474179999503e-06 0.0004439775033647787 -7.7841319724976175e-06
leaf_weight=267.84337575407699 2647.9829638183583 62.180365597829223 713.71061447961256 439.85455019352958 252.49040492670611 243.76847336650826 213.25002585630864 55.627496646717191 85.945367638487369 133.29239746835083 133.32991457497701 95.708329546265304 262.15371179953218 13.690631092526017 294.67105899658054
leaf_count=1464 13486 288 3205 2256 1276 1304 906 304 612 1426 532 481 1966 76 1246
internal_value=-1.31117e-05 0.00067649 0.00200911 -0.00137273 -0.000664124 0.000305453 -0.0022053 0.0024337 9.35142e-05 -0.00175354 -0.00340793 0.00197083 0.000524304 -0.00211131 -0.00122698
internal_weight=5915.5 3918.61 845.209 1996.89 1087.79 3073.41 909.094 769.338 2733.93 573.147 401.173 339.477 514.644 75.871 507.921
internal_count=30828 19756 3873 11072 6924 15883 4148 3509 14098 3682 1996 1785 3242 364 2152
is_linear=0
shrinkage=0.01444


Tree=62
num_leaves=16
num_cat=0
split_feature=19 17 11 19 26 7 34 7 21 27 25 20 17 26 7
split_gain=24.9061 8.79107 7.80997 7.01928 6.73703 5.4823 4.85368 4.45377 4.15526 4.11699 4.07378 3.39254 3.29122 2.72896 2.66533
threshold=0.048986777250783688 1.0064675027151841 0.20113017053003313 0.14285714285714288 0.6579948625170905 0.27898071124439522 0.036804184203161124 0.27616975552127943 0.011825359422716062 0.51999719377017073 1.1296086455121952 0.029136726111628323 0.99951583730558491 0.96707365796705858 0.31544041732726108
decision_type=10 10 10 10 10 10 10 8 10 8 10 8 10 10 8
left_child=1 7 8 4 10 -6 14 11 -3 -4 -2 -1 -9 -8 -5
right_child=3 2 9 6 5 -7 13 12 -10 -11 -12 -13 -14 -15 -16
leaf_value=-0.00018984117572755713 3.1811027520403448e-05 4.3850100410398578e-05 4.940683778600235e-05 9.8520669658330021e-05 1.6492532463723778e-05 0.00043029630198853567 0.00039351686376518926 -6.9630001688617923e-05 -0.00017200577944029505 -8.5732102470564679e-05 -0.00018363851307367176 -0.00010188102709652442 -0.00041190324381193367 -0.00017875459197534059 0.00059024359427461818
leaf_weight=537.17934167245403 2024.4767130524851 69.498994658701122 746.62382748350501 84.38739231787622 224.33215508889407 404.48415703326464 16.764775063842535 536.46167617151514 296.43054569326341 206.70805593766272 198.36236626747996 308.50570112187415 21.04547430574894 17.53463351726532 222.70387237053365
leaf_count=2883 8725 698 3395 504 2060 1876 90 3442 1606 1261 1237 2074 48 28 901
internal_value=-1.67346e-05 -0.00103351 -0.000176079 0.000846117 0.000605695 0.00192741 0.00281183 -0.00182994 -0.00197501 0.000501454 0.000225521 -0.00249769 -0.000792085 -0.00208268 0.00340384
internal_weight=5915.5 2722.45 1319.26 3193.05 2851.66 628.816 341.391 1403.19 365.93 953.332 2222.84 845.685 557.507 34.2994 307.091
internal_count=30828 15407 6960 15421 13898 3936 1523 8447 2304 4656 9962 4957 3490 118 1405
is_linear=0
shrinkage=0.01444


Tree=63
num_leaves=16
num_cat=0
split_feature=22 19 5 7 26 5 18 26 11 21 21 7 7 18 27
split_gain=25.5875 11.624 5.49064 5.43968 4.45651 5.02172 4.23273 3.99374 3.81744 3.70959 3.90153 2.84675 2.21764 2.11099 1.72683
threshold=0.034755021655857789 0.10395128383870046 0.20187412711849503 0.22096397593127393 0.25212726020637394 0.071526498388410339 0.030907246510567869 0.93469802105473865 0.24396196063118999 0.026776357431741737 0.025166385987511669 0.36749276285313826 0.13427433157167884 -0.029299026120657875 0.54868234320300446
decision_type=8 10 8 8 8 10 10 10 10 10 10 8 10 8 10
left_child=3 4 7 6 11 -6 12 -3 -4 10 -5 -2 -1 -11 -8
right_child=1 2 8 9 5 -7 14 -9 -10 13 -12 -13 -14 -15 -16
leaf_value=-0.0002425083304898303 -4.1895712567256927e-05 0.00014221972364628047 -0.00011337904626993722 -5.0133215042055251e-05 -0.00010886144780771108 4.4465847090184261e-05 -0.00030867117901866551 -0.00058914516463501256 0.00049762805276565769 7.8759845381032114e-05 0.0011251056990232962 -0.00024584143370860034 -0.0001202372889066404 -0.00019099042510815794 -0.00022405416890165184
leaf_weight=66.833580900914967 371.54620374506339 329.84346909774467 63.93367675319314 459.28679565060884 320.4977220906876 2899.2293510134332 95.467669197358191 22.559214223176241 485.88485661055893 16.824452340602875 26.224557459354401 74.413919796235859 533.18323421431705 122.38265143334866 27.388327229768038
leaf_count=616 2090 1438 404 2379 1393 14910 421 102 2155 144 112 668 3228 602 166
internal_value=3.22995e-05 0.000550322 0.00201954 -0.00171343 0.000184887 0.00037539 -0.00257283 0.00056469 0.00292672 -0.00069665 -7.19914e-05 -0.00115994 -0.00203259 -0.00277264 -0.00508417
internal_weight=5915.5 4567.91 902.221 1347.59 3665.69 3219.73 722.873 352.403 549.819 624.718 485.511 445.96 600.017 139.207 122.856
internal_count=30828 23160 4099 7668 19061 16303 4431 1540 2559 3237 2491 2758 3844 746 587
is_linear=0
shrinkage=0.01444


Tree=64
num_leaves=16
num_cat=0
split_feature=21 9 28 24 26 11 34 12 21 8 8 21 33 38 24
split_gain=20.3235 9.31329 6.27677 7.74418 5.29284 4.30374 4.91128 4.64988 3.88078 3.26773 3.46639 3.06467 5.10647 1.79459 1.54654
threshold=0.055970157557468626 0.18386185855690423 -0.027249999999999993 11.500000000000002 0.24649130439192127 0.24396196063118999 0.036804184203161124 0.041850241094695657 0.023595450844356106 0.1345186518455794 0.19884560809033427 0.063301292265193723 0.033954660988619552 4.5000000000000009 7.5000000000000009
decision_type=10 8 8 2 10 8 10 10 8 10 10 10 8 2 2
left_child=1 9 8 -4 11 7 -7 -6 -3 14 -11 13 -13 -2 -1
right_child=4 2 3 -5 5 6 -8 -9 -10 10 -12 12 -14 -15 -16
leaf_value=-8.1633485283166485e-05 0.00015748309889316564 -0.00021037108353167609 -4.6325361820058169e-05 7.5588283064063273e-05 0.00024652237222018349 0.00029956928777237035 -3.6783717347162611e-05 -0.00018463755370804873 -4.7499462448782502e-05 -8.9089570435367955e-05 -0.00028608748915425906 -0.00053630424851440906 0.00019307380061716467 -4.7253527920443959e-06 -0.00036205412172872156
leaf_weight=17.182973958086222 17.089001759886742 224.20490023028105 1936.0265016506892 1128.6431616842747 121.34034161642194 1152.8048148248345 84.901722174137831 70.111696417443454 404.14749332587235 483.2107032216154 70.083797872066498 65.535936581902206 67.17831714451313 19.869574909098446 53.168744385242462
leaf_count=930 48 1113 13718 1608 728 4652 356 288 2211 3506 700 209 438 161 162
internal_value=8.42086e-06 -0.000504467 -0.000224733 4.0762e-05 0.00140104 0.00169065 0.00200353 -0.000263862 -0.00153934 -0.00213831 -0.00172615 -0.000958979 -0.00203809 0.0025398 -0.0051562
internal_weight=5915.5 4316.67 3693.02 3064.67 1598.83 1429.16 1237.71 191.452 628.352 623.646 553.295 169.673 132.714 36.9586 70.3517
internal_count=30828 23948 18650 15326 6880 6024 5008 1016 3324 5298 4206 856 647 209 1092
is_linear=0
shrinkage=0.01444


Tree=65
num_leaves=15
num_cat=0
split_feature=1 21 8 35 35 16 15 17 17 16 31 31 35 1
split_gain=20.2266 11.7178 5.46253 4.66077 4.24566 4.08843 3.7423 3.66952 3.664 4.53491 2.60713 1.76229 0.684893 0.259139
threshold=0.076302224633749346 0.055472172596808401 0.1345186518455794 5.8833777244597796 6.2795032940706141 1.4246874744157347 1.1817721329147164 1.0064675027151841 0.7288838889345588 1.3149773566374978 3.2350000000000008 6.7849999999999993 6.146681975418109 0.06459749190938513
decision_type=2 10 8 2 2 10 10 10 8 10 10 8 2 2
left_child=2 5 12 6 -5 7 -4 -2 10 -10 -3 -7 13 -1
right_child=1 8 3 4 -6 11 -8 -9 9 -11 -12 -13 -14 -15
leaf_value=-0.00036727571812670802 -2.4788085609725432e-05 0.00012884868466947095 -0.00020094194600629495 0.00013744726367889674 -0.00012075092237951162 -0.00035015592633543723 -7.8634623284067539e-05 4.6076992492648366e-05 0.00023886762930865507 0.00060091548963721471 -0.00010980493871637149 -5.5430129534280908e-05 -2.0899513065768484e-05 -4.866267888067422e-05
leaf_weight=59.91712183598429 1366.0297753054183 118.85122753307223 398.99211708083749 70.114236584631726 73.976327491458505 63.399728122167289 999.14614776009694 1279.9352228557691 1241.9684388879687 97.322249724529684 58.286599153652787 74.733232140541077 7.5329651124775401 5.2942921677604309
leaf_count=721 6809 612 2404 442 372 324 5761 6048 5363 296 146 1346 58 126
internal_value=0 0.00051933 -0.0013757 -0.00118119 0.00123962 -3.24161e-05 -0.00144043 8.94711e-05 0.00154058 0.00180034 -0.000349167 -0.00245257 -0.00528061 -0.00576629
internal_weight=5915.5 4300.53 1614.97 1542.23 144.091 2784.1 1398.14 2645.96 1516.43 1339.29 177.138 138.133 72.7444 65.2114
internal_count=30828 20944 9884 8979 814 14527 8165 12857 6417 5659 758 1670 905 847
is_linear=0
shrinkage=0.01444


Tree=66
num_leaves=16
num_cat=0
split_feature=22 17 23 1 17 26 26 18 21 5 34 9 21 34 27
split_gain=23.7543 7.23796 9.54868 5.31936 5.61254 5.13609 4.86321 4.17548 3.89508 5.26649 3.68911 3.49934 2.61388 2.55559 1.59024
threshold=0.044770211317153509 0.74705430284724772 0.11483496197977265 0.058793939393939405 1.2017995962665993 0.55777437558761667 0.24649130439192127 0.01903509711466023 0.027171689689460574 0.29414418286396199 0.0060563578888678258 0.30816959834411223 0.034700377263775083 -0.012296359486401785 0.64730052109520164
decision_type=8 10 8 2 8 10 8 8 10 10 10 10 8 8 10
left_child=3 8 6 7 5 -5 -3 13 9 -2 -10 -4 -6 -1 -9
right_child=1 2 11 4 12 -7 -8 14 10 -11 -12 -13 -14 -15 -16
leaf_value=-0.00013828785618763719 -0.00029975606706529882 -6.2879969138265846e-05 6.3275707956319105e-06 -0.00013674476469706276 6.0679896899163059e-05 5.888095811246448e-05 0.00011425761268790925 -0.00022061255510124475 6.2195537508355164e-05 0.00012372396541507618 -0.00012701307001246445 0.00062828955114678671 -8.1477450534430895e-05 2.2632600837557692e-05 -0.00010917233794423946
leaf_weight=236.24919384997338 116.43016602844 246.11701476899907 54.11962066218257 971.88671810692176 403.35855248291045 199.39022886427119 2485.282424130477 163.34357198281214 352.4504362391308 37.803721701260656 159.25542009621859 250.12707480043173 88.966735089663416 118.03601329633966 32.682789656333625
leaf_count=1654 1554 1362 586 4661 1888 1685 11473 724 1884 258 490 1103 742 524 240
internal_value=3.12792e-06 0.000712968 0.00101369 -0.00117767 -0.000758589 -0.00130539 0.000736898 -0.00241875 -0.000637902 -0.00264556 -5.00114e-06 0.00344976 0.000515728 -0.0014224 -0.00414377
internal_weight=5915.5 3701.59 3035.65 2213.91 1663.6 1171.28 2731.4 550.312 665.94 154.234 511.706 304.247 492.325 354.285 196.026
internal_count=30828 18710 14524 12118 8976 6346 12835 3142 4186 1812 2374 1689 2630 2178 964
is_linear=0
shrinkage=0.01444


Tree=67
num_leaves=15
num_cat=0
split_feature=19 9 33 26 19 26 8 31 18 18 8 25 12 4
split_gain=22.2486 7.38331 6.92554 6.71427 6.64213 6.61528 7.34277 6.09673 5.30616 4.86622 4.03826 3.53918 2.01377 1.04023
threshold=0.048986777250783688 0.19305851244223324 0.0030308381064733107 0.42317325232094211 0.14285714285714288 0.6579948625170905 0.2912170668294205 5.2500000000000018 0.030907246510567869 -0.035745159322954183 0.1345186518455794 1.1552388622148662 0.23066052753860825 0.050746262389984802
decision_type=8 8 8 8 10 10 10 10 10 10 10 10 10 10
left_child=1 8 9 -4 5 11 -7 12 10 -3 -1 -2 -6 -10
right_child=4 2 3 -5 7 6 -8 -9 13 -11 -12 -13 -14 -15
leaf_value=-0.00031675665801105907 2.3400527066402414e-05 7.5326305316085555e-05 -8.7548317052849072e-05 9.0553183415123067e-05 0.00046829781584923887 -5.8762692967376831e-05 0.00043251104807097017 -3.43283165365902e-05 -0.00022620433658478246 -0.00019053932725387519 -0.00011070782004594571 -0.00019710914760305058 -0.00052137643904115569 -0.0001480938063051696
leaf_weight=61.111485444474965 2062.2077842177823 50.021490214392543 966.54172620363533 703.52050853054971 286.55642405897379 211.03770992625505 421.3191697653383 37.149119570851326 83.70896710967645 288.08125183731318 542.22974324272946 174.52642272599041 17.685129639692605 9.8027492687106115
leaf_count=770 9987 356 3670 3591 1333 2170 1812 90 496 1978 3336 1099 100 40
internal_value=-2.78837e-05 -0.000994675 -0.000541392 -0.000151154 0.000782649 0.000550057 0.00185561 0.00269502 -0.00228068 -0.00242691 -0.0017494 0.000174736 0.0033884 -0.00553878
internal_weight=5915.5 2705.02 2008.16 1670.06 3210.48 2869.09 632.357 341.391 696.853 338.103 603.341 2236.73 304.242 93.5117
internal_count=30828 14237 9595 7261 16591 15068 3982 1523 4642 2334 4106 11086 1433 536
is_linear=0
shrinkage=0.01444


Tree=68
num_leaves=16
num_cat=0
split_feature=22 0 18 34 11 17 17 24 24 10 10 18 34 35 21
split_gain=22.3044 7.55665 5.58507 5.91615 5.09367 5.42365 4.74569 6.31303 4.7237 4.55782 3.01238 2.69086 5.39387 2.75885 1.85816
threshold=0.044770211317153509 0.51222500000000015 -0.023951880168686931 0.032758122151732467 0.20232601293046912 1.0115815313557455 0.72653378041001215 11.500000000000002 9.5000000000000018 0.32132973311609042 0.37638446609611037 0.024410879925585775 -0.00088008155206426009 3.4629193911862042 0.043351029085950045
decision_type=8 2 8 10 8 8 10 2 2 10 10 10 8 2 10
left_child=4 6 10 -4 11 9 14 -8 -7 -6 -3 12 -1 -13 -2
right_child=1 2 3 -5 5 8 7 -9 -10 -11 -12 13 -14 -15 -16
leaf_value=-0.00011727329592707713 -0.0002188038888722471 0.00018772110912806174 0.00015947096150441584 -6.3352380465047799e-05 -0.00019086136747668281 -0.00015129435739283698 -2.6510613431704516e-05 0.00015754428500506769 3.9352230498427845e-05 1.3331333236277182e-06 0.00059025049925090294 -3.57807186116565e-06 6.9334810594294497e-05 -0.00024575590606517488 -6.1638061346690863e-06
leaf_weight=437.66140176355839 142.49265805608593 274.73345844773576 1144.5560602296609 192.26023867912591 495.31975243240595 191.54194878879935 981.3482329514809 490.94711416959763 621.05655041337013 242.03288871143013 373.76788746472448 27.404093998484313 96.496044269762933 102.40112295141444 101.48022842872888
leaf_count=2759 1576 1188 5606 502 2609 2890 7223 701 1208 1248 1392 88 742 574 522
internal_value=-7.36556e-06 0.000676105 0.0012827 0.000734524 -0.0011559 -0.000689822 -1.81485e-05 0.000283437 0.000108938 -0.00158725 0.00239095 -0.00222272 -0.00172378 -0.00415933 -0.00188816
internal_weight=5915.5 3701.59 1985.32 1336.82 2213.91 1549.95 1716.27 1472.3 812.598 737.353 648.501 663.963 534.157 129.805 243.973
internal_count=30828 18710 8688 6108 12118 7955 10022 7924 4098 3857 2580 4163 3501 662 2098
is_linear=0
shrinkage=0.01444


Tree=69
num_leaves=15
num_cat=0
split_feature=22 23 30 27 20 11 9 24 1 9 4 18 16 28
split_gain=21.241 8.23386 5.3806 5.33563 5.32782 5.11737 5.05087 5.43868 4.76567 4.21763 2.72059 2.68963 3.68292 3.66862
threshold=0.044770211317153509 0.080799567082627935 20.115000000000006 0.21880247166134287 0.032823134401062277 0.20232601293046912 0.18386185855690423 10.500000000000002 0.047514705882352952 0.69950432454442601 0.25266080891781312 0.024410879925585775 0.79287000218897796 0.17340000000000005
decision_type=8 8 8 10 10 8 8 2 2 10 8 10 10 8
left_child=5 2 4 -4 -2 11 10 -8 -3 -10 -7 12 -1 -13
right_child=1 8 3 -5 -6 6 7 -9 9 -11 -12 13 -14 -15
leaf_value=-0.00022136136348377717 0.0002508699098474801 -0.00045825006947730168 -0.00023309248992560511 -9.0592125319333408e-06 2.6956205452895586e-05 -0.00019970197574313423 -0.00013453183903646451 8.1867180497850408e-06 0.00026054272335608543 -0.00012489328714036828 0.00040578859747838775 -0.00021061181592521585 -8.4251809290884311e-05 8.9431315562775243e-05
leaf_weight=64.338412802666426 248.84375750087202 15.415189503692089 146.40932385995984 530.13999818265438 1716.3011122564785 99.598695089109242 610.75652498845011 821.80411025881767 1017.3965366124175 27.07996051106602 17.791810009628534 114.33043430419639 469.8190332306549 15.47478264570236
leaf_count=462 1063 138 736 2306 8367 770 5714 1375 5974 126 96 610 3039 52
internal_value=-3.13118e-05 0.000635569 0.000198443 -0.000904196 0.000584862 -0.0011521 -0.000685011 -0.000437911 0.00171205 0.00184049 -0.00357319 -0.0022213 -0.00172248 -0.00415744
internal_weight=5915.5 3701.59 2641.69 676.549 1965.14 2213.91 1549.95 1432.56 1059.89 1044.48 117.391 663.963 534.157 129.805
internal_count=30828 18710 12472 3042 9430 12118 7955 7089 6238 6100 866 4163 3501 662
is_linear=0
shrinkage=0.01444


Tree=70
num_leaves=16
num_cat=0
split_feature=22 0 7 35 28 34 17 26 22 28 33 7 16 17 21
split_gain=20.926 8.11284 6.76435 5.88397 10.3977 5.40987 4.77569 4.9264 3.9981 3.98572 3.68214 3.22557 2.63911 1.96734 1.78788
threshold=0.044770211317153509 0.51222500000000015 0.21030227905456669 5.1074292206301806 -0.018499999999999985 0.036804184203161124 0.72653378041001215 0.24649130439192127 0.018545571244338522 -0.041649999999999958 -0.0030040070543069781 0.21512227787075519 0.81735432821314169 1.3541062472231211 0.043351029085950045
decision_type=10 2 8 2 10 10 10 10 8 8 10 8 10 10 10
left_child=2 6 8 11 -5 9 14 -8 13 -3 -7 -4 -10 -1 -2
right_child=1 5 3 4 -6 10 7 -9 12 -11 -12 -13 -14 -15 -16
leaf_value=-0.0001985517927299808 -0.00021603361165426776 -1.7384838080722952e-05 0.00044829277455618886 -0.00028699876502162689 8.8601038373136971e-05 0.00018562282172736219 -0.0001070329414811634 4.4412590718751652e-05 -0.00020710815802862186 0.00022428130431502856 -0.00019016514951529289 -0.00010901022823864423 -8.396470647761214e-05 4.1419255874922946e-05 -9.6973580240305634e-06
leaf_weight=118.51195785775781 138.67739697080106 239.44640213763341 38.459626243449748 56.782848096918315 253.52355998661369 80.390592455863953 157.04213347285986 1313.653883703053 157.07549954205751 1574.1486665382981 79.310879526659846 986.75251702079549 608.7627931474708 11.480696627404539 101.48022842872888
leaf_count=870 768 1178 268 273 1054 460 1087 6793 1102 6548 184 5864 3737 120 522
internal_value=-2.85439e-05 0.000637545 -0.00113406 -0.000469898 0.00125211 0.00126878 -8.30506e-05 0.00021747 -0.0021087 0.00149646 -0.00123128 -0.00100426 -0.00168142 -0.00450783 -0.00197404
internal_weight=5915.5 3684.15 2231.35 1335.52 310.306 1973.3 1710.85 1470.7 895.831 1813.6 159.701 1025.21 765.838 129.993 240.158
internal_count=30828 17540 13288 7459 1327 8370 9170 7880 5829 7726 644 6132 4839 990 1290
is_linear=0
shrinkage=0.01444


Tree=71
num_leaves=16
num_cat=0
split_feature=22 1 12 14 12 10 20 9 8 34 33 26 34 26 10
split_gain=20.7475 6.24282 5.59339 4.861 4.46753 7.02425 4.38767 3.07429 2.75588 2.73768 3.07773 2.67904 2.11006 0.893538 0.69506
threshold=0.057539856357741483 0.058793939393939405 0.026258561536518461 1.1776302399658147 0.090934480388993669 0.3144005802857826 0.10603854405324607 0.40172766992820103 0.1345186518455794 -0.049408385806927295 0.011877451648398598 0.40865854947228969 0.032758122151732467 0.50651080359643175 0.21754225402977143
decision_type=8 2 8 10 10 10 8 10 10 8 8 8 10 10 10
left_child=1 8 9 11 5 -3 -5 -6 13 14 -11 -4 -10 -1 -2
right_child=2 4 3 6 7 -7 -8 -9 12 10 -12 -13 -14 -15 -16
leaf_value=-0.00029834438389338705 -5.5910619439015745e-05 -5.9383904263240381e-05 -0.00012632844838293206 0.00012307390031120972 -0.00017127820066234118 0.00012295983375609483 0.00029098611112460504 2.3838123934022124e-05 -0.00010481664823601561 0.00038952869472775638 -0.00032888453985101181 2.8152915486726552e-05 -0.00022343845535746485 4.1617695172901786e-05 0.00056628958180609645
leaf_weight=69.64932325296104 16.082517359405756 1638.5700904889964 117.95745750633068 1596.4333534468897 314.0951420404017 546.96508305938914 623.05132341757417 99.605049226433039 494.5480793947354 11.113304558210073 116.24973798589781 197.76780226663686 44.244091439992189 6.5581582225859156 22.609168089926243
leaf_count=506 328 8702 1262 6935 1580 2556 2755 596 2926 99 670 1409 100 128 276
internal_value=-3.36446e-05 -0.000819679 0.000896789 0.00106817 -0.000503282 -0.000235747 0.00130846 -0.00188282 -0.00213397 -0.00163597 -0.00269383 -0.000578948 -0.00172848 -0.00479694 0.00150151
internal_weight=5915.5 3214.24 2701.26 2535.21 2599.24 2185.54 2219.48 413.7 615 166.055 127.363 315.725 538.792 76.2075 38.6917
internal_count=30828 17094 13734 12361 13434 11258 9690 2176 3660 1373 769 2671 3026 634 604
is_linear=0
shrinkage=0.01444


Tree=72
num_leaves=15
num_cat=0
split_feature=1 23 30 18 27 8 34 23 34 17 35 18 24 35
split_gain=18.7673 11.7082 6.22659 7.10689 6.95346 5.46181 4.99008 4.67843 4.18454 3.93959 2.40477 1.96467 1.04731 0.144888
threshold=0.076302224633749346 0.080799567082627935 19.815000000000001 0.051398069569419953 0.22284638824162042 0.1345186518455794 -0.018767285535426389 0.023392045249757135 0.031791022825298672 0.7396636265161235 5.8833777244597796 -0.008833043392932392 7.5000000000000009 6.238021235588648
decision_type=2 10 10 10 10 8 10 8 8 10 2 10 2 2
left_child=5 2 3 -2 -4 12 11 8 -7 -8 -9 -3 13 -1
right_child=1 6 4 -5 -6 7 9 10 -10 -11 -12 -13 -14 -15
leaf_value=-0.00013919456494282297 6.5680196489141143e-06 0.00026987314992371321 -0.00021081882347963749 0.00034140691086192619 -2.0091193730968125e-05 -0.00011324281241170223 -1.209148828958019e-05 -7.1480928243007537e-05 -0.00028390310869112181 0.00041787619116003281 0.00012564505879762228 -9.3058926651579094e-05 -0.00035907586977151136 1.9642599223472727e-05
leaf_weight=14.651191825047135 2208.9362455692608 175.78733226843178 191.57549224141985 277.66490495344624 614.31772799603641 438.69325505523011 92.751283943653107 934.04920889204368 66.856631450820714 523.03153977449983 102.62973351893015 216.46194697637111 56.422425866127014 1.6707614250481135
leaf_count=721 11328 1304 744 1271 2854 2174 252 5887 266 1431 652 1760 164 20
internal_value=-2.10969e-05 0.00047508 5.39876e-05 0.000415265 -0.00104403 -0.00135018 0.00183671 -0.00115575 -0.00230288 0.00265251 -0.000582775 0.000520724 -0.00525367 -0.000936604
internal_weight=5915.5 4300.53 3292.49 2486.6 805.893 1614.97 1008.03 1542.23 505.55 615.783 1036.68 392.249 72.7444 16.322
internal_count=30828 20944 16197 12599 3598 9884 4747 8979 2440 1683 6539 3064 905 741
is_linear=0
shrinkage=0.01444


Tree=73
num_leaves=15
num_cat=0
split_feature=1 23 30 7 27 8 34 26 23 34 20 26 24 35
split_gain=17.6039 11.7247 6.09093 7.50505 6.95346 5.54106 5.10916 5.20298 4.71533 4.30299 2.81053 2.66391 1.10984 0.133693
threshold=0.076302224633749346 0.080799567082627935 19.815000000000001 0.29297364749355798 0.22284638824162042 0.1345186518455794 -0.018767285535426389 0.97830292514639117 0.023392045249757135 0.031791022825298672 0.065205521043112988 0.42044830188276222 7.5000000000000009 6.238021235588648
decision_type=2 10 10 10 10 8 10 10 8 8 10 8 2 2
left_child=5 2 3 -2 -4 12 11 -8 9 -7 -10 -3 13 -1
right_child=1 6 4 -5 -6 8 7 -9 10 -11 -12 -13 -14 -15
leaf_value=-0.0001371845978415536 -6.4283301097315364e-06 -0.00015085638676290067 -0.00020777460332853858 0.00016921627605701652 -1.980107724228877e-05 -0.00011160758816644359 0.0003914567485881969 -1.1916887408594464e-05 -1.2695232993117856e-05 -0.00027980355273035819 -0.0002383968792084386 0.00016702269514285378 -0.00035389082044579316 1.9358960431693627e-05
leaf_weight=14.651191825047135 1474.249630931532 108.63284932915121 191.57549224141985 1012.351519591175 614.31772799603641 438.69325505523011 587.46984501834959 28.312978699803352 904.9538713505026 66.856631450820714 131.72507106047124 283.61642991565168 56.422425866127014 1.6707614250481135
leaf_count=721 8517 870 744 4082 2854 2174 1615 68 5619 266 920 2194 164 20
internal_value=-1.70937e-05 0.000463393 4.20353e-05 0.00039944 -0.00104403 -0.00130441 0.00182589 0.00265099 -0.00110879 -0.00225961 -0.000534039 0.000495356 -0.00523323 -0.000847841
internal_weight=5915.5 4300.53 3292.49 2486.6 805.893 1614.97 1008.03 615.783 1542.23 505.55 1036.68 392.249 72.7444 16.322
internal_count=30828 20944 16197 12599 3598 9884 4747 1683 8979 2440 6539 3064 905 741
is_linear=0
shrinkage=0.01444


Tree=74
num_leaves=16
num_cat=0
split_feature=22 17 23 7 28 35 18 22 10 34 35 18 22 18 17
split_gain=19.4769 7.62471 9.23312 6.27579 5.26935 8.06906 4.7199 4.21722 3.53401 3.09598 5.36145 5.1071 2.98541 2.86817 1.95117
threshold=0.044770211317153509 0.74705430284724772 0.11119087500997051 0.21030227905456669 -0.016799999999999992 5.1074292206301806 0.051398069569419953 0.018545571244338522 0.3440349337153506 0.0060563578888678258 5.4145211701133205 -0.019774170133798893 0.10855306500535759 0.024410879925585775 1.3541062472231211
decision_type=10 10 10 8 10 2 10 8 8 10 2 10 10 10 10
left_child=3 9 6 7 8 -6 -3 14 -5 10 -2 -11 -4 -9 -1
right_child=1 2 12 4 5 -7 -8 13 -10 11 -12 -13 -14 -15 -16
leaf_value=-0.00019092432182829403 8.4106383061087974e-05 4.0195304091258817e-05 -0.00013698886126763758 -0.00018631529397025831 -8.6257640109428717e-05 8.946218424899836e-05 0.0002409543950277449 -8.067925272023736e-05 -3.8065661429757658e-06 0.00024219557442761006 -0.00019981503863024112 -0.00018656117568434808 0.00052908017799689394 -0.00018139162448914769 4.5581549000802924e-05
leaf_weight=118.51195785775781 384.06206989847124 2306.6963886315934 21.894793869927526 246.9028576053679 658.39533524750732 252.53546242509037 370.95753781776875 624.92891097767279 177.68489606981166 46.061524122953415 72.939749333076179 154.10751969367266 327.43059986643493 140.90938171185553 11.480696627404539
leaf_count=870 2214 11133 166 1328 3978 1044 1498 3977 1109 102 274 520 1633 862 120
internal_value=-2.20644e-05 0.000620479 0.000928527 -0.00108871 -0.000448542 0.000157731 0.000633988 -0.00202762 -0.00177857 -0.000778099 -9.13573e-05 -0.00227617 0.00314422 -0.00159049 -0.00448488
internal_weight=5915.5 3684.15 3026.98 2231.35 1335.52 910.931 2677.65 895.831 424.588 657.171 457.002 200.169 349.325 765.838 129.993
internal_count=30828 17540 14430 13288 7459 5022 12631 5829 2437 3110 2488 622 1799 4839 990
is_linear=0
shrinkage=0.01444


Tree=75
num_leaves=15
num_cat=0
split_feature=19 17 26 19 25 31 17 10 8 8 9 24 26 33
split_gain=18.0828 8.26009 7.78108 7.60398 5.9354 5.92601 5.629 4.40356 4.25522 3.30555 3.15025 2.4156 2.33816 2.304
threshold=0.039567839540781614 1.0089430099256345 0.31739051936947976 0.14285714285714288 1.3133222255541035 5.2500000000000018 0.74705430284724772 0.30592033950659092 0.18230522752575321 0.24648752010589536 0.17725966767873982 10.500000000000002 0.8048300655524715 0.072213213775693466
decision_type=10 8 8 10 10 10 8 10 10 10 8 2 10 8
left_child=1 7 8 4 6 11 -2 12 -3 -9 -4 -5 -1 -6
right_child=3 2 10 5 13 -7 -8 9 -10 -11 -12 -13 -14 -15
leaf_value=-0.00016255094751153974 -7.4876496894468259e-05 -0.00022452292762843967 -4.3455990065290944e-05 0.00026322924737588689 -0.00035521891571811947 -3.8356015011302168e-05 5.9644255496949288e-05 0.00017347137760065576 -8.627001408835086e-05 -0.00011577227520119285 6.2044162104518303e-05 0.00056926181980806892 9.3131645846415871e-05 4.9218275510455171e-05
leaf_weight=720.0437200544402 443.81532075908035 134.80096916435286 112.09014550363645 129.2021854268387 77.648482670076191 37.149119570851326 2967.5025033117272 19.603509145788848 250.70768584543839 241.55202868580818 554.85109720472246 175.0393682718277 14.410369813442228 37.083176328334957
leaf_count=3751 2234 1298 884 1137 337 90 14552 154 1072 1171 3332 296 120 400
internal_value=-2.12647e-05 -0.00112031 -0.000214199 0.000557445 0.000353708 0.00261945 0.000465843 -0.00206436 -0.00185536 -0.000393081 0.000715578 0.00330362 -0.00264007 -0.00285302
internal_weight=5915.5 2048.06 1052.45 3867.44 3526.05 341.391 3411.32 995.61 385.509 261.156 666.941 304.242 734.454 114.732
internal_count=30828 11782 6586 19046 17523 1523 16786 5196 2370 1325 4216 1433 3871 737
is_linear=0
shrinkage=0.01444


Tree=76
num_leaves=16
num_cat=0
split_feature=1 21 35 30 27 11 26 9 15 35 26 21 5 28 21
split_gain=17.1418 11.3051 5.00511 4.37893 6.07387 5.63826 3.91405 3.85493 3.97128 3.53802 3.21252 3.0722 2.94135 2.04028 1.93283
threshold=0.075903263403263407 0.055472172596808401 5.8833777244597796 19.660000000000004 0.16485726015769062 0.20993057395447481 0.24649130439192127 0.14919285911870936 1.1817721329147164 6.2795032940706141 0.98737197790437692 0.063301292265193723 0.12352813254340174 -0.018499999999999985 0.01737697726307201
decision_type=2 10 2 8 10 10 10 8 8 2 10 10 10 8 8
left_child=2 3 7 5 -5 -2 11 13 -9 14 -8 -3 -11 -1 -4
right_child=1 6 9 4 -6 -7 10 8 -10 12 -12 -13 -14 -15 -16
leaf_value=4.2718513884476632e-05 -0.00010432357230870392 0.00013102188406955985 7.9301865457481653e-06 -0.00016029137116803526 -1.6527206169737067e-05 3.9828349898154306e-05 0.00025119951030992568 -0.0001873109252317959 -7.0278399737094371e-05 -0.00027059147905550066 -8.4970074323575301e-06 -0.0001716131456676082 2.0871928129900989e-05 -0.00018003851382114539 0.00016700837568084468
leaf_weight=13.832059036009012 266.64263086719438 37.141603732481599 27.754218146204948 154.4422707343474 710.45332052209415 1665.2379520153627 1313.1832384765148 310.20805980777368 1025.7426277736668 25.921837107278407 50.757767034694552 116.33858675416559 48.79691130714491 98.865918586030602 50.180679855402559
leaf_count=168 1986 181 178 1088 3828 7739 5445 1632 6044 126 236 561 260 1016 340
internal_value=-2.28761e-05 0.000448451 -0.0013006 -9.16737e-05 -0.000948809 0.000285451 0.00145225 -0.00156651 -0.00133451 0.00113391 0.00170102 -0.000671632 -0.000975805 -0.00418115 0.00331592
internal_weight=5915.5 4314.2 1601.3 2796.78 864.896 1931.88 1517.42 1448.65 1335.95 152.654 1363.94 153.48 74.7187 112.698 77.9349
internal_count=30828 21064 9764 14641 4916 9725 6423 8860 7676 904 5681 742 386 1184 518
is_linear=0
shrinkage=0.01444


Tree=77
num_leaves=16
num_cat=0
split_feature=22 17 7 22 11 28 28 22 24 34 24 9 4 15 17
split_gain=18.5247 6.73384 6.32138 6.082 5.70253 5.35937 4.50252 4.16978 3.9029 3.58455 5.21295 4.2935 2.94696 2.09862 1.93311
threshold=0.044770211317153509 0.74705430284724772 0.21030227905456669 0.12017477502322216 0.22813659866222183 -0.016799999999999992 0.066499999999999962 0.018545571244338522 11.500000000000002 0.0060563578888678258 11.500000000000002 0.30816959834411223 0.15535079608643573 1.1817721329147164 1.3541062472231211
decision_type=10 10 8 10 10 10 8 8 2 10 2 8 10 10 10
left_child=2 9 7 6 -5 12 -3 14 -7 11 -11 -2 -4 -9 -1
right_child=1 3 5 4 -6 8 -8 13 -10 10 -12 -13 -14 -15 -16
leaf_value=-0.00018311537856706745 -0.00020170230321289186 3.7008591286811948e-05 -0.00016603702960627892 -0.00055246461936304849 0.00042675742666288595 -8.4932308942447125e-05 0.00030494229685406688 -0.00017692882808599913 7.1757185533351687e-05 -1.2767583826389204e-05 -0.0003083041619528208 8.3010790598288299e-05 3.1085255165464148e-05 -7.9900670325749366e-05 4.4934001367803542e-05
leaf_weight=118.51195785775781 122.32785350084305 2330.9973778133281 366.7553617071826 18.105375262908638 355.76316011324525 535.51984832319431 322.1134069962427 135.3563615726307 375.41094934940338 108.69165233522654 91.477391481399536 334.67396573070437 57.832391967996955 630.48193111689761 11.480696627404539
leaf_count=870 838 11192 2181 174 1599 4490 1465 754 532 504 118 1650 256 4085 120
internal_value=-3.30837e-05 0.000593477 -0.00107334 0.00088306 0.0026173 -0.000431028 0.000633245 -0.00201545 0.000180659 -0.000720082 -0.00232866 0 -0.00177268 -0.00158065 -0.00445915
internal_weight=5915.5 3684.15 2231.35 3026.98 373.869 1335.52 2653.11 895.831 910.931 657.171 200.169 457.002 424.588 765.838 129.993
internal_count=30828 17540 13288 14430 1773 7459 12657 5829 5022 3110 622 2488 2437 4839 990
is_linear=0
shrinkage=0.01444


Tree=78
num_leaves=15
num_cat=0
split_feature=19 17 19 25 31 17 11 19 10 27 24 7 4 33
split_gain=17.5825 7.42691 7.1619 5.89541 5.75128 5.33068 4.98539 4.92305 4.42047 4.54543 4.29803 3.77802 2.98796 2.3005
threshold=0.039567839540781614 1.0089430099256345 0.14285714285714288 1.3133222255541035 5.2500000000000018 0.74705430284724772 0.20113017053003313 0.016263031228054756 0.30592033950659092 0.30580050950421328 9.5000000000000018 0.31544041732726108 0.44017703992534235 0.072213213775693466
decision_type=8 8 10 10 10 10 8 10 10 10 2 8 8 8
left_child=1 8 3 5 11 -2 7 -3 12 -10 -8 -4 -1 -5
right_child=2 6 4 13 -6 -7 10 -9 9 -11 -12 -13 -14 -15
leaf_value=-0.00016860951978102268 -4.8627150483460444e-05 6.0522025230032013e-05 2.6372915115936304e-05 -0.00034960914528553579 -4.1245107699517899e-05 6.9089188322955878e-05 -0.00017340035909166085 -0.00015663634650478828 0.00015451339677597666 -0.00016266127827154045 5.6321341723755282e-05 0.00051543164065115279 7.9713890527770131e-06 4.7858649294807578e-05
leaf_weight=672.20657108118758 606.95449117710814 59.192672716919333 84.500953378155828 77.648482670076191 37.149119570851326 2821.7990280869417 172.14856283878908 240.713500529062 70.560439860448241 188.48052338976413 569.7851020693779 219.74060032051057 57.53645773883909 37.083176328334957
leaf_count=3501 4034 440 512 337 90 13922 2494 1400 315 998 1140 921 324 400
internal_value=-2.76083e-05 -0.00111843 0.000539271 0.000342352 0.00254104 0.000453574 -0.00025297 -0.00182969 -0.00201643 -0.000336135 0.000367636 0.00321565 -0.00259426 -0.00285413
internal_weight=5915.5 2030.62 3884.88 3543.49 341.391 3428.75 1041.84 299.906 988.784 259.041 741.934 304.242 729.743 114.732
internal_count=30828 10612 20216 18693 1523 17956 5474 1840 5138 1313 3634 1433 3825 737
is_linear=0
shrinkage=0.01444


Tree=79
num_leaves=15
num_cat=0
split_feature=19 17 19 5 26 28 30 5 8 5 23 22 0 8
split_gain=17.2655 7.39297 7.26885 6.86633 6.78637 6.31798 4.47197 3.9364 3.75784 3.51184 3.36089 2.90205 2.77569 2.53838
threshold=0.039567839540781614 1.0089430099256345 0.14285714285714288 0.093692283268287588 0.31739051936947976 -0.041649999999999958 26.535000000000004 -0.013054566765338541 0.18230522752575321 0.20521558495044684 0.015920890685337839 0.095854066069015517 0.22152500000000003 0.22871272789544542
decision_type=10 8 10 8 8 8 10 10 10 10 8 10 2 10
left_child=1 7 3 11 8 -5 9 10 -3 -4 -1 -2 -6 -9
right_child=2 4 6 5 12 -7 -8 13 -10 -11 -12 -13 -14 -15
leaf_value=-0.00035784378096924635 -6.6147496348516787e-05 -0.0002168504111626155 0.00013132893416005338 -7.668611307646512e-05 -9.0882457672433184e-05 8.7753040396385061e-05 -3.3268254071627116e-06 -0.00016700773038354745 -8.2183660541312832e-05 0.00060174201296080035 0.0003164089524188106 -0.0001750040961703672 5.5975293786010424e-05 -0.00012477431891190323
leaf_weight=14.615929884836076 410.00145589094609 134.80096916435286 129.2239744970575 333.67955212108791 32.629027085611597 2710.1839543818496 14.127515524625776 445.01628367649391 250.70768584543839 198.03918324783444 42.802532457280904 72.184520675335079 634.31221562274732 493.17488168086857
leaf_count=84 1846 1298 580 1784 276 13573 36 2631 1072 907 176 320 3940 2305
internal_value=-4.01941e-05 -0.00111409 0.000525196 0.000325941 -0.00025569 0.000582546 0.00254104 -0.0020077 -0.00178818 0.00291227 0.00151785 -0.0012656 0.000611269 -0.00223819
internal_weight=5915.5 2048.06 3867.44 3526.05 1052.45 3043.86 341.391 995.61 385.509 327.263 57.4185 482.186 666.941 938.191
internal_count=30828 11782 19046 17523 6586 15357 1523 5196 2370 1487 260 2166 4216 4936
is_linear=0
shrinkage=0.01444


Tree=80
num_leaves=16
num_cat=0
split_feature=22 18 9 22 11 21 21 11 28 35 15 34 19 33 21
split_gain=17.1227 5.72225 6.84059 4.95461 6.67479 4.77486 4.23613 4.22059 4.12729 3.56869 3.44521 3.00603 2.891 2.47082 2.47009
threshold=0.057539856357741483 -0.023509415553580878 0.27711586557021101 0.01900323466474952 0.24197009001034711 0.021021620200410349 0.023595450844356106 0.15148813387288015 -0.029800000000000017 2.7398713442550884 1.1252409802821501 0.013529591520938801 0.044385721617420403 0.0088121266506348012 0.029049585958719665
decision_type=8 8 10 10 10 10 8 8 8 2 8 8 10 8 10
left_child=3 2 12 4 6 11 -1 -7 14 -4 -10 -3 -2 -6 -5
right_child=1 5 9 8 13 7 -8 -9 10 -11 -12 -13 -14 -15 -16
leaf_value=-0.00022952295305095596 0.00045132606981678771 -2.3736270734543485e-05 3.2367679793307271e-06 -0.00020589195216316831 -0.00019208905379831741 -0.0003850885979390293 6.040546920695421e-05 7.1517556745649772e-05 -0.00012502187994169775 0.00037555004665867025 -2.581020409759851e-06 -0.0002462528876092002 -0.0001888195415280454 8.4665478742718256e-05 -2.135661678396558e-05
leaf_weight=200.28272002842277 17.134333789348602 65.470848302356899 106.87690541706979 220.92207632260397 16.462377585470676 31.722703361883759 9.7574346815235895 1769.7025961400941 539.46119116153568 520.79053879249841 2031.7848614840768 54.631067811977118 134.93567101564258 46.787513073999435 148.77684278786182
leaf_count=902 72 568 462 1144 220 180 444 8000 2448 1844 10518 1624 984 456 962
internal_value=-3.91032e-05 0.000805915 0.00185309 -0.000753351 -0.00262479 0.000373756 -0.00387735 0.000565748 -0.000574532 0.00252369 -0.000362961 -0.00238679 -0.000828138 0.00132709 -0.00200789
internal_weight=5915.5 2701.26 779.737 3214.24 273.29 1921.53 210.04 1801.43 2940.94 627.667 2571.25 120.102 152.07 63.2499 369.699
internal_count=30828 13734 3362 17094 2022 10372 1346 8180 15072 2306 12966 2192 1056 676 2106
is_linear=0
shrinkage=0.01444


Tree=81
num_leaves=16
num_cat=0
split_feature=22 17 19 7 28 35 26 27 34 28 9 16 16 4 38
split_gain=16.3977 6.95437 7.59019 5.33442 5.1598 7.56218 4.56326 3.41437 3.3217 4.81411 3.9064 3.0973 4.32757 2.92442 0.867492
threshold=0.044770211317153509 0.74705430284724772 0.10615902840798833 0.21030227905456669 -0.016799999999999992 5.1074292206301806 0.20047125496467152 0.21448024236656918 0.0060563578888678258 0.035900000000000022 0.31102019144132248 0.81735432821314169 0.99349698667000086 0.17179726285116989 4.5000000000000009
decision_type=8 10 8 8 10 2 8 8 10 8 10 10 10 10 2
left_child=3 8 6 11 13 -6 -3 -4 10 -10 -2 14 -13 -5 -1
right_child=1 2 7 4 5 -7 -8 -9 9 -11 -12 12 -14 -15 -16
leaf_value=-0.00029104304763559913 -7.695105581064906e-05 -0.00017488027664094993 0.00020874743534892757 -0.00016192244239587463 -6.6031640289841253e-05 8.5441614996440557e-05 5.0189390169221703e-05 0.00055165188370580082 -7.9023290378911406e-05 -0.00031717466902365802 0.00021651580435748377 -3.972615171277121e-05 -0.0001222195573879156 9.838860482185908e-05 -0.00013225709542146786
leaf_weight=60.206367304548621 285.01914912788197 125.12455784669146 381.85008281562477 372.03884316422045 646.73012581840158 251.22180960094556 2203.1828883890994 325.48860531067476 138.65951643139124 61.509527385234833 180.75155112054199 380.01682817284018 330.52051242720336 50.882024457678199 122.29729238338768
leaf_count=310 2638 792 1864 1989 3288 836 10447 1421 512 110 926 2531 1978 208 978
internal_value=-3.32322e-05 0.000552417 0.00084762 -0.00101822 -0.000422252 0.000184157 0.000442315 0.00216185 -0.000773193 -0.00232866 -7.46624e-05 -0.00188424 -0.00142049 -0.00173925 -0.00360843
internal_weight=5915.5 3701.59 3035.65 2213.91 1320.87 897.952 2328.31 707.339 665.94 200.169 465.771 893.041 710.537 422.921 182.504
internal_count=30828 18710 14524 12118 6321 4124 11239 3285 4186 622 3564 5797 4509 2197 1288
is_linear=0
shrinkage=0.01444


Tree=82
num_leaves=16
num_cat=0
split_feature=22 19 5 18 12 26 27 12 5 24 5 10 7 33 7
split_gain=16.7466 7.3358 7.31002 5.64886 5.31704 5.14189 4.62043 4.92921 4.07926 5.12377 3.68496 3.5963 3.17766 2.9946 1.05668
threshold=0.057539856357741483 0.14285714285714288 0.10004742484261828 -0.038939937075892765 0.026258561536518461 0.25212726020637394 -0.002920448497431134 0.090934480388993669 0.20521558495044684 10.500000000000002 0.036492951683647558 0.30331280280156042 0.32040745449659447 0.020061510252349927 0.19627973854648387
decision_type=10 10 8 10 8 8 10 10 10 2 10 10 8 10 10
left_child=5 2 3 -2 -4 10 14 -8 12 -10 13 -12 -3 -1 -7
right_child=1 8 4 -5 -6 6 7 -9 9 -11 11 -13 -14 -15 -16
leaf_value=0.00105934159709016 0.00018956914095391179 -0.00029238007662026505 -0.00018981818330343568 -0.00016912951072863244 0.00013354795371400821 -0.00018901369839899906 -9.396913797641919e-07 -0.00013297397098529438 0.00024300665488047511 0.00082006413800536453 -0.00015951698591190142 -1.1773278018092184e-05 0.00021646633406507875 -6.3772766564023018e-05 -0.00030184779962075367
leaf_weight=18.205212566303089 93.282994503155351 37.428512972779572 143.42418035212904 226.93447073036805 1878.7966505824588 11.023311517201362 2133.2098556812853 407.91161425691098 80.797956068068743 126.14162707328796 451.4144776861649 119.21826379839331 97.022577155381441 57.253709157928824 33.43426765454933
leaf_count=246 368 178 1173 992 8508 104 12016 2236 723 204 2706 524 418 326 106
internal_value=-1.64194e-05 0.000824303 0.000528853 -0.0014817 0.000854015 -0.000718692 -0.000424002 -0.000337164 0.00280908 0.00409397 -0.00187638 -0.00228003 0.000725775 0.000998195 -0.00503115
internal_weight=5915.5 2683.83 2342.44 320.217 2022.22 3231.67 2585.58 2541.12 341.391 206.94 646.092 570.633 134.451 75.4589 44.4576
internal_count=30828 12564 11041 1360 9681 18264 14462 14252 1523 927 3802 3230 596 572 210
is_linear=0
shrinkage=0.01444


Tree=83
num_leaves=15
num_cat=0
split_feature=19 17 19 25 26 17 18 34 7 18 18 26 33 16
split_gain=15.7024 7.75321 7.02584 5.86017 5.84748 5.08093 4.97174 4.46728 3.78942 3.59899 2.76025 2.5936 2.26566 1.99471
threshold=0.039567839540781614 1.0089430099256345 0.14285714285714288 1.3133222255541035 0.31739051936947976 0.74705430284724772 0.020991359570291416 0.036804184203161124 0.31544041732726108 -0.0061577267384342318 0.088904589167032047 0.96707365796705858 0.072213213775693466 0.92299252931328268
decision_type=8 8 10 10 8 10 8 10 8 10 10 10 8 10
left_child=1 10 3 5 6 -2 -3 8 -4 -6 13 -9 -5 -1
right_child=2 4 7 12 9 -7 -8 11 -10 -11 -12 -13 -14 -15
leaf_value=-0.00017241442533780962 -5.1213374471211722e-05 -3.0045521298009792e-05 1.4142129227385168e-06 -0.00035390404788676773 7.34699535589913e-05 6.4553565138886673e-05 -0.0002342895863184288 0.00030128834756880152 0.0004917436389898363 -5.3269169792334978e-06 0.00033019315418671071 -0.00019671013200951246 4.5973805695731759e-05 -0.00011614923350576978
leaf_weight=294.02724098414183 606.95449117710814 223.03875776333734 84.38739231787622 77.648482670076191 358.48664499958977 2821.7990280869417 157.07275863876566 16.764775063842535 222.70387237053365 303.24167675245553 16.071185849606991 17.53463351726532 37.083176328334957 678.68556523649022
leaf_count=1916 4034 1190 504 337 1912 13922 590 90 901 1782 94 28 400 3128
internal_value=-1.81958e-05 -0.00104919 0.00051741 0.000322361 -0.00016595 0.000433285 -0.00160194 0.00249983 0.00307018 0.000639803 -0.00196598 -0.00219856 -0.00286514 -0.00207338
internal_weight=5915.5 2030.62 3884.88 3543.49 1041.84 3428.75 380.112 341.391 307.091 661.728 988.784 34.2994 114.732 972.713
internal_count=30828 10612 20216 18693 5474 17956 1780 1523 1405 3694 5138 118 737 5044
is_linear=0
shrinkage=0.01444


Tree=84
num_leaves=14
num_cat=0
split_feature=21 18 26 7 27 12 17 5 17 26 20 5 38
split_gain=14.1479 8.63605 9.62745 7.55909 7.60004 5.19192 4.57071 4.23515 4.00646 3.64762 3.3409 2.63277 2.26169
threshold=0.055970157557468626 -0.017911601550751274 0.33930834654889014 0.20926229423669707 -0.002920448497431134 0.10598549580517007 1.1523759504462718 0.62518245747208956 1.0518345694108071 0.24649130439192127 0.011938229743984482 0.036492951683647558 6.5000000000000009
decision_type=10 10 10 10 8 10 10 10 10 8 10 8 2
left_child=3 7 12 9 -5 -6 -4 8 -2 11 -11 -1 -3
right_child=1 2 6 4 5 -7 -8 -9 -10 10 -12 -13 -14
leaf_value=7.6875312876046318e-06 0.00015180699654121811 -0.00036530886054621882 0.00023261808171202544 -0.00026103227133235601 2.0318472073252709e-05 -9.6931109251091068e-05 -4.9972909639733494e-05 -8.4233219779606262e-05 0.00063057851281771236 -0.00017874854344345257 -3.7000020183833566e-05 -0.00015389101213204588 -2.7121428495979587e-05
leaf_weight=41.714053721399978 320.97660079039633 114.5196552015841 507.69324301555753 43.513660969678313 2325.4989733141847 504.54037582408637 272.64265286643058 22.073061350733042 268.45369207579643 112.93281387886964 978.6076760631986 309.86072255671024 92.472500127740204
leaf_count=352 1266 388 2244 157 10564 2652 1212 110 1080 1310 6813 2100 580
internal_value=-3.50232e-05 0.0011227 0.000272147 -0.000466948 -3.39805e-05 5.40877e-05 0.00101861 0.00247311 0.00271902 -0.00131967 -0.000888542 -0.00261749 -0.00247405
internal_weight=5915.5 1598.83 987.328 4316.67 2873.55 2830.04 780.336 611.503 589.43 1443.12 1091.54 351.575 206.992
internal_count=30828 6880 4424 23948 13373 13216 3456 2456 2346 10575 8123 2452 968
is_linear=0
shrinkage=0.01444


Tree=85
num_leaves=13
num_cat=0
split_feature=1 23 30 27 9 33 9 10 16 22 34 15
split_gain=15.1557 8.899 4.92846 5.79012 5.66402 4.49982 4.15689 4.00448 3.37646 3.36981 3.54376 2.48441
threshold=0.076302224633749346 0.080799567082627935 19.815000000000001 0.18513671828303199 0.29487422631058152 0.016171703227177984 0.69950432454442601 0.067227281558335142 1.0229179336319525 0.019980262721197111 0.010727120693940552 1.1817721329147164
decision_type=2 10 10 10 10 8 10 8 10 8 8 8
left_child=7 2 4 -4 -2 8 -7 -1 -3 10 -9 -11
right_child=1 5 3 -5 -6 6 -8 9 -10 11 -12 -13
leaf_value=-0.00039402642176427169 -8.5120839394129977e-06 0.0002947456586658724 -0.00020982466590872953 -1.6485631290951218e-05 0.00015961144556677167 0.00019096535208122569 -0.00013579647861319726 -0.00012775597236000638 0.00038809395281689315 -0.00015551482886412042 -0.00025233572863706682 -2.3144249795320124e-05
leaf_weight=28.772756865713745 1466.1181599895936 184.46099870000035 156.74328089412302 649.14993934333324 1020.4829905331135 716.03243046998978 18.898280739784241 147.80665654269978 88.640393053181469 305.97820042306557 63.155980592593551 1069.2596136091743
leaf_count=182 8342 812 592 3006 4257 3484 54 898 397 1608 294 6902
internal_value=-2.38249e-05 0.000421824 5.41627e-05 -0.000922127 0.000375971 0.00160903 0.000993559 -0.00121839 0.00321207 -0.00111025 -0.00283387 -0.000835296
internal_weight=5915.5 4300.53 3292.49 805.893 2486.6 1008.03 734.931 1614.97 273.101 1586.2 210.963 1375.24
internal_count=30828 20944 16197 3598 12599 4747 3538 9884 1209 9702 1192 8510
is_linear=0
shrinkage=0.01444


Tree=86
num_leaves=16
num_cat=0
split_feature=23 26 33 35 26 24 26 25 21 16 23 11 35 21 35
split_gain=13.2649 7.92704 5.70757 5.50957 6.64611 5.26938 5.90133 5.05084 3.4486 3.30088 4.39541 3.12487 2.54661 0.791849 0.58354
threshold=0.080799567082627935 0.25212726020637394 0.016171703227177984 2.7093817598119521 0.18152520077540849 9.5000000000000018 0.29748475340918007 0.59241560940429572 0.032646338415396131 1.0229179336319525 0.095946753256785991 0.13064590677785523 5.5372551486009192 0.10088031458859688 6.146681975418109
decision_type=8 8 8 2 8 2 8 8 10 10 10 8 2 8 2
left_child=1 11 9 7 -5 8 -7 -4 -3 10 -2 14 -13 -11 -1
right_child=2 5 3 4 -6 6 -8 -9 -10 13 -12 12 -14 -15 -16
leaf_value=-0.00017606866681324187 0.00051244937684547876 -0.00013260199200779924 -0.00046560298129579106 -0.00044377575433930336 0.00022209332993203485 0.00013197484344042558 -2.1097078153481108e-08 0.00012954224462497865 -5.3841156200591087e-06 0.00038795897809027114 8.3988048293763936e-05 -6.4091845778209506e-05 -0.00014115284877532028 0.00011636847525417211 -0.00033805909353638972
leaf_weight=47.324561567977071 70.249852589331567 575.72875219536945 52.917238796129823 32.98100161855109 641.31358898477629 330.40701225399971 2629.4681756496429 55.825877587078139 520.65208864677697 75.496778379194438 117.68449444789439 682.63640418741852 62.624098409898579 13.422854224219916 6.7669022181071332
leaf_count=444 297 8209 162 450 3898 728 5376 478 6161 322 542 3400 238 89 34
internal_value=-2.58445e-05 -0.000347521 0.00143489 0.000781525 0.00128045 -8.50242e-05 0.0002282 -0.00218321 -0.000942249 0.00323038 0.00202426 -0.00166219 -0.0013922 0.00560481 -0.00509043
internal_weight=5915.5 4855.61 1059.89 783.038 674.295 4056.26 2959.88 108.743 1096.38 276.854 187.934 799.352 745.261 88.9196 54.0915
internal_count=30828 24590 6238 4988 4348 20474 6104 640 14370 1250 839 4116 3638 411 478
is_linear=0
shrinkage=0.01444


Tree=87
num_leaves=16
num_cat=0
split_feature=22 17 20 24 18 12 27 28 9 35 21 35 21 38 21
split_gain=14.5148 6.59393 7.31701 7.4023 4.84669 6.46152 6.34112 3.93655 3.19971 3.16381 2.97666 3.79255 2.52613 2.19495 1.43067
threshold=0.044770211317153509 0.72653378041001215 0.1091665725689923 11.500000000000002 -0.013971490306080412 0.092226761228453843 0.72748192477000917 0.039250000000000014 0.69950432454442601 5.8446161703066446 0.033684577500034542 3.4739830393804669 0.011553964457212464 7.5000000000000009 0.030996473523982864
decision_type=8 10 8 2 10 10 10 10 10 2 10 2 8 2 8
left_child=4 10 3 -3 5 6 -1 9 -4 -6 12 -12 -2 -9 -7
right_child=1 2 8 -5 7 14 -8 13 -10 -11 11 -13 -14 -15 -16
leaf_value=-2.4274068360886195e-07 0.00053795619909619799 -6.8476665880656934e-06 0.00034454418016941163 0.00017503163836857238 -9.1501376143702208e-05 -0.00022480993168258053 0.00031195007265702419 -0.0002645105707580596 -0.00057013313011842267 8.6000321263749073e-05 -0.00010136204837707723 7.1070543236444024e-05 -0.00020585670474221242 7.4701714772395489e-05 -8.2535489443522558e-05
leaf_weight=605.60561626963317 9.1557511892169696 1707.5232677478343 541.65840942272916 836.98786354064941 1225.6121313604526 63.001906007528305 66.034831027500331 104.57214448647574 16.449818704277277 106.99534311471507 138.83120364230126 285.68137266021222 165.29819151991978 23.712043350562453 18.379787712357938
leaf_count=3370 56 11031 2613 1174 6847 260 255 502 70 592 696 1188 1882 136 156
internal_value=-1.85567e-05 0.000532337 0.000802285 0.000467152 -0.000945446 0 0.000462342 -0.00143037 0.0023048 -0.00118254 -0.000843593 -0.000156866 -0.00243405 -0.00388695 -0.00383268
internal_weight=5915.5 3701.59 3102.62 2544.51 2213.91 753.022 671.64 1460.89 558.108 1332.61 598.967 424.513 174.454 128.284 81.3817
internal_count=30828 18710 14888 12205 12118 4041 3625 8077 2683 7439 3822 1884 1938 638 416
is_linear=0
shrinkage=0.01444


Tree=88
num_leaves=15
num_cat=0
split_feature=1 20 26 27 16 28 16 35 16 10 15 31 9 9
split_gain=14.4805 8.27099 7.10249 5.2642 5.16444 4.65028 4.09271 3.90984 4.39124 3.49815 3.43333 2.40745 0.829912 0.403563
threshold=0.07191742081447966 0.09617676875823257 0.92453036296275382 1.0549368293682579 0.98676286609349828 -0.029800000000000017 1.3149773566374978 5.8833777244597796 0.90808275086328893 0.096980343315134498 1.1863093702084433 0.60000000000000064 0.22338181877755323 0.1731617494477409
decision_type=2 10 10 10 10 8 10 2 10 8 10 8 8 10
left_child=7 3 6 5 -4 -2 -3 9 12 13 -11 -10 -9 -1
right_child=1 2 4 -5 -6 -7 -8 8 11 10 -12 -13 -14 -15
leaf_value=-0.00033929642071518925 -7.662203697218764e-05 0.00022917843112025166 0.00095485502617234349 0.00077129955387111794 -0.00054101904123785222 1.1408739433528803e-05 0.00075603349141604244 -0.00028718717522652513 -6.2631779219392302e-05 -0.00017175280257894726 -5.8628096848216589e-05 0.00015004588365686824 -4.1793610782238181e-06 -0.00016331325440691497
leaf_weight=37.077238502912223 544.45743171824142 760.83847696520388 22.028991039842367 36.392071582376957 50.046420600265265 3080.242486665491 60.648724006488919 22.081057441420853 22.17586793191731 331.5846436386928 856.94276701333001 67.928990251850337 11.700205749366431 11.354308648966251
leaf_count=314 3090 3281 174 86 174 15171 396 192 134 2022 5286 334 112 62
internal_value=-1.01855e-05 0.00037812 0.00162389 7.02898e-05 -0.0026302 1.13892e-05 0.00201458 -0.00131906 0.00106075 -0.00156835 -0.00139683 0.00280037 -0.00316829 -0.0054467
internal_weight=5915.5 4554.65 893.563 3661.09 72.0754 3624.7 821.487 1360.85 123.886 1236.96 1188.53 90.1049 33.7813 48.4315
internal_count=30828 22372 4025 18347 348 18261 3677 8456 772 7684 7308 468 304 376
is_linear=0
shrinkage=0.01444


Tree=89
num_leaves=15
num_cat=0
split_feature=22 17 22 12 28 12 39 12 31 27 7 10 17 23
split_gain=13.482 5.61083 5.37973 4.98068 5.01101 4.9354 4.66927 4.19401 3.65076 3.14212 2.98777 2.91012 2.44937 2.31167
threshold=0.057539856357741483 1.2017995962665993 0.016320985235780957 0.026258561536518461 -0.041649999999999958 0.068211130586371835 3.5000000000000004 0.041850241094695657 3.4400000000000017 0.13215132095398932 0.2719606286061772 0.14117313462885794 1.4081140884534151 0.084002953143591894
decision_type=10 10 8 8 10 8 2 8 8 10 10 10 10 10
left_child=1 2 10 11 5 -5 8 -6 -3 -4 -1 -2 -8 -13
right_child=3 6 9 4 7 -7 12 -9 -10 -11 -12 13 -14 -15
leaf_value=-0.00021685190797203258 -0.0003889654327535735 2.2236377569259402e-05 -0.00012813812057976525 -0.00016497410237818744 0.00037419556614861932 0.00012765983957620965 5.6296262774168679e-08 0.00010483486689918078 0.00019808301592131496 -4.7467546727067825e-05 7.898138814489186e-05 -0.00021037320635458674 -0.00016898901225008477 0.00037153834258059712
leaf_weight=87.541334070265293 31.516882137395442 551.89979589683935 496.79428799706511 180.53335621533915 402.9927484979853 224.59045906504616 45.116028274409473 1710.8043958852068 136.62552052782848 1842.2185761991423 13.907365231774746 97.822549776174128 57.567804121412337 35.568577860482037
leaf_count=848 234 3104 2885 898 2438 1164 268 6705 716 9895 236 789 312 336
internal_value=-1.40192e-05 -0.00064436 -0.000988459 0.00074009 0.00090272 -0.000545861 0.00040042 0.00118661 0.00084339 -0.000839688 -0.00426693 -0.0016596 -0.00243156 -0.000606509
internal_weight=5915.5 3231.67 2440.46 2683.83 2518.92 405.124 791.209 2113.8 688.525 2339.01 101.449 164.908 102.684 133.391
internal_count=30828 18264 13864 12564 11205 2062 4400 9143 3820 12780 1084 1359 580 1125
is_linear=0
shrinkage=0.01444


Tree=90
num_leaves=15
num_cat=0
split_feature=19 17 19 27 26 8 31 7 9 20 25 5 26 24
split_gain=13.0122 6.536 5.76512 5.64752 5.60792 6.81602 5.3812 5.43763 4.55573 3.97337 3.88077 3.69223 3.43314 1.82988
threshold=0.048986777250783688 1.0064675027151841 0.14285714285714288 0.022980584139356917 0.6579948625170905 0.29259778052287538 5.2500000000000018 0.31544041732726108 0.20725300633158281 0.010189337424388214 0.047737297983299745 -0.12836716896997363 0.64042988505747134 10.500000000000002
decision_type=10 10 10 10 10 10 10 8 10 8 10 10 10 2
left_child=1 9 4 13 12 -6 7 -4 -5 10 -1 -11 -2 -3
right_child=2 3 6 8 5 -7 -8 -9 -10 11 -12 -13 -14 -15
leaf_value=8.1451328288959863e-05 9.7301837761464614e-06 0.00014855607312565 -1.2495654853615617e-05 -7.1371304217233888e-05 -4.3679993111289615e-05 0.0004097218365346664 -5.9211036685572812e-05 0.00046743266331687137 5.2368487337777091e-05 0.00036043131841694562 -0.00020318438979919336 -9.8355292169384934e-05 -9.505807377538059e-05 -0.00029906578274178469
leaf_weight=10.301367355510591 2157.0193536370061 15.279930782038717 84.500953378155828 428.37442616047338 212.42088690865785 416.39542521350086 37.149119570851326 219.74060032051057 819.35720973275602 33.369888515211642 108.22679427918047 1251.2941431216896 65.819725682958961 56.249857097864151
leaf_count=278 9612 339 512 2740 2144 1792 90 921 3785 166 522 7481 350 96
internal_value=-3.08673e-05 -0.000766332 0.000592129 -2.64223e-05 0.000374137 0.00157785 0.00237117 0.00302508 0.000190538 -0.00145237 -0.00402462 -0.00120322 2.74215e-05 -0.00396483
internal_weight=5915.5 2722.45 3193.05 1319.26 2851.66 628.816 341.391 304.242 1247.73 1403.19 118.528 1284.66 2222.84 71.5298
internal_count=30828 15407 15421 6960 13898 3936 1523 1433 6525 8447 800 7647 9962 435
is_linear=0
shrinkage=0.01444


Tree=91
num_leaves=15
num_cat=0
split_feature=19 17 19 25 31 7 17 18 27 10 27 16 33 15
split_gain=13.2151 6.78458 6.38837 5.75607 5.3812 5.43763 5.17762 4.20524 3.87438 3.84569 4.27226 2.77035 2.26566 2.21383
threshold=0.039567839540781614 1.0089430099256345 0.14285714285714288 1.3133222255541035 5.2500000000000018 0.31544041732726108 0.74705430284724772 0.024941806562547301 0.5000961908426319 0.30592033950659092 0.30580050950421328 1.126169186991931 0.072213213775693466 1.1817721329147164
decision_type=8 8 10 10 10 8 10 10 10 10 10 10 8 10
left_child=1 9 3 6 5 -4 -2 8 -3 13 -11 -9 -5 -1
right_child=2 7 4 12 -6 -7 -8 11 -10 10 -12 -13 -14 -15
leaf_value=-0.00019838331326623676 -5.7527237215022792e-05 3.8503468703481965e-05 -1.2315217814461798e-05 -0.00035370062283481148 -5.8356030343773868e-05 0.00046068294377350018 5.6053962896277246e-05 -8.5448394134134373e-05 -0.00013437185995121965 0.00015868017800086523 -0.00014425568158718237 -0.00019809054862137876 5.2388831690412388e-05 -0.00011014286171986506
leaf_weight=171.4421613374725 606.95449117710814 654.18667099066079 84.500953378155828 77.648482670076191 37.149119570851326 219.74060032051057 2821.7990280869417 171.98573879245669 144.14456483442336 70.560439860448241 188.48052338976413 71.522863536607474 37.083176328334957 558.30086748255417
leaf_count=877 4034 3436 512 337 90 921 13922 870 850 315 998 318 400 2948
internal_value=-1.03844e-05 -0.000956411 0.0004808 0.000294638 0.00237117 0.00302508 0.000404635 -0.000129498 0.000363798 -0.0018139 -0.000244514 -0.00179752 -0.00286514 -0.00235246
internal_weight=5915.5 2030.62 3884.88 3543.49 341.391 304.242 3428.75 1041.84 798.331 988.784 259.041 243.509 114.732 729.743
internal_count=30828 10612 20216 18693 1523 1433 17956 5474 4286 5138 1313 1188 737 3825
is_linear=0
shrinkage=0.01444


Tree=92
num_leaves=14
num_cat=0
split_feature=2 23 35 24 27 26 20 33 6 16 35 26 14
split_gain=12.1658 8.35743 5.16198 4.95494 7.93073 4.9693 4.94101 4.37815 3.95696 3.4396 3.66119 1.34005 0.305712
threshold=0.090019354525649742 0.080799567082627935 2.7093817598119521 9.5000000000000018 0.99534522885958154 0.33930834654889014 0.15353725834979509 0.019042137582824473 0.30240345986384337 0.84031926846094407 5.8833777244597796 0.25212726020637394 1.2041085863792185
decision_type=2 10 2 2 10 10 10 8 10 8 2 10 8
left_child=8 3 6 5 -5 -2 -3 -4 9 11 -11 -1 -10
right_child=1 2 7 4 -6 -7 -8 -9 12 10 -12 -13 -14
leaf_value=-0.0002891802694616843 -0.00015885781978061501 -9.5630246722521974e-05 0.00035194977252811407 8.1057277710430329e-06 0.00031079463818742183 -7.8451067002545756e-06 0.00031370491475454294 0.00014380008714290728 -0.00022017393184275161 -7.2781510715888044e-05 8.2639213032066183e-05 -0.00013462800917982042 -0.00023034407154604657
leaf_weight=52.376116384752095 327.98010098887607 97.723734428174794 332.44374160375446 2631.8410692512989 57.466498404741287 670.41892901621759 42.882148056291044 550.33932375349104 16.429530521854758 852.06249072542414 101.1333447820507 147.8838249379769 34.518828901462257
leaf_count=368 4220 562 1092 5556 82 8532 232 2958 70 5325 590 1101 140
internal_value=-9.21761e-06 0.000319684 0.00147382 0 0.000321737 -0.000869207 -0.00103314 0.00188834 -0.00130615 -0.00111625 -0.000735292 -0.00285727 -0.00529286
internal_weight=5915.5 4711.1 1023.39 3687.71 2689.31 998.399 140.606 882.783 1204.4 1153.46 953.196 200.26 50.9484
internal_count=30828 23234 4844 18390 5638 12752 794 4050 7594 7384 5915 1469 210
is_linear=0
shrinkage=0.01444


Tree=93
num_leaves=16
num_cat=0
split_feature=22 0 18 34 7 35 27 25 24 7 22 15 5 22 33
split_gain=12.5163 6.86991 4.64174 5.17703 4.5506 4.54773 5.80622 3.35912 3.76918 3.13895 2.42831 2.08998 2.40254 1.92687 0.385705
threshold=0.044770211317153509 0.51222500000000015 -0.023951880168686931 0.036804184203161124 0.21030227905456669 5.1074292206301806 0.15626016484025168 1.4519866419909069 11.500000000000002 0.21578618833971022 0.13733196965074321 1.1817721329147164 0.49683514309471544 0.040011560379001922 0.11178517859743499
decision_type=8 2 8 10 8 2 10 10 2 8 10 10 8 10 8
left_child=4 7 10 -4 11 9 -7 8 -2 -6 -3 13 -13 -1 -9
right_child=1 2 3 -5 5 6 -8 14 -10 -11 -12 12 -14 -15 -16
leaf_value=-0.0001650583728575757 -3.8664636469209118e-05 0.0002169407256407071 9.9117763084895301e-05 -7.918337021370384e-05 0.00029459226213104841 -0.00016797804988288384 6.7030627490880708e-05 -0.00037505568709462431 7.7598277457491239e-05 -8.9087112661587669e-05 0.00092407467849767318 -6.6357759143924685e-05 -0.00015125861631025127 8.074162954837104e-05 -6.9541337606831086e-05
leaf_weight=146.13575571402907 1111.0981146546546 566.3839644305408 1230.7236180391628 106.09268086962402 45.227314294315875 58.110211062710732 250.84539936762303 24.589794910512865 575.20932334661484 966.68987831659615 82.117381481919438 623.98678911663592 110.46400009654462 12.454455360770224 5.3710006941109922
leaf_count=836 8869 2218 5720 388 298 199 898 144 819 4926 362 4209 672 80 190
internal_value=-8.23374e-06 0.000503191 0.00108233 0.000581949 -0.00086914 -0.000318281 0.00119695 -0.000159242 -6.54211e-05 -0.000794241 0.00209225 -0.00166855 -0.00131165 -0.00322875 -0.00491343
internal_weight=5915.5 3701.59 1985.32 1336.82 2213.91 1320.87 308.956 1716.27 1686.31 1011.92 648.501 893.041 734.451 158.59 29.9608
internal_count=30828 18710 8688 6108 12118 6321 1097 10022 9688 5224 2580 5797 4881 916 334
is_linear=0
shrinkage=0.01444


Tree=94
num_leaves=15
num_cat=0
split_feature=1 20 22 30 1 17 23 35 31 15 5 36 0 23
split_gain=12.6091 7.33504 5.04528 4.82807 4.34529 4.05135 3.89678 6.28967 3.82895 3.40863 3.26895 3.24986 2.81729 2.48625
threshold=0.088417843388960221 0.081667103569818753 0.019980262721197111 16.355000000000004 0.03108280881195909 0.7288838889345588 0.080799567082627935 2.8861963475819135 5.2500000000000018 1.1772097808652406 0.1193602857896902 1.0000000180025095e-35 0.45697500000000008 0.0081383771379604525
decision_type=2 10 8 8 2 8 10 2 10 8 10 2 2 10
left_child=2 6 3 10 -4 11 8 -8 -2 -6 -1 -3 -7 -5
right_child=1 5 4 13 9 12 7 -9 -10 -11 -12 -13 -14 -15
leaf_value=8.0978594223230052e-05 4.5086207211741767e-06 0.00017421705149544875 -0.00035542640076288869 5.8649982967280441e-05 -0.0001124743483686443 -1.5123543327018069e-06 -9.3337795643203724e-05 0.00041001242521942951 -0.00011056202137847504 -6.4513751434971769e-06 -0.00013569592288664907 -0.00026896269529277879 0.00026508969324197016 -0.00023181724199626837
leaf_weight=19.579630047082901 1948.7435997615103 71.702018630690873 38.020490106195211 12.570561185944824 470.86665787734091 152.18662963574752 31.474260106682777 169.13681408390403 256.64461302757263 1606.1524152036291 34.928896178957075 63.583123601973057 862.59827525727451 177.31169705186039
leaf_count=186 10024 332 186 256 2377 876 152 520 1036 9947 344 208 3692 692
internal_value=-2.46844e-07 0.000540547 -0.000820799 -0.0027972 -0.000585565 0.00148949 8.12704e-05 0.00200802 -8.85226e-05 -0.000489305 0.00078951 -0.000788709 0.00180637 -0.00389486
internal_weight=5915.5 3556.07 2359.43 244.391 2115.04 1150.07 2406 200.611 2205.39 2077.02 54.5085 135.285 1014.78 189.882
internal_count=30828 16840 13988 1478 12510 5108 11732 672 11060 12324 530 540 4568 948
is_linear=0
shrinkage=0.01444


Tree=95
num_leaves=13
num_cat=0
split_feature=1 22 7 18 33 18 9 8 22 30 5 15
split_gain=12.6927 6.33794 7.59106 4.99769 6.00438 5.16811 4.31966 3.76771 3.08063 2.84255 2.82529 2.20073
threshold=0.07191742081447966 0.12017477502322216 0.31544041732726108 0.051398069569419953 -0.0058383466249752871 -0.023951880168686931 0.43482598157835772 0.099598877822341544 0.019980262721197111 18.610000000000003 0.25445855733132766 1.1817721329147164
decision_type=2 10 10 10 8 10 10 8 8 8 8 8
left_child=7 3 10 5 -5 -2 -4 -1 9 -9 -3 -10
right_child=1 2 6 4 -6 -7 -8 8 11 -11 -12 -13
leaf_value=-0.00035580330337898504 7.6570917423232022e-05 -0.00021358147318373914 0.00090690316561439256 -9.7513108062670262e-05 0.0002842756878302318 -3.2860821513514822e-05 0.0001717013602963718 -5.9017212241732213e-05 -0.00013629254454249005 -0.00021038186372738523 0.0002138489576029105 -3.5639633304976652e-05
leaf_weight=27.734658380039036 1228.8611255865544 65.082449838053435 139.1062603504397 115.27560404315591 370.09321008669212 2379.2831043289043 189.42116875201464 114.92389417812228 246.74272320885211 82.149430994875729 67.531679592095315 889.29437241656706
leaf_count=246 6466 432 635 731 1612 11438 656 694 1296 358 402 5862
internal_value=6.05567e-06 0.000373888 0.00198075 0.00018943 0.00156425 6.48669e-07 0.00316509 -0.00121509 -0.0010921 -0.00278311 -0.000855895 -0.000786014
internal_weight=5915.5 4554.65 461.142 4093.51 485.369 3608.14 328.527 1360.85 1333.11 197.073 132.614 1136.04
internal_count=30828 22372 2125 20247 2343 17904 1291 8456 8210 1052 834 7158
is_linear=0
shrinkage=0.01444


Tree=96
num_leaves=15
num_cat=0
split_feature=26 23 24 27 34 26 11 19 15 22 22 12 35 4
split_gain=12.546 10.1994 5.4442 9.63038 4.81764 4.85991 4.37243 4.29394 3.78652 4.54574 3.16432 2.53968 0.647797 0.111383
threshold=0.25212726020637394 0.080799567082627935 9.5000000000000018 0.99534522885958154 -0.018767285535426389 0.97830292514639117 0.13064590677785523 0.15189060255579898 1.3377666595179647 0.02932452137986705 0.042237602531139833 0.045611530024086737 6.146681975418109 0.46963008647415816
decision_type=8 10 2 10 10 10 8 10 10 8 8 10 2 8
left_child=6 2 10 -4 7 -6 12 -3 9 -8 -2 -10 13 -1
right_child=1 4 3 -5 5 -7 8 -9 11 -11 -12 -13 -14 -15
leaf_value=-0.00019736113481133664 -0.00013235199883765216 -6.4800104101779134e-05 5.8451277229309126e-06 0.00030808401631881747 0.00033561143666565094 -1.7623195527340484e-05 -0.00024981140808181634 0.00020868127580006001 1.6000958541376822e-05 -7.0798302491741462e-05 -1.6356269315267733e-05 -8.3253116088355384e-05 -0.00031777229533821864 -0.00034515625618247411
leaf_weight=48.668592918198556 440.00434749620035 293.95247736014426 2895.3153085112572 64.559879392385483 553.06239782460034 28.312978699803352 93.280242222361267 81.020479745231569 301.89544031210244 236.19767873361707 671.06738804792985 194.97220587870106 6.7669022181071332 6.4233623957261434
leaf_count=454 6348 2272 6012 92 1538 68 472 636 1700 1424 8730 992 34 56
internal_value=0 0.000280507 -3.16555e-05 0.000288551 0.00162223 0.00244817 -0.0015806 0.00030508 -0.0012803 -0.00248854 -0.000896173 -0.000450904 -0.00533529 -0.00586123
internal_weight=5915.5 5027.3 4070.95 2959.88 956.348 581.375 888.204 374.973 826.346 329.478 1111.07 496.868 61.8589 55.092
internal_count=30828 25696 21182 6104 4514 1606 5132 2908 4588 1896 15078 2692 544 510
is_linear=0
shrinkage=0.01444


Tree=97
num_leaves=13
num_cat=0
split_feature=1 19 26 15 27 10 26 15 19 34 5 34
split_gain=12.1405 6.69797 6.03985 4.72481 11.2345 4.05771 3.79837 3.1065 3.25649 2.71354 2.22296 1.95049
threshold=0.07191742081447966 0.10615902840798833 0.97830292514639117 0.9491924534509667 0.96699431691531412 0.067227281558335142 0.37272609989871214 1.1817721329147164 0.020259034849739278 -0.033386155335828165 0.49683514309471544 -0.012535793493028134
decision_type=2 10 10 8 10 8 10 10 8 8 8 8
left_child=5 3 6 11 -5 -1 -3 8 -7 -4 -9 -2
right_child=1 2 9 4 -6 7 -8 10 -10 -11 -12 -13
leaf_value=-0.00035074991339800521 -1.8453274163635208e-06 -4.173746146361596e-05 0.00089079414564761374 3.4743589362446619e-06 0.00031824644298287255 -0.00024190446421439152 0.00030963651497560335 -1.8573394881017601e-05 -7.1654526605514229e-05 -0.00060800388680668459 -0.00012324002719950889 -0.00014912515103657315
leaf_weight=28.767577212769538 151.61580912861973 168.13327955361456 14.246217112988232 3209.2228506035171 104.6087735039182 86.093467191793025 616.60566024854779 821.06942128483206 272.60596434725448 34.041987989097834 152.30864914180711 256.18002443760633
leaf_count=180 769 887 128 16182 350 407 2674 5262 1787 98 820 1284
internal_value=0 0.000357771 0.00152877 9.19548e-05 0.000275802 -0.00119631 0.00184512 -0.0010671 -0.00222943 -0.0033067 -0.000624302 -0.00136831
internal_weight=5915.5 4554.65 833.027 3721.63 3313.83 1360.85 784.739 1332.08 358.699 48.2882 973.378 407.796
internal_count=30828 22372 3787 18585 16532 8456 3561 8276 2194 226 6082 2053
is_linear=0
shrinkage=0.01444


Tree=98
num_leaves=13
num_cat=0
split_feature=1 23 18 33 24 27 38 10 18 15 23 27
split_gain=11.6177 6.47143 4.53085 5.60922 4.30938 8.32894 7.78838 4.08823 3.68793 3.20775 4.77048 2.14563
threshold=0.07191742081447966 0.080799567082627935 -0.0081685396331047083 0.016171703227177984 11.500000000000002 0.96699431691531412 4.5000000000000009 0.067227281558335142 -0.062362930993789915 1.1817721329147164 0.023948383655304831 0.0047808621517222488
decision_type=2 10 8 8 2 10 2 8 10 10 8 10
left_child=7 4 8 -4 6 -6 -2 -1 -3 10 -9 -11
right_child=1 2 3 -5 5 -7 -8 9 -10 11 -12 -13
leaf_value=-0.00034568509073777665 -0.00011060032699740874 0.00012106577957303146 0.00022749891865522564 -2.5969008734361624e-05 1.0992778231809871e-05 0.0002684788006626918 2.09551134088347e-05 -0.00019093621307159658 0.00037710108660109584 -0.0001784776719052578 -6.4023379954949455e-05 -2.3420246453994707e-05
leaf_weight=28.767577212769538 744.202460156288 115.22123990720138 164.74789208453149 416.84442811040208 1098.9111379683018 71.876866817474365 1624.4078105003573 139.06458997167647 318.44276703335345 44.683666832279414 219.63484156737104 928.69440359435976
leaf_count=180 5562 422 718 2184 1561 90 10337 703 1498 303 1491 5779
internal_value=-5.62772e-06 0.000341956 0.00135838 0.000496202 4.65348e-05 0.000766188 -0.000303756 -0.00117825 0.00248239 -0.00104865 -0.00222872 -0.000599315
internal_weight=5915.5 4554.65 1015.26 581.592 3539.4 1170.79 2368.61 1360.85 433.664 1332.08 358.699 973.378
internal_count=30828 22372 4822 2902 17550 1651 15899 8456 1920 8276 2194 6082
is_linear=0
shrinkage=0.01444


Tree=99
num_leaves=15
num_cat=0
split_feature=26 21 18 26 24 18 11 15 26 8 7 19 5 5
split_gain=11.7373 6.93296 7.74706 5.77365 5.16014 4.80855 4.51283 4.1675 3.9856 3.88867 3.0969 2.41183 1.08377 0.214494
threshold=0.25212726020637394 0.055970157557468626 -0.017911601550751274 0.98737197790437692 9.5000000000000018 0.050208029009964468 0.13064590677785523 1.3377666595179647 0.36193311335106748 0.26861272782314 0.39838666396820022 0.021644679737285861 0.10556786239026743 -0.028256143401958051
decision_type=8 10 10 8 2 10 8 10 10 8 10 8 10 10
left_child=6 4 9 -4 8 -6 12 11 -2 -3 -9 -8 13 -1
right_child=1 2 3 -5 5 -7 7 10 -10 -11 -12 -13 -14 -15
leaf_value=-0.00043817480449262432 -0.00016810001690890301 -2.4246359490919452e-05 0.00010495085967370871 -0.00035189210347377645 1.160452597441895e-06 0.0002082176862712114 -0.00019113348246615501 -2.3142471625361265e-06 -3.0772183463446349e-05 0.00042115645716253293 -0.00031843143795219229 -9.0297101437315747e-05 -0.00020089907865865209 2.1832497470398829e-05
leaf_weight=4.8372875452041617 237.75230158050545 68.243677013553679 859.59726976696402 55.524140741676092 2287.6623063087463 267.42822724580765 60.744228100404143 459.57255802070722 753.38281603879295 497.7045183815062 37.295088170096278 268.73369285557419 48.99454326974228 8.0270267170853895
leaf_count=28 3372 430 3720 268 4785 489 326 2560 10788 1844 132 1570 332 184
internal_value=1.36675e-06 0.000273981 0.00110408 0.000266242 -6.91332e-05 0.000269962 -0.00152613 -0.00122175 -0.000956164 0.00243413 -0.000354866 -0.00248658 -0.00533529 -0.000376215
internal_weight=5915.5 5027.3 1481.07 915.121 3546.23 2555.09 888.204 826.346 991.135 565.948 496.868 329.478 61.8589 12.8643
internal_count=30828 25696 6262 3988 19434 5274 5132 4588 14160 2274 2692 1896 544 212
is_linear=0
shrinkage=0.01444


Tree=100
num_leaves=15
num_cat=0
split_feature=26 23 34 26 27 11 17 26 13 31 31 11 34 23
split_gain=11.4776 8.19803 5.31206 4.53667 4.51806 4.51551 4.17439 3.98014 3.32594 3.42498 2.86231 1.80264 0.50927 0.121813
threshold=0.25212726020637394 0.080799567082627935 -0.019551435450780027 0.97830292514639117 -0.002920448497431134 0.13064590677785523 0.65872844524136154 0.43239806561385569 2.6194704928510908 0.51000000000000167 1.26 0.19274202538999768 -0.049913815428182177 0.018264897303784281
decision_type=8 10 8 10 10 8 8 10 10 8 10 10 10 10
left_child=5 4 7 -4 11 12 -6 -3 9 -7 -10 -2 13 -1
right_child=1 2 3 -5 6 8 -8 -9 10 -11 -12 -13 -14 -15
leaf_value=3.6590911630669581e-05 2.7977834441138125e-05 -0.00031019697383666777 0.00032525295360473266 -6.7929158904799819e-06 -0.00014449475285491331 -2.8688481669975925e-05 5.8697725792177813e-06 0.00012981271194615072 -8.5137227349329123e-05 -0.00011176968144409304 6.83745254645093e-05 -0.00026085027279021611 -0.00023490751967379959 -7.231279225784114e-05
leaf_weight=1.8300431929528693 14.68962979223579 78.724572229199111 591.03543923795223 28.393834348767996 254.20197136607021 226.35786293866113 3753.1576307783835 258.19448781386018 80.271674738265574 422.19873115420341 97.517298315651715 48.897691511083394 52.961848920211196 7.0669654188677669
leaf_count=142 135 552 1930 74 1317 1442 19600 1958 524 2208 414 130 164 238
internal_value=-1.02697e-05 0.000254899 0.0014578 0.00225092 -2.46324e-05 -0.00152509 3.29829e-05 0 -0.00122064 -0.00170455 0.000471017 -0.00382851 -0.00533529 -0.000267733
internal_weight=5915.5 5027.3 956.348 619.429 4070.95 888.204 4007.36 336.919 826.346 648.557 177.789 63.5873 61.8589 8.89701
internal_count=30828 25696 4514 2004 21182 5132 20917 2510 4588 3650 938 265 544 380
is_linear=0
shrinkage=0.01444


Tree=101
num_leaves=13
num_cat=0
split_feature=19 17 10 17 23 18 24 10 27 16 34 15
split_gain=10.4396 7.66766 5.43609 4.94626 6.36081 4.12279 5.61871 3.82708 4.09869 3.25061 3.2252 2.35203
threshold=0.039567839540781614 1.0089430099256345 0.083065637477828927 0.74705430284724772 0.11663391774946526 0.024941806562547301 11.500000000000002 0.30592033950659092 0.30580050950421328 1.126169186991931 0.0060563578888678258 1.1817721329147164
decision_type=8 8 8 10 8 10 2 10 10 10 10 10
left_child=1 7 -2 10 -5 6 -3 11 -9 -7 -4 -1
right_child=2 5 3 4 -6 9 -8 8 -10 -11 -12 -13
leaf_value=-0.00017426066757237523 -0.00036646230108909681 -3.1614077785232735e-05 1.2851493468178282e-06 4.3273165638674174e-05 0.00037737763204830505 -8.1102781094255543e-05 7.5620446354303641e-05 0.00015858646978801736 -0.00013218662271440742 -0.00019155150167314124 -0.00012725575072647374 -0.00010234339386182506
leaf_weight=171.4421613374725 23.725012237671763 508.93689921405166 479.86862348997965 2880.6597131397575 289.11483244085684 171.98573879245669 289.39433661103249 70.560439860448241 188.48052338976413 71.522863536607474 211.50767022371292 558.30086748255417
leaf_count=877 186 3862 3745 14014 1587 870 424 315 998 318 684 2948
internal_value=0 -0.000838429 0.000439039 0.000484955 0.000728209 1.37021e-05 0.000527905 -0.00174902 -0.000184893 -0.00161581 -0.000611069 -0.00228576
internal_weight=5915.5 2030.62 3884.88 3861.15 3169.77 1041.84 798.331 988.784 259.041 243.509 691.376 729.743
internal_count=30828 10612 20216 20030 15601 5474 4286 5138 1313 1188 4429 3825
is_linear=0
shrinkage=0.01444


Tree=102
num_leaves=13
num_cat=0
split_feature=1 20 26 27 10 16 24 27 26 15 35 27
split_gain=11.5002 5.69475 6.10687 5.71339 4.30424 4.29558 4.19461 6.86542 4.14899 3.45723 3.32616 2.8828
threshold=0.075903263403263407 0.081667103569818753 0.92453036296275382 0.41232859375124575 0.067227281558335142 0.97791066326545029 11.500000000000002 0.97291879549105864 0.18817705299941767 1.1817721329147164 5.8833777244597796 0.0047808621517222488
decision_type=2 10 10 8 8 10 2 10 10 10 2 10
left_child=4 6 3 -3 -1 -4 8 -8 -2 10 -6 -11
right_child=1 2 5 -5 9 -7 7 -9 -10 11 -12 -13
leaf_value=-0.00033487859519447556 -0.00010534361502721649 0.0001357863901083269 0.00086390491150806735 0.00058224963993321174 -0.00015610172111486339 -0.00039931346511271011 1.0078398873207744e-05 0.00030352889007959468 -1.9374046993688757e-06 -0.00017586470704602996 0.00010633873502028587 -1.5697398596626824e-05
leaf_weight=28.772756865713745 315.95488283759914 857.68652969319373 29.104796897619963 275.33090500347316 398.07317927270196 55.824555434286594 944.23661836981773 65.252049326896667 1770.8070325739682 50.682414900977165 34.982353745028377 1088.7916068350896
leaf_count=182 2340 3958 224 1130 2384 242 1334 82 11754 340 218 6640
internal_value=4.09505e-08 0.000390148 0.00122693 0.00151429 -0.00104258 -0.0024384 5.66019e-05 0.000824054 -0.000308509 -0.000930287 -0.00203775 -0.000497126
internal_weight=5915.5 4314.2 1217.95 1133.02 1601.3 84.9294 3096.25 1009.49 2086.76 1572.53 433.056 1139.47
internal_count=30828 21064 5554 5088 9764 466 15510 1416 14094 9582 2602 6980
is_linear=0
shrinkage=0.01444


Tree=103
num_leaves=13
num_cat=0
split_feature=1 23 35 31 10 19 34 7 24 35 24 35
split_gain=11.3651 6.24524 6.27812 5.97905 4.99876 4.53529 3.80493 5.32193 4.51019 3.52146 6.01036 5.3598
threshold=0.088417843388960221 0.080799567082627935 2.7093817598119521 2.720000000000002 0.067227281558335142 0.16966458922361755 0.032758122151732467 0.25498770329934689 9.5000000000000018 5.8833777244597796 11.500000000000002 5.6566207630851091
decision_type=2 10 2 10 8 10 10 10 2 2 2 2
left_child=4 6 5 -4 -1 -3 8 -8 -2 11 -11 -6
right_child=1 2 3 -5 9 -7 7 -9 -10 10 -12 -13
leaf_value=-0.00033004295409356995 -6.2173709325166193e-05 -9.5133340602679252e-05 0.0001205281390681862 0.00031047681696476213 -5.3904773747819638e-05 0.00031167676300607856 0.00028853518133364154 -0.00015770758926446731 7.4523546107531813e-05 -6.0462020136665974e-05 0.00019237112660198692 -0.00014732747359175513
leaf_weight=30.011896879877895 619.3418880852405 102.15964447427541 493.9569507795386 344.15766763314605 1978.775920095155 30.453418329358101 32.623325612396002 282.74507278949022 1650.6313664019108 128.55229123216122 90.60213577747345 131.48810366634279
leaf_count=204 7916 562 2726 942 11967 194 116 812 3572 1083 134 600
internal_value=1.15527e-05 0.000529257 0.00151801 0.00198621 -0.000763111 -0.00133869 0.000152698 -0.00132325 0.000363791 -0.000680539 0.0010328 -0.000864899
internal_weight=5915.5 3556.07 970.728 838.115 2359.43 132.613 2585.34 315.368 2269.97 2329.42 219.154 2110.26
internal_count=30828 16840 4424 3668 13988 756 12416 928 11488 13784 1217 12567
is_linear=0
shrinkage=0.01444


Tree=104
num_leaves=14
num_cat=0
split_feature=26 23 35 34 27 19 30 0 18 11 11 27 24
split_gain=11.1223 7.89402 5.39962 5.02208 5.00039 4.66744 4.53779 4.29312 2.96675 2.91337 2.04983 1.90784 0.96187
threshold=0.25212726020637394 0.080799567082627935 2.7093817598119521 -0.018767285535426389 1.0549368293682579 0.16966458922361755 20.115000000000006 0.32697500000000007 0.01903509711466023 0.14838708648280735 0.66996162382857016 0.18513671828303199 10.500000000000002
decision_type=8 10 2 10 10 10 10 2 8 10 10 10 2
left_child=7 4 5 -4 6 -3 -2 8 9 -1 11 -9 -10
right_child=1 2 3 -5 -6 -7 -8 10 12 -11 -12 -13 -14
leaf_value=-0.00024402746763807116 7.0448715244983998e-06 -9.3759616815951026e-05 3.523431485819836e-05 0.00032467073570248943 0.00051393650757673465 0.00030717615595917509 -9.0895138526341944e-05 -6.0894835324636918e-05 -9.9860502870889443e-05 -5.0129380289925026e-05 -0.00057765692386128778 2.8679914432202467e-06 -0.00023686675539881502
leaf_weight=52.85145424772054 3171.5870538186282 90.50851684063673 332.76421996019781 502.65947070904076 36.360398657619953 30.41612611990422 862.99947097152472 287.28340895217843 25.748308277921751 150.83015842502937 23.055666418746114 291.97454813728109 56.460880219936371
leaf_count=402 16678 496 2460 1378 86 180 4418 1798 534 706 78 1524 90
internal_value=2.34562e-06 0.000267779 0.00144801 0.00186738 -6.4251e-06 -0.00133682 -5.8034e-05 -0.00148452 -0.00295645 -0.00191085 -0.00076207 -0.000565912 -0.0053586
internal_weight=5915.5 5027.3 956.348 835.424 4070.95 120.925 4034.59 888.204 285.891 203.682 602.314 579.258 82.2092
internal_count=30828 25696 4514 3838 21182 676 21096 5132 1732 1108 3400 3322 624
is_linear=0
shrinkage=0.01444


Tree=105
num_leaves=16
num_cat=0
split_feature=26 23 35 34 24 26 0 19 20 21 10 7 34 10 19
split_gain=10.0884 7.69194 5.55736 5.18211 5.04799 5.14932 4.58884 4.299 4.1842 3.03906 3.16731 2.85559 3.06979 2.93903 2.55962
threshold=0.25212726020637394 0.080799567082627935 2.7093817598119521 -0.018767285535426389 9.5000000000000018 0.29748475340918007 0.32697500000000007 0.16966458922361755 0.039860870063701183 0.010114622811810707 0.25293536689604029 0.39838666396820022 -0.01147747068267879 0.31109227005731871 0.033490410109703252
decision_type=8 10 2 10 2 8 2 10 8 10 10 10 10 10 10
left_child=6 4 7 -4 8 -6 9 -3 -2 10 -1 13 -13 -8 -11
right_child=1 2 3 -5 5 -7 11 -9 -10 14 -12 12 -14 -15 -16
leaf_value=7.4690020178115477e-05 -0.00011932201844707773 -9.240572957685449e-05 3.4725531963335717e-05 0.00031998249591543335 0.00012892787227016241 1.8270870404039738e-06 -5.2638021563816467e-05 0.00030274053759989555 -1.0143095518722159e-06 -0.00016529150458212874 -5.43310842824313e-05 1.8684228620135537e-06 -0.00039032033047769251 8.5017214060792518e-05 -0.00020574191109225127
leaf_weight=40.746330237714574 521.66802244214341 90.50851684063673 332.76421996019781 502.65947070904076 330.40701225399971 2629.4681756496429 390.66558851837181 30.41612611990422 589.4037131019868 129.15776865649968 13.866394507698713 28.322543391026556 40.515899315476418 142.80959228333086 102.12030776869506
leaf_count=658 7074 496 2460 1378 728 5376 2410 180 8004 500 74 142 104 744 500
internal_value=3.27823e-06 0.000256177 0.00142128 0.00184688 -1.44704e-05 0.0002938 -0.00141268 -0.0014063 -0.000847209 -0.00293138 0 -0.000668072 -0.00344147 -0.000282473 -0.00365384
internal_weight=5915.5 5027.3 956.348 835.424 4070.95 2959.88 888.204 120.925 1111.07 285.891 54.6127 602.314 68.8384 533.475 231.278
internal_count=30828 25696 4514 3838 21182 6104 5132 676 15078 1732 732 3400 246 3154 1000
is_linear=0
shrinkage=0.01444


Tree=106
num_leaves=13
num_cat=0
split_feature=1 24 9 27 33 15 10 38 10 15 0 13
split_gain=10.5021 5.86176 6.89249 6.49343 6.23044 4.32324 4.2067 3.50875 3.11962 2.59459 2.44101 2.22665
threshold=0.07191742081447966 11.500000000000002 0.30816959834411223 0.96699431691531412 -0.00054872768106867243 1.5254005357033009 0.067227281558335142 7.5000000000000009 0.44925189530350024 1.1817721329147164 0.32865000000000005 1.3832808150256357
decision_type=2 2 10 10 8 10 8 2 10 10 2 10
left_child=6 2 7 4 -3 -4 -1 -2 -5 10 -8 -11
right_child=1 3 5 8 -6 -7 9 -9 -10 11 -12 -13
leaf_value=-0.00031878247754562445 -0.00011597652253289273 -0.00014960541806555974 3.5316715567687872e-06 0.00050648889022444281 9.690966316223673e-05 0.00024122870639639913 -0.00015506443937421006 -6.1545150230232833e-06 0.00018114800674573565 4.123739916862596e-05 -3.9852669621285e-05 -5.6368547536644367e-05
leaf_weight=28.767577212769538 695.88919493369758 112.43958652019501 882.60257255937904 56.750337600708008 1274.0367250740528 555.43772006034851 249.80437473440543 931.89715247694403 45.601313352584839 169.15820045117289 108.89505680464208 804.21986997546628
leaf_count=180 7109 128 4673 70 1833 3269 1552 5232 58 783 642 5299
internal_value=1.94955e-06 0.000336744 -2.01095e-05 0.00108011 0.000808511 0.00070377 -0.00110865 -0.00066767 0.0046077 -0.000977547 -0.00204108 -0.000571243
internal_weight=5915.5 4554.65 3065.83 1488.83 1386.48 1438.04 1360.85 1627.79 102.352 1332.08 358.699 973.378
internal_count=30828 22372 20283 2089 1961 7942 8456 12341 128 8276 2194 6082
is_linear=0
shrinkage=0.01444


Tree=107
num_leaves=13
num_cat=0
split_feature=1 26 10 22 17 20 34 21 18 19 23 33
split_gain=10.6227 5.74354 4.99117 4.61507 3.82845 3.38735 3.31421 3.0579 5.9298 3.09875 2.86027 1.61446
threshold=0.088417843388960221 0.46840619453199672 0.067227281558335142 0.019980262721197111 0.55906484518719635 0.06383745509107118 0.010727120693940552 0.073298885454714899 0.11796264546761627 0.18330176631349995 0.021942181126026142 0.053805233680929716
decision_type=2 10 8 8 8 10 8 10 8 8 10 10
left_child=2 4 -1 6 11 -5 -4 9 -9 -3 -6 -2
right_child=1 7 3 5 10 -7 -8 8 -10 -11 -12 -13
leaf_value=-0.0003141792641041295 -0.00026224834560969036 5.8832351034811315e-05 -0.00010775425510131869 -8.28466521633544e-06 -0.00011235293493648779 -0.00018396198232418983 -0.00022848878811976696 0.00028289955004274809 -9.7495809417275813e-05 0.00026814364879063492 1.0350296231688108e-05 0.00010434684422563153
leaf_weight=30.011896879877895 42.282568885944784 1223.8453244790435 168.89262381987646 1809.192189040361 166.01930576004088 279.84294138336554 71.490696527529508 519.19029277004302 43.543646328151226 24.888561902800575 1522.5520344632678 13.747599516063927
leaf_count=204 154 6306 1070 10389 1526 1957 368 2165 148 200 6263 78
internal_value=-1.39017e-05 0.000482249 -0.000767171 -0.000684651 -0.000102288 -0.000458628 -0.00258896 0.00105229 0.00194725 0.000637818 1.38014e-05 -0.00379793
internal_weight=5915.5 3556.07 2359.43 2329.42 1744.6 2089.04 240.383 1811.47 562.734 1248.73 1688.57 56.0302
internal_count=30828 16840 13988 13784 8021 12346 1438 8819 2313 6506 7789 232
is_linear=0
shrinkage=0.01444


Tree=108
num_leaves=15
num_cat=0
split_feature=22 8 15 7 7 35 27 16 21 24 16 18 33 12
split_gain=9.88159 5.7333 4.6067 4.19377 4.1142 4.24192 4.93934 3.49472 3.19287 3.05385 2.68803 0.744869 0.139034 0.00529125
threshold=0.044770211317153509 0.15153369997334348 1.2583259128346922 0.47515827148556733 0.21030227905456669 5.1074292206301806 0.15626016484025168 1.3049426766847898 0.0051592812918178528 11.500000000000002 0.81735432821314169 -0.0029310123014056329 0.088687622629002441 0.024323895322533831
decision_type=8 8 10 10 8 2 10 10 8 2 10 10 10 8
left_child=4 11 3 -3 8 7 -7 -6 12 -4 -10 13 -1 -2
right_child=1 2 9 -5 5 6 -8 -9 10 -11 -12 -13 -14 -15
leaf_value=-0.00027271482373836774 -9.5092756566315012e-05 -4.6491167728939854e-05 5.0424428228365274e-05 0.00017244849203995925 -4.3252869167992115e-05 -0.00016487718395158475 6.5917029367058914e-05 -0.00016868233998777372 -0.00014436767611354832 0.00014473900809920301 -4.6945198915155505e-05 -0.00035292168786415845 -0.00010671777582026766 0.0004185433995531936
leaf_weight=35.28550929762423 6.2718391926027808 967.02344496082515 1696.468547983095 230.54090881068259 868.81411026511341 58.110211062710732 250.84539936762303 143.10308234579861 168.15205269493163 768.01719027757645 677.25854838266969 31.108922673389316 12.344889912754295 2.1550245289690801
leaf_count=154 142 5498 10753 811 4194 199 898 1030 1196 1066 4325 326 122 114
internal_value=-1.48882e-05 0.000439261 0.000501894 -0.00022411 -0.00078004 -0.00025604 0.00120788 -0.000716348 -0.00153978 0.000859962 -0.00131194 -0.00496217 -0.00525041 0
internal_weight=5915.5 3701.59 3662.05 1197.56 2213.91 1320.87 308.956 1011.92 893.041 2464.49 845.411 39.5358 47.6304 8.42686
internal_count=30828 18710 18128 6309 12118 6321 1097 5224 5797 11819 5521 582 276 256
is_linear=0
shrinkage=0.01444


Tree=109
num_leaves=16
num_cat=0
split_feature=26 1 18 24 28 20 33 5 11 5 8 16 5 28 8
split_gain=9.94672 7.17344 6.43566 4.33228 6.32724 4.29168 4.10841 3.6605 4.33064 3.96656 3.51907 3.01613 1.88771 1.60797 0.282009
threshold=0.25212726020637394 0.12312966417910449 -0.023951880168686931 11.500000000000002 -0.025800000000000028 0.025087772167359471 0.022615939394017629 0.036492951683647558 0.13064590677785523 0.13781026981641464 0.34854244319295741 0.8649130592067481 0.10556786239026743 -0.020399999999999998 0.27436293845613219
decision_type=8 2 10 2 8 8 10 10 10 10 8 8 10 8 10
left_child=7 3 10 6 -5 -4 -2 11 12 -10 -3 14 -9 -13 -1
right_child=1 2 5 4 -6 -7 -8 8 9 -11 -12 13 -14 -15 -16
leaf_value=-0.00029379392324883354 -0.00012531062686209202 2.9068342654257728e-05 -0.00016280148687826374 -0.00015948496531790782 4.1588832237616226e-05 8.7527702779297163e-05 -9.6620012710776391e-06 4.514082490057068e-05 -0.00015769215368416887 -3.2025056741666859e-05 0.00043361969532539649 -0.00025362476085969332 -0.00020757213092892552 0.00032487770986210714 -2.6565433722716025e-06
leaf_weight=13.133105402812363 628.89022593037225 176.27937667164952 111.03549774782732 97.747500538825989 1073.2194968014956 951.55719184316695 1527.5722762504593 7.1319023657124481 217.58252819301561 498.93576207896695 460.99369129375555 18.083159265108407 71.976902971044183 55.634044728940353 5.7270196732133618
leaf_count=136 5966 959 487 124 1534 4013 10773 218 994 2468 1840 210 678 368 60
internal_value=-1.35642e-05 0.000233128 0.000997152 -0.000153352 0.000548039 0.000294388 -0.000540322 -0.00142386 -0.00174691 -0.00136526 0.00214714 0.00120578 -0.00500563 0.00262845 -0.00359668
internal_weight=5915.5 5027.3 1699.87 3327.43 1170.97 1062.59 2156.46 888.204 795.627 716.518 637.273 92.5773 79.1088 73.7172 18.8601
internal_count=30828 25696 7299 18397 1658 4500 16739 5132 4358 3462 2799 774 896 578 196
is_linear=0
shrinkage=0.01444


Tree=110
num_leaves=13
num_cat=0
split_feature=1 26 12 28 12 24 22 10 22 30 17 20
split_gain=9.51134 5.04557 6.73776 7.13451 5.64193 7.47704 5.22514 5.03501 4.42877 4.02665 3.43213 3.31946
threshold=0.088417843388960221 0.6579948625170905 0.068808346133199208 -0.018499999999999985 0.076029448843743533 11.500000000000002 0.045231211910979542 0.067227281558335142 0.019980262721197111 16.620000000000005 0.81121029405352829 0.06383745509107118
decision_type=2 10 10 8 10 2 10 8 8 8 10 10
left_child=7 4 3 -3 5 -2 -6 -1 9 -9 -4 -10
right_child=1 2 10 -5 6 -7 -8 8 11 -11 -12 -13
leaf_value=-0.00030154899997196749 -3.4993959512703214e-06 -0.00018980341066046096 7.9036188975860087e-05 0.00014466856582752915 -0.00015642843774166625 0.00016065990043427335 -3.9069873701928624e-06 3.1157829378255049e-06 -7.953790722620754e-06 -0.00019569958282702774 0.00050792935008050382 -0.000177790706808253
leaf_weight=30.011896879877895 1205.9054849471431 80.21522656455636 98.441895588301122 370.11983032664284 173.8757458361797 589.89708504080772 741.32440706994385 62.698068653699011 1809.192189040361 177.68525169370696 296.28965873178095 279.84294138336554
leaf_count=204 7806 387 432 2465 942 838 2734 592 10389 846 1236 1957
internal_value=-2.63592e-05 0.000442959 0.00141844 0.00017935 0.00013383 0.000608158 -0.000782404 -0.000739188 -0.000656372 -0.0025217 0.0027967 -0.000434851
internal_weight=5915.5 3556.07 845.067 450.335 2711 1795.8 915.2 2359.43 2329.42 240.383 394.732 2089.04
internal_count=30828 16840 4520 2852 12320 8644 3676 13988 13784 1438 1668 12346
is_linear=0
shrinkage=0.01444


Tree=111
num_leaves=16
num_cat=0
split_feature=26 1 17 24 0 12 5 34 11 21 21 11 22 28 31
split_gain=9.47034 6.4034 4.81933 5.06432 4.30135 4.22745 4.01811 3.08787 3.57099 3.51972 2.94346 3.04299 2.86876 2.69462 2.41653
threshold=0.25212726020637394 0.12312966417910449 0.72653378041001215 11.500000000000002 0.32697500000000007 0.096406516875965756 0.18724585506461647 0.036804184203161124 0.44402037765013475 0.032859275455214311 0.010114622811810707 0.20993057395447481 0.02932452137986705 -0.0014500000000000066 -1.5650000000000002
decision_type=8 2 10 2 2 10 10 10 10 10 10 8 10 8 10
left_child=4 2 13 -4 10 6 -6 9 -9 -3 11 -1 -12 -2 -7
right_child=1 7 3 -5 5 14 -8 8 -10 -11 12 -13 -14 -15 -16
leaf_value=7.761490127199503e-05 -8.3956735442240941e-06 -4.5479010978872697e-06 -3.1744287423972961e-05 5.6849089330988567e-05 2.7984765220690831e-05 5.7361969391858406e-05 -5.6033151995045921e-05 0.00015575496574740764 -0.00018706265270563026 0.00018839271065447001 -0.00015934322494389413 -9.0823408493163375e-05 -0.0001671587946765584 -0.00014217447717096085 -0.0002850332293405572
leaf_weight=37.292085510212928 191.03184727067128 354.75353490444832 1861.1505258223042 981.26398529112339 209.7978603686206 18.589444361627102 312.4736174272839 91.885785957798362 70.652076452970505 1182.5743602411821 106.66001745220274 17.32063923520036 124.618058972992 293.98314113705419 61.452701350674033
leaf_count=462 1167 1967 14009 1391 1454 132 1626 310 334 4688 408 270 592 1830 188
internal_value=-3.51588e-05 0.000205466 -0.000159545 6.31491e-05 -0.00141112 -0.000688832 -0.000187136 0.00092748 -0.000918985 0.00113148 -0.00288283 0 -0.00359386 -0.00149017 -0.00377606
internal_weight=5915.5 5027.3 3327.43 2842.41 888.204 602.314 522.271 1699.87 162.538 1537.33 285.891 54.6127 231.278 485.015 80.0421
internal_count=30828 25696 18397 15400 5132 3400 3080 7299 644 6655 1732 732 1000 2997 320
is_linear=0
shrinkage=0.01444


Tree=112
num_leaves=15
num_cat=0
split_feature=26 22 27 24 0 26 19 26 5 5 21 22 28 9
split_gain=9.02818 6.03074 4.4419 4.74801 4.38731 3.82673 5.73688 4.99871 3.80757 3.00012 2.89723 2.75572 2.0432 2.0245
threshold=0.25212726020637394 0.062739644785336807 -0.021210117969738446 11.500000000000002 0.32697500000000007 0.6579948625170905 0.061544644948445575 0.29748475340918007 0.053194534969597161 0.093692283268287588 0.010114622811810707 0.02932452137986705 -0.033400000000000034 0.15966403023407846
decision_type=8 10 10 2 2 10 10 8 10 10 10 10 8 8
left_child=4 2 -2 -4 10 7 -7 -3 12 -10 13 -12 -6 -1
right_child=1 5 3 -5 8 6 -8 -9 9 -11 11 -13 -14 -15
leaf_value=-4.3546375810482248e-05 -0.00030102239765387859 0.00045839540763133435 -4.5435975325512514e-05 1.9964929575529399e-05 -2.9717512392643419e-06 -0.00026771573002868341 0.00034290505872969245 1.8810265320491832e-05 -0.00020081750869051332 -3.9244325633422169e-05 -0.0001570423115420027 -0.00016474502458341044 0.0004714764839153618 7.649414344507082e-05
leaf_weight=10.918128060642628 31.494398097507656 111.73140721023083 1830.6491241506301 1032.8112451434135 23.720541513292119 50.242022432386875 597.49654062278569 1372.8705194205977 52.968822701368481 477.67018833011389 106.66001745220274 124.618058972992 47.95407096343115 43.694596684770659
leaf_count=320 116 432 14510 1462 202 232 3082 5862 246 2596 408 592 356 412
internal_value=-3.04208e-05 0.000204472 -0.00022123 -0.000156657 -0.00137396 0.000788468 0.00171981 0.000372815 -0.000645336 -0.00108487 -0.00285907 -0.0035645 0.00241081 0
internal_weight=5915.5 5027.3 2894.95 2863.46 888.204 2132.34 647.739 1484.6 602.314 530.639 285.891 231.278 71.6746 54.6127
internal_count=30828 25696 16088 15972 5132 9608 3314 6294 3400 2842 1732 1000 558 732
is_linear=0
shrinkage=0.01444


Tree=113
num_leaves=13
num_cat=0
split_feature=1 26 12 28 12 24 23 8 22 32 17 25
split_gain=8.98182 5.03406 6.62914 7.03055 5.232 7.14267 4.79609 4.67702 4.20704 3.90951 3.34151 3.26983
threshold=0.088417843388960221 0.6579948625170905 0.068808346133199208 -0.018499999999999985 0.076029448843743533 11.500000000000002 0.042369132919872272 0.099598877822341544 0.019980262721197111 0.7071240105540898 0.81121029405352829 1.20798898815178
decision_type=2 10 10 8 10 2 10 8 8 8 10 10
left_child=7 4 3 -3 5 -2 -6 -1 9 -9 -4 -10
right_child=1 2 10 -5 6 -7 -8 8 11 -11 -12 -13
leaf_value=-0.00029240195225939685 -3.2620976798541292e-06 -0.00018464976448455303 7.8616674086968882e-05 0.00013759508076903329 -0.00013039313675912751 0.00015811735263759116 -5.4529206883800175e-06 -1.9309452864027885e-05 -1.367349427973294e-05 -0.000214994381825314 0.00049482241612530036 -0.00017887639488818667
leaf_weight=28.743194801732898 1205.9054849471431 80.21522656455636 98.441895588301122 370.11983032664284 242.10048937145621 589.89708504080772 673.09966353466734 127.27745108585805 1959.5665908621158 112.63511028327048 296.28965873178095 131.20800061803311
leaf_count=306 7806 387 432 2465 1202 838 2474 860 11341 536 1236 945
internal_value=-3.12946e-05 0.00042469 0.00139884 0.000169633 0.000115978 0.000572974 -0.000766246 -0.000724027 -0.000645548 -0.00246608 0.00276587 -0.000429785
internal_weight=5915.5 3556.07 845.067 450.335 2711 1795.8 915.2 2359.43 2330.69 239.913 394.732 2090.77
internal_count=30828 16840 4520 2852 12320 8644 3676 13988 13682 1396 1668 12286
is_linear=0
shrinkage=0.01444


Tree=114
num_leaves=16
num_cat=0
split_feature=26 8 15 27 22 0 28 12 8 21 18 22 10 9 16
split_gain=9.17637 5.94652 5.93692 6.80466 4.66915 4.24729 3.62522 3.60802 3.12265 2.89643 3.39618 2.75759 2.72865 2.12821 1.5043
threshold=0.25212726020637394 0.22871272789544542 0.89035182791977296 0.96699431691531412 0.020873659933321419 0.32697500000000007 0.014300000000000064 0.096406516875965756 0.22533521139930671 0.010114622811810707 0.015913614333511131 0.02932452137986705 0.3093719006688132 0.45098556418771124 0.84031926846094407
decision_type=8 10 10 10 10 2 10 10 10 10 10 10 8 10 10
left_child=5 4 13 -4 6 9 -2 12 -6 10 -1 -11 -7 -3 -9
right_child=1 2 3 -5 8 7 -8 14 -10 11 -12 -13 -14 -15 -16
leaf_value=7.5587014361729247e-05 -0.00010889051558357351 -0.00013603939794858198 7.3690543976337995e-05 0.000151442681638449 -2.9762617729693441e-06 -4.7667940872725992e-05 -0.00017114990348289193 -7.8599832652043313e-05 -0.0003131396907048942 -0.00015457717826967035 -5.789399301469041e-05 -0.00016216866426848407 9.6296132733099916e-05 0.0001164196944336416 -0.00030543379812188334
leaf_weight=40.304010468302295 119.93835446308367 252.33713639061898 3060.9105024072342 154.02187110017985 1207.0211746091954 346.40608617663383 65.765199940884486 21.840899916365743 78.138808570802212 106.66001745220274 14.308714277110992 124.618058972992 175.86539161927067 89.162209595553577 58.201245795935392
leaf_count=572 1082 1397 12892 488 8361 1930 644 130 338 408 160 592 1150 494 190
internal_value=-4.1865e-05 0.000194949 0.000516253 0.000711203 -0.000572943 -0.00139626 -0.00271702 -0.000678416 -0.000251904 -0.00285866 0 -0.00356399 -0.000212561 -0.00127894 -0.00353323
internal_weight=5915.5 5027.3 3556.43 3214.93 1470.86 888.204 185.704 602.314 1285.16 285.891 54.6127 231.278 522.271 341.499 80.0421
internal_count=30828 25696 15271 13380 10425 5132 1726 3400 8699 1732 732 1000 3080 1891 320
is_linear=0
shrinkage=0.01444


Tree=115
num_leaves=15
num_cat=0
split_feature=26 22 27 26 19 19 12 5 11 5 16 13 5 30
split_gain=9.02706 5.6048 4.45425 3.87568 5.67597 4.9049 3.53724 3.30057 3.76217 3.40457 3.23879 1.82083 1.73857 0.621884
threshold=0.25212726020637394 0.062739644785336807 -0.021210117969738446 0.6579948625170905 0.061544644948445575 0.054937856000041189 0.090934480388993669 0.036492951683647558 0.13064590677785523 0.13781026981641464 0.97260822034247119 1.2020091687074663 0.10556786239026743 16.085000000000004
decision_type=8 10 10 10 10 10 8 10 10 10 8 8 10 10
left_child=7 2 -2 5 -5 -3 -4 10 12 -10 13 -12 -9 -1
right_child=1 3 6 4 -6 -7 -8 8 9 -11 11 -13 -14 -15
leaf_value=6.4978097157811568e-05 -0.00030002294146046888 0.00026489622524840704 3.4944404902932526e-06 -0.00026360949734643155 0.00033490255488141061 5.0254263949251057e-06 -8.121318848229677e-05 5.1601983217512299e-05 -0.000147968386017891 -2.9400850266107552e-05 -0.00039321497262627674 0.00046307348408433809 -0.00019393402216149962 -0.00024149339717599835
leaf_weight=10.206642325967549 31.494398097507656 200.58936529606581 2223.3637731075287 50.242022432386875 597.49654062278569 1284.0125613347627 640.09659618651494 7.1319023657124481 217.58252819301561 498.93576207896695 8.8976528560742718 51.030040068319067 71.976902971044183 22.442993819713593
leaf_count=164 116 639 12168 232 3082 5655 3804 218 994 2468 58 418 678 134
internal_value=-3.89434e-05 0.000195921 -0.000214351 0.000758972 0.00169569 0.000340981 -0.000149702 -0.00138231 -0.00168922 -0.00133141 0.00110909 0.00318681 -0.00473383 -0.0022998
internal_weight=5915.5 5027.3 2894.95 2132.34 647.739 1484.6 2863.46 888.204 795.627 716.518 92.5773 59.9277 79.1088 32.6496
internal_count=30828 25696 16088 9608 3314 6294 15972 5132 4358 3462 774 476 896 298
is_linear=0
shrinkage=0.01444


Tree=116
num_leaves=13
num_cat=0
split_feature=8 28 17 24 7 12 20 35 17 35 23 35
split_gain=8.05478 5.65813 5.84663 5.55935 5.27278 4.34247 3.91308 3.64977 3.41523 3.26205 3.21653 3.20235
threshold=0.22796447995747246 -0.023949999999999996 0.74705430284724772 11.500000000000002 0.10786325401028914 0.051811436246521403 0.034712604326312853 5.149178967106443 1.1599830737366028 5.7670076097225325 0.13191661429455673 5.6023585204985293
decision_type=10 8 10 2 8 10 8 2 10 2 10 2
left_child=4 7 5 -4 -1 -3 8 10 -6 -9 -2 -8
right_child=1 2 3 -5 6 -7 11 9 -10 -11 -12 -13
leaf_value=-0.00028303755653516976 -2.3636250441266397e-05 -0.00021832830837354924 3.1766333987695668e-05 0.0001547628225520045 -0.00011552279822167671 -9.7376764961539951e-06 1.5916956286492489e-05 -0.00020157926543049571 1.0723629097302338e-06 -9.4642327147477165e-05 0.00043420525722624107 -0.00012610063358606033
leaf_weight=32.950104379560798 680.8521035136655 115.76608987618238 1718.4028087663464 1032.5484028756618 736.63595636421815 303.09106485359371 708.18491553631611 76.005084491334856 295.46672457549721 57.172021640464664 33.37001028470695 125.05439459881745
leaf_count=230 3399 486 9786 1459 4085 1430 6447 313 1792 242 230 929
internal_value=-3.8044e-05 0.000325913 0.000608341 0.000852874 -0.000815021 -0.000965478 -0.00070494 -0.000714815 -0.00129917 -0.00291523 -0.000284252 1.5783e-05
internal_weight=5915.5 4017.21 3169.81 2750.95 1898.29 418.857 1865.34 847.399 1032.1 133.177 714.222 833.239
internal_count=30828 17345 13161 11245 13483 1916 13253 4184 5877 555 3629 7376
is_linear=0
shrinkage=0.01444


Tree=117
num_leaves=16
num_cat=0
split_feature=26 5 17 24 18 12 8 5 18 5 5 31 34 22 20
split_gain=9.03736 5.98936 6.37 6.30987 6.03798 5.60116 3.96653 3.03645 3.2771 3.54616 3.47016 3.01972 2.58439 1.57256 1.29873
threshold=0.25212726020637394 0.077113388262064667 0.65872844524136154 10.500000000000002 -0.0081685396331047083 0.053289163197473163 0.36172122466052226 0.036492951683647558 0.058698350508818893 0.44485383802900319 0.13890905885964203 3.2350000000000008 -0.015681763399986722 0.037001330419932137 0.027071427634698723
decision_type=8 8 8 2 10 10 10 10 10 10 10 10 8 10 8
left_child=7 4 5 -4 6 -3 -2 12 10 -10 -9 -6 14 -14 -1
right_child=1 2 3 -5 11 -7 -8 8 9 -11 -12 -13 13 -15 -16
leaf_value=-0.00013557272674639758 -6.268610733978943e-05 -0.00024901915706348809 -9.7066308617695739e-06 6.5592859894338411e-05 -8.3767292815945535e-05 -3.5520099518429276e-05 0.00018670932284035088 -0.00015268645753752923 5.8441226548489046e-05 -2.9794855152920555e-05 -5.8673839291597849e-05 -0.00022212987986844714 0.00053936202719648068 0.00015209335749030866 6.4024329661113764e-05
leaf_weight=15.971752723678945 186.96877177385613 84.994804800488055 1719.3257160368375 2510.9433000385761 167.19043911620975 175.70111150573939 61.755232870578766 226.08401226159185 46.754736371338367 12.11358482390642 510.67476215190254 120.41588093526661 21.951185769634321 22.087266431655735 32.567124145105481
leaf_count=152 990 420 17406 4290 1063 955 242 1318 202 72 2766 330 218 130 274
internal_value=-4.16894e-05 0.000193307 0.000367839 0.000505342 -0.00124262 -0.00180962 0.000358873 -0.0013858 -0.00168005 0.00146346 -0.0019499 -0.00267105 0.000997447 0.00358321 -0.00109594
internal_weight=5915.5 5027.3 4490.96 4230.27 536.33 260.696 248.724 888.204 795.627 58.8683 736.759 287.606 92.5773 44.0385 48.5389
internal_count=30828 25696 23071 21696 2625 1375 1232 5132 4358 274 4084 1393 774 348 426
is_linear=0
shrinkage=0.01444


Tree=118
num_leaves=13
num_cat=0
split_feature=26 7 7 34 24 21 17 21 16 34 22 13
split_gain=8.15704 5.5726 5.55978 5.83293 4.70171 5.63933 4.42297 4.28093 3.30403 2.50092 2.25136 1.97285
threshold=0.42317325232094211 0.10786325401028914 0.23388681847245382 0.036804184203161124 9.5000000000000018 0.040738466307403749 1.0940558504898932 0.15281661030690466 0.80693844331884967 0.03115698259401856 0.092108565054344574 1.303050639029995
decision_type=10 8 8 10 2 10 10 8 10 8 8 10
left_child=1 -1 9 7 5 -3 -6 -4 -5 10 -2 -11
right_child=2 4 3 8 6 -7 -8 -9 -10 11 -12 -13
leaf_value=-0.00027810324991175555 -9.802055161000656e-05 -0.00017099396300530902 0.00012372880039946579 0.0010641035768702478 -4.4473419341081647e-05 6.3192107431233466e-05 2.9460584948839057e-05 0.00066808412051411962 -9.136606790800686e-05 -0.00018589612424757456 0.00027414964746272315 0.00010507984566922843
leaf_weight=30.918373199179769 560.19672270398587 409.72971781343222 1961.9411448184401 14.10937802121043 1507.3529550135136 194.34699295833707 868.87600821256638 77.909452388063073 209.00380157679319 9.0746550522744638 44.279448235407472 27.761031763162464
leaf_count=190 5226 6841 8605 64 3259 2257 2014 758 910 44 370 290
internal_value=-2.82641e-05 -0.000556912 0.000515346 0.000854178 -0.000488242 -0.00162812 -0.000192646 0.00110021 -0.00133381 -0.000659583 -0.000899625 0.0028842
internal_weight=5915.5 3011.22 2904.28 2262.96 2980.31 604.077 2376.23 2039.85 223.113 641.312 604.476 36.8357
internal_count=30828 14561 16267 10337 14371 9098 5273 9363 974 5930 5596 334
is_linear=0
shrinkage=0.01444


Tree=119
num_leaves=15
num_cat=0
split_feature=22 8 17 28 26 17 26 28 26 9 34 34 33 28
split_gain=8.35563 5.62801 4.82496 3.98507 3.42041 6.2938 4.76862 4.00353 3.96522 3.68478 3.07532 2.71776 0.600786 0.0134461
threshold=0.044770211317153509 0.15153369997334348 0.74705430284724772 -0.017400000000000009 0.33517793336055968 1.0456256054594892 0.51469290652517774 0.0047000000000000106 0.56505341822309874 0.21078495100108532 0.032758122151732467 0.0060563578888678258 0.11178517859743499 0.01939999999999999
decision_type=8 8 10 8 8 8 10 10 10 10 8 10 8 10
left_child=4 12 11 -4 7 8 -7 9 -6 -1 -9 -3 -2 -14
right_child=1 2 3 -5 5 6 -8 10 -10 -11 -12 -13 13 -15
leaf_value=-0.00010116745089189914 -0.00032502196582821915 -1.5310324060801645e-06 -7.3189229221140253e-06 0.0001104362678761438 -0.00013009700774859747 7.8348117603624473e-05 -1.556068204242485e-05 -0.00011958589672924322 7.5233780612458086e-05 2.9035174613632031e-05 -0.00021398357274378632 -0.00012822893493969736 -0.00035683996789800758 3.4241907385370176e-05
leaf_weight=327.91158692259341 33.222101036459208 457.88394461991265 664.79373205266893 2342.6563934865408 492.35810182755813 400.24566202890128 203.01328692492098 327.35349892731756 149.89306190144271 259.95532106421888 53.183283732272685 196.71602187305689 3.5316844480112186 2.7820009104907513
leaf_count=1580 214 3470 3383 10661 2544 1884 1784 1304 1472 1236 314 614 314 54
internal_value=-1.61423e-05 0.000401282 0.000463394 0.000710006 -0.000719898 -0.000206788 0.000839201 -0.00136582 -0.00120952 -0.000588582 -0.00252957 -0.000649282 -0.00495205 0
internal_weight=5915.5 3701.59 3662.05 3007.45 2213.91 1245.51 603.259 968.404 642.251 587.867 380.537 654.6 39.5358 6.31369
internal_count=30828 18710 18128 14044 12118 7684 3668 4434 4016 2816 1618 4084 582 368
is_linear=0
shrinkage=0.01444


Tree=120
num_leaves=13
num_cat=0
split_feature=1 7 26 12 12 24 5 23 15 27 23 17
split_gain=8.36894 4.78007 4.74891 6.82428 5.08566 7.16895 4.93001 4.21135 3.52235 4.06787 3.83298 3.29901
threshold=0.088417843388960221 0.10786325401028914 0.6579948625170905 0.068808346133199208 0.076029448843743533 11.500000000000002 0.1613466203219624 0.042369132919872272 1.1817721329147164 0.0047808621517222488 0.023948383655304831 0.81121029405352829
decision_type=2 8 10 10 10 2 10 10 10 10 8 10
left_child=1 -1 4 6 5 -2 -4 -6 10 -10 -3 -5
right_child=2 8 3 11 7 -7 -8 -9 9 -11 -12 -13
leaf_value=-0.00026728381669071044 -6.6591224922123988e-06 -0.00015195968844532813 -0.00012625740280630744 7.4147406126519845e-05 -0.0001314903163830076 0.00015183723418518759 0.0001892484797074626 -5.4302061686203886e-06 -0.00016136321921433549 -2.9532906713902881e-06 -3.5020900735680135e-05 0.00047521384002314571
leaf_weight=29.404516472481191 1205.9054849471431 196.36266668327153 145.62170668202452 98.441895588301122 242.10048937145621 589.89708504080772 304.71335020917468 673.09966353466734 73.523693901952356 1601.4081703918055 458.73130020149983 296.28965873178095
leaf_count=204 7806 1019 776 432 1202 838 2076 2474 485 9465 2815 1236
internal_value=-2.13957e-05 -0.000690192 0.000418705 0.00136498 0.000118687 0.00056928 0.000118933 -0.00075098 -0.000610137 -0.00024942 -0.00151145 0.00275126
internal_weight=5915.5 2359.43 3556.07 845.067 2711 1795.8 450.335 915.2 2330.03 1674.93 655.094 394.732
internal_count=30828 13988 16840 4520 12320 8644 2852 3676 13784 9950 3834 1668
is_linear=0
shrinkage=0.01444


Tree=121
num_leaves=13
num_cat=0
split_feature=26 5 11 7 15 28 24 21 32 5 32 28
split_gain=8.37515 5.67274 5.84823 5.53739 5.70983 4.97237 4.53529 3.89912 3.38514 2.89464 2.48075 1.26566
threshold=0.42317325232094211 0.17574011266013317 0.21190974109726232 0.10786325401028914 1.1863093702084433 0.012050000000000007 11.500000000000002 0.15281661030690466 0.8416886543535621 0.17861564496097873 0.7941952506596307 -0.00039999999999996977
decision_type=10 10 10 8 10 10 2 10 10 10 10 10
left_child=3 2 10 -1 5 -5 -6 9 -4 -3 -2 -9
right_child=1 7 8 4 6 -7 -8 11 -10 -11 -12 -13
leaf_value=-0.00026553455859430357 -0.00014919967326157668 0.00067439930673504741 9.596507587539434e-05 -5.6656585387640733e-05 -3.8504847422849167e-05 -0.00021631546301747575 2.8662538866552811e-05 0.0006546497725957223 -8.8116707796390042e-05 7.4239787073889982e-05 9.9775269705483925e-05 0.0007158631675609578
leaf_weight=30.918373199179769 152.35178640228696 53.549919691868126 762.06203004857525 637.43657866958529 1480.1718945913017 217.31613736506552 645.38106337189674 21.20975093357265 309.49985081795603 1532.1345541530754 26.399192954413593 47.068549557588995
leaf_count=190 1256 236 3413 3385 9132 926 928 64 1384 9434 310 170
internal_value=-3.90889e-05 0.00051173 -0.000213545 -0.000574687 -0.000506201 -0.0015036 -9.86701e-05 0.0010678 0.00017884 0.000910995 -0.00263205 0.00448246
internal_weight=5915.5 2904.28 1250.31 3011.22 2980.31 854.753 2125.55 1653.96 1071.56 1585.68 178.751 68.2783
internal_count=30828 16267 6363 14561 14371 4311 10060 9904 4797 9670 1566 234
is_linear=0
shrinkage=0.01444


Tree=122
num_leaves=16
num_cat=0
split_feature=26 1 18 16 26 20 23 16 18 16 31 31 20 21 31
split_gain=8.05392 5.69478 5.20208 4.48342 5.91364 3.53675 3.31283 3.26318 4.26306 3.58584 3.389 3.26167 3.1621 2.67249 0.836915
threshold=0.25212726020637394 0.12312966417910449 -0.023951880168686931 1.2794294143481184 0.29748475340918007 0.062500017671441296 0.022670407938155755 1.0123167756441276 0.059868181045730891 1.1055688008521116 0.51000000000000167 1.6450000000000007 0.043070577585214799 0.055970157557468626 1.3350000000000011
decision_type=8 2 10 8 8 8 10 10 10 10 10 8 8 10 10
left_child=7 3 13 4 -2 -4 -5 8 10 11 -1 -9 -11 -3 -10
right_child=1 2 5 6 -6 -7 -8 9 14 12 -12 -13 -14 -15 -16
leaf_value=-5.3396930518605374e-05 0.00014122717397243193 0.00012267693328505173 -3.869713195983836e-05 -0.00029466610563425423 -7.8795122862754022e-06 0.00010172918913966242 -4.2426418013276564e-05 -4.6997012528595285e-05 0.00024442911282320363 -0.000171661825676039 -0.00016012502974716255 0.00012707747677388081 3.0115749774584177e-05 0.00047463156418373623 4.0022886045255406e-05
leaf_weight=244.31249908078462 301.37368972413242 298.23684501671232 448.10563912475482 73.807859005173668 2596.1466260841116 614.48705046623945 356.10132470773533 82.384372087195516 10.777642503380777 138.67799560492858 255.95300725102425 87.997629517689347 54.308120564557612 339.03622294869274 13.793158069252966
leaf_count=1902 1158 1535 1893 1040 14203 2607 1996 398 112 762 1158 218 540 1264 42
internal_value=-4.39059e-05 0.0001778 0.000858879 -0.00016629 3.35731e-05 0.000225908 -0.00154205 -0.00131283 -0.00204383 -0.000219531 -0.0023492 0.0012626 -0.00159557 0.00189266 0.00356692
internal_weight=5915.5 5027.3 1699.87 3327.43 2897.52 1062.59 429.909 888.204 524.836 363.368 500.266 170.382 192.986 637.273 24.5708
internal_count=30828 25696 7299 18397 15361 4500 3036 5132 3214 1918 3060 616 1302 2799 154
is_linear=0
shrinkage=0.01444


Tree=123
num_leaves=15
num_cat=0
split_feature=19 26 9 35 26 27 24 18 26 16 18 10 25 28
split_gain=7.61572 5.49593 6.86031 6.67758 5.0825 3.76539 4.02621 4.172 4.15017 3.63858 3.5832 3.51717 2.1563 1.81018
threshold=0.047141842136461699 0.6579948625170905 0.31337198955364726 4.2322206590149269 0.64042988505747134 0.0047808621517222488 9.5000000000000018 0.051398069569419953 0.41820759140558667 0.89388841034932376 -0.0032095457654493505 0.48713849464042641 0.43419657562346708 0.02665000000000001
decision_type=8 10 10 2 10 8 2 10 10 10 10 10 10 8
left_child=5 4 12 -4 11 10 8 -8 -7 -6 -1 -2 -3 -12
right_child=1 2 3 -5 9 6 7 -9 -10 -11 13 -13 -14 -15
leaf_value=0.00054399855829051838 2.9746508827259237e-05 0.00056534623534097142 0.00025310191506017709 0.00029536790628138874 3.1044724291718191e-05 -0.00016150002774145019 -1.8642906476116976e-05 6.9629631751511612e-05 -2.4806943918511753e-05 -0.0002692688689391302 -0.00026593775286628586 -6.8538047351587549e-05 -3.0692827426019774e-05 -0.00015781282709748454
leaf_weight=8.7873896928504092 2097.4969577891752 18.390026782639325 292.44615208357573 200.57458976842463 30.458171740174294 325.29163855407387 1697.9097267389297 151.89039742946625 312.59721250832081 44.738635740242898 55.961129577830434 356.17781538609415 309.10760855022818 13.672229414340107
leaf_count=172 10934 108 1268 838 150 4302 3718 270 4798 244 234 1174 2574 44
internal_value=-2.39691e-05 0.0004272 0.00145472 0.00253134 8.83868e-05 -0.000617918 -0.000513142 -0.000163877 -0.00150444 -0.00358619 -0.00374888 0.000207122 -0.000127677 -0.00493454
internal_weight=5915.5 3349.39 820.518 493.021 2528.87 2566.11 2487.69 1849.8 637.889 75.1968 78.4207 2453.67 327.498 69.6334
internal_count=30828 17290 4788 2106 12502 13538 13088 3988 9100 394 450 12108 2682 278
is_linear=0
shrinkage=0.01444


Tree=124
num_leaves=13
num_cat=0
split_feature=8 7 18 34 21 20 5 24 22 12 19 12
split_gain=7.65642 5.29373 4.61094 6.50408 4.89851 4.7132 4.46617 3.97823 3.53902 3.37782 3.15302 2.58729
threshold=0.22796447995747246 0.10786325401028914 -0.023951880168686931 0.036804184203161124 0.076926584369769554 0.062500017671441296 0.075004894593125301 10.500000000000002 0.020873659933321419 0.096406516875965756 0.014075984593742959 0.030556083862575755
decision_type=10 8 10 10 8 10 8 2 8 10 8 8
left_child=1 -1 4 6 9 -5 -4 -6 11 -2 -10 -3
right_child=2 8 3 5 7 -7 -8 -9 10 -11 -12 -13
leaf_value=-0.00025981758059941796 0.00011913869096016895 -2.4675165627389513e-05 -0.00013083742307059415 -0.00021684603060925569 0.00011705196543465477 6.1599321213413226e-05 3.0773445692380326e-05 0.00045370623731550661 9.2880341935534485e-05 -0.00010977504736973303 -3.7760909329496343e-05 -0.00016329422152569668
leaf_weight=32.950104379560798 673.50333784613758 120.4759548958391 267.47357236221433 152.93792260438204 89.646566840820014 76.240558717399836 2377.7523401905783 166.34232002496719 47.241283804178238 213.31096771545708 1570.5987356784754 127.02601669635624
leaf_count=230 2906 798 1182 460 922 356 10405 272 170 842 11463 822
internal_value=-4.50541e-05 -0.000802573 0.000309708 0 0.00108533 -0.0023294 0.00020355 0.00285546 -0.000692312 0.000558144 -0.000435889 -0.00231095
internal_weight=5915.5 1898.29 4017.21 2874.4 1142.8 229.178 2645.23 255.989 1865.34 886.814 1617.84 247.502
internal_count=30828 13483 17345 12403 4942 816 11587 1194 13253 3748 11633 1620
is_linear=0
shrinkage=0.01444


Tree=125
num_leaves=16
num_cat=0
split_feature=26 17 5 22 8 18 5 7 31 34 16 28 13 8 21
split_gain=7.68797 5.49847 5.38399 5.7835 4.96544 4.32522 3.56945 3.20122 3.61445 3.28601 2.51475 2.33345 1.88356 0.644346 0.593729
threshold=0.25212726020637394 0.65872844524136154 0.077113388262064667 0.057539856357741483 0.56590688636334174 -0.0081685396331047083 0.036492951683647558 0.19382712376600722 -0.085000000000000839 0.030886867815338007 0.8649130592067481 0.032750000000000008 1.185538465990857 0.27436293845613219 0.031245267156736565
decision_type=8 8 8 10 10 10 10 10 8 10 8 8 8 10 10
left_child=6 4 5 -4 11 -3 10 8 -8 -9 13 -2 -12 -1 -6
right_child=1 2 3 -5 14 -7 7 9 -10 -11 12 -13 -14 -15 -16
leaf_value=-0.00025479791325284994 -0.0001114116086481059 2.2809205736931002e-05 -2.1666572830032895e-06 0.00011242020925936255 -0.00014261925299193827 -0.00015174608178376671 -4.5948530392456025e-06 -2.8549964232195062e-05 -0.00013622625132430092 -0.00030264185596078807 -0.00027312450096541663 -0.0002300354071790988 0.00033082360329863403 3.2737904921154096e-06 0.00016753901912563892
leaf_weight=13.133105402812363 148.8012278592214 227.57372195785865 2100.9867895934731 2129.2822264819406 13.522499613463877 270.92581018991768 71.078310885466635 480.88263178477064 180.45895734732039 63.207195591181517 10.924842960201202 99.096113571897149 62.792361033847556 5.7270196732133618 37.106867809779942
leaf_count=136 897 1142 11888 9808 90 1305 410 2348 1476 124 66 352 512 60 214
internal_value=-3.31278e-05 0.000183447 0.000305857 0.000475315 -0.00170876 -0.00110486 -0.00127303 -0.00159291 -0.00296327 -0.000932967 0.00132861 -0.00257504 0.00262845 -0.00300748 0.00225893
internal_weight=5915.5 5027.3 4728.77 4230.27 298.527 498.5 888.204 795.627 251.537 544.09 92.5773 247.897 73.7172 18.8601 50.6294
internal_count=30828 25696 24143 21696 1553 2447 5132 4358 1886 2472 774 1249 578 196 304
is_linear=0
shrinkage=0.01444


Tree=126
num_leaves=13
num_cat=0
split_feature=1 7 35 35 35 26 19 7 12 23 23 33
split_gain=7.74856 4.79145 4.23738 4.70419 4.61046 4.11662 6.00793 6.12996 4.79393 4.73675 3.87719 3.83873
threshold=0.088417843388960221 0.10786325401028914 5.8833777244597796 5.6566207630851091 6.7602866899159837 0.6579948625170905 0.061544644948445575 0.3143610069654022 0.076029448843743533 0.038515733237000478 0.042369132919872272 0.015934083287543647
decision_type=2 8 2 2 2 10 10 10 10 8 10 8
left_child=1 -1 3 -3 -4 8 9 -8 11 -7 -10 -2
right_child=5 2 4 -5 -6 6 7 -9 10 -11 -12 -13
leaf_value=-0.00025353813036680631 0.00017759446213144294 -4.4475360550635094e-05 0.00010768953866994416 -0.00013235364352294146 -0.00019781158242914175 0.00018494932962708995 -2.545917369792259e-06 0.00037453307194106034 -0.00013084521743857752 -0.00019154953342812589 -7.0759384157168071e-06 1.5201383137008736e-05
leaf_weight=29.404516472481191 295.46623343136162 1982.2729239638429 176.52900772728026 131.49846297223121 39.725436515174806 80.309120878577232 210.88324149604887 419.37878917902708 242.10048937145621 134.49545965762809 673.09966353466734 1500.3363365565892
leaf_count=204 1298 11973 995 604 212 670 1397 1666 1202 787 2474 7346
internal_value=-3.81643e-05 -0.000681682 -0.00060155 -0.000802416 0.00129846 0.000385165 0.00126623 0.00198254 0.000105489 -0.0007744 -0.000738792 0.000543145
internal_weight=5915.5 2359.43 2330.03 2113.77 216.254 3556.07 845.067 630.262 2711 214.805 915.2 1795.8
internal_count=30828 13988 13784 12577 1207 16840 4520 3063 12320 1457 3676 8644
is_linear=0
shrinkage=0.01444


Tree=127
num_leaves=16
num_cat=0
split_feature=26 17 5 22 8 18 0 12 5 11 11 14 28 31 12
split_gain=7.96062 5.39984 5.65039 5.11244 4.90818 4.5045 4.14704 3.86588 3.5793 3.24795 4.41324 2.63654 2.41888 2.16306 0.321915
threshold=0.25212726020637394 0.65872844524136154 0.077113388262064667 0.057539856357741483 0.56590688636334174 -0.0081685396331047083 0.32697500000000007 0.096406516875965756 0.18724585506461647 0.21805906896943952 0.14838708648280735 1.0975904604306628 0.032750000000000008 -1.5650000000000002 0.36614289765574065
decision_type=8 8 8 8 10 10 2 10 10 8 10 8 8 10 10
left_child=6 4 5 -4 12 -3 9 8 -8 10 -1 -11 -2 -9 -6
right_child=1 2 3 -5 14 -7 7 13 -10 11 -12 -13 -14 -15 -16
leaf_value=-0.00016848921409604273 -0.00010916060351917178 2.2582017629952116e-05 -1.5798907840000579e-06 0.00010823240243931598 0.00016522193502592741 -0.00015110990606605237 3.0275179494253222e-05 7.049104059233887e-05 -4.5983755998545432e-05 8.9344464779082507e-05 9.6684491554452667e-06 -0.00018155282858594188 -0.00022693320760158449 -0.00026059601615109005 -0.00014045765702681425
leaf_weight=59.201193667016923 148.8012278592214 227.57372195785865 2088.0007916539907 2142.2682244214229 40.852491286583245 270.92581018991768 209.7978603686206 18.589444361627102 312.4736174272839 17.329183044843376 110.56771191721782 98.792712541529909 99.096113571897149 61.452701350674033 9.7768761366605741
leaf_count=466 897 1142 11252 10444 234 1305 1454 132 1626 100 622 544 352 188 70
internal_value=-3.11444e-05 0.000189281 0.000310599 0.000484151 -0.00168566 -0.00113484 -0.00129284 -0.000584155 -0.000103869 -0.00273615 -0.00134522 -0.00464135 -0.00254723 -0.00353323 0.00225893
internal_weight=5915.5 5027.3 4728.77 4230.27 298.527 498.5 888.204 602.314 522.271 285.891 169.769 116.122 247.897 80.0421 50.6294
internal_count=30828 25696 24143 21696 1553 2447 5132 3400 3080 1732 1088 644 1249 320 304
is_linear=0
shrinkage=0.01444


Tree=128
num_leaves=13
num_cat=0
split_feature=22 8 17 24 17 27 33 24 17 24 35 33
split_gain=7.75392 5.57685 5.12382 4.49879 3.27551 3.34382 5.45467 3.59112 3.21096 2.9618 2.92294 0.604205
threshold=0.044770211317153509 0.15153369997334348 0.74705430284724772 11.500000000000002 1.2099862915274733 0.12035725491694427 0.03470875340152358 10.500000000000002 1.2236685456808714 11.500000000000002 4.2768049886183936 0.11178517859743499
decision_type=8 8 10 2 8 10 8 2 8 2 2 8
left_child=4 11 9 -4 5 6 -1 -7 -6 -3 -10 -2
right_child=1 2 3 -5 8 7 -8 -9 10 -11 -12 -13
leaf_value=-0.00016311238482204183 -0.00030284094214700312 -2.2015041135954091e-06 1.6518730405119735e-05 0.00012288637076018067 0.00068315943210658751 -0.00010467519797803453 -3.2173332989482456e-05 -1.6454556039007701e-06 7.9753734072752596e-05 -0.00010614610091237641 -6.4080956073538233e-05 -1.2202163992980387e-05
leaf_weight=115.17292245477438 33.222101036459208 432.61701675923541 2017.7399829267524 989.71014261245728 23.000103792641312 586.29790152516216 159.27481011347845 727.9127733707428 265.5470068580471 221.98294973373413 336.70828521437943 6.3136853585019699
leaf_count=279 214 3780 12656 1388 138 5858 1376 1265 1660 304 1542 368
internal_value=-2.22778e-05 0.000379731 0.000441591 0.000695777 -0.00070026 -0.00104979 -0.00251799 -0.000732296 0.000167062 -0.000705842 -1.58566e-05 -0.00495026
internal_weight=5915.5 3701.59 3662.05 3007.45 2213.91 1588.66 274.448 1314.21 625.255 654.6 602.255 39.5358
internal_count=30828 18710 18128 14044 12118 8778 1655 7123 3340 4084 3202 582
is_linear=0
shrinkage=0.01444


Tree=129
num_leaves=16
num_cat=0
split_feature=26 17 9 23 34 15 0 7 34 35 21 7 28 22 9
split_gain=7.42319 5.36904 5.14526 4.95371 6.72986 5.51801 4.03629 3.12591 3.07332 2.66917 2.54305 2.53939 2.39516 2.17756 2.0245
threshold=0.25212726020637394 0.65872844524136154 0.43130919971530163 0.080799567082627935 -0.019551435450780027 1.0718293572257351 0.32697500000000007 0.39838666396820022 -0.01147747068267879 3.7265364380453145 0.010114622811810707 0.32330083114286284 -0.0037000000000000223 0.031842508114372801 0.15966403023407846
decision_type=8 8 10 10 8 8 2 10 10 2 10 8 8 10 8
left_child=6 2 12 5 -5 -3 10 11 -9 -4 14 -8 -2 -12 -1
right_child=1 3 9 4 -6 -7 7 8 -10 -11 13 -13 -14 -15 -16
leaf_value=-2.4480400090091675e-05 -9.337636783048365e-05 -8.135092860027263e-05 -2.3529149768473269e-05 -3.276096008020552e-05 0.00027213017012885673 1.233915023270903e-05 -3.0491287180211381e-05 2.4039080160028175e-06 -0.00037637005501082023 0.00031430448348754997 -0.00013283864061432085 0.00012403425496169214 -0.00023128674995095334 -0.0001413657390240367 7.8602091537316928e-05
leaf_weight=10.918128060642628 83.700636547058821 610.87393619213253 40.638518326915801 323.12016878463328 591.72717764414847 3203.0472656022757 426.14600251335651 28.322543391026556 40.515899315476418 34.757023721933365 123.19732700940222 107.32917828834616 139.43053025845438 108.08074941579252 43.694596684770659
leaf_count=320 514 2936 218 2400 1892 16915 2410 142 104 161 474 744 660 526 412
internal_value=-2.85052e-05 0.000184275 -0.00168539 0.000305259 0.00126008 7.26434e-05 -0.00124694 -0.000547744 -0.00343993 0.00145555 -0.00267039 -0.000146835 -0.00280621 -0.00333137 0
internal_weight=5915.5 5027.3 298.527 4728.77 914.847 3813.92 888.204 602.314 68.8384 75.3955 285.891 533.475 223.131 231.278 54.6127
internal_count=30828 25696 1553 24143 4292 19851 5132 3400 246 379 1732 3154 1174 1000 732
is_linear=0
shrinkage=0.01444


Tree=130
num_leaves=15
num_cat=0
split_feature=26 1 15 27 34 0 9 28 5 5 1 15 19 28
split_gain=7.37389 5.06546 3.70529 5.5323 4.03587 3.58221 3.17174 4.19654 3.0134 3.24471 2.66333 2.48049 3.1249 2.4534
threshold=0.25212726020637394 0.12312966417910449 1.1817721329147164 1.0000000180025095e-35 -0.01147747068267879 0.32697500000000007 0.27312529585158957 -0.018499999999999985 0.053194534969597161 0.093692283268287588 0.14400980392156867 2.03427050562482 0.032997870625113439 -0.017400000000000009
decision_type=8 2 10 8 8 2 8 8 10 10 2 8 8 8
left_child=5 2 4 -4 -2 11 10 -8 13 -10 -3 12 -1 -7
right_child=1 6 3 -5 -6 8 7 -9 9 -11 -12 -13 -14 -15
leaf_value=-9.8875419127661266e-05 7.3287384595905104e-06 0.00016923571667341785 -0.00023179421786363586 1.3721803802926755e-05 -0.00010481988862936138 -3.6980236054120629e-06 -1.4869139616463401e-05 0.00019635390109122832 -0.00018056867605317157 -2.9671393077838841e-05 -0.00016167475237394634 -0.00024159031025022197 1.4296891916590193e-06 0.00081192190925957481
leaf_weight=163.07262578839436 389.12567284796387 77.354912575334311 73.470073709730059 2304.9510138495825 559.8827391138766 29.699344689724967 335.01911777467467 1178.5625675776973 52.968822701368481 477.67018833011389 108.92915962869301 35.499642850132659 87.318532532081008 41.975267786998302
leaf_count=710 2199 563 380 12788 3030 256 1544 4630 246 2596 562 462 560 302
internal_value=-1.94815e-05 0.000192599 -0.000131638 0.000168144 -0.000896402 -0.00123397 0.000834814 0.00105767 -0.000572976 -0.000965881 -0.000903647 -0.00257702 -0.00198403 0.00213968
internal_weight=5915.5 5027.3 3327.43 2378.42 949.008 888.204 1699.87 1513.58 602.314 530.639 186.284 285.891 250.391 71.6746
internal_count=30828 25696 18397 13168 5229 5132 7299 6174 3400 2842 1125 1732 1270 558
is_linear=0
shrinkage=0.01444


Tree=131
num_leaves=15
num_cat=0
split_feature=22 8 15 28 28 24 28 5 18 1 20 21 18 28
split_gain=7.6255 5.56641 4.36522 3.84443 3.63378 3.84095 4.30561 3.75845 4.11904 2.65991 2.5611 1.46814 0.739178 0.0115632
threshold=0.044770211317153509 0.15153369997334348 1.4096841895167156 0.056350000000000018 0.039250000000000014 10.500000000000002 -0.027249999999999993 0.1923690890098064 -0.0038938745067996212 0.086120071684587837 0.03296285172579181 0.045134573997440801 -0.0029310123014056329 0.01939999999999999
decision_type=10 8 10 8 10 2 8 10 10 2 8 8 10 10
left_child=4 12 3 -3 5 10 -7 11 -9 -4 -1 -6 13 -2
right_child=1 2 9 -5 7 6 -8 8 -10 -11 -12 -13 -14 -15
leaf_value=-0.00010388238749832098 -7.8928907069514566e-05 -1.8868251248107178e-05 -1.6679918276905185e-06 0.00024785028471124707 -0.00021962498187921001 -0.00011108281870536281 7.0305575648185844e-06 0.00010755751905864897 -0.00020257096041738755 0.00014659542434402871 -1.0784106178383699e-05 -7.8142689675575879e-07 -0.00029716774426140775 3.248274513056919e-05
leaf_weight=547.88090015249327 4.5305158491246385 1416.4966586865485 478.25041319429874 208.09540862264112 86.075378254055977 151.46040505170822 1027.0342166125774 69.716836091596633 56.384324779734015 1541.8021543612704 275.96541081601754 16.832026764284819 31.093803660478443 3.8812288595363498
leaf_count=6064 180 6097 2853 956 386 258 1832 506 300 7064 3776 166 320 70
internal_value=-3.30565e-05 0.000368081 0.000430167 -0.000120016 -0.000701161 -0.00049549 2.25202e-05 -0.00243686 -0.00063716 0.000879032 -0.00125189 -0.00450038 -0.00495944 0
internal_weight=5915.5 3684.15 3644.64 1624.59 2231.35 2002.34 1178.49 229.009 126.101 2020.05 823.846 102.907 39.5055 8.41174
internal_count=30828 17540 16970 7053 13288 11930 2090 1358 806 9917 9840 552 570 250
is_linear=0
shrinkage=0.01444


Tree=132
num_leaves=9
num_cat=0
split_feature=7 19 17 24 17 28 28 18
split_gain=6.86875 6.51955 4.7959 3.88707 3.74157 3.84469 3.16539 2.99087
threshold=0.10786325401028914 0.039567839540781614 1.0034275978103364 9.5000000000000018 0.74705430284724772 -0.018499999999999985 0.035900000000000022 0.049344390472480078
decision_type=8 10 8 2 10 8 8 10
left_child=-1 2 7 -4 6 -6 -3 -2
right_child=1 4 3 -5 5 -7 -8 -9
leaf_value=-0.00024126027262221382 -0.00010054354311310775 1.1398904107692963e-06 -0.00012828077550607397 1.4662296340252396e-05 -1.660912799276888e-05 8.372564821775557e-05 -0.00010013491033178414 1.8574279964143098e-05
leaf_weight=32.950104379560798 873.25071376143023 486.76684526260942 237.61381106590852 834.42246100306511 669.91753677511588 2497.1550541897304 195.89454815164208 87.528607167303562
leaf_count=230 4548 2467 4874 1772 3426 12161 904 446
internal_value=-1.8314e-05 1.65989e-05 -0.000642504 9.50407e-06 0.000368075 0.00057917 -0.000591771 -0.00138322
internal_weight=5915.5 5882.55 2032.82 1072.04 3849.73 3167.07 682.661 960.779
internal_count=30828 30598 11640 6646 18958 15587 3371 4994
is_linear=0
shrinkage=0.01444


Tree=133
num_leaves=13
num_cat=0
split_feature=1 10 26 24 12 33 35 24 35 11 34 34
split_gain=7.01229 4.76321 4.09747 4.31304 7.56385 4.75618 3.50769 5.50345 4.56326 2.81773 4.18112 2.2401
threshold=0.088417843388960221 0.067227281558335142 0.46840619453199672 11.500000000000002 0.076029448843743533 0.035196498940604289 5.8833777244597796 11.500000000000002 5.6566207630851091 0.22981490318316075 0.032758122151732467 0.03538293780495428
decision_type=2 8 10 2 8 10 2 2 2 8 10 10
left_child=1 -1 3 5 -5 -2 8 -8 -3 11 -11 -4
right_child=2 6 9 4 -6 -7 7 -9 -10 10 -12 -13
leaf_value=-0.00023777647847397882 -0.00013194421472830967 -3.9204878316498307e-05 -0.00018324029790490692 0.00014100115524010552 -6.0220736482076784e-05 1.1416176278408499e-06 -4.1041424721341439e-05 0.00017924995001191094 -0.00012942187909833217 0.00018554319506316284 -2.3137446223224351e-05 8.3645916173234232e-05
leaf_weight=30.011896879877895 421.85532241174951 1978.775920095155 125.32840543752536 354.52902886271477 179.09015607833862 789.12700127251446 128.55229123216122 90.60213577747345 131.48810366634279 1386.4977381441277 290.81550562009215 8.826176278293131
leaf_count=204 3262 11967 992 509 254 3996 1083 134 600 6831 962 34
internal_value=-2.13259e-05 -0.000633687 0.000381327 -0.000111522 0.000960137 -0.000594778 -0.000553072 0.00116069 -0.00073751 0.000863097 0.00102829 -0.0011008
internal_weight=5915.5 2359.43 3556.07 1744.6 533.619 1210.98 2329.42 219.154 2110.26 1811.47 1677.31 134.155
internal_count=30828 13988 16840 8021 763 7258 13784 1217 12567 8819 7793 1026
is_linear=0
shrinkage=0.01444


Tree=134
num_leaves=9
num_cat=0
split_feature=7 22 17 28 24 27 26 34
split_gain=6.85453 6.46066 3.57215 4.30654 3.12732 8.75712 3.59695 3.09921
threshold=0.10786325401028914 0.044770211317153509 0.74705430284724772 -0.017400000000000009 9.5000000000000018 0.89266249596955372 0.41820759140558667 0.0060563578888678258
decision_type=8 10 10 8 2 10 10 10
left_child=-1 4 7 -4 6 -6 -2 -3
right_child=1 2 3 -5 5 -7 -8 -9
leaf_value=-0.00023434299025276348 -0.00015705750356567738 3.9347686013314341e-07 -1.6547914299934597e-05 9.1697825097432326e-05 -2.4689713754584187e-05 0.00054891023412271644 -1.3324084385694733e-05 -0.00013402039015051451
leaf_weight=32.950104379560798 304.35762926563621 449.79789719451219 667.68841454666108 2351.0635176468641 1584.1205339729786 43.659881383180618 282.10426985565573 199.75743351131678
leaf_count=230 5000 2464 3415 10971 3402 68 4660 618
internal_value=-2.32109e-05 1.16624e-05 0.000385617 0.000596771 -0.000601894 -0.000266141 -0.00151037 -0.000575236
internal_weight=5915.5 5882.55 3668.31 3018.75 2214.24 1627.78 586.462 649.555
internal_count=30828 30598 17468 14386 13130 3470 9660 3082
is_linear=0
shrinkage=0.01444


Tree=135
num_leaves=9
num_cat=0
split_feature=7 22 14 1 24 27 26 21
split_gain=6.83351 6.12494 3.84418 4.37856 3.11339 8.737 3.57195 2.55268
threshold=0.10786325401028914 0.044770211317153509 1.4500661453601207 0.086120071684587837 9.5000000000000018 0.89266249596955372 0.41820759140558667 0.027675680301326711
decision_type=8 10 10 2 2 10 10 10
left_child=-1 4 7 -4 6 -6 -2 -3
right_child=1 2 3 -5 5 -7 -8 -9
leaf_value=-0.00023095908154185498 -0.00015478959594080586 -0.00014017799660765804 -1.8395850778755093e-05 0.00012556033402760994 -2.4333194716596914e-05 0.00054098397987141055 -1.3131684838479766e-05 1.2642176887370933e-06
leaf_weight=32.950104379560798 304.35762926563621 317.97383548505604 528.02446359675378 1815.7158158458769 1584.1205339729786 43.659881383180618 282.10426985565573 1006.5931479716673
leaf_count=230 5000 1492 3367 7977 3402 68 4660 4632
internal_value=-3.1559e-05 3.25536e-06 0.000367453 0.000720248 -0.000594136 -0.000259154 -0.00150048 -0.000246958
internal_weight=5915.5 5882.55 3668.31 2343.74 2214.24 1627.78 586.462 1324.57
internal_count=30828 30598 17468 11344 13130 3470 9660 6124
is_linear=0
shrinkage=0.01444


Tree=136
num_leaves=9
num_cat=0
split_feature=7 23 35 20 18 4 18 25
split_gain=6.82441 5.93103 5.01265 5.76715 4.61777 5.96093 5.68426 4.16948
threshold=0.10786325401028914 0.080799567082627935 2.7093817598119521 0.075893959213220216 0.047914366268189686 0.033971303618626943 0.030044649568458207 0.60215391861125667
decision_type=8 10 2 10 10 8 10 10
left_child=-1 4 7 -4 6 -6 -2 -3
right_child=1 2 3 -5 5 -7 -8 -9
leaf_value=-0.00022762403641398519 -9.6361232503837646e-06 -0.00022461576653801671 0.00035166992738340898 9.8833985654959527e-05 6.5521307938978162e-05 -0.0002308177359825073 -0.00011912209224303739 0.00010085133356710277
leaf_weight=32.950104379560798 3776.9326501004398 61.550608506426215 148.21620748192072 742.80036104749888 536.47400713572279 73.368537444621325 464.09933080663905 79.107874853536487
leaf_count=230 20418 256 498 3720 2416 394 2344 552
internal_value=-3.15975e-05 3.19216e-06 0.000999298 0.00140684 -0.00020605 0.000962278 -0.000377241 -0.00148496
internal_weight=5915.5 5882.55 1031.68 891.017 4850.87 609.843 4241.03 140.658
internal_count=30828 30598 5026 4218 25572 2810 22762 808
is_linear=0
shrinkage=0.01444


Tree=137
num_leaves=9
num_cat=0
split_feature=10 22 0 27 24 24 27 26
split_gain=6.45752 5.94153 3.91105 3.45084 3.30367 3.12147 8.26454 3.78176
threshold=0.083065637477828927 0.044770211317153509 0.51222500000000015 0.096376811594202916 11.500000000000002 9.5000000000000018 0.89266249596955372 0.41820759140558667
decision_type=8 10 2 8 2 2 10 10
left_child=-1 5 4 -4 -3 7 -7 -2
right_child=1 2 3 -5 -6 6 -8 -9
leaf_value=-0.0002244938872710936 -0.0001536410217219009 -4.4360742869860518e-05 -4.1180168041981096e-05 0.0001168769713905276 3.8758792670357897e-05 -2.3842678354882388e-05 0.00053331132604633529 -1.4030345366713966e-05
leaf_weight=37.505334581714123 303.62835274636745 1116.1922947005369 296.30429042503238 1673.0945980041288 579.60614782571793 1583.9146514832973 43.659881383180618 281.59413060639054
leaf_count=354 4956 8217 1367 6981 825 3404 68 4656
internal_value=-2.50737e-05 1.10922e-05 0.000369972 0.00080854 -0.000131735 -0.000577373 -0.000242306 -0.00148577
internal_weight=5915.5 5877.99 3665.2 1969.4 1695.8 2212.8 1627.57 585.222
internal_count=30828 30474 17390 8348 9042 13084 3472 9612
is_linear=0
shrinkage=0.01444


Tree=138
num_leaves=13
num_cat=0
split_feature=8 7 28 17 26 12 23 22 11 19 17 24
split_gain=7.08973 5.36355 5.0292 5.20694 6.21729 4.35405 3.0619 3.05386 5.28742 3.10582 2.12391 1.05106
threshold=0.22796447995747246 0.10786325401028914 -0.027249999999999993 0.74705430284724772 0.6579948625170905 0.052606563648567618 0.14285714285714288 0.020873659933321419 0.18840867712056317 0.014075984593742959 1.0693245835189527 10.500000000000002
decision_type=10 8 8 10 10 10 8 8 8 8 10 2
left_child=1 -1 6 5 -5 -4 10 8 -3 -9 -2 -8
right_child=2 7 3 4 -6 -7 11 9 -10 -11 -12 -13
leaf_value=-0.00022109546144502359 -1.663518018222205e-05 -5.4402792563097307e-06 -0.00019535279719047689 2.3174687269518824e-05 0.00027187896761874433 7.6222769707699286e-08 0.00030158303529359234 9.2057940887937796e-05 -0.00017162189842549034 -3.2612115738284786e-05 -9.7424210914304611e-05 0.00040124579884197065
leaf_weight=32.950104379560798 479.72251296788454 127.9326152135618 127.17036052886397 2192.7403567130677 628.74159921705723 305.94250124879181 13.317769572138786 47.241283804178238 119.56935637863353 1570.5987356784754 253.63741303607821 15.935073018074036
leaf_count=230 2382 850 512 8231 3354 1484 200 170 770 11463 1158 24
internal_value=-3.07571e-05 -0.000759858 0.000310572 0.000560181 0.000788962 -0.000899113 -0.000737161 -0.000648996 -0.00215365 -0.00041006 -0.000935238 0.00371418
internal_weight=5915.5 1898.29 4017.21 3254.59 2821.48 433.113 762.613 1865.34 247.502 1617.84 733.36 29.2528
internal_count=30828 13483 17345 13581 11585 1996 3764 13253 1620 11633 3540 224
is_linear=0
shrinkage=0.01444


Tree=139
num_leaves=9
num_cat=0
split_feature=7 20 30 22 18 5 28 28
split_gain=6.85855 5.80924 3.97717 6.9824 3.90885 3.69155 5.00607 4.56853
threshold=0.10786325401028914 0.052107749015397505 20.240000000000006 0.062396085103002985 -0.016223781846996351 0.10421719730321187 -0.0033999999999999998 -0.018499999999999985
decision_type=8 10 10 10 10 8 8 8
left_child=-1 2 3 -2 -4 6 -3 -7
right_child=1 5 4 -5 -6 7 -8 -9
leaf_value=-0.00021790284682011342 -1.7900321810749244e-05 0.00011480584801359483 6.6617906012453156e-06 0.00018548855016326982 -0.00011605068844567307 -2.4649414762108482e-05 -0.00020535942529844017 0.00013995569275732913
leaf_weight=32.950104379560798 2322.1154601052403 144.65983995981514 159.7048435183242 324.36025365907699 490.76022283919156 491.53423529677093 223.4625235022977 1725.9521984960884
leaf_count=230 13530 622 914 1268 2288 2605 1060 8311
internal_value=-1.43304e-05 2.05559e-05 -0.000378953 -0.000124752 -0.0013921 0.000535009 -0.000785903 0.000760336
internal_weight=5915.5 5882.55 3296.94 2646.48 650.465 2585.61 368.122 2217.49
internal_count=30828 30598 18000 14798 3202 12598 1682 10916
is_linear=0
shrinkage=0.01444


Tree=140
num_leaves=9
num_cat=0
split_feature=7 19 5 21 4 16 19 16
split_gain=6.78968 5.40367 4.72909 3.59651 3.41229 3.7105 2.36518 2.05805
threshold=0.10786325401028914 0.039567839540781614 0.093692283268287588 0.15281661030690466 0.10976023457865493 1.2027975096742225 0.14285714285714288 1.0824069569023689
decision_type=8 10 8 10 10 10 10 10
left_child=-1 4 6 -4 5 -2 -3 -6
right_child=1 2 3 -5 7 -7 -8 -9
leaf_value=-0.00021475633349496117 -5.9399692614481796e-06 -8.7816077002313448e-05 2.9648403657857683e-05 0.00045736755619963282 -0.00014880691945036605 -0.00011049579046194418 0.00096371109572368193 -5.6874922158333131e-05
leaf_weight=32.950104379560798 1545.3315989575349 477.45638531586155 3248.1671978137456 102.76863790489733 116.8066361322999 292.20182636985555 21.341763344593346 78.475531538017094
leaf_count=230 8850 2146 16200 452 602 1882 160 306
internal_value=-4.78249e-05 -8.6758e-06 0.00030708 0.000504965 -0.000613011 -0.000411167 -0.000995183 -0.00243887
internal_weight=5915.5 5882.55 3849.73 3350.94 2032.82 1837.53 498.798 195.282
internal_count=30828 30598 18958 16652 11640 10732 2306 908
is_linear=0
shrinkage=0.01444


Tree=141
num_leaves=9
num_cat=0
split_feature=7 23 34 28 15 26 27 19
split_gain=6.81956 5.81925 5.88445 5.79331 4.64542 4.44299 4.41465 4.14913
threshold=0.10786325401028914 0.080799567082627935 -0.019551435450780027 0.12475000000000001 1.1817721329147164 0.6579948625170905 0.022980584139356917 0.020259034849739278
decision_type=8 10 8 10 10 10 10 10
left_child=-1 4 5 -4 7 -3 -6 -2
right_child=1 2 3 -5 6 -7 -8 -9
leaf_value=-0.00021165525576759866 -0.00015112158754604479 -0.00010604184679990896 0.00023736155267519321 -0.000244589089161533 -0.00012626103152048703 0.00020121352619989255 7.7726365319849456e-06 -3.7865036549236115e-05
leaf_weight=32.950104379560798 163.08448605472222 251.13493594992906 614.72320240922272 48.699009204283357 228.395370116923 117.11790432594717 3142.923805763945 1316.4708635518327
leaf_count=230 1883 1800 2116 142 1302 968 16381 6006
internal_value=-3.40574e-05 7.18454e-07 0.000987439 0.00180345 -0.000206526 -0.000447643 8.59969e-05 -0.000881697
internal_weight=5915.5 5882.55 1031.68 663.422 4850.87 368.253 3371.32 1479.56
internal_count=30828 30598 5026 2258 25572 2768 17683 7889
is_linear=0
shrinkage=0.01444


Tree=142
num_leaves=9
num_cat=0
split_feature=8 19 5 28 28 27 28 27
split_gain=6.72459 5.81011 3.97723 5.29006 4.65779 2.51501 3.66171 2.35578
threshold=0.099598877822341544 0.039567839540781614 0.093692283268287588 -0.041649999999999958 -0.043000000000000003 0.0047808621517222488 0.0183 0.5000961908426319
decision_type=8 10 8 8 8 8 8 10
left_child=-1 5 4 -4 -3 6 -2 -7
right_child=1 2 3 -5 -6 7 -8 -9
leaf_value=-0.00020859895754878264 -0.00022483111740139597 0.00027130157152480903 -8.1142810383972157e-05 5.9024472898708863e-05 -0.0001314450162954382 -1.0781607550460271e-05 0.00019569491608765363 -7.993002353838404e-05
leaf_weight=32.326838110107929 55.079176691593602 53.591145650018007 377.12912119971588 2971.0975149972364 445.16545163560659 1525.749464321183 11.676662025740368 443.6843071251642
leaf_count=344 316 301 1996 14616 1989 8338 78 2850
internal_value=-3.59628e-05 0 0.000330567 0.000512242 -0.000862042 -0.000623207 -0.00340401 -0.00052137
internal_weight=5915.5 5883.17 3846.98 3348.23 498.757 2036.19 66.7558 1969.43
internal_count=30828 30484 18902 16612 2290 11582 394 11188
is_linear=0
shrinkage=0.01444


Tree=143
num_leaves=9
num_cat=0
split_feature=8 23 34 28 15 26 26 24
split_gain=6.72815 5.41518 6.12669 5.74728 4.62038 4.28519 3.92898 3.89848
threshold=0.099598877822341544 0.080799567082627935 -0.019551435450780027 0.12475000000000001 1.1817721329147164 0.6579948625170905 0.46567929232646349 11.500000000000002
decision_type=8 10 8 10 10 10 8 2
left_child=-1 4 5 -4 6 -3 -2 -6
right_child=1 2 3 -5 7 -7 -8 -9
leaf_value=-0.00020558679222318704 -0.00010231694693929526 -0.00010536291673702677 0.00023308174361135354 -0.00023915916320692239 -1.255525006907246e-05 0.00019745569401080369 -1.1754347994686004e-06 2.138256388002526e-05
leaf_weight=32.326838110107929 816.0182454905007 251.13493594992906 614.72320240922272 48.699009204283357 2310.0940941958688 117.11790432594717 663.4173781957943 1061.968073874712
leaf_count=344 4015 1800 2116 142 16076 968 3872 1495
internal_value=-3.41734e-05 8.35137e-09 0.000951952 0.001785 -0.000199811 -0.000513743 -0.000873276 9.18739e-05
internal_weight=5915.5 5883.17 1031.68 663.422 4851.5 368.253 1479.44 3372.06
internal_count=30828 30484 5026 2258 25458 2768 7887 17571
is_linear=0
shrinkage=0.01444


Tree=144
num_leaves=9
num_cat=0
split_feature=7 23 34 28 24 28 9 19
split_gain=6.81337 5.44431 5.87586 5.70472 3.81388 4.60805 3.75831 2.69616
threshold=0.10786325401028914 0.080799567082627935 -0.019551435450780027 0.12475000000000001 9.5000000000000018 -0.030599999999999985 0.31478761886318779 0.15543271648019122
decision_type=8 10 8 10 2 8 10 10
left_child=-1 4 7 -4 6 -6 -2 -3
right_child=1 2 3 -5 5 -7 -8 -9
leaf_value=-0.00020261812251259998 -0.00010181926928441949 -9.3996774619761929e-05 0.000229716047280051 -0.0002357057090421676 -8.259762770475228e-05 6.2499648336022016e-06 6.9980912489308591e-06 0.00016329030497857261
leaf_weight=32.950104379560798 778.44090221635997 293.42837836127728 614.72320240922272 48.699009204283357 382.44277834892273 3206.8123432695866 483.17850165255368 74.824461914598942
leaf_count=230 13852 2292 2116 142 816 6754 4150 476
internal_value=-3.71136e-05 0 0.000952142 0.00176787 -0.000202743 3.38351e-05 -0.000885887 -0.000482377
internal_weight=5915.5 5882.55 1031.68 663.422 4850.87 3589.26 1261.62 368.253
internal_count=30828 30598 5026 2258 25572 7570 18002 2768
is_linear=0
shrinkage=0.01444


Tree=145
num_leaves=9
num_cat=0
split_feature=8 8 28 21 34 20 27 23
split_gain=6.71308 5.22039 4.49619 4.90005 3.96902 3.33144 2.98752 2.61606
threshold=0.099598877822341544 0.22796447995747246 -0.027249999999999993 0.15281661030690466 0.034512426457265717 0.034712604326312853 0.5000961908426319 0.038279259689676111
decision_type=8 10 8 10 10 8 10 8
left_child=-1 5 4 -4 -3 6 -2 -7
right_child=1 2 3 -5 -6 7 -8 -9
leaf_value=-0.00019969232034109581 -4.7222263528725246e-05 -1.6228920091400508e-05 3.3773686764820214e-05 0.00060361738379501875 -0.00016240462233625035 6.2756439661687679e-05 -0.00017645857680563079 -1.3019788795394323e-05
leaf_weight=32.326838110107929 908.08870130777359 683.91383407264948 3167.8734402093105 86.721377498470247 78.698934521526098 207.37729362538084 127.61175887472928 622.88750353641808
leaf_count=344 4925 3468 13227 354 296 1144 904 6166
internal_value=-3.91418e-05 -5.50345e-07 0.000290373 0.00052652 -0.000699926 -0.000633788 -0.00118026 3.24818e-05
internal_weight=5915.5 5883.17 4017.21 3254.59 762.613 1865.97 1035.7 830.265
internal_count=30828 30484 17345 13581 3764 13139 5829 7310
is_linear=0
shrinkage=0.01444


Tree=146
num_leaves=15
num_cat=0
split_feature=26 23 34 28 27 15 26 11 12 5 27 23 5 26
split_gain=5.99232 4.84941 5.95606 6.11269 4.42731 4.44814 4.20431 3.61456 2.82488 2.40095 1.87095 0.895496 0.712836 0.30468
threshold=0.25212726020637394 0.080799567082627935 -0.019551435450780027 0.12475000000000001 -0.021210117969738446 1.1725550229997859 0.6579948625170905 0.13064590677785523 0.089602025685063535 0.041372705289946216 0.37456353170638895 0.017894682817425348 0.13586008333810282 0.42044830188276222
decision_type=8 10 8 10 10 10 10 8 8 10 10 10 10 8
left_child=7 4 6 -4 13 -6 -3 11 10 -10 -9 12 -1 -2
right_child=1 2 3 -5 5 -7 -8 8 9 -11 -12 -13 -14 -15
leaf_value=6.6358751444349484e-05 -0.00028008466878086749 -0.00012653755259272513 0.00025999976576853876 -0.00023278981414614935 -5.9819238092284913e-05 1.2226935674485875e-05 0.00019547405756035701 -2.9683308763572266e-05 0.0011071820695862879 -0.00017231567357670619 4.6907388271392133e-05 -0.00011091993770410302 -0.00014817157179036636 -0.00012789828342464417
leaf_weight=6.7437397376634207 23.741588976234198 219.80115571711212 570.73026438243687 48.699009204283357 1212.9105756650679 2817.8489378509112 117.11790432594717 608.31498157791793 11.936724300729109 132.72844672366045 73.365414544474334 43.80031266156584 11.314805132802574 16.445820955559611
leaf_count=94 73 1542 1862 142 6360 14687 968 3136 160 806 486 358 92 62
internal_value=-4.53191e-05 0.000145588 0.00107141 0.00191535 -6.88085e-05 -1.76716e-05 -0.000441974 -0.00114001 -0.000866615 -0.00271411 -0.00045346 -0.00454219 -0.00085129 -0.00480622
internal_weight=5915.5 5027.3 956.348 619.429 4070.95 4030.76 336.919 888.204 826.346 144.665 681.68 61.8589 18.0585 40.1874
internal_count=30828 25696 4514 2004 21182 21047 2510 5132 4588 966 3622 544 186 135
is_linear=0
shrinkage=0.01444


Tree=147
num_leaves=9
num_cat=0
split_feature=8 8 18 34 21 20 5 35
split_gain=6.71179 4.72647 3.93043 5.41817 3.74686 3.53057 3.10788 3.02254
threshold=0.099598877822341544 0.22796447995747246 -0.023951880168686931 0.036804184203161124 0.076205400480316612 0.034712604326312853 0.62518245747208956 5.6566207630851091
decision_type=8 10 10 10 8 8 8 2
left_child=-1 5 4 -4 -3 6 -2 -7
right_child=1 2 3 -5 -6 7 -8 -9
leaf_value=-0.00019776698592098124 -5.7634851873782633e-05 3.1908943865233029e-05 8.2654683151795806e-06 -8.858826706712006e-05 0.00036840882245056406 1.4177948709655228e-05 -0.00015123248586163926 -0.00013044663968057283
leaf_weight=32.326838110107929 948.71761649288237 882.36469689290971 2645.2259125527926 229.17848132178187 260.43849553447217 717.14533883426338 86.982843689620495 113.11945832753554
leaf_count=344 5439 3722 11587 816 1220 6447 390 863
internal_value=-3.97284e-05 -1.14015e-06 0.000275568 -4.75587e-06 0.000991753 -0.000603779 -0.00116683 8.31488e-05
internal_weight=5915.5 5883.17 4017.21 2874.4 1142.8 1865.97 1035.7 830.265
internal_count=30828 30484 17345 12403 4942 13139 5829 7310
is_linear=0
shrinkage=0.01444


Tree=148
num_leaves=9
num_cat=0
split_feature=7 19 5 28 28 27 28 24
split_gain=6.82801 4.88749 3.40877 5.3776 4.46565 2.62061 3.65422 3.54995
threshold=0.10786325401028914 0.039567839540781614 0.093692283268287588 -0.041649999999999958 -0.043000000000000003 0.0047808621517222488 0.0183 11.500000000000002
decision_type=8 10 8 8 8 8 8 2
left_child=-1 5 4 -4 -3 6 -2 -7
right_child=1 2 3 -5 -6 7 -8 -9
leaf_value=-0.00019491123407764128 -0.0002185462001190148 0.0002695724439751155 -8.23602644292431e-05 5.129954016371764e-05 -0.00012856299246822092 -5.4315704259862759e-05 0.00019718260378998297 5.6014015147397745e-06
leaf_weight=32.950104379560798 55.12061391514726 53.591145650018007 377.36812288220972 2973.5677128364332 445.20700301043689 1282.9872330855578 11.676662025740368 683.03108397126198
leaf_count=230 332 301 2006 14646 2005 10246 78 984
internal_value=-2.97735e-05 5.02634e-06 0.000309673 0.000477914 -0.000793632 -0.0005654 -0.00339747 -0.000461587
internal_weight=5915.5 5882.55 3849.73 3350.94 498.798 2032.82 66.7973 1966.02
internal_count=30828 30598 18958 16652 2306 11640 410 11230
is_linear=0
shrinkage=0.01444


Tree=149
num_leaves=9
num_cat=0
split_feature=7 26 11 34 15 24 28 21
split_gain=6.7909 5.04007 4.81214 6.31856 4.11276 5.01017 4.29215 3.54061
threshold=0.10786325401028914 0.42317325232094211 0.24311651169830603 0.033707515087590852 1.1923549225215346 11.500000000000002 0.012050000000000007 0.021712674435399055
decision_type=8 10 8 10 10 2 10 8
left_child=-1 4 7 -4 6 -6 -2 -3
right_child=1 2 3 -5 5 -7 -8 -9
leaf_value=-0.0001920967192413415 -2.9671314210967647e-05 -0.00011953475710693492 0.00012433405229383499 -5.7339009582782533e-05 -3.2326173665654105e-05 2.6298963026779911e-05 -0.00020280743988808152 8.7205253154809443e-07
leaf_weight=32.950104379560798 643.37415252905339 184.12893125694245 2020.7979054870084 268.50036853179336 1476.2550802025944 641.20766380429268 219.46877746190876 428.81669810321182
leaf_count=230 3417 1605 10005 1066 9100 922 932 3551
internal_value=-4.72734e-05 -8.12119e-06 0.000417881 0.000724944 -0.000427358 -7.8229e-05 -0.00126837 -0.000707251
internal_weight=5915.5 5882.55 2902.24 2289.3 2980.31 2117.46 862.843 612.946
internal_count=30828 30598 16227 11071 14371 10022 4349 5156
is_linear=0
shrinkage=0.01444


Tree=150
num_leaves=9
num_cat=0
split_feature=7 19 17 26 5 28 28 18
split_gain=6.81002 4.94336 4.93023 4.88476 3.56036 5.35405 3.35705 2.97041
threshold=0.10786325401028914 0.039567839540781614 1.0034275978103364 0.3123862373399488 0.093692283268287588 -0.041649999999999958 -0.043000000000000003 0.049344390472480078
decision_type=8 10 8 8 8 8 8 10
left_child=-1 2 7 -4 6 -6 -3 -2
right_child=1 4 3 -5 5 -7 -8 -9
leaf_value=-0.00018932284595041615 -8.9922376736244913e-05 0.00026388444100745591 -0.00010049226499787237 2.5997870258247008e-05 -8.2966365197316538e-05 5.0546183270929513e-05 -0.00012627809182682041 2.0992296364953674e-05
leaf_weight=32.950104379560798 873.25071376143023 53.591145650018007 376.0577708594501 695.97850120952353 377.36812288220972 2973.5677128364332 445.20700301043689 87.528607167303562
leaf_count=230 4548 301 2320 4326 2006 14646 2005 446
internal_value=-3.8672e-05 0 -0.000577652 8.4193e-05 0.00030247 0.000474402 -0.000825594 -0.00132938
internal_weight=5915.5 5882.55 2032.82 1072.04 3849.73 3350.94 498.798 960.779
internal_count=30828 30598 11640 6646 18958 16652 2306 4994
is_linear=0
shrinkage=0.01444


Tree=151
num_leaves=9
num_cat=0
split_feature=10 19 21 34 16 16 22 23
split_gain=6.41026 4.95225 2.96611 3.43061 2.78618 6.29891 3.24256 2.20702
threshold=0.083065637477828927 0.039567839540781614 0.15281661030690466 0.031791022825298672 1.2027975096742225 1.1754050053023362 0.063617175433456005 0.080799567082627935
decision_type=8 10 10 10 10 10 10 10
left_child=-1 4 7 -4 5 -2 -6 -3
right_child=1 2 3 -5 6 -7 -8 -9
leaf_value=-0.00018658902734165558 -2.6936723049072697e-05 7.5077168874171454e-07 0.00058613875347804866 -0.00054720753681625678 -0.0001327957076802659 0.0001119376877771787 0.00069715142135765625 7.6875691831292421e-05
leaf_weight=37.505334581714123 1634.7671463736333 2765.6812487202697 96.079321952536702 16.577616751194 326.67387175606564 62.130237961187959 10.692827969789503 965.39207568997517
leaf_count=354 9342 13666 466 32 1986 238 42 4702
internal_value=-4.52093e-05 -4.7308e-06 0.000297928 0.00261158 -0.00058296 -0.000334864 -0.0017895 0.000224181
internal_weight=5915.5 5877.99 3843.73 112.657 2034.26 1696.9 337.367 3731.07
internal_count=30828 30474 18866 498 11608 9580 2028 18368
is_linear=0
shrinkage=0.01444


Tree=152
num_leaves=9
num_cat=0
split_feature=8 22 15 28 9 24 34 9
split_gain=6.68721 4.46381 3.23932 4.02518 3.63887 3.08331 4.23535 1.86288
threshold=0.099598877822341544 0.044770211317153509 1.4096841895167156 0.056350000000000018 0.27312529585158957 9.5000000000000018 -0.00088008155206426009 0.36788525899865465
decision_type=8 10 10 8 10 2 8 10
left_child=-1 5 3 -3 -4 7 -7 -2
right_child=1 2 4 -5 -6 6 -8 -9
leaf_value=-0.00018389468502614468 -0.00010143561904076135 -2.6530490815756014e-05 -2.0083952696872692e-06 0.00023769450418365559 0.00015159937933260109 -3.4300932634688709e-05 3.1606739088256859e-05 3.5078542858204527e-05
leaf_weight=32.326838110107929 511.56591860530898 1416.7736666211858 803.04008170496672 208.09540862264112 1240.4951743138954 1209.7198210656643 417.85471180081367 75.628060911782086
leaf_count=344 8934 6121 5109 956 5240 2810 662 652
internal_value=-5.09612e-05 -1.24346e-05 0.000294327 -0.000180522 0.000678242 -0.00052639 -0.000193248 -0.00142646
internal_weight=5915.5 5883.17 3668.4 1624.87 2043.54 2214.77 1627.57 587.194
internal_count=30828 30484 17426 7077 10349 13058 3472 9586
is_linear=0
shrinkage=0.01444


Tree=153
num_leaves=9
num_cat=0
split_feature=7 26 7 34 15 24 10 17
split_gain=6.82036 4.39438 4.6001 6.43633 4.0343 4.97185 2.64605 2.08216
threshold=0.10786325401028914 0.42317325232094211 0.23388681847245382 0.033707515087590852 1.1923549225215346 11.500000000000002 0.21465917071467913 1.379297909658362
decision_type=8 10 8 10 10 2 8 10
left_child=-1 4 7 -4 6 -6 -2 -3
right_child=1 2 3 -5 5 -7 -8 -9
leaf_value=-0.00018123924896689433 1.8056209735188995e-05 -7.4830857826456151e-06 0.00012749387740755122 -6.0540097349902912e-05 -2.9790890336184492e-05 2.5562582940413484e-05 -9.3815956725201946e-05 -0.00017511172651078142
leaf_weight=32.950104379560798 125.63659681845456 514.22663923446089 1987.6137541495264 275.35002265498042 1476.2550802025944 641.20766380429268 737.20633317250758 125.05348733998835
leaf_count=230 608 4890 9295 1042 9100 922 3741 1000
internal_value=-3.36486e-05 1.12956e-06 0.000403244 0.000711587 -0.000386063 -4.04228e-05 -0.00121855 -0.000667458
internal_weight=5915.5 5882.55 2902.24 2262.96 2980.31 2117.46 862.843 639.28
internal_count=30828 30598 16227 10337 14371 10022 4349 5890
is_linear=0
shrinkage=0.01444


Tree=154
num_leaves=9
num_cat=0
split_feature=8 23 35 20 15 27 25 23
split_gain=6.70969 4.49451 4.7089 5.98417 4.11114 4.16417 4.0069 3.07413
threshold=0.099598877822341544 0.080799567082627935 2.7093817598119521 0.075893959213220216 1.1817721329147164 1.0000000180025095e-35 0.58878467531998901 0.023703983120146325
decision_type=8 10 2 10 10 10 10 10
left_child=-1 4 6 -4 7 -6 -3 -2
right_child=1 2 3 -5 5 -7 -8 -9
leaf_value=-0.0001786221573582395 -0.00012360852470155153 -0.00021613187933863356 0.00031886067210806784 7.152172357877022e-05 -0.0001597194851974199 7.1171598406637107e-06 7.5385311840340372e-05 -3.0341203017228865e-05
leaf_weight=32.326838110107929 273.83219978725538 60.816187551245093 148.21620748192072 742.80036104749888 92.746796040795743 3279.3153720297851 79.842295808717608 1205.6034238990396
leaf_count=344 2511 248 498 3720 542 17029 560 5376
internal_value=-3.65048e-05 0 0.00086509 0.00126089 -0.00018422 9.07402e-05 -0.00154457 -0.000819577
internal_weight=5915.5 5883.17 1031.68 891.017 4851.5 3372.06 140.658 1479.44
internal_count=30828 30484 5026 4218 25458 17571 808 7887
is_linear=0
shrinkage=0.01444


Tree=155
num_leaves=9
num_cat=0
split_feature=10 22 17 24 24 17 17 28
split_gain=6.40687 4.58902 3.77749 4.43293 4.37636 3.27298 3.09732 2.74337
threshold=0.083065637477828927 0.044770211317153509 0.74705430284724772 11.500000000000002 11.500000000000002 1.2099862915274733 1.2408606127627293 0.039250000000000014
decision_type=8 10 8 2 2 10 10 10
left_child=-1 5 4 -4 -3 7 -7 -2
right_child=1 2 3 -5 -6 6 -8 -9
leaf_value=-0.00017604285650697928 -3.4776807504949226e-05 -8.61613766535798e-07 6.776377614987994e-06 8.0905062273500577e-05 -0.00017584324198033436 0.00026481132313871646 6.6954296138941687e-06 -0.00013183711647917471
leaf_weight=37.505334581714123 1527.4921201490797 359.13845872227103 2091.3243682486936 1078.2940273284912 136.44047665596008 48.834503855090588 463.16500605177134 173.30538616329432
leaf_count=354 9196 2156 13538 1512 184 274 2600 1014
internal_value=-3.94492e-05 0 0.000312272 0.000498205 -0.000849758 -0.000520399 0.000475272 -0.000827883
internal_weight=5915.5 5877.99 3665.2 3169.62 495.579 2212.8 512 1700.8
internal_count=30828 30474 17390 15050 2340 13084 2874 10210
is_linear=0
shrinkage=0.01444


Tree=156
num_leaves=9
num_cat=0
split_feature=7 1 24 28 9 5 10 0
split_gain=6.80929 4.32037 3.85244 7.01104 3.65582 3.73095 2.9008 2.06952
threshold=0.10786325401028914 0.12312966417910449 11.500000000000002 -0.029800000000000017 0.27892769107593079 0.18994837096704423 0.5376810714710818 0.78752500000000014
decision_type=8 2 2 8 8 8 8 2
left_child=-1 2 6 -4 7 -6 -2 -3
right_child=1 4 3 -5 5 -7 -8 -9
leaf_value=-0.00017350080071523298 -2.8235561666512755e-05 7.9228996423455879e-06 -0.00012557400932474043 1.9298541062029514e-05 3.7809229678421999e-06 0.00018020667759045358 -0.00013520107959677402 -0.00013091126586898584
leaf_weight=32.950104379560798 2428.4585811411962 163.42427402921021 127.290846824646 1260.706403568387 784.50067089847289 823.19438990997151 184.71160882362165 110.26280218129978
leaf_count=230 18300 1085 168 1808 2896 3726 2121 494
internal_value=-3.46917e-05 5.60993e-08 -0.000266053 0.000342694 0.000572861 0.000839839 -0.000594404 -0.000946211
internal_weight=5915.5 5882.55 4001.17 1388 1881.38 1607.7 2613.17 273.687
internal_count=30828 30598 22397 1976 8201 6622 20421 1579
is_linear=0
shrinkage=0.01444


Tree=157
num_leaves=9
num_cat=0
split_feature=7 22 17 17 18 18 12 34
split_gain=6.80798 4.16005 3.54818 3.8508 3.44543 5.1883 3.56833 2.75468
threshold=0.10786325401028914 0.044770211317153509 0.74705430284724772 0.77141331328542473 0.01903509711466023 0.047914366268189686 0.092226761228453843 0.0060563578888678258
decision_type=8 10 8 8 10 10 10 10
left_child=-1 4 7 -4 6 -6 -2 -3
right_child=1 2 3 -5 5 -7 -8 -9
leaf_value=-0.00017099545216498781 3.2618241025219555e-06 5.4154157201469089e-07 0.00019387477894760409 1.9026593656155735e-05 -0.00011347641120450745 9.7018226290600951e-06 -0.00010670607437630713 -0.00012376072281013482
leaf_weight=32.950104379560798 1401.4888061038218 295.87548258434981 96.504625277593732 3076.1697215260938 427.79427901376039 219.2804137035273 165.67881565634161 199.75743351131678
leaf_count=230 8802 1740 416 14694 2200 1154 974 618
internal_value=-3.53487e-05 0 0.000299945 0.000480083 -0.000492562 -0.00138049 -0.000117232 -0.000826021
internal_weight=5915.5 5882.55 3668.31 3172.67 2214.24 647.075 1567.17 495.633
internal_count=30828 30598 17468 15110 13130 3354 9776 2358
is_linear=0
shrinkage=0.01444


Tree=158
num_leaves=9
num_cat=0
split_feature=7 1 18 30 16 24 21 5
split_gain=6.80552 4.3322 4.87185 3.95157 3.71475 3.43307 2.48753 2.37999
threshold=0.10786325401028914 0.12312966417910449 -0.023083266376284547 20.760000000000002 1.2794294143481184 11.500000000000002 0.055970157557468626 0.10812402160785614
decision_type=8 2 10 10 8 2 10 8
left_child=-1 4 6 -4 5 -2 -3 -6
right_child=1 2 3 -5 7 -7 -8 -9
leaf_value=-0.00016852628080431375 -2.9021466326038743e-05 4.0155926465590752e-05 6.0594554939286956e-05 -5.9519734562824383e-05 8.6083532437060565e-06 1.4369759241708595e-05 0.00037247822994166221 -0.00010509411836706305
leaf_weight=32.950104379560798 2326.8546413714066 344.69315340719186 875.52092699240893 293.74423490464687 119.41325216041878 1184.3849786072969 367.42382171470672 370.51456821872853
leaf_count=230 16607 1827 3896 1120 1152 1690 1358 2948
internal_value=-3.65579e-05 0 0.000571775 0 -0.000268301 -9.984e-05 0.00151285 -0.00144746
internal_weight=5915.5 5882.55 1881.38 1169.27 4001.17 3511.24 712.117 489.928
internal_count=30828 30598 8201 5016 22397 18297 3185 4100
is_linear=0
shrinkage=0.01444


Tree=159
num_leaves=9
num_cat=0
split_feature=7 26 23 34 27 5 18 26
split_gain=6.48304 4.4509 4.2258 5.07506 4.48574 2.81662 3.73961 2.02854
threshold=0.10786325401028914 0.25212726020637394 0.080799567082627935 -0.019551435450780027 -0.021210117969738446 0.036492951683647558 0.058698350508818893 0.22313856663567641
decision_type=8 8 10 8 10 10 10 10
left_child=-1 5 4 -4 -3 7 -7 -2
right_child=1 2 3 -5 -6 6 -8 -9
leaf_value=-0.00016609276423522147 2.1920354868694007e-06 -0.00026718712548097322 -5.1004001852062403e-05 0.00019248453738358274 3.348148853580007e-07 -6.5485500864468146e-05 3.1744490273842743e-05 0.00061096619111342967
leaf_weight=32.950104379560798 70.814546957844868 40.187409931793809 333.82474961038679 619.40285164583474 4021.5642720540054 719.62190980440937 58.868321195244789 18.265516177285463
leaf_count=230 648 135 2502 1994 20963 3976 274 106
internal_value=-3.97647e-05 -1.46207e-06 0.000161541 0.00102701 -3.84613e-05 -0.00095828 -0.0012457 0.00139966
internal_weight=5915.5 5882.55 5014.98 953.228 4061.75 867.57 778.49 89.0801
internal_count=30828 30598 25594 4496 21098 5004 4250 754
is_linear=0
shrinkage=0.01444


Tree=160
num_leaves=9
num_cat=0
split_feature=8 28 24 18 9 27 34 24
split_gain=6.68778 4.1437 6.1593 7.24727 5.96076 4.53041 4.35532 1.55513
threshold=0.099598877822341544 -0.029800000000000017 11.500000000000002 0.046956008034970138 0.29487422631058152 0.021102822194187968 0.034512426457265717 10.500000000000002
decision_type=8 8 2 10 10 10 10 2
left_child=-1 5 4 -4 -3 7 -7 -2
right_child=1 2 3 -5 -6 6 -8 -9
leaf_value=-0.00016369438760313951 -5.3419810344886216e-05 -4.8917076731942875e-05 1.4169804675867889e-05 0.00013120313959814328 6.8762203483151515e-05 -1.478464614596416e-05 -0.00015442952147641956 -0.00025265216091483779
leaf_weight=32.326838110107929 13.220245592063291 2022.7259911112487 1494.1981483399868 267.98383837938309 1244.182604319416 731.07283290219493 73.801387887448072 35.987795114517212
leaf_count=344 190 16381 2127 377 6811 4266 280 52
internal_value=-3.23575e-05 1.7153e-06 0.000161889 0.000851273 -0.000206042 -0.00092561 -0.00064509 -0.00519239
internal_weight=5915.5 5883.17 5029.09 1762.18 3266.91 854.082 804.874 49.208
internal_count=30828 30484 25696 2504 23192 4788 4546 242
is_linear=0
shrinkage=0.01444


Tree=161
num_leaves=9
num_cat=0
split_feature=10 28 24 17 9 18 24 34
split_gain=6.38706 3.99425 5.82856 7.57434 5.70367 3.89009 4.9458 3.66013
threshold=0.083065637477828927 -0.029800000000000017 11.500000000000002 0.64512326028598355 0.30816959834411223 0.025867042570492885 11.500000000000002 0.034512426457265717
decision_type=8 8 2 8 10 10 2 10
left_child=-1 5 4 -4 -3 7 -7 -2
right_child=1 2 3 -5 -6 6 -8 -9
leaf_value=-0.00016133064348798748 2.1587271840673369e-05 -4.5779709861975939e-05 -0.00018952464100915856 4.6110630262436869e-05 7.1850281425724343e-05 -5.9115296874483546e-05 -0.00018426489798029327 -0.00016902605104111452
leaf_weight=37.505334581714123 464.46724285138771 2143.8591134184971 58.085836291313171 1704.0961504280567 1119.8268154887483 234.92074554925784 104.32057082653046 48.417872320860624
leaf_count=354 2628 17119 78 2426 6067 1860 132 164
internal_value=-3.59984e-05 0 0.0001572 0.000827747 -0.000200921 -0.000911631 -0.0021119 -9.0803e-05
internal_weight=5915.5 5877.99 5025.87 1762.18 3263.69 852.126 339.241 512.885
internal_count=30828 30474 25690 2504 23186 4784 1992 2792
is_linear=0
shrinkage=0.01444


Tree=162
num_leaves=9
num_cat=0
split_feature=8 19 17 26 17 17 24 10
split_gain=6.65142 4.33419 4.33412 5.09682 3.39057 4.1495 3.01667 2.40055
threshold=0.099598877822341544 0.039567839540781614 1.0034275978103364 0.3123862373399488 0.74705430284724772 0.77141331328542473 11.500000000000002 0.11457404315171665
decision_type=8 10 8 8 8 8 2 10
left_child=-1 2 7 -4 6 -6 -3 -2
right_child=1 4 3 -5 5 -7 -8 -9
leaf_value=-0.00015900103179682215 0.00014864593421904561 -5.1511778193773142e-06 -0.00010532918647215019 3.1653538802995388e-05 0.0002593738643377577 1.8256695955639326e-05 -0.00014469903740352069 -8.4420957566438192e-05
leaf_weight=32.326838110107929 33.750448911916465 384.93738968949765 378.34236082993448 696.55981691833586 97.549101838842034 3230.0693934001029 134.42734855413437 927.53698350349441
leaf_count=344 188 2392 2280 4332 446 15885 179 4782
internal_value=-4.73983e-05 -8.97051e-06 -0.000549754 6.88269e-05 0.000273899 0.000445812 -0.000801685 -0.00125469
internal_weight=5915.5 5883.17 2036.19 1074.9 3846.98 3327.62 519.365 961.287
internal_count=30828 30484 11582 6612 18902 16331 2571 4970
is_linear=0
shrinkage=0.01444


Tree=163
num_leaves=9
num_cat=0
split_feature=10 19 17 5 5 28 28 18
split_gain=6.39719 4.07736 4.43586 4.34865 3.59658 5.13018 3.41402 2.73628
threshold=0.083065637477828927 0.039567839540781614 1.0034275978103364 0.63334396915895674 0.093692283268287588 -0.034249999999999996 -0.043000000000000003 0.049344390472480078
decision_type=8 10 8 10 8 8 8 10
left_child=-1 2 7 -4 6 -6 -3 -2
right_child=1 4 3 -5 5 -7 -8 -9
leaf_value=-0.00015670505965803373 -8.4735041190402022e-05 0.00025847999751421472 8.9762158050803201e-06 -0.00013882597486416739 -7.2212324760439196e-05 5.206839995223375e-05 -0.00012908985275973957 2.5765804135661811e-05
leaf_weight=37.505334581714123 872.1412497269921 53.591145650018007 1012.825863212347 61.768363954033703 452.15102939354256 2894.377642118372 443.61044595204294 87.528607167303562
leaf_count=354 4530 301 6308 324 2371 14201 1993 446
internal_value=-3.10349e-05 4.94955e-06 -0.000515467 0.000110669 0.000283816 0.000456647 -0.000852373 -0.00122988
internal_weight=5915.5 5877.99 2034.26 1074.59 3843.73 3346.53 497.202 959.67
internal_count=30828 30474 11608 6632 18866 16572 2294 4976
is_linear=0
shrinkage=0.01444


Tree=164
num_leaves=8
num_cat=0
split_feature=10 15 22 18 18 20 34
split_gain=6.34237 3.90622 3.84474 3.44631 2.76493 2.04404 1.30765
threshold=0.083065637477828927 0.89035182791977296 0.042789335009487235 0.01903509711466023 0.11796264546761627 0.12680262795191438 -0.010953178603129885
decision_type=8 8 10 8 10 10 8
left_child=-1 5 3 -3 -4 6 -2
right_child=1 2 4 -5 -6 -7 -8
leaf_value=-0.00015444224131706992 -5.2285294567114568e-05 1.8738883936932366e-06 2.4470958310132073e-05 -7.5865210513868185e-05 -7.3748823816635487e-05 0.00094858080818184033 -0.00012507705583281702
leaf_weight=37.505334581714123 123.29011957906187 1254.017348531168 3494.6319064050913 657.10449519520625 77.388198303058743 17.768039893358946 253.79423926770687
leaf_count=354 689 7219 16636 4190 270 86 1384
internal_value=-2.81101e-05 7.71111e-06 0.000109871 -0.000409473 0.000391418 -0.00137599 -0.00162597
internal_weight=5915.5 5877.99 5483.14 1911.12 3572.02 394.852 377.084
internal_count=30828 30474 28315 11409 16906 2159 2073
is_linear=0
shrinkage=0.01444


Tree=165
num_leaves=9
num_cat=0
split_feature=8 15 27 35 18 9 35 25
split_gain=6.71745 3.90389 8.04339 4.57772 4.29257 1.99833 2.00985 1.11915
threshold=0.099598877822341544 0.89035182791977296 0.97291879549105864 3.1018915595878069 0.051398069569419953 0.43482598157835772 3.3626297735102848 0.39851804350377112
decision_type=8 8 10 2 10 10 2 10
left_child=-1 5 4 -4 -3 7 -7 -2
right_child=1 2 3 -5 -6 6 -8 -9
leaf_value=-0.00015221209803366567 -0.00018891756683015918 -6.1474276935654447e-06 -1.0840743380223568e-05 0.00020337003563549537 5.4213693600689027e-05 -7.3152540558892495e-05 0.00014344891663626777 -9.3304344775917248e-05
leaf_weight=32.326838110107929 100.77673566155136 4768.5220096604899 44.73290772549808 116.35299807740375 558.81453221617267 45.839083944447339 64.758636727929115 183.37593963276595
leaf_count=344 580 25279 122 454 2468 246 350 985
internal_value=-1.46989e-05 1.94587e-05 0.000121462 0.00329541 2.26986e-05 -0.00136381 0.000176421 -0.00200845
internal_weight=5915.5 5883.17 5488.42 161.086 5327.34 394.75 110.598 284.153
internal_count=30828 30484 28323 576 27747 2161 596 1565
is_linear=0
shrinkage=0.01444


Tree=166
num_leaves=9
num_cat=0
split_feature=8 26 5 21 8 10 27 5
split_gain=6.7067 3.5727 5.4374 6.27139 5.50022 4.01863 3.30462 2.4155
threshold=0.099598877822341544 0.42317325232094211 0.19086636346211991 0.11670409315974008 0.23322582083745583 0.47639951449212786 0.17853969716388651 0.18724585506461647
decision_type=8 10 10 10 10 8 10 10
left_child=-1 5 4 -4 -3 7 -7 -2
right_child=1 2 3 -5 -6 6 -8 -9
leaf_value=-0.00015001415798055712 7.4049325915162337e-06 -0.00013733799502766355 6.9992157492253075e-05 0.00056150967067659983 6.3888202324418702e-06 0.00014209145498275178 -0.00015486584653596978 -2.9044754209366938e-05
leaf_weight=32.326838110107929 1274.6821373561397 297.50243773125112 1365.8746593683027 118.77089729066938 1121.1018099901266 81.556005757534876 324.13440564158373 1299.55049051065
leaf_count=344 5655 2760 8450 520 4523 891 1586 6099
internal_value=-2.02461e-05 1.3881e-05 0.000376486 0.000989012 -0.000255466 -0.000335007 -0.00167227 -0.000118859
internal_weight=5915.5 5883.17 2903.25 1484.65 1418.6 2979.92 405.69 2574.23
internal_count=30828 30484 16253 8970 7283 14231 2477 11754
is_linear=0
shrinkage=0.01444


Tree=167
num_leaves=9
num_cat=0
split_feature=8 22 17 24 24 17 18 21
split_gain=6.71124 3.59428 3.59618 4.19421 3.85408 3.5524 3.40652 2.99022
threshold=0.099598877822341544 0.044770211317153509 0.74705430284724772 11.500000000000002 11.500000000000002 1.2099862915274733 0.0088441306837798734 0.036017323185698107
decision_type=8 10 8 2 2 10 10 10
left_child=-1 5 4 -4 -3 6 -2 -7
right_child=1 2 3 -5 -6 7 -8 -9
leaf_value=-0.00014784795614365779 -1.0148496364263399e-05 -2.7923887431207086e-06 4.3804434192229565e-06 7.7239919188265321e-05 -0.00017135389888769988 4.8987323546847439e-05 -9.3408812080217034e-05 -9.4142287138992129e-05
leaf_weight=32.326838110107929 984.98139923159033 359.38554354477674 2094.2842837334611 1078.2940273284912 136.44047665596008 448.11434031510726 717.76547253970057 63.907300297170877
leaf_count=344 6567 2172 13558 1512 184 2460 3629 402
internal_value=-1.54531e-05 1.86875e-05 0.000298129 0.00047951 -0.000835316 -0.000438212 -0.000758718 0.00060177
internal_weight=5915.5 5883.17 3668.4 3172.58 495.826 2214.77 1702.75 512.022
internal_count=30828 30484 17426 15070 2356 13058 10196 2862
is_linear=0
shrinkage=0.01444


Tree=168
num_leaves=8
num_cat=0
split_feature=8 24 34 27 22 31 35
split_gain=6.74416 3.52186 6.51661 6.26297 3.25603 2.45212 2.21094
threshold=0.099598877822341544 10.500000000000002 0.041643349120165547 0.072296540131671166 0.040248883446059223 1.8000000000000009 4.0256194761561721
decision_type=8 2 10 10 8 8 2
left_child=-1 4 3 -3 6 -6 -2
right_child=1 2 -4 -5 5 -7 -8
leaf_value=-0.00014571303422367669 -0.0001160696773505773 -7.2627600175881156e-05 -0.00018300949544309766 2.3686318522805916e-05 3.3002454091225993e-05 -5.0664906564535309e-05 -3.2423674000439239e-05
leaf_weight=32.326838110107929 336.00744493352249 414.70798596739769 38.810032606124878 2998.9744157791138 1066.0757630160078 607.09797746641561 421.49922387767583
leaf_count=344 3624 704 44 5192 8740 7640 4540
internal_value=0 3.5716e-05 0.00033417 0.000405043 -0.000382797 -1.91129e-05 -0.00116823
internal_weight=5915.5 5883.17 3452.49 3413.68 2430.68 1673.17 757.507
internal_count=30828 30484 5940 5896 24544 16380 8164
is_linear=0
shrinkage=0.01444


Tree=169
num_leaves=9
num_cat=0
split_feature=8 1 18 34 24 17 10 26
split_gain=6.73264 3.82262 4.55883 4.63737 3.74483 7.0164 3.07901 2.76244
threshold=0.099598877822341544 0.12312966417910449 -0.023083266376284547 0.033707515087590852 11.500000000000002 0.62876077885582515 0.5376810714710818 0.68191737127427066
decision_type=8 2 10 10 2 8 8 8
left_child=-1 4 7 -4 6 -6 -2 -3
right_child=1 2 3 -5 5 -7 -8 -9
leaf_value=-0.00014360894053915652 -2.6415668682830966e-05 8.1474538298547961e-05 1.3737366948697628e-05 -7.2490181579725572e-05 -0.00013980604236478575 1.1902385280918008e-05 -0.00013028454846447933 0.00028955696082990631
leaf_weight=32.326838110107929 2431.6956497314386 444.45163804525509 1032.3758562556468 136.88432089798152 49.83004903793335 1335.5583837777376 184.71160882362165 267.66533707664348
leaf_count=344 18192 1970 4588 426 68 1904 2121 1215
internal_value=-2.08746e-06 3.21143e-05 0.000570773 4.64024e-06 -0.0002179 0.000383537 -0.000541378 0.00148124
internal_weight=5915.5 5883.17 1881.38 1169.26 4001.8 1385.39 2616.41 712.117
internal_count=30828 30484 8199 5014 22285 1972 20313 3185
is_linear=0
shrinkage=0.01444


Tree=170
num_leaves=9
num_cat=0
split_feature=7 21 5 31 23 34 34 31
split_gain=6.4622 3.43258 4.17707 3.26591 3.10332 5.78511 4.20943 2.01612
threshold=0.10786325401028914 0.15281661030690466 0.19776182824684022 1.3350000000000011 0.080799567082627935 -0.019551435450780027 0.032758122151732467 2.5250000000000017
decision_type=8 10 10 10 8 8 10 10
left_child=-1 4 7 -4 6 -6 -2 -3
right_child=1 2 3 -5 5 -7 -8 -9
leaf_value=-0.00014153522993091242 -1.0691741108903167e-06 0.00014197360679621504 0.000173931919521102 0.00062082365603718795 -6.206563244359944e-05 0.00016598502728693292 -9.5090561214390524e-05 -0.00054952147162773207
leaf_weight=32.950104379560798 4303.9749216521159 13.422669748775659 28.32664333563298 51.290991887450218 348.43467187974602 635.68918075691909 481.79386438429356 19.616633731871843
leaf_count=230 22818 110 194 156 2618 3266 1398 38
internal_value=-1.4806e-05 1.8992e-05 0.00251036 0.00433778 -2.76205e-05 0.000707942 -0.000181678 -0.00150259
internal_weight=5915.5 5882.55 112.657 79.6176 5769.89 984.124 4785.77 33.0393
internal_count=30828 30598 498 350 30100 5884 24216 148
is_linear=0
shrinkage=0.01444


Tree=171
num_leaves=9
num_cat=0
split_feature=8 28 17 27 8 28 2 33
split_gain=6.713 3.68892 4.78875 4.69964 4.53317 3.75376 3.30052 0.0748391
threshold=0.099598877822341544 -0.029800000000000017 0.65872844524136154 0.021102822194187968 0.22796447995747246 0.036599999999999987 0.266783302982536 0.072213213775693466
decision_type=8 8 8 10 10 8 2 8
left_child=-1 3 5 7 -4 -3 -5 -2
right_child=1 2 4 6 -6 -7 -8 -9
leaf_value=-0.00013949146366785048 -0.00022745657452156936 -4.3760297820650094e-05 -1.9531361179489477e-05 -4.1307134072902333e-05 4.4600770319447403e-05 -0.00018259349045672731 0.00013992351037882863 -0.00027235379355483401
leaf_weight=32.326838110107929 36.785715624690056 159.70089112315327 1656.7668721391819 729.08055104943924 3107.5458717667498 105.07694712094963 75.793669740203768 12.422325081890447
leaf_count=344 88 966 11553 4174 12787 390 372 154
internal_value=-1.22134e-05 2.19328e-05 0.000173133 -0.000852597 0.000280614 -0.00170803 -0.000567616 -0.00519239
internal_weight=5915.5 5883.17 5029.09 854.082 4764.31 264.778 804.874 49.208
internal_count=30828 30484 25696 4788 24340 1356 4546 242
is_linear=0
shrinkage=0.01444


Tree=172
num_leaves=8
num_cat=0
split_feature=8 15 8 18 20 20 8
split_gain=6.70841 3.44731 3.88849 3.14045 2.52129 1.95399 1.21329
threshold=0.099598877822341544 0.89035182791977296 0.22796447995747246 -0.023951880168686931 0.034712604326312853 0.12680262795191438 0.29566417709392306
decision_type=8 8 10 10 8 10 10
left_child=-1 5 4 -4 -3 6 -2
right_child=1 2 3 -5 -6 -7 -8
leaf_value=-0.00013747720935414608 -0.00018522774761145906 -5.4264144991726376e-05 0.00010916919545110532 2.5818762344619762e-06 4.622609695416042e-06 0.00093358533962540995 -7.4484279877723848e-05
leaf_weight=32.326838110107929 56.354608385823667 1015.993767881766 1055.8442207509652 2590.2239686767571 826.36049037007615 17.768039893358946 320.62774768751115
leaf_count=344 341 5725 4538 10790 7270 86 1734
internal_value=-1.45864e-05 1.95467e-05 0.00011553 0.000390598 -0.000421688 -0.00128012 -0.00152566
internal_weight=5915.5 5883.17 5488.42 3646.07 1842.35 394.75 376.982
internal_count=30828 30484 28323 15328 12995 2161 2075
is_linear=0
shrinkage=0.01444


Tree=173
num_leaves=9
num_cat=0
split_feature=7 28 21 34 27 34 21 33
split_gain=6.4369 3.74149 4.73804 6.87161 4.64345 4.3596 4.09808 0.0778011
threshold=0.10786325401028914 -0.029800000000000017 0.13636138661062971 0.026045200945584161 0.021102822194187968 0.034512426457265717 0.0046226898661404642 0.072213213775693466
decision_type=8 8 10 10 10 10 10 8
left_child=-1 4 6 -4 7 -6 -3 -2
right_child=1 2 3 -5 5 -7 -8 -9
leaf_value=-0.00013549204083776286 -0.00022338853222264587 -0.00014019721462119565 0.00053958249828973091 -0.00053884534191815583 -1.0159675015980043e-05 -0.00014316669894407532 4.7668105882604073e-06 -0.00026763743619251406
leaf_weight=32.950104379560798 36.785715624690056 92.636609563138336 100.74194725695997 24.090067880228162 731.35171253210865 73.801387887448072 4810.7042725915089 12.437864040723069
leaf_count=230 88 2836 496 58 4292 280 22388 160
internal_value=-2.80097e-05 5.71437e-06 0.000158064 0.00293297 -0.000875097 -0.000591653 8.44242e-05 -0.00519001
internal_weight=5915.5 5882.55 5028.17 124.832 854.377 805.153 4903.34 49.2236
internal_count=30828 30598 25778 554 4820 4572 25224 248
is_linear=0
shrinkage=0.01444


Tree=174
num_leaves=9
num_cat=0
split_feature=8 15 27 14 18 9 5 34
split_gain=6.71348 3.34931 6.62467 3.75636 3.69504 1.83333 1.61614 1.40048
threshold=0.099598877822341544 0.89035182791977296 0.97291879549105864 1.7262003886319381 0.051398069569419953 0.43482598157835772 0.37696937557308147 0.032758122151732467
decision_type=8 8 10 10 10 10 10 10
left_child=-1 5 4 -4 -3 6 -2 -7
right_child=1 2 3 -5 -6 7 -8 -9
leaf_value=-0.00013353553812029241 -0.00014402566079410161 -5.5904211638075397e-06 0.00023891501822889425 -2.8674551072954023e-06 4.8291570828799568e-05 0.00010688028432719333 6.7761813711541294e-05 -7.8318999158603054e-05
leaf_weight=32.326838110107929 256.11030581500381 4768.5220096604899 107.60072750784457 53.485178295057267 558.81453221617267 87.611722071655095 28.042369479313493 22.985998600721359
leaf_count=344 1409 25279 330 246 2468 500 156 96
internal_value=-1.1966e-05 2.21815e-05 0.000116816 0.00299751 2.69501e-05 -0.00125877 -0.00187743 0.000214388
internal_weight=5915.5 5883.17 5488.42 161.086 5327.34 394.75 284.153 110.598
internal_count=30828 30484 28323 576 27747 2161 1565 596
is_linear=0
shrinkage=0.01444


Tree=175
num_leaves=9
num_cat=0
split_feature=8 28 24 38 18 18 24 34
split_gain=6.68016 3.86602 5.29031 6.44328 6.14022 4.0321 4.22301 3.72214
threshold=0.099598877822341544 -0.029800000000000017 11.500000000000002 4.5000000000000009 0.046956008034970138 0.025867042570492885 11.500000000000002 0.034512426457265717
decision_type=8 8 2 2 10 10 2 10
left_child=-1 5 3 -3 -4 7 -7 -2
right_child=1 2 4 -5 -6 6 -8 -9
leaf_value=-0.00013160728726809617 2.1707507533779022e-05 -6.8137571126551408e-05 1.2691537031744154e-05 1.2541886609547605e-05 9.9982983860294415e-05 -5.2867552266348301e-05 -0.00017252002822877032 -0.00015906376508641534
leaf_weight=32.326838110107929 466.43802702985704 1000.1712966980413 1494.1981483399868 2266.7372987326235 267.98383837938309 234.90579131897539 104.32057082653046 48.417872320860624
leaf_count=344 2638 7788 2127 15404 377 1854 132 164
internal_value=-2.67632e-05 7.29026e-06 0.000162065 -0.000178641 0.000800984 -0.000888266 -0.00211049 -5.61662e-05
internal_weight=5915.5 5883.17 5029.09 3266.91 1762.18 854.082 339.226 514.856
internal_count=30828 30484 25696 23192 2504 4788 1986 2802
is_linear=0
shrinkage=0.01444


Tree=176
num_leaves=9
num_cat=0
split_feature=8 26 5 8 22 15 24 28
split_gain=6.67813 3.48107 4.96715 4.84611 4.51214 3.79111 4.05994 4.0364
threshold=0.099598877822341544 0.42317325232094211 0.19086636346211991 0.23322582083745583 0.12500155149520725 1.1923549225215346 11.500000000000002 0.012050000000000007
decision_type=8 10 10 10 10 10 2 10
left_child=-1 5 3 -3 -4 7 -7 -2
right_child=1 2 4 -5 -6 6 -8 -9
leaf_value=-0.00012970688032472996 -2.6866049826201186e-05 -0.00013607440808938352 6.1889477174184649e-05 3.3869873813374556e-06 0.00046879779592846264 -2.6143153934866956e-05 2.4945772007368781e-05 -0.00019633501073835577
leaf_weight=32.326838110107929 643.25442660879344 297.50243773125112 1275.5349068795331 1121.1018099901266 209.11064977943897 1478.6009889682755 638.59884622693062 219.46877746190876
leaf_count=344 3415 2760 8010 4523 960 8966 918 932
internal_value=-2.78139e-05 6.23383e-06 0.000364235 -0.000239416 0.000949722 -0.000338167 -3.0961e-06 -0.00114476
internal_weight=5915.5 5883.17 2903.25 1418.6 1484.65 2979.92 2117.2 862.723
internal_count=30828 30484 16253 7283 8970 14231 9884 4347
is_linear=0
shrinkage=0.01444


Tree=177
num_leaves=9
num_cat=0
split_feature=10 21 17 15 27 34 20 16
split_gain=6.3488 3.45562 3.70503 2.97952 4.13866 2.75818 1.92764 0.716587
threshold=0.083065637477828927 0.15281661030690466 1.0863177372997392 0.89035182791977296 0.96699431691531412 0.031791022825298672 0.12680262795191438 0.89532214710804137
decision_type=8 10 8 8 10 10 10 10
left_child=-1 3 5 6 -5 -3 -2 -4
right_child=1 2 7 4 -6 -7 -8 -9
leaf_value=-0.00012783391522463373 -9.8349645052614123e-05 0.00022777278939339755 0.00060085075271209447 -1.094086491987838e-06 9.8976997448584579e-05 -0.00052962228691788452 0.00092171104097475568 0.00052726405911604707
leaf_weight=37.505334581714123 375.98837126325816 50.864291092380881 13.024132367223499 5212.0521348533221 159.54610663419589 13.122333228588102 17.750795720145106 35.646182015538216
leaf_count=354 2063 264 90 27235 596 24 82 120
internal_value=-2.0853e-05 1.49895e-05 0.00251486 -3.18265e-05 5.47692e-05 1.43852e-05 -0.00124482 0.00549899
internal_weight=5915.5 5877.99 112.657 5765.34 5371.6 63.9866 393.739 48.6703
internal_count=30828 30474 498 29976 27831 288 2145 210
is_linear=0
shrinkage=0.01444


Tree=178
num_leaves=9
num_cat=0
split_feature=8 28 21 5 23 17 27 18
split_gain=6.68 3.74026 4.66895 5.48422 4.38865 3.82947 3.71735 1.09325
threshold=0.099598877822341544 -0.029800000000000017 0.13636138661062971 0.19776182824684022 0.14285714285714288 0.65872844524136154 0.021102822194187968 0.058698350508818893
decision_type=8 8 10 10 8 8 10 8
left_child=-1 4 5 -4 6 -3 -2 -6
right_child=1 2 3 -5 7 -7 -8 -9
leaf_value=-0.00012598799570806703 -0.00022555767513458188 -9.3912639536641382e-05 -0.00038614922130356702 0.00051965037525604637 0.00033988414046666303 5.9908557238078239e-06 -3.6502692210258281e-05 -0.00058015476161953018
leaf_weight=32.326838110107929 49.023781226947904 258.47443643864244 33.869774106889963 91.170884094201028 24.502263032831252 4645.5754875103012 775.55091436393559 5.0053028725087669
leaf_count=344 206 1322 148 410 180 23816 4244 158
internal_value=-2.44239e-05 9.62976e-06 0.000161896 0.00291436 -0.000871165 8.87237e-05 -0.00108091 0.00446608
internal_weight=5915.5 5883.17 5029.09 125.041 854.082 4904.05 824.575 29.5076
internal_count=30828 30484 25696 558 4788 25138 4450 338
is_linear=0
shrinkage=0.01444


Tree=179
num_leaves=9
num_cat=0
split_feature=7 20 34 20 24 9 30 34
split_gain=6.42644 3.0963 3.64977 8.50332 4.73843 2.84098 2.91823 2.41017
threshold=0.10786325401028914 0.09617676875823257 0.032758122151732467 0.052107749015397505 9.5000000000000018 0.65491232548336342 25.040000000000003 -0.013973805227124157
decision_type=8 8 10 8 2 10 10 10
left_child=-1 2 4 -4 -2 6 -3 -7
right_child=1 5 3 -5 -6 7 -8 -9
leaf_value=-0.0001241687312372732 -6.4389300898528705e-05 0.00013465755675612083 -0.00014647879056844582 0.00013399786141589929 8.7686161981992212e-06 -0.00021527242245606982 -8.2152511608916034e-05 0.00059527580175387763
leaf_weight=32.950104379560798 1145.790868000593 845.62698024744168 343.56127436831594 177.04175202175975 3291.84588727355 24.351334097795188 38.39248226583004 15.938999101519583
leaf_count=230 16575 5007 906 572 7248 114 104 72
internal_value=-2.56455e-05 8.04997e-06 -0.000132758 -0.00127591 0 0.000777163 0.000959813 -0.00286841
internal_weight=5915.5 5882.55 4958.24 520.603 4437.64 924.31 884.019 40.2903
internal_count=30828 30598 25301 1478 23823 5297 5111 186
is_linear=0
shrinkage=0.01444


Tree=180
num_leaves=9
num_cat=0
split_feature=7 21 17 17 21 19 31 31
split_gain=6.41323 3.47602 3.68601 2.91033 2.806 2.05715 1.71698 0.605501
threshold=0.10786325401028914 0.15281661030690466 1.0863177372997392 0.55906484518719635 0.0046226898661404642 0.13852905249292882 0.29500000000000087 1.3350000000000011
decision_type=8 10 8 8 10 10 8 10
left_child=-1 3 5 6 -5 -3 -2 -4
right_child=1 2 7 4 -6 -7 -8 -9
leaf_value=-0.00012237573691385411 5.9537222308656282e-05 -0.00041489659906732786 0.00034671172100621652 -8.8301427491489914e-05 1.5240415601044156e-06 0.00021164631571244849 -0.00013443793565432347 0.00058454411721116405
leaf_weight=32.950104379560798 25.909317135810852 12.850882381200789 13.424768799915908 99.045975351706147 5549.056478147395 51.135741939768195 95.880868038162589 35.245545582845807
leaf_count=230 192 42 112 3198 26252 246 458 98
internal_value=-3.256e-05 1.09677e-06 0.00250899 -4.58382e-05 0 1.43852e-05 -0.00224925 0.00548547
internal_weight=5915.5 5882.55 112.657 5769.89 5648.1 63.9866 121.79 48.6703
internal_count=30828 30598 498 30100 29450 288 650 210
is_linear=0
shrinkage=0.01444


Tree=181
num_leaves=8
num_cat=0
split_feature=7 17 24 28 38 24 28
split_gain=6.42054 3.20208 3.51843 6.32888 5.61465 2.55348 1.08775
threshold=0.10786325401028914 0.55906484518719635 11.500000000000002 -0.025800000000000028 4.5000000000000009 11.500000000000002 -0.035249999999999997
decision_type=8 8 2 8 2 2 10
left_child=-1 5 4 -4 -3 6 -2
right_child=1 2 3 -5 -6 -7 -8
leaf_value=-0.00012060863339733765 -0.00020540099428408454 -6.3936257118516547e-05 -5.9922131033688165e-05 3.8534111307804642e-05 9.8478694691892554e-06 -0.00018731805286082413 5.2923450681943128e-05
leaf_weight=32.950104379560798 25.256265120580792 1177.8833285029978 255.82727837562561 1703.3492110073566 2618.1879661278799 35.102790236473083 66.942738005891442
leaf_count=230 182 9410 342 2424 17744 46 450
internal_value=-2.8731e-05 4.94716e-06 5.73734e-05 0.000556022 -0.000196578 -0.00225277 -0.000809065
internal_weight=5915.5 5882.55 5755.25 1959.18 3796.07 127.302 92.199
internal_count=30828 30598 29920 2766 27154 678 632
is_linear=0
shrinkage=0.01444


Tree=182
num_leaves=9
num_cat=0
split_feature=7 26 9 34 26 16 17 21
split_gain=6.42334 3.64434 4.57506 5.66852 3.65906 4.34764 3.17975 2.70891
threshold=0.10786325401028914 0.6579948625170905 0.27399816976888941 0.034512426457265717 0.64042988505747134 0.8923352796145152 1.2017995962665993 0.065323955628696848
decision_type=8 10 8 10 10 8 10 10
left_child=-1 4 7 -4 6 -6 -2 -3
right_child=1 2 3 -5 5 -7 -8 -9
leaf_value=-0.00011886704682492167 -1.5984863142088373e-05 -0.00011776005759808816 0.00020347235432112244 -3.9646380504177164e-05 2.8849649043662993e-05 -0.00018038335108874014 3.1987034336545648e-05 0.00029869864132884042
leaf_weight=32.950104379560798 3480.7341858684085 262.86383345816284 603.2225293321535 132.52845184504986 42.607095185667276 76.729618547484279 1238.4551598816179 45.408703258261085
leaf_count=230 17231 3014 3010 528 212 450 5741 412
internal_value=-2.72671e-05 6.41926e-06 0.000782048 0.00140628 -0.000158306 -0.0026535 -9.21297e-05 -0.000665265
internal_weight=5915.5 5882.55 1044.02 735.751 4838.53 119.337 4719.19 308.273
internal_count=30828 30598 6964 3538 23634 662 22972 3426
is_linear=0
shrinkage=0.01444


Tree=183
num_leaves=9
num_cat=0
split_feature=8 15 26 23 9 18 35 34
split_gain=6.65284 3.2699 3.81392 3.4018 3.26225 3.69726 3.49535 3.03706
threshold=0.099598877822341544 1.1863093702084433 0.46567929232646349 0.059511354028558318 0.29639959757329831 0.11796264546761627 3.6389005317458354 -0.010953178603129885
decision_type=8 10 8 10 10 10 2 8
left_child=-1 2 7 -4 6 -6 -3 -2
right_child=1 4 3 -5 5 -7 -8 -9
leaf_value=-0.00011715060873237633 -3.6670041707570523e-05 -6.1470708978868675e-05 -1.6871783009330241e-05 0.0001195064250257813 0.00010241014246685871 -8.5497896737464203e-05 7.034454200136424e-06 -0.00011937956968884162
leaf_weight=32.326838110107929 489.20598471630365 635.79781665373594 536.88792888750322 273.54965475108474 1575.8573505096138 45.116030961275101 1926.0954772033729 400.66259996336885
leaf_count=344 2117 3914 3221 1357 6549 166 10912 2248
internal_value=-3.82325e-05 0 -0.000535869 0.000166663 0.000215015 0.000722877 -0.000101301 -0.0011901
internal_weight=5915.5 5883.17 1700.31 810.438 4182.87 1620.97 2561.89 889.869
internal_count=30828 30484 8943 4578 21541 6715 14826 4365
is_linear=0
shrinkage=0.01444


Tree=184
num_leaves=9
num_cat=0
split_feature=7 21 5 17 15 38 24 34
split_gain=6.41345 3.46946 4.18418 2.82424 2.73706 2.56733 2.1144 1.54061
threshold=0.10786325401028914 0.15281661030690466 0.19776182824684022 0.55906484518719635 0.89035182791977296 3.5000000000000004 11.500000000000002 0.029190496684817661
decision_type=8 10 10 8 8 2 2 8
left_child=-1 3 7 6 -5 -4 -2 -3
right_child=1 2 5 4 -6 -7 -8 -9
leaf_value=-0.0001154589559760889 -7.2781969310151533e-05 7.8818837424330336e-05 0.00056073140669655661 -7.6434844354870412e-05 3.0694041424067497e-06 0.00028481123613416755 -0.0001310397642991032 -0.00051267665642192159
leaf_weight=32.950104379560798 89.728806575760245 20.461950303055346 46.266152791678905 356.03698238637298 5292.0654711127281 33.351482431404293 32.061378598213196 12.577353177592157
leaf_count=230 608 122 108 1905 27545 242 42 26
internal_value=-3.24424e-05 1.21496e-06 0.00250673 -4.56735e-05 0 0.00433585 -0.00221624 -0.00151019
internal_weight=5915.5 5882.55 112.657 5769.89 5648.1 79.6176 121.79 33.0393
internal_count=30828 30598 498 30100 29450 350 650 148
is_linear=0
shrinkage=0.01444


Tree=185
num_leaves=8
num_cat=0
split_feature=8 21 34 26 27 21 12
split_gain=6.66853 3.42004 3.28309 2.98546 3.58354 2.96405 2.06632
threshold=0.099598877822341544 0.15281661030690466 0.031791022825298672 0.25212726020637394 1.0000000180025095e-35 0.0088899068496699433 0.11692101848095413
decision_type=8 10 10 8 8 10 10
left_child=-1 3 6 5 -5 -2 -3
right_child=1 2 -4 4 -6 -7 -8
leaf_value=-0.00011379173065623412 2.3505376992846574e-05 0.0004929851307124768 -0.00050527361440357759 -0.0001326157930049278 6.9745845252647628e-06 -4.4348818413271441e-05 -8.3466174062708112e-05
leaf_weight=32.326838110107929 77.332116257864982 80.210459097288549 16.577616751194 109.45292509626597 4810.239443287719 773.28277723677456 16.077505919151008
leaf_count=344 1374 356 32 508 24640 3460 114
internal_value=-3.03626e-05 3.65838e-06 0.00248884 -4.29179e-05 9.12901e-05 -0.000834067 0.00357387
internal_weight=5915.5 5883.17 112.866 5770.31 4919.69 850.615 96.288
internal_count=30828 30484 502 29982 25148 4834 470
is_linear=0
shrinkage=0.01444


Tree=186
num_leaves=9
num_cat=0
split_feature=8 26 17 9 5 7 27 7
split_gain=6.68193 3.31403 4.32174 4.35521 4.12808 2.76383 4.05522 2.72764
threshold=0.099598877822341544 0.25212726020637394 0.65872844524136154 0.43130919971530163 0.077113388262064667 0.39838666396820022 0.34661295338801862 0.29532935094487095
decision_type=8 8 8 10 8 10 10 10
left_child=-1 5 3 -3 -4 7 -7 -2
right_child=1 2 4 -5 -6 6 -8 -9
leaf_value=-0.00011214858004105398 -3.9286025244926032e-05 -0.00011586266748494645 -6.7553441332010876e-05 0.00012544426208523849 2.0380917279393079e-05 -0.00039187045053894079 0.00066259992487496843 0.00012089538771004937
leaf_weight=32.326838110107929 668.35804831283167 218.27839741576463 495.61200995417312 75.395542048849165 4226.7995599033311 49.316303323023021 19.522139383479953 129.89084330480546
leaf_count=344 4042 1154 2415 379 21634 146 100 614
internal_value=-2.10953e-05 1.29644e-05 0.000157665 -0.0015338 0.000265793 -0.000808605 -0.00360788 -0.000548471
internal_weight=5915.5 5883.17 5016.09 293.674 4722.41 867.087 68.8384 798.249
internal_count=30828 30484 25582 1533 24049 4902 246 4656
is_linear=0
shrinkage=0.01444


end of trees

feature_importances:
iv_rank=169
hist_move_avg_8q=162
volume_ratio_20d=138
drift_5d=118
iv_mom_week=118
parkinson_rv_10d=103
parkinson_rv_20d=97
iv_crush_pct=95
hist_event_count=93
hist_move_avg_4q=92
tlt_spy_ratio_30d=88
hist_move_std_4q=86
hist_move_med_8q=84
log_spot=80
hv_rank=78
straddle_pct=75
parkinson_rv_60d=72
hist_move_med_4q=63
cc_rv_10d=59
cc_rv_20d=59
vol_of_vol_20d=57
rv_term_ratio=56
iv_cc_rv_ratio_20d=55
spy_drift_60d=52
vix_change_30d=37
vix_current=33
atm_iv=24
hist_straddle_accuracy=20
event_move_implied=18
iv_rv_ratio_60d=14
earnings_month=11
vix_pct_252d=8
em_iv_pct=7
iv_rv_ratio_20d=7
timing_bmo=4
earnings_dow=3
event_vol_fraction=2
timing_amc=2
dte=1

parameters:
[boosting: gbdt]
[objective: quantile]
[metric: quantile]
[tree_learner: serial]
[device_type: cpu]
[data_sample_strategy: bagging]
[data: ]
[valid: ]
[num_iterations: 1500]
[learning_rate: 0.01444]
[num_leaves: 31]
[num_threads: 8]
[seed: 42]
[deterministic: 0]
[force_col_wise: 0]
[force_row_wise: 0]
[histogram_pool_size: -1]
[max_depth: 4]
[min_data_in_leaf: 56]
[min_sum_hessian_in_leaf: 0.001]
[bagging_fraction: 0.739614]
[pos_bagging_fraction: 1]
[neg_bagging_fraction: 1]
[bagging_freq: 0]
[bagging_seed: 400]
[bagging_by_query: 0]
[feature_fraction: 0.653595]
[feature_fraction_bynode: 1]
[feature_fraction_seed: 30056]
[extra_trees: 0]
[extra_seed: 12879]
[early_stopping_round: 0]
[early_stopping_min_delta: 0]
[first_metric_only: 0]
[max_delta_step: 0]
[lambda_l1: 0.906576]
[lambda_l2: 0.556333]
[linear_lambda: 0]
[min_gain_to_split: 0]
[drop_rate: 0.1]
[max_drop: 50]
[skip_drop: 0.5]
[xgboost_dart_mode: 0]
[uniform_drop: 0]
[drop_seed: 17869]
[top_rate: 0.2]
[other_rate: 0.1]
[min_data_per_group: 100]
[max_cat_threshold: 32]
[cat_l2: 10]
[cat_smooth: 10]
[max_cat_to_onehot: 4]
[top_k: 20]
[monotone_constraints: ]
[monotone_constraints_method: basic]
[monotone_penalty: 0]
[feature_contri: ]
[forcedsplits_filename: ]
[refit_decay_rate: 0.9]
[cegb_tradeoff: 1]
[cegb_penalty_split: 0]
[cegb_penalty_feature_lazy: ]
[cegb_penalty_feature_coupled: ]
[path_smooth: 0]
[interaction_constraints: ]
[verbosity: -1]
[saved_feature_importance_type: 0]
[use_quantized_grad: 0]
[num_grad_quant_bins: 4]
[quant_train_renew_leaf: 0]
[stochastic_rounding: 1]
[linear_tree: 0]
[max_bin: 255]
[max_bin_by_feature: ]
[min_data_in_bin: 3]
[bin_construct_sample_cnt: 200000]
[data_random_seed: 175]
[is_enable_sparse: 1]
[enable_bundle: 1]
[use_missing: 1]
[zero_as_missing: 0]
[feature_pre_filter: 1]
[pre_partition: 0]
[two_round: 0]
[header: 0]
[label_column: ]
[weight_column: ]
[group_column: ]
[ignore_column: ]
[categorical_feature: ]
[forcedbins_filename: ]
[precise_float_parser: 0]
[parser_config_file: ]
[objective_seed: 16083]
[num_class: 1]
[is_unbalance: 0]
[scale_pos_weight: 1]
[sigmoid: 1]
[boost_from_average: 1]
[reg_sqrt: 0]
[alpha: 0.5]
[fair_c: 1]
[poisson_max_delta_step: 0.7]
[tweedie_variance_power: 1.5]
[lambdarank_truncation_level: 30]
[lambdarank_norm: 1]
[label_gain: ]
[lambdarank_position_bias_regularization: 0]
[eval_at: ]
[multi_error_top_k: 1]
[auc_mu_weights: ]
[num_machines: 1]
[local_listen_port: 12400]
[time_out: 120]
[machine_list_filename: ]
[machines: ]
[gpu_platform_id: -1]
[gpu_device_id: -1]
[gpu_use_dp: 0]
[num_gpu: 1]

end of parameters

pandas_categorical:[]
