tree
version=v4
num_class=1
num_tree_per_iteration=1
label_index=0
max_feature_idx=39
objective=quantile
feature_names=atm_iv straddle_pct em_iv_pct dte event_move_implied iv_crush_pct event_vol_fraction parkinson_rv_10d parkinson_rv_20d parkinson_rv_60d cc_rv_10d cc_rv_20d vol_of_vol_20d iv_rv_ratio_20d iv_rv_ratio_60d iv_cc_rv_ratio_20d rv_term_ratio volume_ratio_20d drift_5d hist_move_avg_4q hist_move_med_4q hist_move_std_4q hist_move_avg_8q hist_move_med_8q hist_event_count hist_straddle_accuracy iv_rank hv_rank iv_mom_week iv_mom_month vix_current vix_change_30d vix_pct_252d spy_drift_60d tlt_spy_ratio_30d log_spot timing_bmo timing_amc earnings_month earnings_dow
feature_infos=[0.0562:9.827300000000001] [0.00083333333333333339:1.6799999999999997] [0.0091011673193795578:3.656330081739084] [1:60] [0:1.4691042020914447] [-3.8580100290314063:0.85581277028745872] [0.034672503568223635:67.109823252533587] [0.01134305909982487:2.8641721286455586] [0.013894109765131739:2.0282327051980693] [0.016989524212388089:1.5539472798357257] [0.0011017543739895795:11.594960128394431] [0.00077905798904997125:13.8827006001165] [0.0026076256319010121:1.389272370927521] [0.1662869210082179:148.89574118624122] [0.20733930042845336:55.329518350439479] [0.03322120193214638:574.09076896240128] [0.070747435815040532:2.4494897427831788] [0.25291709200552448:11.592494971460599] [-0.7543637095495408:0.30175159235668803] [0:0.60000000000000009] [0:0.60000000000000009] [6.3925998781312683e-05:0.74631856464742785] [0:0.60000000000000009] [0:0.60000000000000009] [0:19] [0.0014688435681595078:71.73913043478268] [0:1] [-4.8571428571426418:2.1056533827618167] [-0.92139999999999989:1.0115000000000001] [-1.9800000000000002:0.52549999999999997] [11.99:52.329999999999998] [-29.849999999999998:24.469999999999999] [0.0039577836411609502:1] [-0.15722837228372288:0.2501611343860779] [-0.19287700174254019:0.23027200357131283] [0.28517894223366247:8.6613853060707111] [0:1] [0:1] [1:12] [0:4]
tree_sizes=1863 1909 1794 1909 1911 1801 1914 1918 1920 1910 1816 1923 1691 1911 1913 1476 1912 1892 1917 1790 1915 1579 1920 1582 1913 1807 1474 1799 1794 1579 1927 1908 1797 1813 1924 1888 1347 1574 1240 1570 1589 1470 1677 1897 1592 1698 1789 1240 1791 1799 1766 1781 1561 1921 1335 1806 1812 1688 1902 1688

Tree=0
num_leaves=16
num_cat=0
split_feature=19 9 23 0 5 23 11 11 30 19 10 9 18 28 9
split_gain=158.523 29.1971 23.9116 13.5249 10.0573 8.15293 7.99737 6.75238 5.11287 5.0806 4.64126 3.68164 3.41457 3.09115 2.27003
threshold=0.047036268284519463 0.28891958481150987 0.030146198860051352 0.51032500000000014 0.13617366636094116 0.064829374281102928 0.22768130347745849 0.19370661873130426 19.085000000000004 0.051119424964858821 0.48538212942789322 0.40411706776050177 -0.060663651747611173 -0.0055500000000000263 0.15495573171908611
decision_type=8 8 10 2 10 10 10 8 8 8 10 10 8 10 10
left_child=2 4 7 10 9 -6 13 14 -9 -2 -3 -8 -5 -4 -1
right_child=1 3 6 12 5 -7 11 8 -10 -11 -12 -13 -14 -15 -16
leaf_value=0.043511725664633683 0.044032932790822682 0.047482918661580824 0.044263042518043264 0.051167044659909469 0.046208865504130038 0.048779435022459489 0.045649380348993115 0.044615725468698658 0.043424046140583011 0.045648496066540527 0.04509220717912546 0.047608159228807054 0.049677303375945829 0.045445687825427052 0.04402172215016821
leaf_weight=167.34242300083861 118.59929862385616 804.52145480853505 254.14267856208608 372.96489992924035 668.89329996518791 379.39116745907813 1014.427029249724 780.95536408526823 494.41860635019839 524.91077189985663 146.35079640988261 130.47754125203937 1996.3063954438549 328.38057974399999 468.82104588951916
leaf_count=1408 703 4514 1198 1282 3492 2412 4330 4280 2648 3246 582 632 8099 1952 2210
internal_value=0.0461634 0.0582931 0.0294544 0.0640239 0.0470083 0.0533955 0.0384769 0.0213355 0.0258805 0.0367026 0.0533276 0.0436467 0.0682891 0.0284284 0.0123315
internal_weight=8650.9 5011.94 3638.97 3320.14 1691.79 1048.28 1727.43 1911.54 1275.37 643.51 950.872 1144.9 2369.27 582.523 636.163
internal_count=42988 24330 18658 14477 9853 5904 8112 10546 6928 3949 5096 4962 9381 3150 3618
is_linear=0
shrinkage=1


Tree=1
num_leaves=16
num_cat=0
split_feature=22 22 22 26 26 9 9 18 9 11 33 31 10 11 33
split_gain=143.65 24.1804 20.0673 11.1944 9.37666 8.17123 6.68822 6.80799 6.59734 5.85861 5.27016 4.50285 4.26511 3.9874 1.81371
threshold=0.044826901004016338 0.099154416073833337 0.03510898807325754 0.21076066979077807 0.37016604212430548 0.44808714462328147 0.19661185874756645 0.039472805911537685 0.35179389410427647 0.23037603917356325 0.053193828780384263 -3.6099999999999999 0.20381397133807713 0.43639805449380659 0.011868612538686542
decision_type=8 10 10 8 8 8 8 8 10 10 8 8 8 10 10
left_child=2 3 6 10 12 -5 14 -8 11 -6 -2 -4 -3 -10 -1
right_child=1 4 8 5 9 -7 7 -9 13 -11 -12 -13 -14 -15 -16
leaf_value=-0.0011862925549586513 -0.0018075575132295658 -0.0023787895701983977 -0.0016218008569323472 0.00081609754333316026 -4.4907570555166259e-05 0.0022965536332801143 -0.0015155864894101521 -0.0023816943098228234 0.0023817062088909735 0.0052373868993498274 0.00023495824248417899 -0.00079621137873383597 0.0019056402101609541 0.00021742079232733042 -0.0025509859805645805
leaf_weight=72.050975040066987 160.05213772878051 22.493246791884303 89.336496479809284 3411.8406955795363 77.013723112642765 520.54072308936156 953.41903708782047 314.08458403358236 44.136009756475687 1044.3530026883818 92.101220164680853 945.82586801843718 187.0459186960943 93.134046289138496 623.47566811647266
leaf_count=1178 480 198 390 15733 490 2916 4999 1329 232 4111 1286 4809 1022 486 3329
internal_value=-8.58932e-06 0.0102024 -0.0179899 0.00625369 0.0225676 0.00764202 -0.024505 -0.0198258 -0.00702561 0.0263876 -0.0151371 -0.0099351 0.00181795 0.0144394 -0.0329341
internal_weight=8650.9 5515.44 3135.46 4184.53 1330.91 3932.38 1963.03 1267.5 1172.43 1121.37 252.153 1035.16 209.539 137.27 695.527
internal_count=42988 26236 16752 20415 5821 18649 10835 6328 5917 4601 1766 5199 1220 718 4507
is_linear=0
shrinkage=0.105172


Tree=2
num_leaves=15
num_cat=0
split_feature=23 1 9 12 5 31 33 35 12 23 20 15 34 1
split_gain=91.9546 26.3475 14.3689 9.98365 8.46293 7.04804 6.97965 7.52947 7.4896 6.02873 4.65765 3.7434 2.33903 2.31579
threshold=0.03565118960095693 0.11308167141500476 0.19661185874756645 0.01955321509175199 0.11190368926062222 7.1250000000000009 0.0092748671191494898 5.2100051434524897 0.043357993026843185 0.058607444333858456 0.056285805858503075 1.1931243057226959 0.022604186584996636 0.086681957186544353
decision_type=8 2 8 8 10 10 10 2 8 8 10 10 10 2
left_child=2 3 10 13 11 -6 8 -8 -4 -5 12 -3 -1 -2
right_child=1 4 6 9 5 -7 7 -9 -10 -11 -12 -13 -14 -15
leaf_value=-0.0018770563516211734 -0.0027150650733654236 -0.00044380471179913998 -0.0020938362473725794 -0.00011056099665546706 0.0032930564518943877 -0.000638176538006038 -0.0012211264668515423 0.0007404998558648957 -0.0014074571603499093 0.0011675150480138655 0.0026645030709350672 0.0022115632079119573 -0.0031984015546372281 -0.00063860214478482762
leaf_weight=694.21028115460649 108.39804302947596 302.80050116404891 130.84676046296954 1799.361684769392 1886.2603165747132 89.691660486161709 1293.7312630210072 293.95472224242985 361.03280163416639 1031.4337987687904 17.841686874628067 523.19083715835586 86.717248912900686 31.431746419519186
leaf_count=4896 840 1158 530 8452 7927 510 6034 1020 2284 6695 42 2175 186 239
internal_value=-8.73202e-05 0.00756199 -0.0154497 0.000638932 0.0148788 0.0186304 -0.0107925 -0.00733942 -0.0218031 0.0020155 -0.02749 0.00582537 -0.0287423 -0.0267441
internal_weight=8650.9 5772.57 2878.33 2970.63 2801.94 1975.95 2079.57 1587.69 491.88 2830.8 798.769 825.991 780.928 139.83
internal_count=42988 27996 14992 16226 11770 8437 9868 7054 2814 15147 5124 3333 5082 1079
is_linear=0
shrinkage=0.105172


Tree=3
num_leaves=16
num_cat=0
split_feature=22 1 22 8 9 21 38 23 26 12 31 28 17 22 26
split_gain=100.195 19.1647 14.0089 8.53894 8.25324 6.25128 5.80124 5.40483 4.95251 4.75537 4.5321 4.16443 3.37279 3.28656 2.19131
threshold=0.044826901004016338 0.1216139534883721 0.03510898807325754 0.15934441264140303 0.19661185874756645 0.033131347006487254 3.5000000000000004 0.081081081081081099 0.31337806993848455 0.037929286100137662 -1.2500000000000007 0.012649999999999996 0.75817479889672146 0.019972008355519957 0.52402567107477493
decision_type=8 2 10 8 10 8 2 10 8 10 8 8 10 10 10
left_child=2 3 4 14 13 11 -6 -5 12 -7 -10 -3 -4 -1 -2
right_child=1 5 8 7 6 9 -8 -9 10 -11 -12 -13 -14 -15 -16
leaf_value=-0.0026723480184270777 -0.0038635649115481537 -0.00089373170410690357 6.0736536077312738e-05 0.00022187515963043738 -0.001028914260061492 0.00061218305120575066 -0.0017136901322491556 0.002762474272728068 -0.0012916630250273187 0.0032826919192196938 0.00036622598108123299 0.0012494142719327388 -0.0014154698753842112 -0.0015651245007088502 4.7246656081126833e-05
leaf_weight=245.11092359293252 62.10873177787289 156.9200514536351 77.884759124368429 2549.4354901050683 553.76989337988198 277.2575196523685 662.76211103517562 458.51934282714501 121.43010788690299 1802.7068747510202 678.98627290222794 190.51299533899873 294.13128063036129 501.38733626995236 17.979661945253611
leaf_count=1848 839 699 380 12437 1680 1663 4378 2657 622 6843 3807 718 1108 2929 380
internal_value=-0.000400081 0.00812637 -0.0154183 0.0026048 -0.0208648 0.0151239 -0.0154101 0.0035269 -0.00624341 0.017309 -0.00149503 0.00185881 -0.0162844 -0.0296634 -0.0311695
internal_weight=8650.9 5515.44 3135.46 3088.04 1963.03 2427.4 1216.53 3007.95 1172.43 2079.96 800.416 347.433 372.016 746.498 80.0884
internal_count=42988 26236 16752 16313 10835 9923 6058 15094 5917 8506 4429 1417 1488 4777 1219
is_linear=0
shrinkage=0.105172


Tree=4
num_leaves=16
num_cat=0
split_feature=19 9 19 18 23 26 17 5 18 26 9 17 23 8 33
split_gain=76.4894 21.1181 14.0676 10.3986 9.91232 8.13261 6.0597 5.95425 8.58971 6.00117 4.64879 4.08714 3.22891 2.70358 2.14581
threshold=0.048852535842750185 0.19576518086215774 0.1043852664466669 -0.040785521755872127 0.023842559740877126 0.19170254193387043 0.94214937817845346 0.10837494952774873 0.052209360886940732 0.36380466740862782 0.40184504119369341 1.0198743728560205 0.02008255170713891 0.13453111835005943 0.04264307029531756
decision_type=8 10 10 10 10 8 10 10 8 8 10 10 10 8 10
left_child=1 12 3 6 11 -5 -2 8 -4 -9 -6 -3 14 -14 -1
right_child=2 4 7 5 10 -7 -8 9 -10 -11 -12 -13 13 -15 -16
leaf_value=-0.0023988585131989562 0.0025473087957012175 -0.0015897967786798744 0.0037716481000007757 -0.0013815126935179205 -0.00048062374064884381 0.00038342046702684692 0.0012257088926820058 0.0006009679402678138 -0.0019850174111685067 0.0039113517360781199 0.0011321954762689239 -0.0011683350363983068 -0.002840308062808035 -0.0012666023539752045 -0.0016260709955053664
leaf_weight=189.69724991731346 305.78607950359583 495.90186143293977 233.13961305981502 145.69011310208589 1885.7401731032878 2713.4689744478092 319.41757978033274 134.76185727957636 84.379242208786309 867.4122222927399 184.59672743733972 278.60084462817758 47.491656284313649 572.20874297386035 192.61041522119194
leaf_count=1364 2424 2677 1146 894 8070 12769 1426 674 316 3701 912 1440 598 3377 1200
internal_value=-0.000582264 -0.0116403 0.00825939 0.00473154 -0.00698381 0.00201931 0.0170298 0.0175241 0.0047133 0.0215183 -0.00314866 -0.0171509 -0.0247939 -0.0198294 -0.0326627
internal_weight=8650.9 3846.85 4804.06 3484.36 2844.84 2859.16 625.204 1319.69 317.519 1002.17 2070.34 774.503 1002.01 619.7 382.308
internal_count=42988 19638 23350 17513 13099 13663 3850 5837 1462 4375 8982 4117 6539 3975 2564
is_linear=0
shrinkage=0.105172


Tree=5
num_leaves=15
num_cat=0
split_feature=22 0 22 26 26 7 21 18 35 10 10 20 34 33
split_gain=73.0535 13.9754 11.5464 10.9525 7.97014 6.70319 5.72349 5.55723 5.33372 4.79902 3.89982 4.0978 2.95495 2.42425
threshold=0.044826901004016338 0.56392500000000012 0.021260796555499274 0.30575446119437827 0.16230973069021501 0.15548478390912043 0.030645364219760798 -0.064588157435815516 5.7419128371483774 0.28505956597392951 0.33142438455321349 0.014870008573105943 0.013627942990790289 0.028870247836177757
decision_type=8 2 10 10 8 8 8 8 2 10 10 10 8 8
left_child=2 4 10 8 13 -3 -6 -7 -4 -5 12 -12 -1 -2
right_child=1 5 3 9 6 7 -8 -9 -10 -11 11 -13 -14 -15
leaf_value=-0.0015129689118639593 -0.0032501538002055142 -0.0040962162671162785 -0.0014129568561418325 -0.00086115817766286814 -0.00040532774005323557 0.0033051473768596329 0.00074465803739624749 0.0019202132341832828 0.00089490893868385409 0.00037825739991799933 -0.0017720771344011722 0.0015367304719113811 -0.0026039754818712015 -0.0020283510020775355
leaf_weight=372.3037415924482 34.914083049632609 22.318751493934542 1177.3369347569533 814.55649803299457 855.81800277158618 341.95625584386289 2138.8563092681579 2062.3037427256349 59.10571585316211 569.34784793946892 28.549643310252577 30.44381753820926 83.818485798314214 59.273522698553279
leaf_count=2307 98 116 4607 5371 4046 1174 11218 8734 192 2945 344 180 806 850
internal_value=-0.000193909 0.00708563 -0.0130188 -0.0101495 0.00236802 0.0130641 0.003335 0.013618 -0.0173561 -0.00366361 -0.0274837 -0.000909754 -0.0307804 -0.0276545
internal_weight=8650.9 5515.44 3135.46 2620.35 3088.86 2426.58 2994.67 2404.26 1236.44 1383.9 515.116 58.9935 456.122 94.1876
internal_count=42988 26236 16752 13115 16212 10024 15264 9908 4799 8316 3637 524 3113 948
is_linear=0
shrinkage=0.105172


Tree=6
num_leaves=16
num_cat=0
split_feature=22 22 8 18 21 18 9 21 24 19 1 28 8 38 18
split_gain=59.4403 19.2069 10.5 6.92239 5.79328 5.41197 4.92022 5.49347 4.72214 3.93417 4.88474 3.58196 2.5907 2.19616 1.36066
threshold=0.03510898807325754 0.076802959547222827 0.17074286474158548 0.02266867453175803 0.095228299523754389 -0.064588157435815516 0.19661185874756645 0.029673028298675942 11.500000000000002 0.019494685600478939 0.11258342602892103 0.011200000000000003 0.20749707634812795 3.5000000000000004 -0.0029700974858501423
decision_type=8 10 8 8 10 8 10 10 2 10 2 10 10 2 10
left_child=3 4 14 6 8 -4 12 -8 -2 10 -5 -11 -1 -6 -3
right_child=1 2 5 9 13 -7 7 -9 -10 11 -12 -13 -14 -15 -16
leaf_value=-0.0011665200903204773 -0.00024879475958953845 0.00019267792651164869 0.0037597673169803133 -0.0020869586141060745 0.0060451668337174382 0.0022296625538874449 -0.00050781332478594518 -0.0014088236007019186 0.00046295660474335673 -0.0015217903955318888 0.00026492710889514548 -0.0007845570819160066 -0.0020598616671075954 0.0010221296767645393 -0.0036419331618458848
leaf_weight=467.34664959600195 2766.9888377608731 7.2620438314042977 266.08075412828475 165.53605632856488 35.544760897755623 2107.8332714433782 650.12124124914408 136.42662763502449 1445.1527538299561 349.53265964845195 22.520700047258288 117.4943825379014 54.051947235595435 23.546902862377465 35.463763641193509
leaf_count=3317 19249 222 1010 813 76 9141 3441 754 2057 1500 188 518 304 114 284
internal_value=-0.000280683 0.00443506 0.0119281 -0.0163779 0.000180433 0.0128793 -0.0118637 -0.00648932 -0.000264143 -0.0252888 -0.0385008 -0.0198206 -0.0198449 0.0328402 -0.0392793
internal_weight=8650.9 6687.87 2416.64 1963.03 4271.23 2373.91 1307.95 786.548 4212.14 655.084 188.057 467.027 521.399 59.0917 42.7258
internal_count=42988 32153 10657 10835 21496 10151 7816 4195 21306 3019 1001 2018 3621 190 506
is_linear=0
shrinkage=0.105172


Tree=7
num_leaves=16
num_cat=0
split_feature=22 22 26 7 18 7 27 26 17 16 22 37 24 13 18
split_gain=49.6128 16.8039 9.88271 6.23838 5.54867 7.51184 7.51751 4.5333 3.9986 3.86932 3.80653 4.03188 3.46971 3.14981 3.03418
threshold=0.03510898807325754 0.076802959547222827 0.16782469855967741 0.2280597894454641 0.033728633052021235 0.20582840446299314 0.53931808613388155 0.18833621730289948 0.76047851019248469 1.2261651476760105 0.029001127345328327 1.0000000180025095e-35 10.500000000000002 2.8263993038399282 0.031055337330170078
decision_type=8 10 8 10 8 10 10 8 10 10 10 2 2 10 10
left_child=4 7 12 -4 5 14 -7 8 -2 -9 13 -12 -3 -6 -1
right_child=1 2 3 -5 10 6 -8 9 -10 -11 11 -13 -14 -15 -16
leaf_value=-0.0012569196454864544 0.00073617824580028885 -3.1653288496729532e-06 -0.00027725977742483574 0.0024791605448629124 -0.0020770282164279518 0.00013723285025254994 -0.0013766074563599619 0.00019540273126195942 -0.00092605409425296084 -0.00067456692909984223 -0.0011046763895959605 0.00073586354858754715 -0.0039632682721786727 -0.0013686621243005335 0.00078215462961059409
leaf_weight=715.95579278329387 52.207063257927075 31.854934078641236 270.94842730462551 2072.5940061053261 236.9537690510042 579.14796725008637 184.52671764837578 3448.4982871434186 206.81457377225161 563.71333117736503 87.255579844117165 67.153631717897952 41.242465555667877 63.155034528579563 28.881771454587579
leaf_count=4585 608 410 1734 8445 1099 2765 1342 17318 1070 2500 336 300 68 262 146
internal_value=-8.59508e-05 0.00422179 0.0112306 0.0124374 -0.0147933 -0.011643 -0.00420551 0.000241131 -0.0132199 0.00112646 -0.025101 -0.0110311 -0.0265332 -0.0321186 -0.0191809
internal_weight=8650.9 6687.87 2416.64 2343.54 1963.03 1508.51 763.675 4271.23 259.022 4012.21 454.518 154.409 73.0974 300.109 744.838
internal_count=42988 32153 10657 10179 10835 8838 4107 21496 1678 19818 1997 636 478 1361 4731
is_linear=0
shrinkage=0.105172


Tree=8
num_leaves=16
num_cat=0
split_feature=22 1 23 26 26 26 27 18 18 7 26 26 24 10 10
split_gain=40.2926 10.1864 7.96204 7.18176 7.04989 5.91611 5.5949 5.02571 4.64061 4.30591 4.27827 5.43802 4.5006 3.37867 2.40795
threshold=0.044826901004016338 0.146885775862069 0.021891649378973425 0.18833621730289948 0.40486686914334585 0.31047631062807685 0.8547348484848486 0.033728633052021235 -0.033123790332980345 0.48580653827228598 0.30575446119437827 0.28253032048843568 11.500000000000002 0.22969424414024861 0.35124991574043313
decision_type=8 2 10 10 8 10 10 8 8 10 8 10 2 10 10
left_child=2 3 7 8 9 -5 -6 13 -2 -3 11 -4 -12 -1 -9
right_child=1 4 10 5 6 -7 -8 14 -10 -11 12 -13 -14 -15 -16
leaf_value=-0.0011758298140702355 0.0027955193095070968 0.00086001728788035251 -0.00067646353371473645 0.0012744862430142435 0.0033673138772214186 0.00025313731069221497 -0.00024809986623955215 -0.0018585834103226507 -0.00096687889458386641 -0.0020213939977644165 -0.00048954736071004181 -0.0013524877329635112 0.00036073082621951693 -0.00044439526226350295 0.00010886530219511135
leaf_weight=567.44327874947339 34.643349529709667 229.67149087693542 603.69915599236265 621.45117959147319 1034.9902229921427 3073.4482174443547 119.58613605145365 222.83005963684991 312.57932383613661 89.070747529156506 861.24583009909838 133.66749885119498 440.42365396022797 281.53743149945512 24.615776033140719
leaf_count=3230 174 1038 2354 2866 3831 15472 510 933 2077 268 6884 453 618 2100 180
internal_value=-0.000116109 0.00528825 -0.00964257 0.00253972 0.0127849 0.00391174 0.0166099 -0.016899 -0.0118728 -0.000873854 -0.00570848 -0.0121257 -0.00202356 -0.0129193 -0.0302786
internal_weight=8650.9 5515.44 3135.46 4042.12 1473.32 3694.9 1154.58 1096.43 347.223 318.742 2039.04 737.367 1301.67 848.981 247.446
internal_count=42988 26236 16752 20589 5647 18338 4341 6443 2251 1306 10309 2807 7502 5330 1113
is_linear=0
shrinkage=0.105172


Tree=9
num_leaves=16
num_cat=0
split_feature=22 26 23 23 10 31 9 33 7 34 33 18 33 34 35
split_gain=35.6522 10.4566 9.49462 6.19947 7.53852 6.8013 4.99633 5.47123 5.21412 4.82182 4.37297 4.29658 1.90815 1.79705 1.7958
threshold=0.051951510747203201 0.19170254193387043 0.021891649378973425 0.081081081081081099 0.17981163938467495 3.7399999999999998 0.40411706776050177 0.0092748671191494898 0.47334254958830824 0.030886867815338007 0.049016126982491699 0.02266867453175803 0.063564641781319056 0.053021199431777528 2.7628539433547847
decision_type=10 8 8 10 10 10 10 8 10 8 10 10 10 10 2
left_child=2 10 9 5 -5 -3 7 -4 -8 11 14 -1 -12 -11 -2
right_child=1 3 6 4 -6 -7 8 -9 -10 13 12 -13 -14 -15 -16
leaf_value=-0.00073134174290888723 0.00015276914836292066 0.00086936031497501722 -0.0010516380268051028 -0.001614871686903799 0.0021023032692750483 -0.00059668553011951806 0.0023557890890045963 -0.00036024024864544105 -0.00017748625430549791 -0.0020488605601396499 0.0025032891730739585 -0.0015045325488366938 -0.00071609198076104592 -0.00089037672697058075 -0.002740392002948061
leaf_weight=686.81949264137074 17.626167536247522 2217.9742270950228 403.24723560921848 98.670025547035038 1396.5460332944058 730.59910328220576 111.27014019619673 2304.0797083126381 80.43573101516813 69.890686586964875 19.874970123171806 320.7147126654163 69.615858630277216 21.130683302879333 102.40857683494687
leaf_count=4012 144 10020 2143 650 6228 2918 576 12356 376 916 70 1431 562 158 428
internal_value=-0.000418398 0.00583169 -0.00770943 0.00692458 0.0124615 0.00409481 -0.00452333 -0.00570112 0.01177 -0.0160577 -0.0170318 -0.0138614 0 -0.0396004 -0.0301394
internal_weight=8650.9 4653.31 3997.59 4443.79 1495.22 2948.57 2899.03 2707.33 191.706 1098.56 209.526 1007.53 89.4908 91.0214 120.035
internal_count=42988 21020 21968 19816 6878 12938 15451 14499 952 6517 1204 5443 632 1074 572
is_linear=0
shrinkage=0.105172


Tree=10
num_leaves=15
num_cat=0
split_feature=22 26 23 31 11 28 9 28 11 26 9 27 28 0
split_gain=29.9446 8.77522 8.18431 8.0405 6.36391 4.92852 7.01438 4.83676 5.57209 4.17828 3.9706 3.27382 2.44268 2.65828
threshold=0.057647658780766442 0.18116924566784318 0.021891649378973425 3.7500000000000013 0.24540710819975919 -0.041949999999999953 0.31885419286906186 -0.00079999999999995342 0.20456436545949827 0.29271577274858079 0.40411706776050177 0.27927670003838584 -0.060549999999999986 0.75250000000000017
decision_type=10 8 8 8 10 8 8 10 10 8 10 10 10 2
left_child=2 12 7 4 -3 6 -4 11 -9 -5 -7 -1 -2 -14
right_child=1 3 5 9 -6 10 -8 8 -10 -11 -12 -13 13 -15
leaf_value=-0.00065442521189459284 -0.0027056041405381531 -7.7695094520706956e-05 -0.0020663834676067951 0.002454274547648033 0.0016894294438824556 -0.0003135158909581123 0.00042306019232553495 -0.00097150467017108257 0.00011701782039716818 -0.00017886120888869084 0.0010342217600481946 -0.001447630475863768 -0.00072843483423941586 0.0008215265072636606
leaf_weight=271.37258888967335 41.752872342243791 518.82911701872945 207.89201702922583 84.806972112040967 2355.7950023901649 3005.3406397353392 115.46420397120528 258.83904715813696 298.97778750071302 900.08231372665614 214.01879913173616 279.50381686771289 71.167687939014286 27.060486860573292
leaf_count=1450 194 2995 952 432 9709 15815 802 1538 1932 3904 952 1629 524 160
internal_value=-0.000235101 0.00643008 -0.00597974 0.00738042 0.0101917 -0.00348757 -0.0158934 -0.0138843 -0.0068087 -0.000761056 -0.00222107 -0.0209298 -0.0192972 -0.00935878
internal_weight=8650.9 3999.49 4651.41 3859.51 2874.62 3542.72 323.356 1108.69 557.817 984.889 3219.36 550.876 139.981 98.2282
internal_count=42988 17918 25070 17040 12704 18521 1754 6549 3470 4336 16767 3079 878 684
is_linear=0
shrinkage=0.105172


Tree=11
num_leaves=16
num_cat=0
split_feature=19 19 11 5 24 28 17 9 33 26 26 21 27 5 5
split_gain=26.2911 9.89795 7.06446 6.94486 5.84472 5.06439 4.62842 4.62777 4.42556 5.62816 4.06717 3.38033 2.56702 6.52496 4.63086
threshold=0.039000373644854848 0.1043852664466669 0.26016668993437359 0.14705643237583474 11.500000000000002 0.078500000000000028 0.6302567977041692 0.19576518086215774 -0.00054872768106867243 0.21860131361191562 0.380833185690994 0.057205445781464762 0.19814364291998379 0.11304550813715626 0.15158810029232536
decision_type=10 10 10 10 2 10 10 8 8 10 8 10 10 10 10
left_child=7 3 5 11 -5 -3 -4 12 10 -10 -9 -2 13 -1 -14
right_child=1 2 6 4 -6 -7 -8 8 9 -11 -12 -13 14 -15 -16
leaf_value=0.00024673617351245549 -0.00044548709779100186 -0.0015031321265661236 -0.00051237999000263476 0.0001454877005973327 0.0013680208263509156 0.010200445738510146 0.002883155465607442 -0.0010181173311039223 -0.0010454648681934003 1.5339185740929651e-06 -0.0007044356725497713 0.00043919872851804392 -0.0013821535284130092 -0.0010034565957912794 -0.00099210053297656749
leaf_weight=166.01805926673114 1847.512031365186 167.17638863110915 136.73516234569252 1472.4774413551204 734.13430559635162 17.853917002677917 997.92746686143801 120.98393446952105 537.95348822558299 1146.272843928542 211.72125629056245 495.50172548182309 246.79393231775612 186.97579534165561 164.86560419341549
leaf_count=1000 8408 1062 612 10094 1043 94 4069 558 2663 5705 1578 2055 1804 1145 1098
internal_value=-0.000496648 0.00348701 0.0115108 0.00114531 0.00538913 -0.00731214 0.0146367 -0.00892482 -0.00623087 -0.00399143 -0.0173692 -0.00282458 -0.0159449 -0.00904564 -0.0217008
internal_weight=8650.9 5869.32 1319.69 4549.63 2206.61 185.03 1134.66 2781.58 2016.93 1684.23 332.705 2343.01 764.653 352.994 411.66
internal_count=42988 27437 5837 21600 11137 1156 4681 15551 10504 8368 2136 10463 5047 2145 2902
is_linear=0
shrinkage=0.105172


Tree=12
num_leaves=14
num_cat=0
split_feature=19 7 22 31 7 24 22 19 24 16 25 10 23
split_gain=22.475 8.51286 7.62619 6.45094 6.0514 4.77913 4.18362 5.94089 3.91669 3.56601 4.08914 3.40766 3.10041
threshold=0.039000373644854848 0.24060217608923976 0.11997579231207403 3.6249999999999996 0.12143879776513906 12.500000000000002 0.02084541578543703 0.029122286166196599 10.500000000000002 1.2744248096242876 0.32365055666315762 0.33909393275335314 0.045285543621913428
decision_type=10 10 10 8 8 2 8 10 2 10 8 10 8
left_child=6 4 3 -3 -2 -6 7 11 -4 10 -8 -1 -11
right_child=1 2 8 -5 5 -7 9 -9 -10 12 -12 -13 -14
leaf_value=-0.00099653528474141491 -0.002826268714554497 0.00093642481259739643 0.0012780352440573987 -0.00030392727203131534 -9.4147463581978054e-05 -0.0011951798565014741 1.3725935892669875e-06 0.0026983589761116898 0.0034226233023395224 -0.001224517125345713 -0.0006303489015147425 0.00052506069140734928 0.00094768058293571707
leaf_weight=412.15207458985969 43.833266676403582 2420.5419706972316 261.0777116199024 1058.723273598589 1622.3414523210377 43.362612724304199 890.89208776969463 17.336967386305332 419.43815100193024 207.97263821400702 1186.0490502901375 46.068270684685558 21.113825099077076
leaf_count=2971 364 9914 2113 4206 10110 44 3725 48 686 1176 7031 456 144
internal_value=-0.000512267 0.00317032 0.00574325 0.00372751 -0.00305333 -0.00199613 -0.00830517 -0.017364 0.0159525 -0.00640839 -0.00499242 -0.0197495 -0.0189561
internal_weight=8650.9 5869.32 4159.78 3479.27 1709.54 1665.7 2781.58 475.557 680.516 2306.03 2076.94 458.22 229.086
internal_count=42988 27437 16919 14120 10518 10154 15551 3475 2799 12076 10756 3427 1320
is_linear=0
shrinkage=0.105172


Tree=13
num_leaves=16
num_cat=0
split_feature=22 26 19 5 5 5 11 24 26 35 35 26 33 33 10
split_gain=18.2922 7.36183 7.73507 5.74748 7.89494 8.42749 5.1136 4.81981 4.34358 3.13334 2.88947 2.67024 2.07356 1.32797 0.773885
threshold=0.044826901004016338 0.15839123370189842 0.10560087189427726 0.25008561865827394 0.13617366636094116 0.090560958001889 0.26287248447146855 11.500000000000002 0.30377000842235474 2.7418072459717604 2.1955551267034625 0.53451642002297972 0.053193828780384263 0.057752598395632855 0.2732469119846534
decision_type=10 8 10 8 10 10 10 2 8 2 2 10 8 8 8
left_child=3 9 7 4 5 -1 -4 -3 -6 14 13 -12 -11 -5 -2
right_child=1 2 6 10 8 -7 -8 -9 -10 12 11 -13 -14 -15 -16
leaf_value=-0.00012435141247163554 -0.0014679643614023559 -0.00010005092267098678 -0.00045077141729808003 0.0047238612775461139 -0.00076521722296894767 -0.0010828839192244465 0.0020515628515269876 0.00073459429466767674 0.00060352208216241814 -0.0026246021177781173 -0.00079120554884417325 -3.9763609815799884e-06 -0.00029865733257389434 -0.00060212485166535293 0.0022085869734958749
leaf_weight=801.11461597424932 10.506702602840962 2691.8597138412297 177.08088882081211 15.736710702069102 219.65934552624822 549.86784359393641 1076.7307396274991 1404.1001754999161 527.02698408998549 75.728623209521174 902.60947975632735 130.27319785347208 36.944060462992638 11.934452103450896 19.729819008614868
leaf_count=4559 94 16525 1072 86 1054 2808 4393 1984 3592 216 4633 1234 522 86 130
internal_value=-0.000432441 0.0032269 0.0038664 -0.00681648 -0.00358423 -0.00839822 0.0111027 0.00163549 0.00504105 -0.0202454 -0.0131483 -0.0140835 -0.0284378 0.0193557 0.00819242
internal_weight=8650.9 5492.68 5349.77 3158.22 2097.67 1350.98 1253.81 4095.96 746.686 142.909 1060.55 1032.88 112.673 27.6712 30.2365
internal_count=42988 24936 23974 18052 12013 7367 5465 18509 4646 962 6039 5867 738 172 224
is_linear=0
shrinkage=0.105172


Tree=14
num_leaves=16
num_cat=0
split_feature=19 18 33 26 21 9 35 21 18 33 33 18 16 1 25
split_gain=16.0341 9.05615 6.93448 6.29667 4.97735 4.74681 4.33106 3.53689 2.90427 4.08592 2.45526 1.71801 1.14921 0.8396 0.0186374
threshold=0.039000373644854848 -0.040785521755872127 0.010041022223061248 0.083110072065886206 0.052817265080522612 0.44808714462328147 4.2439850839973383 0.0047743742537251811 0.084493416153346171 -0.00054872768106867243 0.023196518141403336 -0.0092921726955207933 0.78399443759090659 0.10218070652173915 0.10322215966085885
decision_type=8 8 10 8 8 10 2 8 10 8 10 8 8 2 10
left_child=7 2 6 13 -4 -5 -2 11 9 -9 -10 14 -13 -3 -1
right_child=1 3 4 5 -6 -7 -8 8 10 -11 -12 12 -14 -15 -16
leaf_value=0.0057803397107914316 0.002407619613073334 -0.0019461685202199401 0.00077777465345582077 -2.152886355733398e-05 0.0029533788782850142 0.0016016871133258878 -0.0018401628609165349 -0.00092446795790544301 0.00099710971941906678 -0.00039964604204793136 -0.00082545110508401641 -0.0011729135194202482 -0.0018991853277263706 -0.0012863290369050991 -0.00030954262344470992
leaf_weight=8.7812283234670776 125.24746014736593 36.771699437871575 362.09168509021401 4214.1671450263821 388.90751656889915 653.46001079445705 101.82112733088434 325.41828166041523 29.032264214940369 2295.4791456800885 23.358620944432914 15.355164378881453 51.747848754748702 9.6117390212602896 9.6524152988567931
leaf_count=54 792 274 1410 21603 1448 2644 460 2308 84 11168 200 82 259 106 96
internal_value=-0.000799387 0.0022907 0.0115344 0.000437647 0.0164209 0.000818543 -0.00434922 -0.00742156 -0.00671581 -0.00722343 0.0174132 -0.0286801 -0.0364736 -0.0380248 0
internal_weight=8650.9 5892.08 978.068 4914.01 750.999 4867.63 227.069 2758.82 2673.29 2620.9 52.3909 85.5367 67.103 46.3834 18.4336
internal_count=42988 28737 4110 24627 2858 24247 1252 14251 13760 13476 284 491 341 380 150
is_linear=0
shrinkage=0.105172


Tree=15
num_leaves=12
num_cat=0
split_feature=22 18 19 7 18 15 24 34 26 34 26
split_gain=12.2291 6.2872 5.91945 5.73251 5.54795 4.47579 3.50434 3.80335 3.76443 3.38512 3.2083
threshold=0.034884312977091846 -0.040785521755872127 0.037934716809550899 0.055067478884503709 -0.04408496289062263 0.78492154115982116 12.500000000000002 0.032787478526565723 0.57583925508453826 0.035045752020310468 0.33488094468352109
decision_type=10 8 10 8 10 8 2 10 10 10 8
left_child=6 2 10 -3 -4 -5 7 8 -1 -9 -2
right_child=1 3 4 5 -6 -7 -8 9 -10 -11 -12
leaf_value=-0.00049836960214154065 -0.0020482335845451957 -0.0025460595302268176 0.00072857326783078895 -0.001676500812395929 0.0041717472200335209 8.909486880095083e-05 -0.0019978519287374456 -0.0020598672270601228 0.00066510116868455707 -0.00053033642428424301 -0.00039187464766117226
leaf_weight=1622.6420192690566 33.295299065299332 25.220030777156353 868.07500265166163 216.09147882368416 107.72180125582963 5374.0273726047017 49.414915652945638 40.028668761253357 156.31435224972665 82.404772307723761 75.667639254126698
leaf_count=9467 100 76 3640 1292 430 25131 58 54 1982 412 346
internal_value=-0.000588202 0.00153764 0.00886777 0.00011012 0.0115001 0.000347853 -0.00792131 -0.00715904 -0.00587708 -0.0252341 -0.0141061
internal_weight=8650.9 6700.1 1084.76 5615.34 975.797 5590.12 1950.8 1901.39 1778.96 122.433 108.963
internal_count=42988 31015 4516 26499 4070 26423 11973 11915 11449 466 446
is_linear=0
shrinkage=0.105172


Tree=16
num_leaves=16
num_cat=0
split_feature=21 20 24 17 38 17 16 17 16 5 16 21 20 11 24
split_gain=10.4618 6.09011 6.22978 7.75748 5.49636 4.48479 4.96697 3.96489 3.95348 3.8426 4.4324 3.61991 3.53383 2.29225 1.88493
threshold=0.056068049213665573 0.014870008573105943 11.500000000000002 0.82947312341347479 4.5000000000000009 0.70783579849463563 1.1166582452879263 0.67841325082299997 1.2261651476760105 0.21564055299539178 1.3118331772267144 0.058738774648533991 0.062500367589762587 0.16280980040691331 9.5000000000000018
decision_type=10 8 2 10 2 10 10 10 8 8 10 10 10 10 2
left_child=1 8 4 -4 -3 6 7 -2 13 10 -7 -11 -8 -1 -10
right_child=5 2 3 -5 -6 9 12 -9 14 11 -12 -13 -14 -15 -16
leaf_value=0.00012683846651244586 0.0011634274686244507 -0.00070322769049301721 0.00088997418221567275 -0.00014518687785840462 -0.00012270440693364692 0.0016566342002560278 0.00028591244298213056 -0.00099629922341617897 -0.00055376691667781246 0.0023200958621654058 0.0028968947172138488 -4.8082004175682679e-05 -0.0022860983278293898 -0.00074310861672242001 -0.0010928808219627406
leaf_weight=118.93963899463415 309.73847751459107 1188.5780288386159 631.66876876354218 1429.3511325120926 2576.3293691449799 996.01329204533249 25.976723823696375 82.769975016824901 32.017588021699339 61.654280855320394 80.413650995120406 673.45876833796501 79.076242482289672 305.58995709381998 59.32745823264122
leaf_count=530 1475 9534 869 2049 17090 3964 96 350 1040 240 214 3178 258 1983 118
internal_value=-0.000730952 -0.00294429 -0.0019616 0.00266726 -0.00451236 0.00532022 -0.00343516 0.00185509 -0.013915 0.00775997 0.0117733 0.00179589 -0.0237707 -0.00942876 -0.0340145
internal_weight=8650.9 6341.8 5825.93 2061.02 3764.91 2309.1 497.561 392.508 515.875 1811.54 1076.43 735.113 105.053 424.53 91.345
internal_count=42988 33213 29542 2918 26624 9775 2179 1825 3671 7596 4178 3418 354 2513 1158
is_linear=0
shrinkage=0.105172


Tree=17
num_leaves=16
num_cat=0
split_feature=22 26 9 28 8 8 20 21 7 21 5 35 33 30 26
split_gain=9.47138 6.9051 5.85207 5.9264 5.51781 4.90215 4.63076 3.56766 3.88928 3.37514 2.98238 2.24512 2.22109 2.05528 1.53069
threshold=0.057647658780766442 0.18116924566784318 0.39945262313475677 -0.041949999999999953 0.41159929454252503 0.50195058839040463 0.014870008573105943 0.15894224440592444 0.53032106632534104 0.0085494440897934051 0.22528068852807401 3.1426424955745405 0.050055173540845883 17.410000000000004 0.14588403267378283
decision_type=10 8 10 8 8 10 8 10 8 8 10 2 8 10 10
left_child=2 11 3 4 -1 10 -5 9 -9 -3 -4 14 -13 -7 -2
right_child=1 7 5 6 -6 13 -8 8 -10 -11 -12 12 -14 -15 -16
leaf_value=-0.0011363218511452979 0.00023540296622181627 -0.002668228024962326 0.0024748503935691844 -0.00066495454235251201 0.00187041613208681 -0.00043027905439399082 -0.0001808498502777185 0.004293588070837834 -0.0022343309117475265 0.0004649850938854308 -0.001818524971097117 -0.0016986168434315651 -0.00026144799667711041 5.6678927321697893e-05 -0.0011403466856854685
leaf_weight=314.93018329655752 26.937537765596062 22.789039029739797 130.21964604500681 480.59399866312742 38.739254859974608 29.498938928358257 3515.2976747408975 104.94514882471412 27.511265470646322 3704.2679519224912 17.302923713810742 62.811894727870822 32.092946836724877 124.82628003600985 18.138667811639607
leaf_count=1615 186 144 554 3296 390 136 18243 458 100 16338 100 156 404 736 132
internal_value=-0.000948043 0.00279531 -0.00418032 -0.0051727 -0.0182687 0.00990499 -0.003997 0.00364178 0.0206738 0.00301855 0.0236496 -0.0200669 -0.029236 -0.00283709 0
internal_weight=8650.9 3999.49 4651.41 4349.56 353.669 301.848 3995.89 3859.51 132.456 3727.06 147.523 139.981 94.9048 154.325 45.0762
internal_count=42988 17918 25070 23544 2005 1526 21539 17040 558 16482 654 878 560 872 318
is_linear=0
shrinkage=0.105172


Tree=18
num_leaves=16
num_cat=0
split_feature=19 28 20 18 24 13 11 26 16 23 27 30 17 27 5
split_gain=8.38221 5.84007 5.18173 5.76013 4.88083 4.80201 4.84632 4.80432 4.66482 4.3644 4.3331 5.68682 3.54085 3.54014 3.25507
threshold=0.072159366975793074 -0.041099999999999991 0.014870008573105943 0.021193476958504268 11.500000000000002 1.6037480252188165 0.25359457680150405 0.43594980727333671 1.3277633398352269 0.053140159859530391 0.68308291793284492 17.730000000000004 1.9490343764060805 0.19814364291998379 0.12414678112771202
decision_type=10 8 8 8 2 10 10 8 8 10 10 10 10 8 8
left_child=1 10 3 -3 -4 7 13 9 -9 -2 11 -1 -8 -7 -12
right_child=5 2 4 -5 -6 6 12 8 -10 -11 14 -13 -14 -15 -16
leaf_value=-6.10192731075321e-05 0.0010328019221129776 -0.00019575503310721842 -0.00024846492379736683 -0.0010375827670721651 0.00028560150833006952 0.00040095559193299002 0.0018500323388060665 0.0015797453267804998 -0.00027987470254678783 -0.0014633100408279708 -0.0012938222327771541 -0.0014196555207020829 -0.0032022261772182235 -0.0027254363292187698 0.0011784707436316804
leaf_weight=225.56150143081322 92.731268297880888 327.87130326079205 2990.8896673980635 167.21612149337307 1745.0451709032059 270.90462781721726 1084.2320322939195 737.92570805875584 187.26941698184237 354.27900220640004 57.881131613627076 181.75668998528272 53.743604950141162 75.437573718372732 98.158532263478264
leaf_count=1370 284 2544 21404 848 2490 1719 4903 2937 630 1330 365 723 206 594 641
internal_value=-0.000924523 -0.00322894 -0.00211862 -0.0123661 -0.00103359 0.00372772 0.00787706 -0.000715037 0.00356072 -0.0097039 -0.0134227 -0.0191392 0.0112035 -0.00287052 0.00110002
internal_weight=8650.9 5794.38 5231.02 495.087 4735.93 2856.52 1484.32 1372.21 925.195 447.01 563.358 407.318 1137.98 346.342 156.04
internal_count=42988 30385 27286 3392 23894 12603 7422 5181 3567 1614 3099 2093 5109 2313 1006
is_linear=0
shrinkage=0.105172


Tree=19
num_leaves=15
num_cat=0
split_feature=9 15 12 21 12 31 26 10 26 6 24 7 26 31
split_gain=8.41428 6.20721 6.04116 6.33644 5.18508 4.21306 4.79647 4.72844 3.99539 3.85264 3.14778 1.78111 1.46173 1.27431
threshold=0.33307999910145408 1.538985495796094 0.11144383838117279 0.0047743742537251811 0.023110635346025001 3.7399999999999998 0.30377000842235474 0.69277592773273977 0.20697655400255424 0.47068707591932107 10.500000000000002 0.35967690923156226 0.30377000842235474 -1.2750000000000001
decision_type=10 10 10 8 8 8 10 10 8 8 2 10 10 10
left_child=2 5 3 12 -5 6 -2 -7 11 -10 13 -3 -1 -4
right_child=1 8 10 4 -6 7 -8 -9 9 -11 -12 -13 -14 -15
leaf_value=-0.0017104601052890687 -0.00027460749872315263 -0.0013801913873706933 0.00077931262692379618 -0.00057640666882255713 -6.3927829794448865e-05 -0.0014850178561620563 0.00086276693154140624 0.00040869303105446657 -0.00079899853463999187 0.0018268933957992608 -0.0015863470612734083 0.0039661010695341411 -0.0005223724515278494 -0.00077886597993240053
leaf_weight=51.217343815602362 162.20539818052202 44.52336020488292 10.530990163795648 715.02019747393206 4875.5544389458373 373.36653568129987 974.20070187468082 185.0550265237689 27.20718674454838 949.95705120218918 79.096742808818817 16.665105076506734 29.697666176594794 156.60560780018568
leaf_count=254 794 210 178 4781 24630 1566 3984 706 86 4134 136 78 289 1162
internal_value=-0.000873919 0.0039421 -0.00310899 -0.00239576 -0.00196025 0 0.00369449 -0.00746004 0.0103447 0.0120141 -0.0192666 -0.0152432 -0.0316348 -0.0105301
internal_weight=8650.9 2733.18 5917.72 5671.49 5590.57 1694.83 1136.41 558.422 1038.35 977.164 246.233 61.1885 80.915 167.137
internal_count=42988 11558 31430 29954 29411 7050 4778 2272 4508 4220 1476 288 543 1340
is_linear=0
shrinkage=0.105172


Tree=20
num_leaves=16
num_cat=0
split_feature=7 16 33 16 4 15 5 12 7 12 22 22 7 35 22
split_gain=6.44265 6.45102 5.39592 5.54676 5.04831 4.76346 4.58405 4.37568 10.5436 3.96708 3.78638 3.72243 3.67737 2.1078 1.20368
threshold=0.23970879763352398 1.2136789631752369 -0.0030040070543069781 0.68430738381125311 0.20673512199359065 1.538985495796094 0.10364657871233714 0.11357962574313106 0.45139644035650917 0.15850433365807379 0.049179656571413134 0.043478853057763681 0.055067478884503709 3.8211131240713141 0.040409589632567772
decision_type=10 10 8 10 10 10 10 10 10 10 10 10 8 2 10
left_child=2 5 3 14 12 6 -2 8 -3 -9 -5 -7 -4 -6 -1
right_child=1 7 4 10 13 11 -8 9 -10 -11 -12 -13 -14 -15 -16
leaf_value=0.0013249488063504173 -0.00036563795801341527 -0.00045312590912863573 -0.0021275236001841312 -0.0012636243821855251 -0.0014954056708739376 -0.00013136156124168288 0.00050468012514984554 -0.0013032203808811607 0.0041701302525977476 -0.00025752265712310988 0.0010368232004478995 0.0011905964200408905 -0.00017324221791578277 0.00045330194826664807 -9.817109968127729e-05
leaf_weight=15.754148466512559 851.51038436964154 497.29364281333983 36.725039085838944 137.30864838697016 67.288439635187387 299.97197373304516 1458.0556040336378 215.60768643207848 164.17364645795897 268.6223571524024 32.839082418940961 1578.4257788606919 2987.8700307095423 15.573044981807469 23.883845135569572
leaf_count=66 3208 2098 126 954 342 1425 6234 746 382 1556 388 6571 18660 68 164
internal_value=-0.000727582 0.00152712 -0.00437176 -0.0207458 -0.00324485 0.00344945 0.000222277 -0.00544403 2.2616e-05 -0.0130392 -0.0291159 0.00738335 -0.00251941 -0.0289005 0.0135648
internal_weight=8650.9 5333.66 3317.24 209.786 3107.46 4187.96 2309.57 1145.7 661.467 484.23 170.148 1878.4 3024.6 82.8615 39.638
internal_count=42988 22220 20768 1572 19196 17438 9442 4782 2480 2302 1342 7996 18786 410 230
is_linear=0
shrinkage=0.105172


Tree=21
num_leaves=13
num_cat=0
split_feature=22 27 26 21 33 24 22 1 21 26 26 15
split_gain=6.00661 7.6427 5.4457 5.10271 4.99801 4.09906 3.65156 3.62772 4.95551 3.55007 2.95674 2.88966
threshold=0.023478770814444768 0.19616252663928738 0.034017336725933364 0.15894224440592444 0.028870247836177757 11.500000000000002 0.020364334256993254 0.11072077922077923 0.031715028668460363 0.85822613703731077 0.46114325513873217 1.5942747443041208
decision_type=10 10 8 10 8 2 8 2 8 8 10 10
left_child=1 4 -2 5 11 -4 -6 10 -9 -5 -3 -1
right_child=2 7 3 9 6 -7 -8 8 -10 -11 -12 -13
leaf_value=0.0010215391121956229 -0.0020805781157791007 -0.00091434184948220977 -0.00012785000608797752 0.0030578049333551361 -0.00045942552942368671 0.00028050788420844213 0.0005842028144061015 0.00099286462400108755 -0.00098687647213521333 -0.0039457048220612415 -0.00020746846566598476 -2.1865905499524247e-05
leaf_weight=40.200738782063127 32.386334365233779 300.15794293442741 5076.3605285342783 107.67834376264364 108.82017181953415 2668.9884543418884 89.548028195975348 58.547191097401083 20.053626524750143 29.89099692646414 89.73462476185523 28.536370626650751
leaf_count=99 156 1809 32560 476 1098 3773 1180 348 340 108 888 153
internal_value=-0.000630952 -0.00972224 0.000206155 0.000391404 0.00428374 2.63879e-05 -0.0039107 -0.017841 0.00204284 0.0204564 -0.0220105 0.0287969
internal_weight=8650.9 735.599 7915.3 7882.92 267.105 7745.35 198.368 468.493 78.6008 137.569 389.893 68.7371
internal_count=42988 5915 37073 36917 2530 36333 2278 3385 688 584 2697 252
is_linear=0
shrinkage=0.105172


Tree=22
num_leaves=16
num_cat=0
split_feature=26 5 23 18 31 28 12 12 16 31 5 9 34 28 33
split_gain=6.32504 6.56891 5.85908 5.51639 5.47105 5.24037 5.07008 5.72983 4.43281 4.41281 6.45498 4.24887 3.52211 2.90233 2.56577
threshold=0.39025073941456462 0.14590905244241623 0.13535302075779501 0.051144829027293233 2.4949999999999997 0.014949999999999993 0.10083799609227578 0.097244266360155873 1.1264290627285265 6.0349999999999993 0.18338020710794248 0.37057588156470622 -0.01671654375609288 0.022700000000000043 0.0062052087867828796
decision_type=10 8 10 10 8 10 10 10 8 10 8 10 10 10 10
left_child=3 2 8 6 -4 11 7 -1 -2 10 -3 -5 -8 -7 -11
right_child=1 9 4 5 -6 13 12 -9 -10 14 -12 -13 -14 -15 -16
leaf_value=-9.8089864137642629e-05 -4.5853659284800584e-05 0.0016401912529604009 0.0093409412522086049 -0.0011602282457821101 -0.00097089488581471274 0.0035546262042047889 0.00045644373071428173 0.0026776150913163329 -0.00065811796404259949 -0.0009423689079192443 0.00046354452616053488 6.9382154775540306e-05 -0.0014071471633661321 -0.00010067525124266634 0.00095282194473155868
leaf_weight=3250.7913592075929 1130.8364346381277 687.57916276319884 54.120727126486599 265.49955936986953 23.239552598912269 29.71040964871645 70.279666153248399 33.914302418474108 531.14051559008658 266.55131600052118 1812.7362004432362 81.579664014279842 216.88286544010043 52.750117347575724 143.2914999127388
leaf_count=14923 5765 3608 178 994 96 94 440 122 2348 1594 11034 376 870 250 296
internal_value=-0.000637928 0.00199138 -0.00309933 -0.00370884 0.0250372 -0.0149943 -0.0023333 -0.00114055 -0.00444962 0.0050557 0.00672456 -0.0207078 -0.0157473 0.00828191 -0.00496982
internal_weight=8650.9 4649.5 1739.34 4001.41 77.3603 429.54 3571.87 3284.71 1661.98 2910.16 2500.32 347.079 287.163 82.4605 409.843
internal_count=42988 24919 8387 18069 274 1714 16355 15045 8113 16532 14642 1370 1310 344 1890
is_linear=0
shrinkage=0.105172


Tree=23
num_leaves=13
num_cat=0
split_feature=22 21 7 12 24 28 7 21 21 20 5 8
split_gain=5.06418 4.11283 4.59806 3.68156 3.34803 7.51305 4.15647 3.1509 3.51535 5.08799 2.18348 0.909278
threshold=0.023478770814444768 0.15894224440592444 0.5379487921006284 0.040758733746656568 11.500000000000002 -0.041099999999999991 0.055067478884503709 0.0047743742537251811 0.010107303520864804 0.0095009506453608578 -0.07292753380329367 0.22731503623173799
decision_type=8 10 10 8 2 8 8 8 10 10 8 10
left_child=7 4 3 -3 6 -6 -2 11 10 -10 -9 -1
right_child=1 2 -4 -5 5 -7 -8 8 9 -11 -12 -13
leaf_value=-0.0014537128321504644 -0.0021301351713533512 -0.0037387969905071697 -0.0020536180263326068 0.0037847709803562899 -0.00096179784445166649 0.00035297162314836336 -9.5598605565666827e-05 -0.0014697071902800964 -0.00080535646817740821 -0.00033644688570583789 0.00034910830019931202 -0.0021205315067094805
leaf_weight=30.46179433632642 20.314628514461219 21.299145293422043 28.114843278191984 88.155352117493749 218.39310336112976 2465.806497335434 5095.9810328083113 11.862228282261638 71.425765036605299 405.63676165416837 180.77167092496529 12.680529730394481
leaf_count=189 114 144 100 340 285 3510 33880 80 500 2146 1622 78
internal_value=-0.000461267 0.000293649 0.0183086 0.0282769 -1.63804e-05 0.00298347 -0.00160262 -0.00895446 -0.00705694 -0.0119357 0.0046976 -0.0367976
internal_weight=8650.9 7938.06 137.569 109.454 7800.5 2684.2 5116.3 712.839 669.696 477.063 192.634 43.1423
internal_count=42988 38373 584 484 37789 3795 33994 4615 4348 2646 1702 267
is_linear=0
shrinkage=0.105172


Tree=24
num_leaves=16
num_cat=0
split_feature=26 31 7 27 27 18 9 9 11 24 12 5 7 24 9
split_gain=5.42283 5.3504 7.42221 5.55173 5.71524 5.31671 5.94075 7.27039 6.64426 4.83102 4.48284 4.05267 3.84745 3.75754 0.824472
threshold=0.39025073941456462 3.0800000000000005 0.45139644035650917 0.16762265680714505 0.021571654380807475 0.051144829027293233 0.24021464234273923 0.21520314226226786 0.32550827107891123 11.500000000000002 0.1444548176102258 0.11304550813715626 0.055067478884503709 12.500000000000002 0.042396962904183488
decision_type=10 8 10 8 10 10 10 10 10 2 10 8 8 2 10
left_child=5 2 9 4 -3 12 7 -7 -8 -2 -4 -5 14 -14 -1
right_child=1 3 10 11 -6 6 8 -9 -10 -11 -12 -13 13 -15 -16
leaf_value=-0.00084365753730460894 -4.7111222476591142e-05 -0.0025204741956935013 0.002390653410216785 -0.00068532291134751225 0.0019444048709474364 -0.00032548117097606222 -0.0012141564614551903 0.0018661216896943117 -0.00032298968781468068 0.00084780387141837794 -1.9021075338780482e-05 -0.00018439897243237928 -0.00011095632952300884 0.00066895927408559494 -0.0019061050109520582
leaf_weight=19.373481853399426 1888.3579894606955 57.238073522457853 324.54298092052341 300.53074867976829 210.75501754833385 49.760428056120872 145.08422410581261 37.79436279181391 196.90073542669415 679.44764399528503 122.20543275587261 1066.4175221903715 3501.3753045941703 29.306239457800984 21.813167314045131
leaf_count=56 13692 270 986 1674 1596 276 536 130 772 963 490 5248 16158 37 104
internal_value=-0.000491447 0.00194273 0.00457816 -0.00287789 0.0108786 -0.00333562 -0.0144118 0.00952737 -0.0207272 0.00237227 0.0171096 -0.0056222 -0.00198529 -0.00159279 -0.0339488
internal_weight=8650.9 4649.5 3014.55 1634.94 267.993 4001.41 429.54 87.5548 341.985 2567.81 446.748 1366.95 3571.87 3530.68 41.1866
internal_count=42988 24919 16131 8788 1866 18069 1714 406 1308 14655 1476 6922 16355 16195 160
is_linear=0
shrinkage=0.105172


Tree=25
num_leaves=15
num_cat=0
split_feature=21 23 16 34 34 19 5 19 26 23 35 27 34 27
split_gain=4.72676 4.47226 4.33104 4.27662 8.17521 7.59968 4.67193 4.5765 4.41499 4.26948 4.77581 4.37877 2.24871 0.975918
threshold=0.033131347006487254 0.0077186624606392371 0.84674524046938704 0.029242764457544927 0.023334753094958142 0.15815223966322964 0.30414884696922889 0.14024581852560128 0.64034736641086754 0.015456399862589123 3.0274731300102027 -0.032194225459640943 0.036449161784192004 0.40920478451924741
decision_type=10 8 8 8 10 10 10 10 10 8 2 8 10 10
left_child=1 2 -1 4 8 6 -5 -6 -2 10 -3 -11 -7 -4
right_child=3 9 13 5 7 12 -8 -9 -10 11 -12 -13 -14 -15
leaf_value=-0.0015648832157158987 -5.0436627696909057e-06 0.0026295475048917247 0.00089937141558412445 0.0011140815080530155 -0.0017582817848430781 -0.0015803131377906136 -0.0012295091881437544 0.001914227667127747 0.0014989196388126517 -0.0022553913756254282 -0.00051072289383182823 -0.00010209333475999871 -0.00094980889257346133 -7.1076920422097977e-05
leaf_weight=11.379449922591446 2764.5183882000856 31.514273626729846 40.629872153513134 615.39370667003095 280.34598422795534 36.291337907314301 48.117795869708061 52.341692328453064 767.67186015471816 39.455665285000578 310.37049507256597 3608.5474380159285 38.967327211052179 5.3580660275183609
leaf_count=164 12579 252 794 1672 482 62 194 78 5053 114 1557 19597 96 294
internal_value=-0.000496595 -0.00312417 0.0258536 0.00179972 0.000381004 0.0091343 0.0127885 -0.0153548 0.00188172 -0.00355782 -0.0148302 -0.00248338 -0.0221977 0.0407912
internal_weight=8650.9 4047.26 57.3674 4603.65 3864.88 738.77 663.512 332.688 3532.19 3989.89 341.885 3648 75.2587 45.9879
internal_count=42988 22772 1252 20216 18192 2024 1866 560 17632 21520 1809 19711 158 1088
is_linear=0
shrinkage=0.105172


Tree=26
num_leaves=12
num_cat=0
split_feature=7 24 26 15 6 17 7 7 35 19 30
split_gain=4.28368 5.98917 5.08739 6.4858 5.04631 4.22857 3.91498 3.55865 3.69829 2.87017 2.66112
threshold=0.23970879763352398 12.500000000000002 0.43594980727333671 1.1189998385671271 0.47068707591932107 2.1076768345885815 0.28370078118497138 0.23778368529668331 3.6329702509376252 0.067044976771573478 19.495000000000001
decision_type=10 2 10 10 8 10 10 10 2 10 10
left_child=1 7 5 10 -5 6 -2 8 -1 -9 -4
right_child=2 -3 3 4 -6 -7 -8 9 -10 -11 -12
leaf_value=-0.00065543115709876427 0.00033806231579513112 -0.0013168112915909272 0.00020734168862627283 -0.00074982224082859191 0.00094855323765981488 -0.0045261654157712069 -0.0002694589295292475 -0.0016911875594889084 -1.717180212017619e-05 0.00080822334765823592 -0.00036152375521205098
leaf_weight=676.38043536338955 745.01760891545564 82.532524943351746 313.56661131465808 31.774993846192956 2177.8036751067266 28.605893020983785 1570.1498193000443 42.699139256961644 2501.8983446680941 13.731834588572381 466.74247234873474
leaf_count=4530 3187 84 1373 138 9224 94 5748 224 15832 98 2456
internal_value=-0.000521534 -0.00349423 0.00131553 0.00419883 0.00711994 -0.00233571 -0.00180892 -0.00275806 -0.00227078 -0.0289906 -0.00399155
internal_weight=8650.9 3317.24 5333.66 2989.89 2209.58 2343.77 2315.17 3234.71 3178.28 56.431 780.309
internal_count=42988 20768 22220 13191 9362 9029 8935 20684 20362 322 3829
is_linear=0
shrinkage=0.105172


Tree=27
num_leaves=15
num_cat=0
split_feature=30 21 34 5 24 17 15 24 24 27 7 10 18 18
split_gain=4.83226 6.01481 5.03832 7.56466 4.89577 4.87666 4.55139 4.34678 3.75217 7.3771 4.20984 3.05378 2.13443 1.84093
threshold=19.565000000000001 0.090913137050531986 0.037943411761758646 0.20739116472855723 12.500000000000002 1.2008569096871116 1.1121147431921836 11.500000000000002 11.500000000000002 0.73768489046994956 0.055067478884503709 0.55348537393494668 -0.017086701308698989 0.039472805911537685
decision_type=10 10 8 8 2 10 10 2 2 10 8 10 10 10
left_child=1 8 4 7 6 11 -2 -4 10 -10 -1 -3 -5 -7
right_child=2 5 3 12 -6 13 -8 -9 9 -11 -12 -13 -14 -15
leaf_value=-0.0016259662888703048 -0.00095300343733171924 0.0016131438326751927 0.00050214310123249345 -0.0013475286308457502 -0.0012220936346602127 0.0043109725907775698 -0.00011869881128003506 0.0054412913026865755 0.00015842767275026827 0.00097946485927179216 -0.00010100966381764947 -0.0034331875579615536 0.00070709125358770527 0.0012784757624262125
leaf_weight=20.658286990132183 578.18108268920332 329.81018749484792 78.942350656725466 67.038728915154934 41.988561630249023 80.057971582747996 1790.2085019098595 65.828359603881836 1635.3174330908805 62.818543314933777 3751.5645621242002 70.181048038415611 56.197796680033207 22.109937951900065
leaf_count=118 2910 1602 520 402 44 344 6440 76 2418 78 27255 261 358 162
internal_value=-0.000581017 0.00107511 -0.00429741 0.00928733 -0.00583468 0.0120894 -0.00517131 0.0256951 5.21107e-05 0.00416834 -0.00178425 0.00664508 -0.00948489 0.0327371
internal_weight=8650.9 5972.52 2678.39 268.007 2410.38 502.159 2368.39 144.771 5470.36 1698.14 3772.22 399.991 123.237 102.168
internal_count=42988 32238 10750 1356 9394 2369 9350 596 29869 2496 27373 1863 760 506
is_linear=0
shrinkage=0.105172


Tree=28
num_leaves=15
num_cat=0
split_feature=9 5 1 5 30 22 17 10 39 17 10 38 28 3
split_gain=3.83271 4.10339 5.24799 5.15441 6.524 4.97692 4.45293 3.89901 4.2753 6.73249 5.22662 2.06291 1.06864 0.632417
threshold=0.33307999910145408 0.13617366636094116 0.033717105263157902 0.12414678112771202 19.215000000000003 0.019135959214471868 1.065149225347626 1.0631843515748887 1.5000000000000002 0.94214937817845346 0.66134929411171661 3.5000000000000004 -0.031400000000000004 23.500000000000004
decision_type=10 10 2 10 10 10 10 10 2 10 10 2 10 2
left_child=1 3 13 4 -1 -4 -5 8 10 -10 -2 -9 -13 -3
right_child=7 2 5 6 -6 -7 -8 11 9 -11 -12 12 -14 -15
leaf_value=-1.8989751845799469e-05 0.00088485882127722763 -0.00055755204635450997 -0.00050913985043476626 -0.0013442666047556076 -0.00079880259944381288 0.00011079116815544827 0.00051063541200730019 -0.0043675904322956031 0.0004499583865315485 -0.00040404007709170952 0.0039024368336460441 -0.0021676174225206952 0.0010997016163788943 -0.0016358700598493186
leaf_weight=1864.3537516619544 712.29953485587612 33.692327866330743 139.75968132633716 143.29021849785931 787.26412942400202 2869.7020466411486 53.914095833897591 38.254324421286583 986.47486497461796 829.32166701368988 139.15969214960933 14.122839851304891 13.547442222014068 25.746735933236778
leaf_count=10615 2973 164 1576 759 3312 14574 346 72 4439 3350 508 104 112 84
internal_value=-0.000353514 -0.00186446 0.000786209 -0.00474195 -0.0034926 0.00141832 -0.0212019 0.00289468 0.00354025 0.000619362 0.00969359 -0.0222064 0 -0.0300649
internal_weight=8650.9 5917.72 3068.9 2848.82 2651.62 3009.46 197.204 2733.18 2667.26 1815.8 851.459 65.9246 27.6703 59.4391
internal_count=42988 31430 16398 15032 13927 16150 1105 11558 11270 7789 3481 288 216 248
is_linear=0
shrinkage=0.105172


Tree=29
num_leaves=13
num_cat=0
split_feature=20 22 20 16 26 17 35 7 22 7 33 20
split_gain=3.60123 6.68462 5.03178 4.34013 4.27661 3.94605 5.01735 4.08291 3.46663 2.16175 1.64573 0.61697
threshold=0.078457738270416563 0.11997579231207403 0.064447891666982823 1.1948418097073796 0.15839123370189842 1.1035337811955073 4.3375521360327962 0.45139644035650917 0.083693611710475957 0.37184678308280966 0.053193828780384263 0.10709988807721708
decision_type=10 10 8 10 8 8 2 10 10 10 8 10
left_child=1 2 3 -1 10 7 -7 -6 -4 -3 -2 -12
right_child=4 9 8 -5 5 6 -8 -9 -10 -11 11 -13
leaf_value=1.2112761023968336e-05 -0.0015533887242087869 0.00067751482924705486 -0.0011693278979149151 -0.00028628299142056496 -0.0002593207207738216 0.00053769486842843519 0.0029822559988592593 0.0014245902216949587 0.0004195280945757491 0.0092442635386505347 0.0016398268993907724 -0.0023530000927158685
leaf_weight=4854.940795879811 28.060182237997651 20.375120302662253 663.05723275756463 859.8948849439621 980.14217266859487 440.61317191598937 231.07650525728241 351.13881091866642 157.50035620480776 43.748568461276591 7.8535778787918415 12.501973245758562
leaf_count=23648 94 134 4442 4686 4901 1788 1018 1259 656 120 104 138
internal_value=-0.000313553 -0.00151662 -0.00185773 -0.000739806 0.00352582 0.00430067 0.0108805 0.000932348 -0.00956473 0.0321733 -0.0271256 -0.00101218
internal_weight=8650.9 6599.52 6535.39 5714.84 2051.39 2002.97 671.69 1331.28 820.558 64.1237 48.4157 20.3556
internal_count=42988 33686 33432 28334 9302 8966 2806 6160 5098 254 336 242
is_linear=0
shrinkage=0.105172


Tree=30
num_leaves=16
num_cat=0
split_feature=32 10 24 7 21 34 5 31 15 24 33 12 20 34 5
split_gain=3.59225 4.50929 5.46722 6.01608 4.38812 4.01965 5.99204 4.27378 3.95502 9.23114 5.31581 3.33506 4.37595 3.59646 1.70377
threshold=0.81200527704485503 0.23445936180069291 11.500000000000002 0.29770723556026701 0.090913137050531986 0.037943411761758646 0.20739116472855723 6.530000000000002 1.099359646712504 11.500000000000002 0.0092748671191494898 0.043936145395914027 0.016344911965058499 -0.021412423632431673 0.27309562981809327
decision_type=10 8 2 10 10 8 8 10 10 2 10 10 8 8 10
left_child=1 11 4 -4 -3 8 7 -7 9 -2 -10 13 -13 -1 -8
right_child=5 2 3 -5 -6 6 14 -9 10 -11 -12 12 -14 -15 -16
leaf_value=-0.00034850464932102265 -0.00030226592004195551 -7.9196897852307116e-05 0.00097490257639001247 9.7865140108824389e-05 0.002224955903738298 0.0052036042427151888 -0.001123069022633563 -2.4041440117189166e-05 -0.00095888277933712412 -0.0015515346917763704 1.2583189393079883e-05 -0.00087001754077328125 -0.00038242716295371808 0.00019586511717621788 0.0010067536044005799
leaf_weight=757.01241995859891 396.00891266297549 2268.6354087968357 581.74501213617623 636.36546969413757 289.18605837086216 89.783434019424021 89.176029965281487 54.987276241183281 405.16626769583672 167.58031785488129 1441.6226480156183 96.558070320170373 645.91764374542981 697.09788756584749 34.060495629906654
leaf_count=6667 2626 15564 860 920 1809 246 522 350 2212 226 4330 525 2860 3033 238
internal_value=-0.000449535 0.000977324 0.00318923 0.00899029 0.000401448 -0.00365472 0.00847267 0.0230856 -0.00502991 -0.0127698 -0.00263267 -0.00279613 -0.00853129 8.95204e-05 -0.00819038
internal_weight=8650.9 5972.52 3775.93 1218.11 2557.82 2678.39 268.007 144.771 2410.38 563.589 1846.79 2196.59 742.476 1454.11 123.237
internal_count=42988 32238 19153 1780 17373 10750 1356 596 9394 2852 6542 13085 3385 9700 760
is_linear=0
shrinkage=0.105172


Tree=31
num_leaves=16
num_cat=0
split_feature=16 7 30 21 11 30 39 33 17 21 22 21 33 26 17
split_gain=3.45563 3.80714 5.15806 4.06039 3.9788 5.49404 4.60561 3.69136 2.64882 4.29578 4.19916 5.20441 3.40502 2.70309 1.43134
threshold=1.2261651476760105 0.31693226907580735 24.115000000000006 0.0047743742537251811 0.34949239129817661 23.265000000000004 1.5000000000000002 -0.048284912196246581 0.75465570291886797 0.07633866950481509 0.12669979707587012 0.049256962357730749 0.028870247836177757 0.22348151683695508 0.6909373778045701
decision_type=10 8 10 10 8 10 2 10 10 8 8 10 10 8 10
left_child=1 2 3 -1 5 -3 -6 -4 9 12 13 -12 -2 -10 -11
right_child=8 4 7 -5 6 -7 -8 -9 10 14 11 -13 -14 -15 -16
leaf_value=-0.0010773158273313607 -0.00011640809289427894 0.0012201558107039377 -0.00013049667918060978 9.8168871776422233e-06 0.00084523083977520585 0.0032574588917266426 -8.9582488275627434e-05 -0.0010624645679210834 0.00020177435252042561 -0.0038557294194610475 -0.0044805457673370618 0.008695507846321511 0.0018948142917305957 -0.00042680719133023369 0.0031606971581697885
leaf_weight=85.425426692236215 111.45452376734465 444.50210413150489 160.63499417901039 4649.6130672912113 713.68442059773952 71.126415520906448 1264.080743687693 137.20788949728012 55.635291547048837 31.668825158849359 20.671215045731515 57.372918648645282 96.440146878361702 740.72426383802667 10.661106191575525
leaf_count=715 688 1536 1026 24270 2854 154 6117 230 678 244 298 120 302 3590 166
internal_value=-3.97736e-05 0.000765447 -0.000889173 -3.11137e-05 0.00413044 0.01238 0.00194679 -0.01431 -0.00548393 0.00388502 -0.00823752 0.014684 0.0103255 -0.010566 -0.0261683
internal_weight=8650.9 7526.28 5032.88 4735.04 2493.39 515.629 1977.77 297.843 1124.63 250.225 874.404 78.0441 207.895 796.36 42.3299
internal_count=42988 36902 26241 24985 10661 1690 8971 1256 6086 1400 4686 418 990 4268 410
is_linear=0
shrinkage=0.105172


Tree=32
num_leaves=15
num_cat=0
split_feature=16 26 6 16 20 34 20 21 21 20 12 8 35 8
split_gain=3.73731 3.95819 4.36858 3.5095 3.48045 3.25273 2.69353 3.46762 6.74923 4.46724 2.63301 2.05152 1.95833 0.628335
threshold=1.1948418097073796 0.21076066979077807 0.42482116128034325 0.59575043467406619 0.016344911965058499 0.041356037730663993 0.011795824904191706 0.022706055146143215 0.02031309565542044 0.026916996931178164 0.071293262457111303 0.18272500688380836 3.5399440532541404 0.40564115824052233
decision_type=8 8 8 10 8 8 8 10 10 10 10 8 2 10
left_child=1 3 12 -1 -5 -4 10 8 -8 -9 11 -2 -3 -12
right_child=6 2 5 4 -6 -7 7 9 -10 -11 13 -13 -14 -15
leaf_value=-0.0015959519980701369 0.0003713523395825565 -0.00013895688438651105 7.7628946945259086e-05 -0.00062803156335837821 -8.0160936306798714e-05 0.0018637188824905558 -5.4368986679026153e-05 -0.0011298696287766359 0.00094692802022874466 -0.00018383754632272467 0.001857554488961686 -0.00031824173298999219 -0.0027078209689088409 -0.0008333713214312247
leaf_weight=30.335373223759234 8.5534741133451444 35.493770135566592 6099.7840489931405 119.55504593905061 643.84397255070508 117.11628612782806 356.02587193762884 84.903626452200115 73.859364787116647 970.79456743225455 11.800266607198866 50.289683504030108 42.37361827865243 6.1743825906887642
leaf_count=124 420 178 29296 694 2890 562 3960 424 282 3330 230 326 204 68
internal_value=-0.0002391 0.000779528 0.00167 -0.00620157 -0.00470875 0.00198973 -0.00490054 -0.00385523 0.00401271 -0.00711908 -0.0242382 -0.0352034 -0.0229932 0.00817071
internal_weight=8650.9 7088.5 6294.77 793.734 763.399 6216.9 1562.4 1485.58 429.885 1055.7 76.8178 58.8432 77.8674 17.9746
internal_count=42988 33948 30240 3708 3584 29858 9040 7996 4242 3754 1044 746 382 298
is_linear=0
shrinkage=0.105172


Tree=33
num_leaves=15
num_cat=0
split_feature=32 21 6 16 10 18 21 22 10 10 12 20 21 15
split_gain=3.8647 3.82269 3.93296 3.70183 3.69777 3.42127 3.42087 5.35604 4.92581 3.92949 8.19761 4.12484 3.49233 2.21933
threshold=0.80277044854881274 0.088205351549880559 0.65137804488449558 1.2839072814650005 0.077097849898065174 0.051144829027293233 0.090913137050531986 0.072536758637040261 1.0631843515748887 0.45680622938685395 0.1090167988084039 0.092739972954762398 0.041916123128537944 1.2517459714931107
decision_type=8 10 8 10 10 10 8 10 10 10 10 8 10 10
left_child=1 3 -3 4 -1 -4 7 12 -9 11 -11 -8 -2 -5
right_child=6 2 5 13 -6 -7 9 8 -10 10 -12 -13 -14 -15
leaf_value=-0.0011996476085490339 -4.8848463055509868e-05 -0.0034463742349539607 0.0025262038902128226 -0.00025103959962317755 4.9103504997487946e-05 -0.00038556793413279197 -0.0016375747662953702 0.00091239235899740628 -0.0011964283745584513 -0.002533691071815186 0.0031204439022553361 0.00055691469245935097 -0.001002222756206684 -0.00088801467027881911
leaf_weight=42.896161584183574 1465.1689864657819 16.222138129174709 397.89146393816918 161.88815598702058 4803.1231747730635 105.43586605740711 68.850345302373171 724.68975445441902 23.303691208362579 91.500315696466714 49.024528615176678 94.043775259517133 500.74735291860998 106.11764228343964
leaf_count=206 6246 68 1951 610 24357 484 448 2480 48 188 218 1566 1904 2214
internal_value=-0.000359195 0.00125947 0.00985798 0.000373243 0.00105082 0.0116035 -0.00340219 -0.00219001 0.00534259 -0.0140286 -0.0269526 -0.00247422 -0.00508838 -0.0116353
internal_weight=8650.9 5633.57 519.549 5114.03 4846.02 503.327 3017.33 2713.91 747.993 303.419 140.525 162.894 1965.92 268.006
internal_count=42988 29890 2503 27387 24563 2435 13098 10678 2528 2420 406 2014 8150 2824
is_linear=0
shrinkage=0.105172


Tree=34
num_leaves=16
num_cat=0
split_feature=16 7 23 19 7 7 31 30 20 20 16 12 22 27 11
split_gain=2.66741 3.75241 4.73626 5.82727 3.38795 5.44865 4.34413 3.21778 2.53237 6.00353 4.90572 4.22241 2.53974 2.60487 1.73818
threshold=1.1948418097073796 0.31693226907580735 0.041757850728843811 0.072704313776873072 0.28370078118497138 0.27372449957071782 2.7000000000000015 16.315000000000001 0.024674265708189039 0.032234406640868969 1.442718096398856 0.11357962574313106 0.030201917630454465 0.20172182512293182 0.3467557455943317
decision_type=10 10 10 10 10 10 10 10 8 8 10 10 10 10 10
left_child=1 4 7 -4 5 -1 -6 -3 12 10 -10 -11 13 -2 -14
right_child=8 2 3 -5 6 -7 -8 -9 9 11 -12 -13 14 -15 -16
leaf_value=-2.9315697318045049e-05 0.00033743402483894845 -0.00078383525044175932 -0.00039437906490329578 0.00072517599739549518 -0.00011112085822413936 0.001041837803590415 -0.0017348628503473346 0.001130363186055527 0.0015501424452626161 4.4622046237454872e-05 -0.00084948442289975218 -0.00052439935112891841 -0.0013003921596523229 -0.0002347496475391833 -6.4267163487804905e-05
leaf_weight=4168.4186143712141 28.163390521891415 62.804078650660813 574.00319606810808 1194.5659679789096 490.33922417275608 232.13737148139626 282.19667163398117 311.69158337265253 86.662858988158405 548.62098073679954 43.243893972132355 384.72084008064121 40.779986009001732 160.3284978074953 42.226196827366948
leaf_count=23547 470 506 1961 4434 2304 1102 1098 1178 328 2756 280 1614 124 1068 218
internal_value=-0.000226428 0.000554719 0.0042606 0.00194366 -0.000968401 0.000145347 -0.00739291 0.0150275 -0.00455497 -0.00216817 0.0188954 -0.00517069 -0.0136619 -0.006464 -0.0291975
internal_weight=8650.9 7316.16 2143.06 1768.57 5173.09 4400.56 772.536 374.496 1334.75 1063.25 129.907 933.342 271.498 188.492 83.0062
internal_count=42988 36130 8079 6395 28051 24649 3402 1684 6858 4978 608 4370 1880 1538 342
is_linear=0
shrinkage=0.105172


Tree=35
num_leaves=16
num_cat=0
split_feature=30 23 23 28 21 16 16 26 31 30 23 28 26 12 33
split_gain=2.93769 3.99232 3.9658 3.98397 3.88637 4.97558 5.35376 3.07411 6.09084 3.15675 2.973 4.24562 2.82947 2.53984 2.46997
threshold=19.565000000000001 0.13535302075779501 0.11293369911252989 0.084350000000000022 0.090913137050531986 1.065991355281267 1.0489406815349096 0.90609703215571169 6.46 19.775000000000002 0.14883813848501742 -0.014699999999999961 0.50177814814627497 0.094416646020672998 0.054093746488814494
decision_type=8 10 10 10 10 10 10 8 8 8 10 8 8 10 8
left_child=1 2 3 -1 7 6 -6 9 -9 -2 14 -12 -4 -7 -3
right_child=4 10 12 -5 5 13 -8 8 -10 -11 11 -13 -14 -15 -16
leaf_value=9.4664028904343702e-06 -0.0011089754233469858 0.0025495384084486478 -0.00096232577749691699 0.0016369725401796024 -0.0010541769393708077 -0.0024011470123562746 0.0050129596992588964 0.0013959315881064912 -0.00052747960989944201 -9.374880647241951e-05 0.0048683421525546272 -0.0022801005192651129 -9.3662908432191801e-05 -0.0012788366284661537 0.0012978477827905437
leaf_weight=5167.2045256206766 191.24996769614518 53.183830128051341 83.159355420619249 217.96287288237363 132.69978161901236 72.14477364346385 28.307432560250163 204.03669588686898 149.94269875041209 2085.0903729007114 24.844288253691047 56.805707852356136 92.844835716299713 42.568251509219408 48.857962233014405
leaf_count=26663 604 180 476 1236 666 142 52 848 824 9652 214 521 516 144 250
internal_value=-0.000129163 0.0012416 0.000725551 0.00124433 -0.00286063 -0.0147636 -0.00240185 -0.00158795 0.00747613 -0.0030257 0.0165047 0.000733323 -0.0147738 -0.0315328 0.0284824
internal_weight=8650.9 5744.86 5561.17 5385.17 2906.04 275.72 161.007 2630.32 353.979 2276.34 183.692 81.65 176.004 114.713 102.042
internal_count=42988 30056 28891 27899 12932 1004 718 11928 1672 10256 1165 735 992 286 430
is_linear=0
shrinkage=0.105172


Tree=36
num_leaves=11
num_cat=0
split_feature=10 9 27 12 17 17 5 33 34 30
split_gain=2.74937 3.59297 4.10106 5.38692 3.57182 6.09404 3.89196 1.97906 1.5906 2.06529
threshold=1.0631843515748887 0.60202330383643265 0.49729892600860348 0.15504814374724735 0.6909373778045701 0.65914676790942828 0.14705643237583474 -0.072284051414816683 -0.012535793493028134 23.560000000000006
decision_type=10 10 8 10 8 10 10 10 8 10
left_child=1 4 3 -3 5 -1 -6 -4 -2 -10
right_child=8 2 7 -5 6 -7 -8 -9 9 -11
leaf_value=-8.5506220238644844e-05 0.00054634527168894722 0.010096310795388008 0.0010002295451894477 -0.0017690170501709448 -0.00011423819963844045 -0.00093220363484759988 0.00016286289829631778 0.0056465967668819471 -0.0036192471557380335 -0.00057250245585962925
leaf_weight=918.50279220426455 22.245171558111906 56.989705581218004 30.59173971414566 40.899010185152292 3642.5080386737827 276.65510216681287 3552.0944374471437 59.391786802560091 28.277696821838617 22.747871518135071
leaf_count=4744 116 268 210 118 17731 1431 17976 206 52 136
internal_value=-0.000149087 1.70528e-05 0.014401 0 -0.000297821 -0.00562659 0.000578724 0.0305883 -0.0204109 -0.0306774
internal_weight=8650.9 8577.63 187.872 97.8887 8389.76 1195.16 7194.6 89.9835 73.2707 51.0256
internal_count=42988 42684 802 386 41882 6175 35707 416 304 188
is_linear=0
shrinkage=0.105172


Tree=37
num_leaves=13
num_cat=0
split_feature=16 17 16 28 22 38 9 24 31 21 20 24
split_gain=2.16655 3.60111 2.00299 3.02587 2.87866 2.31013 3.87348 3.77627 1.10017 1.01085 0.386988 0.252608
threshold=0.55640233849253828 1.1137048140477306 1.3277633398352269 -0.11764999999999999 0.038560408615798361 9.5000000000000018 0.47892777952176085 11.500000000000002 9.6800000000000015 0.054521652148518791 0.084188532354222703 9.5000000000000018
decision_type=8 10 10 8 8 2 8 2 10 10 10 2
left_child=1 9 5 8 -5 7 -7 -2 -4 11 -11 -1
right_child=2 -3 3 4 -6 6 -8 -9 -10 10 -12 -13
leaf_value=-0.00092371303262344957 -0.00024035033570854358 0.0050641451728519436 0.0019066078284537488 6.0661512240962592e-05 -0.00050127184518701496 8.3961775192922621e-05 0.0031723986828406849 7.2931083085173951e-05 -9.0678696787393031e-05 0.0016132247561451542 -0.0031899362567769339 -0.0016971229128688273
leaf_weight=15.705340090207754 3084.779519923497 18.476506737992167 25.694911265745759 162.92623473284766 448.54792525339872 1893.1449984880164 159.15510232374072 2781.6743441820145 12.44029527902603 11.390239857137205 11.988276829943059 24.979657709598541
leaf_count=165 22905 102 202 1688 2578 10490 632 3924 90 78 76 58
internal_value=-0.000584286 -0.0175419 -0.000413187 -0.00602729 -0.00789834 3.95092e-05 0.00308408 -0.00101489 0.0222197 -0.0297467 -0.00856695 -0.0402785
internal_weight=8650.9 82.54 8568.36 649.609 611.474 7918.75 2052.3 5866.45 38.1352 64.0635 23.3785 40.685
internal_count=42988 479 42509 4558 4266 37951 11122 26829 292 377 154 223
is_linear=0
shrinkage=0.105172


Tree=38
num_leaves=10
num_cat=0
split_feature=10 7 17 7 7 31 17 38 28
split_gain=2.85138 2.1142 3.18717 3.42967 3.12451 3.11744 2.41656 1.72527 0.836634
threshold=1.0631843515748887 0.16975627923586475 0.55117571628094153 0.16470506262414017 0.18364268920002444 2.8600000000000008 1.1904490666863696 3.5000000000000004 -0.031400000000000004
decision_type=10 8 10 10 8 10 10 2 10
left_child=1 2 -1 -4 5 -3 -6 -2 -9
right_child=7 4 3 -5 6 -7 -8 8 -10
leaf_value=-0.0013344624665917743 -0.0027849957775982342 0.00015240197263614988 -1.9749362381983311e-05 -0.00071099491638322576 -7.1156804411761669e-05 0.0013261002861692595 0.00022443590336340168 -0.0022078396634080161 0.0011545833653722876
leaf_weight=25.075001552700996 45.34068988263607 305.35055967513472 546.63909879606217 120.1456880485639 5884.4906442374922 74.356926075182855 1621.574694389943 14.122839851304891 13.807210164144633
leaf_count=126 82 2026 4784 810 27403 416 7119 104 118
internal_value=-0.000462415 -0.000278252 -0.00585502 -0.00435896 0.000203137 0.00951315 -0.000259626 -0.0211075 0
internal_weight=8650.9 8577.63 691.86 666.785 7885.77 379.707 7506.07 73.2707 27.9301
internal_count=42988 42684 5720 5594 36964 2442 34522 304 222
is_linear=0
shrinkage=0.105172


Tree=39
num_leaves=13
num_cat=0
split_feature=26 16 12 24 8 16 9 5 30 7 30 16
split_gain=2.78514 5.16808 3.85432 4.44612 2.99031 3.97814 3.15636 2.87191 2.82424 2.61328 0.765056 0.716987
threshold=0.19736989511647099 0.59575043467406619 0.054431321394002731 10.500000000000002 0.7825670026789181 1.0221279586377066 0.60202330383643265 0.13800747283733464 19.600000000000005 0.27702276177793439 24.695000000000004 1.3526658545001087
decision_type=10 8 8 2 10 10 10 10 10 8 10 10
left_child=1 -1 3 -3 6 10 8 -8 -2 -4 -6 -7
right_child=4 2 9 -5 5 11 7 -9 -10 -11 -12 -13
leaf_value=-0.0013832178050623429 7.2939508095408087e-05 -0.00037992640176842272 0.0001428405427360251 0.00031662187309865528 0.0031858121792217317 -0.0036753824305204436 0.0079541218670540065 0.00037892161744048128 -0.00012902595511874224 -0.00076672557629354815 -0.0013496123994734216 -0.0002129083565778072
leaf_weight=37.122497105039656 4905.0263442357536 327.75974909309298 143.62909919768572 440.40637724660337 21.431296041235328 29.213115565478802 62.221067737787962 55.641300702467561 2250.5286761419848 331.20584187679924 21.926983237266541 24.791004491969943
leaf_count=167 26386 3299 682 782 118 64 228 242 8944 1828 150 98
internal_value=-0.00061695 -0.00514629 -0.00393221 0.000594755 0.00016122 -0.0181165 0.000415022 0.0174766 0.000124725 -0.0113862 0.0043246 -0.0372542
internal_weight=8650.9 1280.12 1243 768.166 7370.78 97.3624 7273.42 117.862 7155.56 474.835 43.3583 54.0041
internal_count=42988 6758 6591 4081 36230 430 35800 470 35330 2510 268 162
is_linear=0
shrinkage=0.105172


Tree=40
num_leaves=13
num_cat=0
split_feature=26 16 11 34 27 27 33 21 30 27 18 19
split_gain=2.67946 5.05725 3.29471 4.2972 3.5836 2.8343 4.59406 4.10642 3.32048 5.60064 4.76775 2.73746
threshold=0.19736989511647099 0.59575043467406619 0.37321598988613985 -0.034268474640896267 0.42563177743576502 0.15905217954398285 -0.022085229259411029 0.15894224440592444 16.915000000000003 0.39434182069885099 -0.066657312713847491 0.021479536098680047
decision_type=10 8 10 10 8 8 10 10 10 10 8 8
left_child=1 -1 3 -3 -4 6 11 -8 10 -10 -7 -2
right_child=5 2 4 -5 -6 8 7 -9 9 -11 -12 -13
leaf_value=-0.0012377422920970499 -0.0018639272135619856 -0.00039839584917889399 -0.0010708466991856042 0.00015448783668164121 0.00037188411449229927 0.0026695848306190319 6.4211909772393799e-05 0.0029152709430405421 -0.00055090594957039928 4.7078538411009033e-05 5.8916160050328652e-05 0.0023784697102324916
leaf_weight=37.122497105039656 7.6704368554055682 411.6571445746813 105.31366066075861 670.85674465820193 55.173517520539463 103.39166117738932 1907.0428729131818 52.021857410669327 1559.1818123767152 1761.4976797522977 1903.6430273009464 76.330440367339179
leaf_count=167 280 4045 410 1799 337 542 8169 234 6314 7637 11418 1636
internal_value=-0.000468963 -0.00491286 -0.00371152 -0.00156124 -0.017804 0.000294361 0.00363114 0.00256155 -0.00097344 -0.00302303 0.00238613 0.0277659
internal_weight=8650.9 1280.12 1243 1082.51 160.487 7370.78 2043.07 1959.06 5327.71 3320.68 2007.03 84.0009
internal_count=42988 6758 6591 5844 747 36230 10319 8403 25911 13951 11960 1916
is_linear=0
shrinkage=0.105172


Tree=41
num_leaves=12
num_cat=0
split_feature=12 24 5 33 10 8 10 30 33 34 16
split_gain=2.87256 5.99843 2.73232 4.32079 2.7215 2.53066 3.01903 2.02735 1.87565 1.63184 0.578065
threshold=0.023110635346025001 12.500000000000002 0.41125704512454531 0.027507903136362647 1.0631843515748887 0.11949004068482318 0.14088149944836556 17.410000000000004 -0.048284912196246581 0.023890780563718298 0.77016558088961495
decision_type=8 2 10 10 10 8 8 10 10 10 10
left_child=1 2 3 -1 5 10 -7 -4 -6 -10 -2
right_child=4 -3 7 -5 8 6 -8 -9 9 -11 -12
leaf_value=0.00063704222868511923 -0.00090763662829206895 -0.00084042308561934839 -0.00012346097171448726 -0.00039505879438801739 0.00031233346741283032 0.00060921477049377876 5.805982818754809e-06 -0.0010761342767213174 -0.0023701555685256819 -0.00098959254272193843 0.00089095434356441011
leaf_weight=113.37081737676635 14.64432322047651 33.147762298583984 49.831490455195308 477.75326237175614 18.021910471841693 244.4906501560472 7566.8025093241595 75.152369612827897 29.29657937400043 25.952250052243471 2.4394279592670491
leaf_count=857 50 34 350 3516 138 1591 35466 302 122 44 518
internal_value=-0.00037512 -0.0066006 -0.00447253 -0.00136733 0.000207337 0.000404304 0.000501184 -0.0186307 -0.0199256 -0.0297571 -0.0397709
internal_weight=8650.9 749.256 716.108 591.124 7901.65 7828.38 7811.29 124.984 73.2707 55.2488 17.0838
internal_count=42988 5059 5025 4373 37929 37625 37057 652 304 166 568
is_linear=0
shrinkage=0.105172


Tree=42
num_leaves=14
num_cat=0
split_feature=23 17 23 16 27 17 10 10 23 26 8 24 31
split_gain=3.40772 3.34717 3.15383 3.33126 4.32246 2.9237 2.52607 2.58034 2.45698 1.70167 1.29977 0.469016 0.115664
threshold=0.0077186624606392371 1.0010534806584437 0.016379070814689926 1.0830502329689826 0.41668259549229647 1.4367543666844851 1.0631843515748887 0.63352546942964894 0.057975019313739863 0.96106751284332514 0.1954416473070909 6.5000000000000009 0.58999999999999997
decision_type=8 8 8 8 10 10 10 10 10 8 10 2 8
left_child=1 9 3 5 -5 -2 7 -4 -8 10 -1 12 -3
right_child=2 11 6 4 -6 -7 8 -9 -10 -11 -12 -13 -14
leaf_value=-0.00065241662059235827 2.524816753547821e-05 -0.0012319591404856053 -2.1492693720827379e-05 -0.00076407253310672421 0.00011744697436266083 -0.0012679272319089177 0.00031544428634281752 0.00038204814239208224 -0.0017724118318417389 -0.0024326058242923727 0.00089026345045015089 0.0016506302230129303 0.0021752208071392676
leaf_weight=8.5211757165379876 258.04614573903382 1.7651314074173567 7552.905670480337 112.00995107460767 47.477657677605748 31.801613467745483 21.585653740912676 508.63508237339556 51.137779917567968 8.131196176633237 13.239462232217191 32.04810868948698 3.5987239796668282
leaf_count=330 1593 88 37030 376 316 176 130 1837 170 42 338 88 474
internal_value=-0.000195689 0.0233302 -0.000388007 -0.00896489 -0.0212075 -0.00200145 7.81999e-05 0.00026218 -0.0193993 -0.00090561 0.0122629 0.044286 0.00124827
internal_weight=8650.9 67.3038 8583.6 449.335 159.488 289.848 8134.26 8061.54 72.7234 29.8918 21.7606 37.412 5.36386
internal_count=42988 1360 41628 2461 692 1769 39167 38867 300 710 668 650 562
is_linear=0
shrinkage=0.105172


Tree=43
num_leaves=16
num_cat=0
split_feature=18 18 12 26 10 26 16 27 35 26 23 23 23 35 31
split_gain=2.58092 5.57412 5.51615 4.8888 4.36369 4.17378 3.78386 4.45279 3.46226 2.62374 2.9703 2.43891 2.40009 1.02181 0.782613
threshold=0.032664944773658118 0.026277959179211833 0.032253329036066224 0.17241815401774183 0.17855118237195858 0.65752561320488268 1.2485364926372202 0.10081095471828545 5.8321610127021541 0.16782469855967741 0.0085299013496202298 0.019342344967105494 0.12502489048187979 5.0694072183637102 7.04
decision_type=8 10 8 8 8 10 10 8 2 8 10 10 10 2 8
left_child=1 9 3 11 13 -5 7 -3 -6 10 -1 -2 -11 -4 -8
right_child=2 6 4 5 8 -7 14 -9 -10 12 -12 -13 -14 -15 -16
leaf_value=0.0013226810260377284 -0.0004808414870236892 -0.00059968637258175819 -0.0021268735771412675 -0.00074977384753587744 -5.7707370869658038e-05 0.003303772245293401 -0.0031153456434655103 0.00099773059933972743 0.00055680750377728008 1.0512159417372107e-05 -0.00043243397713153424 0.0013782059194435432 0.0012457855682549725 -0.001355166181155372 -0.00096399419689897382
leaf_weight=14.199869527015833 14.428590051829813 78.693859855644405 30.901497958227992 257.98984897090122 1709.1421986510977 25.532326367683709 13.756292119622229 270.37367752380669 113.54990345379338 5423.1448694062419 362.69064667774364 20.764912554062903 283.34262033971027 16.543324254453182 15.848914961330594
leaf_count=268 90 374 131 1126 8576 283 76 1314 484 26713 1800 120 1375 90 168
internal_value=-0.000135853 0.000913779 -0.00326332 -0.0160625 -0.0010469 -0.0207627 0.013293 0.0164608 -0.000190811 0.000132445 -0.00835139 0.019929 0.000704091 -0.0324822 -0.0218085
internal_weight=8650.9 6462.05 2188.85 318.716 1870.14 283.522 378.673 349.068 1822.69 6083.38 376.891 35.1935 5706.49 47.4448 29.6052
internal_count=42988 32088 10900 1619 9281 1409 1932 1688 9060 30156 2068 210 28088 221 244
is_linear=0
shrinkage=0.105172


Tree=44
num_leaves=13
num_cat=0
split_feature=18 24 31 19 18 28 24 19 18 28 28 8
split_gain=2.17084 4.69661 3.72775 4.32876 2.94477 3.55828 4.72052 2.9935 2.29891 3.08039 2.11228 2.09181
threshold=0.032664944773658118 12.500000000000002 -4.4599999999999991 0.018569593812132402 0.026277959179211833 0.0017000000000000073 10.500000000000002 0.049731262104031858 0.018213653027573055 0.0023500000000000192 -0.035699999999999989 0.52008952370109063
decision_type=8 2 8 8 10 8 2 10 10 8 10 10
left_child=4 2 10 -4 8 7 -7 -6 9 -1 -2 -10
right_child=1 -3 3 -5 5 6 -8 -9 11 -11 -12 -13
leaf_value=0.00017712499367609195 0.0011655380332006278 -0.00067091877881202805 -0.00047082961188276492 -7.5610304427782709e-05 -8.2412170469120465e-05 -0.00050130357247780326 0.0016286994454592148 0.001661429365414959 -0.00032923572674902938 -0.00011917440152334636 5.231013388871433e-05 0.0025270798866593724
leaf_weight=2274.4749562232755 50.676770824939013 73.099430561065674 110.84213765570894 1849.3955882131122 120.35480021964759 59.747873698361218 111.62401103973389 86.946059502661228 530.63458930747584 3256.225131932646 104.83867500722408 22.043328487314284
leaf_count=10640 165 75 600 9466 591 697 186 458 2616 16764 594 136
internal_value=-0.000254786 -0.00312259 -0.00218348 -0.00345297 0.000706892 0.00970577 0.020915 0.000124501 0.000136076 0.000792609 0.0133976 -0.0063177
internal_weight=8650.9 2188.85 2115.75 1960.24 6462.05 378.673 171.372 207.301 6083.38 5530.7 155.515 552.678
internal_count=42988 10900 10825 10066 32088 1932 883 1049 30156 27404 759 2752
is_linear=0
shrinkage=0.105172


Tree=45
num_leaves=14
num_cat=0
split_feature=7 7 10 10 17 18 31 17 10 8 26 22 33
split_gain=2.42946 4.69763 3.64964 6.03686 4.89706 4.01122 3.56172 3.52007 3.50199 3.71438 3.60471 3.44037 1.25107
threshold=0.23970879763352398 0.23778368529668331 0.48538212942789322 0.63352546942964894 1.5543403057667684 -0.039129729240580606 1.0050000000000001 1.4367543666844851 0.47502690696171196 0.47637053623120984 0.43594980727333671 0.1141676463942619 0.091276450945736012
decision_type=10 10 10 10 10 10 10 10 10 10 10 10 8
left_child=1 6 8 5 -5 -4 11 -8 10 -10 -2 -1 -3
right_child=2 12 3 4 -6 -7 7 -9 9 -11 -12 -13 -14
leaf_value=-0.0001328658918812944 -4.549334860299427e-05 -0.0013318495786126228 -0.0010078757797887495 0.00050045339608927888 -0.00030605606710131737 -0.00032803865035125804 0.00014420162533683884 -0.00080275379077104664 0.0012205765066322582 -0.00039408926661535943 0.00054124012940783548 -0.0013271962639675038 -0.0011944573023658634
leaf_weight=1703.6329984711483 1913.0081368372776 45.4705555671826 233.59363457141444 496.88892100099474 86.461553700268269 540.13110719481483 1361.4696470517665 143.28854448767379 71.576312925200909 25.585523128509521 1966.4158844943158 49.42011496424675 13.960418278351424
leaf_count=11413 7516 187 838 1895 264 2162 7948 674 254 62 9229 408 138
internal_value=-0.000319969 -0.00256034 0.00106161 -0.00362774 0.00437551 -0.00974305 -0.00200416 0.00171766 0.00267791 0.0224504 0.00216538 -0.00523473 -0.0318892
internal_weight=8650.9 3317.24 5333.66 1357.08 583.35 773.725 3257.81 1504.76 3976.59 97.1618 3879.42 1753.05 59.431
internal_count=42988 20768 22220 5159 2159 3000 20443 8622 17061 316 16745 11821 325
is_linear=0
shrinkage=0.105172


Tree=46
num_leaves=15
num_cat=0
split_feature=17 9 5 16 31 27 28 24 27 17 35 27 9 9
split_gain=2.06976 3.62891 3.29375 3.28528 3.07133 2.82299 2.75057 6.39731 4.48451 2.63721 2.31606 2.19937 1.72966 1.1245
threshold=1.2062640406921157 0.17209864035847225 0.073220390561149082 0.55640233849253828 0.62500000000000011 -0.032194225459640943 -0.015950000000000016 11.500000000000002 0.912349262523242 1.4004866431163496 4.6380245181770219 0.0023200552749720852 0.34264132665302677 0.47143233604153623
decision_type=10 10 8 8 8 8 8 2 8 10 2 10 10 10
left_child=3 2 4 12 -2 10 7 -3 -8 -4 -5 -7 -1 -14
right_child=1 6 9 5 -6 11 8 -9 -10 -11 -12 -13 13 -15
leaf_value=-0.0011469247868228221 -0.001873582329871371 0.00039853422762419079 -0.00048220633118916555 -0.00050177798626274727 0.00030497059932382402 0.00062537240868833883 0.00035570636390218319 -0.0011305986030815554 0.00083364780110635472 -0.00099449828006102571 -0.0020248097882765823 -5.0007200866874678e-05 0.0023076161695736478 -0.0029026378171278836
leaf_weight=32.653858033008873 9.7620425848290306 208.44003463257104 29.623750685248524 25.67600591480732 17.067448782268915 134.39239273546264 1276.5990267787129 111.46996521949768 84.225546106696129 49.166185601614416 26.46045741182752 6610.8279663261492 16.31901971437037 18.219652146100998
leaf_count=197 42 1274 388 80 190 951 5570 158 372 370 74 33112 100 110
internal_value=-0.000425914 0.00275179 -0.0160233 -0.0012621 0.014222 -0.00102331 0.00397085 -0.00469159 0.00605404 -0.0271316 -0.0254002 -0.000824841 -0.0244133 -0.00576016
internal_weight=8650.9 1786.35 105.619 6864.55 26.8295 6797.36 1680.73 319.91 1360.82 78.7899 52.1365 6745.22 67.1925 34.5387
internal_count=42988 8364 990 34624 232 34217 7374 1432 5942 758 154 34063 407 210
is_linear=0
shrinkage=0.105172


Tree=47
num_leaves=10
num_cat=0
split_feature=14 9 9 26 9 5 5 24 26
split_gain=1.84588 1.86262 3.41787 4.0651 3.3166 4.54116 3.18098 2.16771 1.1587
threshold=0.82391894332024151 0.21241118030621467 0.22206804614623685 0.41080728436812985 0.20680400217007402 0.15158810029232536 0.41125704512454531 1.5000000000000002 0.22637399393923729
decision_type=8 10 10 8 10 10 10 2 10
left_child=8 4 3 -3 6 -6 -2 -4 -1
right_child=1 2 7 -5 5 -7 -8 -9 -10
leaf_value=-0.00073509922513370759 -5.1156103303917356e-06 0.00091925801065101669 -0.001018183255381587 -9.2783385362144656e-05 -0.0016856577457893848 -0.00021508922366553172 -0.00043121820947807495 7.1048813888011866e-06 -2.8432759077052501e-05
leaf_weight=15.694880396127703 1505.6009920556098 194.74536526249722 34.94066724833101 141.05622251704335 92.927964499220252 107.22467607446015 167.06904385518283 6378.9029553127475 12.740585451945661
leaf_count=72 11384 740 324 885 468 514 926 27585 90
internal_value=-0.000351575 -0.000255666 0.000550616 0.0108909 -0.00319501 -0.0160192 -0.00162111 0 -0.0270396
internal_weight=8650.9 8622.47 6749.65 335.802 1872.82 200.153 1672.67 6413.84 28.4355
internal_count=42988 42826 29534 1625 13292 982 12310 27909 162
is_linear=0
shrinkage=0.105172


Tree=48
num_leaves=15
num_cat=0
split_feature=10 10 7 26 18 26 38 8 8 30 31 17 17 24
split_gain=2.16947 5.01752 4.89708 3.68514 3.94117 3.22744 3.01644 2.96117 2.85903 2.82409 5.78894 4.02201 2.04026 0.768103
threshold=0.48538212942789322 0.47502690696171196 0.45139644035650917 0.75611500362497008 0.14035222713346943 0.92744854295429746 3.5000000000000004 0.29379076016016986 0.47637053623120984 17.860000000000003 2.1700000000000013 0.92561087054016844 1.0535221936596428 10.500000000000002
decision_type=8 10 8 8 10 10 2 10 10 10 8 10 10 2
left_child=1 5 9 4 -4 12 -5 -7 13 10 -2 -11 -1 -3
right_child=2 8 3 6 -6 7 -8 -9 -10 11 -12 -13 -14 -15
leaf_value=-6.2119382184426961e-05 -0.0014653440306282019 0.00072703536870050828 7.5362327103199115e-05 -0.00032932939703508315 0.011980704239013863 -1.5086862288778144e-05 0.0001538558483254483 0.0038446061393094407 -0.00034813007283127399 -0.0013585376740774947 0.010691601525577453 -0.0018613436182011197 0.00011383652465715713 0.0012145703355399737
leaf_weight=4471.2313957456499 151.37598172668368 25.252579118590802 772.30442592897452 235.69582957378589 46.488502290099859 67.096340549644083 114.20784998964518 73.755762974731624 25.585523128509521 100.79239231999964 51.418602224439383 116.11523334635422 2353.2591999494471 46.323733806610107
leaf_count=22688 760 168 4072 664 130 808 747 404 62 395 116 479 11409 86
internal_value=-0.000436614 0.000345045 -0.00395153 -0.000395596 0.00340852 4.57712e-06 -0.00947509 0.0157614 0.0240577 -0.0136984 -0.00437668 -0.0221115 -0.000311783 0.0349322
internal_weight=8650.9 7062.5 1588.4 1168.7 818.793 6965.34 349.904 140.852 97.1618 419.702 202.795 216.908 6824.49 71.5763
internal_count=42988 35625 7363 5613 4202 35309 1411 1212 316 1750 876 874 34097 254
is_linear=0
shrinkage=0.105172


Tree=49
num_leaves=15
num_cat=0
split_feature=30 16 22 38 21 5 11 20 23 31 7 17 16 11
split_gain=1.8282 3.22466 4.54213 4.00574 2.7834 4.62485 4.54151 3.91743 6.19421 3.8483 2.72355 4.2261 3.42771 2.64244
threshold=19.565000000000001 1.3277633398352269 0.038560408615798361 4.5000000000000009 0.090913137050531986 0.31860030212753448 0.38371221677817474 0.076927646346403519 0.081081081081081099 6.294999999999999 0.25052683926557073 1.1962347521330661 1.1854316016803546 0.83947454871521499
decision_type=8 10 8 2 10 10 10 8 10 10 10 10 10 10
left_child=1 10 3 -3 7 6 -6 8 -2 -9 12 -12 -1 -4
right_child=4 2 13 -5 5 -7 -8 9 -10 -11 11 -13 -14 -15
leaf_value=-1.367156509406594e-05 -0.00015359768632423825 0.00040361680117256544 -0.0012555651687703828 -0.00045711207804160321 -2.864775280128696e-05 0.0026386864143441192 -0.0018215159188169773 0.00098865332810133379 0.0016427509245948364 -0.00039836382388268863 8.5642829621172559e-05 0.0010458050862568534 -0.00056590030383652683 0.0035180328194879293
leaf_weight=2735.7744912914932 1974.8266849354841 26.91655295714736 171.41496401326731 27.72097170446068 92.47956065274775 39.7670225109905 143.47365616820753 440.94119816925377 87.245042532682419 127.30680959671736 2053.6348373629153 638.15089346840978 82.718046404421329 8.5326209049671871
leaf_count=15267 8454 440 1548 636 364 140 500 2680 262 532 8931 2752 422 60
internal_value=-0.000324189 0.000754798 -0.0112895 0.0145805 -0.00247886 -0.0125576 -0.0182904 -0.00139756 -0.00354786 0.00629298 0.00127938 0.00367686 -0.000988001 -0.0195021
internal_weight=8650.9 5744.86 234.585 54.6375 2906.04 275.72 235.953 2630.32 2062.07 568.248 5510.28 2691.79 2818.49 179.948
internal_count=42988 30056 2684 1076 12932 1004 864 11928 8716 3212 27372 11683 15689 1608
is_linear=0
shrinkage=0.105172


Tree=50
num_leaves=15
num_cat=0
split_feature=10 12 10 5 10 5 17 34 5 24 34 34 25 24
split_gain=1.93174 4.52672 3.125 3.36214 3.09697 5.35442 5.13209 2.46375 5.04207 2.61275 1.93483 1.23721 0.283732 0.225891
threshold=0.48538212942789322 0.04982889858410499 0.47502690696171196 0.18114621098447706 0.63352546942964894 0.086848209693554876 2.4685459435052031 0.041356037730663993 0.0476723963168059 12.500000000000002 -0.019629833954148076 -0.049369555241562384 0.43194362848561135 10.500000000000002
decision_type=10 10 10 8 10 8 10 10 10 2 10 8 10 2
left_child=2 10 7 12 5 -3 -6 9 -9 -1 11 -2 -4 -5
right_child=1 4 3 13 6 -7 -8 8 -10 -11 -12 -13 -14 -15
leaf_value=1.7722162154870552e-06 -0.0043844694810836792 0.00064126271801731181 -3.298097307631319e-05 0.0014441574848827151 0.00025707863628879189 -0.0005275860850101012 -0.0025751684144248322 -0.001173982035058178 0.001897727497232919 -0.00049956128925197506 -0.0028651089224183829 0.0035347787552624877 0.00030302437186328836 0.0014456329099917734
leaf_weight=6926.0545456367545 8.4289418077096325 101.93188021611422 23.130714821629226 22.985037687234581 549.23179126903415 614.47315125726163 31.499433103948832 33.424514710903168 100.5584959872067 132.95973536558449 46.616789437830448 8.5622378271073121 26.492033278103918 24.554050266742706
leaf_count=36621 110 426 58 118 2070 2309 84 170 558 142 131 51 96 44
internal_value=-0.000392423 -0.00403286 0.000278497 0.0189969 -0.00263414 -0.00728613 0.00299638 1.63928e-05 0.014143 -0.000243142 -0.031477 0 0 0.0389287
internal_weight=8650.9 1360.74 7290.16 97.1618 1297.14 716.405 580.731 7193 133.983 7059.01 63.608 16.9912 49.6227 47.5391
internal_count=42988 5181 37807 316 4889 2735 2154 37491 728 36763 292 161 154 162
is_linear=0
shrinkage=0.105172


Tree=51
num_leaves=15
num_cat=0
split_feature=28 28 5 30 21 21 30 23 11 23 16 23 23 11
split_gain=2.70517 3.84217 4.18861 3.17055 3.08214 4.00459 3.32972 3.57478 2.88148 2.28746 3.52465 2.97449 2.18065 0.0169767
threshold=0.084350000000000022 0.073650000000000007 0.37031614931828399 16.615000000000006 0.07272227798412105 0.1275968787279336 16.905000000000005 0.035071932294648785 0.64813065727107599 0.17949840264952202 1.0065244952413555 0.14214063863865564 0.14214063863865564 0.38883598568383054
decision_type=10 10 8 8 10 10 8 8 10 10 8 10 10 10
left_child=1 9 3 -3 6 12 7 -2 -8 11 -11 -1 -6 -4
right_child=4 2 13 -5 5 -7 8 -9 -10 10 -12 -13 -14 -15
leaf_value=-2.0736142885654202e-05 -0.00052867932593875038 0.0005841584397134836 0.00080379220915618782 -0.0037038473063338655 0.0055677282003659748 -0.004342624022518107 6.7630125368343637e-05 0.002699300364036027 -0.0026763281636374104 0.0026066358881836117 -0.004319759024267962 0.0039382631164556316 -0.0018715459713113745 0.014405748963196251
leaf_weight=7901.9167027352378 20.180311296135187 28.11839060112834 11.06778703723103 72.423308907542378 78.797959294170141 26.723017940297723 174.56282710190862 84.98581462725997 39.862606832757592 15.32538218051195 29.259330680128187 137.87790043093264 18.691739292815328 11.110273715108631
leaf_count=38927 220 154 110 278 336 144 970 512 142 172 181 734 66 42
internal_value=-0.000349769 -0.000789298 -0.0192589 -0.0286457 0.00763294 0.0217318 0.00194641 0.0174024 -0.00534793 -0.000500688 -0.0242302 -0.000360691 0.031799 0.0203553
internal_weight=8650.9 8207.1 122.72 100.542 443.804 124.213 319.592 105.166 214.425 8084.38 44.5847 8039.79 97.4897 22.1781
internal_count=42988 40598 584 432 2390 546 1844 732 1112 40014 353 39661 402 152
is_linear=0
shrinkage=0.105172


Tree=52
num_leaves=13
num_cat=0
split_feature=5 39 22 16 35 5 15 32 7 32 10 17
split_gain=1.88932 6.94452 4.19178 3.87013 3.63132 3.55961 3.25408 2.82384 2.39921 2.36202 2.36046 1.39018
threshold=-0.014270533395119992 2.5000000000000004 0.050745538021086077 1.0354390561790516 3.6061769531309533 1.0000000180025095e-35 1.550007323730173 0.83839050131926129 0.055067478884503709 0.69459102902374681 0.15625344730160398 0.84055076576205223
decision_type=8 2 10 10 2 8 8 8 8 10 8 10
left_child=1 2 3 -1 -4 6 9 11 -7 -2 -10 -3
right_child=5 7 4 -5 -6 8 -8 -9 10 -11 -12 -13
leaf_value=0.00017792598248805703 0.0037500298368840276 -0.0010297312681617256 0.00015264726759420247 0.0010776028163486558 -0.0010103616541451616 -0.00094979172844256274 0.0019645834263782983 0.00019245434101168178 0.00022347000105006655 -0.0012126609003371225 -2.1761332745438791e-05 -0.0012647614230573325
leaf_weight=115.81240303395316 17.762079425156116 38.931785240769386 76.047888079192489 62.201766279991716 49.234409258700907 27.374500596430153 41.674186729826033 23.819988800678402 631.61141785047948 15.435750273987649 7461.0358168184757 89.961360285524279
leaf_count=616 212 104 408 264 196 118 584 140 4405 108 35555 278
internal_value=-0.00031616 -0.0069045 0.00211593 0.0126599 -0.0123591 4.28863e-05 0.0228479 -0.0252141 -0.000160116 0 -4.68021e-05 -0.0314438
internal_weight=8650.9 456.01 303.296 178.014 125.282 8194.89 74.872 152.713 8120.02 33.1978 8092.65 128.893
internal_count=42988 2006 1484 880 604 40982 904 522 40078 320 39960 382
is_linear=0
shrinkage=0.105172


Tree=53
num_leaves=16
num_cat=0
split_feature=12 18 10 11 34 30 31 11 22 36 9 5 7 22 17
split_gain=1.50312 4.25778 2.92028 4.46043 3.69611 4.59308 3.57393 3.486 2.6946 2.61981 4.08201 2.54729 2.61745 1.79045 1.31287
threshold=0.020943256365640945 0.013814823086685914 0.15625344730160398 0.16950431816918513 -0.017605042900581677 17.205000000000002 3.2699999999999991 0.14159205510539061 0.016959632249455573 1.0000000180025095e-35 0.21146729655867674 0.32775794404334518 0.16975627923586475 0.018731029631443432 0.68196586126892889
decision_type=8 10 8 8 10 10 10 10 8 2 10 8 10 10 10
left_child=1 11 4 7 5 -2 -6 -4 -5 10 -3 12 -1 -11 -13
right_child=2 9 3 8 6 -7 -8 -9 -10 13 -12 14 -14 -15 -16
leaf_value=-8.9765352312705924e-05 -0.00055898004900755359 -0.00037361199238791754 0.00034965927775697703 8.2264720384907038e-05 0.0012757591963111525 0.0013297275071703582 -0.00057235164038631908 -0.00066939980160793204 -3.8425187850476938e-06 0.00041846970390195857 0.00025219213497908779 0.00061925663599571551 0.00077619193529386544 -0.00092140988562784069 -0.00080211086681627292
leaf_weight=132.58337261108682 173.88419823022559 84.562525188550353 27.361559161916375 102.92190123721957 190.79335104860365 88.576382876373827 38.451618321239948 169.310309572611 7291.7981752045453 19.349797730334103 38.464541465975344 20.067288814112544 91.944755340460688 87.587756115011871 93.245819754898548
leaf_count=1184 1904 392 356 1189 625 814 114 998 33231 100 202 100 641 440 698
internal_value=-0.000156038 -0.00538991 0.000203916 -0.000296902 0.00806172 -0.000225616 0.0178179 -0.0159239 0.000110552 -0.0164529 -0.0053329 0.00195838 0.00860108 -0.0286252 -0.0106399
internal_weight=8650.9 567.806 8083.1 7591.39 491.706 262.461 229.245 196.672 7394.72 229.965 123.027 337.841 224.528 106.938 113.313
internal_count=42988 3757 39231 35774 3457 2718 739 1354 34420 1134 594 2623 1825 540 798
is_linear=0
shrinkage=0.105172


Tree=54
num_leaves=11
num_cat=0
split_feature=16 7 17 23 5 6 12 12 39 14
split_gain=1.74151 3.90587 2.22769 1.57374 5.0403 1.80265 1.53733 3.26075 2.67838 1.37663
threshold=0.55640233849253828 0.14789802015260284 1.1137048140477306 0.0077186624606392371 -0.032663826567304481 1.6016561615293847 0.013214243573440062 0.014526803371513863 1.5000000000000002 1.0730039624605416
decision_type=8 10 10 8 8 8 8 8 2 10
left_child=1 -1 9 4 -2 -6 8 -8 -5 -3
right_child=3 2 -4 6 5 -7 7 -9 -10 -11
leaf_value=-0.00085992170122294162 -0.00014306581567107959 -0.0025921585644375078 0.0046255227466459308 0.00066012165648034063 -0.0010306964397402943 0.0020334023392784405 -0.00094106844568236253 -2.7121379068865779e-06 2.0555978540988641e-05 0.0018514253124786895
leaf_weight=31.481212156824768 12.347770649474112 15.65157205890864 15.431995837017892 27.013080843258649 5.0599786294624209 46.769927606917918 40.001909700222313 8367.1428616102785 70.027802408672869 19.975241172127426
leaf_count=155 98 100 82 146 89 1157 304 40283 432 142
internal_value=-0.000152217 -0.0153391 0.00146963 0 0.0163784 0.0314654 -0.000129588 -0.000289 0.0130058 -0.0116842
internal_weight=8650.9 82.54 51.0588 8568.36 64.1777 51.8299 8504.19 8407.14 97.0409 35.6268
internal_count=42988 479 324 42509 1344 1246 41165 40587 578 242
is_linear=0
shrinkage=0.105172


Tree=55
num_leaves=15
num_cat=0
split_feature=7 31 12 13 1 10 23 20 9 9 16 28 26 23
split_gain=1.70239 2.63042 4.04498 2.36553 2.84699 2.25295 4.46608 4.84151 3.35917 5.13625 3.78692 1.72974 1.38207 1.24738
threshold=0.16975627923586475 3.7399999999999998 0.013949627745725232 6.7020546374750856 0.086681957186544353 0.15769540488312925 0.021268394725603299 0.096613719420170205 0.1802540820576434 0.19098420434638977 1.1264290627285265 0.0020499999999999967 0.59573827648717714 0.025493232657658186
decision_type=8 10 10 10 2 8 8 10 8 8 10 8 10 10
left_child=1 3 -3 4 -1 6 11 -8 10 -10 -7 -2 -4 -5
right_child=5 2 12 13 -6 8 7 -9 9 -11 -12 -13 -14 -15
leaf_value=-0.00020232432523546858 -0.0011840461445734622 0.00040830477798605564 -0.00082421830457370614 -6.6884742034499173e-05 0.0011418705396060928 0.00072018230968899839 0.0011396447676676447 -0.0030121508260437376 -0.00068644505982168368 -9.2650959726518687e-06 -1.4493829483464132e-05 -0.00012801932563431313 0.00012463636335830239 -0.00082232340635107434
leaf_weight=477.49514712719247 28.004757462069392 16.345480841584504 64.528964655473828 19.173493350390345 78.76900666160509 119.18776365090162 218.25865946663544 19.533898681867868 145.96683416189626 7245.6208868110552 142.32535202708095 40.145412014331669 11.304520245641468 24.243175515439361
leaf_count=4114 168 128 344 126 610 658 1076 136 782 32748 1490 210 270 128
internal_value=-0.000266885 -0.00527296 -0.0218905 -0.00260741 -0.000641491 0.000160451 0.00901197 0.0159392 -0.000185349 -0.000608049 0.0115128 -0.0142123 -0.0324668 -0.026238
internal_weight=8650.9 691.86 92.179 599.681 556.264 7959.04 305.943 237.793 7653.1 7391.59 261.513 68.1502 75.8335 43.4167
internal_count=42988 5720 742 4978 4724 37268 1590 1212 35678 33530 2148 378 614 254
is_linear=0
shrinkage=0.105172


Tree=56
num_leaves=15
num_cat=0
split_feature=12 33 12 33 31 18 28 5 12 11 8 5 21 25
split_gain=1.82022 3.44817 3.5681 3.48359 2.88188 2.43322 2.20806 5.04033 6.17834 4.952 4.0389 4.19975 2.77713 0.0564702
threshold=0.023772208997510823 -0.00054872768106867243 0.01727936444476277 0.012709257781763685 2.2649999999999992 0.01333557049266332 0.0026000000000000194 0.18809169069231327 0.042854350096038926 0.64813065727107599 0.70496959916031832 0.14479424804487498 0.069182216027775634 0.47952988931212481
decision_type=8 8 10 10 10 10 8 10 10 10 10 10 10 8
left_child=1 2 13 4 -3 -5 7 9 -9 -2 11 -8 -12 -1
right_child=6 3 -4 5 -6 -7 10 8 -10 -11 12 -13 -14 -15
leaf_value=0.00038876782927670935 0.00023247466415501924 -0.00062044041498725798 -0.00075246192227354991 1.0298831417747417e-05 0.00023264763916971612 -0.00058687165713707705 -0.00027985861868473199 0.00026766128374242575 -0.00049237688048295954 -0.00052276148423216332 0.00024953663084101871 0.00011486783062170667 0.0037022726014638765 0.00038876782927670935
leaf_weight=4.3195857675746057 2158.5371888482478 18.982822101097554 39.087042349390686 421.39770627301186 26.297591283917427 294.27888904232532 2166.5139654956292 350.78637462388724 802.22492751898244 204.98867722041905 32.421390980482101 2094.7903157328255 30.915912482887506 5.3609629524871716
leaf_count=68 10051 259 270 3171 50 1642 10191 2214 3454 932 134 10378 84 90
internal_value=-0.000318007 -0.0050673 -0.0322716 -0.00323354 0.0247633 -0.005099 0.000164479 0.00212881 -0.0035398 0.00492095 -0.00141821 -0.00182435 0.024839 0.0202073
internal_weight=8650.9 809.725 48.7676 760.957 45.2804 715.677 7841.18 3516.54 1153.01 2363.53 4324.64 4261.3 63.3373 9.68055
internal_count=42988 5550 428 5122 309 4813 37438 16651 5668 10983 20787 20569 218 158
is_linear=0
shrinkage=0.105172


Tree=57
num_leaves=14
num_cat=0
split_feature=33 35 12 8 18 7 24 7 10 17 8 33 5
split_gain=2.5736 4.39929 4.44775 6.38913 4.04059 5.04767 3.4799 3.17848 3.719 9.34449 3.15287 1.18138 0.344127
threshold=0.0083530813047436609 4.9921995451798633 0.021764325188064104 0.21420592957952242 -0.017601624304285465 0.20045067874789838 10.500000000000002 0.75315120286443626 0.66134929411171661 1.5248104183809759 0.73879364767431588 0.028870247836177757 0.15561580092955379
decision_type=8 2 10 10 10 10 2 10 10 10 10 10 8
left_child=1 2 12 -4 6 -6 -3 8 10 -10 -2 -9 -1
right_child=7 4 3 -5 5 -7 -8 11 9 -11 -12 -13 -14
leaf_value=-0.00032487074163747485 5.5336282696602433e-06 -0.00043527472409151638 0.001026926440327498 -9.0023913766917209e-05 -0.00055488237279109251 -2.3583693585262616e-05 -0.0012357323317837019 -1.8542559806828927e-05 0.0027421085038353932 -0.0016828404902553384 0.0027895075547686062 -0.0023448009699278557 -0.00015590210863020826
leaf_weight=21.843295726925135 6933.6371333375573 32.069418276660144 57.436564256437123 897.90031374618411 33.794899092055857 217.21489874925464 53.665361523628235 31.514295652508736 260.21847832202911 50.900381783023477 15.210788756608961 33.803813273087144 11.693710177205501
leaf_count=102 34366 394 454 5353 149 942 70 56 664 134 30 126 148
internal_value=-0.00017041 -0.00443998 -0.000835634 0.000423918 -0.0148307 -0.00775944 -0.0347376 0.000593696 0.000810166 0.0120616 0.000297012 -0.0224371 -0.0383982
internal_weight=8650.9 1325.62 988.874 955.337 336.745 251.01 85.7348 7325.28 7259.97 311.119 6948.85 65.3181 33.537
internal_count=42988 7612 6057 5807 1555 1091 464 35376 35194 798 34396 182 250
is_linear=0
shrinkage=0.105172


Tree=58
num_leaves=16
num_cat=0
split_feature=16 30 16 34 5 24 7 16 34 35 26 28 7 20 30
split_gain=2.18906 4.23104 4.03744 5.04754 2.86331 2.16892 5.60061 2.1741 1.83601 1.61934 0.977885 0.859086 0.746942 1.17459 0.40798
threshold=1.4765151221811033 28.970000000000002 1.3852363149783413 0.011816481628332045 0.25263984949323598 12.500000000000002 0.31453863754054051 1.3526658545001087 -0.010894677326784062 4.4085466592602591 0.61191387007174958 0.027899999999999998 0.46296513672313877 0.030296059782296384 31.765000000000004
decision_type=10 8 10 10 10 2 10 10 10 2 8 10 10 10 10
left_child=2 4 5 9 8 7 -7 -1 -2 -4 -5 -6 14 -14 -3
right_child=1 12 3 10 11 6 -8 -9 -10 -11 -12 -13 13 -15 -16
leaf_value=5.4722778741646514e-06 -0.00031487600629181468 0.001751780070206026 -0.00083115154345066926 0.0004136772363386818 -0.0017691060356540089 -0.00037688396617153465 0.00022119273777820606 -0.00055457632652947011 -0.00048986069216858455 0.0021847708100456043 0.0034554285155787442 0.0024827396493056104 -0.00070296927235687871 0.00040479411085975002 2.0586489801785752e-05
leaf_weight=7915.2730005532503 35.028257751837373 13.009689956903459 49.601692175492644 36.287845626473427 17.629543928429484 108.35645172186196 70.16590940952301 89.766304208431393 100.44593328237534 33.734532651025802 37.906587649136782 15.585377361625431 40.974625408649445 75.818842500448227 11.318758487701414
leaf_count=38542 1918 94 262 90 100 117 75 304 222 186 72 68 300 554 84
internal_value=-0.000235043 -0.00891512 7.99698e-05 0.0167532 -0.020214 -0.000233628 -0.0116935 1.43079e-05 -0.0270837 -0.000275932 0.0366842 0.00590816 0.00415232 9.82908e-05 0.0208911
internal_weight=8650.9 309.811 8341.09 157.531 168.689 8183.56 178.522 8005.04 135.474 83.3362 74.1944 33.2149 141.122 116.793 24.3284
internal_count=42988 3340 39648 610 2308 39038 192 38846 2140 448 162 168 1032 854 178
is_linear=0
shrinkage=0.105172


Tree=59
num_leaves=14
num_cat=0
split_feature=10 12 10 18 21 19 26 7 26 16 34 1 34
split_gain=1.98026 4.15807 3.58374 3.15634 5.77754 4.41245 2.65447 3.06993 2.51918 2.24449 1.78015 1.75945 1.22794
threshold=0.48538212942789322 0.04982889858410499 0.47502690696171196 -0.013455462051285448 0.092301867689014161 0.092595870274349901 0.92744854295429746 0.29232194987725663 0.52885934795197675 0.66251227799739187 -0.019629833954148076 0.15168079096045203 -0.049369555241562384
decision_type=10 10 10 10 10 10 10 10 10 8 10 2 8
left_child=2 10 6 5 -5 -3 9 -8 -4 -1 12 -10 -2
right_child=1 3 8 4 -6 -7 7 -9 11 -11 -12 -13 -14
leaf_value=-0.00050471975586499249 -0.0039304519526661497 -0.00040768425659246099 0.00078331948863291276 0.00024214094692838147 -0.0014326557761823702 0.00026043191970683818 -8.3412239209627726e-05 0.0031449117841689301 0.00098293062168531122 5.6427831159842127e-06 -0.0025293711930017577 -0.00043349913270813534 0.0031868211487536811
leaf_weight=247.20692533487454 8.4289418077096325 342.81269979383796 50.085971448104829 581.54438368510455 116.95439208019525 255.82478028722107 68.604167904239148 73.243680459447205 24.276213144883513 6803.9425180018879 46.616789437830448 22.799651460722089 8.5622378271073121
leaf_count=1749 110 1366 140 2303 422 798 816 406 108 34520 131 68 51
internal_value=-0.000137425 -0.00382602 0.000542479 -0.00248333 0.00224881 -0.0081094 0.000262307 0.0144983 0.0205955 -1.54819e-05 -0.0301312 0.0016704 0
internal_weight=8650.9 1360.74 7290.16 1297.14 698.499 598.637 7193 141.848 97.1618 7051.15 63.608 47.0759 16.9912
internal_count=42988 5181 37807 4889 2725 2164 37491 1222 316 36269 292 176 161
is_linear=0
shrinkage=0.105172


end of trees

feature_importances:
iv_rank=59
parkinson_rv_10d=45
iv_crush_pct=42
rv_term_ratio=40
hist_move_avg_8q=39
cc_rv_10d=38
drift_5d=36
hist_move_std_4q=36
hist_event_count=36
parkinson_rv_60d=35
volume_ratio_20d=35
hist_move_med_8q=34
spy_drift_60d=32
vol_of_vol_20d=30
iv_mom_week=26
vix_change_30d=26
tlt_spy_ratio_30d=25
vix_current=23
hv_rank=22
cc_rv_20d=21
hist_move_avg_4q=21
hist_move_med_4q=21
parkinson_rv_20d=19
log_spot=18
straddle_pct=10
iv_cc_rv_ratio_20d=10
earnings_month=8
event_vol_fraction=5
hist_straddle_accuracy=4
vix_pct_252d=4
earnings_dow=4
atm_iv=3
iv_rv_ratio_20d=3
iv_rv_ratio_60d=2
dte=1
event_move_implied=1
timing_bmo=1
timing_amc=1

parameters:
[boosting: gbdt]
[objective: quantile]
[metric: quantile]
[tree_learner: serial]
[device_type: cpu]
[data_sample_strategy: bagging]
[data: ]
[valid: ]
[num_iterations: 1500]
[learning_rate: 0.105172]
[num_leaves: 31]
[num_threads: 8]
[seed: 42]
[deterministic: 0]
[force_col_wise: 0]
[force_row_wise: 0]
[histogram_pool_size: -1]
[max_depth: 4]
[min_data_in_leaf: 75]
[min_sum_hessian_in_leaf: 0.001]
[bagging_fraction: 0.880172]
[pos_bagging_fraction: 1]
[neg_bagging_fraction: 1]
[bagging_freq: 0]
[bagging_seed: 400]
[bagging_by_query: 0]
[feature_fraction: 0.750692]
[feature_fraction_bynode: 1]
[feature_fraction_seed: 30056]
[extra_trees: 0]
[extra_seed: 12879]
[early_stopping_round: 0]
[early_stopping_min_delta: 0]
[first_metric_only: 0]
[max_delta_step: 0]
[lambda_l1: 0.600869]
[lambda_l2: 0.181866]
[linear_lambda: 0]
[min_gain_to_split: 0]
[drop_rate: 0.1]
[max_drop: 50]
[skip_drop: 0.5]
[xgboost_dart_mode: 0]
[uniform_drop: 0]
[drop_seed: 17869]
[top_rate: 0.2]
[other_rate: 0.1]
[min_data_per_group: 100]
[max_cat_threshold: 32]
[cat_l2: 10]
[cat_smooth: 10]
[max_cat_to_onehot: 4]
[top_k: 20]
[monotone_constraints: ]
[monotone_constraints_method: basic]
[monotone_penalty: 0]
[feature_contri: ]
[forcedsplits_filename: ]
[refit_decay_rate: 0.9]
[cegb_tradeoff: 1]
[cegb_penalty_split: 0]
[cegb_penalty_feature_lazy: ]
[cegb_penalty_feature_coupled: ]
[path_smooth: 0]
[interaction_constraints: ]
[verbosity: -1]
[saved_feature_importance_type: 0]
[use_quantized_grad: 0]
[num_grad_quant_bins: 4]
[quant_train_renew_leaf: 0]
[stochastic_rounding: 1]
[linear_tree: 0]
[max_bin: 255]
[max_bin_by_feature: ]
[min_data_in_bin: 3]
[bin_construct_sample_cnt: 200000]
[data_random_seed: 175]
[is_enable_sparse: 1]
[enable_bundle: 1]
[use_missing: 1]
[zero_as_missing: 0]
[feature_pre_filter: 1]
[pre_partition: 0]
[two_round: 0]
[header: 0]
[label_column: ]
[weight_column: ]
[group_column: ]
[ignore_column: ]
[categorical_feature: ]
[forcedbins_filename: ]
[precise_float_parser: 0]
[parser_config_file: ]
[objective_seed: 16083]
[num_class: 1]
[is_unbalance: 0]
[scale_pos_weight: 1]
[sigmoid: 1]
[boost_from_average: 1]
[reg_sqrt: 0]
[alpha: 0.5]
[fair_c: 1]
[poisson_max_delta_step: 0.7]
[tweedie_variance_power: 1.5]
[lambdarank_truncation_level: 30]
[lambdarank_norm: 1]
[label_gain: ]
[lambdarank_position_bias_regularization: 0]
[eval_at: ]
[multi_error_top_k: 1]
[auc_mu_weights: ]
[num_machines: 1]
[local_listen_port: 12400]
[time_out: 120]
[machine_list_filename: ]
[machines: ]
[gpu_platform_id: -1]
[gpu_device_id: -1]
[gpu_use_dp: 0]
[num_gpu: 1]

end of parameters

pandas_categorical:[]
