tree
version=v4
num_class=1
num_tree_per_iteration=1
label_index=0
max_feature_idx=39
objective=regression
feature_names=atm_iv straddle_pct em_iv_pct dte event_move_implied iv_crush_pct event_vol_fraction parkinson_rv_10d parkinson_rv_20d parkinson_rv_60d cc_rv_10d cc_rv_20d vol_of_vol_20d iv_rv_ratio_20d iv_rv_ratio_60d iv_cc_rv_ratio_20d rv_term_ratio volume_ratio_20d drift_5d hist_move_avg_4q hist_move_med_4q hist_move_std_4q hist_move_avg_8q hist_move_med_8q hist_event_count hist_straddle_accuracy iv_rank hv_rank iv_mom_week iv_mom_month vix_current vix_change_30d vix_pct_252d spy_drift_60d tlt_spy_ratio_30d log_spot timing_bmo timing_amc earnings_month earnings_dow
feature_infos=[0.0349:9.9887999999999995] [0.002142857142857143:1.9899999999999998] [0.0087607827885693625:3.7702361841936023] [1:60] [0:1.3682117588748048] [-3.601225298263393:0.91922571794249763] [0.030682857932332525:172.5441022520871] [0.01100768767602958:1.2299689479416254] [0.013185115028810522:1.2512509780497678] [0.021395530271294882:1.5569838714897133] [0.0066688115957678137:6.9346349176839865] [0.0086635885252593844:13.881241535498537] [0.0025971256202974484:0.62885248650799563] [0.28976942733352218:172.73219542256885] [0.23421536150118449:116.02998128724636] [0.027465122555862767:169.49224493204125] [0.07502950413781323:2.4494897427831788] [0.22041958170760892:12.769423964951244] [-0.53894993894993892:0.42569269521410602] [0:0.5] [0:0.5] [0.00012383656413070314:0.74631856464742785] [0:0.5] [0:0.5] [0:19] [0.001230652719268777:41.510601492389036] [0:1] [-18.695652173912841:105.24999999999692] [-0.63660000000000005:0.86250000000000004] [-0.67420000000000013:0.87830000000000008] [12.15:52.329999999999998] [-23.429999999999996:24.469999999999999] [0.010554089709762533:1] [-0.15722837228372288:0.2501611343860779] [-0.2127845500662231:0.18641926279590715] [0.57661336430399379:8.5451740503306475] [0:1] [0:1] [1:12] [2:6]
tree_sizes=1872 1831 1820 1845 1824 1873 1624 1882 1847 1867 1885 1823 1814 1834 1782 1853 1720 1848 1806 1819 1845 1754 1796 1812 1861 1782 1818 1685 1789 1722 1679 1845 1817 1780 1819 1810 1712 1833 1802 1720 1844 1837 1846 1728 1827 1834 1707 1846 1829 1825 1853 1801 1715 1820 1877 1739 1756 1699 1865 1849 1870 1727 1798 1832 1741 1728 1824 1827 1848 1731 1828 1854 1707 1732 1852 1833 1750 1837 1706 1901 1823 1784 1849 1881 1799 1849 1788 1812 1770 1870 1836 1830 1788 1736 1834 1828 1699 1830 1848 1659 1571 1565 1818 1659 1668 1831 1738 1840 1847 1826 1831 1718 1721 1839 1867 1717 1744 1713 1845 1736 1741 1830 1740 1704 1824 1823 1729 1752 1781 1694 1747 1622 1728 1756 1688 1681 1838 1722 1727 1833 1689 1687 1709 1715 1731 1708 1826 1713 1866 1825 1811 1741 1777 1784 1703 1766 1807 1744 1710 1864 1874 1701 1814 1680 1863 1713 1704 1715 1721 1828 1846 1677 1895 1795 1800 1712 1835 1584 1737 1740 1685 1385 1802 1701 1606 1490 1569 1399 1737 1382 1844 1865 1856 1848 1412 1723 1785 1701 1853 1829 1625 1413 1816

Tree=0
num_leaves=16
num_cat=0
split_feature=19 19 1 1 30 19 17 8 17 7 13 1 18 10 28
split_gain=2.20503 0.656639 0.342024 0.236713 0.11909 0.0921056 0.125852 0.0798822 0.0740051 0.0652912 0.0493499 0.0682885 0.0326422 0.0150999 0.00373453
threshold=0.083247627876180411 0.039833118927845267 0.11924225028702642 0.11924225028702642 20.865000000000006 0.10615902840798833 0.7288838889345588 0.2305300552996756 1.1365593763963537 0.24766567395168582 1.791087401534001 0.084508064516129064 0.085556721188003518 0.3335458879971312 -0.020399999999999998
decision_type=10 10 2 2 10 10 8 8 10 10 8 2 10 10 10
left_child=1 7 10 9 -5 12 -7 13 -9 -3 14 -12 -4 -1 -2
right_child=2 3 5 4 -6 6 -8 8 -10 -11 11 -13 -14 -15 -16
leaf_value=0.065148746579702543 0.065679161801552047 0.065433496284635739 0.066012895861929488 0.06594674448519583 0.065580694862061445 0.06568096396488185 0.06645494870741514 0.065306246689241898 0.065612919350200888 0.065612919350200888 0.065612919350200888 0.066044917937286146 0.065612919350200888 0.065612919350200888 0.065558437999839222
leaf_weight=982.11169526632875 58.530010690912604 855.36000955337659 311.06496089790016 538.31887584738433 189.91441708803177 88.328783666715026 579.50506089534611 794.85020278720185 284.7150183962658 784.15096637839451 64.662629768718034 170.73173703765497 24.000595069490373 14.815906818024812 174.43881159462035
leaf_count=5861 328 5719 1228 2334 676 342 2400 4561 1382 3499 441 1067 108 96 786
internal_value=0.0656129 0.0654525 0.0660974 0.0656129 0.0658334 0.0662516 0.0663723 0.0652651 0.0653785 0.0655207 0.0657389 0.065887 0.0659711 0.0651556 0.0656129
internal_weight=5915.5 4444.24 1471.26 2367.74 728.233 1002.9 667.834 2076.49 1079.57 1639.51 468.363 235.394 335.066 996.928 232.969
internal_count=30828 24128 6700 12228 3010 4078 2742 11900 5943 9218 2622 1508 1336 5957 1114
is_linear=0
shrinkage=1


Tree=1
num_leaves=16
num_cat=0
split_feature=22 1 22 26 27 15 1 14 9 30 27 22 25 28 28
split_gain=2.6313 0.601606 0.311033 0.214595 0.112523 0.0931098 0.0693031 0.0645601 0.0566522 0.0661851 0.0444057 0.0164387 0.0125708 0.0111327 0.00381993
threshold=0.063237138395307424 0.12421854912764006 0.034755021655857789 0.47116898361732473 0.048753532397178646 1.3931502902759545 0.086533119658119675 2.2340223565376029 0.2135128107132547 19.565000000000001 0.97291879549105864 0.06884726512336449 0.047737297983299745 0.066499999999999962 0.020249999999999994
decision_type=10 2 8 8 8 8 2 10 10 10 8 10 10 10 10
left_child=2 6 10 5 -5 -3 11 -8 13 -10 12 -2 -1 -4 -12
right_child=1 3 8 4 -6 -7 7 -9 9 -11 14 -13 -14 -15 -16
leaf_value=0 0 0 -0.00026801095428604196 0 0.00077198176854566432 0.00041692148194200806 8.81793530659124e-05 0.00047782263411764113 -6.7121187207480739e-06 -0.00022651157031611371 -0.00013121977202485536 -0.00015182904657684405 -0.00044529586129017233 0 7.8303166580149901e-05
leaf_weight=12.764220746699719 90.945413880981505 135.31766367238015 613.21353099145927 69.992063897661865 824.3383701830171 252.44866364495829 608.84646514523774 146.63957789167762 1181.4921105615795 446.17586686555296 36.177641534246504 187.10864652600139 1272.4585924185812 11.390040069585664 26.190813726745546
leaf_count=598 539 472 4932 274 3307 1000 2844 852 5220 2244 296 1326 6696 150 78
internal_value=0 0.000379651 -0.000244262 0.000590967 0.000723274 0.000251507 0.00010468 0.00018142 -0.000131787 -7.50603e-05 -0.000422404 -5.67848e-05 -0.000440774 -0.000258472 0
internal_weight=5915.5 2315.64 3599.86 1282.1 894.33 387.766 1033.54 755.486 2252.27 1627.67 1347.59 278.054 1285.22 624.604 62.3685
internal_count=30828 10614 20214 5053 3581 1472 5561 3696 12546 7464 7668 1865 7294 5082 374
is_linear=0
shrinkage=0.01444


Tree=2
num_leaves=16
num_cat=0
split_feature=20 23 1 1 30 17 27 9 1 5 35 0 20 28 27
split_gain=2.00575 0.757339 0.400741 0.111971 0.108824 0.105589 0.0925646 0.0886299 0.0868008 0.0693217 0.0449756 0.0383022 0.0223207 0.00815139 0.00054427
threshold=0.09308829050749591 0.035600637080476484 0.11924225028702642 0.12421854912764006 20.865000000000006 0.7288838889345588 0.048753532397178646 0.21078495100108532 0.089160256410256419 0.2097326809687704 5.0836998476723396 0.41567500000000007 0.044965476768302516 0.035900000000000022 0.24261953704439057
decision_type=10 10 2 2 10 8 8 8 2 8 2 2 8 8 10
left_child=1 7 8 9 -4 13 -7 12 -3 14 -9 -11 -1 -5 -2
right_child=3 2 4 5 -6 6 -8 10 -10 11 -12 -13 -14 -15 -16
leaf_value=-0.00048672957072464277 3.8163592222673354e-05 -0.00018100881087332711 0.00034896107052503759 0.00019762658156599567 0 7.3622247682901508e-06 0.0008636156076484966 -0.00027921516110441396 4.5435913041731267e-07 0 -1.2558019551672595e-06 0.00057903171396155885 0 0 0
leaf_weight=765.01160020055249 77.363649553619325 1039.4949877345935 757.59534765034914 51.441083272919059 252.22346824407578 60.731823668815196 519.20514321140945 973.06284224218689 871.69634666107595 30.68882832210511 249.49569370015524 143.94583088764921 32.889542143791914 35.105148104019463 55.548346159048378
leaf_count=4706 480 6179 3186 212 910 278 2119 5796 4113 201 1245 799 208 96 300
internal_value=0 -0.00011807 2.64863e-05 0.000598699 0.00026252 0.000720914 0.000796592 -0.000333483 -9.14196e-05 0.000290536 -0.000233219 0.000480581 -0.000470445 6.16594e-05 0
internal_weight=5915.5 4941.47 2921.01 974.03 1009.82 666.483 579.937 2020.46 1911.19 307.547 1222.56 174.635 797.901 86.5462 132.912
internal_count=30828 26343 14388 4485 4096 2705 2397 11955 10292 1780 7041 1000 4914 308 780
is_linear=0
shrinkage=0.01444


Tree=3
num_leaves=16
num_cat=0
split_feature=22 1 22 26 30 13 0 1 9 30 27 30 18 28 24
split_gain=2.50182 0.568041 0.293349 0.207684 0.131774 0.105516 0.080797 0.0542878 0.0534769 0.0640322 0.0427851 0.0256465 0.0117393 0.0107633 0.00877055
threshold=0.063237138395307424 0.12421854912764006 0.034755021655857789 0.47116898361732473 20.500000000000004 1.4052965162429574 0.65415000000000012 0.084508064516129064 0.2135128107132547 19.565000000000001 0.97291879549105864 16.170000000000005 -0.060901582850080842 0.066499999999999962 11.500000000000002
decision_type=10 2 8 10 8 8 2 2 10 10 8 8 8 10 2
left_child=2 6 10 5 -5 -3 11 -8 13 -10 12 -2 -1 -4 -12
right_child=1 3 8 4 -6 -7 7 -9 9 -11 14 -13 -14 -15 -16
leaf_value=0 0.00018327340037289068 0 -0.00026142673784069245 0.00085202752655371881 0.00032507584348040328 0.00041142131965999452 0 0.00043337278784643318 -5.7739274403251619e-06 -0.00022204393229083411 -0.00015209000187327201 -1.2134612859244743e-05 -0.00043688183881207229 0 0.00020236236371268981
leaf_weight=31.500426431652158 158.78222605865449 119.19499391317368 613.21353099145927 602.07912201015279 230.99781106365845 329.8248344110325 50.292270968668163 206.86865863064304 1181.4921105615795 446.17586686555296 42.701032698154449 617.59694778593257 1253.7223867336288 11.390040069585664 19.667422562837601
leaf_count=250 1509 398 4932 2497 778 1380 254 946 5220 2244 346 2852 7044 150 28
internal_value=0 0.000370261 -0.000238109 0.000575688 0.000721931 0.000274685 0.000102599 0.000327473 -0.000128615 -7.31534e-05 -0.00041127 1.10827e-05 -0.000429285 -0.00025201 0
internal_weight=5915.5 2315.64 3599.86 1282.1 833.077 449.02 1033.54 257.161 2252.27 1627.67 1347.59 776.379 1285.22 624.604 62.3685
internal_count=30828 10614 20214 5053 3275 1778 5561 1200 12546 7464 7668 4361 7294 5082 374
is_linear=0
shrinkage=0.01444


Tree=4
num_leaves=16
num_cat=0
split_feature=19 19 1 1 26 18 27 8 26 1 26 8 15 10 13
split_gain=1.98765 0.593833 0.305251 0.209946 0.124438 0.105278 0.0889456 0.0700302 0.0633618 0.0568163 0.0504914 0.0293332 0.0282165 0.0143281 0.0129781
threshold=0.083247627876180411 0.039833118927845267 0.11924225028702642 0.11924225028702642 0.39730270980662125 0.10842616639931758 0.60818760469011746 0.2305300552996756 0.41553966586689112 0.088417843388960221 0.67012422332732979 0.2323790353093256 1.3989303541094695 0.3335458879971312 1.7635748126347865
decision_type=10 10 2 2 10 8 10 8 10 2 10 10 8 10 8
left_child=1 7 10 9 12 -6 -5 13 -9 -3 14 -12 -4 -1 -2
right_child=2 3 4 6 5 -7 -8 8 -10 -11 11 -13 -14 -15 -16
leaf_value=-0.00044089771235676504 -2.6284196795977095e-05 -0.00016180153924271316 0 0.00029720372385196964 0.00075219173852803184 0 -2.1549758741229059e-05 -0.00031421974725234829 -4.1980959416424251e-05 0 0 0.00057101600518805532 0.00032221434051794595 0 0.00011767686357284029
leaf_weight=982.11169526632875 192.99807387311012 920.98199832066894 67.97310736309737 565.14109493326396 715.7784082768485 57.584529793355614 163.09219800215214 667.55838347645476 412.00683770701289 718.52897761110216 16.267388042062521 70.797509308904409 161.56335509615019 14.815906818024812 188.30021786782891
leaf_count=5861 865 5617 267 2280 2864 244 730 3548 2395 3601 212 410 703 96 1135
internal_value=0 -0.000152295 0.000459944 0 0.000605869 0.000703796 0.000207892 -0.000330526 -0.000222517 -8.65257e-05 0.000119211 0.000442403 0.000218131 -0.000434175 1.05948e-05
internal_weight=5915.5 4444.24 1471.26 2367.74 1002.9 773.363 728.233 2076.49 1079.57 1639.51 468.363 87.0649 229.536 996.928 381.298
internal_count=30828 24128 6700 12228 4078 3108 3010 11900 5943 9218 2622 622 970 5957 2000
is_linear=0
shrinkage=0.01444


Tree=5
num_leaves=16
num_cat=0
split_feature=22 2 26 22 30 33 20 22 28 27 26 25 25 25 28
split_gain=2.3752 0.44237 0.293603 0.277093 0.158375 0.0971148 0.0490715 0.0463586 0.0644809 0.0409843 0.0346246 0.0259993 0.0144592 0.0120549 0.00344281
threshold=0.063237138395307424 0.14277928586447977 0.47116898361732473 0.034755021655857789 20.115000000000006 0.051361858573103499 0.09308829050749591 0.046820090451900179 0.068550000000000014 0.97291879549105864 0.42044830188276222 1.3133222255541035 0.97931669986324665 0.047737297983299745 0.020249999999999994
decision_type=10 2 10 8 8 8 10 10 8 8 10 10 10 10 10
left_child=3 6 5 9 -4 -3 12 10 -9 13 -5 -8 -2 -1 -11
right_child=1 2 4 7 -6 -7 11 8 -10 14 -12 -13 -14 -15 -16
leaf_value=0 1.6466237545090855e-05 0 0.00080230335165146693 -0.00028080808792874546 0.00032385179490349112 0.00039660102029201872 0.00036020410741552524 -8.9677567633336767e-05 0.00028080579263208157 -0.00012174858750083998 -5.7113675294171026e-05 0 -0.00014772146748652978 -0.00042255577736023225 8.0510410276091746e-05
leaf_weight=12.764220746699719 417.86055248742923 302.58740468788892 659.61571082286537 605.56402972014621 328.55006852699444 299.41664196737111 131.35918096546084 1135.6197057166137 94.014760580845177 36.177641534246504 417.07305247057229 43.839751463849097 132.40755392005667 1272.4585924185812 26.190813726745546
leaf_count=598 2018 1030 2812 3356 1186 1442 778 5587 529 296 3074 418 930 6696 78
internal_value=0 0.000360717 0.000496513 -0.000232057 0.000656737 0.000211421 4.48804e-05 -0.000125389 -5.05958e-05 -0.000400499 -0.000202451 0.00025795 0 -0.000418122 0
internal_weight=5915.5 2315.64 1590.17 3599.86 988.166 602.004 725.467 2252.27 1229.63 1347.59 1022.64 175.199 550.268 1285.22 62.3685
internal_count=30828 10614 6470 20214 3998 2472 4144 12546 6116 7668 6430 1196 2948 7294 374
is_linear=0
shrinkage=0.01444


Tree=6
num_leaves=14
num_cat=0
split_feature=20 23 1 30 1 17 21 1 5 10 21 8 5
split_gain=1.81856 0.676951 0.356599 0.101699 0.10037 0.0923752 0.08456 0.080086 0.0738654 0.0459051 0.0159738 0.00504359 0.00373694
threshold=0.09308829050749591 0.035600637080476484 0.11924225028702642 20.865000000000006 0.095571895424836614 0.7288838889345588 0.04884124406401253 0.089160256410256419 0.20187412711849503 0.32326111230808652 0.072604589485683976 0.26679377296106949 0.37696937557308147
decision_type=10 10 2 10 2 8 10 2 8 8 10 10 10
left_child=1 6 7 -4 12 10 9 -3 -7 -1 -6 -8 -2
right_child=4 2 3 -5 5 8 11 -9 -10 -11 -12 -13 -14
leaf_value=-0.00039624348781822023 0 -0.00017301680915280125 0.00033050754365081345 0 0.00027916697187905587 0.00040902692652424984 -9.3170875424183154e-05 8.3986646446479313e-07 0.0008287854162315597 -0.00016661786558452003 0 6.1218950038389425e-05 0.00018447852782099724
leaf_weight=1374.7488007494248 65.740394094958901 1039.4949877345935 757.59534765034914 252.22346824407578 47.6545334989205 315.26799290953204 80.355099104344845 871.69634666107595 464.02312286850065 472.71572437090799 59.004215053282678 92.640054062008858 22.339594754390419
leaf_count=7713 507 6179 3186 910 176 1344 460 4113 2088 3314 226 468 144
internal_value=0 -0.000112375 2.40579e-05 0.000246938 0.000570128 0.000617211 -0.000316047 -8.68958e-05 0.000676168 -0.00034464 6.30733e-05 0 0
internal_weight=5915.5 4941.47 2921.01 1009.82 974.03 885.95 2020.46 1911.19 779.291 1847.46 106.659 172.995 88.08
internal_count=30828 26343 14388 4096 4485 3834 11955 10292 3432 11027 402 928 651
is_linear=0
shrinkage=0.01444


Tree=7
num_leaves=16
num_cat=0
split_feature=22 1 22 26 27 13 1 13 17 26 27 8 22 25 24
split_gain=2.25688 0.515507 0.261296 0.192373 0.107952 0.0813201 0.0598214 0.0654968 0.0517617 0.0458978 0.0395817 0.0353324 0.0158761 0.0117024 0.00815535
threshold=0.063237138395307424 0.12421854912764006 0.034755021655857789 0.46324414636458439 0.048753532397178646 1.4052965162429574 0.086533119658119675 1.7718791834804111 1.2017995962665993 0.4306445085591542 0.97291879549105864 0.24439401739571467 0.06884726512336449 0.047737297983299745 11.500000000000002
decision_type=10 2 8 8 8 8 2 10 10 10 8 10 10 10 2
left_child=2 6 10 5 -5 -3 12 -8 9 -4 13 -10 -2 -1 -12
right_child=1 3 8 4 -6 -7 7 -9 11 -11 14 -13 -14 -15 -16
leaf_value=0 1.0286855789971958e-06 -7.5918675708651827e-07 -0.00024155527604601351 0 0.0007176633103951884 0.00036493776745517652 2.678639844546515e-05 0.00034114363838689139 -0.0001178601889860745 -5.6303080379244303e-05 -0.00014219420520173131 9.7169064915298239e-05 -0.000146984973562556 -0.00041149756484683763 0.00020208059772319387
leaf_weight=12.764220746699719 90.945413880981505 115.22154828254133 885.4249109365046 69.992063897661865 831.77415336621925 265.10899585159495 458.78401920571923 296.70202383119613 316.17204799409956 736.92949082376435 42.701032698154449 313.74509873380885 187.10864652600139 1272.4585924185812 19.667422562837601
leaf_count=598 539 380 4739 274 3333 1066 2032 1664 1893 4529 346 1385 1326 6696 28
internal_value=0 0.000351724 -0.000226097 0.000547503 0.000670927 0.000219941 9.60384e-05 0.000167719 -0.000122254 -0.000165522 -0.000389822 0 -5.1681e-05 -0.000407126 0
internal_weight=5915.5 2315.64 3599.86 1282.1 901.766 380.331 1033.54 755.486 2252.27 1622.35 1347.59 629.917 278.054 1285.22 62.3685
internal_count=30828 10614 20214 5053 3607 1446 5561 3696 12546 9268 7668 3278 1865 7294 374
is_linear=0
shrinkage=0.01444


Tree=8
num_leaves=16
num_cat=0
split_feature=22 19 22 26 0 26 35 17 26 27 26 35 15 18 24
split_gain=2.19466 0.418069 0.253208 0.19566 0.138883 0.119586 0.0733804 0.0503557 0.0442869 0.0384483 0.0310266 0.0227232 0.0166593 0.011369 0.00792616
threshold=0.063237138395307424 0.10615902840798833 0.034755021655857789 0.36814798414756061 0.56357500000000016 0.97830292514639117 4.8293925725792013 1.2017995962665993 0.4306445085591542 0.97291879549105864 0.24649130439192127 4.5488114299323952 1.5507938900511886 -0.060901582850080842 11.500000000000002
decision_type=10 10 8 8 2 10 2 10 10 8 10 2 8 8 2
left_child=2 4 9 12 10 -5 -6 8 -4 13 -2 -9 -3 -1 -11
right_child=1 3 7 5 6 -7 -8 11 -10 14 -12 -13 -14 -15 -16
leaf_value=0 -0.00017143850454317064 -4.5613665042912286e-05 -0.00023806941133211246 0.00075759615280160896 0.00041490658056765476 0 0 7.8647703721580731e-05 -5.5490678460574857e-05 -0.00014016733763595071 8.1846363626464499e-05 -9.3471251116412563e-05 0.00021242584871487738 -0.0004085722455197199 0.00019924283801793058
leaf_weight=31.500426431652158 94.883074634242803 60.563030344434083 885.4249109365046 662.01620917208493 549.40031905611977 48.288205102086067 149.50270683504641 303.25522331520915 736.92949082376435 42.701032698154449 677.3780316230841 326.66192341269925 73.605288074817508 1253.7223867336288 19.667422562837601
leaf_count=250 611 294 4739 2921 2274 226 451 1828 4529 346 3413 1450 424 7044 28
internal_value=0 0.000346863 -0.000222938 0.000610113 0.000186684 0.000707026 0.000336864 -0.000120573 -0.00016325 -0.000384192 3.36865e-05 0 0 -0.000401245 0
internal_weight=5915.5 2315.64 3599.86 844.473 1471.16 710.304 698.903 2252.27 1622.35 1347.59 772.261 629.917 134.168 1285.22 62.3685
internal_count=30828 10614 20214 3865 6749 3147 2725 12546 9268 7668 4024 3278 718 7294 374
is_linear=0
shrinkage=0.01444


Tree=9
num_leaves=16
num_cat=0
split_feature=22 2 26 22 30 33 17 9 26 27 18 12 0 25 12
split_gain=2.13368 0.401925 0.273946 0.245445 0.151688 0.0936496 0.0489891 0.0518926 0.0427262 0.0373562 0.0353313 0.082153 0.0188826 0.0113692 0.00400375
threshold=0.063237138395307424 0.14277928586447977 0.47116898361732473 0.034755021655857789 20.115000000000006 0.051361858573103499 1.2017995962665993 0.2782524686690403 0.4306445085591542 0.97291879549105864 0.0050568270819674197 0.047541028762077206 0.51485000000000014 0.047737297983299745 0.090934480388993669
decision_type=10 2 10 8 8 8 10 10 10 8 10 10 2 10 10
left_child=3 10 5 9 -4 -3 8 -8 -5 13 12 -12 -2 -1 -11
right_child=1 2 4 6 -6 -7 7 -9 -10 14 11 -13 -14 -15 -16
leaf_value=0 -0.00013199947763014314 0 0.000768195461911343 -0.00023463385154485922 0.00030040905488962818 0.00037653384771617771 -9.9079408008992631e-05 0.00018178767527076941 -5.4689996331932014e-05 0.00011333762379079665 0.00041160703449461932 0 3.9798854841575518e-05 -0.00039980629071485041 -0.00011544579023539054
leaf_weight=12.764220746699719 227.53198347613215 302.58740468788892 659.61571082286537 885.4249109365046 328.55006852699444 299.41664196737111 431.35029796557501 198.56684876233339 736.92949082376435 22.717382830567658 149.20551416417584 188.7836562669836 159.94588492950425 1272.4585924185812 39.651072430424392
leaf_count=598 1424 1030 2812 4739 1186 1442 2310 968 4529 88 1048 882 790 6696 286
internal_value=0 0.000341991 0.000471432 -0.000219839 0.00062616 0.000195382 -0.000118917 0 -0.00016101 -0.000378683 4.00894e-05 0.000156037 -2.73914e-05 -0.000395493 0
internal_weight=5915.5 2315.64 1590.17 3599.86 988.166 602.004 2252.27 629.917 1622.35 1347.59 725.467 337.989 387.478 1285.22 62.3685
internal_count=30828 10614 6470 20214 3998 2472 12546 3278 9268 7668 4144 1930 2214 7294 374
is_linear=0
shrinkage=0.01444


Tree=10
num_leaves=16
num_cat=0
split_feature=22 19 22 26 11 2 9 19 26 27 0 26 15 25 28
split_gain=2.07498 0.400222 0.237828 0.187214 0.134808 0.133745 0.0542454 0.0494279 0.0392468 0.0362846 0.0362048 0.0342394 0.0158393 0.0110672 0.00294267
threshold=0.063237138395307424 0.10615902840798833 0.034755021655857789 0.36814798414756061 0.25657378343180637 0.1748616566971645 0.3225686616146306 0.047354635184692122 0.42317325232094211 0.97291879549105864 0.40997500000000009 0.24949181546108265 1.5507938900511886 0.047737297983299745 0.020249999999999994
decision_type=10 10 8 8 8 2 8 10 8 8 2 10 8 10 10
left_child=2 5 9 12 -5 11 -7 8 -4 13 -9 -2 -3 -1 -11
right_child=1 3 7 4 -6 6 -8 10 -10 14 -12 -13 -14 -15 -16
leaf_value=0 -0.00012972526597046808 -4.6865421003429045e-05 -0.00027876438778045567 3.2102034775774008e-05 0.00077236014999090353 0 0.00044495487094719258 -0.00012787836555836317 -6.5969203878744296e-05 -0.00011069290000648624 2.5898088220048635e-05 0.00010239035177951074 0.00020669728623558855 -0.00039403561634644918 7.818113736576754e-05
leaf_weight=12.764220746699719 112.46896835835651 60.563030344434083 589.1658457966987 97.118204864673316 613.18620940949768 101.5201574023813 421.31061692722142 512.17529459297657 554.66099512507208 36.177641534246504 596.26941297343001 835.86438946053386 73.605288074817508 1272.4585924185812 26.190813726745546
leaf_count=598 666 294 3164 490 2657 472 1482 2871 3593 296 2918 4129 424 6696 78
internal_value=0 0.000337278 -0.000216769 0.000594916 0.000689666 0.000180325 0.000371445 -0.000117285 -0.000187098 -0.000373212 -3.33811e-05 6.10063e-05 0 -0.000389779 0
internal_weight=5915.5 2315.64 3599.86 844.473 710.304 1471.16 522.831 2252.27 1143.83 1347.59 1108.44 948.333 134.168 1285.22 62.3685
internal_count=30828 10614 20214 3865 3147 6749 1954 12546 6757 7668 5789 4795 718 7294 374
is_linear=0
shrinkage=0.01444


Tree=11
num_leaves=16
num_cat=0
split_feature=19 19 1 26 27 17 9 27 1 26 15 17 35 5 5
split_gain=1.67463 0.668537 0.248184 0.1915 0.127253 0.113249 0.0867874 0.0788019 0.062254 0.0448758 0.0270697 0.0153525 0.0124627 0.00586305 0.00135262
threshold=0.10395128383870046 0.042693129732333766 0.11924225028702642 0.37593263087608786 0.048753532397178646 0.68961318036551589 0.19775677899704855 0.60818760469011746 0.086120071684587837 0.44265030163223823 1.5507938900511886 0.90604744855365649 2.4006171893491755 0.20283680532986056 0.30329899735334381
decision_type=10 10 2 8 8 10 8 10 2 10 8 8 2 10 10
left_child=1 6 8 10 13 -6 12 -4 -3 -8 14 -12 -1 -5 -2
right_child=3 2 7 4 5 -7 9 -9 -10 -11 11 -13 -14 -15 -16
leaf_value=0 -9.742042107465553e-05 -0.00014469854729847855 0.00029581318532700171 0 1.0268174342870214e-05 0.00080910821435186027 -0.00026896160924492948 0 1.8087497026245852e-05 -6.3376712416002219e-05 0 0.00039033761431341073 -0.00044612969912642594 0.00014873211853484841 0
leaf_weight=9.5515161380171758 55.750019096769392 831.77175737451762 788.96840652730316 23.689219208434224 75.459782047197223 589.08202460967004 1062.2884109839797 199.25370834581554 909.14241338847205 519.71883403649554 27.877922871150076 56.556915869470686 692.58341827709228 54.708287495188415 19.097045486792922
leaf_count=86 242 5128 3124 78 384 2549 5279 862 4559 3231 140 350 4460 256 100
internal_value=0 -0.000102943 4.54983e-05 0.000572653 0.00067212 0.000738166 -0.000286001 0.000230768 -5.21924e-05 -0.000209741 2.60833e-05 0.000254405 -0.000438894 0 -5.78503e-05
internal_weight=5915.5 5013.28 2729.14 902.221 742.939 664.542 2284.14 988.222 1740.91 1582.01 159.282 84.4348 702.135 78.3975 74.8471
internal_count=30828 26729 13673 4099 3267 2933 13056 3986 9687 8510 832 490 4546 334 342
is_linear=0
shrinkage=0.01444


Tree=12
num_leaves=16
num_cat=0
split_feature=22 1 22 27 15 0 17 9 1 27 30 22 1 34 34
split_gain=1.97029 0.46358 0.224506 0.0903804 0.111315 0.0703127 0.0479201 0.04948 0.0475993 0.0348254 0.0228734 0.0228349 0.011384 0.00598522 0.000125914
threshold=0.063237138395307424 0.12421854912764006 0.034755021655857789 0.048753532397178646 1.5364407639345055 0.65415000000000012 1.2017995962665993 0.2782524686690403 0.084508064516129064 0.97291879549105864 16.170000000000005 0.047733943033345938 0.21366910866910868 -0.031130045819978577 0.03115698259401856
decision_type=10 2 8 8 8 2 10 10 2 8 8 10 2 8 8
left_child=2 5 9 13 -5 10 11 -8 -7 12 -2 -4 -1 -3 -11
right_child=1 3 6 4 -6 8 7 -9 -10 14 -12 -13 -14 -15 -16
leaf_value=-0.00038477605980009622 0.00016727008408231239 0.00017998786847551071 -0.00022424565407441822 0.00036273782248340486 0.00072028369105723081 0 -9.3902852962691238e-05 0.00018079599699417169 0.000393730126913449 -2.5791496275416284e-05 -2.2438225707424252e-05 -7.730186760531841e-05 0 0 0
leaf_weight=1266.8349614073522 158.78222605865449 37.967248470522463 777.76691846642643 593.64776633447036 583.79661436891183 50.292270968668163 431.35029796557501 198.56684876233339 206.86865863064304 38.912354880943894 617.59694778593257 844.58748329384252 18.387851757928729 66.685132224112749 23.456100380048156
leaf_count=7192 1509 256 5196 2190 2415 254 2310 968 946 290 2852 4072 102 192 84
internal_value=0 0.000328669 -0.00021122 0.000514321 0.000551384 8.55568e-05 -0.000114307 0 0.0002937 -0.000363369 0 -0.000155867 -0.000379591 0 0
internal_weight=5915.5 2315.64 3599.86 1282.1 1177.44 1033.54 2252.27 629.917 257.161 1347.59 776.379 1622.35 1285.22 104.652 62.3685
internal_count=30828 10614 20214 5053 4605 5561 12546 3278 1200 7668 4361 9268 7294 448 374
is_linear=0
shrinkage=0.01444


Tree=13
num_leaves=16
num_cat=0
split_feature=22 1 22 26 27 15 0 1 19 26 0 27 30 1 24
split_gain=1.9157 0.450321 0.217547 0.174474 0.101288 0.077619 0.0681322 0.046477 0.0458355 0.0369482 0.0342566 0.0337885 0.0222197 0.0110366 0.00738157
threshold=0.063237138395307424 0.12421854912764006 0.034755021655857789 0.46324414636458439 0.048753532397178646 1.5364407639345055 0.65415000000000012 0.084508064516129064 0.047354635184692122 0.42317325232094211 0.40997500000000009 0.97291879549105864 16.170000000000005 0.21366910866910868 11.500000000000002
decision_type=10 2 8 8 8 8 2 2 10 8 2 8 8 2 2
left_child=2 6 11 5 -5 -3 12 -8 9 -4 -10 13 -2 -1 -13
right_child=1 3 8 4 -6 -7 7 -9 10 -11 -12 14 -14 -15 -16
leaf_value=-0.00037922233722103215 0.00016486314551522805 0 -0.00026902926005989848 0 0.00066943205621678749 0.00038128125288091404 0 0.00038805992615753625 -0.00012364333899470844 -6.1772420065599225e-05 2.5886684930053117e-05 -0.00013291181942510876 -2.2114512617373709e-05 0 0.0001957566807496383
leaf_weight=1266.8349614073522 158.78222605865449 171.07513817213476 589.1658457966987 69.992063897661865 831.77415336621925 209.25540596200153 50.292270968668163 206.86865863064304 512.17529459297657 554.66099512507208 596.26941297343001 42.701032698154449 617.59694778593257 18.387851757928729 19.667422562837601
leaf_count=7192 1509 616 3164 274 3333 830 254 946 2871 3593 2918 346 2852 102 28
internal_value=0 0.000324075 -0.000208281 0.000507086 0.000624477 0.000193877 8.4242e-05 0.000289137 -0.000112741 -0.000180045 -3.14292e-05 -0.000358137 0 -0.000374117 0
internal_weight=5915.5 2315.64 3599.86 1282.1 901.766 380.331 1033.54 257.161 2252.27 1143.83 1108.44 1347.59 776.379 1285.22 62.3685
internal_count=30828 10614 20214 5053 3607 1446 5561 1200 12546 6757 5789 7668 4361 7294 374
is_linear=0
shrinkage=0.01444


Tree=14
num_leaves=16
num_cat=0
split_feature=22 1 22 26 11 15 20 5 9 19 18 25 26 28 20
split_gain=1.86248 0.437362 0.210775 0.169513 0.111987 0.0887314 0.066333 0.0702045 0.0459322 0.037877 0.0309928 0.0263579 0.010791 0.00936867 0.00184196
threshold=0.063237138395307424 0.12421854912764006 0.034755021655857789 0.47116898361732473 0.22885614565309903 1.3931502902759545 0.09308829050749591 0.2097326809687704 0.2135128107132547 0.047141842136461699 -0.060901582850080842 0.91214900150753797 0.65451802157313088 0.066499999999999962 0.033959582592930117
decision_type=10 2 8 10 10 8 10 8 10 8 10 10 10 10 10
left_child=2 6 10 5 -5 -3 11 -8 13 -10 14 -2 -12 -4 -1
right_child=1 3 8 4 -6 -7 7 -9 9 -11 12 -13 -14 -15 -16
leaf_value=-6.9038372463378281e-05 6.3748423213339224e-05 0 -0.00023414780139220176 0 0.00066900334202918345 0.00036359556288649645 0 0.00045722899478005304 -0.00013529050245863567 0 -0.00038742319570641187 -0.00012589585975517629 0 0 0
leaf_weight=80.024431978818029 524.34293206129223 137.54684698302299 613.21353099145927 37.085159967653453 795.99177310615778 311.47298134118319 127.92643267288804 169.65709374239668 744.39906825963408 883.26890916749835 1176.5315441442654 211.61364496732131 72.31986328214407 11.390040069585664 18.715429021045566
leaf_count=472 2430 499 4932 186 3089 1279 770 980 3406 4058 6256 1381 872 150 68
internal_value=0 0.000319528 -0.000205382 0.00049992 0.000632174 0.000224947 8.29462e-05 0.000265058 -0.000111199 -5.93612e-05 -0.000352972 0 -0.000373641 -0.00022517 0
internal_weight=5915.5 2315.64 3599.86 1282.1 833.077 449.02 1033.54 297.584 2252.27 1627.67 1347.59 735.957 1248.85 624.604 98.7399
internal_count=30828 10614 20214 5053 3275 1778 5561 1750 12546 7464 7668 3811 7128 5082 540
is_linear=0
shrinkage=0.01444


Tree=15
num_leaves=16
num_cat=0
split_feature=22 1 22 14 8 0 1 9 1 19 32 19 18 9 22
split_gain=1.81046 0.424093 0.205152 0.100514 0.0758596 0.0655896 0.0515669 0.0471795 0.0449418 0.0347914 0.0320271 0.0254457 0.0215825 0.00926556 0.00712668
threshold=0.063237138395307424 0.12421854912764006 0.044770211317153509 1.4540677700135414 0.34702105215143969 0.65415000000000012 0.089160256410256419 0.21078495100108532 0.084508064516129064 0.07677267149491257 0.86741424802110834 0.051550568064134196 0.0050568270819674197 0.30283224562206362 0.034952431771304644
decision_type=10 2 10 8 8 2 2 8 2 10 8 10 10 10 8
left_child=2 5 7 9 -5 12 13 14 -7 -3 -8 -9 -2 -4 -1
right_child=1 3 6 4 -6 8 10 11 -10 -11 -12 -13 -14 -15 -16
leaf_value=-0.00044362450223941357 -5.7037804048549173e-05 0 -0.0001745841473661124 0.00030775806107560187 0.00069352686325705045 0 8.697694248986789e-05 -0.00022648973196683748 0.00038005774240118501 0.00031483268322821578 -0.00011496780538061203 0 9.2194937751907246e-05 0 -0.00018931199623376628
leaf_weight=664.89975286321715 401.2998407506384 112.4891003081575 529.34320793719962 310.70662814658135 629.54285478871316 50.292270968668163 542.82743685971946 1242.4132749415003 206.86865863064304 229.35817815456539 204.9288823986426 79.581016927957535 375.07933309394866 91.413791196420789 244.45545378979295
leaf_count=4104 2288 382 3055 1548 2113 254 2594 7215 946 1010 836 352 2073 441 1617
internal_value=0 0.000314976 -0.000202552 0.000492649 0.000580221 8.17683e-05 -5.13886e-05 -0.000289361 0.000282657 0.000213 1.4094e-05 -0.000210236 0 -0.00015128 -0.000389804
internal_weight=5915.5 2315.64 3599.86 1282.1 940.249 1033.54 1368.51 2231.35 257.161 341.847 747.756 1321.99 776.379 620.757 909.355
internal_count=30828 10614 20214 5053 3661 5561 6926 13288 1200 1392 3430 7567 4361 3496 5721
is_linear=0
shrinkage=0.01444


Tree=16
num_leaves=15
num_cat=0
split_feature=20 1 20 13 17 14 11 17 7 1 20 7 27 16
split_gain=1.43082 0.527051 0.232852 0.0906538 0.0880918 0.0949763 0.105579 0.0630838 0.0572432 0.050251 0.0396358 0.00866603 0.00597261 0.0143114
threshold=0.09308829050749591 0.087603418803418806 0.047798360384222811 1.636439482466987 0.7288838889345588 1.4540677700135414 0.22697863068056676 1.1012936085401066 0.22200863033338644 0.14315340909090912 0.033959582592930117 0.22644952446917394 0.12517468103041349 0.86244481318458133
decision_type=10 2 10 10 8 8 8 8 10 2 8 10 10 10
left_child=1 8 7 -4 12 9 -7 -3 10 -6 -1 -10 -2 -14
right_child=4 2 3 -5 5 6 -8 -9 11 -11 -12 -13 13 -15
leaf_value=-0.00041485203213246271 0 -0.00017498585608758819 6.0925449740077567e-05 0.00033649444388216839 0 0 0.00070905924444231226 4.3360167462376411e-06 0 0.00041282456239518847 -0.00018769783878021552 -0.00015766414739151893 0 0.00025822761143555088
leaf_weight=797.38263285066932 19.554299803450704 812.02164873899892 821.44489233149216 490.45953063759953 96.276967411860824 62.630045408848673 604.55706696864218 554.83925197832286 58.291460238862783 91.323957831598818 553.68941883696243 853.34099296387285 36.589239160530269 63.098276594653726
leaf_count=4620 76 3911 3265 2662 492 456 2677 3219 303 382 4598 3765 220 182
internal_value=0 -9.96813e-05 3.30734e-05 0.000174021 0.000505706 0.000559327 0.000650108 -9.26495e-05 -0.0002626 0.000165932 -0.000331562 -0.000145906 1.12287e-05 0.000112134
internal_weight=5915.5 4941.47 2678.77 1311.9 974.03 854.788 667.187 1366.86 2262.7 187.601 1351.07 911.632 119.242 99.6875
internal_count=30828 26343 13057 5927 4485 4007 3133 7130 13286 874 9218 4068 478 402
is_linear=0
shrinkage=0.01444


Tree=17
num_leaves=16
num_cat=0
split_feature=22 19 22 26 11 0 35 26 0 17 7 26 34 9 15
split_gain=1.72155 0.346442 0.195094 0.171907 0.124342 0.115956 0.0680041 0.0533712 0.0488054 0.0518037 0.0315855 0.0268954 0.0210551 0.0167592 0.011682
threshold=0.063237138395307424 0.10615902840798833 0.044770211317153509 0.36814798414756061 0.25657378343180637 0.56357500000000016 4.8293925725792013 0.46070303941252855 0.51485000000000014 1.0863177372997392 0.23186639592500422 0.24649130439192127 -0.03517115764150313 0.42852950522159833 1.5507938900511886
decision_type=10 10 10 8 8 2 2 10 2 8 8 10 8 10 8
left_child=2 5 7 14 -5 11 -7 13 12 -10 -9 -2 -4 -1 -3
right_child=1 3 8 4 -6 6 -8 10 9 -11 -12 -13 -14 -15 -16
leaf_value=-0.00033595649670372155 -0.00017504297268777503 -5.9018484153267759e-05 0 5.1382288098467534e-06 0.000716038199200185 0.00037156783762316034 0 -0.00025648143039974311 -2.2238607157776343e-05 0.00027803422698093207 0 6.6312494195272105e-05 -0.0001599306557916077 0 0.00017313132955122768
leaf_weight=1632.0719391372986 94.883074634242803 60.563030344434083 331.90432186517864 97.118204864673316 613.18620940949768 549.40031905611977 149.50270683504641 222.24006710713729 241.39398250123486 159.43346609082073 340.75842046458274 677.3780316230841 635.78154793474823 36.279071813449264 73.605288074817508
leaf_count=8387 611 294 2557 490 2657 2274 451 2545 1141 816 2190 3413 2412 166 424
internal_value=0 0.000307165 -0.000197495 0.000547068 0.000637334 0.000160406 0.000297121 -0.00028218 -4.97967e-05 6.48035e-05 -0.000119667 1.96147e-05 -0.000110796 -0.000329119 0
internal_weight=5915.5 2315.64 3599.86 844.473 710.304 1471.16 698.903 2231.35 1368.51 400.827 562.998 772.261 967.686 1668.35 134.168
internal_count=30828 10614 20214 3865 3147 6749 2725 13288 6926 1957 4735 4024 4969 8553 718
is_linear=0
shrinkage=0.01444


Tree=18
num_leaves=16
num_cat=0
split_feature=19 19 2 17 5 23 21 18 7 17 18 33 11 10 33
split_gain=1.4153 0.550915 0.18347 0.151303 0.100201 0.0845008 0.0789826 0.0702492 0.0526253 0.0724708 0.017716 0.0136108 0.0112965 0.0111102 0.00326067
threshold=0.10395128383870046 0.039833118927845267 0.1098817442622642 0.7288838889345588 0.17574011266013317 0.039654562214004686 0.043618463096937399 0.038158779349923629 0.21030227905456669 1.1365593763963537 0.024410879925585775 0.017773242667485926 0.55481737141633525 0.28080098914914059 -0.073090099301934705
decision_type=10 10 2 8 8 10 10 10 8 10 10 8 8 10 10
left_child=1 8 10 11 7 -4 -6 -5 13 -10 -3 14 -13 -1 -2
right_child=3 2 5 4 6 -7 -8 -9 9 -11 -12 12 -14 -15 -16
leaf_value=-0.00039374250198692808 0 -0.00017132195764211488 -6.1747082561034659e-05 0.00040721267193960016 0 0.00015674622448290989 0.00076384616726078356 -2.422315877872751e-05 -0.00026346884520844907 0 0 -0.00023704296953801782 0 0 0.00029267311820408402
leaf_weight=789.76020095590502 19.832398355007172 689.44805783638731 377.98740804381669 157.30609032930806 38.70473563298583 1638.3466136208735 526.40135896671563 56.676136711612344 912.09218449983746 360.22073129331693 231.00356230279431 48.354393662884831 19.018452662974596 14.419706518761812 35.927650363184512
leaf_count=4932 94 4239 1819 750 330 7434 2291 220 5006 1854 1337 196 56 108 162
internal_value=0 -9.47341e-05 2.85439e-05 0.000526352 0.000601055 0.00010929 0.000717234 0.000232155 -0.00027535 -0.000194678 -0.000134084 0 -7.6042e-05 -0.000386492 0.000208374
internal_weight=5915.5 5013.28 2936.79 902.221 779.088 2016.33 565.106 213.982 2076.49 1272.31 920.452 123.133 67.3728 804.18 55.76
internal_count=30828 26729 14829 4099 3591 9253 2621 970 11900 6860 5576 508 252 5040 256
is_linear=0
shrinkage=0.01444


Tree=19
num_leaves=16
num_cat=0
split_feature=22 19 22 26 11 0 25 9 30 27 26 15 25 30 24
split_gain=1.63449 0.325434 0.185181 0.167122 0.119951 0.112037 0.0765963 0.0411039 0.063214 0.0317666 0.0259884 0.0107121 0.0102419 0.0100968 0.00672339
threshold=0.063237138395307424 0.10615902840798833 0.034755021655857789 0.36814798414756061 0.25657378343180637 0.56357500000000016 0.66782847200595341 0.2135128107132547 19.565000000000001 0.97291879549105864 0.24649130439192127 1.5507938900511886 0.047737297983299745 20.060000000000006 11.500000000000002
decision_type=10 10 8 8 8 2 10 10 10 8 10 8 10 10 2
left_child=2 5 9 11 -5 10 -7 13 -9 12 -2 -3 -1 -4 -11
right_child=1 3 7 4 -6 6 -8 8 -10 14 -12 -13 -14 -15 -16
leaf_value=0 -0.0001735891069838496 -6.4076991217734507e-05 -0.00022822753563818282 0 0.00069797782489646636 0.00039367821055192096 0 0 -0.00020050356707669202 -0.00011368596637674759 6.4161367562583598e-05 0.00016350613608362037 -0.00035073687608518203 0 0.00020414577837033905
leaf_weight=12.764220746699719 94.883074634242803 60.563030344434083 577.98315211012959 97.118204864673316 613.18620940949768 484.31867207679898 214.5843538143672 1181.4921105615795 446.17586686555296 42.701032698154449 677.3780316230841 73.605288074817508 1272.4585924185812 46.620418950915337 19.667422562837601
leaf_count=598 611 294 4764 490 2657 1686 1039 5220 2244 346 3413 424 6696 318 28
internal_value=0 0.000299199 -0.000192535 0.000531974 0.000620831 0.000156536 0.000290865 -0.000103724 -5.41733e-05 -0.000331155 1.79072e-05 0 -0.000346604 -0.000211745 0
internal_weight=5915.5 2315.64 3599.86 844.473 710.304 1471.16 698.903 2252.27 1627.67 1347.59 772.261 134.168 1285.22 624.604 62.3685
internal_count=30828 10614 20214 3865 3147 6749 2725 12546 7464 7668 4024 718 7294 5082 374
is_linear=0
shrinkage=0.01444


Tree=20
num_leaves=16
num_cat=0
split_feature=22 2 22 20 17 12 0 17 9 20 12 35 18 25 23
split_gain=1.58988 0.311866 0.180465 0.130049 0.0922791 0.0884881 0.0465694 0.0504683 0.0411267 0.0343636 0.0365054 0.0238317 0.0173497 0.0139665 0.0119426
threshold=0.063237138395307424 0.14277928586447977 0.044770211317153509 0.10423571348233222 0.7288838889345588 0.057477183001813474 0.51485000000000014 1.0863177372997392 0.21078495100108532 0.09308829050749591 0.033005364361220597 5.2183808207283642 0.064769532866152293 0.97931669986324665 0.046978165267125956
decision_type=10 2 10 10 8 8 2 8 8 10 8 2 10 10 8
left_child=2 9 8 5 -5 -3 12 -8 14 13 -11 -10 -4 -2 -1
right_child=1 3 6 4 -6 -7 7 -9 11 10 -12 -13 -14 -15 -16
leaf_value=-0.0003730814531100563 6.4479344568148213e-06 4.648147050109592e-05 -0.00012815460508855959 0 0.00066811369286050532 0.00038481433562063245 -2.0844995837276917e-05 0.00027478298352061104 -0.00022609825627896505 0 0.00033230244505977487 0 0 -0.00014826210362874027 0
leaf_weight=894.62555519444868 417.86055248742923 345.50178830418736 896.74921168386936 82.722635509446263 529.32841647835448 632.61698571313173 241.39398250123486 159.43346609082073 1090.3722291199956 37.344859091565013 137.85407333774492 231.6220627494622 70.936658116057515 132.40755392005667 14.729651458561419
leaf_count=5549 2018 1669 4691 314 2261 2226 1141 816 6385 334 862 1182 278 930 172
internal_value=0 0.000295123 -0.000189854 0.0004091 0.000595559 0.000278775 -4.73616e-05 6.43476e-05 -0.000271348 2.71412e-05 0.000208931 -0.000195985 -0.000107164 -7.12503e-06 -0.000366333
internal_weight=5915.5 2315.64 3599.86 1590.17 612.051 978.119 1368.51 400.827 2231.35 725.467 175.199 1321.99 967.686 550.268 909.355
internal_count=30828 10614 20214 6470 2575 3895 6926 1957 13288 4144 1196 7567 4969 2948 5721
is_linear=0
shrinkage=0.01444


Tree=21
num_leaves=15
num_cat=0
split_feature=22 1 22 26 30 13 0 19 1 17 26 27 30 23
split_gain=1.54667 0.377381 0.176166 0.157868 0.122159 0.081579 0.0582761 0.046899 0.0408693 0.0300674 0.0243408 0.0205164 0.0204205 0.0187406
threshold=0.063237138395307424 0.12421854912764006 0.031652493050630823 0.47116898361732473 20.500000000000004 1.4052965162429574 0.65415000000000012 0.047354635184692122 0.084508064516129064 1.0940558504898932 0.42317325232094211 1.0100773160606422 16.170000000000005 0.032514210948371487
decision_type=10 2 8 10 8 8 2 10 2 10 8 8 8 10
left_child=2 6 11 5 -5 -3 12 10 -8 -9 -4 13 -2 -1
right_child=1 3 7 4 -6 -7 8 9 -10 -11 -12 -13 -14 -15
leaf_value=-0.00035652106767674696 0.00015281198353989884 -4.4127410247176927e-05 -0.00023947712208029068 0.00070662561723397704 0.00021287951792614291 0.0003189922787234801 0 -9.4360010191058553e-05 0.00035273718502752764 4.7442707394808072e-05 -7.0736635773985753e-05 0 -2.9478059352084789e-05 0
leaf_weight=1110.6834709285758 158.78222605865449 119.19499391317368 710.81052283779718 602.07912201015279 230.99781106365845 329.8248344110325 50.292270968668163 684.71317661413923 206.86865863064304 442.20099570881575 619.4856649863068 11.761858988553284 617.59694778593257 20.207126850262284
leaf_count=6265 1509 398 3690 2497 778 1380 254 3542 946 2317 4170 64 2852 166
internal_value=0 0.00029112 -0.000187221 0.000458679 0.000585655 0.000193546 7.04706e-05 -0.000110248 0.000258991 -2.71098e-05 -0.000170798 -0.000341164 0 -0.000348401
internal_weight=5915.5 2315.64 3599.86 1282.1 833.077 449.02 1033.54 2457.21 257.161 1126.91 1330.3 1142.65 776.379 1130.89
internal_count=30828 10614 20214 5053 3275 1778 5561 13719 1200 5859 7860 6495 4361 6431
is_linear=0
shrinkage=0.01444


Tree=22
num_leaves=16
num_cat=0
split_feature=19 19 1 26 17 11 34 1 26 23 17 13 17 23 12
split_gain=1.27586 0.494377 0.20833 0.168478 0.113294 0.104075 0.0613702 0.0573161 0.0489588 0.0298925 0.028004 0.00972629 0.0160233 0.00259648 0.00140069
threshold=0.10395128383870046 0.039833118927845267 0.11924225028702642 0.37593263087608786 0.68961318036551589 0.25657378343180637 0.033372308812263836 0.088417843388960221 0.44265030163223823 0.050999355150520238 1.1523759504462718 1.8096947049462611 0.90029726332297833 0.065699717103715707 0.14880513573163284
decision_type=10 10 2 8 10 10 10 2 10 10 8 8 8 10 8
left_child=1 8 7 11 14 -6 -4 -3 9 -1 -10 13 -13 -2 -5
right_child=3 2 6 4 5 -7 -8 -9 10 -11 -12 12 -14 -15 -16
leaf_value=-0.00032044843228559418 0 -0.00013401336917600803 0.00024407276206497776 0 3.9168647224229725e-05 0.0007325640081305854 0 1.342136637843539e-05 -0.00018331260963587806 0 0 0 0.00033023246821968749 -8.651208987036316e-05 8.6977203607280007e-05
leaf_weight=1476.5437821266241 13.067131455056368 1004.4322405275889 873.29507516417652 42.169295797124505 93.474340389482677 569.24520615115762 152.19265105575323 906.86567505635321 361.39603227609769 38.802441876381636 199.75056698871776 23.919285721611232 48.542125644627959 73.753360502887517 38.050471022725105
leaf_count=7511 68 6149 3732 144 488 2375 484 4464 2623 146 1620 112 310 342 260
internal_value=0 -8.99416e-05 2.66235e-05 0.000499756 0.00059204 0.000654615 0.000195611 -5.72283e-05 -0.000261065 -0.000309753 -0.000106104 0 0.00016605 -1.29965e-05 0
internal_weight=5915.5 5013.28 2936.79 902.221 742.939 662.72 1025.49 1911.3 2076.49 1515.35 561.147 159.282 72.4614 86.8205 80.2198
internal_count=30828 26729 14829 4099 3267 2863 4216 10613 11900 7657 4243 832 422 410 404
is_linear=0
shrinkage=0.01444


Tree=23
num_leaves=16
num_cat=0
split_feature=22 1 22 14 11 28 20 12 9 9 19 10 35 18 20
split_gain=1.46812 0.357626 0.167406 0.0922504 0.103137 0.0559785 0.0531832 0.0465185 0.0420988 0.0377563 0.0299852 0.0256904 0.0248769 0.018575 0.0118243
threshold=0.063237138395307424 0.12421854912764006 0.046820090451900179 1.4540677700135414 0.3397019608358447 0.068550000000000014 0.09308829050749591 0.033204834858501599 0.21078495100108532 0.25230691001313871 0.07677267149491257 0.30773680292784417 5.2183808207283642 0.0054786003625769695 0.044697231229877683
decision_type=10 2 10 8 8 8 10 8 8 10 10 10 2 10 8
left_child=2 6 8 10 -5 11 13 -8 14 -7 -3 -4 -10 -2 -1
right_child=1 3 5 4 -6 9 7 -9 12 -11 -12 -13 -14 -15 -16
leaf_value=-0.00036918726371869769 -6.3668658749608059e-05 0 -0.00012318120517674664 0.00019738899615323041 0.00063376680558672864 0 0 0.00032682200001302002 -0.00021266715988766112 0.00052362298876642449 0.00027388706885293236 0 0 8.1809699697261247e-05 0
leaf_weight=846.73285204032436 401.0746759576723 112.4891003081575 724.79992072703317 253.81216182466596 686.43732111062855 38.995817054063082 58.124488648027182 239.45903776725754 1198.9970785148907 55.018943526782095 229.35817815456539 410.81978498958051 246.07543948595412 334.88190107094124 78.422980575822294
leaf_count=5370 2100 382 3781 1222 2439 262 430 1320 6943 267 1010 1806 1250 1711 535
internal_value=0 0.00028367 -0.000182368 0.00044684 0.000530071 -3.30315e-05 6.8467e-05 0.000231203 -0.000254293 0.000279066 0.000179192 -7.05151e-05 -0.00018423 0 -0.000349412
internal_weight=5915.5 2315.64 3599.86 1282.1 940.249 1229.63 1033.54 297.584 2370.23 94.0148 341.847 1135.62 1445.07 735.957 925.156
internal_count=30828 10614 20214 5053 3661 6116 5561 1750 14098 529 1392 5587 8193 3811 5905
is_linear=0
shrinkage=0.01444


Tree=24
num_leaves=16
num_cat=0
split_feature=22 1 26 22 32 15 26 1 17 20 5 7 20 25 20
split_gain=1.42786 0.348165 0.163322 0.16315 0.100458 0.0680717 0.0476396 0.0437769 0.0472573 0.039803 0.0577646 0.0291154 0.0217864 0.0165531 0.00566339
threshold=0.063237138395307424 0.1185960591133005 0.47116898361732473 0.044770211317153509 0.85092348284960428 1.5364407639345055 0.46070303941252855 0.089160256410256419 1.0940558504898932 0.09308829050749591 0.20843529275723835 0.21428951249811054 0.029990799486835532 0.91214900150753797 0.03030428899706911
decision_type=10 2 8 10 8 8 10 2 10 10 8 8 8 10 10
left_child=3 9 5 6 -4 -3 12 14 -9 13 -11 -8 -1 -2 -5
right_child=1 2 4 7 -6 -7 11 8 -10 10 -12 -13 -14 -15 -16
leaf_value=-0.0003553883194435165 2.632064215823425e-05 0 0.0006340667392374721 0 0.00021698613936028437 0.00031440881554803645 -0.00025317380574663866 -4.9646711997969059e-05 0.0001818058418821422 0 0.00040582863175710383 0 -0.0001734826762265217 -0.00012256832428011799 -0.00015279430623961929
leaf_weight=1102.3944866643287 437.77223555976525 204.38231496326625 708.09096705820411 74.956957762129605 278.12795375846326 239.75766383763403 187.29027525801212 480.52651980845258 267.22979944990948 107.67411307385191 130.73391435435042 375.70821231370792 565.95652428641915 209.09770223638043 545.80004137149081
leaf_count=5165 2094 736 2954 354 1004 948 2157 2119 1311 684 829 2578 3388 1365 3142
internal_value=0 0.000279754 0.000420144 -0.000179849 0.000529899 0.000146636 -0.000257376 -4.3826e-05 1.56485e-05 3.80236e-05 0.000200208 -0.00010292 -0.000301603 -1.65102e-06 -0.000136488
internal_weight=5915.5 2315.64 1430.36 3599.86 986.219 444.14 2231.35 1368.51 747.756 885.278 238.408 562.998 1668.35 646.87 620.757
internal_count=30828 10614 5642 20214 3958 1684 13288 6926 3430 4972 1513 4735 8553 3459 3496
is_linear=0
shrinkage=0.01444


Tree=25
num_leaves=16
num_cat=0
split_feature=19 19 0 26 27 26 30 2 26 23 15 16 18 18 5
split_gain=1.18467 0.454309 0.169314 0.161351 0.118413 0.0979377 0.0738455 0.0456004 0.0451789 0.0279973 0.0175347 0.0201794 0.0172708 0.00139859 0.00139164
threshold=0.10395128383870046 0.039833118927845267 0.51222500000000015 0.37593263087608786 0.048753532397178646 0.97830292514639117 20.865000000000006 0.1098817442622642 0.44265030163223823 0.050999355150520238 1.5507938900511886 0.99594423903274087 -0.016223781846996351 -0.0068675143941964714 0.30329899735334381
decision_type=10 10 2 8 8 10 10 2 10 10 8 10 10 8 10
left_child=1 8 7 10 13 -6 -4 -3 9 -1 14 -12 -10 -5 -2
right_child=3 2 6 4 5 -7 -8 -9 12 -11 11 -13 -14 -15 -16
leaf_value=-0.00030806496343125072 -0.0001231879115614688 -0.00014687884733378896 0.00021690632266156945 9.882794621409214e-05 0.0006782466964027668 0 -1.0727145273228488e-05 0 0 0 0.00034697723949776667 0 -0.00016333975744098756 0 0
leaf_weight=1476.5437821266241 55.750019096769392 759.74456252902746 968.50113559467718 29.301831725053489 625.69834100082517 38.843465656042099 277.60198609530926 930.93795758485794 214.05205155909061 38.802441876381636 60.07495931442827 24.359879426192492 347.09454770572484 49.09567497856915 19.097045486792922
leaf_count=7511 242 4799 4429 142 2723 210 1074 4527 1522 146 298 192 2721 192 100
internal_value=0 -8.66971e-05 2.48695e-05 0.000481536 0.000571667 0.000634388 0.000155712 -6.38459e-05 -0.000250753 -0.000297697 0 0.000190734 -0.000100507 0 -8.65078e-05
internal_weight=5915.5 5013.28 2936.79 902.221 742.939 664.542 1246.1 1690.68 2076.49 1515.35 159.282 84.4348 561.147 78.3975 74.8471
internal_count=30828 26729 14829 4099 3267 2933 5503 9326 11900 7657 832 490 4243 334 342
is_linear=0
shrinkage=0.01444


Tree=26
num_leaves=16
num_cat=0
split_feature=19 19 1 26 27 26 30 7 26 7 15 7 10 15 30
split_gain=1.15049 0.441304 0.187729 0.156979 0.114981 0.0953766 0.0821732 0.0455197 0.0394195 0.0201918 0.0169075 0.0129484 0.0104193 0.000431629 1.61966e-05
threshold=0.10395128383870046 0.039833118927845267 0.095571895424836614 0.37593263087608786 0.048753532397178646 0.97830292514639117 20.865000000000006 0.21030227905456669 0.44487810447227166 0.20313866146966741 1.5507938900511886 0.39838666396820022 0.28080098914914059 1.0121166070209549 17.805000000000003
decision_type=10 10 2 8 8 10 10 8 10 10 8 10 10 10 8
left_child=1 7 9 10 14 -6 -4 12 -9 -3 13 -12 -1 -2 -5
right_child=3 2 6 4 5 -7 -8 8 -10 -11 11 -13 -14 -15 -16
leaf_value=-0.00035794529896496441 0 -0.00019444675966840465 0.00018006927049547187 9.89272612793935e-06 0.00066846152683450665 0 -3.9979250234535022e-05 -0.00022727816417510719 -1.2057987935480183e-05 -3.9194797453106395e-05 0.00027790395845598951 0 0 -0.00010009875078131634 0
leaf_weight=789.76020095590502 11.802883953787385 443.21947519481182 1346.2994956350885 33.95212284848094 625.69834100082517 38.843465656042099 359.04109644889832 880.03970166807994 392.27321412507445 788.22557452507317 72.964860379230231 11.469978361390529 14.419706518761812 63.044180629774928 44.445383855141699
leaf_count=4932 68 3447 6125 178 2723 210 1406 4391 2469 3851 422 68 108 274 156
internal_value=0 -8.54988e-05 2.44e-05 0.000474478 0.000563369 0.000625174 0.000126069 -0.000247196 -0.000171241 -0.000105761 0 0.000187192 -0.000350898 -8.51926e-05 0
internal_weight=5915.5 5013.28 2936.79 902.221 742.939 664.542 1705.34 2076.49 1272.31 1231.45 159.282 84.4348 804.18 74.8471 78.3975
internal_count=30828 26729 14829 4099 3267 2933 7531 11900 6860 7298 832 490 5040 342 334
is_linear=0
shrinkage=0.01444


Tree=27
num_leaves=15
num_cat=0
split_feature=21 9 9 5 17 31 28 18 14 38 35 21 24 8
split_gain=0.934526 0.268472 0.175267 0.130314 0.126609 0.11153 0.104267 0.172617 0.0651976 0.0492511 0.0344994 0.0225234 0.00845511 0.00724616
threshold=0.055472172596808401 0.21078495100108532 0.27601817894017094 0.17574011266013317 1.4081140884534151 1.7750000000000006 0.058549999999999998 0.088904589167032047 1.4500661453601207 6.5000000000000009 4.9341140629585647 0.04884124406401253 8.5000000000000018 0.25292185333601819
decision_type=10 8 8 8 10 10 10 10 10 2 2 8 2 10
left_child=1 11 9 5 -5 -4 8 -8 -3 12 -11 13 -2 -1
right_child=2 6 3 4 -6 -7 7 -9 -10 10 -12 -13 -14 -15
leaf_value=-0.00031779691433294791 0 -0.00013714033166420465 0.0004195677046341694 0.00037519433729522444 0.00096240780549366003 0 8.0181524815712505e-05 0.0017920599011870485 0 0.00029183199084445791 0 0 -0.00026108611846617589 0
leaf_weight=1104.1704445416108 25.801188949495554 1395.4398294198327 183.593201989308 681.46809204481542 135.54434828367084 290.20025760866702 255.53099353983998 14.324473569169639 1460.1687085870653 134.14007742516696 61.818503987044096 46.774194742552936 113.20330005884171 13.322067009285091
leaf_count=6508 424 7453 934 2800 597 792 1326 52 6749 920 347 1718 178 30
internal_value=0 -0.000111927 0.000294565 0.000370911 0.000489215 0.000138975 -3.73565e-05 0.000222963 -6.65787e-05 0 0.000147544 -0.000300758 -0.000207199 -0.000313752
internal_weight=5915.5 4289.73 1625.77 1290.81 817.012 473.793 3125.46 269.855 2855.61 334.963 195.959 1164.27 139.004 1117.49
internal_count=30828 23836 6992 5123 3397 1726 15580 1378 14202 1869 1267 8256 602 6538
is_linear=0
shrinkage=0.01444


Tree=28
num_leaves=16
num_cat=0
split_feature=22 1 22 14 27 28 0 7 1 9 19 19 10 30 10
split_gain=1.29764 0.325378 0.149289 0.087145 0.108992 0.0526149 0.0515602 0.0414487 0.0371997 0.0360795 0.0269303 0.0242994 0.0234427 0.0192564 0.00549456
threshold=0.063237138395307424 0.12421854912764006 0.046820090451900179 1.4540677700135414 0.048753532397178646 0.068550000000000014 0.65415000000000012 0.21030227905456669 0.084508064516129064 0.25230691001313871 0.07677267149491257 0.050776661082614187 0.30773680292784417 16.170000000000005 0.28080098914914059
decision_type=10 2 10 8 8 8 2 8 2 10 10 10 10 8 10
left_child=2 6 7 10 -5 12 13 14 -8 -7 -3 -9 -4 -2 -1
right_child=1 3 5 4 -6 9 8 11 -10 -11 -12 -13 -14 -15 -16
leaf_value=-0.00033858547749017541 0.00014340997424228195 0 -0.00011705438269800976 0 0.00054972582802649984 0 0 -0.00019009615355335295 0.0003279896973972652 0.00051165747979276129 0.00025175487509411856 0 0 -3.4556790039437834e-05 0
leaf_weight=901.4910945892334 158.78222605865449 112.4891003081575 724.79992072703317 78.909988752566278 861.33949418272823 38.995817054063082 50.292270968668163 1315.4767580153421 206.86865863064304 55.018943526782095 229.35817815456539 136.41935615241528 410.81978498958051 617.59694778593257 16.841141860000789
leaf_count=5919 1509 382 3781 354 3307 262 254 7457 946 267 1010 582 1806 2852 140
internal_value=0 0.000266486 -0.000171657 0.000422095 0.000502688 -2.99816e-05 6.06721e-05 -0.000239609 0.000237669 0.000272572 0.000161736 -0.000171038 -6.66723e-05 0 -0.000333605
internal_weight=5915.5 2315.64 3599.86 1282.1 940.249 1229.63 1033.54 2370.23 257.161 94.0148 341.847 1451.9 1135.62 776.379 918.332
internal_count=30828 10614 20214 5053 3661 6116 5561 14098 1200 529 1392 8039 5587 4361 6059
is_linear=0
shrinkage=0.01444


Tree=29
num_leaves=15
num_cat=0
split_feature=22 1 26 22 30 13 9 30 20 5 25 26 18 26
split_gain=1.26118 0.316233 0.153931 0.14599 0.0940891 0.0584646 0.0395105 0.0568283 0.0345743 0.0544465 0.0165419 0.014434 0.0128297 0.0119081
threshold=0.063237138395307424 0.1185960591133005 0.47116898361732473 0.031652493050630823 20.500000000000004 1.4052965162429574 0.2135128107132547 19.565000000000001 0.09308829050749591 0.20843529275723835 0.91214900150753797 0.6619804778504389 -0.060901582850080842 0.91784879341204506
decision_type=10 2 8 8 8 8 8 8 10 8 10 10 8 8
left_child=3 8 5 11 -4 -3 13 -8 10 -10 -2 12 -1 -5
right_child=1 2 4 6 -6 -7 7 -9 9 -11 -12 -13 -14 -15
leaf_value=0 2.3193515498191828e-05 -4.9650336703004874e-05 0.00060343344530751439 -0.00022870996293337695 0.0001988455639406864 0.00024992193906291907 0 -0.0001701841000226191 0 0.00038483646743318059 -0.00012402728501031187 0 -0.00033106091032932092 0
leaf_weight=23.060975512955338 437.77223555976525 133.2008083537221 708.09096705820411 547.87744817556813 278.12795375846326 310.93917044717818 1257.8429039893672 610.87607134366408 107.67411307385191 130.73391435435042 209.09770223638043 67.443137221969664 1052.1483440324664 40.613936638459563
leaf_count=184 2094 440 2954 3735 1004 1244 5597 4062 684 829 1365 740 5571 325
internal_value=0 0.000262742 0.000396485 -0.000169202 0.000502777 0.00013069 -9.84577e-05 -5.59866e-05 3.17612e-05 0.000184009 -4.24064e-06 -0.000309761 -0.000323674 -0.000210918
internal_weight=5915.5 2315.64 1430.36 3599.86 986.219 444.14 2457.21 1868.72 885.278 238.408 646.87 1142.65 1075.21 588.491
internal_count=30828 10614 5642 20214 3958 1684 13719 9659 4972 1513 3459 6495 5755 4060
is_linear=0
shrinkage=0.01444


Tree=30
num_leaves=15
num_cat=0
split_feature=23 1 26 26 5 27 9 23 23 34 12 10 9 23
split_gain=0.902598 0.367124 0.172934 0.150391 0.168736 0.0683092 0.0730314 0.0607707 0.058377 0.0360277 0.0518201 0.0206647 0.0170985 0.0054935
threshold=0.080799567082627935 0.089629120879120908 0.37272609989871214 0.46840619453199672 0.20843529275723835 0.028045822841289723 0.69950432454442601 0.036454645465929643 0.023392045249757135 0.032758122151732467 0.035192762082603544 0.32326111230808652 0.2135128107132547 0.084646070350580457
decision_type=10 2 8 10 10 8 8 10 8 8 10 10 8 10
left_child=1 8 9 7 -5 -4 -7 -3 11 13 -11 -1 -10 -2
right_child=2 3 5 4 -6 6 -8 -9 12 10 -12 -13 -14 -15
leaf_value=-0.00037011365077321075 0 -0.00018369589193750199 0 0 0.00036949506287735991 0.00054044664188155624 0 0 -0.00022686325248158959 0.00089633984161996394 0 0 -9.020162899931391e-05 -0.00013977791968553603
leaf_weight=616.6894349004142 22.296128671616316 523.52733131707646 50.730922465212643 658.84924211888574 470.77992657525465 754.19213416520506 47.207189159467816 880.50248445384204 667.43326258100569 20.348648767918348 11.718412206508217 56.80705287354067 998.45495550241321 135.96255599800497
leaf_count=3235 102 2943 240 3035 2716 3498 266 3406 4768 96 176 330 5327 690
internal_value=0 -8.26417e-05 0.000385396 3.33646e-05 0.000160645 0.000473256 0.000505866 -5.9743e-05 -0.000213854 0 0.000428513 -0.000345032 -0.000152868 -9.78895e-05
internal_weight=5915.5 4873.04 1042.46 2533.66 1129.63 852.13 801.399 1404.03 2339.38 190.326 32.0671 673.496 1665.89 158.259
internal_count=30828 25760 5068 12100 5751 4004 3764 6349 13660 1064 272 3565 10095 792
is_linear=0
shrinkage=0.01444


Tree=31
num_leaves=16
num_cat=0
split_feature=22 1 22 26 30 15 28 0 7 26 1 7 17 30 17
split_gain=1.1991 0.304481 0.139823 0.137156 0.107913 0.0701782 0.0503159 0.0486875 0.0377308 0.0469632 0.0352103 0.0344965 0.0224251 0.0186932 0.0102334
threshold=0.063237138395307424 0.12421854912764006 0.046820090451900179 0.47116898361732473 20.500000000000004 1.3931502902759545 0.068550000000000014 0.65415000000000012 0.21030227905456669 0.46070303941252855 0.084508064516129064 0.28810725867918852 1.0940558504898932 16.170000000000005 1.870996280366976
decision_type=10 2 10 10 8 8 8 2 8 10 2 10 10 8 10
left_child=2 7 8 5 -5 -3 12 13 14 -10 -9 -8 -4 -2 -1
right_child=1 3 6 4 -6 -7 11 10 9 -11 -12 -13 -14 -15 -16
leaf_value=-0.0003280011905230275 0.00013898317676239622 -3.8287055784009771e-05 -0.00011526744029726603 0.00063768328498335029 0.00017264569554446244 0.00028696093299305863 0 0 -0.00021792626219604356 -1.4728620299624489e-06 0.00031672706130912492 0.00066674038309139268 0 -3.6420173462143439e-05 0
leaf_weight=901.4106409875676 158.78222605865449 137.54684698302299 698.90533350175247 602.07912201015279 230.99781106365845 311.47298134118319 63.06807264033705 50.292270968668163 1032.3196918084286 419.57642235932872 206.86865863064304 30.946687940508127 436.71437221486121 617.59694778593257 16.921595461666584
leaf_count=5925 1509 499 3405 2497 778 1279 391 254 5105 2934 946 138 2182 2852 134
internal_value=0 0.000256129 -0.00016505 0.000406666 0.000524641 0.000158286 -2.76056e-05 5.66127e-05 -0.000230809 -0.000164412 0.000228587 0.000268375 -6.37503e-05 0 -0.000321374
internal_weight=5915.5 2315.64 3599.86 1282.1 833.077 449.02 1229.63 1033.54 2370.23 1451.9 257.161 94.0148 1135.62 776.379 918.332
internal_count=30828 10614 20214 5053 3275 1778 6116 5561 14098 8039 1200 529 5587 4361 6059
is_linear=0
shrinkage=0.01444


Tree=32
num_leaves=16
num_cat=0
split_feature=20 9 13 30 9 17 5 21 7 20 21 21 35 20 21
split_gain=0.96798 0.387417 0.184968 0.106961 0.0936272 0.0835547 0.0799403 0.126369 0.0784123 0.0580617 0.0536339 0.00929372 0.0220802 0.00137665 0.000607026
threshold=0.09308829050749591 0.29639959757329831 1.6310514805902907 19.565000000000001 0.18588624619202479 0.7288838889345588 0.20187412711849503 0.055472172596808401 0.32330083114286284 0.025087772167359471 0.033684577500034542 0.072604589485683976 3.5395088289396033 0.065654590229514184 0.1205845697982945
decision_type=10 10 10 10 8 8 8 10 8 10 10 10 2 8 10
left_child=1 4 10 -4 13 11 8 -8 -7 -6 -3 12 -2 -1 -13
right_child=5 2 3 -5 9 6 7 -9 -10 -11 -12 14 -14 -15 -16
leaf_value=-0.00034556456070294639 0 -0.00013337682701671118 0.00045447523656197441 0 -0.0002491365005713667 0 3.5750339658876574e-05 0.00072547367250166235 0.00039125352777712007 -7.4544545852325671e-05 6.600907533390056e-05 -7.5084063929342304e-05 0.00042664766827723829 0 0
leaf_weight=662.05934119876474 18.451011873781681 450.23133041942492 360.39274123404175 156.24788428144529 690.50845896685496 121.31282341526821 112.32133887149394 400.9580700090155 220.19580532517284 1864.5153553728014 725.63124070316553 50.696846902370453 34.490448459982872 31.883476400282234 15.603508322499691
leaf_count=4864 84 1993 1920 747 4327 726 722 1703 856 9341 2651 178 146 500 70
internal_value=0 -8.21701e-05 8.98961e-05 0.000317846 -0.000175834 0.000415766 0.000466185 0.00060022 0.000225814 -0.000126895 0 0 0.000182176 -0.000336926 -4.92816e-05
internal_weight=5915.5 4941.47 1692.5 516.641 3248.97 974.03 854.788 513.279 341.509 2555.02 1175.86 119.242 52.9415 693.943 66.3004
internal_count=30828 26343 7311 2667 19032 4485 4007 2425 1582 13668 4644 478 230 5364 248
is_linear=0
shrinkage=0.01444


Tree=33
num_leaves=16
num_cat=0
split_feature=19 19 1 27 13 35 23 0 23 18 18 18 34 28 10
split_gain=0.979892 0.370454 0.157125 0.0846511 0.0731521 0.0797706 0.0759639 0.0707838 0.0340191 0.0248502 0.0237718 0.00257821 0.00436528 0.00126688 0.000299021
threshold=0.10395128383870046 0.039833118927845267 0.095571895424836614 0.048753532397178646 1.5996456281422577 4.8957480587556406 0.10008876646753971 0.51222500000000015 0.050304907880874945 0.088904589167032047 0.024410879925585775 -0.0068675143941964714 -0.031130045819978577 0.0066999999999999985 0.34955993360135879
decision_type=10 10 2 8 8 2 10 2 10 10 10 8 8 8 10
left_child=1 8 10 11 6 -6 -5 -4 9 -1 -3 14 -13 -10 -2
right_child=3 2 7 4 5 -7 -8 -9 13 -11 -12 12 -14 -15 -16
leaf_value=-0.00024574845779983364 0.00014782734693352342 -0.00013521363379538764 0 0 0.00070441087063651106 8.0628724997923534e-06 0.00048344203424086177 0.00019730395436726416 0 0 0 0 -0.00013584909649057931 8.5236790094339436e-05 0
leaf_weight=1977.933417363558 26.897196013480425 908.67082382831722 750.5266316360794 166.79407847486436 414.11529794661328 79.895304199308157 139.06645747553557 954.81396044790745 29.668601194396615 33.087972549721599 322.77422589156777 15.635806626640258 48.764675443060696 35.802832160145044 11.052400505170224
leaf_count=11406 156 5503 3550 632 1964 399 576 3981 160 188 1795 164 154 146 54
internal_value=0 -7.90133e-05 2.13256e-05 0.00043778 0.000488067 0.000618397 0.000234101 0.000114672 -0.000227193 -0.000238376 -9.73113e-05 0 0 0 0.000118158
internal_weight=5915.5 5013.28 2936.79 902.221 799.871 494.011 305.861 1705.34 2076.49 2011.02 1231.45 102.35 64.4005 65.4714 37.9496
internal_count=30828 26729 14829 4099 3571 2363 1208 7531 11900 11594 7298 528 318 306 210
is_linear=0
shrinkage=0.01444


Tree=34
num_leaves=16
num_cat=0
split_feature=22 1 22 27 15 28 0 7 1 7 19 23 30 23 14
split_gain=1.11284 0.285872 0.130571 0.0813996 0.102266 0.0482928 0.0446704 0.034552 0.033264 0.0328861 0.0219763 0.018874 0.0180867 0.00315906 0.000124318
threshold=0.063237138395307424 0.12421854912764006 0.046820090451900179 0.048753532397178646 1.5364407639345055 0.068550000000000014 0.65415000000000012 0.21030227905456669 0.084508064516129064 0.28810725867918852 0.055575959170075205 0.045538629426041845 16.170000000000005 0.046978165267125956 1.9205086041078727
decision_type=10 2 10 8 8 8 2 8 2 10 10 10 8 8 8
left_child=2 6 7 14 -5 11 12 13 -8 -7 -9 -4 -2 -1 -3
right_child=1 3 5 4 -6 9 8 10 -10 -11 -12 -13 -14 -15 -16
leaf_value=-0.0003142232389957457 0.00013562870022130677 1.788960462383487e-05 0 0.00025118935329457689 0.00058309640898244943 0 0 -0.00017332174784396968 0.00030403132868380924 0.00065380108183209738 0 -0.00010843992233137106 -3.6868925652651378e-05 0 -1.1187978806877506e-05
leaf_weight=899.61740653775632 158.78222605865449 64.530617143027484 438.32252185791731 593.64776633447036 583.79661436891183 63.06807264033705 50.292270968668163 1358.7052332507446 206.86865863064304 30.946687940508127 93.190880917012691 697.29718385869637 617.59694778593257 18.714829911477864 40.121763551607728
leaf_count=5849 1509 242 1957 2190 2415 391 254 7699 946 138 340 3630 2852 210 206
internal_value=0 0.000246897 -0.000158851 0.000392773 0.000427065 -2.56604e-05 5.3166e-05 -0.000222404 0.000217907 0.000264355 -0.000157981 -6.13095e-05 0 -0.000309852 0
internal_weight=5915.5 2315.64 3599.86 1282.1 1177.44 1229.63 1033.54 2370.23 257.161 94.0148 1451.9 1135.62 776.379 918.332 104.652
internal_count=30828 10614 20214 5053 4605 6116 5561 14098 1200 529 8039 5587 4361 6059 448
is_linear=0
shrinkage=0.01444


Tree=35
num_leaves=16
num_cat=0
split_feature=23 1 26 26 30 9 27 23 23 34 12 12 8 10 23
split_gain=0.79548 0.326168 0.163699 0.142053 0.151849 0.0642529 0.0682393 0.0559131 0.0464963 0.0350162 0.0491796 0.01339 0.0131777 0.00950379 0.00587618
threshold=0.080799567082627935 0.086120071684587837 0.37272609989871214 0.46840619453199672 20.115000000000006 0.27711586557021101 0.048753532397178646 0.036454645465929643 0.023392045249757135 0.032758122151732467 0.035192762082603544 0.054368674066866483 0.2233951812623817 0.32778585530875626 0.084646070350580457
decision_type=10 2 8 10 8 10 8 10 8 8 10 10 8 10 10
left_child=1 8 9 7 -5 11 -7 -3 13 14 -11 -4 -10 -1 -2
right_child=2 3 5 4 -6 6 -8 -9 12 10 -12 -13 -14 -15 -16
leaf_value=-0.00034768052609303264 0 -0.00017435417328489478 0.00016616982268726646 0.00027167272232748573 -4.69186835510097e-05 0 0.00055424289290934362 0 -0.00020991975910967216 0.00086548675000476581 0 0 -7.9057330897676107e-05 0 -0.00015122255477984547
leaf_weight=603.56816666899249 22.296128671616316 576.14632307202555 117.27819751482457 759.56202667253092 425.23652514675632 62.132784997113049 643.86702157277614 931.46980015141889 723.57913508219644 20.348648767918348 11.718412206508217 28.852241705171764 811.77241734345444 41.70929618505761 135.96255599800497
leaf_count=3140 102 3234 955 4054 2114 264 2559 3658 5333 96 176 226 3965 262 690
internal_value=0 -7.74162e-05 0.000361972 2.45942e-05 0.000146315 0.000447548 0.000509935 -6.24017e-05 -0.000209344 0 0.000407024 5.61035e-05 -0.000149307 -0.000331672 -0.000109283
internal_weight=5915.5 4873.04 1042.46 2692.41 1184.8 852.13 706 1507.62 2180.63 190.326 32.0671 146.13 1535.35 645.277 158.259
internal_count=30828 25760 5068 13060 6168 4004 2823 6892 12700 1064 272 1181 9298 3402 792
is_linear=0
shrinkage=0.01444


Tree=36
num_leaves=15
num_cat=0
split_feature=20 9 13 26 26 11 30 15 7 26 30 16 20 17
split_gain=0.879979 0.352832 0.174965 0.121672 0.129053 0.138715 0.10302 0.0989245 0.0852852 0.0617779 0.05064 0.0199528 0.00720405 0.00282318
threshold=0.09308829050749591 0.29639959757329831 1.6310514805902907 0.92453036296275382 0.50285312320615605 0.24311651169830603 19.565000000000001 1.5364407639345055 0.20171299417017149 0.42317325232094211 20.865000000000006 0.98676286609349828 0.073469140528950552 0.97140157866739762
decision_type=10 10 10 10 8 8 10 8 8 10 10 10 8 8
left_child=1 8 10 4 7 -6 -4 -2 12 -10 -3 13 -1 -5
right_child=3 2 6 11 5 -7 -8 -9 9 -11 -12 -13 -14 -15
leaf_value=-0.00028453688987684924 -7.6603959890672642e-05 5.4015293760433205e-05 0.00044165873357433587 0 0 0.0006584870080672948 0 0.00038486833292374919 -0.0001656522731792382 0 -0.00014596493949810491 -0.0002832902590796655 0 0.00019918258863240693
leaf_weight=1090.7834991272539 132.10912081226707 788.90334398532286 360.39274123404175 10.823650225996973 61.684239321388304 524.5371770542115 156.24788428144529 178.95926960976794 1281.8799951602705 825.30412867898121 386.95922713726759 51.201109167188406 50.999008972197771 14.715286988765
leaf_count=7473 590 2819 1920 64 294 2197 747 1024 6025 5046 1825 194 488 122
internal_value=0 -7.82432e-05 8.57345e-05 0.00039652 0.000445995 0.000582005 0.00030757 0.000147088 -0.000167694 -0.000102881 -7.05402e-07 -1.16595e-05 -0.000275739 2.56829e-05
internal_weight=5915.5 4941.47 1692.5 974.03 897.29 586.221 516.641 311.068 3248.97 2107.18 1175.86 76.74 1141.78 25.5389
internal_count=30828 26343 7311 4485 4105 2491 2667 1614 19032 11071 4644 380 7961 186
is_linear=0
shrinkage=0.01444


Tree=37
num_leaves=16
num_cat=0
split_feature=22 1 22 14 27 28 9 19 20 5 17 17 9 25 20
split_gain=1.03451 0.270389 0.122777 0.0737198 0.0874976 0.0464393 0.0329149 0.0296349 0.0273792 0.0492958 0.0215211 0.0195716 0.0173937 0.0158783 0.000917102
threshold=0.063237138395307424 0.1185960591133005 0.046820090451900179 1.4582417165691399 0.048753532397178646 0.068550000000000014 0.25230691001313871 0.055264495042878788 0.09308829050749591 0.20843529275723835 1.0940558504898932 0.85135357518424037 0.2135128107132547 0.91214900150753797 0.061459031503183888
decision_type=10 2 10 8 8 8 10 10 10 8 10 10 8 10 10
left_child=2 8 7 11 -5 10 -7 12 13 -10 -4 -3 -1 -2 -9
right_child=1 3 5 4 -6 6 -8 14 9 -11 -12 -13 -14 -15 -16
leaf_value=-0.0002993002153871562 1.8751562008246833e-05 0 -0.00010981268717892948 0 0.00047305163480802949 0 0.00048907113141710733 3.2957611655269134e-05 0 0.00035387700685062619 0 0.00020255455401885526 -0.0001669135598488669 -0.00012332437238513002 -4.7905686696219083e-05
leaf_weight=916.73712485609576 437.77223555976525 113.38377645704895 698.90533350175247 91.323426934424788 953.9629440237768 38.995817054063082 55.018943526782095 77.791053213179111 107.67411307385191 130.73391435435042 436.71437221486121 271.68875220231712 1330.013069209177 209.09770223638043 45.6871033385396
leaf_count=5952 2094 525 3405 396 3665 262 267 330 684 829 2182 1056 7645 1365 171
internal_value=0 0.000237982 -0.000153224 0.000361575 0.000432195 -2.3751e-05 0.000260749 -0.000214849 2.34115e-05 0.000160588 -5.89421e-05 0.000135582 -0.000226817 -7.02036e-06 0
internal_weight=5915.5 2315.64 3599.86 1430.36 1045.29 1229.63 94.0148 2370.23 885.278 238.408 1135.62 385.073 2246.75 646.87 123.478
internal_count=30828 10614 20214 5642 4061 6116 529 14098 4972 1513 5587 1581 13597 3459 501
is_linear=0
shrinkage=0.01444


Tree=38
num_leaves=16
num_cat=0
split_feature=22 1 22 28 35 15 28 0 1 7 7 17 17 18 17
split_gain=1.00549 0.26303 0.11946 0.0789963 0.0731298 0.059118 0.0450157 0.0412079 0.0311669 0.0309585 0.0294306 0.0231547 0.0209835 0.0181094 0.00979467
threshold=0.063237138395307424 0.12421854912764006 0.046820090451900179 -0.018499999999999985 3.7895162734416199 3.2940621759615651 0.068550000000000014 0.65415000000000012 0.084508064516129064 0.28810725867918852 0.21030227905456669 1.2017995962665993 1.0940558504898932 0.0050568270819674197 1.870996280366976
decision_type=10 2 10 8 2 10 8 2 2 10 8 10 10 10 10
left_child=2 7 10 4 -3 -5 12 13 -9 -8 14 -12 -4 -2 -1
right_child=1 3 6 5 -6 -7 9 8 -10 -11 11 -13 -14 -15 -16
leaf_value=-0.00030085467286685948 -7.1501887283422223e-05 0.00032190500763735834 -0.0001082282550364349 0.00047627266376120401 -7.3817419123106082e-05 0 0 0 0.00029049566769859394 0.0006345328754164798 -0.00018360101705918166 0 0 6.7698001380361538e-05 0
leaf_weight=901.4106409875676 401.2998407506384 175.41720387060195 698.90533350175247 903.40646568406373 131.83630891796201 71.436782925389707 63.06807264033705 50.292270968668163 206.86865863064304 30.946687940508127 1119.2030412256718 332.69307294208556 436.71437221486121 375.07933309394866 16.921595461666584
leaf_count=5925 2288 828 3405 3393 492 340 391 254 946 138 6311 1728 2182 2073 134
internal_value=0 0.000234647 -0.000151035 0.00037457 0.000109753 0.000444505 -2.3166e-05 4.8306e-05 0.000206648 0.00025664 -0.000211828 -0.000150545 -5.79666e-05 0 -0.00029432
internal_weight=5915.5 2315.64 3599.86 1282.1 307.254 974.843 1229.63 1033.54 257.161 94.0148 2370.23 1451.9 1135.62 776.379 918.332
internal_count=30828 10614 20214 5053 1320 3733 6116 5561 1200 529 14098 8039 5587 4361 6059
is_linear=0
shrinkage=0.01444


Tree=39
num_leaves=15
num_cat=0
split_feature=22 1 26 22 30 13 34 28 20 5 23 25 23 26
split_gain=0.977204 0.255636 0.13812 0.117157 0.0969565 0.0332377 0.0313488 0.0354164 0.0262135 0.047779 0.0249313 0.0154738 0.0142332 0.0157141
threshold=0.063237138395307424 0.1185960591133005 0.39730270980662125 0.031652493050630823 20.115000000000006 2.4479402927876985 -0.034926768040458571 0.018600000000000037 0.09308829050749591 0.20843529275723835 0.026567180875914146 0.91214900150753797 0.032514210948371487 0.6619804778504389
decision_type=10 2 8 8 8 8 8 10 10 8 8 10 10 10
left_child=3 8 5 12 -4 -3 7 -5 11 -10 -8 -2 13 -1
right_child=1 2 4 6 -6 -7 10 -9 9 -11 -12 -13 -14 -15
leaf_value=-0.00029646110876025816 1.7864782649561621e-05 0 0.00053449206037492654 -6.4790336320465273e-05 0.00017732640210646241 0.00032685055812062134 0 0.00016251211636332329 0 0.00034727406523501336 -0.00013804355484767116 -0.0001219915142442021 0 0
leaf_weight=1055.6347580053844 437.77223555976525 247.93544858135283 748.03873910754919 552.96335950680077 366.04386801831424 68.340843910351396 170.68748394213617 191.08295173384249 107.67411307385191 130.73391435435042 1542.4765649642795 209.09770223638043 21.438219303265214 65.579479458741844
leaf_count=5615 2094 894 3078 4692 1372 298 678 1566 684 829 6783 1365 176 704
internal_value=0 0.000231319 0.000351508 -0.000148898 0.000429033 3.6835e-05 -8.4788e-05 0 2.22509e-05 0.000156743 -0.000118847 -7.18912e-06 -0.000275204 -0.000282542
internal_weight=5915.5 2315.64 1430.36 3599.86 1114.08 316.276 2457.21 744.046 885.278 238.408 1713.16 646.87 1142.65 1121.21
internal_count=30828 10614 5642 20214 4450 1192 13719 6258 4972 1513 7461 3459 6495 6319
is_linear=0
shrinkage=0.01444


Tree=40
num_leaves=16
num_cat=0
split_feature=22 26 11 30 22 33 17 0 2 26 33 10 23 19 12
split_gain=0.94996 0.229399 0.165435 0.156108 0.115022 0.0728362 0.0394975 0.0582627 0.0343631 0.0328522 0.027616 0.0236629 0.0149999 0.00945421 0.00216554
threshold=0.063237138395307424 0.47990276103125468 0.24396196063118999 20.115000000000006 0.046820090451900179 0.051361858573103499 1.0940558504898932 0.51485000000000014 0.14708437234536778 0.42044830188276222 0.011057711898717406 0.23637691387818935 0.038279259689676111 0.050776661082614187 0.046481567578611716
decision_type=10 10 10 10 10 8 10 2 2 10 10 8 10 10 8
left_child=4 5 14 -4 9 10 12 -8 -7 13 -2 -11 -6 -1 -3
right_child=1 2 3 -5 6 8 7 -9 -10 11 -12 -13 -14 -15 -16
leaf_value=-0.00025954559372124808 5.9432531021361157e-05 0 0.00054233241993769776 0.00012588765790468614 0 0 0 0.00034319572306607806 0.00027804099656319304 -0.00020744998707187203 -0.00014064637464271352 -6.0552978508812797e-07 -0.00012274138921267158 0 -7.8930588442162799e-05
leaf_weight=1537.1762229707092 130.44523641094565 105.69260017713532 772.32725378870964 370.30132440105081 107.71471350546926 214.45755760278553 352.72320458292961 120.72379087470472 294.2148296223022 258.73243445437402 356.27583359181881 465.36543618794531 648.47275733435526 108.95425700396299 71.922229247167706
leaf_count=7893 733 866 3453 1364 572 1504 1744 636 1408 2663 920 3164 3164 378 366
internal_value=0 0.00022811 0.000354682 0.00041895 -0.00014677 4.69825e-05 -2.11579e-05 6.71325e-05 0.000175154 -0.000206393 -6.01515e-05 -9.26822e-05 -9.37441e-05 -0.000248414 0
internal_weight=5915.5 2315.64 1320.24 1142.63 3599.86 995.393 1229.63 473.447 508.672 2370.23 486.721 724.098 756.187 1646.13 177.615
internal_count=30828 10614 6049 4817 20214 4565 6116 2380 2912 14098 1653 5827 3736 8271 1232
is_linear=0
shrinkage=0.01444


Tree=41
num_leaves=16
num_cat=0
split_feature=22 1 26 22 34 15 26 1 22 26 34 10 20 12 34
split_gain=0.924378 0.245944 0.123274 0.111967 0.103435 0.0600621 0.0437444 0.032314 0.0406877 0.0313941 0.0291863 0.0228204 0.0170137 0.0138403 0.00788901
threshold=0.063237138395307424 0.12421854912764006 0.47116898361732473 0.046820090451900179 0.033372308812263836 1.3931502902759545 0.6579948625170905 0.089160256410256419 0.048320494364813067 0.42044830188276222 0.010727120693940552 0.23637691387818935 0.056097844988092151 0.04912376667885348 -0.03517115764150313
decision_type=10 2 10 10 8 8 10 2 10 10 8 8 10 8 8
left_child=3 6 5 9 -4 -3 13 14 -9 12 -8 -11 -1 -2 -5
right_child=1 2 4 7 -6 -7 10 8 -10 11 -12 -13 -14 -15 -16
leaf_value=-0.00025434528555723932 6.8105833600922352e-05 -5.7479256318543792e-05 0.00054350833430529607 0 0 0.00024722067445592609 0.00037314648165675748 0.00037103050940318153 0 -0.00020446084050081956 0 -5.967934157124772e-07 0 -4.955476021874537e-05 -0.00015702686481120398
leaf_weight=1581.1318021323532 363.57264956645668 137.54684698302299 699.39464365970343 227.61028546839952 133.6822894141078 311.47298134118319 123.30540327914059 66.296529641374946 604.08434701990336 258.73243445437402 59.813197741750628 465.36543618794531 64.998677842319012 486.84885285655037 331.64330416778103
leaf_count=8079 2169 499 2757 1702 518 1279 1095 268 2773 2663 260 3164 192 2037 1373
internal_value=0 0.000224997 0.000360288 -0.0001448 0.000471337 0.000124809 4.44079e-05 -2.071e-05 3.27425e-05 -0.000203634 0.000246501 -9.1607e-05 -0.000244916 0 -0.000108137
internal_weight=5915.5 2315.64 1282.1 3599.86 833.077 449.02 1033.54 1229.63 670.381 2370.23 183.119 724.098 1646.13 850.422 559.254
internal_count=30828 10614 5053 20214 3275 1778 5561 6116 3041 14098 1355 5827 8271 4206 3075
is_linear=0
shrinkage=0.01444


Tree=42
num_leaves=16
num_cat=0
split_feature=19 19 26 1 5 32 32 17 26 18 33 18 17 35 6
split_gain=0.80276 0.292522 0.132002 0.123473 0.107413 0.108403 0.0663959 0.047924 0.0534497 0.0419173 0.0278327 0.0191972 0.0169154 0.0143672 0.007179
threshold=0.10395128383870046 0.039833118927845267 0.37912662267949365 0.088417843388960221 0.17574011266013317 0.81926121372031668 0.8700527704485489 1.1365593763963537 0.33517793336055968 0.04404744195377986 -0.04341451715347449 0.024410879925585775 0.91395735471180095 6.5444079719934471 0.24832087180770165
decision_type=10 10 10 2 10 8 10 8 8 8 10 10 10 2 10
left_child=1 7 10 11 9 -6 -5 13 -9 -4 14 -3 -12 -1 -2
right_child=2 3 4 6 5 -7 -8 8 -10 -11 12 -13 -14 -15 -16
leaf_value=-0.00026761860726452329 0.00057368384398628468 -0.00014370833736814659 0.00027020294009531549 0.000134297559064611 0.00074944514154937764 0.00015145074382713587 -5.638262772163173e-05 -0.00023929310402514287 0 -0.00011569345146448704 -0.00022660336217070209 0 1.9932319610370449e-05 0 0
leaf_weight=1315.7973240972497 21.624920003581796 748.70363267604262 131.14024041034281 1537.1989214746282 372.1498205056414 149.52137952670455 395.15447980165482 271.27791535970755 443.84078672225587 49.380555066280067 67.328631304204464 255.72860785154626 103.92517262324691 45.576797088608146 7.1504972446709862
leaf_count=6864 266 4652 556 7106 1682 632 1574 1856 2998 198 244 1497 481 182 40
internal_value=0 -7.14385e-05 0.000396319 1.7245e-05 0.000490859 0.000603459 8.8527e-05 -0.000203137 -7.85927e-05 9.2317e-05 0 -0.000106836 -1.21915e-06 -0.000258889 0.000444801
internal_weight=5915.5 5013.28 902.221 2936.79 702.192 521.671 1932.35 2076.49 715.119 180.521 200.029 1004.43 171.254 1361.37 28.7754
internal_count=30828 26729 4099 14829 3068 2314 8680 11900 4854 754 1031 6149 725 7046 306
is_linear=0
shrinkage=0.01444


Tree=43
num_leaves=15
num_cat=0
split_feature=22 26 10 34 22 13 8 19 18 0 19 27 23 12
split_gain=0.879018 0.214329 0.143171 0.119725 0.104744 0.056387 0.0645477 0.0286094 0.0291131 0.0193767 0.0168479 0.0155735 0.0152402 0.0125067
threshold=0.062739644785336807 0.47990276103125468 0.23283826751099265 0.012583619509106471 0.031652493050630823 1.4052965162429574 0.34702105215143969 0.047354635184692122 0.06352782867797814 0.40997500000000009 0.054937856000041189 0.99969412972945426 0.032514210948371487 0.036227792361878355
decision_type=10 10 10 8 8 8 8 10 8 2 10 8 10 10
left_child=4 5 13 -4 11 10 -7 8 -6 -9 -2 12 -1 -3
right_child=1 2 3 -5 7 6 -8 9 -10 -11 -12 -13 -14 -15
leaf_value=-0.00027751171406573821 0 -9.7393892704276475e-05 0.00053174007385456282 0.00015735459305715765 -0.00015553840915931061 0 0.00028696069251996542 -8.4702738614666177e-05 0 2.8450983640704747e-05 -0.00017660203758396913 0 0 0.00011326929969279611
leaf_weight=1099.9517476498149 37.582152221351862 110.13967670919374 702.20439687464386 397.05090205091983 1145.6980991284363 456.0278937057592 286.12496748194098 521.01689077261835 179.87969371583313 592.24213961744681 224.01824881788343 22.493582267314196 20.207126850262284 120.86216389294714
leaf_count=6195 126 782 3499 1126 6029 2495 1105 2879 1811 2884 893 134 166 704
internal_value=0 0.000217975 0.000339878 0.000408563 -0.000142133 4.32866e-05 0.000116892 -8.06736e-05 -0.000127801 -1.27688e-05 -0.000115399 -0.000261756 -0.000269794 0
internal_weight=5915.5 2334.01 1330.26 1099.26 3581.49 1003.75 742.153 2438.84 1325.58 1113.26 261.6 1142.65 1120.16 231.002
internal_count=30828 10730 6111 4625 20098 4619 3600 13603 7840 5763 1019 6495 6361 1486
is_linear=0
shrinkage=0.01444


Tree=44
num_leaves=16
num_cat=0
split_feature=19 19 17 7 5 30 30 18 17 7 33 35 33 27 33
split_gain=0.765844 0.275008 0.127253 0.101522 0.094828 0.0905549 0.0729489 0.0522039 0.046288 0.0349973 0.0294717 0.0139427 0.0120754 0.00474864 0.00259022
threshold=0.10395128383870046 0.039833118927845267 0.7288838889345588 0.24925941270061688 0.17574011266013317 20.865000000000006 19.815000000000001 0.038158779349923629 1.1365593763963537 0.2128004192335379 0.10202432517984374 6.5444079719934471 0.017773242667485926 0.31685018133819615 -0.073090099301934705
decision_type=10 10 8 10 8 10 10 10 8 10 8 2 8 8 10
left_child=1 8 12 10 7 -5 -6 -4 11 -10 -3 -1 14 -14 -2
right_child=2 3 4 5 6 -7 -8 -9 9 -11 -12 -13 13 -15 -16
leaf_value=-0.0002607188813782943 0 -0.00014351385617115343 0.00028236709586800971 0.00014532288365882431 0.00066724970526959833 -7.9637658963960204e-05 0.00012909876378918906 -0.00013094032743962946 -0.00017651600092139224 0 0 0 -0.00023345438170013547 0 0.00017573230443540056
leaf_weight=1315.7973240972497 19.832398355007172 707.36883075162768 157.30609032930806 1404.8978216662072 430.52308726962656 425.4669523909688 134.58300733007491 56.676136711612344 362.04031717637554 353.07838490558788 399.05203699506819 45.576797088608146 53.047074869275093 14.325771456584333 35.927650363184512
leaf_count=6864 94 4358 750 5865 2119 1702 502 220 3054 1800 2904 182 202 50 162
internal_value=0 -6.96821e-05 0.000387194 1.61722e-05 0.000455664 8.58727e-05 0.000562482 0.000111822 -0.00019738 -7.47638e-05 -8.72936e-05 -0.000252121 0 -0.000168614 0.000102059
internal_weight=5915.5 5013.28 902.221 2936.79 779.088 1830.36 565.106 213.982 2076.49 715.119 1106.42 1361.37 123.133 67.3728 55.76
internal_count=30828 26729 4099 14829 3591 7567 2621 970 11900 4854 7262 7046 508 252 256
is_linear=0
shrinkage=0.01444


Tree=45
num_leaves=16
num_cat=0
split_feature=22 1 26 22 27 26 17 9 15 26 32 31 7 20 23
split_gain=0.835106 0.235301 0.114741 0.0993554 0.0823921 0.0400784 0.0369924 0.055447 0.0344048 0.0292319 0.0256561 0.020586 0.0184994 0.0155448 0.0142274
threshold=0.062739644785336807 0.12421854912764006 0.39730270980662125 0.046820090451900179 0.048753532397178646 0.6579948625170905 1.0940558504898932 0.30404485580576041 1.3989303541094695 0.42044830188276222 0.72889182058047497 0.53000000000000214 0.21145063209474099 0.056097844988092151 0.038279259689676111
decision_type=10 2 8 10 8 10 10 10 8 10 8 8 8 10 10
left_child=3 5 8 9 -4 11 14 -8 -3 13 -7 -2 -11 -1 -5
right_child=1 2 4 6 -6 10 7 -9 -10 12 -12 -13 -14 -15 -16
leaf_value=-0.00024253085602677 8.3020516035393752e-05 -0.00012192987441801879 0 0 0.00045619176224417104 0.00039748524351765785 0 0.00033049540879015774 0.00018104118790786248 -0.00019836349720279574 0 -6.0805013037342742e-05 -5.5198087414188497e-06 0 -0.00011890312214823002
leaf_weight=1581.1318021323532 342.14081627316773 95.113206125795841 77.458556032273918 106.83314167615026 931.15628757793456 95.513217777945101 338.2999114189297 124.15599122829735 182.69571273075417 229.86629684688523 88.358276387210935 521.57432884955779 494.23157379543409 64.998677842319012 641.97188506135717
leaf_count=8079 1852 338 308 566 3727 734 1712 614 702 2487 639 2430 3340 192 3108
internal_value=0 0.000212538 0.00034485 -0.00013846 0.000418466 3.74745e-05 -1.95802e-05 6.67109e-05 3.02489e-05 -0.000193671 0.000230854 0 -8.49088e-05 -0.000233519 -9.03522e-05
internal_weight=5915.5 2334.01 1286.42 3581.49 1008.61 1047.59 1211.26 462.456 277.809 2370.23 183.871 863.715 724.098 1646.13 748.805
internal_count=30828 10730 5075 20098 4035 5655 6000 2326 1040 14098 1373 4282 5827 8271 3674
is_linear=0
shrinkage=0.01444


Tree=46
num_leaves=15
num_cat=0
split_feature=22 1 22 28 35 27 0 17 9 1 27 21 10 1
split_gain=0.812151 0.22802 0.0970517 0.0753957 0.0687638 0.0658458 0.0369824 0.0330793 0.0386944 0.0278449 0.014933 0.0139746 0.0118143 0.0106865
threshold=0.062739644785336807 0.12421854912764006 0.031652493050630823 -0.018499999999999985 3.7895162734416199 0.048753532397178646 0.65415000000000012 1.2017995962665993 0.2782524686690403 0.084508064516129064 0.99969412972945426 0.052859278654614837 0.39403192095407741 0.20881944444444447
decision_type=10 2 8 8 2 8 2 10 10 2 8 10 8 2
left_child=2 6 10 4 -3 -5 12 11 -9 -8 13 -4 -2 -1
right_child=1 3 7 5 -6 -7 9 8 -10 -11 -12 -13 -14 -15
leaf_value=-0.00026570862263839828 1.0831020035470091e-05 0.00029348528344584298 -0.00012489065603012392 0 -9.8018758296996805e-05 0.00044452227212185504 0 -6.4554716290728071e-05 0.0001700354616222147 0.00026817504566325529 0 0 -0.00013939868108596169 0
leaf_weight=1102.5691587184556 667.10250025196001 176.18145096022636 1558.9912233916111 88.605896047316492 131.85403206478804 889.7823833944276 50.950731117278337 461.67674722196534 211.88135347235948 207.34791001724079 22.493582267314196 206.28749914839864 122.18549790140241 17.589715781621635
leaf_count=6259 3797 834 9077 362 496 3383 260 2520 1018 952 134 988 646 102
internal_value=0 0.000209564 -0.000136577 0.000339843 8.36066e-05 0.00040705 3.69971e-05 -7.71351e-05 0 0.00018797 -0.000251898 -0.000110115 0 -0.000259817
internal_weight=5915.5 2334.01 3581.49 1286.42 308.035 978.388 1047.59 2438.84 673.558 258.299 1142.65 1765.28 789.288 1120.16
internal_count=30828 10730 20098 5075 1330 3745 5655 13603 3538 1212 6495 10065 4443 6361
is_linear=0
shrinkage=0.01444


Tree=47
num_leaves=16
num_cat=0
split_feature=19 1 26 23 5 32 32 7 32 35 32 34 23 19 15
split_gain=0.71436 0.255711 0.124218 0.109973 0.102961 0.100963 0.080165 0.0380827 0.029741 0.0217455 0.0197799 0.0187662 0.0135822 0.0129479 0.00878169
threshold=0.10395128383870046 0.089160256410256419 0.37912662267949365 0.03764794941901576 0.17574011266013317 0.81926121372031668 0.8700527704485489 0.21145063209474099 0.7071240105540898 5.3288223156361374 0.92282321899736164 -0.018181590198530048 0.086698074189058547 0.063257354280082209 1.5507938900511886
decision_type=10 2 10 10 10 8 10 10 10 2 8 10 10 8 10
left_child=1 7 10 9 11 -6 -5 13 -9 -3 14 -4 -12 -1 -2
right_child=2 3 4 6 5 -7 -8 8 -10 -11 12 -13 -14 -15 -16
leaf_value=-0.00026250225435416367 -0.00016072697731504346 -0.00013713676099659134 0 0.00014337903466891613 0.00071557298181581998 0.00013598110454038473 -7.2138783219608031e-05 -1.7678196975894924e-05 -0.00019610858120855173 1.1487506215450865e-05 0 0.00019575488785200442 0.00054966124650951019 0 0
leaf_weight=1075.912304376252 70.683177844621241 737.66540330718271 51.985746446065605 1458.2251635733992 372.1498205056414 149.52137952670455 387.77901192754507 709.02817315841094 435.34107041219249 75.565869668032974 11.116823837161062 128.53504903055727 22.437904607504606 133.76146864867769 95.79131488641724
leaf_count=6983 327 4395 390 6544 1682 632 1488 3322 1932 388 56 364 114 1677 534
internal_value=0 -6.73222e-05 0.00037393 2.54497e-05 0.000465273 0.00057484 9.1009e-05 -0.000177663 -9.70529e-05 -0.000107242 0 7.55586e-05 0.000347331 -0.000243024 -7.43949e-06
internal_weight=5915.5 5013.28 902.221 2659.24 702.192 521.671 1846 2354.04 1144.37 813.231 200.029 180.521 33.5547 1209.67 166.474
internal_count=30828 26729 4099 12815 3068 2314 8032 13914 5254 4783 1031 754 170 8660 861
is_linear=0
shrinkage=0.01444


Tree=48
num_leaves=16
num_cat=0
split_feature=19 19 17 0 5 26 30 18 17 26 7 27 33 11 21
split_gain=0.695495 0.247124 0.121962 0.102434 0.0899964 0.0735778 0.0565507 0.0493189 0.0443502 0.0493629 0.0298335 0.0133786 0.0121363 0.0152655 0.00258232
threshold=0.10395128383870046 0.039833118927845267 0.7288838889345588 0.51222500000000015 0.17574011266013317 0.38168229721005981 20.865000000000006 0.038158779349923629 1.1365593763963537 0.33517793336055968 0.23515690450286486 1.0100773160606422 0.017773242667485926 0.55481737141633525 0.076926584369769554
decision_type=10 10 8 2 8 10 10 10 8 8 10 10 8 10 10
left_child=1 8 12 10 7 -6 -5 -4 11 -10 -3 -1 14 -14 -2
right_child=2 3 4 6 5 -7 -8 -9 9 -11 -12 -13 13 -15 -16
leaf_value=-0.00024639713663728599 0.00023424623877015298 -0.00012131232700186648 0.00026854725371993054 0.00017233432696297775 3.4826685236710542e-05 0.00062385758289649519 -2.7013704166815444e-05 -0.00013595657175019291 -0.00022333723637538172 0 0 0 -0.00032850536372165201 0 0
leaf_weight=1346.9646497345529 17.191166086122394 748.44524111412466 157.30609032930806 968.50113559467718 102.84407099895179 462.26202360074967 277.60198609530926 56.676136711612344 271.27791535970755 443.84078672225587 942.23727899976075 14.409471451304851 48.354393662884831 19.018452662974596 38.56888263206929
leaf_count=6992 88 5230 750 4429 553 2068 1074 220 1856 2998 4096 54 196 56 168
internal_value=0 -6.64595e-05 0.000368927 1.47024e-05 0.000436144 0.000539942 0.000117431 0.000100315 -0.000187523 -6.75554e-05 -5.32863e-05 -0.000240875 0 -0.000175624 8.7926e-05
internal_weight=5915.5 5013.28 902.221 2936.79 779.088 565.106 1246.1 213.982 2076.49 715.119 1690.68 1361.37 123.133 67.3728 55.76
internal_count=30828 26729 4099 14829 3591 2621 5503 970 11900 4854 9326 7046 508 252 256
is_linear=0
shrinkage=0.01444


Tree=49
num_leaves=16
num_cat=0
split_feature=22 19 17 22 5 25 9 17 9 7 31 35 23 17 21
split_gain=0.752853 0.176636 0.116637 0.0909482 0.085384 0.0611531 0.0460439 0.0347592 0.052787 0.0236085 0.0225443 0.0208004 0.0137325 0.00900632 0.00371254
threshold=0.062739644785336807 0.10615902840798833 0.7288838889345588 0.046820090451900179 0.17574011266013317 0.82180275765098865 0.26228458779811664 1.0940558504898932 0.30404485580576041 0.21030227905456669 0.65000000000000047 5.7188347252648075 0.038279259689676111 1.870996280366976 0.068365401990186023
decision_type=10 10 8 10 8 10 8 10 10 8 8 2 10 10 10
left_child=3 5 14 9 -4 6 -2 12 -9 13 -7 -11 -5 -1 -3
right_child=1 2 4 7 -6 10 -8 8 -10 11 -12 -13 -14 -15 -16
leaf_value=-0.00026551211636583068 0 5.5539143991310138e-05 9.336188669763253e-05 0 0.00054534078588238614 4.2076188845838952e-05 0.00019297297891376339 0 0.00032326732905332427 -0.00014598606483288312 -0.00014961461609304576 0 -0.00011466711539790521 0 -8.7912347953930691e-05
leaf_weight=901.4106409875676 181.59635056741536 27.973396942019463 195.0950253480114 106.83314167615026 533.538015733473 137.13240640424192 944.00382760260254 338.2999114189297 124.15599122829735 1317.8469167626463 226.4520194134675 134.04919740511104 641.97188506135717 16.921595461666584 88.219359743408859
leaf_count=5925 938 120 916 566 2475 878 3679 1712 614 7479 1366 560 3108 134 358
internal_value=0 0.000201762 0.00037427 -0.000131503 0.000442438 9.50058e-05 0.000150693 -1.73083e-05 6.61472e-05 -0.000184321 -4.14109e-05 -0.000127902 -8.633e-05 -0.000259142 0
internal_weight=5915.5 2334.01 844.826 3581.49 728.633 1489.18 1125.6 1211.26 462.456 2370.23 363.584 1451.9 748.805 918.332 116.193
internal_count=30828 10730 3869 20098 3391 6861 4617 6000 2326 14098 2244 8039 3674 6059 478
is_linear=0
shrinkage=0.01444


Tree=50
num_leaves=16
num_cat=0
split_feature=22 1 22 14 8 28 7 19 20 5 23 5 25 7 20
split_gain=0.731797 0.208969 0.0904709 0.0680139 0.092585 0.0413021 0.0275939 0.0234509 0.0197807 0.0425325 0.0170289 0.0161825 0.0152534 0.0125952 0.000939647
threshold=0.063237138395307424 0.1185960591133005 0.046820090451900179 1.4582417165691399 0.34702105215143969 0.068550000000000014 0.28810725867918852 0.055264495042878788 0.09308829050749591 0.20843529275723835 0.045538629426041845 0.18353183673130138 0.91214900150753797 0.21030227905456669 0.061459031503183888
decision_type=10 2 10 8 8 8 10 10 10 8 10 10 10 8 10
left_child=2 8 7 11 -5 10 -7 13 12 -10 -4 -3 -2 -1 -9
right_child=1 3 5 4 -6 6 -8 14 9 -11 -12 -13 -14 -15 -16
leaf_value=-0.00025830570254602305 9.0045741106049785e-06 0 0 0.00014200086866420885 0.00048825789032935757 0 0.00061289834246701488 4.1280997075441611e-05 0 0.00031412133966077818 -9.5788107088415973e-05 0.00020661192389853585 -0.00012497843166914027 -0.00013937514442200272 -3.673843264017454e-05
leaf_weight=889.87596389930695 437.77223555976525 226.13936069142073 438.32252185791731 380.0184142421931 665.26795671600848 63.06807264033705 30.946687940508127 77.791053213179111 107.67411307385191 130.73391435435042 697.29718385869637 158.93316796794534 209.09770223638043 1356.8742301659659 45.6871033385396
leaf_count=5920 2094 780 1957 1814 2247 391 138 330 684 829 3630 801 1365 7677 171
internal_value=0 0.000200239 -0.00012879 0.00030869 0.000375034 -1.61414e-05 0.00025356 -0.000181691 1.01517e-05 0.000130764 -5.01044e-05 9.43673e-05 -1.4155e-05 -0.000192358 0
internal_weight=5915.5 2315.64 3599.86 1430.36 1045.29 1229.63 94.0148 2370.23 885.278 238.408 1135.62 385.073 646.87 2246.75 123.478
internal_count=30828 10614 20214 5642 4061 6116 529 14098 4972 1513 5587 1581 3459 13597 501
is_linear=0
shrinkage=0.01444


Tree=51
num_leaves=16
num_cat=0
split_feature=19 1 26 11 26 26 0 17 7 33 30 17 19 35 35
split_gain=0.643643 0.234296 0.116416 0.097962 0.129728 0.0899153 0.0841692 0.0393278 0.0344814 0.0239039 0.0203197 0.0174478 0.0139191 0.00234449 0.00047517
threshold=0.10395128383870046 0.089160256410256419 0.37912662267949365 0.25657378343180637 0.93469802105473865 0.46840619453199672 0.55752500000000016 1.1971226819323855 0.22200863033338644 -0.04341451715347449 18.225000000000005 0.91395735471180095 0.062884632722798817 2.5580019048610416 4.2207569003076646
decision_type=10 2 10 10 10 10 2 8 10 10 10 10 8 2 2
left_child=1 8 9 14 -5 7 -7 -3 12 13 -10 -11 -1 -2 -4
right_child=2 5 3 4 -6 6 -8 -9 10 11 -12 -13 -14 -15 -16
leaf_value=-0.00024212842609521324 0 -9.865057656874106e-05 4.9596258857237089e-05 0.00058877309454162714 0 0 0.00025973208237920566 5.2197351497343976e-05 -3.6757476237372218e-06 -0.00023316362155415148 -0.00016677445856771414 0 0 0.00047929456251783625 0
leaf_weight=1217.1220566206612 5.7353597823530462 1025.9997112271376 39.723214300349355 534.69037417881191 61.781769355759025 685.25006000301801 517.89119549863972 430.09448174736463 596.17450351454318 67.328631304204464 379.15466213598847 103.92517262324691 161.5917943243403 23.040057465899736 65.996637674048543
leaf_count=7706 52 4344 246 2248 244 3881 2321 2269 2765 244 1614 481 1829 254 330
internal_value=0 -6.38079e-05 0.000355034 0.000443249 0.000515241 2.48259e-05 0.000120315 -4.51039e-05 -0.000169475 0 -8.0553e-05 -1.74787e-05 -0.000222831 0.000410046 0
internal_weight=5915.5 5013.28 902.221 702.192 596.472 2659.24 1203.14 1456.09 2354.04 200.029 975.329 171.254 1378.71 28.7754 105.72
internal_count=30828 26729 4099 3068 2492 12815 6202 6613 13914 1031 4379 725 9535 306 576
is_linear=0
shrinkage=0.01444


Tree=52
num_leaves=15
num_cat=0
split_feature=22 1 22 14 27 0 17 9 1 19 32 20 27 23
split_gain=0.695911 0.202617 0.0853528 0.0703383 0.0881507 0.0323184 0.030445 0.0354553 0.0250142 0.0181696 0.0179739 0.0143604 0.0138867 0.0149334
threshold=0.062739644785336807 0.12421854912764006 0.031652493050630823 1.4540677700135414 0.048753532397178646 0.65415000000000012 1.2017995962665993 0.2782524686690403 0.084508064516129064 0.07677267149491257 0.48548812664907653 0.052860959235090134 0.99969412972945426 0.030871961928816864
decision_type=10 2 8 8 8 2 10 10 2 8 8 10 8 10
left_child=2 5 12 9 -5 10 11 -8 -7 -3 -2 -4 13 -1
right_child=1 3 6 4 -6 8 7 -9 -10 -11 -12 -13 -14 -15
leaf_value=-0.00025548401140783523 0.00011607301055916303 0 -0.00012953007741158708 0 0.00042998877054969704 0 -5.7247750650297396e-05 0.00016634125304879549 0.00024953352443147901 0.00016544275708305799 -4.9872264633171387e-05 -4.3995919154221466e-06 0 0
leaf_weight=1056.1630217540078 161.64245373103768 113.08567643444985 1271.7718037078157 79.370533159933984 863.10938526783139 50.950731117278337 461.67674722196534 211.88135347235948 207.34791001724079 230.85816760454327 627.64554442232475 493.50691883219406 22.493582267314196 63.995852746069431
leaf_count=5999 1545 388 7649 356 3315 260 2520 1018 952 1016 2898 2416 134 362
internal_value=0 0.000194067 -0.000126347 0.000316822 0.000387089 3.07481e-05 -7.01789e-05 0 0.000172805 8.59593e-05 0 -0.000101974 -0.000234686 -0.000242418
internal_weight=5915.5 2334.01 3581.49 1286.42 942.48 1047.59 2438.84 673.558 258.299 343.944 789.288 1765.28 1142.65 1120.16
internal_count=30828 10730 20098 5075 3671 5655 13603 3538 1212 1404 4443 10065 6495 6361
is_linear=0
shrinkage=0.01444


Tree=53
num_leaves=16
num_cat=0
split_feature=22 1 22 13 34 1 17 9 18 12 19 1 23 9 20
split_gain=0.676504 0.19659 0.0833436 0.05758 0.153749 0.0391691 0.0327138 0.0501486 0.0267208 0.0320176 0.0220323 0.0165582 0.0131108 0.0126314 0.000937349
threshold=0.062739644785336807 0.12421854912764006 0.046820090451900179 1.5996456281422577 0.030886867815338007 0.1469615384615385 1.0940558504898932 0.30404485580576041 0.0050568270819674197 0.047541028762077206 0.055264495042878788 0.092656862745098059 0.038279259689676111 0.42479800198887291 0.061459031503183888
decision_type=10 2 10 8 10 2 10 10 10 10 10 2 10 10 10
left_child=2 8 10 5 -5 -3 12 -8 11 -10 13 -2 -4 -1 -12
right_child=1 3 6 4 -6 -7 7 -9 9 -11 14 -13 -14 -15 -16
leaf_value=-0.00019169030721487943 -0.0001373101668470837 0 0 0.00053903193036164551 0 0.00025222670022995316 0 0.00031622959600654854 0.00025788417777350392 0 4.1703798140091836e-05 6.8857670594146542e-06 -0.00011024095996800216 0 -3.5775765644914557e-05
leaf_weight=2175.7523169172928 193.27000601543114 204.2987150112167 106.83314167615026 523.28514415211976 158.71049980632961 400.12940349709243 338.2999114189297 124.15599122829735 194.69746414152905 297.94989068666473 77.791053213179111 361.66927844425663 641.97188506135717 70.997877147980034 45.6871033385396
leaf_count=13208 1308 773 566 2668 384 1250 1712 614 1301 1350 330 1696 3108 389 171
internal_value=0 0.000191293 -0.000124622 0.000312229 0.000419554 0.000169219 -1.48823e-05 6.59648e-05 3.0208e-05 0.000113102 -0.000175163 -1.98547e-05 -8.22941e-05 -0.000185506 0
internal_weight=5915.5 2334.01 3581.49 1286.42 681.996 604.428 1211.26 462.456 1047.59 492.647 2370.23 554.939 748.805 2246.75 123.478
internal_count=30828 10730 20098 5075 3052 2023 6000 2326 5655 2651 14098 3004 3674 13597 501
is_linear=0
shrinkage=0.01444


Tree=54
num_leaves=16
num_cat=0
split_feature=22 1 22 28 11 12 28 9 7 28 12 18 11 23 17
split_gain=0.658112 0.188947 0.0828613 0.0673326 0.0665244 0.0609318 0.0395856 0.0287972 0.0204093 0.0359663 0.0187255 0.0470655 0.0166659 0.0163785 0.00860741
threshold=0.063237138395307424 0.1185960591133005 0.046820090451900179 -0.018499999999999985 0.33388764977272695 0.066827125996623896 0.068550000000000014 0.25230691001313871 0.21030227905456669 -0.011399999999999992 0.04912376667885348 0.0020909617549651487 0.33625314437403359 0.045538629426041845 1.870996280366976
decision_type=10 2 10 8 8 8 8 10 8 10 8 10 8 10 10
left_child=2 10 8 5 -5 -3 13 -8 14 -10 11 -2 -12 -4 -1
right_child=1 3 6 4 -6 -7 7 -9 9 -11 12 -13 -14 -15 -16
leaf_value=-0.00024959617394106396 -2.7779412203904057e-06 -9.468601738193909e-05 0 9.5406882942137075e-05 0.00042534426506015739 0.00026269636450534234 0 0.00046366394506225622 -0.00022007622775285519 -4.4267127696157794e-05 -0.00014022178012320055 0.00026419670203825361 0 -9.2417196643801712e-05 0
leaf_weight=901.4106409875676 196.9834239189513 151.74378322949633 438.32252185791731 284.75474259536713 812.05889508407563 181.80147870862857 38.995817054063082 55.018943526782095 540.95212459098548 910.94398957677186 202.11286036204547 189.57594200735912 296.60573893599212 697.29718385869637 16.921595461666584
leaf_count=5925 1400 646 1957 1272 2910 814 262 267 3059 4980 958 1331 1283 3630 134
internal_value=0 0.000189999 -0.000122026 0.000293125 0.000351707 6.10386e-05 -1.37999e-05 0.000250687 -0.000172633 -0.000118843 8.51962e-06 9.45263e-05 -3.19558e-05 -4.733e-05 -0.000243306
internal_weight=5915.5 2315.64 3599.86 1430.36 1096.81 333.545 1229.63 94.0148 2370.23 1451.9 885.278 386.559 498.719 1135.62 918.332
internal_count=30828 10614 20214 5642 4182 1460 6116 529 14098 8039 4972 2731 2241 5587 6059
is_linear=0
shrinkage=0.01444


Tree=55
num_leaves=15
num_cat=0
split_feature=20 9 13 26 26 10 30 15 28 9 28 16 5 26
split_gain=0.565955 0.235719 0.150114 0.10984 0.103049 0.113515 0.0902088 0.0854575 0.0599254 0.0587945 0.0426823 0.0278216 0.00513526 3.16745e-05
threshold=0.09308829050749591 0.29639959757329831 1.6310514805902907 0.92453036296275382 0.50285312320615605 0.23930422471986013 19.565000000000001 1.5364407639345055 -0.034249999999999996 0.18588624619202479 0.0041000000000000212 0.98676286609349828 0.20521558495044684 0.89185307113282841
decision_type=10 10 10 10 8 8 10 8 10 8 10 10 10 10
left_child=1 9 8 4 7 -6 -4 -2 -3 13 -11 12 -5 -1
right_child=3 2 6 11 5 -7 -8 -9 -10 10 -12 -13 -14 -15
leaf_value=-0.00026703035385873417 -0.00011338300620056585 -0.00021734746750450888 0.00040237193716134836 0 0 0.00057621740679435749 0 0.00032598530410182309 3.2027013899679913e-05 -0.00015278928443282437 -1.9276509373119574e-05 -0.00035003848736721353 0.0002441795087741687 0
leaf_weight=686.55710308486596 132.10912081226707 245.78106221929193 360.39274123404175 8.136476147919895 95.258955615572631 490.96246076002717 156.24788428144529 178.95926960976794 930.08150890329853 1362.5591100272723 1192.4647043123841 51.201109167188406 17.402461066842079 7.385714514181017
leaf_count=5182 590 1183 1920 56 470 2021 747 1024 3461 7302 6366 194 130 182
internal_value=0 -6.26018e-05 7.05404e-05 0.000318141 0.000367112 0.000487634 0.000276808 9.75099e-05 -9.04807e-06 -0.000135989 -9.56173e-05 -8.36221e-05 0 -0.000265589
internal_weight=5915.5 4941.47 1692.5 974.03 897.29 586.221 516.641 311.068 1175.86 3248.97 2555.02 76.74 25.5389 693.943
internal_count=30828 26343 7311 4485 4105 2491 2667 1614 4644 19032 13668 380 186 5364
is_linear=0
shrinkage=0.01444


Tree=56
num_leaves=15
num_cat=0
split_feature=22 1 22 28 27 12 17 9 31 18 23 28 27 23
split_gain=0.625815 0.180845 0.0798577 0.0652495 0.0683501 0.0587557 0.0286261 0.0324562 0.0182398 0.0229544 0.0167293 0.0165659 0.0132355 0.0141826
threshold=0.063237138395307424 0.1185960591133005 0.031652493050630823 -0.018499999999999985 0.098302749079358195 0.066827125996623896 1.0940558504898932 0.2782524686690403 0.53000000000000214 -0.00090884451277456469 0.026567180875914146 -0.0037000000000000223 0.99969412972945426 0.030871961928816864
decision_type=10 2 8 8 8 8 10 10 8 10 8 10 8 10
left_child=2 8 12 5 -5 -3 10 -8 9 -2 -4 -10 13 -1
right_child=1 3 6 4 -6 -7 7 -9 11 -11 -12 -13 -14 -15
leaf_value=-0.00024424337840890724 0 -9.5200035521503907e-05 0 6.6180311577862145e-06 0.00039650304007365596 0.00025615473749940012 -6.2164306174894597e-05 0.0001172219449872218 -0.00013384905793344879 0.0001898855443912004 -0.00012054202953015148 2.6655185860218696e-06 0 0
leaf_weight=1056.1630217540078 118.99296408519149 151.74378322949633 148.08171466737986 182.19216726301238 914.62147041643038 181.80147870862857 632.04821964818984 314.04256451036781 215.15361177874729 227.56288575008512 1363.0378613211215 323.56850361032411 22.493582267314196 63.995852746069431
leaf_count=5999 734 646 866 776 3406 814 3536 1398 1210 1324 7919 1704 134 362
internal_value=0 0.000185225 -0.000119048 0.000286099 0.000343705 5.72338e-05 -6.49132e-05 0 7.38404e-06 9.95345e-05 -0.00010392 -2.76623e-05 -0.000223921 -0.000231538
internal_weight=5915.5 2315.64 3599.86 1430.36 1096.81 333.545 2457.21 946.091 885.278 346.556 1511.12 538.722 1142.65 1120.16
internal_count=30828 10614 20214 5642 4182 1460 13719 4934 4972 2058 8785 2914 6495 6361
is_linear=0
shrinkage=0.01444


Tree=57
num_leaves=15
num_cat=0
split_feature=20 8 26 32 26 14 11 17 16 20 26 26 35 5
split_gain=0.539134 0.186106 0.125232 0.112581 0.106839 0.101339 0.0944727 0.0366782 0.0275794 0.027501 0.0184506 0.00868895 0.00801686 0.00485712
threshold=0.09308829050749591 0.22871272789544542 0.46567929232646349 0.8337730870712402 0.92453036296275382 1.4420963397356426 0.24396196063118999 0.9686542518080864 0.98676286609349828 0.053670825769373438 0.50651080359643175 0.48779594171124913 2.3504206048856529 0.20521558495044684
decision_type=10 8 10 8 10 8 8 10 10 8 8 8 2 10
left_child=1 9 7 -4 5 10 -7 -3 13 12 -2 -11 -1 -6
right_child=4 2 3 -5 8 6 -8 -9 -10 11 -12 -13 -14 -15
leaf_value=0 -5.5836171484982775e-05 -0.00013640324094606177 0.0002133921940464038 -3.1529855949868678e-05 0 0 0.00051092233603134047 0 -0.0003491626898780049 0 0.00017525605539851845 -0.00012539662535434356 -0.00022303701874296444 0.00023747467477885407
leaf_weight=8.6195676364004594 92.613959704525769 1003.7324409955181 833.19021086860448 586.42301700916141 8.136476147919895 89.822282447945327 598.90867441240698 919.41292083961889 51.201109167188406 175.06393900932744 115.94489023275673 116.03126807091758 1298.9964641472325 17.402461066842079
leaf_count=78 466 4970 4313 2786 56 586 2533 3507 194 1156 520 1288 8245 130
internal_value=0 -6.11123e-05 0 0.000103028 0.000310499 0.000358942 0.000445473 -7.5748e-05 -8.50653e-05 -0.000189223 1.01587e-05 -8.58594e-06 -0.000219408 0
internal_weight=5915.5 4941.47 3342.76 1419.61 974.03 897.29 688.731 1923.15 76.74 1598.71 208.559 291.095 1307.62 25.5389
internal_count=30828 26343 15576 7099 4485 4105 3119 8477 380 10767 986 2444 8323 186
is_linear=0
shrinkage=0.01444


Tree=58
num_leaves=16
num_cat=0
split_feature=22 1 22 28 35 15 28 9 18 5 19 15 1 9 20
split_gain=0.595391 0.176131 0.0758085 0.0696042 0.0627676 0.0565772 0.0346878 0.0302608 0.0244714 0.0267146 0.0203778 0.0157438 0.0154787 0.0116423 0.000946228
threshold=0.062739644785336807 0.12421854912764006 0.046820090451900179 -0.018499999999999985 3.7895162734416199 3.2940621759615651 0.068550000000000014 0.25230691001313871 0.0050568270819674197 0.12708797514580941 0.055264495042878788 1.4096841895167156 0.092656862745098059 0.42479800198887291 0.061459031503183888
decision_type=10 2 10 8 2 10 8 10 10 8 10 10 2 10 10
left_child=2 8 10 4 -3 -5 11 -8 12 -10 13 -4 -2 -1 -12
right_child=1 3 6 5 -6 -7 7 -9 9 -11 14 -13 -14 -15 -16
leaf_value=-0.00018096219742829467 -0.00013387086519216175 0.00025735819674430716 -9.4955917688134577e-05 0.00038831846602038408 -0.00012769463220725015 0 0 0.00046919460097206116 -1.4203750293973922e-05 0.00016649198554752624 4.405423556192587e-05 0 3.0004204464962706e-06 0 -3.1279942557424698e-05
leaf_weight=2175.7523169172928 193.27000601543114 176.18145096022636 602.74037359189242 906.15924802888185 131.85403206478804 72.229031412862241 37.788286399096251 51.934457101859152 91.621675766538829 401.02567906165496 77.791053213179111 518.79781229188666 361.66927844425663 70.997877147980034 45.6871033385396
leaf_count=13208 1308 834 2547 3403 496 342 250 257 448 2203 330 2946 1696 389 171
internal_value=0 0.000179467 -0.000116904 0.000293934 5.01824e-05 0.000357232 -1.18361e-05 0.000241051 2.63314e-05 0.000106366 -0.00016506 -4.38431e-05 -2.11882e-05 -0.000175022 0
internal_weight=5915.5 2334.01 3581.49 1286.42 308.035 978.388 1211.26 89.7227 1047.59 492.647 2370.23 1121.54 554.939 2246.75 123.478
internal_count=30828 10730 20098 5075 1330 3745 6000 507 5655 2651 14098 5493 3004 13597 501
is_linear=0
shrinkage=0.01444


Tree=59
num_leaves=16
num_cat=0
split_feature=22 26 1 34 22 34 28 8 12 28 9 26 20 10 10
split_gain=0.578176 0.176902 0.122216 0.100145 0.0736893 0.0543678 0.0434958 0.0669194 0.0351212 0.0335892 0.0294956 0.0259267 0.0219704 0.0161092 0.0153148
threshold=0.062739644785336807 0.47817185199232531 0.14005102040816331 0.033372308812263836 0.046820090451900179 0.0043940259439313465 0.0070500000000000016 0.34354466894033053 0.03959794092362879 0.068550000000000014 0.25230691001313871 0.44265030163223823 0.04820986316399687 0.30773680292784417 0.23637691387818935
decision_type=10 10 2 8 10 8 10 8 8 8 10 10 10 10 8
left_child=4 6 5 -4 11 -3 7 -2 -8 13 -11 12 -1 -6 -13
right_child=1 2 3 -5 9 -7 8 -9 -10 10 -12 14 -14 -15 -16
leaf_value=-0.000211450385095736 -1.4956523356402404e-06 0.00022494923193677196 0.00052603547195542158 0 -8.7294321868537988e-05 0 7.8841788035929262e-05 0.00026508095656013557 -0.00018331572479564514 0 0.00046249125683234314 -0.00014587492775431 0 2.1581100557469652e-06 0
leaf_weight=1582.9605305367149 333.67758553801104 445.45369428955019 522.57487254682928 114.81978785805404 713.60363647760823 253.76068823086098 85.40701377671212 289.30270082876086 289.01405868586153 37.788286399096251 51.934457101859152 239.92218133574352 132.07357872836292 407.93454940617085 415.27206001617014
leaf_count=8185 1844 2934 1905 398 3705 912 490 1195 1052 250 257 2515 508 1788 2890
internal_value=0 0.000176862 0.000286327 0.000440656 -0.000115193 0.000126696 1.69746e-05 0.00010143 -8.8577e-05 -1.14445e-05 0.000237154 -0.000162674 -0.000196466 -4.31065e-05 -5.41656e-05
internal_weight=5915.5 2334.01 1336.61 637.395 3581.49 699.214 997.401 622.98 374.421 1211.26 89.7227 2370.23 1715.03 1121.54 655.194
internal_count=30828 10730 6149 2303 20098 3846 4581 3039 1542 6000 507 14098 8693 5493 5405
is_linear=0
shrinkage=0.01444


Tree=60
num_leaves=16
num_cat=0
split_feature=22 1 22 28 11 35 28 17 19 31 19 28 17 20 20
split_gain=0.561901 0.166262 0.0734749 0.0624225 0.062722 0.0555938 0.0353826 0.0256733 0.0193759 0.0168268 0.0243952 0.016479 0.0154628 0.0102574 0.000929236
threshold=0.063237138395307424 0.1185960591133005 0.046820090451900179 -0.018499999999999985 0.33388764977272695 3.7895162734416199 0.068550000000000014 1.0863177372997392 0.055264495042878788 0.53000000000000214 0.090658079757476778 -0.0037000000000000223 0.92378658676006487 0.055256836587429699 0.061459031503183888
decision_type=10 2 10 8 8 2 8 10 10 8 10 10 10 8 10
left_child=2 9 8 5 -5 -3 12 -8 13 10 -2 -11 -4 -1 -10
right_child=1 3 6 4 -6 -7 7 -9 14 11 -12 -13 -14 -15 -16
leaf_value=-0.00017475429868751258 0 0.00023905915159580513 -0.00010796629225688241 7.958069886475805e-05 0.00039919362955246772 -0.00010602519813477154 0 0.00051994720399224691 4.3865593772746223e-05 -0.00013425292855951955 0.00024614789537590683 7.8785857662803701e-07 0 0 -3.0494542794913772e-05
leaf_weight=2199.6352477357723 212.41686876676977 187.02712562587112 453.91843836894259 284.75474259536713 812.05889508407563 146.51813631225377 54.658987049013376 39.355773531831801 77.791053213179111 215.15361177874729 134.13898106850684 323.56850361032411 681.70126734767109 47.114946329500526 45.6871033385396
leaf_count=12259 1207 898 2239 1272 2910 562 323 206 330 1210 851 1704 3348 1338 171
internal_value=0 0.000175499 -0.000112817 0.000272159 0.000328228 4.83655e-05 -1.03812e-05 0.000239769 -0.000160422 4.47326e-06 9.41105e-05 -2.89524e-05 -4.27197e-05 -0.000170138 0
internal_weight=5915.5 2315.64 3599.86 1430.36 1096.81 333.545 1229.63 94.0148 2370.23 885.278 346.556 538.722 1135.62 2246.75 123.478
internal_count=30828 10614 20214 5642 4182 1460 6116 529 14098 4972 2058 2914 5587 13597 501
is_linear=0
shrinkage=0.01444


Tree=61
num_leaves=15
num_cat=0
split_feature=22 26 32 10 22 35 13 9 32 9 19 27 26 1
split_gain=0.546343 0.170524 0.120166 0.126766 0.0716767 0.0534017 0.0425682 0.0633398 0.0275892 0.0439183 0.0171564 0.0124503 0.00996795 0.00939752
threshold=0.063237138395307424 0.47817185199232531 0.8337730870712402 0.23283826751099265 0.031652493050630823 3.4464893201095474 1.4052965162429574 0.24265455681928186 0.86741424802110834 0.2135128107132547 0.054937856000041189 0.99969412972945426 0.85568335430538667 0.20881944444444447
decision_type=10 10 8 10 8 2 8 8 10 10 10 8 8 2
left_child=4 6 3 -3 11 -4 10 -8 9 -6 -2 13 -10 -1
right_child=1 2 5 -5 8 -7 7 -9 12 -11 -12 -13 -14 -15
leaf_value=-0.00022386250119252728 0 0 0.00028324599534415205 0.00045681936401337052 -0.00012632255220529427 -2.6407724464281059e-05 -0.0001705105159389558 0.00015500697665490204 -0.00020773530093274592 6.7603115058816749e-06 -0.00018633624349154919 0 0 0
leaf_weight=1102.5691587184556 37.187988676130772 144.7189248171635 148.91641448065639 743.05769736506045 699.49220347311348 289.90227434877306 121.95917269447818 609.6986634042114 334.72226586192846 1392.3469521263614 220.19572905544192 22.493582267314196 30.648938685655594 17.589715781621635
leaf_count=6259 120 1036 514 3341 5526 1196 995 2543 1558 6423 869 134 212 102
internal_value=0 0.000173128 0.000280944 0.0003807 -0.000111169 4.91067e-05 1.52097e-05 8.278e-05 -5.95458e-05 -3.15067e-05 -0.000125883 -0.000210648 -0.00018401 -0.000218127
internal_weight=5915.5 2315.64 1326.6 887.777 3599.86 438.819 989.042 731.658 2457.21 2091.84 257.384 1142.65 365.371 1120.16
internal_count=30828 10614 6087 4377 20214 1710 4527 3538 13719 11949 989 6495 1770 6361
is_linear=0
shrinkage=0.01444


Tree=62
num_leaves=16
num_cat=0
split_feature=19 1 17 20 26 18 15 30 7 30 33 11 15 19 34
split_gain=0.503087 0.18382 0.107982 0.0777801 0.0747929 0.112692 0.061835 0.0505699 0.0278658 0.0283097 0.0148862 0.0157351 0.00839786 0.00805198 0.0057438
threshold=0.10395128383870046 0.089160256410256419 0.7288838889345588 0.047798360384222811 0.37593263087608786 0.0551951758782201 1.4036333190275316 20.115000000000006 0.21145063209474099 18.005000000000006 0.017773242667485926 0.55481737141633525 1.5427768770149826 0.063257354280082209 0.0060563578888678258
decision_type=10 2 8 10 8 8 8 10 10 10 8 8 8 8 10
left_child=1 8 10 7 12 -6 -5 -3 13 -10 14 -12 -4 -1 -2
right_child=2 3 4 6 5 -7 -8 -9 9 -11 11 -13 -14 -15 -16
leaf_value=-0.00022284278491228283 0.00020060856779538318 0 -6.6523331568491982e-05 0 0.00053775997982159806 0 0.00018952550684001653 -0.00020494037905885787 -2.3826944589660136e-06 -0.00017248581022707169 -0.00035740768892653742 0 0.00014273776466005564 0 0
leaf_weight=1075.912304376252 32.609461576677859 972.20002851705067 54.007415042258799 605.95915079209954 520.07225244864821 131.47077675908804 748.30816456628963 332.76810460072011 709.02817315841094 435.34107041219249 48.354393662884831 19.018452662974596 73.537877390626818 133.76146864867769 23.150587141513824
leaf_count=6983 154 5261 244 2483 2329 580 3567 1504 3322 1932 196 56 438 1677 102
internal_value=0 -5.64032e-05 0.000313893 2.16167e-05 0.000378113 0.000441417 0.000101674 -5.1446e-05 -0.000150082 -7.85796e-05 0 -0.000208989 0 -0.000206841 4.9333e-05
internal_weight=5915.5 5013.28 902.221 2659.24 779.088 651.543 1354.27 1304.97 2354.04 1144.37 123.133 67.3728 127.545 1209.67 55.76
internal_count=30828 26729 4099 12815 3591 2909 6050 6765 13914 5254 508 252 682 8660 256
is_linear=0
shrinkage=0.01444


Tree=63
num_leaves=16
num_cat=0
split_feature=22 26 11 27 22 33 18 22 27 0 22 26 20 10 33
split_gain=0.518211 0.164234 0.134159 0.128342 0.0675252 0.0626236 0.0386783 0.0374817 0.0354654 0.0281349 0.0433779 0.025201 0.0203583 0.0143889 0.0102046
threshold=0.062739644785336807 0.47817185199232531 0.33625314437403359 0.62903978737037458 0.046820090451900179 0.051361858573103499 0.0030276587868209863 0.066129326985951489 0.35325332869538345 0.40997500000000009 0.048320494364813067 0.44265030163223823 0.04820986316399687 0.23637691387818935 0.017773242667485926
decision_type=10 10 10 10 10 8 8 10 8 2 10 10 10 8 8
left_child=4 5 7 -4 11 8 -7 -3 -2 14 -11 12 -1 -13 -6
right_child=1 2 3 -5 9 6 -8 -9 -10 10 -12 13 -14 -15 -16
leaf_value=-0.0002019559369293642 -0.00017366707831048322 0.00045952217377933453 0.00049216714145024069 9.8012399484034875e-06 0 0 0.00026562578970582511 0 5.1479683059020701e-05 0.00040259483535062557 0 -0.00013694681907460362 0 0 -0.00013096897420057833
leaf_weight=1582.9605305367149 361.03200414497405 42.865396274253726 630.53824380971491 210.27388843148947 153.78222425561398 264.66510499082506 246.73608762724325 452.93151440983638 124.96816206630319 62.364812297746539 590.6694771698676 239.92218133574352 132.07357872836292 415.27206001617014 404.44441566150635
leaf_count=8185 1138 277 2428 836 666 1398 1512 2608 533 280 2743 2515 508 2890 2311
internal_value=0 0.000167414 0.000272795 0.00038718 -0.000109082 1.30023e-05 0.000135382 5.22201e-05 -8.88758e-05 -9.36069e-06 4.20114e-05 -0.000154506 -0.000187542 -4.79827e-05 -9.28673e-05
internal_weight=5915.5 2334.01 1336.61 840.812 3581.49 997.401 511.401 495.797 486 1211.26 653.034 2370.23 1715.03 655.194 558.227
internal_count=30828 10730 6149 3264 20098 4581 2910 2885 1671 6000 3023 14098 8693 5405 2977
is_linear=0
shrinkage=0.01444


Tree=64
num_leaves=15
num_cat=0
split_feature=21 26 30 9 28 28 0 26 33 15 28 21 12 8
split_gain=0.38956 0.139557 0.128702 0.117293 0.103786 0.0690026 0.101998 0.0645255 0.120194 0.0347468 0.0273867 0.0140593 0.00920396 0.00500178
threshold=0.055472172596808401 0.6579948625170905 20.835000000000004 0.21078495100108532 -0.031249999999999997 0.021950000000000001 0.69537500000000019 0.46567929232646349 0.010251370165634157 1.1252409802821501 0.066499999999999962 0.04884124406401253 0.14234269204966096 0.25292185333601819
decision_type=10 10 8 8 10 8 2 10 8 10 10 8 10 10
left_child=3 5 4 11 -3 6 -2 9 -9 -5 -7 13 -4 -1
right_child=1 2 12 7 -6 10 -8 8 -10 -11 -12 -13 -14 -15
leaf_value=-0.00021122461505962856 4.3547411927816613e-05 0 0 -0.00017635468717240864 0.00064141180781924199 -0.00013038465240584467 0.00046969935072088768 -0.00014096615595375004 0.00015364811996311978 -2.4108958506666426e-05 0.00011044062733920132 0 0.00025679441168449777 0
leaf_weight=1104.1704445416108 533.13603097014129 28.384380479343235 132.01906719058752 575.01650806190446 311.13131634797901 306.87840717006475 191.10200927220285 392.63476091064513 876.4225546438247 1281.3901814995334 94.571132468059659 46.774194742552936 28.546626448631287 13.322067009285091
leaf_count=6508 2303 182 370 3274 1662 1118 843 2244 4740 5322 362 1718 152 30
internal_value=0 0.000190421 0.000399131 -7.20274e-05 0.000559852 8.59271e-05 0.00017433 -2.11716e-05 5.21644e-05 -7.8355e-05 -4.10141e-05 -0.000197236 0 -0.000207729
internal_weight=5915.5 1625.77 500.081 4289.73 339.516 1125.69 724.238 3125.46 1269.06 1856.41 401.45 1164.27 160.566 1117.49
internal_count=30828 6992 2366 23836 1844 4626 3146 15580 6984 8596 1480 8256 522 6538
is_linear=0
shrinkage=0.01444


Tree=65
num_leaves=15
num_cat=0
split_feature=1 21 5 31 30 17 0 8 12 21 17 30 1 35
split_gain=0.406281 0.201412 0.10014 0.0817088 0.0812341 0.0463027 0.0468164 0.0434917 0.0292409 0.0234033 0.0161912 0.0135193 0.00646736 0.00409602
threshold=0.095571895424836614 0.055472172596808401 0.17574011266013317 1.7750000000000006 19.815000000000001 0.92378658676006487 0.52227500000000016 0.2233951812623817 0.053011686041343521 0.032133433752483974 1.7262829720961059 18.225000000000005 0.093114224137931065 2.5580019048610416
decision_type=2 10 8 10 10 8 2 10 10 10 10 10 2 2
left_child=7 5 3 -3 -4 9 -7 10 11 -2 12 -9 -1 -10
right_child=1 2 4 -5 -6 6 -8 8 13 -11 -12 -13 -14 -15
leaf_value=-0.00020254028099664666 -0.0001564854682148514 0.00029122167658225657 0.00042953637587897161 -7.9357090376220606e-05 3.4981437470078645e-05 0 0.00016828123289273282 6.8309072668980601e-05 0 0 0 -6.9561271576696698e-05 0 -0.00012565010267275923
leaf_weight=1355.2301091856789 368.11662047542632 189.84482440585271 637.48510696552694 278.72497001569718 222.96151981968433 596.53132744017057 541.29320288542658 397.58936952892691 25.720910829491913 353.80275801476091 46.25908002210781 198.10852626617998 25.459176179021597 678.37217972241342
leaf_count=9512 1884 934 2879 786 890 3274 2782 1891 124 1394 394 756 219 3109
internal_value=0 0.000110755 0.00024689 4.30482e-05 0.000342591 6.38829e-06 7.00282e-05 -0.000129295 -5.38291e-05 -7.57724e-05 -0.000188817 4.8074e-07 -0.000198217 -0.00011832
internal_weight=5915.5 3188.76 1329.02 468.57 860.447 1859.74 1137.82 2726.74 1299.79 721.919 1426.95 595.698 1380.69 704.093
internal_count=30828 14823 5489 1720 3769 9334 6056 16005 5880 3278 10125 2647 9731 3233
is_linear=0
shrinkage=0.01444


Tree=66
num_leaves=16
num_cat=0
split_feature=22 26 32 10 22 33 23 18 27 28 10 26 19 15 10
split_gain=0.483652 0.155401 0.110998 0.119909 0.0652203 0.0614313 0.0608564 0.040737 0.0345828 0.033143 0.0265915 0.0235063 0.015315 0.0151596 0.0133674
threshold=0.063237138395307424 0.47817185199232531 0.8337730870712402 0.23283826751099265 0.046820090451900179 0.051361858573103499 0.079902914458421473 0.0030276587868209863 0.35325332869538345 0.068550000000000014 0.216250254357053 0.44265030163223823 0.048747094129625919 1.4096841895167156 0.23637691387818935
decision_type=10 10 8 10 10 8 10 8 8 8 10 10 10 10 8
left_child=4 5 3 -3 11 8 -4 -7 -2 13 -11 12 -1 -6 -13
right_child=1 2 6 -5 9 7 -8 -9 -10 10 -12 14 -14 -15 -16
leaf_value=-0.00019672660238616478 -0.00017305135509809581 0 -9.2163377457250709e-05 0.00043557854518509802 -8.9972348808021812e-05 0 0.00022710345221893367 0.0002674966543425337 4.806978549161897e-05 0 0.00042868144075462392 -0.00013138008701899797 0 0 0
leaf_weight=1541.1220590998419 359.46416366565973 144.7189248171635 213.59257243666798 743.05769736506045 606.63363296259195 260.38303816877306 225.22611639276147 245.1077617588453 124.08659023698419 35.954658159054816 58.060102421790361 239.92218133574352 173.912050165236 528.98607275402173 415.27206001617014
leaf_count=8125 1118 1036 912 3341 2581 1384 798 1498 527 232 297 2515 568 3006 2890
internal_value=0 0.000162872 0.000265728 0.000361489 -0.000104616 1.16116e-05 4.19877e-05 0.000133982 -8.92768e-05 -7.57589e-06 0.0002351 -0.000149424 -0.00018143 -3.92935e-05 -4.56002e-05
internal_weight=5915.5 2315.64 1326.6 887.777 3599.86 989.042 438.819 505.491 483.551 1229.63 94.0148 2370.23 1715.03 1135.62 655.194
internal_count=30828 10614 6087 4377 20214 4527 1710 2882 1645 6116 529 14098 8693 5587 5405
is_linear=0
shrinkage=0.01444


Tree=67
num_leaves=16
num_cat=0
split_feature=19 1 26 18 11 26 0 8 18 12 33 12 30 19 18
split_gain=0.451871 0.163498 0.0974571 0.103093 0.0967574 0.064466 0.0670618 0.0231934 0.0225661 0.0210232 0.020145 0.012688 0.0078327 0.00673313 0.000290178
threshold=0.10395128383870046 0.089160256410256419 0.37912662267949365 0.0551951758782201 0.25657378343180637 0.46840619453199672 0.55752500000000016 0.2233951812623817 0.06352782867797814 0.057477183001813474 -0.04341451715347449 0.098670887296479229 17.370000000000001 0.048986777250783688 0.016365254451738979
decision_type=10 2 10 8 10 10 2 10 8 10 10 10 8 8 10
left_child=1 7 10 4 -4 8 -7 13 -3 -9 14 -12 -5 -1 -2
right_child=2 5 3 12 -6 6 -8 9 -10 -11 11 -13 -14 -15 -16
leaf_value=-0.00021735055255475957 0.00042193164148520107 -6.7499062428589681e-05 0 0.00015002953893551512 0.0005441523527046205 0 0.00022535069018326926 0 7.4798606222537675e-05 -0.0001390636146417733 0 -0.00024929346367648538 -7.0486846630799432e-05 -5.4491013324361759e-05 0
leaf_weight=1011.9368601976894 21.551245776470754 1250.5150603600778 88.752578350715339 54.056449075229466 478.6356583898887 685.25006000301801 517.89119549863972 557.95446797274053 205.57913261442445 477.47581751737744 124.00630603171885 47.247497895732522 80.747309693135321 306.67587090772577 7.2241714717820278
leaf_count=6143 216 5347 474 270 2008 3881 2321 2355 1266 2254 579 146 316 3162 90
internal_value=0 -5.34499e-05 0.000297492 0.000377636 0.000462933 1.98785e-05 0.000101272 -0.00014183 -3.84008e-05 -6.84986e-05 0 -4.35106e-05 0 -0.000189436 0.000363479
internal_weight=5915.5 5013.28 902.221 702.192 567.388 2659.24 1203.14 2354.04 1456.09 1035.43 200.029 171.254 134.804 1318.61 28.7754
internal_count=30828 26729 4099 3068 2482 12815 6202 13914 6613 4609 1031 725 586 9305 306
is_linear=0
shrinkage=0.01444


Tree=68
num_leaves=16
num_cat=0
split_feature=22 1 22 34 13 23 17 0 17 10 10 31 18 23 23
split_gain=0.459473 0.147179 0.062582 0.060898 0.100141 0.0862155 0.0285964 0.0475439 0.0144511 0.0192399 0.0156124 0.0142869 0.0202821 0.0115314 0.00849256
threshold=0.063237138395307424 0.1185960591133005 0.046820090451900179 0.026045200945584161 1.5996456281422577 0.079256480171131335 1.0940558504898932 0.51485000000000014 1.2017995962665993 0.24027280621476102 0.32945417800255861 0.53000000000000214 -0.00090884451277456469 0.038279259689676111 0.084002953143591894
decision_type=10 2 10 10 8 10 10 2 8 10 10 8 10 10 10
left_child=2 11 8 4 -3 -5 13 -8 10 -10 -1 12 -2 -4 -13
right_child=1 3 6 5 -6 -7 7 -9 9 -11 -12 14 -14 -15 -16
leaf_value=-0.00020263422721118393 0 0.00011099975476132412 0 -0.00015540972366058441 0.00044466285077893446 0.00026203029118453938 0 0.00031612315183500927 -0.00012536638159965028 0 -3.666202026274318e-05 -7.7296156623520333e-05 0.00017017077192053168 -9.7867548862012416e-05 0
leaf_weight=1311.4287515976466 118.99296408519149 464.31101468577981 107.71471350546926 163.45433929562569 586.25832622498274 216.33521941117942 352.72320458292961 120.72379087470472 404.34746428905055 296.94664395973086 357.50549077056348 396.61976457480341 227.56288575008512 648.47275733435526 142.10235081426799
leaf_count=7487 734 1807 572 388 2951 496 1744 636 3252 1552 1807 1936 1324 3164 978
internal_value=0 0.000158739 -0.000101977 0.000249469 0.000309788 4.79889e-05 -6.72943e-06 6.82272e-05 -0.000145855 -5.78889e-05 -0.000174946 0 8.27488e-05 -7.09743e-05 -3.34166e-05
internal_weight=5915.5 2315.64 3599.86 1430.36 1050.57 379.79 1229.63 473.447 2370.23 701.294 1668.93 885.278 346.556 756.187 538.722
internal_count=30828 10614 20214 5642 4758 884 6116 2380 14098 4804 9294 4972 2058 3736 2914
is_linear=0
shrinkage=0.01444


Tree=69
num_leaves=15
num_cat=0
split_feature=22 1 22 28 27 18 30 9 20 5 25 23 27 20
split_gain=0.446819 0.143069 0.0610462 0.0587338 0.065745 0.0319841 0.0273426 0.0367591 0.0128091 0.0374192 0.0148741 0.0113203 0.0133577 0.00819459
threshold=0.063237138395307424 0.1185960591133005 0.031652493050630823 -0.018499999999999985 0.098302749079358195 0.025867042570492885 20.835000000000004 0.2135128107132547 0.09308829050749591 0.20843529275723835 0.91214900150753797 0.030871961928816864 0.99969412972945426 0.052107749015397505
decision_type=10 2 8 8 8 10 10 10 10 8 10 10 8 10
left_child=2 8 11 5 -5 -3 7 -4 10 -10 -2 12 -1 -8
right_child=1 3 6 4 -6 -7 13 -9 9 -11 -12 -13 -14 -15
leaf_value=-0.0002120720682680173 3.9401372254417623e-07 0.00016493047661620138 -0.00011220487438687406 0 0.00035021366163047457 -9.8413106776205304e-05 -0.00023213585415429955 9.8017170543358891e-06 0 0.00027870705990135677 -0.00012690281212945578 0 0 0
leaf_weight=1056.1630217540078 437.77223555976525 212.50785502325743 699.49220347311348 182.19216726301238 914.62147041643038 121.03740691486746 238.47705599665642 1392.3469521263614 107.67411307385191 130.73391435435042 209.09770223638043 65.786379672586918 20.703055340796709 126.89414855092764
leaf_count=5999 2094 912 5526 776 3406 548 1236 6423 684 829 1365 376 120 534
internal_value=0 0.000156548 -0.000100554 0.000246003 0.000299657 3.01807e-05 -5.24195e-05 -2.47587e-05 0 0.000100131 -2.06078e-05 -0.000192538 -0.000203777 -0.000174731
internal_weight=5915.5 2315.64 3599.86 1430.36 1096.81 333.545 2457.21 2091.84 885.278 238.408 646.87 1142.65 1076.87 365.371
internal_count=30828 10614 20214 5642 4182 1460 13719 11949 4972 1513 3459 6495 6119 1770
is_linear=0
shrinkage=0.01444


Tree=70
num_leaves=16
num_cat=0
split_feature=22 26 11 15 22 33 22 18 27 28 26 26 35 11 27
split_gain=0.434447 0.145016 0.122555 0.120313 0.0597924 0.0578481 0.0462453 0.0398725 0.0339479 0.0315797 0.0251892 0.0221781 0.0149508 0.0110594 0.00949736
threshold=0.063237138395307424 0.47817185199232531 0.33625314437403359 1.5572678738677674 0.046820090451900179 0.051361858573103499 0.066129326985951489 0.0030276587868209863 0.35325332869538345 0.068550000000000014 0.39966874423211723 0.44265030163223823 5.1195493431859385 0.25657378343180637 0.97291879549105864
decision_type=10 10 10 10 10 8 10 8 8 8 10 10 2 8 8
left_child=4 5 6 -4 11 8 -3 -7 -2 12 -11 14 -6 -13 -1
right_child=1 2 3 -5 9 7 -8 -9 -10 10 -12 13 -14 -15 -16
leaf_value=-0.0001783900923841088 -0.00017274789029670762 0.00054161272787707417 0.00019324296991885974 0.00061409271044941978 0 0 0 0.00025934942555604263 4.4701343777238696e-05 0 0.0004604628157159365 -0.0001132900193406972 -0.00010932162503031592 0 0
leaf_weight=1675.7245519948192 359.46416366565973 34.955692764371634 533.59202708909288 305.1160767483525 744.30730442935601 260.38303816877306 452.93151440983638 245.1077617588453 124.08659023698419 45.928682257421315 48.086078323423862 264.6152148921974 391.31240128725767 390.57902645971626 39.309557270258665
leaf_count=8477 1118 225 2098 1156 4021 1384 2608 1498 527 277 252 2743 1566 2662 216
internal_value=0 0.000154344 0.000253598 0.000362249 -9.91738e-05 7.91766e-06 3.98203e-05 0.000127372 -8.99184e-05 -5.8614e-06 0.000231338 -0.000142048 -3.7124e-05 -4.09077e-05 -0.00017303
internal_weight=5915.5 2315.64 1326.6 838.708 3599.86 989.042 487.887 505.491 483.551 1229.63 94.0148 2370.23 1135.62 655.194 1715.03
internal_count=30828 10614 6087 3254 20214 4527 2833 2882 1645 6116 529 14098 5587 5405 8693
is_linear=0
shrinkage=0.01444


Tree=71
num_leaves=16
num_cat=0
split_feature=22 26 30 10 22 33 23 27 28 12 10 26 10 30 20
split_gain=0.422959 0.140934 0.107542 0.112507 0.058118 0.0560446 0.0552448 0.0331364 0.0306735 0.0259819 0.0256015 0.0213854 0.0144825 0.0143526 0.0106515
threshold=0.063237138395307424 0.47817185199232531 20.115000000000006 0.23283826751099265 0.046820090451900179 0.051361858573103499 0.079902914458421473 0.35325332869538345 0.068550000000000014 0.038386596942690275 0.216250254357053 0.42044830188276222 0.23637691387818935 16.345000000000002 0.056097844988092151
decision_type=10 10 8 10 10 8 10 8 8 10 10 10 8 8 10
left_child=4 5 3 -3 11 7 -4 -2 13 -7 -10 14 -13 -6 -1
right_child=1 2 6 -5 8 9 -8 -9 10 -11 -12 12 -14 -15 -16
leaf_value=-0.00018062719838809297 -0.00017025726787561724 0 -9.7068520929613397e-05 0.00041581677051634561 2.3282224355209414e-05 0.00026261238824253498 0.00020952401793250148 4.4058742488323853e-05 0 0 0.00041822163577237656 -0.00013308767094663866 0 -7.1321532173108522e-05 0
leaf_weight=1581.1318021323532 359.46416366565973 144.7189248171635 213.59257243666798 743.05769736506045 278.72268694918603 193.67695128032938 225.22611639276147 124.08659023698419 35.954658159054816 311.81384864728898 58.060102421790361 258.73243445437402 465.36543618794531 856.89701876742765 64.998677842319012
leaf_count=8079 1118 1036 912 3341 1900 1254 798 527 232 1628 297 2663 3164 3687 192
internal_value=0 0.000152371 0.000250232 0.000343988 -9.77719e-05 7.81525e-06 3.05634e-05 -8.82316e-05 -5.61916e-06 0.000125558 0.000227957 -0.000140045 -4.65879e-05 -3.65803e-05 -0.000173175
internal_weight=5915.5 2315.64 1326.6 887.777 3599.86 989.042 438.819 483.551 1229.63 505.491 94.0148 2370.23 724.098 1135.62 1646.13
internal_count=30828 10614 6087 4377 20214 4527 1710 1645 6116 2882 529 14098 5827 5587 8271
is_linear=0
shrinkage=0.01444


Tree=72
num_leaves=15
num_cat=0
split_feature=1 23 30 18 18 34 8 38 27 17 17 35 27 12
split_gain=0.34679 0.176934 0.0964543 0.109956 0.053734 0.0484407 0.0376821 0.0309608 0.0298817 0.0222415 0.0152 0.0138057 0.0104494 0.00944567
threshold=0.095571895424836614 0.080799567082627935 19.815000000000001 0.047914366268189686 0.042437580055617825 -0.03806563266013379 0.2233951812623817 4.5000000000000009 0.40066079355211642 1.3008278864071758 1.7262829720961059 5.7188347252648075 0.97291879549105864 0.053011686041343521
decision_type=2 10 10 10 10 8 10 2 8 10 10 2 8 10
left_child=6 2 3 -2 5 -3 10 -4 13 -6 12 -10 -1 -8
right_child=1 4 7 -5 9 -7 8 -9 11 -11 -12 -13 -14 -15
leaf_value=-0.00018895555010412266 3.1376325146329998e-05 0 -0.00019021006939646368 0.00039455219259769089 -9.096707909173209e-05 0.00036691687823250371 4.6410222273177543e-05 0 -0.00016786520759149814 0.00028551041633834341 0 0 0 -5.2843799773343704e-05
leaf_weight=1372.6814688954037 1448.0913695089985 118.50317861977965 428.31843282282352 218.57524896133691 107.24151733983308 668.69648260017857 477.72310636844486 153.94105686852708 429.9856333178468 45.393043301068246 46.25908002210781 56.242076260969043 8.0078164692968112 335.84017039975151
leaf_count=9655 7114 1234 1222 973 522 2217 2001 1306 2389 235 394 276 76 1214
internal_value=0 0.000102431 2.63362e-05 8.69728e-05 0.000270474 0.000318675 -0.000119348 -0.000124687 -4.82136e-05 0 -0.00017493 -0.000137874 -0.000184173 0
internal_weight=5915.5 3188.76 2248.93 1666.67 939.834 787.2 2726.74 582.259 1299.79 152.635 1426.95 486.228 1380.69 813.563
internal_count=30828 14823 10615 8087 4208 3451 16005 2528 5880 757 10125 2665 9731 3215
is_linear=0
shrinkage=0.01444


Tree=73
num_leaves=15
num_cat=0
split_feature=20 9 30 5 26 26 27 10 20 9 16 24 35 5
split_gain=0.38195 0.163128 0.103245 0.124636 0.0941237 0.0841437 0.132538 0.0651954 0.061978 0.0414522 0.0358209 0.0286646 0.00059934 0.000505678
threshold=0.09617676875823257 0.29639959757329831 20.115000000000006 0.13586008333810282 0.92453036296275382 0.50285312320615605 0.12517468103041349 0.22948583034843381 0.051571230996888047 0.18588624619202479 0.98676286609349828 9.5000000000000018 2.3504206048856529 0.2185902170467357
decision_type=10 10 10 10 10 8 8 10 10 8 10 2 2 10
left_child=1 9 3 -3 5 7 -7 -2 -4 12 13 -11 -1 -6
right_child=4 2 8 -5 10 6 -8 -9 -10 11 -12 -13 -14 -15
leaf_value=0 0.00055233396785427514 -2.5295333518920859e-05 -0.00022913421028491853 0.00026057214820120823 0 0 0.00055109697605677159 0 3.8085901921407783e-05 -0.00017166139766543786 -0.00040517108011875876 -4.0347516859661771e-05 -0.00022233964217081384 8.56776507431682e-05
leaf_weight=6.1637992598116389 47.449769334401935 431.83834103308618 316.09304223116487 723.52776151988655 8.4921405129134673 123.36215642280877 428.93206117395312 236.81483041401953 271.71346232108772 596.28561183484271 50.111541461199522 1972.7095741331577 688.19802369223908 13.80756641179323
leaf_count=80 356 1606 1510 3299 70 588 1767 1084 1090 9611 176 4167 5316 108
internal_value=0 -4.9178e-05 5.87603e-05 0.000142438 0.000272488 0.000321097 0.00043122 6.07533e-05 -8.34428e-05 -0.000110846 -0.000107847 -7.59518e-05 -0.000220945 0
internal_weight=5915.5 5006.53 1743.17 1155.37 908.97 836.559 552.294 284.265 587.807 3263.36 72.4112 2569 694.362 22.2997
internal_count=30828 26679 7505 4905 4149 3795 2355 1440 2600 19174 354 13778 5396 178
is_linear=0
shrinkage=0.01444


Tree=74
num_leaves=16
num_cat=0
split_feature=22 0 11 15 19 12 18 10 15 7 35 34 10 12 18
split_gain=0.393364 0.129749 0.0754393 0.119037 0.0560355 0.0333251 0.0432133 0.0252954 0.0212542 0.0275126 0.0168103 0.0152147 0.0142569 0.0133898 0.0115154
threshold=0.063237138395307424 0.51222500000000015 0.33388764977272695 1.5572678738677674 0.047354635184692122 0.048423565870157441 0.0020909617549651487 0.3144005802857826 1.3989303541094695 0.20313866146966741 5.9185705216328248 -0.023889934171871571 0.34717700050908989 0.046853319405468878 -0.058060756675740281
decision_type=10 2 8 10 10 8 10 8 10 10 2 8 8 10 8
left_child=4 5 13 -4 7 6 -2 10 11 -10 -1 -6 -9 -3 -7
right_child=1 2 3 -5 8 14 -8 12 9 -11 -12 -13 -14 -15 -16
leaf_value=-0.00017757238118778961 0 0.00011462351523950868 0.00013018334006376805 0.00046715789893994413 0 0 0.000269836415805304 3.5794116814761433e-05 -4.5653348178878095e-05 0.0001359244002466384 0 -0.00012195234599262702 -8.1703275276294178e-05 -2.659100592855641e-05 -0.00012826719098346388
leaf_weight=1634.798306722194 180.52934432169423 207.63142451969907 675.27679292159155 485.74041294259951 170.96552255749702 30.754219469148666 166.2334192940034 174.40672756545246 181.40442883083597 374.5992199992761 118.2194097628817 404.93143345788121 540.53776801843196 192.20417239842936 377.26707897474989
leaf_count=9127 1184 1213 2458 1870 1207 136 1144 799 1355 1933 686 1392 3715 838 1771
internal_value=0 0.000147008 0.000222227 0.000282591 -9.42248e-05 0 9.49872e-05 -0.000132976 0 5.31744e-05 -0.000165552 -7.04135e-05 -3.47387e-05 1.41026e-05 -9.66298e-05
internal_weight=5915.5 2315.64 1560.85 1161.02 3599.86 754.784 346.763 2467.96 1131.9 556.004 1753.02 575.897 714.944 399.836 408.021
internal_count=30828 10614 6379 4328 20214 4235 2328 14327 5887 3288 9813 2599 4514 2051 1907
is_linear=0
shrinkage=0.01444


Tree=75
num_leaves=16
num_cat=0
split_feature=19 1 17 26 26 26 0 17 23 33 10 10 12 15 34
split_gain=0.379067 0.136514 0.0985708 0.0633855 0.056066 0.0553744 0.0589497 0.032148 0.0191249 0.0179726 0.0134317 0.0132181 0.0125118 0.00648659 0.00411394
threshold=0.10395128383870046 0.089160256410256419 0.7288838889345588 0.37593263087608786 0.88496734072190331 0.46840619453199672 0.55752500000000016 1.1971226819323855 0.023392045249757135 0.017773242667485926 0.32326111230808652 0.55775179474341086 0.028045531792925908 1.5427768770149826 0.0060563578888678258
decision_type=10 2 8 8 10 10 2 8 8 8 10 10 8 8 10
left_child=1 8 9 13 -5 7 -7 -3 10 14 -1 -11 -10 -4 -2
right_child=2 5 3 4 -6 6 -8 -9 12 11 -12 -13 -14 -15 -16
leaf_value=-0.00023194285544034062 0.0001618099782251956 -8.5068741726334587e-05 -7.2447787613029517e-05 0.00044722869524111271 0 0 0.00020979241225359605 5.1402724978379393e-05 -0.00017511444789126756 -0.0003572690882962991 0 0 -5.0520804182546581e-05 0.00011995474098312135 0
leaf_weight=614.10361783532426 32.609461576677859 1025.9997112271376 54.007415042258799 561.96997073478997 89.573058472946286 685.25006000301801 517.89119549863972 430.09448174736463 412.17185422033072 50.606680197641253 56.696211886126548 16.766166128218174 1271.0713326537516 73.537877390626818 23.150587141513824
leaf_count=3223 154 4344 244 2429 480 3881 2321 2269 3171 218 324 34 7196 438 102
internal_value=0 -4.88214e-05 0.000272607 0.000335211 0.000393207 1.7811e-05 9.35157e-05 -3.57672e-05 -0.000129639 -1.73849e-05 -0.000212327 -0.000235718 -8.88522e-05 0 1.36882e-05
internal_weight=5915.5 5013.28 902.221 779.088 651.543 2659.24 1203.14 1456.09 2354.04 123.133 670.8 67.3728 1683.24 127.545 55.76
internal_count=30828 26729 4099 3591 2909 12815 6202 6613 13914 508 3547 252 10367 682 256
is_linear=0
shrinkage=0.01444


Tree=76
num_leaves=15
num_cat=0
split_feature=20 9 13 26 30 26 27 15 28 26 7 20 34 7
split_gain=0.355142 0.152091 0.154995 0.0899096 0.0832046 0.0800207 0.128373 0.0454275 0.0453704 0.039912 0.0242254 0.0181749 0.015984 0.00191042
threshold=0.09617676875823257 0.29639959757329831 1.6310514805902907 0.92453036296275382 19.565000000000001 0.50285312320615605 0.12517468103041349 1.5364407639345055 -0.034249999999999996 0.42317325232094211 0.21145063209474099 0.025087772167359471 -0.031130045819978577 0.40760224221657121
decision_type=10 10 10 10 10 8 8 8 10 10 8 10 10 10
left_child=1 9 8 5 -4 7 -7 -2 -3 11 -11 -1 -5 -14
right_child=3 2 4 12 -6 6 -8 -9 -10 10 -12 -13 13 -15
leaf_value=-0.00021366097733443456 -9.2559799017359186e-05 -0.00020105130823908139 0.00038022489472181028 0 0 0 0.00053567917384308712 0.00023545626173793741 8.0813614100144214e-06 -0.0001188917582072181 7.6219010987963552e-06 -9.1121168584309473e-05 0 -0.00040689082911348661
leaf_weight=840.18815514957532 116.13382366299629 249.75308453664184 376.62302923481911 22.013210728764534 159.34999565267935 123.36215642280877 428.93206117395312 168.13077608542517 957.44649768108502 405.93076073005795 764.0371088902466 1253.2009841501713 23.322899252176285 27.075138404965401
leaf_count=4605 516 1207 1990 218 769 588 1767 924 3539 4124 4568 5877 74 62
internal_value=0 -4.74774e-05 5.65769e-05 0.000262695 0.000263243 0.000310428 0.000417738 5.55671e-05 -2.44189e-05 -0.000107071 -2.5125e-05 -0.000146598 -0.000107514 -0.00028629
internal_weight=5915.5 5006.53 1743.17 908.97 535.973 836.559 552.294 284.265 1207.2 3263.36 1169.97 2093.39 72.4112 50.398
internal_count=30828 26679 7505 4149 2759 3795 2355 1440 4746 19174 8692 10482 354 136
is_linear=0
shrinkage=0.01444


Tree=77
num_leaves=16
num_cat=0
split_feature=22 26 28 27 1 27 22 28 9 28 26 30 30 11 9
split_gain=0.364213 0.130701 0.145992 0.116069 0.0684271 0.0600976 0.0514961 0.0262761 0.0258494 0.0228929 0.0197678 0.018612 0.0148715 0.00927895 0.00922829
threshold=0.062739644785336807 0.6579948625170905 0.013499999999999986 0.10132941076116296 0.14005102040816331 0.3225942326914007 0.046820090451900179 0.068550000000000014 0.25230691001313871 0.0073499999999999963 0.44265030163223823 19.775000000000002 20.835000000000004 0.25657378343180637 0.40479534494375474
decision_type=10 10 10 10 2 8 10 8 10 8 10 8 10 8 10
left_child=6 4 11 -4 9 -6 10 12 -9 -2 14 -3 -8 -12 -1
right_child=1 2 3 -5 5 -7 7 8 -10 -11 13 -13 -14 -15 -16
leaf_value=-0.0001660392049282596 5.6191220064415148e-05 0.00015875375274256669 0 0.00061499762771194833 3.3290956769186022e-05 0.00038404565980305113 0 0 0.00042966365492731133 -7.6110552179952087e-05 -0.00010111679872476138 -3.9233128527057671e-05 -0.0001493239611252766 0 0
leaf_weight=1662.4426626567729 594.78670864598826 150.06241422984749 48.298216098919511 319.49406577926129 367.88326752698049 224.62597195338458 929.65421523572877 37.788286399096251 51.934457101859152 498.97589057311416 264.6152148921974 129.88386694714427 191.88397064805031 390.57902645971626 52.591446608304977
leaf_count=8437 3009 974 256 1604 1350 839 4671 250 257 2218 2743 480 822 2662 256
internal_value=0 0.00014051 0.000320331 0.000512763 6.35929e-05 0.000188574 -9.12891e-05 -3.09274e-06 0.000218254 0 -0.000130827 2.03306e-05 -3.25664e-05 -3.44112e-05 -0.000160007
internal_weight=5915.5 2334.01 647.739 367.792 1686.27 592.509 3581.49 1211.26 89.7227 1093.76 2370.23 279.946 1121.54 655.194 1715.03
internal_count=30828 10730 3314 1860 7416 2189 20098 6000 507 5227 14098 1454 5493 5405 8693
is_linear=0
shrinkage=0.01444


Tree=78
num_leaves=15
num_cat=0
split_feature=19 8 17 32 9 27 14 19 33 11 17 19 34 32
split_gain=0.35187 0.121731 0.0949508 0.0698662 0.062451 0.0614853 0.0614692 0.0481452 0.0179787 0.0152571 0.0136877 0.0111052 0.00370375 4.48337e-05
threshold=0.10395128383870046 0.22871272789544542 0.7288838889345588 0.86741424802110834 0.32689277023708957 0.048753532397178646 1.4582417165691399 0.066247300957458802 0.017773242667485926 0.55481737141633525 1.7007213609953944 0.067482622267422923 0.0060563578888678258 0.68667546174142491
decision_type=10 8 8 8 10 8 8 10 8 10 10 8 10 8
left_child=1 10 8 4 -3 13 -7 -5 12 -10 11 -1 -2 -4
right_child=2 3 5 7 -6 6 -8 -9 9 -11 -12 -13 -14 -15
leaf_value=-0.00017378934610427112 0.00015276356658449854 -2.4297561357243629e-06 0 -0.0001679222104938116 0.0001438400910646968 3.0889441731530328e-06 0.00044639792407339659 2.5253503424095691e-05 -0.0003779392366291536 0 0 0 0 -1.3836457463323576e-05
leaf_weight=1378.9542338270694 32.609461576677859 1589.7853894098662 47.450016259215772 705.93623315775767 846.63148027379066 143.78492472413927 539.57952903630212 265.22948944289237 48.354393662884831 19.018452662974596 77.892153210472316 148.84948574984446 23.150587141513824 48.273851620964706
leaf_count=9080 154 7009 310 4194 3481 652 2441 1084 196 56 554 1327 102 188
internal_value=0 -4.70788e-05 0.000262605 0 4.3047e-05 0.000324303 0.000372342 -0.000101709 -2.164e-05 -0.000236674 -0.000150734 -0.000160456 5.49516e-06 0
internal_weight=5915.5 5013.28 902.221 3407.58 2436.42 779.088 683.364 971.166 123.133 67.3728 1605.7 1527.8 55.76 95.7239
internal_count=30828 26729 4099 15768 10490 3591 3093 5278 508 252 10961 10407 256 498
is_linear=0
shrinkage=0.01444


Tree=79
num_leaves=16
num_cat=0
split_feature=22 26 33 28 1 28 19 26 33 15 7 17 33 30 11
split_gain=0.345874 0.125479 0.14964 0.115983 0.0656961 0.0694927 0.0506567 0.025973 0.0249739 0.0198677 0.0270188 0.0194782 0.0128911 0.0115631 0.00595373
threshold=0.062739644785336807 0.6579948625170905 0.0097496891585894269 -0.031249999999999997 0.12312966417910449 0.015999999999999976 0.047354635184692122 0.44265030163223823 0.010251370165634157 1.3989303541094695 0.20313866146966741 1.2567791774415455 0.089890586346965687 16.305000000000003 0.44402037765013475
decision_type=10 10 10 10 2 10 10 10 8 10 10 8 10 8 8
left_child=6 4 14 -4 13 -6 7 11 -9 12 -11 -1 -8 -2 -3
right_child=1 2 3 -5 5 -7 9 8 -10 10 -12 -13 -14 -15 -16
leaf_value=-0.00019103555161382969 6.4422997000372045e-05 7.9813989804384766e-05 -2.2935236418645599e-05 0.00054539379806380441 0.00025638631787039612 0 -0.0001030386995583581 -0.00016933158159710221 4.3051434512627985e-07 -4.3392040849921943e-05 0.00013654935258693371 -3.3929041327842332e-05 0 -5.2847077777718081e-05 -7.4416316740571122e-05
leaf_weight=1294.4496660702862 164.05970550328493 93.901183086447418 39.536282252520323 399.34021740593016 522.25662140129134 316.2539221746847 495.02893553767353 202.20698309876025 525.43094600690529 180.10964311892167 367.49667853396386 441.15622191317379 75.610205722041428 683.70158962020651 114.96088031027466
leaf_count=6065 1529 484 182 2140 2028 1176 2003 1437 4082 1333 1899 2723 556 2683 508
internal_value=0 0.000136946 0.00031318 0.000464441 6.14088e-05 0.000153911 -8.89414e-05 -0.000125651 -2.88616e-05 0 5.35005e-05 -0.000158666 -6.71248e-05 -1.46938e-05 0
internal_weight=5915.5 2334.01 647.739 438.876 1686.27 838.511 3581.49 2463.24 727.638 1118.25 547.606 1735.61 570.639 847.761 208.862
internal_count=30828 10730 3314 2322 7416 3204 20098 14307 5519 5791 3232 8788 2559 4212 992
is_linear=0
shrinkage=0.01444


Tree=80
num_leaves=16
num_cat=0
split_feature=22 0 11 15 19 9 15 9 18 34 18 11 2 35 33
split_gain=0.336044 0.115879 0.0716628 0.114196 0.0494993 0.024828 0.0196676 0.030282 0.0146084 0.0144854 0.0111357 0.0243961 0.0156055 0.00689816 0.00662566
threshold=0.063237138395307424 0.51222500000000015 0.33388764977272695 1.5572678738677674 0.047354635184692122 0.40479534494375474 1.3989303541094695 0.29487422631058152 0.047914366268189686 -0.023889934171871571 0.0054786003625769695 0.26747055561091782 0.15129738790256966 4.2639466700478232 0.051517802760290173
decision_type=10 2 8 10 10 8 10 10 10 8 10 10 2 2 10
left_child=4 10 14 -4 5 8 9 -8 -1 -6 12 -12 -2 -7 -3
right_child=1 2 3 -5 6 13 7 -9 -10 -11 11 -13 -14 -15 -16
leaf_value=-0.00015071585359424658 -0.00013742623291490981 -5.536140407155212e-06 0.0001162643840265184 0.00044546704698168255 0 8.1289214487217091e-05 0 0.00022804841148671385 0 -0.00011713319023862666 0.00021942582019848439 0 0 -7.3258888187836845e-05 8.6069439482103994e-05
leaf_weight=2019.4683824926615 253.63631571969017 213.70279674511403 675.27679292159155 485.74041294259951 170.96552255749702 139.92102628783323 405.18974283756688 150.81390599254519 214.08461567247286 404.93143345788121 121.19648215500638 228.20160228200257 151.74966190289706 94.488187615992501 186.1328001730144
leaf_count=11122 1586 979 2458 1870 1207 1196 2562 726 1077 1392 840 1097 712 932 1072
internal_value=0 0.000135822 0.000206978 0.000265412 -8.71429e-05 -0.00012352 0 5.29084e-05 -0.000138474 -6.64186e-05 0 4.70657e-05 -6.17268e-05 0 4.47342e-06
internal_weight=5915.5 2315.64 1560.85 1161.02 3599.86 2467.96 1131.9 556.004 2233.55 575.897 754.784 349.398 405.386 234.409 399.836
internal_count=30828 10614 6379 4328 20214 14327 5887 3288 12199 2599 4235 1937 2298 2128 2051
is_linear=0
shrinkage=0.01444


Tree=81
num_leaves=16
num_cat=0
split_feature=19 22 17 28 19 27 13 2 26 33 19 7 7 34 30
split_gain=0.32776 0.13175 0.0915844 0.08636 0.118776 0.0593133 0.0832189 0.0444144 0.0186619 0.0181317 0.0127397 0.00849691 0.00837058 0.00338612 7.84573e-05
threshold=0.10395128383870046 0.046820090451900179 0.7288838889345588 0.066499999999999962 0.063706118526249134 0.048753532397178646 1.5417657792267809 0.1748616566971645 0.44265030163223823 0.017773242667485926 0.048747094129625919 0.49708889146928287 0.21428951249811054 0.0060563578888678258 17.805000000000003
decision_type=10 10 8 10 10 8 8 2 10 8 10 10 8 10 8
left_child=1 8 9 7 -5 14 -7 -3 10 13 -1 -11 -10 -2 -4
right_child=2 3 5 4 -6 6 -8 -9 12 11 -12 -13 -14 -15 -16
leaf_value=-0.0001663306497615674 0.00014590572755796114 -3.7307970970793894e-05 0 0.0007441766842506205 0 4.0848337365598862e-05 0.00047124396067865792 0.0001067447657013059 -0.00010359898223320947 -0.0003283787559125868 0 0 0 0 -1.8303710491817158e-05
leaf_weight=1541.1220590998419 32.609461576677859 1863.1021442208439 47.450016259215772 78.681733672507107 116.71334445662796 204.85564719885588 478.50880656158552 584.55289210472256 218.82994266971946 51.6692421939224 173.912050165236 15.703604131937025 436.3642986821942 23.150587141513824 48.273851620964706
leaf_count=8125 154 9369 310 336 598 780 2313 2328 2407 222 568 30 2998 102 188
internal_value=0 -4.5435e-05 0.000253451 2.04759e-05 0.000312334 0.000314285 0.000361501 0 -0.000124442 -2.53041e-05 -0.000152686 -0.000238375 -3.04808e-05 0 0
internal_weight=5915.5 5013.28 902.221 2643.05 195.395 779.088 683.364 2447.66 2370.23 123.133 1715.03 67.3728 655.194 55.76 95.7239
internal_count=30828 26729 4099 12631 934 3591 3093 11697 14098 508 8693 252 5405 256 498
is_linear=0
shrinkage=0.01444


Tree=82
num_leaves=16
num_cat=0
split_feature=19 22 5 28 18 26 30 2 12 35 27 26 19 10 26
split_gain=0.318642 0.128251 0.111108 0.0839894 0.115622 0.0758839 0.0890011 0.043142 0.023481 0.0751405 0.0299537 0.0179604 0.0122596 0.00963872 0.00197773
threshold=0.10395128383870046 0.046820090451900179 0.17574011266013317 0.066499999999999962 0.088904589167032047 0.36814798414756061 19.815000000000001 0.1748616566971645 0.046853319405468878 3.6546761244068082 0.64730052109520164 0.44265030163223823 0.048747094129625919 0.23637691387818935 0.29444317845525037
decision_type=10 10 8 10 10 10 8 2 10 2 10 10 10 8 8
left_child=1 11 8 7 -5 14 -7 -3 9 -2 -10 12 -1 -13 -4
right_child=2 3 5 4 -6 6 -8 -9 10 -11 -12 13 -14 -15 -16
leaf_value=-0.00016392970620929555 0.00091142209946895234 -3.6769405289334259e-05 8.2223793124045988e-05 0.00012353920356058219 0.001603366328585668 0.00055016019075877017 2.6466855760906203e-05 0.00010520483544774002 -0.00019413360428287274 0 0.00020418860283740801 -0.00010396467672631054 0 0 -3.2435752847266926e-05
leaf_weight=1541.1220590998419 22.670705980621278 1863.1021442208439 50.101797109469771 180.41620260197669 14.978875527158378 375.52199207153171 149.88725035265088 584.55289210472256 172.8852975089103 42.361857960931957 22.912926658522338 239.92218133574352 173.912050165236 415.27206001617014 65.879389042034745
leaf_count=8125 138 9369 256 888 46 1742 610 2328 708 206 92 2515 568 2890 347
internal_value=0 -4.47797e-05 0.00024992 2.01949e-05 0.000308019 0.000352033 0.000425838 0 0 0.000235147 -8.04043e-05 -0.000122743 -0.000150528 -2.99815e-05 0
internal_weight=5915.5 5013.28 902.221 2643.05 195.395 641.39 525.409 2447.66 260.831 65.0326 195.798 2370.23 1715.03 655.194 115.981
internal_count=30828 26729 4099 12631 934 2955 2352 11697 1144 344 800 14098 8693 5405 603
is_linear=0
shrinkage=0.01444


Tree=83
num_leaves=16
num_cat=0
split_feature=22 26 11 15 22 33 18 12 33 30 9 35 26 18 35
split_gain=0.310727 0.119838 0.116612 0.113323 0.0462441 0.0427294 0.035265 0.0302233 0.0275627 0.0266006 0.0282542 0.0125288 0.00854906 0.00670169 0.00595197
threshold=0.063237138395307424 0.46840619453199672 0.33625314437403359 1.5572678738677674 0.031652493050630823 0.051127597948578136 0.0050568270819674197 0.046853319405468878 0.011057711898717406 20.835000000000004 0.2135128107132547 3.401364020557216 0.85568335430538667 -0.036497287711928054 5.7974845657717173
decision_type=10 10 10 10 8 8 8 8 10 10 10 2 8 10 2
left_child=4 5 7 -4 11 8 -7 -3 -2 10 -6 13 -11 -1 -13
right_child=1 2 3 -5 9 6 -8 -9 -10 12 -12 14 -14 -15 -16
leaf_value=6.7953686708149415e-05 1.2905400038515444e-05 0.00014340734534103693 0.00016136878480058859 0.00056369646085890077 -9.2243945370466362e-05 0 0.0002284961180201055 -6.7584658217321368e-05 -0.00016683680740717024 -0.00018149969626383747 1.5826671809702656e-05 -0.00020159739790653392 0 -8.5838237018374505e-05 0
leaf_weight=45.78714653942734 128.14709539990872 256.85774687072262 544.33755823271349 308.56958380294964 699.49220347311348 253.37671199813485 237.06538689276204 243.58066468592733 343.70211695879698 334.72226586192846 1392.3469521263614 849.98242679890245 30.648938685655594 160.05137311993167 86.831510309129953
leaf_count=266 707 1777 2142 1170 5526 1376 1418 1144 880 1558 6423 4593 212 1212 424
internal_value=0 0.000130738 0.000218397 0.000322536 -8.36628e-05 0 0.000101447 1.46193e-05 -9.03526e-05 -4.09916e-05 -1.40697e-05 -0.000163909 -0.000159096 0 -0.000188554
internal_weight=5915.5 2315.64 1353.35 852.907 3599.86 962.291 490.442 500.438 471.849 2457.21 2091.84 1142.65 365.371 205.839 936.814
internal_count=30828 10614 6233 3312 20214 4381 2794 2921 1587 13719 11949 6495 1770 1478 5017
is_linear=0
shrinkage=0.01444


Tree=84
num_leaves=15
num_cat=0
split_feature=20 26 26 16 21 2 16 18 16 18 30 38 0 5
split_gain=0.295432 0.107054 0.0870011 0.0810283 0.0850546 0.0647631 0.0654567 0.0379024 0.0373813 0.0354768 0.0254232 0.0189854 0.0177487 0.000141288
threshold=0.09617676875823257 0.44265030163223823 0.92453036296275382 0.88662326084845999 0.070910989234638289 0.17238518835842404 0.95630313067272288 -0.025206016586590881 0.98676286609349828 0.06352782867797814 20.115000000000006 2.5000000000000004 0.68425000000000014 0.2185902170467357
decision_type=10 10 10 8 10 2 8 8 10 10 10 2 2 10
left_child=1 7 3 11 -5 10 -7 12 13 -9 -3 -2 -1 -4
right_child=2 5 8 4 -6 6 -8 9 -10 -11 -12 -13 -14 -15
leaf_value=-3.4634072959774948e-05 -9.9547841150426277e-05 2.0884116971098808e-05 0 0.00012421958531751132 0.00056244514853380739 0.00039651394927762951 1.9793764024935134e-06 -0.00014142304546054733 -0.00042224962260089903 1.4557280395589249e-05 -0.00010596747820723851 0.00013331021939408445 0.00016077220563322746 4.5288064362842995e-05
leaf_weight=390.8825142220594 72.674319695681334 1147.0135146698449 8.4921405129134673 263.84707297151908 314.38394022639841 185.01799520011991 304.95423084660433 2242.3297739564441 50.111541461199522 180.65394725836813 431.22118301223963 185.65348445158452 124.45645685959607 13.80756641179323
leaf_count=1749 262 7983 70 1296 1117 912 1228 10949 176 805 2458 1120 595 108
internal_value=0 -4.32077e-05 0.000239691 0.000287422 0.000385412 3.16566e-05 0.000177927 -0.000100353 -0.000130325 -0.000124391 -5.50893e-06 1.71613e-05 0 0
internal_weight=5915.5 5006.53 908.97 836.559 578.231 2068.21 489.972 2938.32 72.4112 2422.98 1578.23 258.328 515.339 22.2997
internal_count=30828 26679 4149 3795 2413 12581 2140 14098 354 11754 10441 1382 2344 178
is_linear=0
shrinkage=0.01444


Tree=85
num_leaves=16
num_cat=0
split_feature=22 1 28 27 22 30 28 10 0 1 30 17 10 17 10
split_gain=0.29603 0.111746 0.0614835 0.0549094 0.0447569 0.0319313 0.025546 0.0234526 0.0182657 0.0159533 0.0157426 0.0147782 0.0139011 0.0134517 0.0115522
threshold=0.063237138395307424 0.12421854912764006 -0.018499999999999985 0.098302749079358195 0.046820090451900179 16.935000000000006 0.068550000000000014 0.216250254357053 0.69537500000000019 0.084508064516129064 16.170000000000005 1.2017995962665993 0.24027280621476102 0.92378658676006487 0.32945417800255861
decision_type=10 2 8 8 10 10 8 10 2 2 8 8 10 10 10
left_child=4 8 5 -4 11 -3 13 -8 10 -10 -2 14 -13 -6 -1
right_child=1 2 3 -5 6 -7 7 -9 9 -11 -12 12 -14 -15 -16
leaf_value=-0.00016960420358717041 8.4255457952824573e-05 0.00028420539473308638 0 0.00032252085951772828 -9.1017257235999496e-05 -4.4757012495535143e-05 0 0.00039739290781510477 0 0.00020123446392087291 -5.9379191730353519e-05 -9.5970132932714022e-05 5.0769014644734404e-06 0 -2.1924501479932516e-05
leaf_weight=1311.4287515976466 161.74831042066216 76.128005842678249 154.78397340513766 820.05927520431578 453.91843836894259 231.12550694588572 35.954658159054816 58.060102421790361 45.493892287835479 171.37061422085389 654.92728651454672 404.34746428905055 296.94664395973086 681.70126734767109 357.50549077056348
leaf_count=7487 1546 462 678 3055 2239 858 232 297 239 781 2995 3252 1552 3348 1807
internal_value=0 0.000127746 0.000218239 0.000275273 -8.15221e-05 0 0 0.000214878 2.77408e-06 0.000129315 -1.48747e-05 -0.000118445 -3.4562e-05 -2.90689e-05 -0.000145829
internal_weight=5915.5 2315.64 1282.1 974.843 3599.86 307.254 1229.63 94.0148 1033.54 216.865 816.676 2370.23 701.294 1135.62 1668.93
internal_count=30828 10614 5053 3733 20214 1320 6116 529 5561 1020 4541 14098 4804 5587 9294
is_linear=0
shrinkage=0.01444


Tree=86
num_leaves=16
num_cat=0
split_feature=23 8 32 26 26 11 35 31 15 9 23 33 31 26 32
split_gain=0.241018 0.105416 0.133236 0.117889 0.0868772 0.0841852 0.0545182 0.0411885 0.0274892 0.0232331 0.0145766 0.018941 0.0122907 0.00478606 0.00249042
threshold=0.080799567082627935 0.22871272789544542 0.82189973614775735 0.62565966591465105 0.37272609989871214 0.24396196063118999 2.7093817598119521 4.4050000000000011 1.5427768770149826 0.4473126472362195 0.023392045249757135 0.017773242667485926 -2.3000000000000012 0.81144453888136214 0.79881266490765179
decision_type=10 10 10 10 8 10 2 8 8 10 10 10 10 10 8
left_child=1 10 3 -3 7 14 -7 12 -9 -4 13 -12 -2 -1 -6
right_child=4 2 9 -5 5 6 -8 8 -10 -11 11 -13 -14 -15 -16
leaf_value=-0.00021202421313973489 0 1.6545772578838538e-05 -0.00017211832001168281 0.00031795455420172836 -8.5302394854733671e-05 0 0.00037407171828242569 0 0.0006514653970839143 0 0 -0.00012202232774906628 -0.00022547169370559236 0 0
leaf_weight=595.37436179141514 11.773928353562949 1828.0586983044632 740.43999638035893 344.13771466165781 70.80833712592721 104.31292997021228 631.9808008056134 9.5922312736511248 21.730279392562807 144.49978391826153 416.62925855349749 790.50045011285692 147.22930662427098 13.403426599921657 45.028177888132632
leaf_count=4315 96 6970 3260 2248 518 520 2650 44 192 690 2248 5899 732 130 316
internal_value=0 -4.22327e-05 5.48566e-06 7.03917e-05 0.000199622 0.000264356 0.000323563 -2.15519e-05 0.000341911 -0.000138995 -0.000129752 -8.05146e-05 -0.000176138 -0.000205737 0
internal_weight=5915.5 4873.04 3057.14 2172.2 1042.46 852.13 736.294 190.326 31.3225 884.94 1815.91 1207.13 159.003 608.778 115.837
internal_count=30828 25760 13168 9218 5068 4004 3170 1064 236 3950 12592 8147 828 4445 834
is_linear=0
shrinkage=0.01444


Tree=87
num_leaves=16
num_cat=0
split_feature=19 22 17 28 19 18 20 2 19 33 17 10 18 10 34
split_gain=0.28474 0.113862 0.0858178 0.0787141 0.114872 0.0605272 0.0926068 0.0388762 0.019385 0.0185795 0.0143117 0.0132354 0.0130162 0.01254 0.0028118
threshold=0.10395128383870046 0.046820090451900179 0.7288838889345588 0.066499999999999962 0.063706118526249134 0.0551951758782201 0.097870332645339855 0.1748616566971645 0.13096698536137216 0.017773242667485926 1.2017995962665993 0.24027280621476102 0.057777098706278347 0.55775179474341086 0.0060563578888678258
decision_type=10 10 8 10 10 10 10 2 10 8 8 10 10 10 10
left_child=1 10 9 7 -5 6 -4 -3 -7 14 12 -12 -1 -11 -2
right_child=2 3 5 4 -6 8 -8 -9 -10 13 11 -13 -14 -15 -16
leaf_value=-0.00015310866679377907 0.00013295775768945811 -3.5620003194493038e-05 0 0.00072201160862836011 0 0.00018262074796229015 0.00044139558681170288 9.9060136531208028e-05 -0.00017115796150670993 -0.00035981455085007835 -9.3086452356783592e-05 5.2172083557220978e-06 0 0 0
leaf_weight=1562.0329920449294 32.609461576677859 1863.1021442208439 137.68392808735371 78.681733672507107 116.71334445662796 64.857158372178674 513.59608495654538 584.55289210472256 62.951150224544108 50.606680197641253 404.34746428905055 296.94664395973086 106.90125032328069 16.766166128218174 23.150587141513824
leaf_count=8690 154 9369 590 336 598 284 2467 2328 250 218 3252 1552 604 34 102
internal_value=0 -4.21059e-05 0.000236473 1.88729e-05 0.0002976 0.000295854 0.000352212 0 0 -3.30459e-05 -0.000115614 -3.28389e-05 -0.000142533 -0.000242939 0
internal_weight=5915.5 5013.28 902.221 2643.05 195.395 779.088 651.28 2447.66 127.808 123.133 2370.23 701.294 1668.93 67.3728 55.76
internal_count=30828 26729 4099 12631 934 3591 3057 11697 534 508 14098 4804 9294 252 256
is_linear=0
shrinkage=0.01444


Tree=88
num_leaves=15
num_cat=0
split_feature=20 9 15 31 26 16 25 28 16 28 26 38 20 5
split_gain=0.268017 0.119088 0.107399 0.0996596 0.0837392 0.0788385 0.0691248 0.0376387 0.0372235 0.0349611 0.0354188 0.0175148 0.0121431 6.85546e-05
threshold=0.09617676875823257 0.29639959757329831 1.6345593084747654 3.5150000000000001 0.92453036296275382 0.88662326084845999 0.57426784364729344 -0.031949999999999999 0.98676286609349828 0.0041000000000000212 0.30653115340148002 2.5000000000000004 0.055256836587429699 0.2185902170467357
decision_type=10 10 10 10 10 8 10 10 10 10 8 2 8 10
left_child=1 9 7 -4 5 11 -7 -3 13 12 -11 -2 -1 -6
right_child=4 2 3 -5 8 6 -8 -9 -10 10 -12 -13 -14 -15
leaf_value=-0.00016321675077514118 -0.00010412649120935771 -0.00016571833337998773 0.00036653938421454173 -1.8145485500120622e-05 0 0 0.00042894505302186941 2.0252162076094132e-05 -0.00042364291938210268 -0.00015297435012568669 0 0.00012438960537386972 -1.6711174070827962e-05 3.1546321117121974e-05
leaf_weight=1388.9093615999445 72.674319695681334 275.20750059559941 352.71166867949069 132.80247859284282 8.4921405129134673 65.56016240362078 512.67085079429671 982.45095923729241 50.111541461199522 378.73317068116739 1137.0528442896903 185.65348445158452 358.66163234924898 13.80756641179323
leaf_count=7457 262 1354 1868 484 70 176 2237 3799 176 2048 6926 1120 2743 108
internal_value=0 -4.09888e-05 5.05725e-05 0.000234484 0.000228462 0.000275639 0.00037182 -1.00938e-05 -0.000135107 -9.39087e-05 -3.13525e-05 9.44969e-06 -0.000140652 0
internal_weight=5915.5 5006.53 1743.17 485.514 908.97 836.559 578.231 1257.66 72.4112 3263.36 1515.79 258.328 1747.57 22.2997
internal_count=30828 26679 7505 2352 4149 3795 2413 5153 354 19174 8974 1382 10200 178
is_linear=0
shrinkage=0.01444


Tree=89
num_leaves=16
num_cat=0
split_feature=22 0 11 15 22 12 12 32 7 35 23 12 28 10 10
split_gain=0.26722 0.0991802 0.0674298 0.10501 0.0412534 0.0316422 0.0315318 0.0254077 0.02017 0.0125566 0.012439 0.0107528 0.00831498 0.00577519 0.00463103
threshold=0.063237138395307424 0.51222500000000015 0.33388764977272695 1.5572678738677674 0.031652493050630823 0.048423565870157441 0.032392873083715114 0.86741424802110834 0.28810725867918852 3.401364020557216 0.030303419048780981 0.046853319405468878 0.064649999999999999 0.70575970242821673 0.3123743626791417
decision_type=10 2 8 10 8 8 10 10 10 2 10 10 10 10 8
left_child=4 5 11 -4 9 6 -2 8 -6 14 -11 -3 -7 -9 -1
right_child=1 2 3 -5 7 12 -8 13 -10 10 -12 -13 -14 -15 -16
leaf_value=-8.9683066748728007e-05 -2.4877734417039418e-06 9.2268595607154612e-05 0.00010005990169176879 0.00041557318860006929 -4.4185738637695507e-05 -0.00012331460080606662 0.00021140036034091481 -0.00016682738036358252 5.0299403337103036e-05 -0.00019330360994490204 0 -4.9362154458004159e-05 0 0 1.6507736408702609e-05
leaf_weight=116.45406530192122 144.18343239603564 207.63142451969907 675.27679292159155 485.74041294259951 1485.046209607739 382.65736447507516 202.57933121966198 344.59793647378683 606.79294599173591 858.05358780641109 78.760349301621318 192.20417239842936 25.363933968823403 20.773268073797226 89.384454357437789
leaf_count=976 1201 1213 2458 1870 9496 1771 1127 1620 2453 4631 386 838 136 150 502
internal_value=0 0.000121361 0.000187331 0.000243469 -7.74636e-05 0 8.49131e-05 -3.68388e-05 -1.05153e-05 -0.000153314 -0.000177369 0 -0.000100095 -0.000151528 0
internal_weight=5915.5 2315.64 1560.85 1161.02 3599.86 754.784 346.763 2457.21 2091.84 1142.65 936.814 399.836 408.021 365.371 205.839
internal_count=30828 10614 6379 4328 20214 4235 2328 13719 11949 6495 5017 2051 1907 1770 1478
is_linear=0
shrinkage=0.01444


Tree=90
num_leaves=16
num_cat=0
split_feature=19 22 5 28 19 26 31 0 12 8 27 26 27 20 26
split_gain=0.264137 0.10556 0.10514 0.0756125 0.111684 0.0706289 0.0920555 0.0448653 0.0223715 0.0335549 0.0305432 0.0160914 0.00960319 0.00936666 0.00171827
threshold=0.10395128383870046 0.046820090451900179 0.17574011266013317 0.066499999999999962 0.063706118526249134 0.36814798414756061 3.9900000000000015 0.51222500000000015 0.046853319405468878 0.30503937671828879 0.64730052109520164 0.42044830188276222 0.40066079355211642 0.029990799486835532 0.29444317845525037
decision_type=10 10 8 10 10 10 8 2 10 8 10 10 8 10 8
left_child=1 11 8 7 -5 14 -7 -3 9 -2 -10 13 -13 -1 -4
right_child=2 3 5 4 -6 6 -8 -9 10 -11 -12 12 -14 -15 -16
leaf_value=-0.00017459680698935095 0 -5.6963683859713781e-05 6.7738808686829558e-05 0.00070967368760159076 0 0.00049670608441606135 0 6.7809281021851894e-05 -0.00020566487158613471 0.00047554314529799747 0.00017905672942413617 0 -8.3349459073623589e-05 -5.3534571362713136e-05 -4.3520919680280224e-05
leaf_weight=1064.1613863250241 21.627990699373186 1406.9333050888963 50.101797109469771 78.681733672507107 116.71334445662796 415.55629222933203 109.85295019485056 1040.7217312366702 172.8852975089103 43.404573242180049 22.912926658522338 350.32837796537206 373.76949267694727 581.96909364964813 65.879389042034745
leaf_count=5739 184 7316 256 336 598 1988 364 4381 708 160 92 3124 2703 2532 347
internal_value=0 -4.0586e-05 0.000227726 1.79677e-05 0.000291231 0.000327232 0.000398363 0 0 0.000211889 -9.35939e-05 -0.00011139 -2.87291e-05 -0.000139779 0
internal_weight=5915.5 5013.28 902.221 2643.05 195.395 641.39 525.409 2447.66 260.831 65.0326 195.798 2370.23 724.098 1646.13 115.981
internal_count=30828 26729 4099 12631 934 2955 2352 11697 1144 344 800 14098 5827 8271 603
is_linear=0
shrinkage=0.01444


Tree=91
num_leaves=16
num_cat=0
split_feature=19 22 17 35 18 1 30 30 18 33 11 17 18 10 31
split_gain=0.256867 0.102771 0.0816041 0.0586407 0.0763642 0.0550131 0.0560775 0.0383185 0.0208052 0.0186467 0.014938 0.0140586 0.0125966 0.01213 0.000250345
threshold=0.10395128383870046 0.046820090451900179 0.7288838889345588 4.197126754038087 0.0551951758782201 0.089160256410256419 20.865000000000006 18.205000000000002 0.023525059093205129 0.017773242667485926 0.55481737141633525 1.2017995962665993 0.057777098706278347 0.24027280621476102 2.8600000000000008
decision_type=10 10 8 2 10 2 10 8 10 8 10 8 10 10 10
left_child=1 11 9 4 -4 8 -7 -5 -3 14 -11 12 -1 -13 -2
right_child=2 5 3 7 -6 6 -8 -9 -10 10 -12 13 -14 -15 -16
leaf_value=-0.00014666817854864023 4.0269680876465476e-05 -0.00012124770221603892 0.00046916045546103763 0.00021124453867479485 0 0.00011158062324096577 -6.931322718702606e-05 -6.7274939341515616e-05 0 -0.00038313617985522713 0 -8.721273742665486e-05 0 7.6026107284149756e-06 0
leaf_weight=1562.0329920449294 31.633347005583346 590.18519468652084 402.95286623155698 205.74217875953764 62.240689490921795 1430.0716883311979 381.49134816229343 108.15258715860546 241.30188327468932 48.354393662884831 19.018452662974596 404.34746428905055 106.90125032328069 296.94664395973086 24.126701712608337
leaf_count=8690 204 3607 1915 926 286 6311 1450 464 1263 196 56 3252 604 1552 52
internal_value=0 -4.00047e-05 0.000224589 0.00028285 0.000395612 1.7715e-05 6.62531e-05 7.37002e-05 -7.22751e-05 -3.78201e-05 -0.000244625 -0.000109879 -0.000136238 -2.84391e-05 0
internal_weight=5915.5 5013.28 902.221 779.088 465.194 2643.05 1811.56 313.895 831.487 123.133 67.3728 2370.23 1668.93 701.294 55.76
internal_count=30828 26729 4099 3591 2201 12631 7761 1390 4870 508 252 14098 9294 4804 256
is_linear=0
shrinkage=0.01444


Tree=92
num_leaves=15
num_cat=0
split_feature=20 26 26 16 21 2 16 16 35 27 33 33 38 5
split_gain=0.242659 0.0939054 0.0802565 0.0776311 0.0807351 0.0560451 0.063706 0.0369057 0.0269812 0.0261933 0.0228502 0.0179558 0.0158972 2.19622e-05
threshold=0.09617676875823257 0.44265030163223823 0.92453036296275382 0.88662326084845999 0.070910989234638289 0.17238518835842404 0.95630313067272288 0.98676286609349828 2.6703482740115612 0.36794817500404559 0.0045148788295587003 0.10202432517984374 2.5000000000000004 0.2185902170467357
decision_type=10 10 10 8 10 2 8 10 2 10 8 8 2 10
left_child=1 8 3 12 -5 10 -7 13 9 -1 -3 -10 -2 -4
right_child=2 5 7 4 -6 6 -8 -9 11 -11 -12 -13 -14 -15
leaf_value=-1.0769133203210685e-05 -0.00010956679042031372 -0.00011248375592887005 0 0.00010458963285351347 0.0005298401709604543 0.00038086586412808287 0 -0.00042384990836921618 -0.00013095856694896263 0.00029071539508011406 1.7242237631539255e-05 -2.1319353539525451e-05 0.00011437160571507497 1.7855368335534749e-05
leaf_weight=143.60545594594441 72.674319695681334 348.31991289742291 8.4921405129134673 263.84707297151908 314.38394022639841 185.01799520011991 304.95423084660433 50.111541461199522 1993.5004626400769 64.966773037333041 1229.9147847846616 736.25000067311339 185.65348445158452 13.80756641179323
leaf_count=864 262 2477 70 1296 1117 912 1228 176 6892 448 7964 5894 1120 108
internal_value=0 -3.90633e-05 0.000217325 0.000263866 0.000358703 3.08191e-05 0.000166727 -0.000138867 -9.27027e-05 2.10643e-05 -3.12638e-06 -0.000106192 7.05056e-07 0
internal_weight=5915.5 5006.53 908.97 836.559 578.231 2068.21 489.972 72.4112 2938.32 208.572 1578.23 2729.75 258.328 22.2997
internal_count=30828 26679 4149 3795 2413 12581 2140 354 14098 1312 10441 12786 1382 178
is_linear=0
shrinkage=0.01444


Tree=93
num_leaves=15
num_cat=0
split_feature=22 0 34 23 23 9 32 18 18 18 27 7 8 35
split_gain=0.240988 0.0921102 0.0646791 0.0670203 0.0465102 0.0389309 0.0410999 0.0203256 0.0174967 0.0109544 0.0210399 0.00855882 0.00500238 0.00326233
threshold=0.063237138395307424 0.51222500000000015 0.030249325823316634 0.079256480171131335 0.054523745066335901 0.2135128107132547 0.86741424802110834 0.051398069569419953 -0.036497287711928054 0.0054786003625769695 0.21238541061490745 0.28672729019393495 0.23482398142426028 2.7896301409026711
decision_type=10 2 10 10 10 8 10 10 10 10 10 10 10 2
left_child=5 9 4 -4 -3 12 7 -7 -8 11 -11 -2 13 -1
right_child=1 2 3 -5 -6 6 8 -9 -10 10 -12 -13 -14 -15
leaf_value=0 -0.00011865539507130261 0.00050328876740285487 -0.00021079159735933162 0.00017925977179121609 0.00017358454861175093 -2.0388908508326778e-05 0 0.00012479873804102312 -0.00019114076962424494 0.00017226585861447179 -8.2566318340735478e-06 0 0 -0.0001562943636935708
leaf_weight=36.469015853945166 248.28468632698059 166.78194579575211 159.18864165246487 213.4421515557915 1021.440063778311 1715.7571632922627 71.834326788783073 225.75129001308233 406.29135147482157 165.90560574037954 183.49247869662941 157.10129129560664 53.204336368944496 1090.555333122611
leaf_count=236 1688 716 390 504 4769 9131 260 1039 2064 980 957 610 408 7076
internal_value=0 0.000115298 0.000178942 0 0.000231089 -7.35156e-05 -3.30648e-05 0 -0.000153071 0 4.01914e-05 -6.50705e-05 -0.000145304 -0.000151772
internal_weight=5915.5 2315.64 1560.85 372.631 1188.22 3599.86 2419.63 1941.51 478.126 754.784 349.398 405.386 1180.23 1127.02
internal_count=30828 10614 6379 894 5485 20214 12494 10170 2324 4235 1937 2298 7720 7312
is_linear=0
shrinkage=0.01444


Tree=94
num_leaves=16
num_cat=0
split_feature=19 5 1 31 16 22 28 12 35 27 17 7 27 17 23
split_gain=0.237995 0.101066 0.096862 0.0653522 0.102782 0.0499126 0.0612308 0.0216702 0.0694859 0.0305949 0.0209077 0.00702059 0.00726369 0.00522476 0.00240146
threshold=0.10395128383870046 0.17574011266013317 0.07411067193675891 3.9900000000000015 1.1203847363851724 0.046820090451900179 0.066499999999999962 0.046853319405468878 3.6546761244068082 0.64730052109520164 1.2017995962665993 0.22200863033338644 0.41648914631104411 1.9810234015980903 0.099528401005634939
decision_type=10 8 2 10 10 10 10 10 2 10 8 10 8 10 10
left_child=2 7 11 4 -3 10 -7 8 -2 -9 -4 13 -13 -1 -5
right_child=1 3 5 14 -6 6 -8 9 -10 -11 -12 12 -14 -15 -16
leaf_value=-0.00017226189176010548 0.00085773026812448346 0.00025763056432471186 -0.00010730984309484468 -8.8785707118094016e-05 0.00095267338446462628 1.4245799599662837e-05 0.00030045375041759916 -0.00020996195484862057 0 0.00016674250243344733 0 0 -0.00012221827039149674 0 4.9657941801329323e-05
leaf_weight=986.63478460232727 22.670705980621278 451.01231166999787 913.02218081057072 38.745553225278854 74.763741013593972 2067.9999313335866 183.26905197929591 172.8852975089103 42.361857960931957 22.912926658522338 380.2906190266367 308.24140845239162 159.83514865068719 13.985340216197072 76.868822666816413
leaf_count=6869 138 2257 4905 128 384 9217 838 708 206 92 2674 1233 879 114 186
internal_value=0 0.000216205 -3.84825e-05 0.000313951 0.000382238 0 4.34271e-05 0 0.000199079 -9.88614e-05 -6.90033e-05 -0.000137113 -4.33642e-05 -0.000167844 0
internal_weight=5915.5 902.221 5013.28 641.39 525.776 3544.58 2251.27 260.831 65.0326 195.798 1293.31 1468.7 468.077 1000.62 115.614
internal_count=30828 4099 26729 2955 2641 17634 10055 1144 344 800 7579 9095 2112 6983 314
is_linear=0
shrinkage=0.01444


Tree=95
num_leaves=16
num_cat=0
split_feature=22 1 14 8 17 9 5 20 18 18 12 22 30 5 8
split_gain=0.228314 0.0971536 0.0562635 0.0747675 0.0388953 0.0352643 0.0308714 0.0231985 0.016742 0.0157614 0.031703 0.0118027 0.00887544 0.00757357 0.00384581
threshold=0.063237138395307424 0.12421854912764006 1.4540677700135414 0.34702105215143969 1.2017995962665993 0.2782524686690403 0.17240151522940936 0.052860959235090134 0.06352782867797814 0.0050568270819674197 0.047541028762077206 0.10404757410252881 16.345000000000002 0.18353183673130138 0.31173946653521062
decision_type=10 2 8 8 10 10 8 10 8 10 10 10 8 10 8
left_child=4 9 13 -4 7 12 -7 8 -1 11 -11 -2 -6 -3 -9
right_child=1 2 3 -5 5 6 -8 14 -10 10 -12 -13 -14 -15 -16
leaf_value=-0.00013530263475668264 -8.8643758496225367e-05 -1.5213615357353863e-05 2.2887202023973877e-05 0.00034870658522363025 0 0 0.00030227124461507375 2.446557186079404e-05 0 0.00021368141248560754 0 2.1132120582052685e-05 -7.946875407307184e-05 0.00010264701598345801 -5.3386182879036039e-05
leaf_weight=1902.7457653586753 447.02334060100839 196.86104070115834 310.70662814658135 629.54285478871316 181.85994447069243 106.57956033851951 136.5219037309289 277.43737873015925 279.40807911148295 192.10699894791469 296.32034523459151 98.089418660383672 492.88938854867592 144.98623776156455 222.42079662531614
leaf_count=10400 2378 680 1548 2113 1454 536 686 1650 2270 1277 1332 574 2400 712 818
internal_value=0 0.000112283 0.000196367 0.000255031 -7.14977e-05 0 0.000158062 -9.94197e-05 -0.00011985 0 6.6869e-05 -4.48983e-05 -4.32911e-05 0 0
internal_weight=5915.5 2315.64 1282.1 940.249 3599.86 917.851 243.101 2682.01 2182.15 1033.54 488.427 545.113 674.749 341.847 499.858
internal_count=30828 10614 5053 3661 20214 5076 1222 15138 12670 5561 2609 2952 3854 1392 2468
is_linear=0
shrinkage=0.01444


Tree=96
num_leaves=15
num_cat=0
split_feature=19 22 17 0 18 26 35 19 30 26 11 10 34 27
split_gain=0.22692 0.0944475 0.0759055 0.0602809 0.057083 0.0773093 0.0440316 0.0207263 0.0203405 0.0155494 0.0108266 0.0098101 0.00823487 0.00806724
threshold=0.10615902840798833 0.046820090451900179 0.7288838889345588 0.51222500000000015 0.0551951758782201 0.37272609989871214 4.7966166198741806 0.13096698536137216 18.365000000000006 0.42044830188276222 0.55481737141633525 0.23637691387818935 -0.024717267962670372 0.96699431691531412
decision_type=10 10 8 2 10 8 2 10 8 10 10 8 10 8
left_child=1 9 10 8 5 -4 -5 -6 -3 13 12 -11 -2 -1
right_child=2 3 4 6 7 -7 -8 -9 -10 11 -12 -13 -14 -15
leaf_value=-0.00013635389652527307 0 0 0 0.00014946278028194577 0.00018279046944309497 0.000406782211158403 -1.8900477985829497e-05 -0.00018601883497862935 -0.00011559936057011566 -9.6662341131179081e-05 0 0 -0.0002507484790348436 0
leaf_weight=1608.557413937524 14.977410342544315 1005.3449853989296 93.33939876453951 915.55202804831788 63.017422759905457 509.70837938226759 306.56770393811166 62.951150224544108 472.59750593733042 258.73243445437402 36.188784546218812 465.36543618794531 65.026561796665192 37.573066037148237
leaf_count=8067 140 5121 530 4159 260 2355 986 250 2591 2663 186 3164 152 204
internal_value=0 -3.60289e-05 0.000219458 1.83147e-05 0.000278068 0.000336419 9.65328e-05 0 -3.75222e-05 -0.000103446 -3.57181e-05 -2.28137e-05 -0.000172833 -0.000130945
internal_weight=5915.5 5070.29 845.209 2700.06 729.016 603.048 1222.12 125.969 1477.94 2370.23 116.193 724.098 80.004 1646.13
internal_count=30828 26955 3873 12857 3395 2885 5145 510 7712 14098 478 5827 292 8271
is_linear=0
shrinkage=0.01444


Tree=97
num_leaves=16
num_cat=0
split_feature=19 5 1 26 27 18 28 18 27 10 33 7 27 17 26
split_gain=0.22033 0.094813 0.0929756 0.0876527 0.0778283 0.0432634 0.0794455 0.0623542 0.0117486 0.0226119 0.0210021 0.00686751 0.00740108 0.00505295 0.000378775
threshold=0.10615902840798833 0.17574011266013317 0.07411067193675891 0.42317325232094211 0.12517468103041349 0.051398069569419953 0.066499999999999962 -0.023951880168686931 0.51999719377017073 0.83041821151019934 0.052918600384176291 0.22200863033338644 0.41648914631104411 1.9810234015980903 0.29444317845525037
decision_type=10 8 2 10 10 10 10 10 10 8 8 10 8 10 8
left_child=2 8 11 14 -5 7 -7 -4 10 -10 -2 13 -13 -1 -3
right_child=1 3 5 4 -6 6 -8 -9 9 -11 -12 12 -14 -15 -16
leaf_value=-0.00016685208325154766 -0.00022093535247161395 9.373691826773859e-06 6.8367559000898147e-05 0 0.00051708701056235519 5.4093194081373767e-05 0.00096369038336589807 -6.3543089536245319e-05 0.00048597797357609091 0 0 0 -0.00011956975290181234 0 -2.9157319434078742e-05
leaf_weight=988.19086385588162 111.17734766751528 45.459976345300674 1106.4675996450242 125.60738497599959 350.28508614189923 380.2526137731038 25.145695023238659 2087.4000681317411 25.22896407591179 13.331320085562764 86.530463727191091 308.72259013354778 160.12580316094682 13.985340216197072 87.588564797304571
leaf_count=6875 384 232 5810 664 1406 1866 110 10064 122 62 504 1235 881 114 499
internal_value=0 0.000216199 -3.55507e-05 0.000311926 0.00040352 4.07863e-07 0.000144004 -1.37426e-05 0 0.000187483 -7.36273e-05 -0.000132396 -4.00796e-05 -0.000162483 0
internal_weight=5915.5 845.209 5070.29 608.941 475.892 3599.27 405.398 3193.87 236.268 38.5603 197.708 1471.02 468.848 1002.18 133.049
internal_count=30828 3873 26955 2801 2070 17850 1976 15874 1072 184 888 9105 2116 6989 731
is_linear=0
shrinkage=0.01444


Tree=98
num_leaves=16
num_cat=0
split_feature=22 26 33 9 1 27 22 12 30 9 1 26 11 27 18
split_gain=0.211425 0.103831 0.13193 0.10818 0.046493 0.0627921 0.0352427 0.0330178 0.0245566 0.0217238 0.0109877 0.00772253 0.00706708 0.00159595 0.00115083
threshold=0.063237138395307424 0.6579948625170905 0.0097496891585894269 0.37158804893283176 0.14005102040816331 0.3225942326914007 0.031652493050630823 0.04912376667885348 20.835000000000004 0.2135128107132547 0.098899572649572678 0.85568335430538667 0.44402037765013475 0.99969412972945426 -0.025206016586590881
decision_type=10 10 10 10 2 8 8 10 10 10 2 8 8 10 10
left_child=6 4 12 -4 7 -6 10 -2 9 -8 13 -10 -3 -1 -12
right_child=1 2 3 -5 5 -7 8 -9 11 -11 14 -13 -14 -15 -16
leaf_value=-0.00016662963732717807 6.6598887893872698e-05 5.3567913831811496e-05 0.0001177870944405501 0.00066744959470849043 0 0.00033532833415057041 -7.5351467776002941e-05 -8.983582934926313e-05 -0.0001639046971031705 2.0895416448822871e-05 0 0 -0.00010203256436853743 0 -3.6640098919588979e-05
leaf_weight=887.14976329868659 490.29279469884932 93.873859555460513 228.15194680355489 208.4989937916398 367.41386154619977 223.83372346591204 699.49220347311348 588.61080467002466 334.72226586192846 1392.3469521263614 63.960635505151004 30.648938685655594 114.96088031027466 13.354248910211025 178.18780905334279
leaf_count=4871 2778 480 1602 700 1346 837 5526 2363 1558 6423 465 212 508 96 1063
internal_value=0 0.000108128 0.00026753 0.000410706 3.86173e-05 0.000143217 -6.87243e-05 -6.62125e-06 -3.07884e-05 -5.04372e-06 -0.000138798 -0.000142177 0 -0.00016427 0
internal_weight=5915.5 2315.64 645.486 436.651 1670.15 591.248 3599.86 1078.9 2457.21 2091.84 1142.65 365.371 208.835 900.504 242.148
internal_count=30828 10614 3290 2302 7324 2183 20214 5141 13719 11949 6495 1770 988 4967 1528
is_linear=0
shrinkage=0.01444


Tree=99
num_leaves=15
num_cat=0
split_feature=19 5 8 26 30 15 18 35 18 35 34 4 30 26
split_gain=0.209987 0.0918304 0.0848985 0.0841842 0.104023 0.0690637 0.0791665 0.0156899 0.00943146 0.0109184 0.00438585 0.00614423 0.00119433 0.000373067
threshold=0.10615902840798833 0.17574011266013317 0.2233951812623817 0.42317325232094211 20.240000000000006 0.9491924534509667 0.057777098706278347 5.6566207630851091 0.040479147757129803 3.8227544420325921 -0.065209590616445476 0.46963008647415816 16.345000000000002 0.29444317845525037
decision_type=10 8 8 10 10 8 10 2 10 2 10 8 10 8
left_child=2 8 10 13 -5 7 -7 -4 9 -2 -1 -12 -10 -3
right_child=1 3 5 4 -6 6 -8 -9 12 -11 11 -13 -14 -15
leaf_value=0 0.00015219184029179397 9.2136694697414025e-06 -0.0001918953615163798 0.0005297864391359163 0 0 0.00025097924149672791 0 0 0 -0.00014604651593827118 0 -0.00023396448481519886 -2.8951646814340286e-05
leaf_weight=180.33971570897847 99.413041010033339 45.459976345300674 412.84437043312937 341.88289598561823 134.00957513228059 2818.1093291486613 300.38516904553398 60.689511091448367 14.512370951473711 83.133706444874406 1216.5775044020265 81.344974109902978 39.208977149799466 87.588564797304571
leaf_count=3578 552 232 2079 1570 500 12975 1278 284 90 302 6357 404 128 499
internal_value=0 0.00021119 -3.45779e-05 0.000305461 0.000395227 0 2.80223e-05 -0.000158774 0 1.45734e-05 -0.000126769 -0.000137865 -0.000188455 0
internal_weight=5915.5 845.209 5070.29 608.941 475.892 3592.03 3118.49 473.534 236.268 182.547 1478.26 1297.92 53.7213 133.049
internal_count=30828 3873 26955 2801 2070 16616 14253 2363 1072 854 10339 6761 218 731
is_linear=0
shrinkage=0.01444


Tree=100
num_leaves=14
num_cat=0
split_feature=19 1 17 13 27 26 16 17 26 21 11 17 9
split_gain=0.203809 0.0863637 0.0733734 0.0551175 0.0743271 0.0421886 0.0467112 0.0400152 0.0133878 0.0115592 0.0122129 0.00568509 0.00307865
threshold=0.10395128383870046 0.07411067193675891 0.7288838889345588 1.5417657792267809 0.048753532397178646 0.46567929232646349 0.92143180192659435 1.1971226819323855 0.61433047122406148 0.068365401990186023 0.55481737141633525 1.7007213609953944 0.40479534494375474
decision_type=10 2 8 8 8 10 8 8 8 10 10 10 10
left_child=1 11 9 8 -5 7 -7 -3 -4 -2 -11 12 -1
right_child=2 5 3 4 -6 6 -8 -9 -10 10 -12 -13 -14
leaf_value=-0.00013674297482242504 0 -8.4851155482701683e-05 -2.5171681958777958e-05 0 0.0004040545744066526 0.00017995573850730791 0 4.6358052704157681e-05 0.00016837918083271403 -0.00028204097976434713 0 0 0
leaf_weight=1396.5565687043127 31.192704070359468 1429.3904120302759 127.26623386982828 78.265204958617687 478.50880656158552 472.24710990302265 1050.7199564911425 592.22430472564884 95.048076250590384 65.351655468344688 26.588535505346954 61.898331550415605 10.241781666874884
leaf_count=8645 132 6089 482 436 2313 3127 5254 3164 360 222 154 400 50
internal_value=0 -3.54159e-05 0.000200268 0.000256317 0.000335449 0 6.04725e-05 -3.9938e-05 0 -4.80843e-05 -0.000170732 -0.000128596 -0.00013456
internal_weight=5915.5 5013.28 902.221 779.088 556.774 3544.58 1522.97 2021.61 222.314 123.133 91.9402 1468.7 1406.8
internal_count=30828 26729 4099 3591 2749 17634 8381 9253 842 508 376 9095 8695
is_linear=0
shrinkage=0.01444


Tree=101
num_leaves=14
num_cat=0
split_feature=19 8 17 15 18 18 11 19 21 11 19 17 9
split_gain=0.197822 0.0814386 0.0701565 0.067076 0.0767728 0.0543219 0.0634441 0.0198472 0.0114322 0.0117897 0.00968211 0.0082754 0.0050261
threshold=0.10615902840798833 0.2233951812623817 0.7288838889345588 0.9491924534509667 0.057777098706278347 0.0551951758782201 0.25657378343180637 0.13096698536137216 0.068365401990186023 0.55481737141633525 0.085582143809130387 1.5996832346543948 0.31204301227853026
decision_type=10 8 8 8 10 10 8 10 10 10 8 10 10
left_child=1 11 8 10 -5 6 -4 -7 -2 -10 -3 12 -1
right_child=2 3 5 4 -6 7 -8 -9 9 -11 -12 -13 -14
leaf_value=-0.0001356936867488323 0 -0.00017459833068798097 0 0 0.00024755660473479334 0.00016898326034497891 0.00038201341305947752 -0.00019125607948296931 -0.00027857246061972453 0 0 0 0
leaf_weight=1381.8220643089153 27.973396942019463 444.59389830939472 92.692909692879766 2818.1093291486613 300.38516904553398 63.017422759905457 510.35486845392734 62.951150224544108 64.087007969617844 24.132351773791015 28.93998321518302 87.412530715111643 9.0275991968810541
leaf_count=9574 120 2227 576 12975 1278 260 2309 250 210 148 136 699 66
internal_value=0 -3.35239e-05 0.000205018 1.45706e-08 2.79399e-05 0.000261798 0.000318759 0 -3.86528e-05 -0.000169754 -0.000156094 -0.000123841 -0.000132439
internal_weight=5915.5 5070.29 845.209 3592.03 3118.49 729.016 603.048 125.969 116.193 88.2194 473.534 1478.26 1390.85
internal_count=30828 26955 3873 16616 14253 3395 2885 510 478 358 2363 10339 9640
is_linear=0
shrinkage=0.01444


Tree=102
num_leaves=16
num_cat=0
split_feature=20 1 5 26 31 26 16 27 18 18 17 26 17 34 28
split_gain=0.191967 0.0843216 0.0782897 0.0861649 0.0838259 0.0509369 0.063519 0.0433792 0.0488227 0.0258256 0.0252614 0.0128923 0.0086456 0.00737891 0.00153124
threshold=0.097870332645339855 0.087603418803418806 0.25244402371303193 0.50285312320615605 4.6450000000000005 0.46840619453199672 0.96300889018643099 0.38816595934957565 0.057777098706278347 0.023147515659373012 0.9686542518080864 0.32046298041491694 1.0064675027151841 0.032758122151732467 -0.047149999999999991
decision_type=10 2 8 10 8 10 8 10 10 10 8 10 8 8 8
left_child=1 11 7 13 -5 10 -7 9 -9 -2 -3 14 -13 -4 -1
right_child=2 5 3 4 -6 6 -8 8 -10 -11 -12 12 -14 -15 -16
leaf_value=0 3.5616983240288625e-05 -0.00010106406093235278 0 0.00063424068334098796 0 0.00021760498305724844 0 0.0004459229862401635 0 -0.00023029946936376348 5.0587508033795547e-06 -9.7892074405011223e-05 -6.2278020777008348e-07 0.00031437151298195935 -0.000156358418722238
leaf_weight=68.16703836992383 261.75102262478322 685.75600193021819 106.10154191590846 210.77792209852487 26.908229437656701 481.43565014004707 781.19853307656012 102.36269558640197 32.235779898241162 94.700421729125082 845.7131896156352 566.4099134975113 746.53671711101197 15.01190159935504 890.43312312546186
leaf_count=405 1192 2975 541 936 100 2903 3580 476 152 456 4071 3798 4707 72 4464
internal_value=0 -3.30861e-05 0.000201364 0.00037139 0.000532412 1.60729e-05 8.70801e-05 5.02203e-05 0.000275858 0 -3.39351e-05 -9.93045e-05 -5.25752e-05 0 -0.000149591
internal_weight=5915.5 5065.65 849.85 358.8 237.686 2794.1 1262.63 491.05 134.598 356.451 1531.47 2271.55 1312.95 121.113 958.6
internal_count=30828 26903 3925 1649 1036 13529 6483 2276 628 1648 7046 13374 8505 613 4869
is_linear=0
shrinkage=0.01444


Tree=103
num_leaves=15
num_cat=0
split_feature=19 5 1 10 27 15 9 7 27 31 10 35 17 35
split_gain=0.187207 0.0870194 0.082478 0.0767268 0.0896987 0.0410612 0.0568558 0.0407493 0.0111646 0.0281109 0.0208559 0.00976778 0.00352902 0.00391089
threshold=0.10615902840798833 0.17574011266013317 0.072231800766283549 0.37638446609611037 0.17238392229950586 0.9491924534509667 0.29639959757329831 0.23787277759068248 0.51999719377017073 1.8249999999999995 0.83041821151019934 5.6566207630851091 1.5996832346543948 6.5444079719934471
decision_type=10 8 2 8 8 8 10 10 10 10 8 2 10 2
left_child=2 8 12 7 -5 11 -7 -3 9 -2 -10 -4 13 -1
right_child=1 3 5 4 -6 6 -8 -9 10 -11 -12 -13 -14 -15
leaf_value=-0.00013890436835970314 0 0.00046541678716995424 -0.0001608874513149647 0 0.00060896758629100736 -2.6155385973933241e-05 9.2381278994515081e-05 0 0.00045998287797511476 -0.00025260239294500118 0 0 0 0
leaf_weight=1250.4705136234406 87.268514392897487 49.351773519068956 359.46161395311356 60.797415858134627 226.43782286625355 1910.6844173555728 1385.2870191410184 272.35400001704693 25.22896407591179 110.43929700180888 13.331320085562764 47.753782876767218 75.011856214143336 41.62137077562511
leaf_count=7783 562 380 1823 312 843 10763 5652 1266 122 326 62 224 502 208
internal_value=0 0.000199454 -3.25991e-05 0.000291502 0.00047698 0 1.97013e-05 8.47373e-05 0 -7.84734e-05 0.000168228 -0.000133636 -0.00012851 -0.000134322
internal_weight=5915.5 845.209 5070.29 608.941 287.235 3703.19 3295.97 321.706 236.268 197.708 38.5603 407.215 1367.1 1292.09
internal_count=30828 3873 26955 2801 1155 18462 16415 1646 1072 888 184 2047 8493 7991
is_linear=0
shrinkage=0.01444


Tree=104
num_leaves=15
num_cat=0
split_feature=19 8 17 15 18 18 26 33 19 35 11 17 34 34
split_gain=0.182549 0.0766134 0.0670248 0.0634825 0.0742102 0.0521514 0.0691983 0.0193777 0.0189712 0.015005 0.0139175 0.00784541 0.00432558 0.00215151
threshold=0.10615902840798833 0.2233951812623817 0.7288838889345588 0.9491924534509667 0.057777098706278347 0.0551951758782201 0.37272609989871214 0.017773242667485926 0.13096698536137216 5.6566207630851091 0.55481737141633525 1.7262829720961059 -0.14262037842167455 0.0060563578888678258
decision_type=10 8 8 8 10 10 8 8 10 2 10 10 10 10
left_child=1 11 7 9 -5 6 -4 13 -7 -3 -9 12 -1 -2
right_child=2 3 5 4 -6 8 -8 10 -10 -11 -12 -13 -14 -15
leaf_value=0 0.00012122463909330088 -0.00018404274072927974 0 0 0.00024345653750520747 0.00016101221456025263 0.00037539689666642113 -0.00038688678771900474 -0.00019061928410450576 0 0 0 -0.00012950878409318683 0
leaf_weight=8.9784340667538327 29.97146346885711 412.84437043312937 93.33939876453951 2818.1093291486613 300.38516904553398 63.017422759905457 509.70837938226759 47.089746164157987 62.951150224544108 60.689511091448367 16.562268931418657 53.377649462316185 1415.906110691838 22.569278120994568
leaf_count=946 146 2079 530 12975 1278 260 2355 184 250 284 50 460 8933 98
internal_value=0 -3.21619e-05 0.000196986 2.68895e-07 2.75265e-05 0.000252744 0.000308588 -4.02623e-05 0 -0.000151447 -0.000256662 -0.000119788 -0.000126626 0
internal_weight=5915.5 5070.29 845.209 3592.03 3118.49 729.016 603.048 116.193 125.969 473.534 63.652 1478.26 1424.88 52.5407
internal_count=30828 26955 3873 16616 14253 3395 2885 478 510 2363 234 10339 9879 244
is_linear=0
shrinkage=0.01444


Tree=105
num_leaves=16
num_cat=0
split_feature=20 9 13 19 17 35 32 28 28 7 34 31 33 21 17
split_gain=0.178041 0.0797531 0.117056 0.0629168 0.0733518 0.05982 0.0568014 0.0385344 0.0367546 0.0348939 0.0124377 0.017116 0.0106999 0.0088933 0.00273695
threshold=0.097870332645339855 0.29639959757329831 1.6310514805902907 0.10497008599521244 0.7288838889345588 4.197126754038087 0.81200527704485503 0.0041000000000000212 -0.034249999999999996 0.18919740475238991 0.01896464911484497 0.76000000000000167 0.098110988192614448 0.068365401990186023 1.0591197741218599
decision_type=10 10 10 10 8 2 10 10 10 8 8 10 10 10 8
left_child=1 7 8 10 13 -6 -4 12 -3 -9 11 -2 -1 -5 -12
right_child=3 2 6 4 5 -7 -8 9 -10 -11 14 -13 -14 -15 -16
leaf_value=-0.00014424237863764938 0 -0.00018581787133750712 0.00031284646071711754 0 0.00044596561241707055 7.3015169070847523e-05 0 -0.00013255703679799824 0 1.8990209719429746e-05 0 -0.00028682506184052678 -9.2842388603547212e-06 -0.0001710204900235725 0.0002161041633175165
leaf_weight=1379.8260725024156 45.553102664649487 250.2355846427381 390.68335311580449 30.026891995221376 359.16128282668069 248.8752731224522 167.94141727173701 404.10760077321902 974.5583115038462 1124.800949184224 14.178921744227408 70.403485430404544 373.49687787238508 63.037128209136426 18.613428897224367
leaf_count=7778 266 1211 2056 124 1767 1114 797 2898 3589 6122 56 288 2452 234 76
internal_value=0 -3.18306e-05 4.12518e-05 0.000193955 0.000253556 0.00031503 0.00021748 -7.55284e-05 -2.85043e-05 -1.25399e-05 0 -0.000139546 -0.000122969 -7.74264e-06 9.86519e-05
internal_weight=5915.5 5065.65 1783.42 849.85 701.101 608.037 558.625 3282.23 1224.79 1528.91 148.749 115.957 1753.32 93.064 32.7924
internal_count=30828 26903 7653 3925 3239 2881 2853 19250 4800 9020 686 554 10230 358 132
is_linear=0
shrinkage=0.01444


Tree=106
num_leaves=15
num_cat=0
split_feature=1 26 30 5 18 15 9 26 30 18 34 10 1 30
split_gain=0.171121 0.0966884 0.102903 0.120017 0.0462153 0.0280311 0.0534274 0.0274955 0.0236779 0.021298 0.0152348 0.013419 0.00311719 0.00283345
threshold=0.093114224137931065 0.46840619453199672 20.115000000000006 0.17499127704117243 -0.021480685883543234 1.3931502902759545 0.27975014802557674 0.32297844984728219 18.225000000000005 0.047914366268189686 -0.035524265829424855 0.1385794933204865 0.091883445945945968 14.740000000000002
decision_type=2 10 8 10 8 8 8 10 10 10 10 10 2 8
left_child=7 5 3 -3 -4 10 -7 12 9 -9 -2 -10 13 -1
right_child=1 2 4 -5 -6 6 -8 8 11 -11 -12 -13 -14 -15
leaf_value=0 0 1.9179575149526764e-05 0.00017956778857500718 0.0003540711400776736 -9.5490306002009995e-05 -7.5349416771182696e-05 0.00012997356236555145 -1.4736279609371785e-05 0 0.00020281146519545438 -0.0001302644312709005 -0.00013484764459266462 0 -0.00015399251998127861
leaf_weight=12.508202328346668 133.88127939542755 471.24508477654308 183.35871798638254 657.25332698784769 405.89916500425898 399.11832896387205 593.50027100741863 855.96660013473593 39.713866091798991 102.88758914638311 463.78969913721085 530.47065253090113 24.299366262974218 1041.6075320022646
leaf_count=1036 994 2049 736 3546 1844 2128 2927 5651 386 570 1253 3200 117 4391
internal_value=0 6.95849e-05 0.000145063 0.000225898 0 -3.73655e-06 3.42391e-05 -8.68247e-05 -3.54381e-05 0 -8.86631e-05 -0.000109618 -0.000147495 -0.000151236
internal_weight=5915.5 3308.05 1717.76 1128.5 589.258 1590.29 992.619 2607.45 1529.04 958.854 597.671 570.185 1078.42 1054.12
internal_count=30828 15477 8175 5595 2580 7302 5055 15351 9807 6221 2247 3586 5544 5427
is_linear=0
shrinkage=0.01444


Tree=107
num_leaves=16
num_cat=0
split_feature=22 26 28 33 20 28 28 17 9 16 26 33 19 28 10
split_gain=0.17215 0.0919392 0.132124 0.0996559 0.0621079 0.0504053 0.0414461 0.0353955 0.0320403 0.0296454 0.0262883 0.0245627 0.0203098 0.0102614 0.00834935
threshold=0.062739644785336807 0.6579948625170905 0.013499999999999986 0.0097496891585894269 0.13400329748526446 0.021950000000000001 0.0073499999999999963 1.2017995962665993 0.2782524686690403 1.126169186991931 0.44265030163223823 0.012569200100554625 0.054595055588967052 -0.031249999999999997 0.24027280621476102
decision_type=10 10 10 10 10 8 10 10 10 10 10 8 10 10 10
left_child=7 4 13 -4 6 -6 -2 10 14 -10 12 -12 -1 -3 -9
right_child=1 2 3 -5 5 -7 -8 8 9 -11 11 -13 -14 -15 -16
leaf_value=-0.00014320123355095383 6.477366602304883e-05 -0.00012255583777644557 0 0.0005606959818668625 0.00047017150805964836 0 -8.9435050691086013e-05 -7.9656671337841639e-05 0.00025986897468479995 0 -0.00012018087929368762 3.0441900454602214e-05 0 6.6744992022482562e-05 0
leaf_weight=1506.0471245311201 865.38957309070975 83.452664452604949 89.023133394308388 278.76914848387241 113.28982580453157 81.932310163974762 625.6601296402514 392.59241631254554 178.83643086906523 62.327471151947975 321.57887901365757 580.62279607821256 265.45968728559092 196.49361672438681 274.02447475958616
leaf_count=7783 3933 370 478 1382 622 391 2470 2349 934 280 1894 4330 1065 1084 1463
internal_value=0 9.71217e-05 0.000246792 0.0004266 3.18067e-05 0.000273613 0 -6.22359e-05 2.59401e-06 0.000156672 -8.91382e-05 -8.78569e-06 -0.000122658 0 -3.36098e-05
internal_weight=5915.5 2334.01 647.739 367.792 1686.27 195.222 1491.05 3581.49 907.781 241.164 2673.71 902.202 1771.51 279.946 666.617
internal_count=30828 10730 3314 1860 7416 1013 6403 20098 5026 1214 15072 6224 8848 1454 3812
is_linear=0
shrinkage=0.01444


Tree=108
num_leaves=16
num_cat=0
split_feature=22 26 33 9 20 20 19 19 24 9 15 27 11 34 31
split_gain=0.167419 0.0894842 0.118454 0.102206 0.0603922 0.0431375 0.0325552 0.0296804 0.0195032 0.0207824 0.0185758 0.0254535 0.0150491 0.0126197 0.00909103
threshold=0.063237138395307424 0.6579948625170905 0.0097496891585894269 0.37158804893283176 0.13400329748526446 0.20016351920187256 0.047354635184692122 0.046576438845535757 11.500000000000002 0.40479534494375474 1.3989303541094695 0.16877505717566785 0.23974921646858047 -0.023889934171871571 4.5700000000000021
decision_type=10 10 10 10 10 10 10 10 2 10 10 10 8 8 10
left_child=6 4 14 -4 7 -6 8 -2 9 -1 13 -12 -10 -8 -3
right_child=1 2 3 -5 5 -7 10 -9 12 -11 11 -13 -14 -15 -16
leaf_value=-0.00013659665013418323 0.00022704213649697073 -0.00011604785006532971 9.5764668606303542e-05 0.00062805575433361302 0.00037207665256525042 0 0 -1.8686097025216553e-05 -9.4173848346574773e-05 0 0 0.00016525732782145372 1.4976315384828442e-05 -0.00010322163063203209 5.7389201494791313e-05
leaf_weight=1518.1696542138234 110.25368209928274 117.80240423977375 228.15194680355489 208.4989937916398 167.26716401614249 27.954971952363849 170.96552255749702 1364.6753663131967 365.67374432086945 83.305308331735432 282.23852908052504 273.76511974958703 500.81350520253181 404.93143345788121 91.032335625961423
leaf_count=12541 396 606 1602 700 832 181 1207 5915 523 550 1578 1710 713 1392 382
internal_value=0 9.64296e-05 0.000244276 0.000380349 3.13916e-05 0.000269685 -6.09418e-05 0 -9.03701e-05 -0.000122407 0 6.26473e-05 -1.60196e-05 -5.41289e-05 0
internal_weight=5915.5 2315.64 645.486 436.651 1670.15 195.222 3599.86 1474.93 2467.96 1601.47 1131.9 556.004 866.487 575.897 208.835
internal_count=30828 10614 3290 2302 7324 1013 20214 6311 14327 13091 5887 3288 1236 2599 988
is_linear=0
shrinkage=0.01444


Tree=109
num_leaves=16
num_cat=0
split_feature=22 26 28 33 20 28 28 20 12 26 30 12 8 5 5
split_gain=0.162762 0.0867591 0.12751 0.0947677 0.0582961 0.0490335 0.0402384 0.0320084 0.0264211 0.0146159 0.0278081 0.0131394 0.0209675 0.0137038 0.0129015
threshold=0.062739644785336807 0.6579948625170905 0.013499999999999986 0.0097496891585894269 0.13400329748526446 0.021950000000000001 0.0073499999999999963 0.041338708385930602 0.07106219336062794 0.33517793336055968 17.860000000000003 0.072657125673595446 0.30148943022445845 0.35156924154944974 0.036492951683647558
decision_type=10 10 10 10 10 8 10 10 10 10 10 8 10 10 10
left_child=7 4 8 -4 6 -6 -2 9 -3 14 -11 12 -9 -13 -1
right_child=1 2 3 -5 5 -7 -8 11 -10 10 -12 13 -14 -15 -16
leaf_value=0 6.3832063734808522e-05 -0.00012228513113547493 0 0.00054740057522226942 0.00045897350297487448 0 -8.811320467916213e-05 0 0.00015806009707464635 1.493815014083021e-05 -0.00011102718158714873 -0.00012653582484453642 0.00016844051052257366 0 -0.00014840887100691616
leaf_weight=117.15856887795962 865.38957309070975 150.255536172539 89.023133394308388 278.76914848387241 113.28982580453157 81.932310163974762 625.6601296402514 677.33531197952107 129.69074500445276 580.90279553458095 594.77175801852718 299.22532122163102 181.63777636457235 49.703459251672029 1080.7542887532618
leaf_count=802 3933 912 478 1382 622 391 2470 4305 542 4060 3466 1308 669 284 5204
internal_value=0 9.45351e-05 0.000240031 0.000416632 3.08253e-05 0.000265094 0 -6.04146e-05 0 -9.12036e-05 -3.76803e-05 0 3.04558e-05 -7.45526e-05 -0.000132768
internal_weight=5915.5 2334.01 647.739 367.792 1686.27 195.222 1491.05 3581.49 279.946 2373.59 1175.67 1207.9 858.973 348.929 1197.91
internal_count=30828 10730 3314 1860 7416 1013 6403 20098 1454 13532 7526 6566 4974 1592 6006
is_linear=0
shrinkage=0.01444


Tree=110
num_leaves=16
num_cat=0
split_feature=22 26 28 27 20 28 28 17 9 16 12 26 33 9 27
split_gain=0.158203 0.0841212 0.123874 0.094392 0.0566216 0.0476471 0.0390856 0.0338842 0.0307004 0.0288742 0.0256666 0.0251528 0.0234143 0.017692 0.00960166
threshold=0.062739644785336807 0.6579948625170905 0.013499999999999986 0.10132941076116296 0.13400329748526446 0.021950000000000001 0.0073499999999999963 1.2017995962665993 0.2782524686690403 1.126169186991931 0.07106219336062794 0.44265030163223823 0.012569200100554625 0.30283224562206362 0.37743207092803893
decision_type=10 10 10 10 10 8 10 10 10 10 10 10 8 10 8
left_child=7 4 10 -4 6 -6 -2 11 14 -10 -3 13 -13 -1 -9
right_child=1 2 3 -5 5 -7 -8 8 9 -11 -12 12 -14 -15 -16
leaf_value=-0.00014058975343566682 6.2910924699051968e-05 -0.00012052585506186055 0 0.00050554739257173138 0.00045237831440068612 0 -8.6841980548514906e-05 0 0.00025635663207184724 0 0.00015578746210519827 -0.00011648838459284954 3.0956421255006016e-05 0 -0.00013342228027804764
leaf_weight=1447.632300383877 865.38957309070975 150.255536172539 48.298216098919511 319.49406577926129 113.28982580453157 81.932310163974762 625.6601296402514 518.41602884372696 178.83643086906523 62.327471151947975 129.69074500445276 321.57887901365757 580.62279607821256 323.87451143283397 148.20086222840473
leaf_count=7416 3933 912 256 1604 622 391 2470 2796 934 280 542 1894 4330 1432 1016
internal_value=0 9.32558e-05 0.000236585 0.00041065 3.03792e-05 0.000261259 0 -5.95075e-05 3.84261e-06 0.000154485 0 -8.59077e-05 -7.13685e-06 -0.000118622 -3.11177e-05
internal_weight=5915.5 2334.01 647.739 367.792 1686.27 195.222 1491.05 3581.49 907.781 241.164 279.946 2673.71 902.202 1771.51 666.617
internal_count=30828 10730 3314 1860 7416 1013 6403 20098 5026 1214 1454 15072 6224 8848 3812
is_linear=0
shrinkage=0.01444


Tree=111
num_leaves=15
num_cat=0
split_feature=1 20 26 28 20 34 26 25 17 12 27 1 11 35
split_gain=0.154398 0.0923494 0.0902034 0.104866 0.0526713 0.0355369 0.0249531 0.0226016 0.0222731 0.014518 0.0166771 0.00296954 0.00284682 0.00179559
threshold=0.093114224137931065 0.047798360384222811 0.6579948625170905 0.012700000000000019 0.13400329748526446 0.032758122151732467 0.32297844984728219 0.2369285334976218 1.1055981557938781 0.026258561536518461 0.38514719608246162 0.091883445945945968 0.13352861030426819 6.1881304604335368
decision_type=2 10 10 10 10 10 10 10 8 8 8 2 10 2
left_child=6 5 4 -4 -3 8 11 -7 -2 12 -11 13 -8 -1
right_child=1 2 3 -5 -6 7 9 -9 -10 10 -12 -13 -14 -15
leaf_value=-0.00014871118611087155 -4.542014251169521e-05 9.407728185856672e-06 0 0.00043294563020718739 0.000283179748246035 0 0 -0.00030168217919581623 9.1655743267101311e-05 3.2783753590722716e-05 -7.3605035843972048e-05 0 -0.00013708396582046321 0
leaf_weight=1004.6193077731878 618.93506078468636 1293.7912154635414 248.40659109689295 370.28177597094327 186.52863336680457 48.618987828493118 22.563145174179226 141.33634730800986 400.14726143958978 729.86230622581206 496.39834558963776 24.299366262974218 280.21491091419011 49.496426557423547
leaf_count=5257 3184 5272 1305 1736 931 146 352 330 2573 4117 3043 117 2295 170
internal_value=0 6.62137e-05 0.000125314 0.000277381 5.2838e-05 -2.55773e-05 -8.23547e-05 -0.000207481 0 -3.28981e-05 0 -0.000140291 -0.000124247 -0.000143952
internal_weight=5915.5 3308.05 2099.01 618.688 1480.32 1209.04 2607.45 189.955 1019.08 1529.04 1226.26 1078.42 302.778 1054.12
internal_count=30828 15477 9244 3041 6203 6233 15351 476 5757 9807 7160 5544 2647 5427
is_linear=0
shrinkage=0.01444


Tree=112
num_leaves=15
num_cat=0
split_feature=1 20 15 27 26 32 9 26 8 32 32 20 1 32
split_gain=0.150385 0.090086 0.0885797 0.0887702 0.0438689 0.0394072 0.0242683 0.0241178 0.0239729 0.0216965 0.0112817 0.0067174 0.00292333 0.00274614
threshold=0.093114224137931065 0.047798360384222811 1.4036333190275316 0.098302749079358195 0.6579948625170905 0.8337730870712402 0.28962098240979045 0.32046298041491694 0.59737366791721336 0.72559366754617427 0.64248021108179432 0.043070577585214799 0.091883445945945968 0.30474934036939322
decision_type=2 10 8 8 10 10 8 10 10 10 10 8 2 8
left_child=7 5 4 -4 -3 6 -2 12 -7 10 -9 -11 13 -1
right_child=1 2 3 -5 -6 8 -8 9 -10 11 -12 -13 -14 -15
leaf_value=0 -4.7826767608579848e-05 -5.5158397639846996e-05 0 0.00026760303605548015 0.00018338929425984894 -0.00022444745544661419 9.5349679923760019e-05 -2.2074821431481783e-05 0 -0.00014606507005808801 8.4360682614002973e-05 0 0 -0.00014551470669819347
leaf_weight=12.430143230594693 442.12829556269571 610.81951459031552 307.13809765409678 964.93130888231099 216.11929477145895 275.13194722030312 454.95939369755797 691.25693618110381 36.818020880222321 355.64795206766576 282.61789304856211 214.53656655503437 24.299366262974218 1026.6649511514697
leaf_count=1022 2378 2321 1576 4306 1041 1170 2459 5310 226 2209 973 1377 117 4343
internal_value=0 6.53791e-05 0.000123764 0.000199459 0 -2.51705e-05 1.02158e-05 -8.1245e-05 -0.00016866 -3.29298e-05 0 -0.000104217 -0.000139041 -0.000142726
internal_weight=5915.5 3308.05 2099.01 1272.07 826.939 1209.04 897.088 2607.45 311.95 1544.06 973.875 570.185 1063.39 1039.1
internal_count=30828 15477 9244 5882 3362 6233 4837 15351 1396 9869 6283 3586 5482 5365
is_linear=0
shrinkage=0.01444


Tree=113
num_leaves=16
num_cat=0
split_feature=22 26 11 32 33 22 12 17 33 26 33 11 16 19 17
split_gain=0.146287 0.0798636 0.0886732 0.0926694 0.04499 0.0435891 0.0323042 0.0320033 0.0287877 0.0241395 0.0219623 0.0191438 0.0339304 0.0182096 0.00656721
threshold=0.063237138395307424 0.47817185199232531 0.33625314437403359 0.83839050131926129 0.051127597948578136 0.066129326985951489 0.038386596942690275 1.2017995962665993 0.011057711898717406 0.44265030163223823 0.012569200100554625 0.26747055561091782 1.126169186991931 0.054595055588967052 1.28997420494363
decision_type=10 10 10 10 8 10 10 10 10 10 8 10 10 10 10
left_child=7 4 5 -4 8 -3 -6 9 -2 13 -11 14 -13 -1 -9
right_child=1 2 3 -5 6 -7 -8 11 -10 10 -12 12 -14 -15 -16
leaf_value=-0.00013416290716714195 0 0.00049478228079742517 0.00037002061905859555 5.4999036656012161e-06 0.00023165794134598962 -2.9521030904315139e-05 0 0 -0.00018200369611201138 -0.0001120008303101213 3.0929477122599277e-05 0.00021779704450573746 0 0 -7.1239027133570442e-05
leaf_weight=1506.4001896046102 130.44523641094565 34.955692764371634 534.77296065352857 303.93514318391681 195.21020220825449 452.93151440983638 313.34709957521409 140.90091686090454 350.03901563584805 322.1829179674387 583.26572417188436 219.19906522147357 158.98430727608502 270.16318808170035 398.76650773035362
leaf_count=7787 733 225 2188 1066 1258 2608 1632 848 904 1898 4356 1211 716 1097 2301
internal_value=0 9.01866e-05 0.000163532 0.000253613 0 0 8.6053e-05 -5.69168e-05 -0.000108001 -8.26439e-05 -5.51742e-06 4.00982e-06 9.40386e-05 -0.000114572 -3.48792e-05
internal_weight=5915.5 2315.64 1326.6 838.708 989.042 487.887 508.557 3599.86 480.484 2682.01 905.449 917.851 378.183 1776.56 539.667
internal_count=30828 10614 6087 3254 4527 2833 2890 20214 1637 15138 6254 5076 1927 8884 3149
is_linear=0
shrinkage=0.01444


Tree=114
num_leaves=16
num_cat=0
split_feature=22 26 30 10 33 18 27 18 19 18 19 15 27 18 33
split_gain=0.142419 0.077582 0.0795524 0.0840805 0.0435105 0.039301 0.0322034 0.0309955 0.0287252 0.018277 0.0190068 0.0173676 0.0242817 0.0168717 0.0107459
threshold=0.063237138395307424 0.47817185199232531 20.115000000000006 0.23283826751099265 0.051127597948578136 0.0030276587868209863 0.3257681380140795 -0.021480685883543234 0.047354635184692122 0.047914366268189686 0.021000670575133083 1.3989303541094695 0.16877505717566785 -0.016223781846996351 0.089890586346965687
decision_type=10 10 8 10 8 8 8 8 10 8 10 10 10 10 10
left_child=8 4 3 -3 6 -6 -2 -4 9 13 -11 14 -13 -1 -10
right_child=1 2 7 -5 5 -7 -8 -9 11 10 -12 12 -14 -15 -16
leaf_value=-1.3392963253137174e-05 -0.00018866469787758329 0 0.00017853938381664317 0.00030385612190441638 0 0.00021897626909281128 1.1566866116587635e-06 -8.1063067602280605e-05 -8.6604867820184759e-05 -0.00016621606919932686 6.7940151264015734e-05 0 0.00016172224834156847 -0.00013021183056664235 8.3690798289238217e-06
leaf_weight=642.22825521696359 340.19007055554539 144.7189248171635 140.60429559461772 743.05769736506045 261.91628909669816 246.64101268677041 140.29418149124831 298.21439323481172 498.75179352331907 95.422449776437134 283.56933110347018 282.23852908052504 273.76511974958703 1446.7421759720892 77.145162492059171
leaf_count=3556 1060 1036 470 3341 1388 1502 577 1240 2029 1411 1400 1578 1710 7960 570
internal_value=0 8.90333e-05 0.000161318 0.000239899 0 8.47703e-05 -0.000106089 0 -5.61114e-05 -8.37769e-05 0 0 6.15953e-05 -0.000100575 -5.11772e-05
internal_weight=5915.5 2315.64 1326.6 887.777 989.042 508.557 480.484 438.819 3599.86 2467.96 378.992 1131.9 556.004 2088.97 575.897
internal_count=30828 10614 6087 4377 4527 2890 1637 1710 20214 14327 2811 5887 3288 11516 2599
is_linear=0
shrinkage=0.01444


Tree=115
num_leaves=15
num_cat=0
split_feature=1 20 13 27 26 30 26 30 22 10 10 10 1 30
split_gain=0.141103 0.0841453 0.0851233 0.0708761 0.0492278 0.0373938 0.0225366 0.0211303 0.0200559 0.0162545 0.0160028 0.0130486 0.00277734 0.002604
threshold=0.093114224137931065 0.047798360384222811 1.5003862680559135 0.098302749079358195 0.6579948625170905 20.115000000000006 0.32297844984728219 18.225000000000005 0.046820090451900179 0.23637691387818935 0.83041821151019934 0.18514926208881577 0.091883445945945968 14.740000000000002
decision_type=2 10 8 8 8 10 10 10 10 10 10 10 2 8
left_child=6 5 4 -4 -3 8 12 9 -2 -8 -7 -9 13 -1
right_child=1 2 3 -5 -6 10 7 11 -10 -11 -12 -13 -14 -15
leaf_value=0 -2.7843459742613514e-05 -5.6517452512383102e-05 0 0.00025014156235122565 0.00020468928730854927 -0.00019931967163786329 -3.947866421622969e-05 0 0.00010356992664395335 7.8752970042398357e-05 0 -0.00014116820645654346 0 -0.00014031510850884453
leaf_weight=12.508202328346668 537.98511693277396 630.74622652726248 271.7699485514313 1000.1848674193025 196.307173400186 294.80721609387547 551.71870086318813 138.51352152368054 359.10257232747972 407.1354884179309 17.142752006649971 431.67099709901959 24.299366262974218 1041.6075320022646
leaf_count=1036 3353 2247 1480 4634 883 1298 3978 1172 1484 2243 98 2414 117 4391
internal_value=0 6.32538e-05 0.000119713 0.000193891 0 -2.39524e-05 -7.87752e-05 -3.11781e-05 1.0209e-05 0 -0.000163925 -0.000101611 -0.000134077 -0.000137623
internal_weight=5915.5 3308.05 2099.01 1271.95 827.053 1209.04 2607.45 1529.04 897.088 958.854 311.95 570.185 1078.42 1054.12
internal_count=30828 15477 9244 6114 3130 6233 15351 9807 4837 6221 1396 3586 5544 5427
is_linear=0
shrinkage=0.01444


Tree=116
num_leaves=15
num_cat=0
split_feature=20 7 17 21 16 30 18 18 21 9 35 28 19 34
split_gain=0.137583 0.0656587 0.0548456 0.0690504 0.0840523 0.0466979 0.0556726 0.0538141 0.0106864 0.0100842 0.00704494 0.00653959 0.00610238 0.00399147
threshold=0.097870332645339855 0.20171299417017149 0.7288838889345588 0.063301292265193723 1.1055688008521116 19.565000000000001 0.051398069569419953 -0.023951880168686931 0.068365401990186023 0.54091309280346012 4.6668765212852703 0.038550000000000008 0.071370182010233707 -0.12172422392819769
decision_type=10 8 8 10 8 8 10 10 10 10 2 10 8 8
left_child=1 10 8 11 -5 6 -3 -7 -2 -10 13 -4 -12 -1
right_child=2 5 3 4 -6 7 -8 -9 9 -11 12 -13 -14 -15
leaf_value=0 0 3.0177338478098711e-06 5.6274689116713275e-05 0.00015806002988503343 0.00066630058242471489 2.2229784899365107e-05 0.00020386753911319413 -0.00015051594307494135 -0.00029942052402964704 0 -6.7689307884786956e-05 -0.00011420879174736248 0 -0.0001732785839561075
leaf_weight=12.862995378673075 36.880420934408903 2255.4306356040761 154.98041455959901 395.19754165410995 129.88750952389091 518.3170710769482 357.79315808368847 767.30238411203027 51.062206445261836 15.619647503830491 480.27180381538346 66.221774268895388 40.970774097368121 632.70134469820186
leaf_count=200 160 10210 1004 1695 460 3362 1574 3604 164 84 3155 358 332 4466
internal_value=0 -2.79318e-05 0.000170548 0.000219169 0.000309258 0 3.55633e-05 -7.07132e-05 -5.33911e-05 -0.000193788 -0.000122938 0 -4.2232e-05 -0.000167749
internal_weight=5915.5 5065.65 849.85 746.287 525.085 3898.84 2613.22 1285.62 103.562 66.6819 1166.81 221.202 521.243 645.564
internal_count=30828 26903 3925 3517 2155 18750 11784 6966 408 248 8153 1362 3487 4666
is_linear=0
shrinkage=0.01444


Tree=117
num_leaves=15
num_cat=0
split_feature=1 20 26 26 12 32 18 8 26 32 18 10 1 32
split_gain=0.135047 0.0804472 0.0820308 0.0730015 0.0506753 0.0354737 0.0314608 0.022869 0.0217192 0.0198529 0.0181699 0.0127205 0.00272771 0.0025839
threshold=0.093114224137931065 0.047798360384222811 0.6579948625170905 0.86248486856294571 0.038386596942690275 0.8337730870712402 0.0551951758782201 0.59737366791721336 0.32046298041491694 0.72559366754617427 0.047914366268189686 0.18514926208881577 0.091883445945945968 0.30474934036939322
decision_type=2 10 10 10 10 10 10 10 10 10 10 10 2 8
left_child=8 5 4 -4 -3 6 -2 -7 12 10 -10 -11 13 -1
right_child=1 2 3 -5 -6 7 -8 -9 9 11 -12 -13 -14 -15
leaf_value=0 -2.5417385994640746e-06 0.00021483180057720356 0.00037218588004907612 0 0 -0.00021485954157693656 0.00027737556895241991 0 -1.1947285852719676e-05 0 0.00018717426385284113 -0.00013807285086227402 0 -0.00013835050019385118
leaf_weight=12.430143230594693 811.33005952159874 301.15689294459298 416.55800948385149 202.13035758398473 1179.162955885753 275.13194722030312 85.757629738654941 36.818020880222321 869.83571789204143 138.51352152368054 104.03911133762449 431.67099709901959 24.299366262974218 1026.6649511514697
leaf_count=1022 4403 1639 1985 1056 4564 1170 434 226 5705 1172 578 2414 117 4343
internal_value=0 6.19197e-05 0.000117144 0.000262155 4.76221e-05 -2.31425e-05 9.78878e-06 -0.000159583 -7.70268e-05 -3.06181e-05 0 -9.89451e-05 -0.000132057 -0.000135624
internal_weight=5915.5 3308.05 2099.01 618.688 1480.32 1209.04 897.088 311.95 2607.45 1544.06 973.875 570.185 1063.39 1039.1
internal_count=30828 15477 9244 3041 6203 6233 4837 1396 15351 9869 6283 3586 5482 5365
is_linear=0
shrinkage=0.01444


Tree=118
num_leaves=16
num_cat=0
split_feature=20 9 13 19 10 26 32 8 22 9 24 32 16 7 32
split_gain=0.131334 0.0637913 0.106014 0.0537598 0.0657879 0.0689114 0.0510641 0.0431855 0.0236069 0.0220901 0.0328801 0.0209208 0.0128748 0.00630687 0.000545688
threshold=0.097870332645339855 0.29639959757329831 1.6310514805902907 0.10497008599521244 0.37382628954106484 0.97830292514639117 0.81200527704485503 0.26576629848289351 0.088785458163969433 0.18588624619202479 9.5000000000000018 0.8700527704485489 1.3271162669607086 0.24925941270061688 0.33047493403693934
decision_type=10 10 10 10 8 10 10 10 10 8 2 10 10 8 10
left_child=1 9 11 8 7 -6 -4 -5 13 14 -11 -3 -10 -2 -1
right_child=3 2 6 4 5 -7 -8 -9 12 10 -12 -13 -14 -15 -16
leaf_value=0 0 0 0.00029618902657461136 0.00034511319810667671 0.00043012536912240891 -1.4062272021369238e-05 0 -1.0392633391609969e-05 -0.0003707185912065777 -0.00013501291303952864 -4.5351235387035503e-06 -0.00011513865875338652 0 0.00014740059582551851 -0.00014930693429289816
leaf_weight=16.798736440949142 19.077921276912093 822.68843217240646 390.68335311580449 77.939720014575869 337.52790526486933 23.473097987473011 167.94141727173701 262.15985288657248 54.053574193269014 597.72078587161377 1989.750593572855 402.10546397417784 10.306981085799633 65.310462180525064 677.96138444682583
leaf_count=954 114 2927 2056 664 1393 76 797 1106 328 9653 4197 1873 40 204 4446
internal_value=0 -2.71742e-05 3.7775e-05 0.000166742 0.000222829 0.000365059 0.000205764 3.30796e-05 -9.77759e-06 -6.64529e-05 -3.97571e-05 -2.82196e-05 -0.000272503 3.69568e-05 -0.000146936
internal_weight=5915.5 5065.65 1783.42 849.85 701.101 361.001 558.625 340.1 148.749 3282.23 2587.47 1224.79 64.3606 84.3884 694.76
internal_count=30828 26903 7653 3925 3239 1469 2853 1770 686 19250 13850 4800 368 318 5400
is_linear=0
shrinkage=0.01444


Tree=119
num_leaves=15
num_cat=0
split_feature=1 20 13 11 26 32 8 9 26 32 10 10 1 32
split_gain=0.12869 0.0767564 0.0806007 0.0695119 0.0457001 0.0338409 0.0223473 0.0221172 0.0209437 0.0193023 0.0151739 0.0124246 0.00261665 0.00247278
threshold=0.093114224137931065 0.047798360384222811 1.5003862680559135 0.3397019608358447 0.6579948625170905 0.8337730870712402 0.59737366791721336 0.28962098240979045 0.32297844984728219 0.72559366754617427 0.23637691387818935 0.18514926208881577 0.091883445945945968 0.30474934036939322
decision_type=2 10 8 10 8 10 10 8 10 10 10 10 2 8
left_child=8 5 4 -4 -3 7 -7 -2 12 10 -10 -11 13 -1
right_child=1 2 3 -5 -6 6 -8 -9 9 11 -12 -13 -14 -15
leaf_value=0 -4.5232557643826945e-05 -5.6517853584177795e-05 5.0778678982021351e-05 0.00029682240588305809 0.00019534867683572248 -0.00021078594725574434 0 9.1151915503391055e-05 -3.7265788995134204e-05 0 7.6677459897233331e-05 -0.00013522345377494217 0 -0.00013468615454373118
leaf_weight=12.508202328346668 442.12829556269571 630.74622652726248 623.81886010896415 648.13595586176962 196.307173400186 275.13194722030312 36.818020880222321 454.95939369755797 551.71870086318813 138.51352152368054 407.1354884179309 431.67099709901959 24.299366262974218 1041.6075320022646
leaf_count=1036 2378 2247 3520 2594 883 1170 226 2459 3978 1172 2243 2414 117 4391
internal_value=0 6.03958e-05 0.000114366 0.000186515 0 -2.24892e-05 -0.000155837 9.365e-06 -7.52422e-05 -2.90179e-05 0 -9.64807e-05 -0.0001286 -0.000132047
internal_weight=5915.5 3308.05 2099.01 1271.95 827.053 1209.04 311.95 897.088 2607.45 1529.04 958.854 570.185 1078.42 1054.12
internal_count=30828 15477 9244 6114 3130 6233 1396 4837 15351 9807 6221 3586 5544 5427
is_linear=0
shrinkage=0.01444


Tree=120
num_leaves=15
num_cat=0
split_feature=1 26 30 5 17 23 23 26 30 10 10 10 1 30
split_gain=0.125164 0.0748834 0.0895512 0.104606 0.0510451 0.0368728 0.0263239 0.0202254 0.0184568 0.0177306 0.0152095 0.0121132 0.00257552 0.00246841
threshold=0.093114224137931065 0.46567929232646349 20.115000000000006 0.17499127704117243 0.9686542518080864 0.099528401005634939 0.079902914458421473 0.32046298041491694 18.225000000000005 0.22521855932489451 0.23637691387818935 0.18514926208881577 0.091883445945945968 14.740000000000002
decision_type=2 10 8 10 8 10 8 10 10 10 10 10 2 8
left_child=7 4 3 -3 9 -6 -4 12 10 -2 -9 -10 13 -1
right_child=1 2 6 -5 5 -7 -8 8 11 -11 -12 -13 -14 -15
leaf_value=0 0 8.2818875162301002e-06 -9.0696213920100032e-05 0.0003201077625566343 8.0134643014363715e-06 0.00032604801821873387 0.00010446070757854187 -3.8597355522178215e-05 0 -0.00014170812212733713 7.5173614012632073e-05 -0.00013327334221961912 0 -0.00013356555043585346
leaf_weight=12.430143230594693 140.52231630356982 476.39270889293402 375.71328025497496 660.81801589019597 775.29825302772224 100.66565612936392 218.81180266919546 561.36933094053529 138.51352152368054 559.82384009100497 412.50549828913063 431.67099709901959 24.299366262974218 1026.6649511514697
leaf_count=1022 686 2065 1750 3564 3689 542 842 4022 1172 2339 2261 2414 117 4343
internal_value=0 5.95655e-05 0.00012558 0.000201053 -4.67481e-06 5.96808e-05 0 -7.42013e-05 -2.90429e-05 -0.000103829 0 -9.50039e-05 -0.000127418 -0.000130887
internal_weight=5915.5 3308.05 1731.74 1137.21 1576.31 875.964 594.525 2607.45 1544.06 700.346 973.875 570.185 1063.39 1039.1
internal_count=30828 15477 8221 5629 7256 4231 2592 15351 9869 3025 6283 3586 5482 5365
is_linear=0
shrinkage=0.01444


Tree=121
num_leaves=16
num_cat=0
split_feature=20 5 26 21 7 15 26 25 26 35 28 35 33 33 33
split_gain=0.121213 0.0750687 0.0751621 0.0734329 0.0599692 0.0478723 0.0474148 0.0285716 0.0392306 0.0156946 0.0152839 0.00715895 0.00584652 0.00353252 0.00176659
threshold=0.097870332645339855 0.25244402371303193 0.50285312320615605 0.061158271697959475 0.20171299417017149 1.0804103603529851 0.4306445085591542 1.1296086455121952 0.77707186036207132 4.2485666655192338 -0.049350000000000026 4.6668765212852703 0.052918600384176291 0.029755976761547513 0.15103670548150908
decision_type=10 8 10 10 8 10 10 10 10 2 8 2 10 10 10
left_child=4 7 13 -4 11 9 -7 8 -2 -6 -9 14 -13 -3 -1
right_child=1 2 3 -5 5 6 -8 10 -10 -11 -12 12 -14 -15 -16
leaf_value=-0.00016579550780398389 0.00019720288831286765 0.00012698706188023895 0 0.00059106176521629044 0 -1.7448113118969002e-05 9.4791235761795267e-05 0 -7.8162179240409246e-05 -0.00013351515969291689 -0.00023438254894524513 -8.4374292133619313e-05 0 -2.458343120272892e-05 0
leaf_weight=621.46195002226159 288.92600524192676 42.140241005457938 42.603083769790828 195.08306776639074 451.15836381656118 1499.1155339926481 1364.8044320400804 11.50002996670082 88.728001524694264 583.76491902745329 101.89588310522959 272.44989924924448 248.7926786635071 78.97320250980556 24.102390054613352
leaf_count=4502 1135 217 268 768 2758 6269 6757 94 394 2966 653 1573 1914 396 164
internal_value=0 0.000160173 0.000322449 0.000471818 -2.61226e-05 0 3.14776e-05 1.47415e-05 9.78745e-05 -8.30601e-05 -0.00014637 -0.000116932 -3.72611e-05 0 -0.000160912
internal_weight=5915.5 849.85 358.8 237.686 5065.65 3898.84 2863.92 491.05 377.654 1034.92 113.396 1166.81 521.243 121.113 645.564
internal_count=30828 3925 1649 1036 26903 18750 13026 2276 1529 5724 747 8153 3487 613 4666
is_linear=0
shrinkage=0.01444


Tree=122
num_leaves=15
num_cat=0
split_feature=1 26 32 14 18 15 9 26 32 18 10 10 32 21
split_gain=0.119655 0.0758719 0.0809179 0.0650563 0.0409881 0.0250507 0.0368045 0.0137053 0.0140769 0.0129579 0.0118023 0.0113313 0.00240343 0.00136901
threshold=0.089629120879120908 0.46840619453199672 0.8337730870712402 1.5428214712118395 -0.021480685883543234 1.3670672818276219 0.27975014802557674 0.32046298041491694 0.72559366754617427 0.06352782867797814 0.1385794933204865 0.23637691387818935 0.33575197889182068 0.0098343182765578078
decision_type=2 10 8 10 8 8 8 10 10 10 10 10 8 10
left_child=7 5 3 -3 -4 9 -7 12 11 -2 -10 -9 -1 -14
right_child=1 2 4 -5 -6 6 -8 8 10 -11 -12 -13 13 -15
leaf_value=0 -0.00011763465108175031 2.3990123817519638e-05 0.00016208476310586908 0.00028060966945506508 -9.2021350949481436e-05 -5.6214740920163704e-05 0.0001038638546700133 -4.2763358674214546e-05 0 0 -0.00012136766898544394 6.1421737042869642e-05 0 -0.00014128445142263442
leaf_weight=21.271324066445231 527.91083580162376 459.93816903233528 187.61092103738338 714.52091850852594 424.94595237844624 458.56108874641359 641.2641917981673 530.97864159895107 38.551844708155841 83.64596766512841 481.91567595396191 368.07318591605872 151.18603899003938 825.12492555473
leaf_count=1094 1932 2385 770 3544 1952 2396 3141 3840 368 366 2926 2035 1377 2702
internal_value=0 5.45233e-05 0.000120912 0.000191313 0 -7.16962e-06 2.52293e-05 -7.7572e-05 -3.47082e-05 -8.67924e-05 -9.44294e-05 0 -0.000125397 -0.000128762
internal_weight=5915.5 3498.4 1787.02 1174.46 612.557 1711.38 1099.83 2417.1 1419.52 611.557 520.468 899.052 997.582 976.311
internal_count=30828 16486 8651 5929 2722 7835 5537 14342 9169 2298 3294 5875 5173 4079
is_linear=0
shrinkage=0.01444


Tree=123
num_leaves=15
num_cat=0
split_feature=22 28 27 27 15 9 32 26 19 9 10 27 34 34
split_gain=0.114582 0.0971873 0.0995012 0.0953582 0.0691472 0.0754121 0.0215103 0.0106609 0.00864183 0.00800919 0.0045885 0.00672966 0.00425423 0.00292481
threshold=0.046820090451900179 0.066499999999999962 0.17238392229950586 0.56606393494717722 1.4545529237241068 0.27711586557021101 0.50065963060686025 0.44265030163223823 0.048747094129625919 0.40479534494375474 0.23637691387818935 0.38514719608246162 -0.034324467717837918 0.0017102978584755404
decision_type=10 10 10 10 8 10 10 10 10 10 8 8 8 8
left_child=7 4 12 -4 6 -6 -2 8 9 -1 13 -12 -3 -9
right_child=1 2 3 -5 5 -7 -8 10 -10 -11 11 -13 -14 -15
leaf_value=-0.0001147782632891311 3.7574774190789232e-05 0 0.00060291909701307926 0 0 0.00017495750799957952 -8.0025163317686557e-05 -8.8279049903049249e-05 0 0 9.7725822785480729e-05 -5.5812124672781322e-06 -0.00010582916105785963 0
leaf_weight=1503.0090516437776 283.06238878890872 23.277926567010581 189.30057334713638 63.889005187898874 846.37327557755634 936.10566296149045 1124.6154390582815 201.6707210149616 173.912050165236 38.113007456064224 145.49103333102539 269.78102668514475 78.647059651091695 38.251460320781916
leaf_count=7915 1868 218 736 306 5200 3939 4177 2265 568 210 1109 1781 286 250
internal_value=0 5.24896e-05 0.000282498 0.000440029 2.27384e-05 8.52125e-05 -4.70761e-05 -7.7181e-05 -9.75814e-05 -0.000108467 -3.77997e-06 0 0 -6.33841e-05
internal_weight=5915.5 3545.27 355.115 253.19 3190.16 1782.48 1407.68 2370.23 1715.03 1541.12 655.194 415.272 101.925 239.922
internal_count=30828 16730 1546 1042 15184 9139 6045 14098 8693 8125 5405 2890 504 2515
is_linear=0
shrinkage=0.01444


Tree=124
num_leaves=16
num_cat=0
split_feature=20 0 5 8 30 8 18 8 18 30 12 12 19 35 17
split_gain=0.113233 0.0781001 0.061353 0.0561342 0.029932 0.0486778 0.0279414 0.0217582 0.0215601 0.018502 0.018266 0.0354814 0.0188628 0.00467275 3.9375e-05
threshold=0.047798360384222811 0.51222500000000015 0.17574011266013317 0.34854244319295741 20.115000000000006 0.22871272789544542 0.047914366268189686 0.59737366791721336 -0.016223781846996351 17.745000000000001 0.048423565870157441 0.028045531792925908 0.069767649108164367 2.4006171893491755 1.1817191397765912
decision_type=10 2 8 8 10 8 10 10 10 10 8 10 10 2 10
left_child=4 10 9 -4 5 13 -7 8 -6 -3 11 -2 -12 -1 -9
right_child=1 2 3 -5 7 6 -8 14 -10 -11 12 -13 -14 -15 -16
leaf_value=0 -9.9682488485662685e-05 0.00012623541848638477 3.6165065528721132e-05 0.00028987363767278687 0 0 0.0001759902073140064 0 -0.000237857666009725 -4.6006159851419217e-05 0 0.00012376813962571839 -0.00015103127352762802 -0.00010792743126632849 2.8425729798407673e-05
leaf_weight=11.315943051129578 182.05501440213993 190.34935828251764 444.30507037695497 622.79377427883446 138.57495525479317 1113.9336925656535 204.97054652264342 32.15214616060257 426.02758119255304 384.85832890262827 317.78726369608194 402.53341808822006 320.92461950238794 1113.313440724276 9.6045287549495679
leaf_count=78 1631 894 2494 2427 830 5893 850 226 1940 1180 1399 2535 1481 6936 34
internal_value=0 6.56678e-05 0.000131624 0.000196573 -6.07311e-05 -3.12707e-05 2.02216e-05 -0.000157745 -0.000186412 0 -1.22026e-05 3.17794e-05 -7.29284e-05 -0.000103273 0
internal_weight=5915.5 2865.61 1642.31 1067.1 3049.89 2443.53 1318.9 606.359 564.603 575.208 1223.3 584.588 638.712 1124.63 41.7567
internal_count=30828 14041 6995 4921 16787 13757 6743 3030 2770 2074 7046 4166 2880 7014 260
is_linear=0
shrinkage=0.01444


Tree=125
num_leaves=16
num_cat=0
split_feature=22 28 27 31 15 8 32 17 26 12 23 7 18 28 23
split_gain=0.108818 0.0935164 0.0965954 0.118734 0.0665919 0.053244 0.0210214 0.0109135 0.0165079 0.00866796 0.00800057 0.00867179 0.00795298 0.00346341 0.00186393
threshold=0.046820090451900179 0.066499999999999962 0.17238392229950586 3.4950000000000006 1.4545529237241068 0.2969927659967378 0.50065963060686025 1.2017995962665993 0.55458824463579914 0.054023450097541718 0.035056640984716399 0.3461178278417798 0.057777098706278347 0.011600000000000029 0.031772714629699973
decision_type=10 10 10 8 8 10 10 10 10 8 8 10 8 10 8
left_child=7 4 9 -4 6 -6 -2 8 12 -3 13 -12 -1 -9 -10
right_child=1 2 3 -5 5 -7 -8 10 14 -11 11 -13 -14 -15 -16
leaf_value=-0.00012551255758420072 3.6750823756640583e-05 0 0.00064042218865722263 0 2.2525303990710947e-06 0.0001763096288634801 -7.9175154862773538e-05 -8.30216379619631e-05 4.7171594116626087e-05 -0.00019057843592231927 0.00013829264109728397 0 0 0 -2.5280385751117357e-05
leaf_weight=1319.4880027319305 283.06238878890872 52.71875533927232 175.34205895476043 77.84751958027482 1028.4935662695207 753.98537226952612 1124.6154390582815 249.31352950027213 134.99688155949116 49.206230878829956 128.92556391982362 22.778369423002005 204.24150798423216 174.86933679506183 135.61515870317817
leaf_count=6442 1868 302 748 294 6319 2820 4177 1414 1430 202 814 114 1868 932 1084
internal_value=0 5.11327e-05 0.000276766 0.000432139 2.18695e-05 8.32523e-05 -4.65629e-05 -7.52344e-05 -9.35099e-05 0 0 6.62431e-05 -0.000112048 -4.85241e-05 0
internal_weight=5915.5 3545.27 355.115 253.19 3190.16 1782.48 1407.68 2370.23 1794.34 101.925 575.887 151.704 1523.73 424.183 270.612
internal_count=30828 16730 1546 1042 15184 9139 6045 14098 10824 504 3274 928 8310 2346 2514
is_linear=0
shrinkage=0.01444


Tree=126
num_leaves=15
num_cat=0
split_feature=1 26 5 31 23 12 23 18 26 21 18 26 21 1
split_gain=0.1103 0.0722607 0.0867246 0.105572 0.0299111 0.0296809 0.049655 0.0242573 0.0119504 0.0110904 0.0101313 0.00394542 0.00160994 0.00104596
threshold=0.089160256410256419 0.46840619453199672 0.17499127704117243 3.8299999999999987 0.079256480171131335 0.096406516875965756 0.095946753256785991 0.064769532866152293 0.32046298041491694 0.017713051425618662 -0.021480685883543234 0.48515791475977071 0.0098343182765578078 0.086120071684587837
decision_type=2 10 10 8 10 10 10 10 10 10 8 10 10 2
left_child=8 5 4 -4 -3 6 -2 -7 12 10 -10 -11 -1 -14
right_child=1 2 3 -5 -6 7 -8 -9 9 11 -12 -13 13 -15
leaf_value=0 -6.1007708281850112e-06 -5.9004800185379667e-05 0.00029029558828634632 0 0.00014538425375643134 -0.00020674642708823728 0.00028269896538634412 0 0 1.6659826685452584e-05 -0.00014196419104236529 -3.8002336281395748e-05 -0.00013617269720317572 0
leaf_weight=151.51212965650484 1290.0791482815985 539.41644214256667 765.56715489178896 285.92393222474493 205.57429319666699 260.82301638647914 130.68843067623675 39.879947712644935 89.26256130868569 555.53837998397648 297.58242620690726 462.21818855125457 805.85348740778863 35.58014312852174
leaf_count=1587 5795 2413 4212 1320 774 1104 783 202 554 2323 2285 3919 3353 204
internal_value=0 5.19825e-05 0.000116682 0.000201108 0 -7.94998e-06 1.13542e-05 -0.000142465 -7.50055e-05 -3.35711e-05 -0.000100285 0 -0.00012039 -0.000132289
internal_weight=5915.5 3517.95 1796.48 1051.49 744.991 1721.47 1420.77 300.703 2397.55 1404.6 386.845 1017.76 992.946 841.434
internal_count=30828 16603 8719 5532 3187 7884 6578 1306 14225 9081 2839 6242 5144 3557
is_linear=0
shrinkage=0.01444


Tree=127
num_leaves=15
num_cat=0
split_feature=1 26 34 34 28 17 23 28 1 28 10 8 17 26
split_gain=0.107286 0.0702428 0.0789821 0.0713995 0.059972 0.043795 0.0365314 0.0311057 0.0172659 0.00740052 0.00868734 0.0066592 0.0036242 0.00139129
threshold=0.095571895424836614 0.46840619453199672 -0.010894677326784062 -0.018181590198530048 -0.018499999999999985 0.9686542518080864 0.099528401005634939 0.01035 0.07191742081447966 0.0041000000000000212 0.33110972504190606 0.26316800077471864 1.5996832346543948 0.88496734072190331
decision_type=2 10 8 10 10 8 10 8 2 10 10 8 10 10
left_child=8 5 3 -3 -4 7 -7 -2 12 10 -10 -11 13 -1
right_child=1 2 4 -5 -6 6 -8 -9 9 11 -12 -13 -14 -15
leaf_value=-0.00011249063785509935 0 8.4997407603500498e-05 -0.0001798197837599437 0.00041003396866876008 9.3775718440204601e-05 1.234169084414016e-06 0.0003186175912492872 -0.00020213024794035726 -7.9643795367641401e-05 5.6067079264481599e-05 0 -2.775254611011172e-05 0 0
leaf_weight=1274.6728292237967 355.88899068860337 513.93873659428209 217.84380648005754 312.64440889284015 623.51433587237261 743.74127897294238 98.846648460719734 322.34212406072766 593.19398635416292 377.82748420210555 135.2932585068047 259.57954349229112 75.450929616112262 10.721320338547228
leaf_count=7754 1673 3964 864 776 2266 3506 536 1238 3334 2292 721 1202 500 202
internal_value=0 5.72864e-05 0.000122562 0.000223958 7.31555e-06 -5.71792e-06 5.41794e-05 -9.93995e-05 -6.60662e-05 -1.73849e-05 -5.17817e-05 1.4178e-06 -0.000105285 -0.000111009
internal_weight=5915.5 3188.76 1667.94 826.583 841.358 1520.82 842.588 678.231 2726.74 1365.89 728.487 637.407 1360.85 1285.39
internal_count=30828 14823 7870 4740 3130 6953 4042 2911 16005 7549 4055 3494 8456 7956
is_linear=0
shrinkage=0.01444


Tree=128
num_leaves=16
num_cat=0
split_feature=22 0 5 30 23 30 23 10 17 27 23 11 24 21 33
split_gain=0.101669 0.101631 0.0612035 0.087515 0.0268774 0.019784 0.0251042 0.0147706 0.0104136 0.00988271 0.00753264 0.00892004 0.0071978 0.00593063 0.00305902
threshold=0.046820090451900179 0.51485000000000014 0.17574011266013317 19.815000000000001 0.079256480171131335 16.345000000000002 0.046978165267125956 0.25577753421917621 1.2017995962665993 0.97291879549105864 0.035056640984716399 0.40136827801005404 10.500000000000002 0.044798349915059391 0.0083530813047436609
decision_type=10 2 8 10 10 8 10 8 10 10 8 10 2 10 10
left_child=8 5 4 -4 -3 6 -2 -7 9 13 14 -12 -11 -1 -10
right_child=1 2 3 -5 -6 7 -8 -9 10 12 11 -13 -14 -15 -16
leaf_value=-0.00010541701016886398 0.0002185084632505735 -5.7664236963619756e-05 0.00026053770521123183 0 0.00012335977367707954 0 0 -0.00010734136320413682 0 0 0.0001383174224601815 0 0.00023368008023205402 0 -6.3172936716823463e-05
leaf_weight=1620.0861318027601 122.95314042828977 420.50020645558834 877.69464041665196 331.23877770081162 275.71584092639387 528.39078482426703 313.55249496456236 675.22544542280957 32.846519643906504 61.234498815611005 130.35055179474875 21.353381548076868 26.928277730941772 86.092642629519105 391.33634665142745
leaf_count=9848 649 1444 4203 1434 974 2756 2466 2804 504 464 800 128 34 478 1842
internal_value=0 4.94147e-05 0.000122518 0.000184939 0 -2.75349e-05 3.89338e-05 -6.25187e-05 -7.27315e-05 -9.05364e-05 0 6.5062e-05 0 -9.91344e-05 -4.66954e-05
internal_weight=5915.5 3545.27 1905.15 1208.93 696.216 1640.12 436.506 1203.62 2370.23 1794.34 575.887 151.704 88.1628 1706.18 424.183
internal_count=30828 16730 8055 5637 2418 8675 3115 5560 14098 10824 3274 928 498 10326 2346
is_linear=0
shrinkage=0.01444


Tree=129
num_leaves=15
num_cat=0
split_feature=19 5 26 30 7 15 26 35 26 26 23 23 30 26
split_gain=0.0997349 0.0703276 0.0644649 0.0881147 0.0516381 0.0396523 0.0398273 0.0123383 0.00838283 0.0263387 0.0118306 0.00644388 0.00293967 0.00175572
threshold=0.10615902840798833 0.17574011266013317 0.42317325232094211 20.240000000000006 0.21030227905456669 0.9491924534509667 0.42686807687334488 5.7188347252648075 0.77707186036207132 0.68838627591746226 0.10205142661149109 0.098281512873280061 15.795000000000002 0.29444317845525037
decision_type=10 8 10 10 8 8 10 2 10 8 10 8 10 8
left_child=4 8 13 -4 11 7 -7 -6 9 -2 -10 12 -1 -3
right_child=1 2 3 -5 5 6 -8 -9 10 -11 -12 -13 -14 -15
leaf_value=0 -7.8982578885164478e-05 0 0.00043338419068595182 0 -0.00015189478949365857 -2.0652845953692152e-05 7.6460507467418303e-05 0 -0.00040457399495031732 0.00029541368240378724 0 0 -0.00011820534867069092 -6.4446015739027255e-05
leaf_weight=221.3016866222024 145.54359326558188 45.459976345300674 341.88289598561823 134.00957513228059 403.65955247636884 1713.5110642923974 1554.1403180859052 49.206720658577979 25.723124273121357 51.931296845898032 13.070081171579657 13.005054146982728 1115.4661776572466 87.588564797304571
leaf_count=2812 718 232 1570 500 2023 7696 7710 222 108 188 58 104 6388 499
internal_value=0 0.000145582 0.000230927 0.000310534 -2.37938e-05 5.25147e-07 2.15352e-05 -0.000122042 -1.91292e-05 0 -0.000215923 -0.000100494 -0.000105839 0
internal_weight=5915.5 845.209 608.941 475.892 5070.29 3720.52 3267.65 452.866 236.268 197.475 38.7932 1349.77 1336.77 133.049
internal_count=30828 3873 2801 2070 26955 17651 15406 2245 1072 906 166 9304 9200 731
is_linear=0
shrinkage=0.01444


Tree=130
num_leaves=15
num_cat=0
split_feature=1 26 5 31 23 28 9 10 26 21 15 24 21 28
split_gain=0.100897 0.0645152 0.0803652 0.0988732 0.0285289 0.0241322 0.0481858 0.0317594 0.0118919 0.0112996 0.00535108 0.003576 0.0015713 0.00252611
threshold=0.089629120879120908 0.46840619453199672 0.17499127704117243 3.8299999999999987 0.079256480171131335 0.0077999999999999884 0.29487422631058152 0.24432346331024038 0.32046298041491694 0.017713051425618662 1.5572678738677674 11.500000000000002 0.0098343182765578078 -0.047149999999999991
decision_type=2 10 10 8 10 10 8 8 10 10 10 2 10 8
left_child=8 5 4 -4 -3 6 -2 -7 12 10 -10 -11 -1 -14
right_child=1 2 3 -5 -6 7 -8 -9 9 11 -12 -13 13 -15
leaf_value=0 -6.1997929022445056e-05 -5.9136330852303505e-05 0.00027966254018422138 0 0.00014052908769053235 5.4928683785162539e-05 0.00012339313393694665 -0.00014498756214801045 -0.00014197859992285587 -2.5057265874374709e-05 0 2.9896631091682446e-05 0 -0.00013558436207012541
leaf_weight=152.29162215394899 492.89915961120278 536.51420558034442 759.88155201636255 285.06050042854622 205.55970293143764 131.92313439818099 584.13661866658367 502.42317133536562 237.98989432165399 663.63277342636138 150.79051853669807 367.10616189241409 67.092593173496425 778.19807328376919
leaf_count=1593 2341 2389 4184 1306 772 612 2872 2010 1678 5802 1173 516 386 3194
internal_value=0 4.99206e-05 0.000111193 0.000192788 0 -6.42782e-06 2.64135e-05 -8.27811e-05 -7.13813e-05 -3.06805e-05 -9.73905e-05 0 -0.000116132 -0.00012768
internal_weight=5915.5 3498.4 1787.02 1044.94 742.074 1711.38 1077.04 634.346 2417.1 1419.52 388.78 1030.74 997.582 845.291
internal_count=30828 16486 8651 5490 3161 7835 5213 2622 14342 9169 2851 6318 5173 3580
is_linear=0
shrinkage=0.01444


Tree=131
num_leaves=14
num_cat=0
split_feature=1 22 5 30 23 12 1 28 20 10 26 21 19
split_gain=0.0982001 0.0640115 0.0833411 0.0763792 0.0481896 0.0122963 0.0111166 0.00889375 0.00952113 0.00872995 0.0061229 0.00430086 0.000181161
threshold=0.089160256410256419 0.046820090451900179 0.17574011266013317 19.775000000000002 0.079256480171131335 0.092226761228453843 0.060971675845790725 0.0041000000000000212 0.068046369619837163 0.33110972504190606 0.67346648161468614 0.028045600284292004 0.0088578494548245141
decision_type=2 10 8 10 10 10 2 10 10 10 10 8 10
left_child=6 5 4 -4 -3 11 12 9 -9 -8 -7 -2 -1
right_child=1 2 3 -5 -6 10 7 8 -10 -11 -12 -13 -14
leaf_value=0 0 -7.3783206300752694e-05 0.00021308692057531574 0 0.000133338447877333 -0.00019866363924853986 -8.9891065513832827e-05 1.9131374659605566e-05 -0.00012976051491021994 0 0 -6.0386607861367233e-05 -0.00012791291361784394
leaf_weight=24.520307445898652 432.70443687401712 767.53492917772382 1162.6268387916498 410.69753950927407 329.42064605141059 152.91479888092726 730.77919223764911 659.17171668331139 103.0091811651364 134.33150657173246 15.183079572394488 246.87009665532969 745.7354121399112
leaf_count=410 1970 2834 5419 1950 1346 820 4250 3636 626 733 124 2140 4570
internal_value=0 4.88213e-05 8.54721e-05 0.000153097 0 -5.11808e-05 -7.10022e-05 -3.70514e-05 0 -6.87294e-05 -0.000168358 -2.83455e-06 -0.000125667
internal_weight=5915.5 3517.95 2670.28 1573.32 1096.96 847.672 2397.55 1627.29 762.181 865.111 168.098 679.575 770.256
internal_count=30828 16603 11549 7369 4180 5054 14225 9245 4262 4983 944 4110 4980
is_linear=0
shrinkage=0.01444


Tree=132
num_leaves=15
num_cat=0
split_feature=1 20 13 11 32 18 23 1 24 34 23 21 35 18
split_gain=0.0955345 0.0602596 0.0752908 0.0569665 0.025048 0.0259615 0.017371 0.0156999 0.0125254 0.0160477 0.0114305 0.00880823 0.00405729 0.00625035
threshold=0.095571895424836614 0.047798360384222811 1.4955428100427295 0.3397019608358447 0.8337730870712402 0.0551951758782201 0.026341683945632913 0.07191742081447966 11.500000000000002 -0.017919866171541284 0.097245474545194402 0.038188074844901755 5.8833777244597796 -0.014782070773560361
decision_type=2 10 8 10 10 10 8 2 2 8 10 10 2 8
left_child=7 4 10 -4 5 -2 -6 12 9 -9 -3 -10 13 -1
right_child=1 2 3 -5 6 -7 -8 8 11 -11 -12 -13 -14 -15
leaf_value=0 -4.6980152406391109e-06 -3.6161421424797147e-05 4.391120687324343e-05 0.00027180014338733395 0 0.00026065300025810198 -0.00020054224916532981 0 9.0050826606948044e-05 -0.00011929595757313275 9.6706295982235688e-05 0 0 -0.00012792549045053143
leaf_weight=274.36567471735179 768.02046950743534 626.64998492831364 606.81686999788508 645.32459430862218 64.804484454914927 79.160492337308824 231.38562711793929 510.00060770940036 278.31109715998173 411.77655833377503 166.59780737012625 165.80600935220718 123.88612137455493 962.59328308654949
leaf_count=1690 4153 2321 3387 2574 394 411 924 4260 395 2656 659 238 772 5994
internal_value=0 5.38435e-05 0.000102054 0.000171879 -2.09639e-05 4.80892e-06 -0.000138667 -6.256e-05 -1.56578e-05 -5.22909e-05 0 3.09061e-05 -9.99948e-05 -0.000108091
internal_weight=5915.5 3188.76 2045.39 1252.14 1143.37 847.181 296.19 2726.74 1365.89 921.777 793.248 444.117 1360.85 1236.96
internal_count=30828 14823 8941 5961 5882 4564 1318 16005 7549 6916 2980 633 8456 7684
is_linear=0
shrinkage=0.01444


Tree=133
num_leaves=15
num_cat=0
split_feature=1 26 34 35 35 17 23 1 10 24 33 21 35 17
split_gain=0.0930367 0.0632048 0.0726011 0.0908617 0.0812395 0.0420668 0.0340567 0.0152214 0.0122067 0.0121181 0.0194851 0.00860377 0.00392033 0.00370701
threshold=0.095571895424836614 0.46840619453199672 -0.010894677326784062 3.4193646320444038 3.2130589193126018 0.9686542518080864 0.099528401005634939 0.07191742081447966 0.24541873558350788 11.500000000000002 0.096904240777473408 0.038188074844901755 5.8833777244597796 1.5492536344396473
decision_type=2 10 8 2 2 8 10 2 10 2 10 10 2 10
left_child=7 5 4 -4 -3 8 -7 12 -2 10 -9 -11 13 -1
right_child=1 2 3 -5 -6 6 -8 9 -10 11 -12 -13 -14 -15
leaf_value=-0.00011308317119028588 0 -2.8130951397339281e-05 0.00024665090838889325 -7.7776758691000428e-05 0.00028072974224104598 3.74229115120714e-07 0.00030733190117083933 -9.7886472481604152e-05 -0.00013378860495179591 8.8753085030114753e-05 1.945079515167201e-05 0 0 0
leaf_weight=1160.6838729102165 170.94334512623027 141.19362312089652 252.49351222370751 588.86463012872264 685.38952236622572 743.74127897294238 98.846648460719734 668.98564228951 507.28776962310076 278.31109715998173 252.79152375366539 165.80600935220718 123.88612137455493 76.275084893684834
leaf_count=7198 830 1014 954 2176 3726 3506 536 5160 2081 395 1756 238 772 486
internal_value=0 5.30914e-05 0.000115109 4.13436e-06 0.000212161 -6.33797e-06 5.20898e-05 -6.17806e-05 -9.81936e-05 -1.54035e-05 -5.15219e-05 3.00922e-05 -9.86887e-05 -0.000106654
internal_weight=5915.5 3188.76 1667.94 841.358 826.583 1520.82 842.588 2726.74 678.231 1365.89 921.777 444.117 1360.85 1236.96
internal_count=30828 14823 7870 3130 4740 6953 4042 16005 2911 7549 6916 633 8456 7684
is_linear=0
shrinkage=0.01444


Tree=134
num_leaves=15
num_cat=0
split_feature=20 9 27 27 17 21 18 16 7 28 34 21 9 18
split_gain=0.0904037 0.0502382 0.0756675 0.0894764 0.0474548 0.0654005 0.0847656 0.024149 0.0363152 0.0180017 0.015591 0.0119477 0.0102451 0.0075756
threshold=0.097870332645339855 0.32689277023708957 0.60818760469011746 0.40516898782436267 0.7288838889345588 0.070910989234638289 0.0551951758782201 1.2794294143481184 0.20171299417017149 0.02775 -0.010953178603129885 0.068365401990186023 0.54091309280346012 0.10222951788786951
decision_type=10 10 8 10 8 10 10 10 8 10 10 10 10 10
left_child=1 7 3 -3 11 9 -7 8 -1 -6 -4 -2 -13 -9
right_child=4 2 10 -5 5 6 -8 13 -10 -11 -12 12 -14 -15
leaf_value=-0.00010296847058838713 0 2.7824182013685258e-05 0 0.00039101824821042094 0.00010226288875946288 0.00040495065319950713 0 -0.00021043227602319235 0 -0.00012216368528344222 -0.00015464879578426825 -0.00031707752477467237 0 0
leaf_weight=1150.808280993253 36.880420934408903 703.54545287229121 97.26419660449028 215.57833482790738 202.5532010528259 345.92580615729094 89.175608000718057 270.44679593062028 2318.7688743793406 108.63262479566038 301.58467771112919 51.062206445261836 15.619647503830491 7.6535535473376504
leaf_count=7497 160 2678 637 926 1160 1475 298 2416 11315 584 1404 164 84 30
internal_value=0 -2.29866e-05 4.87344e-05 0.00012743 0.000137908 0.000184803 0.000299747 -5.17052e-05 -3.65476e-05 0 -9.97632e-05 -7.34779e-05 -0.0002131 -0.000193383
internal_weight=5915.5 5065.65 1317.97 919.124 849.85 746.287 435.101 3747.68 3469.58 311.186 398.849 103.562 66.6819 278.1
internal_count=30828 26903 5645 3604 3925 3517 1773 21258 18812 1744 2041 408 248 2446
is_linear=0
shrinkage=0.01444


Tree=135
num_leaves=15
num_cat=0
split_feature=1 26 30 14 1 15 30 33 27 9 38 12 35 26
split_gain=0.0888323 0.0868939 0.0599261 0.0496182 0.0412728 0.0317822 0.0296896 0.0185688 0.0167076 0.0160011 0.01146 0.010454 0.00378102 0.00151428
threshold=0.14005102040816331 0.46324414636458439 20.835000000000004 1.4704558271805677 0.07191742081447966 1.3122899393110548 16.355000000000004 0.088798899155473912 0.34286439423920717 0.39844672414349958 3.5000000000000004 0.095104712831742197 5.8833777244597796 0.90118864064631643
decision_type=2 10 8 10 2 8 8 8 8 8 2 10 2 10
left_child=4 7 3 -3 12 11 -7 8 -2 -9 -4 -6 13 -1
right_child=1 2 10 -5 5 6 -8 9 -10 -11 -12 -13 -14 -15
leaf_value=-0.00010583178926201608 -0.00015160782399593287 0 -6.6446669783077125e-05 0.00037928387122733778 -1.1218998028023767e-05 0.00013127100298898709 0 0 0 0.00028695428733829131 0.00014524209843661318 -0.00012923359320716267 0 0
leaf_weight=1227.5670332885347 269.78990913927555 154.5935596562922 146.6678478398826 384.06260082265362 789.29046559100971 484.74954162258655 1588.8768314768095 72.498217584099621 136.34440649114549 55.132537996396422 81.90488440124318 390.74379995651543 123.88612137455493 9.3919245153665525
leaf_count=7502 889 625 314 1586 3560 3606 7890 498 582 416 506 1900 772 182
internal_value=0 0.000105466 0.000205705 0.000288834 -2.96067e-05 0 3.23611e-05 -1.41797e-05 -8.19331e-05 9.8715e-05 0 -6.1428e-05 -9.63994e-05 -0.000104212
internal_weight=5915.5 1300.99 767.229 538.656 4614.51 3253.66 2073.63 533.765 406.134 127.631 228.573 1180.03 1360.85 1236.96
internal_count=30828 5416 3031 2211 25412 16956 11496 2385 1471 914 820 5460 8456 7684
is_linear=0
shrinkage=0.01444


Tree=136
num_leaves=16
num_cat=0
split_feature=20 26 9 27 20 10 18 30 26 18 17 8 18 21 17
split_gain=0.0867715 0.0831066 0.0792223 0.129327 0.0409609 0.0480703 0.0378327 0.0282117 0.0408928 0.0304855 0.020677 0.020279 0.0199908 0.0114106 2.43665e-05
threshold=0.047798360384222811 0.6579948625170905 0.32421699333188475 0.16154322811465324 0.13400329748526446 0.44925189530350024 0.028436834185168628 20.115000000000006 0.33517793336055968 0.051398069569419953 1.1879174384427269 0.59737366791721336 -0.016223781846996351 0.056552267369661832 0.97853118489936886
decision_type=10 10 10 10 10 10 10 10 10 8 8 10 10 10 10
left_child=7 4 10 -4 5 -2 -6 8 13 -10 -3 12 -9 -1 -13
right_child=1 2 3 -5 6 -7 -8 11 9 -11 -12 14 -14 -15 -16
leaf_value=-9.8143715095011335e-05 1.7114628336671257e-05 0.00011998950586528572 -4.0859886554484945e-05 0.00046389423829646932 0.00034551782563424515 -0.00017137367882364755 0 0 0 0.00019209081935793603 -0.00011626087880368466 0 -0.00022443391660334331 0 1.80215581899576e-05
leaf_weight=1197.1985197979957 1619.3714673253708 170.98805018607527 90.947487780824304 324.53713929653168 136.57836722023785 328.84751987084746 58.643768748268485 138.57495525479317 1005.0824465965852 195.79145755525678 135.69304710160941 26.669207125902176 426.02758119255304 45.461198913864791 15.087467789649962
leaf_count=6064 7780 1414 388 1386 724 1056 289 830 6195 1271 1004 188 1940 227 72
internal_value=0 5.71632e-05 0.000191944 0.000322034 5.60906e-06 -8.02337e-06 0.000208156 -5.34886e-05 -2.49335e-05 2.71927e-05 0 -0.000146864 -0.000175055 -8.58264e-05 0
internal_weight=5915.5 2865.61 722.166 415.485 2143.44 1948.22 195.222 3049.89 2443.53 1200.87 306.681 606.359 564.603 1242.66 41.7567
internal_count=30828 14041 4192 1774 9849 8836 1013 16787 13757 7466 2418 3030 2770 6291 260
is_linear=0
shrinkage=0.01444


Tree=137
num_leaves=15
num_cat=0
split_feature=20 26 11 33 13 12 30 26 10 34 11 12 21 17
split_gain=0.0841466 0.0804314 0.0774414 0.0850661 0.0402922 0.0388953 0.0273021 0.03964 0.0274753 0.0194716 0.0127067 0.0129715 0.0112106 0.00505615
threshold=0.047798360384222811 0.6579948625170905 0.25531982269175491 0.011877451648398598 1.4003209658090812 0.026498961771916917 20.115000000000006 0.33517793336055968 0.23734152409624834 0.00358162711991783 0.69121820874479567 0.030974730855086882 0.056552267369661832 1.262937074674932
decision_type=10 10 10 8 8 8 10 10 8 8 10 10 10 8
left_child=6 4 13 -4 9 -6 7 12 -9 -2 11 -8 -1 -3
right_child=1 2 3 -5 5 -7 10 8 -10 -11 -12 -13 -14 -15
leaf_value=-9.6727179067613233e-05 0 0 0 0.00038470985071494196 -0.00012566882467159228 8.6128233535231544e-05 0 -4.1605712832567217e-05 8.8938552385619093e-05 -0.00018956951173965117 0 -0.00019369408548312915 0 -0.00013642608876609485
leaf_weight=1197.1985197979957 441.95256993919611 73.723513272590935 178.33873720932752 401.0387328537181 165.20706158038229 1304.9231505165808 75.310927976854146 471.96487445570529 728.90902969613671 231.35834112856537 50.668303513899446 480.37997987214476 45.461198913864791 69.064741029404104
leaf_count=6064 1791 804 904 1972 1251 5997 524 3414 4052 810 304 2202 227 512
internal_value=0 5.63061e-05 0.000188916 0.000268149 5.48413e-06 5.33876e-05 -5.26592e-05 -2.44615e-05 2.67407e-05 -7.96411e-05 -0.000144595 -0.000166059 -8.44617e-05 -4.10474e-05
internal_weight=5915.5 2865.61 722.166 579.377 2143.44 1470.13 3049.89 2443.53 1200.87 673.311 606.359 555.691 1242.66 142.788
internal_count=30828 14041 4192 2876 9849 7248 16787 13757 7466 2601 3030 2726 6291 1316
is_linear=0
shrinkage=0.01444


Tree=138
num_leaves=15
num_cat=0
split_feature=0 22 27 15 33 32 23 23 28 18 26 18 8 18
split_gain=0.081519 0.0820429 0.057656 0.0525419 0.047084 0.0212918 0.0164069 0.0269116 0.0133041 0.0122768 0.00819894 0.00417538 0.00363535 0.00272208
threshold=0.51485000000000014 0.045779760244028113 0.096376811594202916 1.4995076756616694 0.079840710853939414 0.50065963060686025 0.028621516261457151 0.046978165267125956 0.073100000000000068 0.051398069569419953 0.6579948625170905 -0.064326043116764361 0.29259778052287538 -0.054641890059269997
decision_type=2 10 8 8 8 8 8 10 10 10 10 10 10 8
left_child=5 10 4 -4 -3 6 12 -8 9 -7 13 -10 -1 -2
right_child=1 2 3 -5 -6 8 7 -9 11 -11 -12 -13 -14 -15
leaf_value=-9.7371919075486859e-05 0 -0.00019113860977048802 2.6118760244795688e-05 0.00021877365976663573 0.00017859867731771247 -8.7176574115145839e-05 0.00016596477494713023 0 0 0 0 0.00012873038314026696 0 -0.00010422204954365232
leaf_weight=229.14324854547158 32.453430837951601 211.80156611278653 677.17310611018911 953.21570578636602 81.567224149592221 2217.8120832808781 276.09738702140749 322.19208595063537 12.089681256096808 258.52125661913306 54.807722207857296 58.975583344697952 25.818316573277116 503.83128396002576
leaf_count=1806 183 735 2488 4315 616 11502 1973 2602 88 898 422 314 159 2727
internal_value=0 6.23821e-05 0.000110964 0.000146818 -4.36563e-05 -4.60385e-05 2.98173e-06 5.79179e-05 -6.75927e-05 -7.59805e-05 -7.35617e-05 4.02295e-05 -7.45431e-05 -9.56468e-05
internal_weight=5915.5 2514.85 1923.76 1630.39 293.369 3400.65 853.251 598.289 2547.4 2476.33 591.092 71.0653 254.962 536.285
internal_count=30828 11486 8154 6803 1351 19342 6540 4575 12802 12400 3332 402 1965 2910
is_linear=0
shrinkage=0.01444


Tree=139
num_leaves=16
num_cat=0
split_feature=1 22 5 30 23 35 18 18 30 16 18 24 7 35 22
split_gain=0.0822716 0.0550911 0.0767793 0.0702733 0.0440228 0.0101327 0.0153351 0.00734127 0.00582568 0.0058236 0.00714912 0.00578083 0.00215827 0.000523858 0.000102153
threshold=0.089160256410256419 0.046820090451900179 0.17574011266013317 19.775000000000002 0.079256480171131335 5.9185705216328248 -0.015916424476612064 0.011155623781359038 18.225000000000005 0.84031926846094407 0.046033655938601765 11.500000000000002 0.20171299417017149 6.0737468798840473 0.036516298717562394
decision_type=2 10 8 10 10 2 8 10 8 10 10 2 10 2 8
left_child=5 9 4 -4 -3 6 12 13 -8 14 -11 -9 -1 -7 -2
right_child=1 2 3 -5 -6 7 8 11 -10 10 -12 -13 -14 -15 -16
leaf_value=-4.3124360507162177e-05 1.5255343580408587e-05 -7.385290560386002e-05 0.00020143939363067198 0 0.00012307478956998029 0 -5.2874537210153839e-05 0 -0.00014938482243360182 -8.8082288756956688e-05 0 0.00023029080374274287 1.7208324495443579e-05 -4.6155140087080141e-05 0
leaf_weight=190.53006261587143 90.968723372556269 767.53492917772382 1162.6268387916498 410.69753950927407 329.42064605141059 14.138944447971879 1064.6769545469433 42.696289954707026 614.26084317546338 596.00278660003096 63.916935814078897 48.927345871925354 319.10844890354201 103.20842672721483 96.783966196002439
leaf_count=1375 588 2834 5419 1950 1346 126 6411 357 3616 3026 406 72 1650 618 1034
internal_value=0 4.45448e-05 7.87072e-05 0.000143803 -2.7544e-06 -6.51318e-05 -7.49149e-05 0 -9.60164e-05 -4.7619e-05 -6.89252e-05 0.000124069 0 -3.07959e-05 0
internal_weight=5915.5 3517.95 2670.28 1573.32 1096.96 2397.55 2188.58 208.971 1678.94 847.672 659.92 91.6236 509.639 117.347 187.753
internal_count=30828 16603 11549 7369 4180 14225 13052 1173 10027 5054 3432 429 3025 744 1622
is_linear=0
shrinkage=0.01444


Tree=140
num_leaves=15
num_cat=0
split_feature=9 5 30 27 12 9 31 20 20 11 21 26 16 12
split_gain=0.079142 0.0880792 0.115979 0.180805 0.0421416 0.0497653 0.0206697 0.028239 0.0182418 0.0174036 0.0152789 0.00856748 0.00603463 0.00343155
threshold=0.36939844990845516 0.17574011266013317 19.775000000000002 0.1741789819376027 0.10598549580517007 0.20647695458274853 1.7750000000000006 0.035885022494220521 0.09617676875823257 0.44402037765013475 0.058922567690074791 0.68191737127427066 0.6932878085284232 0.058810857467984423
decision_type=10 8 10 8 10 8 10 10 10 10 8 10 10 10
left_child=4 6 3 -3 5 13 10 -8 -7 -4 -2 12 -6 -1
right_child=1 2 9 -5 11 8 7 -9 -10 -11 -12 -13 -14 -15
leaf_value=-0.00010231254654868339 0 0 0.0002093039457190508 0.00061750326928316764 0 0 0.00013536210636739694 -0.0001366676591843804 0.00010328066350654856 -6.9088491538145933e-05 0.00022842584753064919 0 -0.00023317329559964634 0
leaf_weight=1068.8852198817767 106.86875621043146 110.99006563611329 60.171987557783723 243.97153063863516 19.133178142830729 2790.5303580011241 55.388896059244871 382.14302986674011 408.60420220717788 202.34136583656073 99.308861062861979 31.9018793432042 269.41847090795636 65.841880403924733
leaf_count=7285 551 474 286 1075 136 13921 254 1030 2012 972 498 210 1428 696
internal_value=0 0.000101474 0.000225251 0.000395253 -2.746e-05 -1.2371e-05 0 -7.22202e-05 1.32391e-05 0 9.89694e-05 -0.000190371 -0.000215451 -9.60755e-05
internal_weight=5915.5 1261.18 617.475 354.962 4654.32 4333.86 643.71 437.532 3199.13 262.513 206.178 320.454 288.552 1134.73
internal_count=30828 5140 2807 1549 25688 23914 2333 1284 15933 1258 1049 1774 1564 7981
is_linear=0
shrinkage=0.01444


Tree=141
num_leaves=15
num_cat=0
split_feature=1 26 28 14 1 18 15 32 7 26 38 18 35 18
split_gain=0.0789596 0.0800994 0.0566468 0.0666931 0.0368094 0.035029 0.0293 0.0281367 0.02328 0.021577 0.0197877 0.0138226 0.00355526 0.00616619
threshold=0.14005102040816331 0.46324414636458439 -0.018499999999999985 1.4540677700135414 0.07191742081447966 -0.017911601550751274 1.3122899393110548 0.50527704485488134 0.36327986081105629 0.54983437697164361 6.5000000000000009 0.057777098706278347 5.8833777244597796 -0.014782070773560361
decision_type=2 10 10 10 2 10 8 8 8 10 2 10 2 8
left_child=4 5 9 -4 12 8 11 -8 -2 -3 -7 -6 13 -1
right_child=1 2 3 -5 6 10 7 -9 -10 -11 -12 -13 -14 -15
leaf_value=0 0 0.00029464339784186289 0 0.00036453187675488172 -8.3441281434225252e-05 -0.00022770460705919294 0.00012735529940066518 0 0.00023849141212958289 -0.00011621222823584784 0 5.4279930970001019e-06 0 -0.00011756921001726696
leaf_weight=274.36567471735179 97.240198588464409 29.823324476368725 185.59931769524701 414.51399879110977 1002.2349309897982 184.27926875976846 484.74954162258655 1588.8768314768095 119.3070906563662 137.29225175734609 132.93851320631802 177.79933455772698 123.88612137455493 962.59328308654949
leaf_count=1690 451 158 749 1578 4588 673 3606 7890 586 546 675 872 772 5994
internal_value=0 9.93748e-05 0.00019581 0.000262055 -2.79715e-05 -1.47994e-05 0 3.1087e-05 9.50984e-05 0 -0.000131052 -5.89664e-05 -9.10498e-05 -9.8585e-05
internal_weight=5915.5 1300.99 767.229 600.113 4614.51 533.765 3253.66 2073.63 216.547 167.116 317.218 1180.03 1360.85 1236.96
internal_count=30828 5416 3031 2327 25412 2385 16956 11496 1037 704 1348 5460 8456 7684
is_linear=0
shrinkage=0.01444


Tree=142
num_leaves=15
num_cat=0
split_feature=9 28 9 5 33 12 8 13 12 28 23 34 33 21
split_gain=0.0755167 0.101987 0.100897 0.078081 0.0522664 0.0406526 0.0512653 0.0361226 0.0342175 0.0265133 0.026076 0.0058391 0.00572811 0.00521574
threshold=0.36939844990845516 0.066499999999999962 0.4473126472362195 0.1946670217952654 0.025999877546902587 0.10598549580517007 0.2233951812623817 1.5003862680559135 0.048423565870157441 0.10595 0.078241513351556116 -0.027363925335171509 0.12113492947334549 0.081019520246091561
decision_type=10 10 10 10 8 10 8 10 8 10 8 10 10 10
left_child=5 4 3 -3 10 6 12 -6 -8 -4 -2 -7 -1 -13
right_child=1 2 9 -5 7 11 8 -9 -10 -11 -12 13 -14 -15
leaf_value=-9.4697781073217367e-05 -0.00010766134733248222 0 0.00033867531991349075 0.0011137167934806311 0 0 8.3540516429848351e-05 0.00029838922258226607 -1.4367275161954113e-05 -8.4574515051689632e-05 6.035829916835212e-05 -0.00022946344321349488 0 0
leaf_weight=1257.6225650482811 431.91685781255364 18.394854654558003 44.464412925764918 55.610232500359416 194.02740088570863 44.781518165953457 1146.6879639178514 215.7442900724709 1676.824164154008 50.395572135224938 250.63087188173085 256.02028870582581 252.72696737386286 19.651721522212029
leaf_count=8387 1683 98 182 218 812 444 5449 1164 7800 168 815 1254 2278 76
internal_value=0 9.91391e-05 0.000436956 0.000846169 3.47406e-05 -2.68072e-05 -1.19324e-05 0.000169052 2.07683e-05 0 -2.68019e-05 -0.000186826 -8.17138e-05 -0.000212062
internal_weight=5915.5 1261.18 168.865 74.0051 1092.32 4654.32 4333.86 409.772 2823.51 94.86 682.548 320.454 1510.35 275.672
internal_count=30828 5140 666 316 4474 25688 23914 1976 13249 350 2498 1774 10665 1330
is_linear=0
shrinkage=0.01444


Tree=143
num_leaves=15
num_cat=0
split_feature=1 26 34 13 1 18 15 30 17 38 23 18 17 34
split_gain=0.0751653 0.0772654 0.0548541 0.0689999 0.0353763 0.0338185 0.0280089 0.0273481 0.0225391 0.0191141 0.0145709 0.0134915 0.00324701 0.00219432
threshold=0.14005102040816331 0.46324414636458439 0.025921503350239686 1.512536355312539 0.07191742081447966 -0.017911601550751274 1.3122899393110548 16.355000000000004 0.98066712624478281 6.5000000000000009 0.079256480171131335 0.057777098706278347 1.5996832346543948 -0.047576253429433384
decision_type=2 10 8 10 2 10 8 8 8 2 8 10 10 8
left_child=4 5 3 -3 12 8 11 -8 -2 -7 -4 -6 13 -1
right_child=1 2 10 -5 6 9 7 -9 -10 -11 -12 -13 -14 -15
leaf_value=0 0 2.3945794496936389e-05 -9.1295919051603415e-05 0.00044323280882227625 -8.1822331893841163e-05 -0.00022429605338686778 0.00012543752045339731 0 0.00022826423775306652 0 0.0001145651804425572 5.8734252172826319e-06 0 -0.00010923067411331684
leaf_weight=284.75714094750583 91.287234486546367 219.88075840473175 117.31717742653564 273.96113228332251 1002.2349309897982 184.27926875976846 484.74954162258655 1588.8768314768095 125.26005475828424 132.93851320631802 156.0698246054817 177.79933455772698 75.450929616112262 1000.6370086148381
leaf_count=2845 384 857 410 1344 4588 673 3606 7890 653 675 420 872 500 5111
internal_value=0 9.69687e-05 0.000191756 0.000283263 -2.72802e-05 -1.48349e-05 0 3.05327e-05 9.24579e-05 -0.000129307 0 -5.75239e-05 -8.91127e-05 -9.45172e-05
internal_weight=5915.5 1300.99 767.229 493.842 4614.51 533.765 3253.66 2073.63 216.547 317.218 273.387 1180.03 1360.85 1285.39
internal_count=30828 5416 3031 2201 25412 2385 16956 11496 1037 1348 830 5460 8456 7956
is_linear=0
shrinkage=0.01444


Tree=144
num_leaves=15
num_cat=0
split_feature=1 22 5 30 23 12 12 34 24 9 7 21 34 30
split_gain=0.0735642 0.050503 0.0707619 0.0658834 0.0411902 0.0110377 0.010379 0.0118053 0.0117459 0.00567198 0.00418985 0.00393381 0.00283781 0.00244853
threshold=0.089160256410256419 0.046820090451900179 0.17574011266013317 19.775000000000002 0.079256480171131335 0.092226761228453843 0.026980308475115476 -0.017919866171541284 11.500000000000002 0.39544940336934004 0.21030227905456669 0.028045600284292004 -0.058963185282983992 14.895000000000001
decision_type=2 10 8 10 10 10 10 10 2 10 10 8 8 8
left_child=6 5 4 -4 -3 11 12 10 -9 -7 -8 -2 -1 -14
right_child=1 2 3 -5 -6 9 7 8 -10 -11 -12 -13 13 -15
leaf_value=0 3.6585741076188213e-06 -7.1974380133980797e-05 0.00019332562348177868 0 0.00011831028635575081 -0.00020683668400635203 -2.4075509647435117e-05 -0.00011868331215252253 0 0 3.8768741162736042e-05 -5.7373253454251105e-05 0 -0.0001347435210435546
leaf_weight=97.098904835060239 432.70443687401712 767.53492917772382 1162.6268387916498 410.69753950927407 329.42064605141059 122.46347488928586 382.0834716563113 462.76129947323352 418.53535687923431 45.634403564035892 433.13818455161527 246.87009665532969 12.312773605808614 591.61732524237595
leaf_count=1654 1970 2834 5419 1950 1346 640 3107 2255 602 304 3013 2140 455 3139
internal_value=0 4.21083e-05 7.49176e-05 0.000137454 -2.87221e-06 -4.57934e-05 -6.16022e-05 -3.08527e-05 -6.79942e-05 -0.000155542 0 0 -0.000117275 -0.000130159
internal_weight=5915.5 3517.95 2670.28 1573.32 1096.96 847.672 2397.55 1696.52 881.297 168.098 815.222 679.575 701.029 603.93
internal_count=30828 16603 11549 7369 4180 5054 14225 8977 2857 944 6120 4110 5248 3594
is_linear=0
shrinkage=0.01444


Tree=145
num_leaves=15
num_cat=0
split_feature=9 28 9 10 33 12 8 13 12 28 23 16 33 6
split_gain=0.0718337 0.0976133 0.0978286 0.170816 0.0496151 0.0386382 0.0482868 0.0341975 0.0330627 0.0254519 0.0246692 0.00693287 0.00533896 0.00214797
threshold=0.36939844990845516 0.066499999999999962 0.4473126472362195 0.37638446609611037 0.025999877546902587 0.10598549580517007 0.2233951812623817 1.5003862680559135 0.048423565870157441 0.10595 0.078241513351556116 0.6932878085284232 0.12113492947334549 0.67335889295887419
decision_type=10 10 10 10 8 10 8 10 8 10 8 10 10 8
left_child=5 4 3 -3 10 6 12 -6 -8 -4 -2 -7 -1 -13
right_child=1 2 9 -5 7 11 8 -9 -10 -11 -12 13 -14 -15
leaf_value=-9.1969144119919273e-05 -0.00010516142604963573 0 0.00033092485384248756 0.0013897250683060827 0 0 8.1763561490718026e-05 0.00029022947616299914 -1.4479670805964298e-05 -8.5992587312243556e-05 5.7550096843110777e-05 0 0 -0.00020888053579589457
leaf_weight=1257.6225650482811 431.91685781255364 29.550558751448989 44.464412925764918 44.45452840346843 194.02740088570863 20.344574956223369 1146.6879639178514 215.7442900724709 1676.824164154008 50.395572135224938 250.63087188173085 12.690074443817137 252.72696737386286 287.41887899395078
leaf_count=8387 1683 132 182 184 812 144 5449 1164 7800 168 815 68 2278 1562
internal_value=0 9.66077e-05 0.00042717 0.000829582 3.33351e-05 -2.6229e-05 -1.16448e-05 0.000164392 1.99797e-05 0 -2.62518e-05 -0.000182325 -7.94148e-05 -0.000200748
internal_weight=5915.5 1261.18 168.865 74.0051 1092.32 4654.32 4333.86 409.772 2823.51 94.86 682.548 320.454 1510.35 300.109
internal_count=30828 5140 666 316 4474 25688 23914 1976 13249 350 2498 1774 10665 1630
is_linear=0
shrinkage=0.01444


Tree=146
num_leaves=16
num_cat=0
split_feature=26 5 9 32 23 26 26 12 18 28 18 21 28 21 18
split_gain=0.071758 0.0676712 0.0850347 0.134114 0.0412816 0.038322 0.038017 0.0307898 0.0238944 0.0273717 0.0209968 0.0209008 0.0404832 0.0181094 0.0139537
threshold=0.4306445085591542 0.17499127704117243 0.37158804893283176 0.81728232189973626 0.079256480171131335 0.69148878402280778 0.604584334095568 0.052173729341731236 -0.017911601550751274 0.042750000000000017 0.050208029009964468 0.056552267369661832 0.0080500000000000033 0.036996540830913784 -0.0029310123014056329
decision_type=10 10 10 10 10 10 10 8 10 8 10 10 8 8 10
left_child=8 4 7 -4 6 -6 -2 -3 11 10 -10 13 -13 -1 -11
right_child=1 2 3 -5 5 -7 -8 -9 9 14 -12 12 -14 -15 -16
leaf_value=0 0 0.00011063451828400005 0.00052199402366702235 0 0 0.00035281295961732834 -0.00017370283377048893 -2.2430434808362821e-05 -6.9515698615200833e-05 0 4.5890841525722806e-05 0.00036198370865070866 0 -0.00015732968317730981 -0.00027278746759584987
leaf_weight=585.55853594746441 566.47985051129945 643.52149516530335 239.02064092550427 200.26211125031114 126.8672299250029 97.971217676065862 423.16534192860126 554.77321247267537 1520.0111253126524 86.98036649916321 276.36341229267418 94.457699427381158 102.45088319573551 166.11329766316339 231.50326156336814
leaf_count=2236 2627 5058 1028 958 572 362 2628 2808 7228 359 1149 356 408 1998 1053
internal_value=0 5.20904e-05 0.000114101 0.000291269 -2.07627e-05 0.0001377 -7.00417e-05 3.81282e-05 -4.85501e-05 -7.5956e-05 -4.44671e-05 0 0.000142479 -2.15541e-05 -0.000212146
internal_weight=5915.5 2852.06 1637.58 439.283 1214.48 224.838 989.645 1198.29 3063.44 2114.86 1796.37 948.58 196.909 751.672 318.484
internal_count=30828 16041 9852 1986 6189 934 5255 7866 14787 9789 8377 4998 764 4234 1412
is_linear=0
shrinkage=0.01444


Tree=147
num_leaves=15
num_cat=0
split_feature=9 5 10 31 12 8 12 10 31 20 34 16 34 35
split_gain=0.0681141 0.077761 0.065682 0.115502 0.0373208 0.0466516 0.0318914 0.0202748 0.0192134 0.0276762 0.0200997 0.00676225 0.0042977 0.0037739
threshold=0.36939844990845516 0.17574011266013317 0.37638446609611037 4.3200000000000021 0.10598549580517007 0.2233951812623817 0.048423565870157441 0.25953905169576363 1.7750000000000006 0.035885022494220521 -0.021528922489715659 0.6932878085284232 -0.061697511403567544 5.8446161703066446
decision_type=10 8 10 10 10 8 8 10 10 10 8 10 8 2
left_child=4 8 7 -4 5 12 -7 -3 10 -10 -2 -6 -1 -13
right_child=1 2 3 -5 11 6 -8 -9 9 -11 -12 13 -14 -15
leaf_value=0 0 0.00026796260265319911 0.00049171159704899632 0 0 8.0570038019330532e-05 -1.3810139365458093e-05 -5.8399159186955617e-05 0.00013483774558172395 -0.00013452865745758636 0.00028212169528674591 -0.00021274974971636091 -8.8076775109591977e-05 0
leaf_weight=216.12805643165484 131.03712512552738 49.925675299018621 268.95573068596423 122.41454389691353 20.344574956223369 1146.6879639178514 1676.824164154008 176.17899978719652 55.388896059244871 382.14302986674011 75.140492147766054 275.03483139444143 1294.2214759904891 25.074122043326497
leaf_count=3142 773 240 1197 384 144 5449 7800 986 254 1030 276 1508 7523 122
internal_value=0 9.4087e-05 0.000210494 0.000323749 -2.55273e-05 -1.1143e-05 1.98925e-05 0 0 -7.04186e-05 9.4184e-05 -0.000178926 -7.78122e-05 -0.000197156
internal_weight=5915.5 1261.18 617.475 391.37 4654.32 4333.86 2823.51 226.105 643.71 437.532 206.178 320.454 1510.35 300.109
internal_count=30828 5140 2807 1581 25688 23914 13249 1226 2333 1284 1049 1774 10665 1630
is_linear=0
shrinkage=0.01444


Tree=148
num_leaves=16
num_cat=0
split_feature=26 28 28 10 20 30 35 30 35 27 27 8 5 23 28
split_gain=0.0691925 0.0657838 0.074176 0.0574225 0.0450127 0.0374104 0.0310854 0.0178588 0.0272846 0.0208972 0.0155653 0.0223239 0.0207831 0.0131005 0.00943697
threshold=0.4306445085591542 0.066499999999999962 0.11064999999999998 0.216250254357053 0.051571230996888047 20.240000000000006 4.0825249818614795 16.170000000000005 3.1505968924092183 0.36794817500404559 0.17643816071081134 0.20846722630011566 0.1537398924371268 0.062079623937906954 0.14240000000000005
decision_type=10 10 10 10 8 10 2 10 2 10 10 8 10 10 10
left_child=7 4 3 -3 5 -2 -6 10 9 -9 11 -1 -12 -10 -4
right_child=1 2 14 -5 6 -7 -8 8 13 -11 12 -13 -14 -15 -16
leaf_value=0 0 0 -0.0001093804917321673 0.00054496502939021423 0.00016605109522546422 -0.00016847095663665335 6.7855501355931915e-06 -1.3826496582430418e-05 -6.4171136291273412e-05 0.00019369779785306221 3.1658361391988865e-05 0.00018143308353000474 -0.0001387553104188699 -0.00020907570040266433 0.00010656305447080257
leaf_weight=134.19172229152173 743.04107812931761 34.368594877189025 72.172068919986486 160.1651967279613 531.15894411294721 346.5216711172834 868.5331485751085 308.49878477538005 1598.3085347530432 115.66989407781512 148.40165408980101 214.76970454561524 258.96399166970514 284.63429569872096 96.100397394970059
leaf_count=1274 5165 200 322 712 2812 1816 4482 1350 5277 628 1280 1992 1982 1004 532
internal_value=0 5.1136e-05 0.000236317 0.000428128 1.88415e-05 -4.33689e-05 7.6615e-05 -4.7689e-05 -6.80682e-05 1.21224e-05 0 8.34375e-05 -4.4624e-05 -9.30812e-05 0
internal_weight=5915.5 2852.06 362.806 194.534 2489.25 1089.56 1399.69 3063.44 2307.11 424.169 756.327 348.961 407.366 1882.94 168.272
internal_count=30828 16041 1766 912 14275 6981 7294 14787 8259 1978 6528 3266 3262 6281 854
is_linear=0
shrinkage=0.01444


Tree=149
num_leaves=16
num_cat=0
split_feature=26 1 32 35 17 1 17 13 11 26 11 32 18 38 19
split_gain=0.0674167 0.0739568 0.0500418 0.0410233 0.0326968 0.0277724 0.0317507 0.0216527 0.0293763 0.0190512 0.0179428 0.0174385 0.0116975 0.00932489 0.0026264
threshold=0.4306445085591542 0.14005102040816331 0.86741424802110834 4.0825249818614795 0.9686542518080864 0.093114224137931065 1.5836363945662406 1.791087401534001 0.24396196063118999 0.32297844984728219 0.43250803428118195 0.48548812664907653 0.06596935175716058 3.5000000000000004 0.040564203034428599
decision_type=10 2 8 2 8 2 10 10 10 10 10 10 10 2 10
left_child=4 7 3 -3 11 9 -7 10 -9 -6 -2 14 -13 -4 -1
right_child=1 2 13 -5 5 6 -8 8 -10 -11 -12 12 -14 -15 -16
leaf_value=-3.3386443098523627e-05 0 0.00033790414881692919 -7.9437188036454807e-05 1.3790865950890845e-05 -0.00010661397307271578 0.00010599469607036961 -0.0001387357484327998 0 0.00016315663052904412 0 -0.00012619239323603319 -0.00013777698638440801 0 0.0001051914950528629 5.9839391992388758e-05
leaf_weight=120.94740222208202 1089.5273440007586 364.15330811822787 149.90815853630193 221.77708568749949 622.06955002946779 670.23872921313159 91.42158511467278 275.84234640095383 357.51442362880334 352.40495403367095 303.98346421774477 1035.9187973979861 55.877365697175264 89.354969264473766 114.560198193416
leaf_count=1038 6615 1621 330 790 3335 3393 382 2401 2181 1622 1549 3685 184 554 1148
internal_value=0 5.05015e-05 0.000165788 0.000237676 -4.70471e-05 0 5.93652e-05 0 7.33063e-05 -5.64286e-05 -2.81965e-05 -0.000101202 -0.000125613 0 0
internal_weight=5915.5 2852.06 825.194 585.93 3063.44 1736.13 761.66 2026.87 633.357 974.475 1393.51 1327.3 1091.8 239.263 235.508
internal_count=30828 16041 3295 2411 14787 8732 3775 12746 4582 4957 8164 6055 3869 884 2186
is_linear=0
shrinkage=0.01444


Tree=150
num_leaves=16
num_cat=0
split_feature=26 1 32 28 17 26 23 5 12 8 32 5 18 34 19
split_gain=0.0654633 0.0721342 0.0487372 0.0365082 0.0317069 0.0271741 0.0337316 0.0218276 0.0180668 0.0356533 0.0169203 0.0118019 0.011458 0.00852702 0.00255145
threshold=0.4306445085591542 0.14005102040816331 0.86741424802110834 -0.073400000000000007 0.9686542518080864 0.21684312149515442 0.097245474545194402 0.1562863363744226 0.088438144339684832 0.22871272789544542 0.48548812664907653 0.34238526909816808 0.06596935175716058 0.012583619509106471 0.040564203034428599
decision_type=10 2 8 10 8 8 10 10 8 10 10 10 10 8 10
left_child=4 8 3 -3 10 7 -7 -6 9 -2 14 -10 -12 -4 -1
right_child=1 2 13 -5 5 6 -8 -9 11 -11 12 -13 -14 -15 -16
leaf_value=-3.2906547672103258e-05 -5.5744767867830478e-05 0 0.00015869383519553123 0.00026920712733607152 0 0 0.00030265100803808276 -0.00023506075956888025 -0.00010785383343028114 8.4333440297687369e-05 -0.00013578855656211521 0 0 -5.3396055420428455e-05 5.8979486963717152e-05
leaf_weight=120.94740222208202 502.35193782811984 36.165526798926294 48.369972497224808 549.76486700680107 109.72532827220857 1369.821924286196 82.321669572032988 174.26589626050554 427.79765669093467 1000.0708916578442 1035.9187973979861 96.64709207136184 55.877365697175264 190.89315530355088 114.560198193416
leaf_count=1038 5098 172 312 2239 1016 6219 447 1050 2324 4875 3685 449 184 572 1148
internal_value=0 4.97747e-05 0.000163627 0.000234571 -4.63502e-05 0 1.95978e-05 -0.000133985 0 2.87834e-05 -9.96803e-05 -6.93089e-05 -0.000123726 0 0
internal_weight=5915.5 2852.06 825.194 585.93 3063.44 1736.13 1452.14 283.991 2026.87 1502.42 1327.3 524.445 1091.8 239.263 235.508
internal_count=30828 16041 3295 2411 14787 8732 6666 2066 12746 9973 6055 2773 3869 884 2186
is_linear=0
shrinkage=0.01444


Tree=151
num_leaves=15
num_cat=0
split_feature=0 22 27 35 33 30 23 23 24 27 27 35 38 9
split_gain=0.0631899 0.0666421 0.0535669 0.0590085 0.0456187 0.0183669 0.0147086 0.0272375 0.0101297 0.0146525 0.00735348 0.00565824 0.00381063 0.00211195
threshold=0.51485000000000014 0.045779760244028113 0.096376811594202916 5.098798747200088 0.079840710853939414 16.345000000000002 0.028621516261457151 0.046978165267125956 11.500000000000002 0.70059565202342344 0.093924798496424169 5.3643391445639788 10.500000000000002 0.26228458779811664
decision_type=2 10 8 2 8 8 8 10 2 10 8 2 2 10
left_child=5 11 4 -4 -3 6 13 -8 10 -10 -7 12 -2 -1
right_child=1 2 3 -5 -6 8 7 -9 9 -11 -12 -13 -14 -15
leaf_value=-8.6542798972188119e-05 -9.4729338496326747e-05 -0.00019504333356137253 0.00017454007285264961 -2.1634654034357329e-05 0.00016332000374038238 0 0.0001658553283594104 0 -3.6373191942910763e-05 0.00015722619056899738 -9.7424443477513251e-05 0 0 0
leaf_weight=212.13408249663189 511.19096232554875 211.80156611278653 1359.7022109208629 270.68660097569227 81.567224149592221 240.51994407456368 276.09738702140749 322.19208595063537 856.18278294801712 78.556815326213837 1372.1390621520113 21.554002299439162 58.347472380846739 42.827482622116804
leaf_count=1610 2813 735 5916 887 616 1924 1973 2602 1208 102 9568 110 409 355
internal_value=0 5.48649e-05 9.89723e-05 0.000133947 -5.07464e-05 -4.05919e-05 4.39384e-06 5.67822e-05 -6.07953e-05 -6.02241e-06 -8.44153e-05 -6.65183e-05 -8.16179e-05 -6.7163e-05
internal_weight=5915.5 2514.85 1923.76 1630.39 293.369 3400.65 853.251 598.289 2547.4 934.74 1612.66 591.092 569.538 254.962
internal_count=30828 11486 8154 6803 1351 19342 6540 4575 12802 1310 11492 3332 3222 1965
is_linear=0
shrinkage=0.01444


Tree=152
num_leaves=15
num_cat=0
split_feature=1 13 8 34 12 30 18 8 12 35 28 34 8 30
split_gain=0.0629918 0.0489855 0.0704322 0.101955 0.0286495 0.0148256 0.0272527 0.0195152 0.00893949 0.0118834 0.00700205 0.00356431 0.00289884 0.00245216
threshold=0.086120071684587837 1.5996456281422577 0.34854244319295741 0.030249325823316634 0.050159014116496856 20.865000000000006 0.0551951758782201 0.63709897950545535 0.026980308475115476 3.7358822437053774 0.0041000000000000212 -0.058963185282983992 0.4567655665647134 14.895000000000001
decision_type=2 8 10 10 10 10 10 10 10 2 10 8 10 8
left_child=8 5 4 -4 -3 6 -2 -7 11 12 -11 -1 -10 -13
right_child=1 2 3 -5 -6 7 -8 -9 9 10 -12 13 -14 -15
leaf_value=0 -9.8134951506924839e-06 7.4875903005816691e-05 0.0003687235676710825 -1.1366751872937368e-06 -6.3355438207468744e-05 -0.00013284487892407416 0.00016623405646795441 2.3024410948761282e-05 -0.00012481610159929818 -3.9805642288800612e-05 2.5718052856030022e-05 0 0 -0.00013212096415777077
leaf_weight=94.248860697261989 1170.9713187059388 894.18837840226479 369.57007055357099 152.21580559015274 397.01828809548169 408.04169921576977 203.27346277236938 78.34824176132679 281.90819309605286 674.18120539886877 590.4533896506764 12.182852448895572 17.783946603536606 571.11396876419894
leaf_count=1598 4666 5858 1656 370 2184 1588 798 444 1718 3584 2839 445 92 2988
internal_value=0 3.67263e-05 9.09907e-05 0.000235879 2.22296e-05 -9.12631e-06 6.76151e-06 -8.08559e-05 -6.03928e-05 -2.9024e-05 0 -0.000113429 -0.000112442 -0.000127342
internal_weight=5915.5 3673.63 1812.99 521.786 1291.21 1860.63 1374.24 486.39 2241.87 1564.33 1264.63 677.546 299.692 583.297
internal_count=30828 17564 10068 2026 8042 7496 5464 2032 13264 8233 6423 5031 1810 3433
is_linear=0
shrinkage=0.01444


Tree=153
num_leaves=16
num_cat=0
split_feature=26 1 14 34 17 26 23 13 20 30 20 35 18 35 25
split_gain=0.0621222 0.0680391 0.0479931 0.0461113 0.030653 0.0262117 0.0322002 0.0202646 0.0293228 0.0162499 0.0146915 0.0115879 0.0111085 0.0044595 0.00114285
threshold=0.4306445085591542 0.14005102040816331 1.4540677700135414 0.026045200945584161 0.9686542518080864 0.21684312149515442 0.097245474545194402 1.791087401534001 0.092170908886514677 16.170000000000005 0.070066244445056228 2.31401934844585 0.06596935175716058 4.5015289332964867 0.44968044812077601
decision_type=10 2 10 10 8 8 10 10 10 10 10 2 10 2 10
left_child=4 7 13 -4 9 11 -7 10 -9 14 -2 -6 -11 -3 -1
right_child=1 2 3 -5 5 6 -8 8 -10 12 -12 -13 -14 -15 -16
leaf_value=-1.9084830224755869e-05 0 4.5144894094339906e-05 0.00032916149818316748 0 0 0 0.00029612598293167377 0 0.00023618462093124922 -0.00013317110466604784 -0.00011403596622047376 -0.00016654386773247657 0 -7.668145273789407e-05 4.0079284682577059e-05
leaf_weight=113.59956489969045 1078.0059563789982 174.27233442664146 373.03007487300783 180.90519128926098 20.341155527625233 1369.821924286196 82.321669572032988 467.32409665593877 166.0326733738184 1035.9187973979861 315.50485183950514 263.65006900508888 55.877365697175264 96.985921017592773 121.90803551580757
leaf_count=904 6504 835 1690 440 124 6219 447 3659 923 3685 1660 1942 184 330 1282
internal_value=0 4.83478e-05 0.000158921 0.000235921 -4.52916e-05 0 1.95187e-05 0 7.08123e-05 -9.77077e-05 -2.74018e-05 -0.000131387 -0.000121272 0 0
internal_weight=5915.5 2852.06 825.194 553.935 3063.44 1736.13 1452.14 2026.87 633.357 1327.3 1393.51 283.991 1091.8 271.258 235.508
internal_count=30828 16041 3295 2130 14787 8732 6666 12746 4582 6055 8164 2066 3869 1165 2186
is_linear=0
shrinkage=0.01444


Tree=154
num_leaves=15
num_cat=0
split_feature=1 15 11 30 28 10 28 2 28 20 9 8 10 9
split_gain=0.0601936 0.0436883 0.103151 0.0718582 0.0180358 0.0480613 0.0270465 0.0122119 0.00819112 0.00912617 0.0143423 0.00813112 0.0058304 0.00204669
threshold=0.086120071684587837 1.568681557363979 0.33799609827241661 19.775000000000002 0.056350000000000018 0.75214533939600769 0.037999999999999957 0.20672118453075308 0.0041000000000000212 0.067495545903892409 0.18664220556348365 0.30349726300106844 0.3335458879971312 0.18452414377613749
decision_type=2 8 10 10 10 10 10 2 10 10 8 10 10 8
left_child=8 4 7 -4 6 -6 -2 -3 11 10 -10 12 -1 -11
right_child=1 2 3 -5 5 -7 -8 -9 9 13 -12 -13 -14 -15
leaf_value=-0.00011201850830613295 0 4.0992636550083819e-05 0.00037880767889584188 0 0 0.00063463460803413543 -0.000196520079321446 -5.7521908207298538e-05 -8.1740745664659372e-05 0 4.1664828755440589e-05 0 0 -0.00016353775590640838
leaf_weight=979.2051026369445 1530.9667573422194 907.01160402176902 349.65702780755237 177.72060429863632 182.44729791209102 30.625993574969471 178.59537230152637 316.602607838111 284.6520667988807 12.046243709512053 624.41282865335234 193.06829427462071 56.735631857533008 91.752248728647828
leaf_count=6090 6778 5476 1577 658 774 94 668 1539 2018 190 3175 951 346 494
internal_value=0 3.59064e-05 8.87313e-05 0.000258474 -5.40744e-06 0.000108989 -2.73512e-05 4.79433e-06 -5.90312e-05 -1.17144e-05 0 -8.73566e-05 -0.000103385 -0.000139885
internal_weight=5915.5 3673.63 1750.99 527.378 1922.64 213.073 1709.56 1223.61 2241.87 1012.86 909.065 1229.01 1035.94 103.798
internal_count=30828 17564 9250 2235 8314 868 7446 7015 13264 5877 5193 7387 6436 684
is_linear=0
shrinkage=0.01444


Tree=155
num_leaves=16
num_cat=0
split_feature=26 1 14 28 17 26 23 13 20 11 28 32 27 21 35
split_gain=0.0595786 0.0653047 0.0462497 0.0526892 0.0297111 0.0252227 0.0309636 0.0194876 0.0281731 0.0172351 0.01677 0.0147641 0.0136342 0.0117838 0.0042848
threshold=0.4306445085591542 0.14005102040816331 1.4540677700135414 -0.018499999999999985 0.9686542518080864 0.21684312149515442 0.097245474545194402 1.791087401534001 0.092170908886514677 0.43250803428118195 0.01035 0.46174142480211083 0.27891052916825226 0.012388149313999295 4.5015289332964867
decision_type=10 2 10 10 8 8 10 10 10 10 8 10 10 10 2
left_child=4 7 14 -4 10 13 -7 9 -9 -2 12 -12 -1 -6 -3
right_child=1 2 3 -5 5 6 -8 8 -10 -11 11 -13 -14 -15 -16
leaf_value=0 0 4.3963536622661453e-05 0 0.00030303334590278593 0 0 0.00029067658195925798 0 0.0002315544236605281 -0.00012289525394714251 0 -0.00020070070746768098 -0.00010371229406243519 -0.00017922821499970226 -7.5466959694116221e-05
leaf_weight=478.55429266905412 1089.5273440007586 174.27233442664146 111.81425586901605 442.12101029325277 61.339421521639451 1369.821924286196 82.321669572032988 467.32409665593877 166.0326733738184 303.98346421774477 47.883398029021919 439.96546570397913 360.90060710860416 222.65180301107466 96.985921017592773
leaf_count=2303 6615 835 460 1670 910 6219 447 3659 923 1549 484 1530 1738 1156 330
internal_value=0 4.73801e-05 0.000155709 0.000231297 -4.43224e-05 0 1.93918e-05 0 6.94507e-05 -2.68605e-05 -9.59087e-05 -0.000173287 -3.5271e-05 -0.000128698 0
internal_weight=5915.5 2852.06 825.194 553.935 3063.44 1736.13 1452.14 2026.87 633.357 1393.51 1327.3 487.849 839.455 283.991 271.258
internal_count=30828 16041 3295 2130 14787 8732 6666 12746 4582 8164 6055 2014 4041 2066 1165
is_linear=0
shrinkage=0.01444


Tree=156
num_leaves=16
num_cat=0
split_feature=26 1 28 7 17 1 17 26 12 8 26 28 27 26 0
split_gain=0.057833 0.0633119 0.0448253 0.0482745 0.0289162 0.0244581 0.0305517 0.0177262 0.0169894 0.033685 0.0168554 0.0161437 0.0132816 0.0112497 0.00953028
threshold=0.4306445085591542 0.14005102040816331 -0.018499999999999985 0.28143366533288011 0.9686542518080864 0.093114224137931065 1.5836363945662406 0.32297844984728219 0.088438144339684832 0.22871272789544542 0.54983437697164361 0.01035 0.27891052916825226 0.6579948625170905 0.32370000000000004
decision_type=10 2 10 10 8 2 10 10 8 10 10 8 10 10 2
left_child=4 8 10 -4 11 7 -7 -6 9 -2 -3 12 -1 -10 -13
right_child=1 2 3 -5 5 6 -8 -9 13 -11 -12 14 -14 -15 -16
leaf_value=0 -5.3879222632541258e-05 0.00016282336384713478 0 0.00026377416717434591 -0.00010121712202468252 0.00010242244102143868 -0.00013796594382246312 0 -0.00011000135191937818 8.2015722162926525e-05 -0.0001246775365892997 0 -0.00010221699416318214 0 -0.00020099074377201984
leaf_weight=478.55429266905412 502.35193782811984 51.187094738706946 79.128954100189731 557.58522101026028 622.06955002946779 670.23872921313159 91.42158511467278 352.40495403367095 389.61989282118157 1000.0708916578442 137.29225175734609 87.025360706727952 360.90060710860416 134.82485594111495 400.8235030262731
leaf_count=2303 5098 274 452 2023 3335 3393 382 1622 1980 4875 546 398 1738 793 1616
internal_value=0 4.66947e-05 0.000153361 0.000212467 -4.36545e-05 0 5.63143e-05 -5.24529e-05 0 2.78646e-05 0 -9.45414e-05 -3.46275e-05 -6.72669e-05 -0.000170676
internal_weight=5915.5 2852.06 825.194 636.714 3063.44 1736.13 761.66 974.475 2026.87 1502.42 188.479 1327.3 839.455 524.445 487.849
internal_count=30828 16041 3295 2475 14787 8732 3775 4957 12746 9973 820 6055 4041 2773 2014
is_linear=0
shrinkage=0.01444


Tree=157
num_leaves=15
num_cat=0
split_feature=1 13 9 17 20 2 18 17 12 34 27 34 11 1
split_gain=0.0561976 0.0450092 0.0632328 0.067192 0.0391143 0.00989196 0.0201417 0.0143334 0.00863394 0.00967189 0.00510814 0.00431983 0.0042285 0.00383284
threshold=0.086120071684587837 1.5996456281422577 0.29639959757329831 1.3738221091601333 0.092170908886514677 0.1951839454689443 0.057777098706278347 1.1250755507314389 0.026980308475115476 -0.017919866171541284 0.94135551221020375 -0.058963185282983992 0.15350260182749076 0.060971675845790725
decision_type=2 8 10 10 10 2 10 10 10 8 10 8 10 2
left_child=8 5 4 -4 -3 6 -2 -7 10 13 11 -1 -11 -10
right_child=1 2 3 -5 -6 7 -8 -9 9 12 -12 -13 -14 -15
leaf_value=0 -5.9678483041808619e-05 -3.8570236056810585e-05 8.8638369389941446e-05 0.00045492958880082951 0.00020512877864310291 0 7.865933807126683e-05 0.00018423407307309507 -3.784197013627892e-05 0 0 -0.00013174386913086247 -7.1391516323390111e-05 3.034790598185212e-05
leaf_weight=94.024813245050609 1263.1465333346277 774.7787939554546 702.3277969523333 170.02680551633239 165.85914621734992 294.18682163674384 194.9846926368773 108.31667484715581 203.65927556389943 30.067091009113938 8.0119801228865963 575.5088885424193 780.92791566019878 549.67245251592249
leaf_count=1594 5193 4944 3197 843 1084 1025 903 375 1581 386 24 3413 2773 3493
internal_value=0 3.46095e-05 8.66966e-05 0.000175272 0 -9.12093e-06 -3.21822e-05 4.18724e-05 -5.71222e-05 -2.63267e-05 -0.000108838 -0.00011652 -6.18182e-05 0
internal_weight=5915.5 3673.63 1812.99 872.355 940.638 1860.63 1458.13 402.503 2241.87 1564.33 677.546 669.534 810.995 753.332
internal_count=30828 17564 10068 4040 6028 7496 6096 1400 13264 8233 5031 5007 3159 5074
is_linear=0
shrinkage=0.01444


Tree=158
num_leaves=15
num_cat=0
split_feature=9 28 9 5 33 12 8 21 12 28 28 12 16 6
split_gain=0.0549045 0.0841425 0.0950916 0.0711163 0.0416091 0.0346259 0.0393483 0.0258464 0.0226504 0.0220098 0.0214383 0.0104143 0.00650195 0.00209987
threshold=0.36939844990845516 0.066499999999999962 0.4473126472362195 0.1946670217952654 0.025999877546902587 0.10598549580517007 0.20526990866080561 0.025750767352170658 0.048423565870157441 0.10595 -0.025800000000000028 0.053289163197473163 0.6932878085284232 0.67335889295887419
decision_type=10 10 10 10 8 10 8 8 8 10 10 10 10 8
left_child=5 4 3 -3 10 6 11 -6 -8 -4 -2 -1 -7 -14
right_child=1 2 9 -5 7 12 8 -9 -10 -11 -12 -13 13 -15
leaf_value=-9.8384701671856765e-05 -0.00014069383348489081 0 0.00029736238895009453 0.0010379279995359244 0 0 5.7869568898921323e-05 0.00019426130053641324 -1.5893698818846284e-05 -0.00010927414719092244 6.6464831327340329e-06 0 0 -0.00019652510036648023
leaf_weight=1050.1386649892665 253.1433399412781 18.394854654558003 44.464412925764918 55.610232500359416 34.806724052876234 20.344574956223369 1444.5294576683082 374.9649669053033 1764.3917598426342 50.395572135224938 429.4043897530064 74.801777993794531 12.690074443817137 287.41887899395078
leaf_count=7840 1090 98 182 218 272 144 7314 1704 8238 168 1408 522 68 1562
internal_value=0 8.43782e-05 0.000390623 0.000782713 2.48817e-05 -2.30126e-05 -9.06854e-06 0.000146295 1.3237e-05 0 -2.89053e-05 -8.43021e-05 -0.000170471 -0.000188509
internal_weight=5915.5 1261.18 168.865 74.0051 1092.32 4654.32 4333.86 409.772 3208.92 94.86 682.548 1124.94 320.454 300.109
internal_count=30828 5140 666 316 4474 25688 23914 1976 15552 350 2498 8362 1774 1630
is_linear=0
shrinkage=0.01444


Tree=159
num_leaves=16
num_cat=0
split_feature=26 1 14 28 18 28 35 28 18 11 11 18 26 5 5
split_gain=0.0548158 0.0591729 0.0439021 0.0493256 0.0211964 0.0275153 0.0212606 0.0318197 0.0186262 0.0175395 0.0299677 0.0133026 0.0127316 0.0104095 0.00810515
threshold=0.4306445085591542 0.14005102040816331 1.4540677700135414 -0.018499999999999985 -0.017911601550751274 0.042750000000000017 3.845241880306411 -0.028150000000000005 0.050208029009964468 0.46923522759935837 0.24396196063118999 -0.0029310123014056329 0.37272609989871214 0.32693132795403768 0.18353183673130138
decision_type=10 2 10 10 10 8 2 10 10 8 10 10 10 10 10
left_child=4 9 14 -4 6 8 7 -1 -6 10 -2 -7 -8 -11 -3
right_child=1 2 3 -5 5 11 12 -9 -10 13 -12 -13 -14 -15 -16
leaf_value=0.00022157936094575382 -4.565224799691449e-05 -6.7472888539448921e-05 0 0.00029170003574246556 -6.1537516706019677e-05 0 -9.7820665740868881e-05 0 4.7996619792811216e-05 -0.00013536368734623039 7.4117348309935821e-05 -0.00026221506493726335 1.4761648536939993e-05 0 9.2694975841414569e-05
leaf_weight=201.98239872534759 605.81333900662139 160.41300255991518 111.81425586901605 442.12101029325277 1520.0111253126524 86.98036649916321 392.2012851848267 247.17954786634073 276.36341229267418 269.56149069662206 1066.7582488874905 231.50326156336814 107.21718445722945 84.734499657526612 110.84525288431905
leaf_count=958 5038 614 460 1670 7228 359 1930 1606 1149 1627 5748 1053 504 333 551
internal_value=0 4.54375e-05 0.000148574 0.000222221 -4.25233e-05 -6.86064e-05 1.84272e-06 8.57824e-05 -3.73914e-05 0 2.29112e-05 -0.000203267 -4.74783e-05 -8.84945e-05 0
internal_weight=5915.5 2852.06 825.194 553.935 3063.44 2114.86 948.58 449.162 1796.37 2026.87 1672.57 318.484 499.418 354.296 271.258
internal_count=30828 16041 3295 2130 14787 9789 4998 2564 8377 12746 10786 1412 2434 1960 1165
is_linear=0
shrinkage=0.01444


Tree=160
num_leaves=16
num_cat=0
split_feature=26 11 34 34 28 15 5 8 5 5 18 4 24 10 28
split_gain=0.053233 0.0725192 0.0868381 0.0557552 0.0554311 0.0223911 0.0280311 0.0283181 0.0152915 0.0135005 0.0108028 0.00950319 0.00804883 0.00113428 0.000398007
threshold=0.46567929232646349 0.24502126456719911 -0.009898753371317735 -0.018181590198530048 -0.018499999999999985 1.3122899393110548 0.28567044208987963 0.19884560809033427 0.40391846794252734 0.22317576918343021 0.046956008034970138 0.062286138959876912 9.5000000000000018 0.22948583034843381 0.01035
decision_type=10 10 10 8 10 8 10 8 10 8 10 8 2 8 8
left_child=5 9 3 -3 -4 10 7 -7 -8 12 11 -1 -2 -11 -12
right_child=1 2 4 -5 -6 6 8 -9 -10 13 14 -13 -14 -15 -16
leaf_value=-0.0001270961494120027 0 8.2774493224969741e-05 -0.00017628571446392499 0.00035719940195959435 6.9918984560437034e-05 -6.0146668159999662e-05 -0.0001677632239625658 7.341779777326114e-05 -6.3747793475971786e-06 -2.3902095281746834e-05 1.506024676470219e-05 0 -0.00019359763084288631 3.5622719628921495e-05 -2.9099047811671581e-05
leaf_weight=838.49598443461582 117.31643161969259 614.96078832261264 268.33538875356317 341.547647876665 654.39732121117413 388.21039482951164 281.50058266776614 1042.3980693907943 578.79196972819045 173.86411865148693 153.36653192061931 89.17383736371994 209.6195302605629 107.29795545665547 56.223129268735647
leaf_count=3114 2418 4783 1154 952 2310 2650 1351 4977 2919 1678 733 467 422 732 168
internal_value=0 5.0708e-05 9.82187e-05 0.000194594 0 -3.70344e-05 -4.76314e-06 2.80174e-05 -7.44648e-05 -7.45649e-05 -9.05025e-05 -0.000111655 -0.000137583 0 0
internal_weight=5915.5 2487.34 1879.24 956.508 922.733 3428.16 2290.9 1430.61 860.293 608.098 1137.26 927.67 326.936 281.162 209.59
internal_count=30828 14449 9199 5735 3464 16379 11897 7627 4270 5250 4482 3581 2840 2410 901
is_linear=0
shrinkage=0.01444


Tree=161
num_leaves=15
num_cat=0
split_feature=9 17 5 4 28 16 12 9 11 24 26 35 35 31
split_gain=0.0521228 0.10384 0.0638828 0.0826451 0.0422143 0.088926 0.0336161 0.0356596 0.0259715 0.0160937 0.00744504 0.00708642 0.00403258 0.00119758
threshold=0.36939844990845516 1.4243293121998881 0.17574011266013317 0.0609917034626195 0.066499999999999962 1.1531666163694838 0.10598549580517007 0.18588624619202479 0.44402037765013475 11.500000000000002 0.68191737127427066 5.8446161703066446 4.7361545868215922 1.6450000000000007
decision_type=10 10 10 10 10 10 10 8 10 2 10 2 2 10
left_child=6 4 13 -4 8 -6 7 12 -2 -9 11 -8 -1 -3
right_child=1 2 3 -5 5 -7 10 9 -10 -11 -12 -13 -14 -15
leaf_value=-0.0001423716465486142 9.9622026811932736e-05 0.00010564042084020691 0.00087582794356755712 0 0 0.0010476461765319253 -0.00021325476379191482 -1.2971971454180577e-05 -6.0632237749068613e-05 4.7913358472140549e-05 0 0 -1.7880154317826284e-06 0
leaf_weight=417.37195429252461 290.86894106306136 21.819375730119646 78.05475711543113 19.204787727445364 99.341389948502183 24.733079983852804 264.82807211577892 2281.5525646195747 685.77158354781568 1352.6890707910061 31.9018793432042 23.723576935008168 282.24807079089805 41.390577752143145
leaf_count=3386 1206 132 321 80 442 88 1450 16405 2737 1913 210 114 2210 134
internal_value=0 8.21156e-05 0.000429812 0.000663548 1.93476e-05 0.000271908 -2.25184e-05 -8.73535e-06 0 6.09226e-06 -0.000167804 -0.000191402 -0.000104399 0
internal_weight=5915.5 1261.18 160.469 97.2595 1100.71 124.074 4654.32 4333.86 976.641 3634.24 320.454 288.552 699.62 63.21
internal_count=30828 5140 667 401 4473 530 25688 23914 3943 18318 1774 1564 5596 266
is_linear=0
shrinkage=0.01444


Tree=162
num_leaves=16
num_cat=0
split_feature=26 30 8 13 17 26 23 23 10 30 8 21 26 33 19
split_gain=0.0513459 0.0485835 0.0759355 0.0369733 0.0274658 0.0238883 0.0288843 0.0217602 0.0445572 0.015276 0.0139498 0.0115383 0.00897405 0.00688737 0.00230127
threshold=0.4306445085591542 20.115000000000006 0.22871272789544542 1.7841342637489535 0.9686542518080864 0.21684312149515442 0.097245474545194402 0.079902914458421473 0.75214533939600769 16.170000000000005 0.33331835259574494 0.012388149313999295 0.20985940589632576 0.096904240777473408 0.040564203034428599
decision_type=10 8 10 10 8 8 10 8 10 10 10 10 8 10 10
left_child=4 2 13 -4 9 11 -7 10 -9 14 -3 -6 -11 -2 -1
right_child=1 7 3 -5 5 6 -8 8 -10 12 -12 -13 -14 -15 -16
leaf_value=-2.5542882622834327e-05 -9.0904661720937738e-05 0 7.1439729769598516e-05 0.00025858410982712148 0 0 0.00028261930300994956 0 0.00061172432317479076 0 -0.00014406635059285009 -0.0001744120353991801 -0.00013436230813446625 0 5.8988934714712774e-05
leaf_weight=120.94740222208202 350.44220779882744 307.07742611225694 1010.0549885444343 471.30600517848507 61.339421521639451 1369.821924286196 82.321669572032988 212.67237795842811 26.319930553436279 206.16462720558047 369.00440528616309 222.65180301107466 885.63153588958085 105.18375842273235 114.560198193416
leaf_count=1038 3386 1676 4330 2581 910 6219 447 1042 52 848 1812 1156 3021 1162 1148
internal_value=0 4.38743e-05 8.68973e-05 0.00013989 -4.12561e-05 0 2.02723e-05 -3.28951e-05 5.65674e-05 -9.07767e-05 -8.38873e-05 -0.000124125 -0.000113723 -5.66584e-05 0
internal_weight=5915.5 2852.06 1936.99 1481.36 3063.44 1736.13 1452.14 915.074 238.992 1327.3 676.082 283.991 1091.8 455.626 235.508
internal_count=30828 16041 11459 6911 14787 8732 6666 4582 1094 6055 3488 2066 3869 4548 2186
is_linear=0
shrinkage=0.01444


Tree=163
num_leaves=15
num_cat=0
split_feature=9 17 5 6 28 16 10 9 38 23 28 5 31 31
split_gain=0.0504113 0.0999127 0.0616561 0.0939278 0.040838 0.0859149 0.0318053 0.0304773 0.0248357 0.0195422 0.0116915 0.0106293 0.00113316 0.000801877
threshold=0.36939844990845516 1.4243293121998881 0.17574011266013317 0.27074135579668462 0.066499999999999962 1.1531666163694838 0.47639951449212786 0.18588624619202479 4.5000000000000009 0.023948383655304831 -0.014399999999999981 0.53941456309703406 1.6450000000000007 4.9700000000000015
decision_type=10 10 10 10 10 10 10 8 2 10 8 10 10 8
left_child=6 4 12 -4 8 -6 7 13 -2 -9 -8 -12 -3 -1
right_child=1 2 3 -5 5 -7 10 9 -10 -11 11 -13 -14 -15
leaf_value=-0.00010115083475235638 -7.1821124940016113e-05 0.00010275977898901264 0.00089697898681164725 0 0 0.001029912153830709 0 -6.8329637204293917e-05 7.4159181529082299e-05 2.0733980653808967e-05 -0.00026866325083304193 0 0 0
leaf_weight=677.35387103958055 581.49993064068258 21.819375730119646 75.395163384266198 21.864381458610296 99.341389948502183 24.733079983852804 48.998273117467761 591.89838475594297 395.14059397019446 3121.6389431757852 181.2201180588454 14.309181664139031 41.390577752143145 18.896417076233774
leaf_count=4306 1589 132 311 90 442 88 310 4109 2354 14865 728 64 134 1306
internal_value=0 8.07602e-05 0.000421934 0.00065154 1.89465e-05 0.000267387 -2.21417e-05 -1.00727e-05 0 3.00541e-06 -0.000185863 -0.000235817 0 -9.856e-05
internal_weight=5915.5 1261.18 160.469 97.2595 1100.71 124.074 4654.32 4409.79 976.641 3713.54 244.528 195.529 63.21 696.25
internal_count=30828 5140 667 401 4473 530 25688 24586 3943 18974 1102 792 266 5612
is_linear=0
shrinkage=0.01444


Tree=164
num_leaves=16
num_cat=0
split_feature=26 5 9 30 23 20 26 30 18 18 10 35 9 30 26
split_gain=0.0492616 0.0562791 0.0670335 0.113629 0.0349753 0.0709127 0.0374595 0.0232944 0.0200965 0.0205307 0.0267618 0.0204065 0.0282322 0.0186778 0.0122927
threshold=0.4306445085591542 0.17499127704117243 0.37158804893283176 19.725000000000005 0.079902914458421473 0.10223944117796623 0.604584334095568 16.390000000000004 -0.017911601550751274 0.050208029009964468 0.4029301744329003 3.845241880306411 0.29956090781467015 18.350000000000005 0.37272609989871214
decision_type=10 10 10 10 8 8 8 8 10 10 10 2 10 10 10
left_child=8 4 7 -4 6 -6 -2 -3 11 10 -10 12 -1 -11 -13
right_child=1 2 3 -5 5 -7 -8 -9 9 13 -12 14 -14 -15 -16
leaf_value=0 0 0.00014796477313457106 0.00046978416493531134 0 0.00037471261615079626 -6.6601209712367231e-05 -0.00017232075485947045 0 -5.6934763480963354e-05 0.00011449378758786994 -0.00027408043971139924 -9.5128520480580064e-05 0.00021388736485411608 -0.00011123135719667912 1.5860210941610124e-05
leaf_weight=250.13590580201708 568.56405248865485 274.48855329677463 239.02064092550427 200.26211125031114 124.66059391200542 100.7800507012289 420.4789429390803 923.80615434120409 1629.2212279899977 223.06959340628237 182.03794359508902 392.2012851848267 199.02604078967124 80.529400676488876 107.21718445722945
leaf_count=1734 2577 2682 1028 958 440 548 2624 5184 7780 1007 675 1930 830 327 504
internal_value=0 4.3009e-05 9.9959e-05 0.000257574 -2.30174e-05 0.000119826 -6.88544e-05 3.11668e-05 -4.0376e-05 -6.58703e-05 -8.60614e-05 2.67637e-06 8.49273e-05 1.14861e-05 -4.51267e-05
internal_weight=5915.5 2852.06 1637.58 439.283 1214.48 225.441 989.043 1198.29 3063.44 2114.86 1811.26 948.58 449.162 303.599 499.418
internal_count=30828 16041 9852 1986 6189 988 5201 7866 14787 9789 8455 4998 2564 1334 2434
is_linear=0
shrinkage=0.01444


Tree=165
num_leaves=15
num_cat=0
split_feature=26 11 32 15 17 18 26 23 32 35 18 32 26 27
split_gain=0.0480895 0.0681558 0.0705311 0.0526392 0.0321707 0.0306824 0.0247726 0.0496463 0.013488 0.0106888 0.00969431 0.00876092 0.00962023 0.00105985
threshold=0.46567929232646349 0.24502126456719911 0.8337730870712402 1.5179242889817151 0.9686542518080864 -0.022500659200633873 0.21684312149515442 0.098281512873280061 0.48548812664907653 2.31401934844585 0.06596935175716058 0.79881266490765179 0.48248848793882509 0.24261953704439057
decision_type=10 10 10 10 8 10 8 10 10 2 10 10 10 10
left_child=4 11 3 -3 8 -4 9 -8 13 -6 -10 12 -2 -1
right_child=1 2 5 -5 6 -7 7 -9 10 -11 -12 -13 -14 -15
leaf_value=3.0722625381240054e-05 0 5.6614777623832057e-05 0.00011129423146880957 0.00028058341914673787 0 -9.4669379387565551e-05 0 0.0003416992135756255 -0.00011801334019148486 -0.00015588254605203243 0 0 -0.00012942868642898872 -2.5735812686900946e-05
leaf_weight=151.95066204853356 39.422422537114471 728.25183069659397 200.4403555477038 507.68917350983247 20.341155527625233 442.85978640988469 1583.106598518556 96.44758240506053 1133.9655980542302 263.65006900508888 62.93308999016881 146.5580973001197 422.11751615116373 115.76574405469
leaf_count=1368 286 3641 842 2646 124 2070 7105 529 4069 1942 232 1396 3568 1010
internal_value=0 4.8152e-05 9.43449e-05 0.000159287 -3.52435e-05 -1.01222e-05 0 2.40789e-05 -8.6516e-05 -0.000121366 -0.000107271 -7.30485e-05 -0.000104794 0
internal_weight=5915.5 2487.34 1879.24 1235.94 3428.16 643.3 1963.55 1679.55 1464.62 283.991 1196.9 608.098 461.54 267.716
internal_count=30828 14449 9199 6287 16379 2912 9700 7634 6679 2066 4301 5250 3854 2378
is_linear=0
shrinkage=0.01444


Tree=166
num_leaves=15
num_cat=0
split_feature=9 28 9 10 38 28 10 8 27 32 28 28 35 32
split_gain=0.0470436 0.075091 0.0904236 0.15642 0.0377022 0.0511002 0.0308036 0.0299836 0.0262 0.0235781 0.0196645 0.0114423 0.0158676 0.00667279
threshold=0.36939844990845516 0.066499999999999962 0.4473126472362195 0.37638446609611037 4.5000000000000009 -0.035249999999999997 0.47639951449212786 0.20526990866080561 0.50670963229416477 0.81200527704485503 0.10595 -0.014399999999999981 5.2444681683617871 0.82189973614775735
decision_type=10 10 10 10 2 10 10 8 10 10 10 8 2 10
left_child=6 4 3 -3 5 -2 7 13 -6 -9 -4 -8 -13 -1
right_child=1 2 10 -5 8 -7 11 9 -10 -11 -12 12 -14 -15
leaf_value=-8.7699145512064382e-05 -0.00027032502209895626 0 0.00027524331969027311 0.001285073338640742 0.00021869426271308885 1.3553556183909555e-05 0 3.2651589318783832e-05 0 -5.8952847976752856e-05 -0.00011633549974396189 -0.00028278224584399011 0 0
leaf_weight=1007.8322289967909 154.62475525215268 29.550558751448989 44.464412925764918 44.45452840346843 272.17161668930203 485.48652425967157 48.998273117467761 2586.8009269651957 180.03652445133775 699.6951688118279 50.395572135224938 172.53169388324022 22.99760583974421 115.45929127372801
leaf_count=7612 563 132 182 184 1531 1238 310 12798 1142 3430 168 660 132 746
internal_value=0 7.81064e-05 0.000367339 0.000747986 2.12504e-05 -3.47618e-05 -2.12997e-05 -9.38089e-06 0.000129396 9.15975e-06 0 -0.000182319 -0.000231763 -7.52526e-05
internal_weight=5915.5 1261.18 168.865 74.0051 1092.32 640.111 4654.32 4409.79 452.208 3286.5 94.86 244.528 195.529 1123.29
internal_count=30828 5140 666 316 4474 1801 25688 24586 2673 16228 350 1102 792 8358
is_linear=0
shrinkage=0.01444


Tree=167
num_leaves=15
num_cat=0
split_feature=1 5 22 30 31 21 21 12 35 15 35 34 17 30
split_gain=0.0468864 0.0382203 0.0588159 0.0529989 0.0234533 0.0344523 0.0312028 0.00803945 0.0118183 0.0110604 0.00471324 0.0035521 0.00340077 0.00229806
threshold=0.086120071684587837 0.17574011266013317 0.046820090451900179 19.775000000000002 0.53000000000000214 0.038833917033599334 0.06990459182108151 0.026980308475115476 3.7265364380453145 1.1014962079915429 5.098798747200088 -0.058963185282983992 1.4930970523327909 14.895000000000001
decision_type=2 8 10 10 10 10 10 10 2 10 2 8 10 8
left_child=7 4 10 -4 6 -6 -2 11 12 -10 -3 -1 -9 -13
right_child=1 2 3 -5 5 -7 -8 8 9 -11 -12 13 -14 -15
leaf_value=0 0 -6.9193113912448213e-05 0.00016707890068206282 0 6.5138254796627533e-06 -0.00013617745848855099 0.00026430210509377391 -0.00011982795751738984 -7.8170003679287281e-05 2.0899522975212202e-05 0 0 0 -0.00011981595084643269
leaf_weight=94.248860697261989 374.65539724635892 448.41870964434929 1196.6778521169908 427.67533794138581 492.41578752500936 591.27886689640582 113.47533728647977 274.80745326820761 308.06869286950678 961.8494300567545 29.029976439895108 12.182852448895572 19.601158554665744 571.11396876419894
leaf_count=1598 2464 2746 5654 2024 1964 1942 540 1641 1464 4989 230 445 139 2988
internal_value=0 3.16705e-05 7.32266e-05 0.000117333 -1.5578e-05 -5.92967e-05 5.46507e-05 -5.21183e-05 -2.23329e-05 0 -4.94058e-05 -0.000101507 -0.000104883 -0.000115046
internal_weight=5915.5 3673.63 2101.8 1624.35 1571.83 1083.69 488.131 2241.87 1564.33 1269.92 477.449 677.546 294.409 583.297
internal_count=30828 17564 10654 7678 6910 3906 3004 13264 8233 6453 2976 5031 1780 3433
is_linear=0
shrinkage=0.01444


Tree=168
num_leaves=15
num_cat=0
split_feature=20 35 13 27 34 22 7 16 22 7 19 24 31 13
split_gain=0.0448131 0.0374296 0.0525015 0.0830576 0.0259751 0.0232178 0.0195348 0.0258949 0.0187675 0.0145633 0.0188312 0.0118922 0.0107858 0.00854024
threshold=0.047798360384222811 4.9538884550374727 1.5996456281422577 0.13607166825363512 0.032758122151732467 0.059768713378143247 0.25498770329934689 0.92810791300851936 0.091453544174631127 0.55207207646100942 0.035204414320216572 11.500000000000002 3.4850000000000008 1.2662734454612121
decision_type=10 2 8 8 10 10 10 10 10 10 10 2 10 10
left_child=4 2 13 -4 5 11 12 -8 -7 10 -6 -1 -3 -2
right_child=1 6 3 -5 9 8 7 -9 -10 -11 -12 -13 -14 -15
leaf_value=-6.0983088016867729e-05 -6.5483841730313512e-05 -0.00016751729429011761 0 0.00022855096991727375 0 0.00014658749143054236 0.00022607690824092975 -2.9048515316570987e-05 -3.2810912825528469e-05 0 -0.00030340189096113936 0 0 2.4695912823387302e-05
leaf_weight=1599.357932753861 330.57334822323173 258.08095886884257 424.34372986620292 763.72811570065096 130.3930868729949 286.71010970044881 99.173769474960864 357.50927432160825 42.881733590736985 22.281317293643951 173.25802617892623 795.010627835989 41.13197227101773 591.06567880325019
leaf_count=13326 1533 1552 2481 4223 310 1258 376 1217 206 128 408 1151 190 2469
internal_value=0 4.08723e-05 7.43231e-05 0.000137902 -3.86467e-05 -1.85284e-05 -3.51695e-05 0 8.35791e-05 -0.00016637 -0.00019922 -3.80661e-05 -0.000129264 0
internal_weight=5915.5 2865.61 2109.71 1188.07 3049.89 2723.96 755.896 456.683 329.592 325.932 303.651 2394.37 299.213 921.639
internal_count=30828 14041 10706 6704 16787 15941 3335 1593 1464 846 718 14477 1742 4002
is_linear=0
shrinkage=0.01444


Tree=169
num_leaves=16
num_cat=0
split_feature=26 11 34 35 35 17 5 1 18 32 5 5 24 10 5
split_gain=0.0454705 0.0648036 0.078127 0.111491 0.061398 0.0309199 0.0322915 0.0484726 0.0223077 0.0129143 0.0126921 0.0125048 0.00811652 0.00103976 0.000122898
threshold=0.46567929232646349 0.24502126456719911 -0.009898753371317735 3.2130589193126018 3.4193646320444038 0.9686542518080864 0.28567044208987963 0.11813657407407409 -0.015916424476612064 0.48548812664907653 0.22317576918343021 0.48298426046104087 9.5000000000000018 0.22948583034843381 0.2417808582753885
decision_type=10 10 10 2 2 8 10 2 8 10 8 8 2 8 10
left_child=5 10 3 -3 -4 9 7 -7 -8 14 12 -11 -2 -12 -1
right_child=1 2 4 -5 -6 6 8 -9 -10 11 13 -13 -14 -15 -16
leaf_value=1.1816889228290628e-05 0 -0.00012774611300163345 0.00018337324088473579 0.00025574537327318508 -7.7248639373002638e-05 0 0 0.00020061671029322672 -0.00014807198948329424 -0.0001265803129583392 -2.1724828437133686e-05 0 -0.00018783619494467044 3.5311338667851285e-05 -3.8563146585731248e-06
leaf_weight=172.7898752046749 117.31643161969259 146.33774961158633 262.99357566423714 810.17068658769131 659.73913430050015 1070.5483078185935 172.5367094874382 308.97171846451238 411.48866968578659 984.23643966345116 173.86411865148693 212.66224838094786 209.6195302605629 107.29795545665547 94.926530898548663
leaf_count=1562 2418 1104 846 4631 2618 5294 868 1436 2102 3471 1678 830 422 732 816
internal_value=0 4.68026e-05 9.19273e-05 0.000183356 0 -3.42899e-05 0 4.12688e-05 -8.65869e-05 -8.45686e-05 -7.10973e-05 -0.000104879 -0.000132195 0 0
internal_weight=5915.5 2487.34 1879.24 956.508 922.733 3428.16 1963.55 1379.52 584.025 1464.62 608.098 1196.9 326.936 281.162 267.716
internal_count=30828 14449 9199 5735 3464 16379 9700 6730 2970 6679 5250 4301 2840 2410 2378
is_linear=0
shrinkage=0.01444


Tree=170
num_leaves=16
num_cat=0
split_feature=26 5 2 34 17 5 23 31 12 34 12 30 5 35 27
split_gain=0.0439556 0.0557855 0.0526829 0.0664107 0.0300649 0.0312156 0.0707217 0.0272026 0.0248994 0.0322956 0.0265845 0.0125469 0.0121331 0.011752 0.00102686
threshold=0.46567929232646349 0.17499127704117243 0.24431250715020361 0.027331172936831186 0.9686542518080864 0.28567044208987963 0.10008876646753971 3.8299999999999987 0.065439291226140603 -0.01147747068267879 0.11408199848921495 16.170000000000005 0.48298426046104087 2.3504206048856529 0.24261953704439057
decision_type=10 10 2 10 8 10 10 10 10 8 10 10 8 2 10
left_child=4 8 7 -4 11 6 -6 -3 9 -2 -10 14 -13 -7 -1
right_child=1 2 3 -5 5 13 -8 -9 10 -11 -12 12 -14 -15 -16
leaf_value=3.0213167985415803e-05 0 0.0001045203331250914 0.0006097503631881209 0 8.0591362305890064e-06 0 0.00052375975430841483 -2.6271139200782147e-05 0.00013339338477641081 -0.00023557556784723838 -5.1042292531900738e-05 -0.00012475352753234091 0 -0.00011162766305330439 -2.5375376755838841e-05
leaf_weight=151.95066204853356 298.96003101952374 1007.1704189362936 95.123485701391473 43.573119446635246 1318.3324048325885 48.322618771344423 61.187621450517327 287.41000799648464 297.85451951157302 218.28053789329715 238.967061647214 984.23643966345116 212.66224838094786 535.70276040188037 115.76574405469
leaf_count=1368 2566 6891 449 102 6359 246 371 1498 1009 850 1084 3471 830 2724 1010
internal_value=0 4.59529e-05 0.000106544 0.00039499 -3.37768e-05 0 4.06202e-05 6.53767e-05 -2.40365e-05 -0.000102221 2.69629e-05 -8.33573e-05 -0.000103377 -8.50818e-05 0
internal_weight=5915.5 2487.34 1433.28 138.697 3428.16 1963.55 1379.52 1294.58 1054.06 517.241 536.822 1464.62 1196.9 584.025 267.716
internal_count=30828 14449 8940 551 16379 9700 6730 8389 5509 3416 2093 6679 4301 2970 2378
is_linear=0
shrinkage=0.01444


Tree=171
num_leaves=15
num_cat=0
split_feature=9 17 5 5 27 28 12 8 12 19 12 16 35 31
split_gain=0.0436128 0.0933794 0.0578422 0.0650011 0.0381291 0.0992586 0.0311322 0.03109 0.0219022 0.0183595 0.00938762 0.00619569 0.00355841 0.000931145
threshold=0.36939844990845516 1.4243293121998881 0.17574011266013317 0.56574030538961073 0.1741789819376027 0.056350000000000018 0.10598549580517007 0.20526990866080561 0.048423565870157441 0.12417154245707264 0.053289163197473163 0.6932878085284232 5.3288223156361374 1.6450000000000007
decision_type=10 10 10 10 8 10 10 8 8 10 10 10 2 10
left_child=6 4 13 -4 9 -6 7 10 -9 -2 -1 -8 -13 -3
right_child=1 2 3 -5 5 -7 11 8 -10 -11 -12 12 -14 -15
leaf_value=-8.8305509117647118e-05 0 9.3150875874025313e-05 0.00080920624809879707 0 0 0.00046167890861211814 0 5.6213598831699382e-05 -1.6444407928794422e-05 -0.00026912174284523534 0 -0.00019950844691761656 0 0
leaf_weight=1050.1386649892665 113.90032751485705 21.819375730119646 78.775376402772963 18.484168440103531 762.03357423655689 115.7161823278293 20.344574956223369 1444.5294576683082 1764.3917598426342 109.06491046398878 74.801777993794531 257.70265803206712 42.406295405700803 41.390577752143145
leaf_count=7840 428 132 343 58 3191 498 144 7314 8238 356 522 1384 246 134
internal_value=0 7.50653e-05 0.000404393 0.000626509 1.49866e-05 6.82104e-05 -2.06461e-05 -7.28249e-06 1.21886e-05 -0.000135622 -7.44341e-05 -0.000160272 -0.000178106 0
internal_weight=5915.5 1261.18 160.469 97.2595 1100.71 877.75 4654.32 4333.86 3208.92 222.965 1124.94 320.454 300.109 63.21
internal_count=30828 5140 667 401 4473 3689 25688 23914 15552 784 8362 1774 1630 266
is_linear=0
shrinkage=0.01444


Tree=172
num_leaves=16
num_cat=0
split_feature=1 13 8 34 2 32 18 8 35 18 18 5 5 8 35
split_gain=0.0425418 0.0384029 0.0559639 0.0873563 0.0179112 0.011377 0.0232157 0.0177007 0.00711222 0.00938015 0.00496937 0.00410882 0.002681 0.00101139 0.00025257
threshold=0.086120071684587837 1.5996456281422577 0.34854244319295741 0.030886867815338007 0.19068559653961706 0.8700527704485489 0.0551951758782201 0.63709897950545535 5.9185705216328248 -0.015916424476612064 0.011155623781359038 0.16987713197576834 0.12352813254340174 0.22871272789544542 6.1093031352337306
decision_type=2 8 10 10 2 10 10 10 2 8 10 10 10 10 2
left_child=8 5 4 -4 -3 6 -2 -7 9 13 14 -11 -12 -1 -10
right_child=1 2 3 -5 -6 7 -8 -9 10 11 12 -13 -14 -15 -16
leaf_value=-1.9934075711986565e-05 -1.2217793179528389e-05 6.0808348000865291e-05 0.00033112798716192221 -9.2135980972302468e-06 -4.4891934920438479e-05 -0.00012311344191538883 0.00015143975895899747 2.4919935498595201e-05 0 -2.0617591113119491e-05 0 -0.00010423982999524082 0.00015533031962290482 2.2855319934362152e-05 -2.4273427913715573e-05
leaf_weight=269.12502394150943 1170.9713187059388 867.51283215824515 370.38208224251866 151.40379390120506 423.69383433950134 408.04169921576977 203.27346277236938 78.34824176132679 15.955400934442876 700.00111122964881 16.224432375282049 879.02234005345963 65.330216841772199 198.01260678144172 98.201284501934424
leaf_count=1851 4666 5787 1662 364 2255 1588 798 444 164 4085 74 5303 323 918 546
internal_value=0 3.00187e-05 7.83422e-05 0.000207406 1.59855e-05 -1.00431e-05 2.51928e-06 -7.23831e-05 -4.97925e-05 -5.86595e-05 0 -7.5477e-05 0.000112036 0 -6.93917e-06
internal_weight=5915.5 3673.63 1812.99 521.786 1291.21 1860.63 1374.24 486.39 2241.87 2046.16 195.711 1579.02 81.5546 467.138 114.157
internal_count=30828 17564 10068 2026 8042 7496 5464 2032 13264 12157 1107 9388 397 2769 710
is_linear=0
shrinkage=0.01444


Tree=173
num_leaves=16
num_cat=0
split_feature=0 9 15 34 32 23 23 23 3 28 18 20 35 27 15
split_gain=0.0416218 0.0425728 0.0407456 0.0443861 0.0156453 0.0130105 0.0274387 0.0121547 0.0120852 0.00979706 0.00981119 0.00733045 0.00540773 0.00194747 0.0012971
threshold=0.51485000000000014 0.29639959757329831 1.4995076756616694 0.030886867815338007 0.50065963060686025 0.028621516261457151 0.046978165267125956 0.079902914458421473 17.500000000000004 0.073100000000000068 0.051398069569419953 0.13647106281118246 4.1462251559290744 0.083813237988957776 3.0928829187694111
decision_type=2 8 8 10 8 8 10 10 2 10 10 10 2 8 10
left_child=4 8 7 -4 5 13 -7 -3 14 10 -6 -10 -11 -1 -2
right_child=1 2 3 -5 9 6 -8 -9 11 12 -12 -13 -14 -15 -16
leaf_value=0 4.0353068690795149e-05 -3.4430597226453798e-05 0.00020176303113141313 0 -7.0309664433160584e-05 0.00016680493044937163 0 8.1448381293318232e-05 -0.00011513752572379733 0 0 0 0.00018620804014736017 -7.4909145626265669e-05 0
leaf_weight=41.482040314935148 165.53715728595853 506.07937814388424 750.59734932868741 232.74576267041266 2217.8120832808781 276.09738702140749 322.19208595063537 290.95005383342505 378.30994758661836 36.778548520756885 258.52125661913306 19.839966629631817 34.286716080037877 213.47952480381355 170.79042368615046
leaf_count=454 931 1951 3940 576 11502 1973 2602 1000 1993 224 898 150 178 1511 945
internal_value=0 4.42451e-05 8.48675e-05 0.000147214 -3.32244e-05 8.26697e-06 5.74465e-05 0 -3.64035e-05 -5.22586e-05 -6.00129e-05 -9.36128e-05 3.35351e-05 -5.5778e-05 0
internal_weight=5915.5 2514.85 1780.37 983.343 3400.65 853.251 598.289 797.029 734.477 2547.4 2476.33 398.15 71.0653 254.962 336.328
internal_count=30828 11486 7467 4516 19342 6540 4575 2951 4019 12802 12400 2143 402 1965 1876
is_linear=0
shrinkage=0.01444


Tree=174
num_leaves=16
num_cat=0
split_feature=26 5 9 30 23 19 26 17 17 26 23 5 28 30 27
split_gain=0.041143 0.0493609 0.0590899 0.102229 0.0319587 0.0436012 0.035958 0.0305634 0.0238527 0.0216644 0.0242796 0.0203442 0.0165136 0.0133532 0.0113136
threshold=0.4306445085591542 0.17499127704117243 0.37158804893283176 19.725000000000005 0.079902914458421473 0.11189370852231098 0.604584334095568 0.78904426815971929 0.9686542518080864 0.21684312149515442 0.097245474545194402 0.1562863363744226 0.01035 16.000000000000004 0.27891052916825226
decision_type=10 10 10 10 8 8 10 8 8 8 10 10 8 10 10
left_child=8 4 7 -4 6 -6 -2 -3 12 11 -11 -10 14 -14 -1
right_child=1 2 3 -5 5 -7 -8 -9 9 10 -12 -13 13 -15 -16
leaf_value=0 0 -0.00014922551190394752 0.00044201352730170111 0 0.00030590732870455805 -5.0479450636546261e-06 -0.00016782305102727813 6.2807945999029827e-05 0 0 0.0002620160584641251 -0.00021567757635443559 0 -0.00018398067669072774 -8.8812495126465221e-05
leaf_weight=478.55429266905412 568.56405248865485 138.11383215337992 239.02064092550427 200.26211125031114 127.58716653846204 97.853478074772283 420.4789429390803 1060.1808754845988 109.72532827220857 1369.821924286196 82.321669572032988 174.26589626050554 47.883398029021919 439.96546570397913 360.90060710860416
leaf_count=2303 2577 950 1028 958 502 486 2624 6916 1016 6219 447 1050 484 1530 1738
internal_value=0 3.91707e-05 9.26767e-05 0.000240741 -2.22108e-05 0.00011333 -6.63806e-05 2.73918e-05 -3.70325e-05 0 2.07778e-05 -0.000116925 -8.31267e-05 -0.000157574 -2.42018e-05
internal_weight=5915.5 2852.06 1637.58 439.283 1214.48 225.441 989.043 1198.29 3063.44 1736.13 1452.14 283.991 1327.3 487.849 839.455
internal_count=30828 16041 9852 1986 6189 988 5201 7866 14787 8732 6666 2066 6055 2014 4041
is_linear=0
shrinkage=0.01444


Tree=175
num_leaves=15
num_cat=0
split_feature=1 5 22 30 33 21 35 28 20 22 8 10 8 10
split_gain=0.0400996 0.0339888 0.0523104 0.0486391 0.0255025 0.0183583 0.0163244 0.00850265 0.00890898 0.0156168 0.00793476 0.00486602 0.00449921 0.00189507
threshold=0.086120071684587837 0.17574011266013317 0.046820090451900179 19.775000000000002 0.025999877546902587 0.039102160679916932 4.5837421916040331 0.0041000000000000212 0.067495545903892409 0.03587679020151293 0.30349726300106844 0.3335458879971312 0.2305300552996756 0.13036969084779251
decision_type=2 8 10 10 8 10 2 10 10 8 10 10 8 8
left_child=7 4 12 -4 5 -2 -6 10 9 -9 11 -1 -3 -10
right_child=1 2 3 -5 6 -7 -8 8 13 -11 -12 -13 -14 -15
leaf_value=-9.9428916144948923e-05 0 0 0.00015793725152042691 0 9.494547040594928e-05 -0.00013787163161244528 -1.8839248925672461e-05 -4.5326813882773987e-05 0 7.1646042817255585e-05 0 0 -7.4987331480075368e-05 -0.00015364291009852446
leaf_weight=979.2051026369445 374.33179521467537 129.26184240262955 1196.6778521169908 427.67533794138581 466.10939431074075 452.06852804776281 279.31567138107494 459.31673237914219 8.6553122834302467 449.74816307309084 193.06829427462071 56.735631857533008 348.18684368161485 95.143180154729635
leaf_count=6090 1260 885 5654 2024 3106 1300 1244 2458 74 2735 951 346 2091 610
internal_value=0 2.90984e-05 6.84055e-05 0.00011017 -1.5142e-05 -7.59946e-05 3.47787e-05 -4.83874e-05 -2.49532e-06 0 -7.55434e-05 -9.14662e-05 -4.62588e-05 -0.000133647
internal_weight=5915.5 3673.63 2101.8 1624.35 1571.83 826.4 745.425 2241.87 1012.86 909.065 1229.01 1035.94 477.449 103.798
internal_count=30828 17564 10654 7678 6910 2560 4350 13264 5877 5193 7387 6436 2976 684
is_linear=0
shrinkage=0.01444


Tree=176
num_leaves=16
num_cat=0
split_feature=26 11 28 31 26 17 5 23 18 28 32 15 5 24 10
split_gain=0.0395907 0.060214 0.0681806 0.0492025 0.0310444 0.0280799 0.0301916 0.0663124 0.0212132 0.0171086 0.0153366 0.0129544 0.0116826 0.00855977 0.000692967
threshold=0.46567929232646349 0.24502126456719911 -0.025050000000000013 3.8299999999999987 0.54709817732076849 0.9686542518080864 0.28567044208987963 0.10008876646753971 -0.015916424476612064 0.016650000000000002 0.4802110817941953 1.3426665896404579 0.22726071531816275 9.5000000000000018 0.22948583034843381
decision_type=10 10 10 8 10 8 10 10 8 8 10 10 8 2 8
left_child=5 12 4 -4 -3 9 7 -7 -8 11 -11 -1 13 -2 -14
right_child=1 2 3 -5 -6 6 8 -9 -10 10 -12 -13 14 -15 -16
leaf_value=-8.6295859983390055e-05 0 7.7826276193335533e-05 0.00017921021314436431 0 -0.00017285206195322448 8.4879064738819016e-06 0 0.00050873073607732072 -0.0001433803588942144 0 -0.00019622366588438125 0 -1.8596544086295125e-05 -0.0001843543009332643 2.830436556280328e-05
leaf_weight=489.53800214361399 120.35488139651716 85.817105334252119 1148.9045074163005 384.30649411771446 260.21303929574788 1318.3324048325885 172.5367094874382 61.187621450517327 411.48866968578659 50.184503145515919 394.79687767289579 530.09571118559688 170.54195041954517 211.25698608160019 105.94421809073538
leaf_count=2154 2500 553 5687 1694 1265 6359 868 371 2102 536 1296 2693 1622 426 702
internal_value=0 4.34844e-05 8.71636e-05 0.000131834 -7.28865e-05 -3.21811e-05 0 4.03576e-05 -8.32097e-05 -8.01227e-05 -0.000164284 -3.04923e-05 -6.99483e-05 -0.000127667 0
internal_weight=5915.5 2487.34 1879.24 1533.21 346.03 3428.16 1963.55 1379.52 584.025 1464.62 444.981 1019.63 608.098 331.612 276.486
internal_count=30828 14449 9199 7381 1818 16379 9700 6730 2970 6679 1832 4847 5250 2926 2324
is_linear=0
shrinkage=0.01444


Tree=177
num_leaves=14
num_cat=0
split_feature=9 17 35 22 27 28 10 9 19 23 28 35 35
split_gain=0.038717 0.0888048 0.0558304 0.10174 0.0378433 0.0939605 0.0301312 0.0247209 0.018189 0.0163051 0.0114111 0.0151493 0.00400048
threshold=0.36939844990845516 1.4243293121998881 2.8861963475819135 0.10855306500535759 0.1741789819376027 0.056350000000000018 0.47639951449212786 0.18588624619202479 0.12417154245707264 0.023948383655304831 -0.014399999999999981 5.2444681683617871 4.7361545868215922
decision_type=10 10 2 8 8 10 10 8 10 10 8 2 2
left_child=6 4 -3 -4 8 -6 7 12 -2 -9 -8 -12 -1
right_child=1 2 3 -5 5 -7 10 9 -10 -11 11 -13 -14
leaf_value=-0.00012231124575871308 0 0 4.4585137592157903e-05 0.001167188154104384 0 0.00044776835323809088 0 -6.0739622320592305e-05 -0.00027210212008592003 2.0129887921232928e-05 -0.00027759313146305385 0 0
leaf_weight=414.18999792123213 113.90032751485705 42.180308744311333 76.744909546338022 41.54428003448993 762.03357423655689 115.7161823278293 48.998273117467761 591.89838475594297 109.06491046398878 3121.6389431757852 172.53169388324022 22.99760583974421 282.06029019458219
leaf_count=3410 428 174 352 141 3191 498 310 4109 356 14865 660 132 2202
internal_value=0 7.06015e-05 0.000391281 0.000552623 1.17896e-05 6.50821e-05 -1.95756e-05 -7.7793e-06 -0.000139081 3.70831e-06 -0.000178394 -0.00022784 -8.7791e-05
internal_weight=5915.5 1261.18 160.469 118.289 1100.71 877.75 4654.32 4409.79 222.965 3713.54 244.528 195.529 696.25
internal_count=30828 5140 667 493 4473 3689 25688 24586 784 18974 1102 792 5612
is_linear=0
shrinkage=0.01444


Tree=178
num_leaves=15
num_cat=0
split_feature=0 22 27 35 31 30 28 7 28 35 35 35 8 17
split_gain=0.0381817 0.0444295 0.0471471 0.0554613 0.0288934 0.0147578 0.0122625 0.02499 0.00930342 0.00958351 0.00518351 0.00459376 0.0042646 0.00347355
threshold=0.51485000000000014 0.045779760244028113 0.13607166825363512 5.098798747200088 0.65000000000000047 16.345000000000002 0.0028000000000000112 0.19697360865506805 0.073100000000000068 5.9739847924122325 4.1462251559290744 5.3643391445639788 0.27863076177573431 1.3738221091601333
decision_type=2 10 8 2 10 8 10 10 10 2 2 2 8 10
left_child=5 11 4 -4 -3 6 12 -8 9 -7 -10 13 -1 -2
right_child=1 2 3 -5 -6 8 7 -9 10 -11 -12 -13 -14 -15
leaf_value=-6.5563458523828724e-05 -8.3434110590706597e-05 7.4117391661233212e-05 0.00016143566402436756 -3.4825557770106116e-05 -0.00014714334374597623 -6.7596021025424099e-05 -2.5653343107639281e-05 0.00014826016157868424 0 0 0.00018169380765006613 0 0 0
leaf_weight=302.40467574587092 496.01575579424389 150.34415126219392 1248.8404931528494 261.75222013518214 262.82073760870844 2264.5494368053041 146.46827127039433 332.1877714432776 36.778548520756885 211.78390309470706 34.286716080037877 21.554002299439162 72.190319631248713 73.522678912151605
leaf_count=2835 2817 924 5425 825 980 11428 1304 1816 224 972 178 110 585 405
internal_value=0 4.23023e-05 7.89379e-05 0.000118765 -3.49967e-05 -3.18954e-05 8.11736e-06 6.77572e-05 -5.04343e-05 -5.80669e-05 3.11353e-05 -5.47673e-05 -3.31825e-05 -6.92317e-05
internal_weight=5915.5 2514.85 1923.76 1510.59 413.165 3400.65 853.251 478.656 2547.4 2476.33 71.0653 591.092 374.595 569.538
internal_count=30828 11486 8154 6250 1904 19342 6540 3120 12802 12400 402 3332 3420 3222
is_linear=0
shrinkage=0.01444


Tree=179
num_leaves=15
num_cat=0
split_feature=0 22 23 34 23 24 33 7 13 16 19 2 38 0
split_gain=0.0369327 0.043047 0.0386298 0.0625805 0.032974 0.0150783 0.0220363 0.0102327 0.0165717 0.00826161 0.00819893 0.00319716 0.00224437 0.0022589
threshold=0.51485000000000014 0.045779760244028113 0.054523745066335901 0.032758122151732467 0.080799567082627935 11.500000000000002 0.097350357753504549 0.22200863033338644 1.303050639029995 0.82590479162677422 0.097469405600020292 0.099373695755800323 10.500000000000002 0.56032500000000007
decision_type=2 10 10 8 10 2 10 8 10 10 8 2 2 2
left_child=5 12 3 -3 -4 6 10 9 -9 -7 -1 -8 13 -2
right_child=1 2 4 -5 -6 7 11 8 -10 -11 -12 -13 -14 -15
leaf_value=-9.4109928852735073e-05 0 0.00028501168423320601 -3.492619508799762e-05 -2.7340265020912902e-05 9.5075470065334036e-05 -0.00019989361590713698 -8.8507206709204026e-06 -2.0025533385574193e-07 0.00010413472210577671 0 0 4.3926239618032528e-05 0 -7.6445886749747664e-05
leaf_weight=1444.4367995327339 79.109555234434083 386.34627409186214 630.43702793400735 97.144224306568503 809.83007582649589 66.091848373413086 303.62166195455939 401.26278281211853 428.12266470491886 320.15498292446136 104.36341192969121 332.59549035970122 59.292772625572979 452.69010914582759
leaf_count=11169 473 1828 2568 300 3458 95 2508 567 611 466 1712 2214 415 2444
internal_value=0 4.15929e-05 7.77001e-05 0.000195249 2.90936e-05 -3.13809e-05 -5.45071e-05 0 3.79171e-05 -4.93083e-05 -8.45972e-05 0 -5.37572e-05 -6.39592e-05
internal_weight=5915.5 2514.85 1923.76 483.49 1440.27 3400.65 2185.02 1215.63 829.385 386.247 1548.8 636.217 591.092 531.8
internal_count=30828 11486 8154 2128 6026 19342 17603 1739 1178 561 12881 4722 3332 2917
is_linear=0
shrinkage=0.01444


Tree=180
num_leaves=15
num_cat=0
split_feature=26 11 28 31 26 17 26 23 28 30 15 21 30 26
split_gain=0.036753 0.05683 0.0654492 0.0475361 0.0304011 0.027084 0.0221577 0.0415635 0.0165603 0.0148724 0.0125071 0.0112904 0.00858533 0.00920021
threshold=0.46567929232646349 0.24502126456719911 -0.025050000000000013 3.8299999999999987 0.54709817732076849 0.9686542518080864 0.21684312149515442 0.098281512873280061 0.016650000000000002 16.135000000000002 1.3426665896404579 0.012388149313999295 19.290000000000003 0.48248848793882509
decision_type=10 10 10 8 10 8 8 10 8 10 10 10 10 10
left_child=5 12 4 -4 -3 8 11 -8 10 -10 -1 -7 13 -2
right_child=1 2 3 -5 -6 6 7 -9 9 -11 -12 -13 -14 -15
leaf_value=-8.4231667200874302e-05 0 7.5858003874628528e-05 0.00017481389541278136 0 -0.00017124642137495658 0 0 0.00031507672238495764 0 -0.0001924836000456208 0 -0.00016410362501551433 0 -0.00012431926986466096
leaf_weight=489.53800214361399 39.422422537114471 85.817105334252119 1148.9045074163005 384.30649411771446 260.21303929574788 61.339421521639451 1583.106598518556 96.44758240506053 50.184503145515919 394.79687767289579 530.09571118559688 222.65180301107466 146.5580973001197 422.11751615116373
leaf_count=2154 286 553 5687 1694 1265 910 7105 529 536 1296 2693 1156 1396 3568
internal_value=0 4.18045e-05 8.4347e-05 0.00012822 -7.21689e-05 -3.10968e-05 0 2.39457e-05 -7.82135e-05 -0.000160986 -2.91908e-05 -0.000113363 -6.8116e-05 -9.99266e-05
internal_weight=5915.5 2487.34 1879.24 1533.21 346.03 3428.16 1963.55 1679.55 1464.62 444.981 1019.63 283.991 608.098 461.54
internal_count=30828 14449 9199 7381 1818 16379 9700 7634 6679 1832 4847 2066 5250 3854
is_linear=0
shrinkage=0.01444


Tree=181
num_leaves=12
num_cat=0
split_feature=1 17 28 9 28 34 24 7 35 17 34
split_gain=0.0357813 0.0335756 0.0392821 0.0730663 0.0282032 0.0159967 0.0141569 0.0131506 0.00312227 0.00279705 0.00328757
threshold=0.07191742081447966 0.74705430284724772 0.066499999999999962 0.37158804893283176 0.037999999999999957 0.0060563578888678258 11.500000000000002 0.37051334479810955 5.8833777244597796 1.5492536344396473 -0.048242920180405872
decision_type=2 8 10 10 10 10 2 10 2 10 8
left_child=8 5 4 -4 -3 7 -7 -2 9 10 -1
right_child=1 2 3 -5 -6 6 -8 -9 -10 -11 -12
leaf_value=0 -6.526944488026311e-05 3.5468792659382725e-05 0 0.00044514124995040729 -8.9016910848116105e-05 0 -0.00031599525906278773 0.0001162977187907547 0 0 -9.2442471486671422e-05
leaf_weight=255.98756129760295 285.70628287922591 3154.4322801285889 232.45439495518804 139.01321230176836 387.73296014708467 148.3337342813611 94.965964317321777 112.01577356737107 123.88612137455493 76.275084893684834 904.6963116126135
leaf_count=2447 1650 15727 1240 526 1806 712 122 589 772 486 4751
internal_value=0 1.90015e-05 3.71253e-05 0.000182719 1.81353e-05 -7.11817e-05 -0.000164344 0 -6.53621e-05 -7.22908e-05 -7.79196e-05
internal_weight=5915.5 4554.65 3913.63 371.468 3542.17 641.022 243.3 397.722 1360.85 1236.96 1160.68
internal_count=30828 22372 19299 1766 17533 3073 834 2239 8456 7684 7198
is_linear=0
shrinkage=0.01444


Tree=182
num_leaves=16
num_cat=0
split_feature=26 1 35 11 17 26 23 13 11 9 11 28 27 30 21
split_gain=0.0353096 0.0422187 0.0385954 0.0547927 0.0182569 0.0190168 0.0235426 0.0167517 0.0201289 0.0148577 0.0141179 0.0120128 0.0119825 0.0116145 0.0110632
threshold=0.42317325232094211 0.14005102040816331 4.0825249818614795 0.73310258374789605 0.9686542518080864 0.21684312149515442 0.097245474545194402 1.791087401534001 0.24396196063118999 0.56617251099161103 0.43250803428118195 0.01035 0.27891052916825226 16.000000000000004 0.012388149313999295
decision_type=10 2 2 10 8 8 10 10 10 10 10 8 8 10 10
left_child=4 7 3 -3 11 14 -7 10 -9 -4 -2 12 -1 -13 -6
right_child=1 2 9 -5 5 6 -8 8 -10 -11 -12 13 -14 -15 -16
leaf_value=1.284281999472346e-06 0 0.00026449699483425211 -4.3228164236961013e-05 -3.5113800890424056e-05 0 0 0.00025642237933006391 0 0.00013455001477052092 0.00026905403871718621 -0.00011397846883373937 0 -9.045832098878184e-05 -0.00016856663405259316 -0.0001617515037999102
leaf_weight=473.65028009796515 1109.7479119508062 454.44515223964117 272.61634806264192 77.700014808215201 61.339421521639451 1347.2210521160159 80.673854445107281 281.09424170851707 365.22493380820379 35.18837958574295 308.25865239556879 47.883398029021919 354.87201897753403 422.93221899867058 222.65180301107466
leaf_count=2261 6715 1917 988 334 910 6123 439 2439 2207 98 1569 484 1700 1488 1156
internal_value=0 3.5457e-05 0.000121732 0.000196184 -3.51e-05 0 1.73934e-05 0 6.12256e-05 0 -2.74396e-05 -7.60463e-05 -2.22554e-05 -0.000142795 -0.00011143
internal_weight=5915.5 2904.28 839.95 532.145 3011.22 1711.89 1427.89 2064.33 646.319 307.805 1418.01 1299.34 828.522 470.816 283.991
internal_count=30828 16267 3337 2251 14561 8628 6562 12930 4646 1086 8284 5933 3961 1972 2066
is_linear=0
shrinkage=0.01444


Tree=183
num_leaves=15
num_cat=0
split_feature=1 15 11 34 12 26 23 10 12 35 15 34 6 30
split_gain=0.0343865 0.0342139 0.0783443 0.0744073 0.0325129 0.0129131 0.0259231 0.0213456 0.007568 0.0112352 0.00999399 0.00345364 0.00250241 0.00212457
threshold=0.086120071684587837 1.568681557363979 0.33799609827241661 0.030886867815338007 0.050159014116496856 0.46567929232646349 0.061524750843249716 0.75214533939600769 0.026980308475115476 3.7265364380453145 1.1014962079915429 -0.058963185282983992 4.4917222965238688 14.895000000000001
decision_type=2 8 10 10 10 8 10 10 10 2 10 8 10 8
left_child=8 5 4 -4 -3 6 -2 -7 11 12 -11 -1 -10 -13
right_child=1 2 3 -5 -6 7 -8 -9 9 10 -12 13 -14 -15
leaf_value=0 0 5.815187890340316e-05 0.00033013719684679829 0 -0.00010312539358131138 0 -0.0001724481025346822 0.00020032450249108646 -0.00010796697969678335 -6.9155374641248387e-05 2.5132361123554328e-05 0 0 -0.00010960757116203403
leaf_weight=94.248860697261989 590.01153268758208 860.50053050764836 379.57661894941702 147.80101315677166 363.11368135223165 946.77294542826712 269.43205712921917 116.41888588573784 281.42781309783459 308.06869286950678 961.8494300567545 12.182852448895572 12.980798725038765 571.11396876419894
leaf_count=1598 2227 5214 1869 366 1801 4655 1028 404 1710 1464 4989 445 70 2988
internal_value=0 2.67071e-05 7.39564e-05 0.000221561 0 -9.5262e-06 -5.52343e-05 1.51256e-05 -4.50418e-05 -1.64327e-05 0 -9.1722e-05 -9.68241e-05 -0.000104902
internal_weight=5915.5 3673.63 1750.99 527.378 1223.61 1922.64 859.444 1063.19 2241.87 1564.33 1269.92 677.546 294.409 583.297
internal_count=30828 17564 9250 2235 7015 8314 3255 5059 13264 8233 6453 5031 1780 3433
is_linear=0
shrinkage=0.01444


Tree=184
num_leaves=14
num_cat=0
split_feature=9 17 35 22 10 38 34 16 7 24 35 30 23
split_gain=0.0335745 0.0846362 0.0545004 0.0968364 0.0296038 0.0260669 0.0468291 0.036904 0.02258 0.0205423 0.00932281 0.00870141 0.00491607
threshold=0.36939844990845516 1.4243293121998881 2.8861963475819135 0.10855306500535759 0.47639951449212786 9.5000000000000018 -0.018181590198530048 1.1351816772049044 0.21030227905456669 11.500000000000002 5.2444681683617871 16.345000000000002 0.098281512873280061
decision_type=10 10 2 8 10 2 10 10 8 2 2 10 8
left_child=4 5 -3 -4 8 7 -7 -2 12 -10 11 -6 -1
right_child=1 2 3 -5 10 6 -8 -9 9 -11 -12 -13 -14
leaf_value=-6.3903473534020346e-05 -7.8175228184914882e-05 0 3.7985943494389458e-05 0.0011371271814598384 0 0 0.00034873228420324333 0.00012763912224393354 -1.24009005961017e-05 6.1402985616219221e-05 0 -0.00023678685453371764 0
leaf_weight=1349.7754526101053 676.15837154537439 42.180308744311333 76.744909546338022 41.54428003448993 17.388153545558453 74.653410581871867 123.91396415792406 225.98924825806171 1864.5440235421993 1170.8167617022991 25.884785499423742 201.25463379547 24.651378192938864
leaf_count=9254 2949 174 352 141 216 492 306 726 13423 1653 158 728 256
internal_value=0 6.55152e-05 0.000377888 0.000537682 -1.84528e-05 7.92047e-06 0.000164264 -1.20696e-05 -6.74983e-06 1.17612e-05 -0.000175595 -0.00020819 -5.71396e-05
internal_weight=5915.5 1261.18 160.469 118.289 4654.32 1100.71 198.567 902.148 4409.79 3035.36 244.528 218.643 1374.43
internal_count=30828 5140 667 493 25688 4473 798 3675 24586 15076 1102 944 9510
is_linear=0
shrinkage=0.01444


Tree=185
num_leaves=13
num_cat=0
split_feature=1 26 11 34 12 18 12 22 35 18 33 35
split_gain=0.0331858 0.0263419 0.0390497 0.0624739 0.0245527 0.0214367 0.0129998 0.0128342 0.00299879 0.00554602 0.00285111 2.55532e-05
threshold=0.07191742081447966 0.46567929232646349 0.24502126456719911 -0.009898753371317735 0.096406516875965756 0.064769532866152293 0.059681793616984717 0.068187013184140208 5.8833777244597796 -0.014782070773560361 0.10839515176270444 4.4596236710756019
decision_type=2 10 10 10 10 10 8 10 2 8 10 2
left_child=8 4 7 -4 6 -6 -2 -3 9 11 -11 -1
right_child=1 2 3 -5 5 -7 -8 -9 -10 10 -12 -13
leaf_value=-6.5399564356046863e-06 -1.5506411548559548e-05 0 0.00017231645350500096 0 -0.0001765503194998554 0 6.002642162548682e-05 -0.00015649609283548884 0 -9.7440409951179844e-05 0 0
leaf_weight=124.01828520558774 1353.2263512331992 250.9320068017114 900.43053814442828 866.17332246340811 314.99621817236766 46.930023035034537 666.24216922954656 155.72397349821404 123.88612137455493 819.83607960632071 142.75720348022878 150.34738951176405
leaf_count=822 6291 1970 5235 3148 1356 242 3160 970 772 4704 1290 868
internal_value=0 1.8186e-05 5.56632e-05 8.81332e-05 -1.05248e-05 -0.000121669 2.94168e-06 -5.31737e-05 -6.30567e-05 -6.98532e-05 -8.64298e-05 0
internal_weight=5915.5 4554.65 2173.26 1766.6 2381.39 361.926 2019.47 406.656 1360.85 1236.96 962.593 274.366
internal_count=30828 22372 11323 8383 11049 1598 9451 2940 8456 7684 5994 1690
is_linear=0
shrinkage=0.01444


Tree=186
num_leaves=14
num_cat=0
split_feature=9 17 35 17 27 28 10 8 32 19 28 35 32
split_gain=0.032356 0.0823812 0.053257 0.0479274 0.0361472 0.0868358 0.0287824 0.0217237 0.0193029 0.0177839 0.0113922 0.0145491 0.00603425
threshold=0.36939844990845516 1.4243293121998881 2.8861963475819135 2.0207674731564391 0.1741789819376027 0.056350000000000018 0.47639951449212786 0.20526990866080561 0.81200527704485503 0.12417154245707264 -0.014399999999999981 5.2444681683617871 0.82189973614775735
decision_type=10 10 2 10 8 10 10 8 10 10 8 2 10
left_child=6 4 -3 -4 9 -6 7 12 -9 -2 -8 -12 -1
right_child=1 2 3 -5 5 -7 10 8 -10 -11 11 -13 -14
leaf_value=-7.5330226429201139e-05 0 0 0.00066762475624253443 0 0 0.00042765123853306762 0 3.0326658747027569e-05 -5.2082245525235295e-05 -0.00027260675247073768 -0.00027141060560482446 0 0
leaf_weight=1007.8322289967909 113.90032751485705 42.180308744311333 96.892075147479773 21.397114433348179 762.03357423655689 115.7161823278293 48.998273117467761 2586.8009269651957 699.6951688118279 109.06491046398878 172.53169388324022 22.99760583974421 115.45929127372801
leaf_count=7612 428 174 405 88 3191 498 310 12798 3430 356 660 132 746
internal_value=0 6.43108e-05 0.000372445 0.000530458 7.33648e-06 5.99645e-05 -1.81193e-05 -6.53798e-06 8.79338e-06 -0.000140912 -0.000173072 -0.000222605 -6.30245e-05
internal_weight=5915.5 1261.18 160.469 118.289 1100.71 877.75 4654.32 4409.79 3286.5 222.965 244.528 195.529 1123.29
internal_count=30828 5140 667 493 4473 3689 25688 24586 16228 784 1102 792 8358
is_linear=0
shrinkage=0.01444


Tree=187
num_leaves=12
num_cat=0
split_feature=1 17 28 9 28 28 23 33 35 17 33
split_gain=0.0317792 0.0317108 0.0360517 0.0666166 0.0277521 0.0123791 0.00929994 0.00545658 0.00292577 0.00266564 0.00352443
threshold=0.07191742081447966 0.74705430284724772 0.066499999999999962 0.37158804893283176 0.037999999999999957 0.040800000000000038 0.068761634225535676 0.06177235953351546 5.8833777244597796 1.5492536344396473 0.12603837473502658
decision_type=2 8 10 10 10 8 10 10 2 10 10
left_child=8 5 4 -4 -3 6 -2 -7 9 10 -1
right_child=1 2 3 -5 -6 7 -8 -9 -10 -11 -12
leaf_value=-8.2782322013775407e-05 -6.60279940852006e-05 3.4328508140722297e-05 0 0.00042568263856137243 -8.9382935062355364e-05 -0.000257951485477201 5.2515747232086978e-05 0 0 0 0
leaf_weight=1034.491406051442 360.72146482300013 3154.4322801285889 232.45439495518804 139.01321230176836 387.73296014708467 102.02423347719014 139.79378273244947 38.482274012640119 123.88612137455493 76.275084893684834 126.19246685877442
leaf_count=6406 1801 15727 1240 526 1806 350 686 236 772 486 792
internal_value=0 1.77431e-05 3.54414e-05 0.000175055 1.70797e-05 -6.98426e-05 -6.77132e-06 -0.000200802 -6.17572e-05 -6.84743e-05 -7.39956e-05
internal_weight=5915.5 4554.65 3913.63 371.468 3542.17 641.022 500.515 140.507 1360.85 1236.96 1160.68
internal_count=30828 22372 19299 1766 17533 3073 2487 586 8456 7684 7198
is_linear=0
shrinkage=0.01444


Tree=188
num_leaves=15
num_cat=0
split_feature=0 22 27 33 35 24 27 21 35 27 30 21 35 25
split_gain=0.0314232 0.0382977 0.0444378 0.0612788 0.0532627 0.0140987 0.0210227 0.0174773 0.0231603 0.0132317 0.0113413 0.00854135 0.00415306 0.00216067
threshold=0.51485000000000014 0.046452944176842391 0.13607166825363512 0.079840710853939414 5.098798747200088 11.500000000000002 0.13981602559897374 0.038188074844901755 4.8166458505458118 0.23145724675998008 16.655000000000005 0.041499050026831984 5.3643391445639788 0.12008899430513875
decision_type=2 10 8 8 2 2 10 10 2 10 8 10 2 8
left_child=5 12 3 -3 -4 6 10 8 -7 -9 -1 -8 13 -2
right_child=1 2 4 -5 -6 7 11 9 -10 -11 -12 -13 -14 -15
leaf_value=8.4010112672672099e-05 0 -0.00016624552512546845 0.0001542967233740467 0.00021557276834638847 -3.8815208846723519e-05 0.0001289717023978188 -0.00010245566709714175 0 0 -0.00013135513664624355 -3.2106670148603908e-05 0 0 -7.3257253225140963e-05
leaf_weight=289.08574557397515 54.318314566276968 307.90221048239619 1238.9710211213678 103.80158882867545 261.61120776459575 409.99737276136875 1142.285653012339 163.69778335094452 387.26575475931168 254.6713679432869 312.70925103197806 440.93671415839344 21.695014670025557 526.55068173143081
leaf_count=2537 287 1092 5376 800 823 586 9658 238 554 361 2598 2810 112 2996
internal_value=0 3.81302e-05 7.27738e-05 -3.80638e-05 0.000111907 -2.91746e-05 -5.16674e-05 4.95842e-07 5.00657e-05 -6.26589e-05 1.96564e-06 -8.03128e-05 -5.00744e-05 -6.39562e-05
internal_weight=5915.5 2514.85 1912.29 411.704 1500.58 3400.65 2185.02 1215.63 797.263 418.369 601.795 1583.22 602.564 580.869
internal_count=30828 11486 8091 1892 6199 19342 17603 1739 1140 599 5135 12468 3395 3283
is_linear=0
shrinkage=0.01444


Tree=189
num_leaves=12
num_cat=0
split_feature=1 17 28 9 28 34 24 9 35 17 33
split_gain=0.0304592 0.0309216 0.0348243 0.0642025 0.0270308 0.0153106 0.0139112 0.0117449 0.00286884 0.00259738 0.00344543
threshold=0.07191742081447966 0.74705430284724772 0.066499999999999962 0.37158804893283176 0.037999999999999957 0.0060563578888678258 11.500000000000002 0.31102019144132248 5.8833777244597796 1.5492536344396473 0.12603837473502658
decision_type=2 8 10 10 10 10 2 10 2 10 10
left_child=8 5 4 -4 -3 7 -7 -2 9 10 -1
right_child=1 2 3 -5 -6 6 -8 -9 -10 -11 -12
leaf_value=-8.1352263712670654e-05 -9.5946214746948691e-05 3.3739202031541389e-05 0 0.0004181210488875022 -8.8328219692372772e-05 0 -0.00030972531839637627 5.8857155019894981e-05 0 0 0
leaf_weight=1034.491406051442 185.34138627257198 3154.4322801285889 232.45439495518804 139.01321230176836 387.73296014708467 148.3337342813611 94.965964317321777 212.380670174025 123.88612137455493 76.275084893684834 126.19246685877442
leaf_count=6406 1138 15727 1240 526 1806 712 122 1101 772 486 792
internal_value=0 1.72737e-05 3.4786e-05 0.000172057 1.66705e-05 -6.91777e-05 -0.000160257 0 -6.05539e-05 -6.72103e-05 -7.26659e-05
internal_weight=5915.5 4554.65 3913.63 371.468 3542.17 641.022 243.3 397.722 1360.85 1236.96 1160.68
internal_count=30828 22372 19299 1766 17533 3073 834 2239 8456 7684 7198
is_linear=0
shrinkage=0.01444


Tree=190
num_leaves=16
num_cat=0
split_feature=26 5 9 30 17 23 22 26 17 5 1 18 28 30 22
split_gain=0.0310677 0.0470718 0.0480529 0.093371 0.0297447 0.0256744 0.0546373 0.0337814 0.016937 0.0224528 0.0309406 0.0258167 0.0118814 0.0112161 0.0085811
threshold=0.42317325232094211 0.17574011266013317 0.37158804893283176 19.725000000000005 0.78904426815971929 0.079902914458421473 0.12367655407842253 0.604584334095568 0.9686542518080864 0.30059968464678904 0.12421854912764006 -0.015916424476612064 0.01035 16.000000000000004 0.043871243127656091
decision_type=10 10 10 10 8 8 8 10 8 10 2 8 8 10 8
left_child=8 5 4 -4 -3 7 -7 -2 12 10 -10 -11 14 -14 -1
right_child=1 2 3 -5 -6 6 -8 -9 9 11 -12 -13 13 -15 -16
leaf_value=-6.9622357388163001e-05 0 -0.00014790700706183497 0.00041314128785618464 0 6.0829962144101922e-05 0.00028128088948415226 -0.00011865184730649299 -0.00016370670870095722 0 1.6799738926816292e-06 0.00018322500258578287 -0.00016193517814007795 0 -0.00016368969706890624 2.4842264884062546e-06
leaf_weight=432.17322292272002 595.03156018164009 138.8243192024529 238.40617542061955 200.35783315077424 1076.3744465622585 153.03371412865818 78.026116055203602 424.22146985772997 995.41734124883078 150.73002901207656 224.16923107975163 341.56952975317836 47.883398029021919 422.93221899867058 396.34907615277916
leaf_count=1991 2697 960 1026 958 6960 642 362 2662 4994 746 1058 1830 484 1488 1970
internal_value=0 3.30237e-05 8.56263e-05 0.000220286 2.61593e-05 -2.61027e-05 8.97478e-05 -6.52368e-05 -3.3152e-05 0 2.99275e-05 -8.53335e-05 -7.25484e-05 -0.000138243 -1.93597e-05
internal_weight=5915.5 2904.28 1653.96 438.764 1215.2 1250.31 231.06 1019.25 3011.22 1711.89 1219.59 492.3 1299.34 470.816 828.522
internal_count=30828 16267 9904 1984 7920 6363 1004 5359 14561 8628 6052 2576 5933 1972 3961
is_linear=0
shrinkage=0.01444


Tree=191
num_leaves=16
num_cat=0
split_feature=26 5 30 10 23 20 26 18 28 18 35 24 28 16 34
split_gain=0.0300672 0.0457541 0.0435642 0.076758 0.0284979 0.0635518 0.0323458 0.0151076 0.026645 0.0185165 0.0179649 0.032941 0.0224293 0.0140965 0.00792029
threshold=0.42317325232094211 0.17499127704117243 19.660000000000004 0.23173245587974581 0.079902914458421473 0.10223944117796623 0.604584334095568 -0.017911601550751274 0.022750000000000024 0.057777098706278347 4.0825249818614795 11.500000000000002 0.0055499999999999725 0.96924399953913765 0.038973755125747529
decision_type=10 10 8 10 8 8 10 10 8 10 2 2 10 10 8
left_child=7 4 3 -3 6 -6 -2 10 9 -9 11 -1 -12 -4 -10
right_child=1 2 13 -5 5 -7 -8 8 14 -11 12 -13 -14 -15 -16
leaf_value=0 0 -1.4552763682318567e-05 4.9944464233949169e-05 0.00021868993760823285 0.00034488338944016445 -7.5736295890405881e-05 -0.00016395425967764862 -4.1177754160073362e-05 -0.00016356934541159054 0.00010257668958728611 -0.00017426074028775991 0.0002511121685765427 0 -8.7522950647803865e-05 0
leaf_weight=369.66935015143827 591.19693189766258 317.27247404493392 294.44351609214209 768.34235728625208 124.66059391200542 100.79041000711732 420.4789429390803 1393.2506022853777 490.21660123206675 181.42402475047857 188.38937203260139 151.15916565060616 223.58999555232003 287.09040838014334 13.524935542140154
leaf_count=2662 2667 2454 2150 4080 440 552 2624 6660 1990 815 1116 220 914 1300 184
internal_value=0 3.24879e-05 8.3943e-05 0.0001385 -2.62823e-05 9.91944e-05 -6.72165e-05 -3.26135e-05 -5.52252e-05 -1.62744e-05 3.74563e-06 7.19372e-05 -5.07107e-05 0 -0.000150873
internal_weight=5915.5 2904.28 1667.15 1085.61 1237.13 225.451 1011.68 3011.22 2078.42 1574.67 932.808 520.829 411.979 581.534 503.742
internal_count=30828 16267 9984 6534 6283 992 5291 14561 9649 7475 4912 2882 2030 3450 2174
is_linear=0
shrinkage=0.01444


Tree=192
num_leaves=16
num_cat=0
split_feature=26 5 9 17 17 5 23 12 17 31 18 8 28 30 15
split_gain=0.0291599 0.0452387 0.054129 0.0981142 0.0236883 0.0284801 0.0592332 0.0236308 0.0217655 0.0324203 0.0195295 0.0184249 0.015361 0.0138225 0.0115734
threshold=0.46567929232646349 0.17574011266013317 0.37158804893283176 1.1137876006918159 0.9686542518080864 0.28567044208987963 0.10008876646753971 0.052173729341731236 1.1634426953101384 2.5200000000000018 -0.015916424476612064 0.24838083845898104 0.016650000000000002 16.135000000000002 1.2195764587879014
decision_type=10 10 10 10 8 10 10 10 8 8 8 10 8 10 10
left_child=4 8 7 -4 12 6 -6 -3 11 -10 -7 -2 14 -14 -1
right_child=1 2 3 -5 5 10 -8 -9 9 -11 -12 -13 13 -15 -16
leaf_value=-8.892915926513499e-05 -0.00011673673619025789 8.8278379060622867e-05 1.0339779246404161e-05 0.00054712021816158483 9.8868489320833709e-06 0 0.0004845768716954842 -4.1194278835957835e-05 0 -0.0002518735933023652 -0.00013700492637118764 5.6589648465037936e-05 0 -0.00018193198260109476 0
leaf_weight=383.0041314130649 145.87205145787448 609.5763145328965 248.06781734246761 144.2797887660563 1318.3324048325885 172.5367094874382 61.187621450517327 418.1671299720183 154.69818201381713 187.73646173090674 411.48866968578659 578.94143633637577 50.184503145515919 394.79687767289579 636.62958191614598
leaf_count=1716 1380 4968 1160 614 6359 868 371 2118 994 846 2102 2369 536 1296 3131
internal_value=0 3.69604e-05 9.25754e-05 0.000241546 -2.79659e-05 0 4.06139e-05 2.28742e-05 -2.47914e-05 -0.000122955 -7.91481e-05 3.59687e-06 -7.21205e-05 -0.000151334 -2.46551e-05
internal_weight=5915.5 2487.34 1420.09 392.348 3428.16 1963.55 1379.52 1027.74 1067.25 342.435 584.025 724.813 1464.62 444.981 1019.63
internal_count=30828 14449 8860 1774 16379 9700 6730 7086 5589 1840 2970 3749 6679 1832 4847
is_linear=0
shrinkage=0.01444


Tree=193
num_leaves=16
num_cat=0
split_feature=26 1 11 13 30 27 23 4 27 31 13 30 5 28 5
split_gain=0.0286971 0.032862 0.0340236 0.0466322 0.023001 0.0327262 0.0220158 0.0210545 0.0163322 0.0398859 0.0146815 0.00835011 0.00903479 0.00142651 0.00135519
threshold=0.25212726020637394 0.14005102040816331 0.3397019608358447 1.5610405676054115 16.390000000000004 0.37097374166087355 0.090909090909090898 0.17597113209228191 0.34019139699093404 1.9050000000000005 2.0707619895260749 24.695000000000004 0.46180249934908596 -0.0053500000000000205 0.15530696605167327
decision_type=10 2 8 10 8 10 10 8 10 10 10 8 10 10 10
left_child=7 4 10 -4 5 -2 -6 11 13 -10 -3 12 -1 -9 -13
right_child=1 2 3 -5 6 -7 -8 8 9 -11 -12 14 -14 -15 -16
leaf_value=-0.00013591779988451121 0.00011535038842434313 0 2.0034491787844275e-05 0.00027172306286159644 -4.2540280836598757e-05 -5.3212407690756017e-05 9.3173914453654994e-05 -4.8102074587348621e-05 0 0.00053016108615294407 -0.00018605640521973961 6.5923537011158874e-05 0 0 -2.5706015528641423e-05
leaf_weight=692.4372586752288 679.87736240774393 101.28406394878402 539.71453762752935 328.2108190539293 2479.1406372624915 247.8334962297231 227.01553950924426 127.99626425094903 38.14898634236306 41.342960737645626 96.881232436280698 55.140170255210251 145.74200421897694 53.967866410501301 60.76648238976486
leaf_count=3590 4500 456 1911 1358 12269 1930 1018 724 274 164 522 476 792 284 560
internal_value=0 1.55887e-05 8.65209e-05 0.000130398 -1.62926e-06 5.62122e-05 -2.63021e-05 -6.30962e-05 1.4417e-05 0.000207902 -3.96051e-05 -9.80468e-05 -0.000114094 0 0
internal_weight=5915.5 4699.96 1066.09 867.925 3633.87 927.711 2706.16 1215.54 261.456 79.4919 198.165 954.086 838.179 181.964 115.907
internal_count=30828 23964 4247 3269 19717 6430 13287 6864 1446 438 978 5418 4382 1008 1036
is_linear=0
shrinkage=0.01444


Tree=194
num_leaves=12
num_cat=0
split_feature=21 17 20 34 20 34 7 23 17 5 38
split_gain=0.0287552 0.0287373 0.0321533 0.0710844 0.0258019 0.0166357 0.0197724 0.0117616 0.0088303 0.00601238 0.00232639
threshold=0.016048964956625052 0.7507583243162016 0.10603854405324607 -0.018181590198530048 0.070066244445056228 0.0060563578888678258 0.28672729019393495 0.083159212797056556 1.2832425770925833 0.049601450241898909 10.500000000000002
decision_type=10 8 10 10 10 10 10 10 10 8 2
left_child=8 5 4 -4 -3 6 -2 -7 9 -1 -11
right_child=1 2 3 -5 -6 7 -8 -9 -10 10 -12
leaf_value=0 -0.000104851338395041 3.2950255717866907e-05 -2.7867472835300639e-06 0.00027340477977983569 -5.7142956366775428e-05 -0.00021301628577989379 8.9338393280271892e-05 0 0 -0.0001146397443467374 0
leaf_weight=77.452686074655503 223.42248415388167 2875.0360657162964 258.7952677346766 332.77867307979614 798.83718504477292 199.13962350040674 207.48219993244857 65.276937738060951 172.59119118051603 660.13140798127279 44.555959619581699
leaf_count=858 1328 13871 1608 945 3617 756 1037 150 1202 5138 318
internal_value=0 1.34151e-05 2.96281e-05 0.000130582 9.79223e-06 -6.71754e-05 0 -0.00015793 -7.30877e-05 -9.41921e-05 -0.000107815
internal_weight=5915.5 4960.77 4265.45 591.574 3673.87 695.321 430.905 264.417 954.731 782.14 704.687
internal_count=30828 23312 20041 2553 17488 3271 2365 906 7516 6314 5456
is_linear=0
shrinkage=0.01444


Tree=195
num_leaves=15
num_cat=0
split_feature=1 17 35 19 33 34 24 7 16 30 17 17 8 7
split_gain=0.0274925 0.0285789 0.0253789 0.0620263 0.0223019 0.0146817 0.0136475 0.0114122 0.00325133 0.00235541 0.00326236 0.00170929 0.00131617 0.00127795
threshold=0.07191742081447966 0.74705430284724772 4.0825249818614795 0.11869966125559402 0.06177235953351546 0.0060563578888678258 11.500000000000002 0.37051334479810955 0.85605218372682923 18.225000000000005 1.5492536344396473 1.4655010241850721 0.18664618952047965 0.27329515643312186
decision_type=2 8 2 10 10 10 2 10 10 10 10 10 10 10
left_child=8 5 3 -3 -4 7 -7 -2 11 12 -11 13 -10 -1
right_child=1 2 4 -5 -6 6 -8 -9 9 10 -12 -13 -14 -15
leaf_value=-0.00012557057977482977 -5.9712533434810497e-05 2.5534118903076444e-05 -3.2172598461765262e-05 0.000266511631920738 7.1538083384068237e-05 0 -0.0003025030516593377 0.0001098694585357721 -3.0149630866198906e-05 -8.0754157266988582e-05 0 0 4.6817733384617078e-06 0
leaf_weight=328.26482485840097 285.70628287922591 1541.8283536890522 1454.9081949787214 303.16726179979742 613.72903706505895 148.3337342813611 94.965964317321777 112.01577356737107 291.23293278785422 274.14948840718716 22.070750880986452 17.654237912967801 419.28713114513084 8.1857131859287602
leaf_count=2419 1650 8505 5767 1479 3548 712 122 589 2244 1451 100 130 2061 51
internal_value=0 1.64222e-05 3.33502e-05 7.22929e-05 0 -6.64631e-05 -0.000155485 0 -5.75187e-05 -2.48103e-05 -6.11895e-05 -0.000113415 0 -0.000120807
internal_weight=5915.5 4554.65 3913.63 1845 2068.64 641.022 243.3 397.722 1360.85 1006.74 296.22 354.105 710.52 336.451
internal_count=30828 22372 19299 9984 9315 3073 834 2239 8456 5856 1551 2600 4305 2470
is_linear=0
shrinkage=0.01444


Tree=196
num_leaves=16
num_cat=0
split_feature=26 0 17 4 32 27 22 4 27 4 10 22 27 20 28
split_gain=0.0275967 0.0291639 0.0417884 0.0612855 0.0241124 0.0317043 0.0218317 0.0218276 0.0155728 0.0236683 0.0121 0.00891347 0.0326325 0.0153475 0.00136956
threshold=0.24949181546108265 0.69537500000000019 1.4243293121998881 0.057806842899988303 0.50527704485488134 0.23821460611822751 0.10323977071045745 0.17597113209228191 0.34019139699093404 0.26828390405822966 0.25577753421917621 0.06884726512336449 0.38816595934957565 0.033685230067878859 -0.0053500000000000205
decision_type=10 2 10 8 10 10 8 8 10 10 10 10 8 8 10
left_child=7 4 6 -4 5 -2 -3 11 14 -10 -6 13 -13 -1 -9
right_child=1 2 3 -5 10 -7 -8 8 9 -11 -12 12 -14 -15 -16
leaf_value=-0.00010298880678118514 0.00013976035582147485 9.849135183975651e-05 0.00048776895855907746 0 0 0 -3.681494036165625e-05 -4.7132015645651233e-05 0.0004102613013637794 0 -5.3429459933757014e-05 -0.0003099385044066485 0 0 0
leaf_weight=482.17563822586089 500.60416088532656 484.81632908293977 117.28237316291779 31.960573464632034 1149.7285317657515 568.71050002682023 334.63392603141256 127.99626425094903 48.572994484566152 30.552082221955061 1531.0815659901127 164.84131401497871 25.891898606903851 265.97770843934268 50.673821101896465
leaf_count=2282 3604 2163 562 140 6162 3722 1236 724 264 170 6491 870 153 2009 276
internal_value=0 1.50797e-05 8.59139e-05 0.000319141 0 5.45052e-05 2.72852e-05 -6.25293e-05 1.83398e-05 0.000204553 -2.62623e-05 -9.86665e-05 -0.000217919 -5.06404e-05 0
internal_weight=5915.5 4718.82 968.693 149.243 3750.12 1069.31 819.45 1196.68 257.795 79.1251 2680.81 938.887 190.733 748.153 178.67
internal_count=30828 24080 4101 702 19979 7326 3399 6748 1434 434 12653 5314 1023 4291 1000
is_linear=0
shrinkage=0.01444


Tree=197
num_leaves=15
num_cat=0
split_feature=1 17 20 34 16 34 9 35 16 27 6 17 27 1
split_gain=0.0266895 0.0277428 0.0272975 0.0628601 0.0336845 0.0142748 0.0104239 0.00978358 0.00304768 0.00462409 0.00234533 0.00166349 0.00073991 0.000230266
threshold=0.07191742081447966 0.74705430284724772 0.10603854405324607 -0.018181590198530048 0.97046607037021582 0.0060563578888678258 0.31102019144132248 4.2067055147512749 0.85605218372682923 0.38816595934957565 3.1052775173655256 1.4655010241850721 0.96116808948598387 0.049462869502523439
decision_type=2 8 10 10 10 10 10 2 10 8 10 10 8 2
left_child=8 5 4 -4 -3 6 -2 -7 11 13 -11 12 -1 -10
right_child=1 2 3 -5 -6 7 -8 -9 9 10 -12 -13 -14 -15
leaf_value=-0.00012458798716358309 -8.9603641727358673e-05 6.6047089640837165e-05 0 0.00025616200813428848 -2.4038325289954467e-05 -0.00022972812720980989 5.6551324092027257e-05 0 -1.6428678965858958e-05 -9.0498456456403938e-05 0 0 0 0
leaf_weight=316.14050179207698 185.34138627257198 1479.4383948305622 254.3990074954927 342.83076869230717 1836.9646765142679 146.5198018848896 212.380670174025 96.779896713793278 177.33609036495909 249.81698052957654 10.249382054433225 17.654237912967801 20.310036252252758 569.33785027218983
leaf_count=2345 1138 8711 1816 973 7799 440 1101 394 1068 1628 48 130 125 3112
internal_value=0 1.61532e-05 3.28654e-05 0.000125568 1.22062e-05 -6.54158e-05 0 -0.000153181 -5.66986e-05 -2.43517e-05 -7.74047e-05 -0.000111569 -0.000118865 0
internal_weight=5915.5 4554.65 3913.63 597.23 3316.4 641.022 397.722 243.3 1360.85 1006.74 260.066 354.105 336.451 746.674
internal_count=30828 22372 19299 2789 16510 3073 2239 834 8456 5856 1676 2600 2470 4180
is_linear=0
shrinkage=0.01444


Tree=198
num_leaves=16
num_cat=0
split_feature=26 11 28 15 26 17 5 23 18 28 11 15 5 17 5
split_gain=0.0266111 0.0474641 0.0601473 0.0401132 0.0302384 0.0221495 0.027789 0.056379 0.0188224 0.0151233 0.0137218 0.0109867 0.0103291 0.0047185 0.000310276
threshold=0.46567929232646349 0.24502126456719911 -0.025050000000000013 1.5179242889817151 0.54709817732076849 0.9686542518080864 0.28567044208987963 0.10008876646753971 -0.015916424476612064 0.016650000000000002 0.2370167365119942 1.2195764587879014 0.22726071531816275 1.6196001497563008 0.40391846794252734
decision_type=10 10 10 10 10 8 10 10 8 8 10 10 8 10 10
left_child=5 12 4 -4 -3 9 7 -7 -8 11 -11 -1 13 -2 -14
right_child=1 2 3 -5 -6 6 8 -9 -10 10 -12 -13 14 -15 -16
leaf_value=-8.5551749485119171e-05 -0.00013420967921256281 6.9284884855438334e-05 3.7683854151455577e-05 0.00021273884384197944 -0.00017382241545817857 1.0042984194018182e-05 0 0.00047382429595153788 -0.00013473192626606851 0 -0.0002008526564582028 0 1.1498422007035424e-05 0 -2.0713196955876338e-05
leaf_weight=383.0041314130649 314.8518957067281 85.817105334252119 913.73219599993899 619.47880553407595 260.21303929574788 1318.3324048325885 172.5367094874382 61.187621450517327 411.48866968578659 133.80100252013654 311.18037829827517 636.62958191614598 182.72934638615698 16.759971771389246 93.756822124123573
leaf_count=1716 2788 553 4474 2907 1265 6359 868 371 2102 640 1192 3131 1708 138 616
internal_value=0 3.52384e-05 7.45331e-05 0.000117 -7.57452e-05 -2.67825e-05 0 4.02821e-05 -7.79825e-05 -6.95036e-05 -0.000147664 -2.24995e-05 -6.46455e-05 -0.000118918 0
internal_weight=5915.5 2487.34 1879.24 1533.21 346.03 3428.16 1963.55 1379.52 584.025 1464.62 444.981 1019.63 608.098 331.612 276.486
internal_count=30828 14449 9199 7381 1818 16379 9700 6730 2970 6679 1832 4847 5250 2926 2324
is_linear=0
shrinkage=0.01444


Tree=199
num_leaves=16
num_cat=0
split_feature=26 15 10 5 30 18 10 12 30 5 9 5 22 33 20
split_gain=0.0261279 0.0293791 0.0638555 0.0599316 0.0278505 0.0180095 0.0123583 0.0437663 0.0123572 0.0130453 0.0104022 0.00976375 0.00901805 0.0296818 0.0132001
threshold=0.24949181546108265 1.5179242889817151 0.39679630811163152 0.50223057539246707 16.440000000000005 -0.008833043392932392 0.3093719006688132 0.070413441797468626 20.320000000000004 0.066387098498617861 0.60371201669732366 0.12842208194874491 0.06884726512336449 0.036666692995993129 0.034261489823370468
decision_type=10 10 10 8 10 10 10 10 10 10 10 10 10 8 8
left_child=5 8 4 -4 -3 6 11 -8 9 -2 -10 -1 14 -14 -7
right_child=1 2 3 -5 -6 12 7 -9 10 -11 -12 -13 13 -15 -16
leaf_value=0 -0.00010543095439953801 0.00010844181732161059 0.00035110794535620046 -7.2181673419256975e-06 -1.313995894002099e-05 -0.00010799111358861305 0.00039638506455614561 0 -9.8403976998508611e-05 1.507389648480811e-05 0 -0.00010370425815555722 -0.00045585662204267478 0 0
leaf_weight=111.45961800753139 205.4223241484724 508.03079234063625 259.879429214634 49.68624881003052 1229.3986951946281 370.62640407960862 70.375920177437365 72.251880143769085 536.3771315747872 1894.1314139706083 35.891925156116486 240.60746694845147 70.113075396977365 54.304929975885898 206.94242661679164
leaf_count=872 922 3784 1036 207 6187 1872 342 266 2862 8888 194 1479 231 516 1170
internal_value=0 1.46349e-05 5.71307e-05 0.000251473 1.49021e-05 -6.08786e-05 0 0.00011875 -1.30294e-05 0 -7.27332e-05 -3.97706e-05 -0.000107987 -0.00026074 -5.22179e-05
internal_weight=5915.5 4718.82 2047 309.566 1737.43 1196.68 494.695 142.628 2671.82 2099.55 572.269 352.067 701.987 124.418 577.569
internal_count=30828 24080 11214 1243 9971 6748 2959 608 12866 9810 3056 2351 3789 747 3042
is_linear=0
shrinkage=0.01444


Tree=200
num_leaves=14
num_cat=0
split_feature=0 22 23 31 17 24 27 30 27 28 11 26 0
split_gain=0.0255919 0.032005 0.0447453 0.0394468 0.027312 0.0135417 0.0198563 0.0107195 0.00966785 0.008206 0.00780382 0.00438434 0.00219556
threshold=0.51485000000000014 0.046452944176842391 0.054523745066335901 3.4950000000000006 1.4144147511695571 11.500000000000002 0.13981602559897374 16.655000000000005 0.83171001700697522 0.070450000000000026 0.32788189934381179 0.6579948625170905 0.57310000000000016
decision_type=2 10 10 8 8 2 10 8 10 10 8 10 2
left_child=5 11 3 -3 -4 6 7 -1 10 -8 -7 12 -2
right_child=1 2 4 -5 -6 8 9 -9 -10 -11 -12 -13 -14
leaf_value=8.2738675550967874e-05 0 0.00027078194176465622 -3.5587694585558566e-06 0 0.00015026616204909 1.8692485278665739e-05 -8.525540345257145e-05 -2.871018842896513e-05 0.00019097034633848897 0 -6.0929089494267613e-05 0 -7.5900014516121176e-05
leaf_weight=289.08574557397515 92.92544351448305 348.12025137711316 1173.0540516003966 123.8986730594188 267.2130521601066 798.05345864593983 1519.4857434541918 312.70925103197806 54.98077529668808 63.736623716540635 362.59804487228394 56.111981912283227 453.52658554096706
leaf_count=2537 563 1541 4782 524 1244 1149 11984 2598 69 484 521 432 2400
internal_value=0 3.42308e-05 6.61766e-05 0.000191557 1.59417e-05 -2.65018e-05 -4.8791e-05 3.12068e-06 2.8016e-06 -7.67829e-05 0 -4.54139e-05 -6.28112e-05
internal_weight=5915.5 2514.85 1912.29 472.019 1440.27 3400.65 2185.02 601.795 1215.63 1583.22 1160.65 602.564 546.452
internal_count=30828 11486 8091 2065 6026 19342 17603 5135 1739 12468 1670 3395 2963
is_linear=0
shrinkage=0.01444


Tree=201
num_leaves=12
num_cat=0
split_feature=21 26 5 9 17 10 35 8 17 26 25
split_gain=0.0262103 0.0259916 0.0330926 0.0401045 0.0199575 0.0167401 0.0239441 0.0213927 0.00842994 0.00698556 0.00201084
threshold=0.016048964956625052 0.40621711356584983 0.17574011266013317 0.37158804893283176 1.1634426953101384 0.24541873558350788 3.4841588906110665 0.20526990866080561 1.2832425770925833 0.14239056553023818 0.047737297983299745
decision_type=10 10 10 10 8 10 2 8 10 8 8
left_child=8 5 4 -4 -3 7 -7 -2 9 -1 -11
right_child=1 2 3 -5 -6 6 -8 -9 -10 10 -12
leaf_value=0 -5.3630851283275222e-05 2.2254339760001123e-05 2.9189721685297292e-05 0.00021084695416562392 -0.00010275537275987302 0 -0.00011539553027823291 7.438370809638316e-05 0 0 -0.00010765822271418605
leaf_weight=56.235863064182922 397.26672359742224 818.70959395449609 1169.2859706263989 438.52848506439477 357.5484159598127 458.52716843504459 696.28206324018538 624.62001602258533 172.59119118051603 10.34772286377847 715.5564677475486
leaf_count=662 2023 3626 7028 1946 1756 2145 2336 2452 1202 92 5560
internal_value=0 1.26892e-05 4.35437e-05 8.69315e-05 -4.65156e-06 -2.07632e-05 -6.09106e-05 1.18113e-05 -6.9891e-05 -9.0596e-05 -0.000104154
internal_weight=5915.5 4960.77 2784.07 1607.81 1176.26 2176.7 1154.81 1021.89 954.731 782.14 725.904
internal_count=30828 23312 14356 8974 5382 8956 4481 4475 7516 6314 5652
is_linear=0
shrinkage=0.01444


Tree=202
num_leaves=16
num_cat=0
split_feature=26 15 8 34 4 26 27 4 30 5 8 30 5 5 33
split_gain=0.0249275 0.0279341 0.0615888 0.0712101 0.0208023 0.0153296 0.0151917 0.0230165 0.0120797 0.0125835 0.0104657 0.0081671 0.00956398 0.00123847 0.000534769
threshold=0.24949181546108265 1.5179242889817151 0.34854244319295741 0.030886867815338007 0.17597113209228191 0.28296012923052144 0.34019139699093404 0.26828390405822966 20.320000000000004 0.066387098498617861 0.63709897950545535 24.695000000000004 0.46180249934908596 0.15530696605167327 0.015934083287543647
decision_type=10 10 10 10 8 10 10 10 10 10 10 8 10 10 10
left_child=4 8 5 -4 11 -3 14 -8 9 -2 -10 12 -1 -13 -6
right_child=1 2 3 -5 6 -7 7 -9 10 -11 -12 13 -14 -15 -16
leaf_value=-0.00013391955130709552 -0.00010304424580973914 0.00017097886189940578 0.00031919658109052796 0 0 -1.4720807117009607e-06 0.00040510001484994704 0 -0.00010154634733645515 1.5182113306631853e-05 0 6.4561049241775094e-05 0 -2.0643656802648702e-05 -2.8019220617990894e-05
leaf_weight=677.82453510118648 205.4223241484724 108.94776387838647 333.71734993113205 162.18110787123442 37.193929933942854 1442.1489438791759 48.572994484566152 30.552082221955061 496.02881250623614 1894.1314139706083 76.240244224667549 55.129979993449524 145.17348180990666 60.75856238254346 141.47615541890264
leaf_count=3514 922 599 1411 356 312 8848 264 170 2608 8888 448 470 774 556 688
internal_value=0 1.43405e-05 5.5801e-05 0.000196707 -5.94202e-05 2.26092e-06 1.92268e-05 0.000202368 -1.25304e-05 0 -7.16214e-05 -9.49482e-05 -0.000111138 0 0
internal_weight=5915.5 4718.82 2047 495.898 1196.68 1551.1 257.795 79.1251 2671.82 2099.55 572.269 938.887 822.998 115.889 178.67
internal_count=30828 24080 11214 1767 6748 9447 1434 434 12866 9810 3056 5314 4288 1026 1000
is_linear=0
shrinkage=0.01444


end of trees

feature_importances:
iv_rank=258
volume_ratio_20d=160
straddle_pct=158
hist_move_avg_8q=157
iv_mom_week=151
drift_5d=135
vix_current=129
hv_rank=125
parkinson_rv_60d=123
hist_move_avg_4q=111
log_spot=110
iv_crush_pct=106
hist_move_med_8q=106
hist_move_med_4q=98
cc_rv_10d=94
tlt_spy_ratio_30d=82
vol_of_vol_20d=81
iv_cc_rv_ratio_20d=73
spy_drift_60d=73
cc_rv_20d=69
parkinson_rv_20d=65
vix_pct_252d=61
parkinson_rv_10d=60
hist_move_std_4q=54
atm_iv=53
iv_rv_ratio_20d=43
rv_term_ratio=38
vix_change_30d=36
hist_event_count=29
hist_straddle_accuracy=24
iv_rv_ratio_60d=19
em_iv_pct=18
earnings_month=15
event_move_implied=9
event_vol_fraction=6
dte=1

parameters:
[boosting: gbdt]
[objective: regression]
[metric: l2]
[tree_learner: serial]
[device_type: cpu]
[data_sample_strategy: bagging]
[data: ]
[valid: ]
[num_iterations: 2000]
[learning_rate: 0.01444]
[num_leaves: 99]
[num_threads: 8]
[seed: 42]
[deterministic: 0]
[force_col_wise: 0]
[force_row_wise: 0]
[histogram_pool_size: -1]
[max_depth: 4]
[min_data_in_leaf: 56]
[min_sum_hessian_in_leaf: 0.001]
[bagging_fraction: 0.739614]
[pos_bagging_fraction: 1]
[neg_bagging_fraction: 1]
[bagging_freq: 0]
[bagging_seed: 400]
[bagging_by_query: 0]
[feature_fraction: 0.653595]
[feature_fraction_bynode: 1]
[feature_fraction_seed: 30056]
[extra_trees: 0]
[extra_seed: 12879]
[early_stopping_round: 0]
[early_stopping_min_delta: 0]
[first_metric_only: 0]
[max_delta_step: 0]
[lambda_l1: 0.906576]
[lambda_l2: 0.556333]
[linear_lambda: 0]
[min_gain_to_split: 0]
[drop_rate: 0.1]
[max_drop: 50]
[skip_drop: 0.5]
[xgboost_dart_mode: 0]
[uniform_drop: 0]
[drop_seed: 17869]
[top_rate: 0.2]
[other_rate: 0.1]
[min_data_per_group: 100]
[max_cat_threshold: 32]
[cat_l2: 10]
[cat_smooth: 10]
[max_cat_to_onehot: 4]
[top_k: 20]
[monotone_constraints: ]
[monotone_constraints_method: basic]
[monotone_penalty: 0]
[feature_contri: ]
[forcedsplits_filename: ]
[refit_decay_rate: 0.9]
[cegb_tradeoff: 1]
[cegb_penalty_split: 0]
[cegb_penalty_feature_lazy: ]
[cegb_penalty_feature_coupled: ]
[path_smooth: 0]
[interaction_constraints: ]
[verbosity: -1]
[saved_feature_importance_type: 0]
[use_quantized_grad: 0]
[num_grad_quant_bins: 4]
[quant_train_renew_leaf: 0]
[stochastic_rounding: 1]
[linear_tree: 0]
[max_bin: 255]
[max_bin_by_feature: ]
[min_data_in_bin: 3]
[bin_construct_sample_cnt: 200000]
[data_random_seed: 175]
[is_enable_sparse: 1]
[enable_bundle: 1]
[use_missing: 1]
[zero_as_missing: 0]
[feature_pre_filter: 1]
[pre_partition: 0]
[two_round: 0]
[header: 0]
[label_column: ]
[weight_column: ]
[group_column: ]
[ignore_column: ]
[categorical_feature: ]
[forcedbins_filename: ]
[precise_float_parser: 0]
[parser_config_file: ]
[objective_seed: 16083]
[num_class: 1]
[is_unbalance: 0]
[scale_pos_weight: 1]
[sigmoid: 1]
[boost_from_average: 1]
[reg_sqrt: 0]
[alpha: 0.9]
[fair_c: 1]
[poisson_max_delta_step: 0.7]
[tweedie_variance_power: 1.5]
[lambdarank_truncation_level: 30]
[lambdarank_norm: 1]
[label_gain: ]
[lambdarank_position_bias_regularization: 0]
[eval_at: ]
[multi_error_top_k: 1]
[auc_mu_weights: ]
[num_machines: 1]
[local_listen_port: 12400]
[time_out: 120]
[machine_list_filename: ]
[machines: ]
[gpu_platform_id: -1]
[gpu_device_id: -1]
[gpu_use_dp: 0]
[num_gpu: 1]

end of parameters

pandas_categorical:[]
