tree
version=v4
num_class=1
num_tree_per_iteration=1
label_index=0
max_feature_idx=39
objective=quantile
feature_names=atm_iv straddle_pct em_iv_pct dte event_move_implied iv_crush_pct event_vol_fraction parkinson_rv_10d parkinson_rv_20d parkinson_rv_60d cc_rv_10d cc_rv_20d vol_of_vol_20d iv_rv_ratio_20d iv_rv_ratio_60d iv_cc_rv_ratio_20d rv_term_ratio volume_ratio_20d drift_5d hist_move_avg_4q hist_move_med_4q hist_move_std_4q hist_move_avg_8q hist_move_med_8q hist_event_count hist_straddle_accuracy iv_rank hv_rank iv_mom_week iv_mom_month vix_current vix_change_30d vix_pct_252d spy_drift_60d tlt_spy_ratio_30d log_spot timing_bmo timing_amc earnings_month earnings_dow
feature_infos=[0.04895:6.9630000000000001] [0.0015384615384615385:1.8500000000000001] [0.017194475857088519:2.0616975370423702] [2:60] [0:0.82508170513633672] [-5.6183681411337396:0.89960535464222413] [0.023930106654222842:31.543013227397861] [0.014395346063371022:2.9019283854171243] [0.013702742912540504:2.0568049020414998] [0.013292971040519895:1.1996297331252923] [0.0017225564754097334:6.8202047156347891] [0.0012180313647390209:4.8923480790586602] [0.0025765502067234152:1.6787447670311981] [0.22546544050885908:52.932993482707012] [0.18352836383539717:24.137930742003956] [0.05225578794854964:577.53028400112123] [0.089317021865592552:2.4494897427831788] [0.25046762693031205:13.666063787489955] [-0.74597457057605987:0.45318618725525139] [0:0.60000000000000009] [0:0.60000000000000009] [0:0.74631856464742785] [0:0.60000000000000009] [0:0.60000000000000009] [0:24] [0.0018949083811800431:35.705564830433907] [0:1] [-1.2731829573934843:8.9999999999961151] [-0.79009999999999991:1.0044] [-1.9103000000000001:1.0076000000000001] [11.99:52.329999999999998] [-22.329999999999998:24.469999999999999] [0.0039577836411609502:1] [-0.15722837228372288:0.2501611343860779] [-0.2127845500662231:0.23027200357131283] [0.66268797307523675:8.5467519936577823] [0:1] [0:1] [1:12] [0:6]
tree_sizes=1810 1880 1874 1884 1892 1889 1892 1877 1888 1911 1893 1901 1888 1901 1884 1889 1897 1895 1902 1898 1883 1911 1904 1889 1891 1905 1902 1893 1897 1897 1911 1895 1906 1912 1911 1901 1903 1901 1895 1914 1898 1914 1920 1902 1908 1925 1903 1925 1897 1901 1911 1900 1909 1928 1917 1916 1930 1900 1921 1899 1917 1902 1918 1916 1930 1904 1917 1925 1908 1907 1942 1922 1899 1914 1905 1941 1926 1922 1932 1907 1914 1915 1920 1897 1910 1914 1939 1916 1902 1920 1921 1911 1931 1916 1914 1927 1918 1905 1907 1926 1929 1947 1910 1923 1902 1929 1931 1918 1939 1906 1928 1910 1916 1918 1933 1916 1935 1921 1924 1928 1932 1938 1917 1933 1919 1913 1912 1932 1904 1927 1924 1940 1921 1946 1929 1907 1904 1919 1935 1924 1921 1915 1919 1908 1927 1915 1904 1920 1940 1913 1916 1927 1922 1909 1922 1946 1915 1931 1929 1921 1921 1913 1933 1917 1938 1938 1920 1952 1913 1915 1944 1915 1934 1940 1928 1927 1929 1931 1929 1917 1919 1936 1918 1922 1919 1929 1899 1926 1926 1922 1930 1914 1925 1925 1922 1908 1931 1921 1932 1931 1903 1913 1934 1945 1944 1933 1940 1910 1927 1930 1926 1924 1910 1945 1929 1910 1912 1938 1929 1906 1916 1925 1926 1929 1936 1914 1921 1924 1934 1929 1935 1929 1932 1916 1919 1927 1922 1933 1922 1911 1925 1927 1951 1926 1934 1921 1941 1938 1936 1952 1935 1932 1944 1909 1919 1919 1923 1926 1922 1912 1938 1943 1930 1943 1912 1932 1938 1933 1923 1916

Tree=0
num_leaves=16
num_cat=0
split_feature=19 5 16 19 0 17 39 17 28 23 19 31 34 27 27
split_gain=25.8795 9.00054 7.70398 6.97618 4.95822 3.8652 3.16505 3.20775 2.69844 3.27608 2.51693 2.45758 2.40493 2.36165 2.31676
threshold=0.10402656745086657 0.2518466194603482 1.2121303178048224 0.041666666666666692 0.44842500000000007 1.3342059954282306 1.0000000180025095e-35 1.008206748861799 0.031900000000000019 0.13506818978733107 0.14212326728712457 0.78000000000000125 -0.013252614868770605 0.65279195240793653 0.17025755658067068
decision_type=10 10 10 8 2 10 2 10 8 10 10 10 10 8 10
left_child=3 -2 5 -1 -5 6 12 -8 9 -6 -7 -12 -3 14 -10
right_child=1 2 -4 4 8 10 7 -9 13 -11 11 -13 -14 -15 -16
leaf_value=0.1476602166393868 0.15055655889740893 0.15294518462796974 0.15565166551075454 0.1482880569504475 0.14942297751071196 0.1515117278606963 0.15306271931420312 0.14872601197245716 0.15025227056413898 0.15324123934977438 0.15162638819192875 0.15427148231493132 0.15097060480306929 0.14914755528574661 0.15184243839591657
leaf_weight=1452.5925006559119 315.57358792191371 15.113668587058784 36.685186117421836 823.1001048355829 735.34640441648662 29.453502183780074 116.67222041916102 68.712742978706956 98.67703481670469 13.903050635010002 8.0129128955304605 27.971997659653425 12.50456467270851 60.935423757415265 206.87175748543814
leaf_count=9675 1963 150 172 6708 4308 172 570 322 544 34 64 96 32 326 1134
internal_value=0.149357 0.154684 0.158117 0.148363 0.149483 0.156425 0.154467 0.153035 0.150733 0.149732 0.162606 0.167836 0.163607 0.15275 0.153786
internal_weight=4022.13 630.7 315.127 3391.43 1938.83 278.442 213.003 185.385 1115.73 749.249 65.4384 35.9849 27.6182 366.484 305.549
internal_count=26270 3541 1578 22729 13054 1406 1074 892 6346 4342 332 160 182 2004 1678
is_linear=0
shrinkage=1


Tree=1
num_leaves=16
num_cat=0
split_feature=22 5 11 28 22 11 22 35 11 19 31 22 19 35 7
split_gain=27.87 7.81812 10.5996 4.53859 4.59964 3.86052 4.69966 3.58119 3.55856 3.22228 2.84333 2.80251 2.46938 5.03133 1.82392
threshold=0.069669852262832413 0.26877091754093513 0.30876765623752273 -0.038999999999999972 0.12117605400728008 1.2254352179592918 0.090528876775595443 3.99608817346116 0.33844694765873556 0.14572643632566354 1.1549999999999996 0.14910996420792799 0.041107894054240875 2.2033169388833618 0.40707609040074694
decision_type=10 8 10 8 10 8 10 2 10 10 8 10 8 2 10
left_child=12 5 9 -4 8 -2 -7 -8 -5 -3 -6 -11 -1 14 -14
right_child=1 2 3 4 10 6 7 -9 -10 11 -12 -13 13 -15 -16
leaf_value=-0.0017318776314095815 0.00074919096267445984 0.00036212163859091092 0.001637983410928135 0.0029299489750238637 0.0022027549029594177 -0.0022149602569724292 0.0017031039619444773 -0.0012139843835320123 0.0029254753837313699 0.0055804792203205866 0.0045531181950251532 -0.00025527224301741822 -0.0016537475208341828 -0.00068318904793732767 0.00089850793703602375
leaf_weight=1399.9911408899352 813.5259627350606 196.75649769976735 47.790178187191486 15.519240640103815 26.07647814694792 16.791280680801719 24.546672865748409 7.3482340034097424 137.39814836718142 13.490688271820547 61.155874652788043 7.016650663688778 3.2507841093465677 1241.0092850511428 10.459543073549865
leaf_count=9377 4641 1182 304 86 184 100 144 72 684 66 200 62 56 9054 58
internal_value=4.52884e-06 0.00333051 0.00616789 0.00977705 0.0113875 0.00165524 0.00950364 0.0159691 0.00824118 0.00133362 0.016753 0.0120854 -0.00170504 -0.000770156 0.0163114
internal_weight=4022.13 1367.42 505.204 287.94 240.15 862.212 48.6862 31.8949 152.917 217.264 87.2324 20.5073 2654.71 1254.72 13.7103
internal_count=26270 7725 2768 1458 1154 4957 316 216 770 1310 384 128 18545 9168 114
is_linear=0
shrinkage=0.0286577


Tree=2
num_leaves=16
num_cat=0
split_feature=23 9 28 35 16 33 28 35 34 23 28 35 27 27 34
split_gain=24.5055 5.79701 6.08709 7.43942 5.60816 5.09359 4.32188 3.46461 5.72073 2.84572 4.41612 4.01492 2.96638 1.96218 1.88531
threshold=0.079679689449419847 0.32473207751394234 0.034249999999999996 2.4993845846405938 1.1276132152196239 0.045718126314978187 0.1042 5.1699723390302887 0.0083824535939124329 0.11982168536094324 0.0054000000000000445 4.6549598493590851 0.094623658789595291 0.074624480206278723 -0.012798000755846637
decision_type=10 10 8 2 8 10 10 2 8 10 8 2 10 8 10
left_child=1 -1 -3 6 9 7 -4 8 -6 14 11 12 -11 -9 -2
right_child=4 2 3 -5 5 -7 -8 13 -10 10 -12 -13 -14 -15 -16
leaf_value=-0.0012165559439576749 0.0023362617424611651 -0.00025662478679218696 0.0060288399250524585 0.002588698728363779 0.0073587523523602457 -0.00034660250994456135 0.0042903702416955507 0.00092404904851064291 0.0012070752264171066 0.0009916285658732218 0.0014321660494406141 0.00028380572916369658 0.003749858149217555 -0.0010108605638532784 -0.00011563475424785723
leaf_weight=2440.222663709661 235.7160153966397 573.87850553542376 29.601008085533977 178.48166337888688 28.510135758668184 43.138935128226876 14.018336521461604 3.3938086335547268 105.33775408240035 8.3563248831778747 93.740696758031845 18.76530759036541 42.40539413318038 22.295088461600248 184.26502198167145
leaf_count=17581 1811 2922 114 858 156 240 56 40 843 76 515 114 226 134 584
internal_value=1.26233e-05 -0.0010873 0.00102825 0.00505818 0.00455343 0.00868559 0.0156771 0.011045 0.0128999 0.00309761 0.00633062 0.0118239 0.0159975 0.000967891 0.00181432
internal_weight=4022.13 3236.2 795.98 222.101 785.924 202.676 43.6193 159.537 133.848 583.249 163.268 69.527 50.7617 25.6889 419.981
internal_count=26270 21531 3950 1028 4739 1413 170 1173 999 3326 931 416 302 174 2395
is_linear=0
shrinkage=0.0286577


Tree=3
num_leaves=16
num_cat=0
split_feature=22 22 2 27 27 15 33 22 26 28 27 28 21 33 31
split_gain=25.3046 7.0201 2.65437 2.55851 4.3385 3.00695 2.50015 2.92749 2.43894 2.07712 2.79998 2.07552 2.03952 2.37615 1.84373
threshold=0.063447992782874274 0.11847950291169605 0.1424747869496801 0.37418227141192745 0.44211595172225099 1.4348836244401388 0.10922704609612856 0.090528876775595443 0.38285942894648267 0.042850000000000034 0.59664228956615462 -0.10859999999999999 0.043669599243614195 0.015805971656566612 -5.9999999999999991
decision_type=10 10 2 10 10 8 8 10 8 10 10 8 8 10 8
left_child=-1 2 14 5 -5 -3 9 -8 -9 -4 -11 -7 -6 -14 -2
right_child=1 3 6 4 12 11 7 8 -10 10 -12 -13 13 -15 -16
leaf_value=-0.001163754729916444 0.003805800741780913 -0.00024446274467660486 0.00059109418373867739 0.010398359352684149 0.00090963803975371176 0.0035893865985969389 0.00095810147809009664 0.00038852515486243795 0.0022942715439548296 0.0040983720799051132 -0.00030069655912911208 0.0029974623844525104 0.0016055201622047163 -0.00010980618266130622 -0.00018106744127025133
leaf_weight=2422.5534856671002 16.732836661860347 56.894468567799777 456.39842147100717 23.61896832101047 6.131141932681202 9.9451432675123197 73.860171558335423 13.216528457123784 46.109076431486756 133.54924798477441 46.547481534071267 202.16694312356412 35.734864264260978 36.35218808054924 442.31569271534681
leaf_count=17213 99 337 1977 120 22 58 478 118 264 638 164 1192 202 134 3254
internal_value=-3.32942e-05 0.00276131 0.00170652 0.00622614 0.0101791 0.00468532 0.00273496 0.00633663 0.0111125 0.00196367 0.00458172 0.00626003 0.00670376 0.00513244 0
internal_weight=4022.13 1599.57 1228.73 370.844 101.837 269.007 769.681 133.186 59.3256 636.495 180.097 212.112 78.2182 72.0871 459.049
internal_count=26270 9057 6992 2065 478 1587 3639 860 382 2779 802 1250 358 336 3353
is_linear=0
shrinkage=0.0286577


Tree=4
num_leaves=16
num_cat=0
split_feature=19 19 5 16 1 9 33 27 26 27 27 26 33 9 26
split_gain=20.155 7.03748 5.87982 7.93834 4.02191 3.97412 3.90044 2.17545 1.96222 3.13455 3.61705 1.71334 1.32513 1.48736 1.41125
threshold=0.10402656745086657 0.041666666666666692 0.2518466194603482 1.2920224382628955 0.092261363636363655 0.48989106460449533 0.0083304902140927135 0.051514747535344463 0.44618991484039977 0.58331236369736639 0.39631254788569531 0.67777602590471175 0.14798891078118417 0.39576530835994322 0.65556840627644863
decision_type=10 8 10 10 2 10 10 10 8 8 10 8 10 8 10
left_child=1 -1 12 5 -3 7 -7 -4 -6 10 -10 -9 14 -14 -2
right_child=2 4 3 -5 8 6 -8 11 9 -11 -12 -13 13 -15 -16
leaf_value=-0.0015319097721587247 -0.00019920028576723823 -0.00085941893311762508 -0.00010404634924362946 0.010100366722195112 -0.00027369022285641555 0.0013804330690100337 0.00448147881902854 0.0019600381830005647 0.0010683388130732321 -0.00029207929984861235 0.0023917407217551511 0.0027442724258994917 0.0016948903428588519 0.0033711393958639601 0.0039809223327487526
leaf_weight=1452.5925006559119 193.80723728938028 727.65415293257684 37.38798122946173 20.956629188265651 399.23507199296728 18.335160596296191 28.644151736050844 107.91367544606328 480.03767598536797 203.24903410440311 128.65784093132243 101.88919731788337 13.642992075532677 5.0696489848196498 103.05370957218111
leaf_count=9675 1175 6085 218 134 2432 96 94 546 2731 1102 704 490 66 26 696
internal_value=-7.47502e-05 -0.000952091 0.00462577 0.0074039 0.000173099 0.00613286 0.0138645 0.00461172 0.0011893 0.0020002 0.00303307 0.00575625 0.0018167 0.00925551 0.0013075
internal_weight=4022.13 3391.43 630.7 315.127 1938.83 294.17 46.9793 247.191 1211.18 811.945 608.696 209.803 315.574 18.7126 296.861
internal_count=26270 22729 3541 1578 13054 1444 190 1254 6969 4537 3435 1036 1963 92 1871
is_linear=0
shrinkage=0.0286577


Tree=5
num_leaves=16
num_cat=0
split_feature=22 22 35 38 16 28 26 18 22 26 28 34 16 16 28
split_gain=22.312 6.99505 5.05631 3.76132 6.90233 2.88421 2.7144 3.28639 5.01322 3.33805 3.62741 2.42631 2.6055 3.55841 2.22708
threshold=0.063447992782874274 0.11847950291169605 3.0967081653585464 2.5000000000000004 1.1324452965492431 0.042850000000000034 0.45702680384038008 -0.069120180799551775 0.1393732881251529 0.51943064902612368 -0.0012500000000000009 -0.031416958512142983 1.101527117542237 1.1247233523827911 -0.10859999999999999
decision_type=10 10 2 2 10 10 8 8 10 8 8 10 10 10 10
left_child=-1 2 3 4 5 -2 14 8 -8 10 -9 12 -4 -14 -3
right_child=1 6 11 -5 -6 -7 7 9 -10 -11 -12 -13 13 -15 -16
leaf_value=-0.0011057753101507643 0.00033018442063882978 0.0021288465119607084 0.00078934158769351065 0.0017854600345001287 0.0056599733208357395 0.0039215398404186712 0.0010551286638747876 0.0033785244314267636 0.0038363987650775594 0.0026311825276062401 0.0028553920265585136 -0.0001214169872518694 0.0029217121684999843 -0.00010711026668403245 -1.7095875040378066e-05
leaf_weight=2422.5534856671002 48.341994807124138 10.763668490573762 315.00095080351457 140.30902542592958 21.409817181527615 16.694577351212502 17.801662338897586 17.355572763830423 26.695438679307699 206.24207894084975 14.345855325460436 658.20230564009398 15.519372410140933 13.251413194462655 77.639441018458456
leaf_count=17213 172 74 2800 1025 46 66 86 66 70 1117 92 2187 84 612 560
internal_value=-0.000130002 0.00249387 0.00144148 0.00530876 0.0100387 0.00515736 0.00595091 0.00733079 0.0146227 0.00591258 0.0146828 0.000555335 0.00251028 0.0107973 0.00142242
internal_weight=4022.13 1599.57 1228.73 226.755 86.4464 65.0366 370.844 282.441 44.4971 237.944 31.7014 1001.97 343.772 28.7708 88.4031
internal_count=26270 9057 6992 1309 284 238 2065 1431 156 1275 158 5683 3496 696 634
is_linear=0
shrinkage=0.0286577


Tree=6
num_leaves=16
num_cat=0
split_feature=23 23 9 5 28 27 20 5 10 31 23 28 36 24 5
split_gain=16.4765 4.5503 2.97245 5.7139 4.73148 2.86291 2.77876 2.52275 4.6709 3.27325 3.5152 2.87977 3.78588 2.45903 2.41417
threshold=0.060918055105701814 0.10910136773079658 0.32473207751394234 0.24421142678962948 0.034900000000000021 0.038583844484583928 0.064883004972783279 0.29567942322164203 0.38801296427392701 -4.089999999999999 0.079679689449419847 -0.020249999999999987 1.0000000180025095e-35 11.500000000000002 0.195337275801758
decision_type=10 10 10 10 10 10 10 8 10 10 10 8 2 2 8
left_child=2 7 -1 -4 -5 -3 -6 9 -9 10 -2 -10 -13 -12 -7
right_child=1 5 3 4 6 14 -8 8 11 -11 13 12 -14 -15 -16
leaf_value=-0.0012867384086210686 -0.00076183479298346348 -0.00017646815463160081 -0.00039575132264337552 0.0013564853638611484 0.0037142827067677131 0.0012245184240129122 0.0056599968225736841 0.0013876167290097288 0.0007216162120683181 6.4710527904409093e-05 0.0031519580329015845 0.0024382847578299973 0.0064601513184964999 0.00092534057504914348 0.0028379827391647313
leaf_weight=2163.8990256821271 22.131806508172303 36.036787106655538 395.94519428629428 113.99227864295244 27.03366119787097 97.471683867741376 23.926481030881405 190.51458114665002 14.198795929551123 669.53226693393663 18.486818599980325 13.023773198947309 25.007630094885826 11.516969680786135 199.40890613105148
leaf_count=15535 311 257 2020 664 168 650 54 1181 64 3634 320 92 110 16 1194
internal_value=-0.000227136 0.00242788 -0.00149499 0.00034898 0.00484083 0.00532639 0.0121075 0.00141595 0.00394845 0.000549334 0.00744955 0.011557 0.0156507 0.0138251 0.00626052
internal_weight=4022.13 1297.33 2724.8 560.898 164.952 332.917 50.9601 964.413 242.745 721.668 52.1356 52.2302 38.0314 30.0038 296.881
internal_count=26270 7829 18441 2906 886 2101 222 5728 1447 4281 647 266 202 336 1844
is_linear=0
shrinkage=0.0286577


Tree=7
num_leaves=16
num_cat=0
split_feature=22 22 17 35 28 22 24 35 35 8 8 23 31 28 24
split_gain=18.5318 4.38615 6.19199 3.19953 3.52377 3.73 5.61679 2.52816 3.16325 3.09788 2.1568 4.39275 1.56846 2.09529 4.33199
threshold=0.063050231968803619 0.12503486195325461 1.254660890990879 3.0967081653585464 0.042850000000000034 0.10340860413827326 11.500000000000002 4.9071988412150063 3.0967081653585464 0.36445958861133437 0.59709934527322439 0.14227464422795288 0.62000000000000022 -0.032349999999999983 11.500000000000002
decision_type=10 10 10 2 8 10 2 2 2 10 8 10 10 10 2
left_child=-1 3 10 4 -2 6 -6 8 -4 -10 -3 -12 13 14 -5
right_child=1 2 7 12 5 -7 -8 -9 9 -11 11 -13 -14 -15 -16
leaf_value=-0.0010627450727950824 0.00088450468217179468 0.00088001818206615641 0.0044142373697045045 0.00094541523020043436 0.0038138168643265516 -0.00023527969562672917 0.0053355694831071308 -9.7085869967359717e-05 0.0014183898110962361 0.0096541803926490453 0.0002383565520249377 0.0066252958372643792 -2.8110527603314299e-05 0.00087979046321957325 0.0036427191850631436
leaf_weight=2397.9136185904499 137.54451619694009 149.56253694044426 32.45717832678929 62.34428796172142 56.902121637947857 28.738964626565576 19.467000484466553 11.28948581824079 31.991983672603965 24.511886520311236 49.618947062641382 17.662564925849438 641.86684503033757 340.79689097963274 19.457831263542175
leaf_count=17118 833 912 204 528 378 164 28 80 138 80 184 82 3314 2201 26
internal_value=-0.000272684 0.00208781 0.0051215 0.00134348 0.00431889 0.00828039 0.0115874 0.0110302 0.0126583 0.0168257 0.00233521 0.00659601 0.000655075 0.00201271 0.00614862
internal_weight=4022.13 1624.21 317.095 1307.12 242.653 105.108 76.3691 100.251 88.961 56.5039 216.844 67.2815 1064.47 422.599 81.8021
internal_count=26270 9152 1680 7472 1403 570 406 502 422 218 1178 266 6069 2755 554
is_linear=0
shrinkage=0.0286577


Tree=8
num_leaves=16
num_cat=0
split_feature=22 19 17 22 33 31 26 26 24 21 35 22 10 24 33
split_gain=17.9084 4.71836 3.6746 3.57921 3.1933 2.55334 2.04523 3.06125 3.92279 3.09167 2.08691 4.91472 2.02675 2.75473 1.82407
threshold=0.063050231968803619 0.14572643632566354 1.2675187768350222 0.11339262001969629 0.043611100758835238 0.32999999999999924 0.63932546433519832 0.67777602590471175 11.500000000000002 0.11726509857405823 2.0515431210794284 0.085720365533841228 0.71649610899225336 10.500000000000002 0.076019057755562738
decision_type=10 10 10 10 8 10 10 10 2 10 2 10 10 2 10
left_child=-1 5 12 -4 -5 -2 10 8 -8 -9 11 -7 14 -14 -3
right_child=1 2 3 4 -6 6 7 9 -10 -11 -12 -13 13 -15 -16
leaf_value=-0.0010322892875081738 0.0010220561752386781 0.00057355140396536924 -9.6662697287534059e-05 0.0038158475857848198 0.0028411307604399891 0.0012335333716560622 0.0008899893589794024 0.00051868534202953898 0.0062758240905481533 0.0061569876336788213 -0.00016995392484198604 -0.00088841073410990358 -0.000188491178698651 0.0064354303722086023 0.0032609219959024559
leaf_weight=2397.9136185904499 367.71757467743009 107.70052972435951 12.404449462890623 36.342673955485225 23.630188690498471 9.8320199549198168 24.906587801873684 240.86834325455129 22.099700927734375 11.174153669737278 704.12971561681479 16.834608238190413 5.4119354281574479 8.3841729164123517 32.776387128978968
leaf_count=17118 3076 532 24 132 178 24 224 1538 32 78 2958 82 52 12 210
internal_value=-0.000274072 0.00204632 0.00589378 0.0112703 0.014183 0.00141437 0.000670076 0.00266718 0.00939945 0.00136474 -0.000134122 0.00768041 0.00329396 0.0138212 0.0021685
internal_weight=4022.13 1624.21 226.65 72.3773 59.9729 1397.56 1029.85 299.049 47.0063 252.042 730.796 26.6666 154.273 13.7961 140.477
internal_count=26270 9152 1140 334 310 8012 4936 1872 256 1616 3064 106 806 64 742
is_linear=0
shrinkage=0.0286577


Tree=9
num_leaves=16
num_cat=0
split_feature=22 9 26 27 23 13 12 10 23 11 22 30 9 26 33
split_gain=17.0108 3.46253 3.64658 2.36812 3.70221 3.48278 3.47636 1.49556 1.4262 1.30033 1.29608 1.76125 1.12849 0.953082 1.98195
threshold=0.063050231968803619 0.26600988358690919 0.45702680384038008 0.080133928993874379 0.14227464422795288 1.8507887072719076 0.06999676935671649 0.27015637999417735 0.081504447932008214 0.24768525747281425 0.078929031655714757 18.990000000000006 0.21909039047031573 0.58697470420236642 0.1019136518949182
decision_type=10 8 8 8 10 8 8 8 10 8 10 10 8 10 10
left_child=8 -2 7 -4 5 -5 -6 10 12 -9 -3 -12 -1 -14 -15
right_child=1 2 3 4 6 -7 -8 9 -10 -11 11 -13 13 14 -16
leaf_value=-0.0016968753819851215 -0.00023303196568217818 -0.00044910785819557691 -0.00010476928140318285 0.0014196252668905152 -0.00064171969908695273 0.0031874289888282527 0.0041783824062576582 0.0012442751900128349 0.0024502825572761148 -0.00019359133722994155 0.0031674716071997721 -0.00038832417787923327 -0.00084917191432020366 -0.00042172925543266414 0.0014665829326741891
leaf_weight=800.54261788027361 280.70310166897252 24.726420056074858 103.68630489427596 472.94754515681416 16.928390932269394 286.8967743604444 52.248955784365535 4.6036344040185204 3.203219559043645 339.50538322143257 28.237229296937585 13.729301672428845 1269.9851232452784 297.42557877954096 26.757079126313329
leaf_count=7000 2827 194 476 2056 148 1477 220 28 20 1454 202 70 7501 2357 240
internal_value=-0.000308023 0.00195334 0.00256004 0.00355166 0.0040635 0.00346384 0.0104736 0.000283673 -0.00184393 -0.00045232 0.00421839 0.00729507 -0.00187395 -0.00141982 -1.8847e-06
internal_weight=4022.13 1624.21 1343.51 932.708 829.022 759.844 69.1773 410.802 2397.91 344.109 66.693 41.9665 2394.71 1594.17 324.183
internal_count=26270 9152 6325 4377 3901 3533 368 1948 17118 1482 466 272 17098 10098 2597
is_linear=0
shrinkage=0.0286577


Tree=10
num_leaves=16
num_cat=0
split_feature=19 5 11 30 28 4 28 4 4 28 23 9 23 25 26
split_gain=13.7161 5.82739 7.89477 3.25959 4.21956 2.72923 2.53423 2.44078 4.09281 2.38198 1.94458 2.57763 1.88123 3.26683 2.13581
threshold=0.059814186701245504 0.24575520183780036 0.31024725089501942 20.500000000000004 0.050550000000000019 1.0000000180025095e-35 -0.11539999999999996 0.19277221419321111 0.44685568431620676 -0.015050000000000006 0.15737812187812186 0.52082624989607662 0.050161955611359201 0.27108448545469771 0.62944789793106348
decision_type=10 8 10 10 8 8 8 10 10 10 10 8 8 8 10
left_child=12 10 6 4 9 -6 -3 -5 -9 -4 -2 -12 -1 14 -14
right_child=1 2 3 7 5 -7 -8 8 -10 -11 11 -13 13 -15 -16
leaf_value=-0.0012283539423016501 -8.1016391262608458e-06 0.0030766992878160275 0.0027658437801628376 0.00012054750220681193 0.0058891985339486249 0.00067057621351202944 0.00011089182340551836 0.0037060198300992381 -0.0011477283875883837 0.0011068389424282749 0.0040586397504983711 0.006131263351037434 0.0024862063440209822 -0.00058478581517923661 0.0018563007768917911
leaf_weight=1885.4846824356355 1004.9274433711544 7.5749084334820509 76.593966099433601 98.722650356590748 67.477923180907965 12.845650088042019 348.55814990587533 13.179245665669443 10.50637251138687 106.03855470567942 21.754260173998777 8.9425865802913886 22.560170891694725 323.6306121351663 13.329483503475783
leaf_count=12727 5645 54 429 518 259 92 2217 42 26 584 216 42 98 3283 38
internal_value=-0.000280876 0.00159702 0.00353681 0.00638013 0.00819374 0.0137522 0.000430035 0.00239496 0.0106235 0.00568044 0.000198064 0.00727668 -0.00177184 0.000101615 0.00830049
internal_weight=4022.13 1777.12 741.497 385.364 262.956 80.3236 356.133 122.408 23.6856 182.633 1035.62 30.6968 2245 359.52 35.8897
internal_count=26270 10124 4221 1950 1364 351 2271 586 68 1013 5903 258 16146 3419 136
is_linear=0
shrinkage=0.0286577


Tree=11
num_leaves=16
num_cat=0
split_feature=23 5 9 28 33 35 26 35 9 27 35 9 5 33 9
split_gain=13.637 3.14655 3.58795 3.56868 3.56639 3.05313 3.03788 3.71913 2.59781 2.33097 2.50456 1.9182 2.30007 2.12886 3.10496
threshold=0.060918055105701814 0.25669816214722901 0.56814224716790507 -0.010649999999999991 0.11514300751070007 1.8300856449885965 0.62944789793106348 4.1682143988072289 0.2445819181131654 0.081722160772617083 3.6087533729531898 0.25869719853018597 0.20852692082477184 0.020358582615696456 0.3855085298834528
decision_type=10 8 10 10 8 2 10 2 8 10 2 10 10 10 10
left_child=5 4 8 -4 -2 -1 -6 -8 -3 -10 -11 -7 -13 -14 -15
right_child=1 2 3 -5 6 11 7 -9 9 10 -12 12 13 14 -16
leaf_value=0.0047461048156665145 6.068739702104785e-05 -0.00074713132444527897 -0.0014273312774872858 0.003446379437896374 0.0008810275194847014 -0.0012723542365336452 0.002719259643591676 -0.0013850378246291007 -0.00010494473912056619 0.0014041257359848327 0.0030496533830311019 -0.00059968146196805986 -0.00025645078313700308 0.00088706755566265148 0.0033130073037522596
leaf_weight=9.7861080905422551 680.72548974584788 67.166009628213942 9.5984687600284833 19.639354238286614 75.504841109737754 1538.7794873204548 14.376104421913626 6.6385025894269338 77.876240560784936 193.24331320729107 152.56169493682683 694.93536939611658 233.69066124316305 201.35357322543859 46.251441564410925
leaf_count=110 3210 703 60 84 1416 12178 108 112 354 1004 778 3554 1095 1282 222
internal_value=-0.000346299 0.00206858 0.00379944 0.0136203 0.000896805 -0.0014998 0.006048 0.0157494 0.00318809 0.00402573 0.00503595 -0.00156124 -0.000677587 0.000830999 0.00269325
internal_weight=4022.13 1297.33 520.085 29.2378 777.245 2724.8 96.5194 21.0146 490.847 423.681 345.805 2715.01 1176.23 481.296 247.605
internal_count=26270 7829 2983 144 4846 18441 1636 220 2839 2136 1782 18331 6153 2599 1504
is_linear=0
shrinkage=0.0286577


Tree=12
num_leaves=16
num_cat=0
split_feature=22 17 22 27 35 33 22 35 22 27 17 38 22 3 9
split_gain=16.3052 3.26402 4.4105 4.0487 3.98104 3.35921 2.8236 3.24614 1.68633 1.65829 3.69065 1.62006 1.58368 1.50417 1.36385
threshold=0.068181818181818191 1.2587460734372917 0.12674680860407408 0.10594640157139605 3.0967081653585464 0.034942480586457221 0.07260979609763353 2.8145100673021726 0.1418351619570804 0.43467311140709652 1.3037673484528256 3.5000000000000004 0.048771776893266477 6.5000000000000009 0.34683877247602263
decision_type=10 8 10 10 2 8 10 2 10 8 10 2 8 2 10
left_child=12 11 4 -4 6 8 -3 -8 -5 -6 -11 14 -1 -13 -2
right_child=1 2 3 5 9 -7 7 -9 -10 10 -12 13 -14 -15 -16
leaf_value=-0.0012615747931932011 -0.0012102367081408244 0.0018013643846028287 0.00049591232150551475 0.0091129571495580739 -9.6086238139255339e-06 0.0021839575287356883 0.00093792646164779687 0.0035968062600826834 0.00094657436996290595 0.0022582421744139752 -0.00075075810074965376 0.0032672934891152354 -0.00025659491952334306 0.0012219497406133269 0.00070437090358563086
leaf_weight=1678.5039008460008 183.51035932451487 8.9440986821427924 32.361816227901727 29.485052600502968 232.33626737538725 41.850695594679564 41.090561663266271 20.534194054082036 11.436837029643355 23.495718198828399 28.739227498881519 6.6159271649084976 931.44067208864726 501.76462649647146 250.01670519262552
leaf_count=11627 692 24 126 86 1252 220 230 116 88 90 201 58 6634 4236 590
internal_value=-0.000353258 0.00212394 0.0040815 0.00898363 0.00245947 0.0123381 0.00855786 0.00610345 0.0182933 0.000906548 0.00551211 0.00113525 -0.0016975 0.00223356 -0.000130248
internal_weight=4022.13 1412.18 470.274 115.134 355.14 82.7726 70.5689 61.6248 40.9219 284.571 52.2349 941.908 2609.94 508.381 433.527
internal_count=26270 8009 2433 520 1913 394 370 346 174 1543 291 5576 18261 4294 1282
is_linear=0
shrinkage=0.0286577


Tree=13
num_leaves=16
num_cat=0
split_feature=22 5 11 33 24 38 30 21 11 22 31 23 27 22 10
split_gain=14.5105 3.65597 7.34337 5.06496 7.6729 3.84076 2.68313 3.93776 1.65508 1.54031 1.32311 1.39449 2.29577 2.49615 1.17339
threshold=0.068181818181818191 0.2518466194603482 0.30876765623752273 0.14798891078118417 11.500000000000002 1.5000000000000002 20.500000000000004 0.055814745901429132 0.27578739030969496 0.070693475404335085 1.7250000000000016 0.060918055105701814 0.33285541618874959 0.063874553993696556 0.20336667322134164
decision_type=10 8 10 8 2 2 10 10 10 10 10 10 10 10 10
left_child=8 3 -3 -2 14 -4 7 -7 -1 -8 -10 -12 13 -13 -5
right_child=1 2 5 4 -6 6 9 -9 10 -11 11 12 -14 -15 -16
leaf_value=-0.0011379528210726558 -9.3332631547503713e-06 0.00010418091192677706 0.0030895172274620036 -0.0013439817429212551 0.00039108267237732044 0.0010190972866822863 0.0012619861482322679 0.0030864582599533699 0.00011350064244751405 0.00057200798391772879 -0.00081374613973134342 0.0023859096215789301 -0.00058935387898872375 0.0013293595699020984 0.0014964492043504408
leaf_weight=1486.7743075301405 729.73832549527287 264.05808312632143 10.032938264310358 34.643441964872181 16.456398963928223 59.693958002142608 10.024880291894076 158.54211686179042 451.53144022170454 95.14759947732091 624.12642064504325 8.9018014753237384 29.793641129508615 8.8169619329273683 33.84434465598315
leaf_count=11966 3703 1604 20 478 24 396 34 776 3059 476 2992 42 164 38 498
internal_value=-0.000356483 0.00198019 0.00368646 0.00071588 0.00732975 0.00651262 0.00591909 0.00774684 -0.00162468 0.00202341 -0.000780528 -0.00158984 0.00305175 0.0112221 0.00290844
internal_weight=4022.13 1412.18 597.5 814.683 84.9442 333.441 323.409 218.236 2609.94 105.172 1123.17 671.639 47.5124 17.7188 68.4878
internal_count=26270 8009 3306 4703 1000 1702 1682 1172 18261 510 6295 3236 244 80 976
is_linear=0
shrinkage=0.0286577


Tree=14
num_leaves=16
num_cat=0
split_feature=22 5 7 33 1 38 1 25 9 26 9 5 18 33 38
split_gain=14.0391 3.6189 5.3277 5.06496 3.23317 3.00266 2.61628 2.54932 1.69049 1.44441 1.36433 1.57482 1.32851 1.40403 1.32744
threshold=0.068181818181818191 0.2518466194603482 0.26401027993546738 0.14798891078118417 0.13006849315068497 1.5000000000000002 0.20515957446808517 0.53736013114498038 0.23730995908741917 0.29326023729101686 0.47283354978822384 0.23097538413214519 0.10389740633013912 0.068365880390422587 10.500000000000002
decision_type=10 8 10 8 2 2 2 10 8 10 8 8 10 10 2
left_child=8 3 -3 -2 -5 -4 9 -8 -1 -7 -6 -12 13 -10 -14
right_child=1 2 5 4 10 6 7 -9 12 -11 11 -13 14 -15 -16
leaf_value=-0.0012524706179588927 -9.0657936872894398e-06 -4.5254691408139743e-05 0.0030009788980653622 0.00055136063106253868 0.001311316749708853 -0.001136785994444752 0.0022091812774896885 0.0030486687086249526 -0.00068440735210624536 0.0020329197533161471 0.00037987515873716984 -0.0013774925724930958 0.0003175584978974622 0.00032305091248691038 0.0036243240766537553
leaf_weight=1063.1823416687548 729.73832549527287 203.37750612292439 12.886797040700911 46.265500293578953 8.8312323461286706 37.253648688085377 25.12397224502638 32.559284870512784 1153.5027104669716 286.29836705652997 25.998809423297644 3.8486435217782882 41.847040632739663 344.66601884365082 6.7464613225311032
leaf_count=8721 3703 1374 26 716 152 236 108 96 6509 1466 112 20 203 2780 48
internal_value=-0.00032455 0.00197386 0.0036715 0.00071588 0.00732975 0.0056148 0.00511172 0.0108311 -0.00157204 0.00405436 0.0134661 0.0164457 -0.000956557 -0.00111311 0.00364879
internal_weight=4022.13 1412.18 597.5 814.683 84.9442 394.122 381.235 57.6833 2609.94 323.552 38.6787 29.8475 1546.76 1498.17 48.5935
internal_count=26270 8009 3306 4703 1000 1932 1906 204 18261 1702 284 132 9540 9289 251
is_linear=0
shrinkage=0.0286577


Tree=15
num_leaves=16
num_cat=0
split_feature=22 5 8 33 1 38 1 4 9 19 7 9 19 19 33
split_gain=14.1624 3.60782 6.09785 5.06496 3.23317 3.08351 2.61032 3.1877 1.85941 1.72361 1.94484 1.59941 1.48111 2.08401 5.38687
threshold=0.068181818181818191 0.2518466194603482 0.24414122398715946 0.14798891078118417 0.13006849315068497 1.5000000000000002 0.20515957446808517 0.16828639789884878 0.28345717545184107 0.093414593735667462 0.24022445256358646 0.23730995908741917 0.063933690826104284 0.059814186701245504 0.046764111941327909
decision_type=10 8 10 8 2 2 2 8 10 10 8 8 10 10 8
left_child=9 3 -3 12 -5 -4 8 -8 -7 11 -11 -1 13 -2 -15
right_child=1 2 5 4 -6 6 7 -9 -10 10 -12 -13 -14 14 -16
leaf_value=-0.0012366384077152153 0.0017502687732597725 -0.00028199073490159582 0.0029149778698699148 0.00053555992642964785 0.00082082126207407046 0.0029688040068858324 0.0029613010021282307 0.00073641013022846067 0.0017698823482984918 0.0014971555320728569 0.00093683138657815941 -0.00039503062864999365 -0.00018594117207809663 0.0023153150835251001 -0.0019534246858122139
leaf_weight=1056.3750428073108 72.901700913906097 153.01617827825248 12.933543317019938 46.265500293578953 38.678685291204602 50.026094239205122 37.743016147520393 22.135485772043467 321.64525826973841 7.7333876714110401 16.700478479266167 1529.13566397666 627.54756793752313 11.692109048366545 17.596947595477108
leaf_count=8703 232 1084 30 716 284 350 140 72 1630 20 60 9478 3379 24 68
internal_value=-0.000336514 0.00197196 0.00366702 0.00071588 0.00732975 0.00536915 0.00491826 0.0105654 0.00397575 -0.00158945 0.00586363 -0.00166425 -4.24226e-05 0.00313807 0.00957957
internal_weight=4022.13 1412.18 597.5 814.683 84.9442 444.483 431.55 59.8785 371.671 2609.94 24.4339 2585.51 729.738 102.191 29.2891
internal_count=26270 8009 3306 4703 1000 2222 2192 212 1980 18261 80 18181 3703 324 92
is_linear=0
shrinkage=0.0286577


Tree=16
num_leaves=16
num_cat=0
split_feature=20 11 5 20 20 20 31 10 5 32 33 11 27 11 17
split_gain=9.86286 3.92158 3.36844 3.0729 3.06575 2.13866 2.44439 2.12016 1.80221 4.69677 4.1743 3.32213 2.09721 1.90814 4.52878
threshold=0.082277146606365689 0.2917280884575133 0.25992090438343424 0.064568082053326967 0.069202417536408198 0.22151002963964506 2.1950000000000007 0.32141713193771893 0.2518466194603482 0.5283641160949869 0.14896387451507423 0.55980407969908497 0.081722160772617083 0.30067295068513483 1.3342059954282306
decision_type=10 8 8 10 10 10 8 10 8 8 8 10 10 10 10
left_child=1 -1 -3 7 -5 8 -7 -4 10 11 -2 12 -10 -11 -15
right_child=5 2 3 4 -6 6 -8 -9 9 13 -12 -13 -14 14 -16
leaf_value=-0.0011179185144449275 6.9184709841757124e-06 -0.00025399719998364558 -0.00090582519767239784 0.0055900928849199815 0.00086140718099700646 0.0014695230097962755 0.0059394868332518164 0.001427121521401471 -0.00033595364606263834 -0.00020145281359332408 0.0014224158761351972 0.0025333251021854141 0.0019207495128063987 0.0017191616645120212 0.0052551691651338359
leaf_weight=1535.3210553140379 439.49245479609817 1146.0259761253837 192.10315476544201 17.200731659308076 54.771304070018232 17.350451331585646 9.8090768931433576 181.73003498557955 20.71836995985359 120.08431502012536 29.333803948480636 11.25027586892247 61.68184095993638 155.63746623229235 29.616348108276725
leaf_count=11615 2309 6846 1147 102 344 84 74 1091 166 580 634 42 492 596 148
internal_value=-0.000359814 -0.00112114 -0.000117795 0.00198806 0.00742047 0.00228884 0.0102657 0.000911661 0.00202507 0.00344782 0.000791946 0.00907866 0.00687224 0.00168268 0.00351779
internal_weight=4022.13 3127.15 1591.83 445.805 71.972 894.974 27.1595 373.833 867.815 398.989 468.826 93.6505 82.4002 305.338 185.254
internal_count=26270 21145 9530 2684 446 5125 158 2238 4967 2024 2943 700 658 1324 744
is_linear=0
shrinkage=0.0286577


Tree=17
num_leaves=16
num_cat=0
split_feature=19 19 17 12 30 8 34 19 24 26 11 39 9 9 17
split_gain=10.1478 3.71415 3.46365 2.38444 2.3607 2.19935 3.11143 2.99938 3.80532 2.70019 2.14027 1.85479 2.64119 1.74765 1.74563
threshold=0.060589273420531088 0.14572643632566354 1.2675187768350222 0.086010777739972663 21.140000000000004 0.23666124195586802 -0.023994877220518514 0.064688755131420708 10.500000000000002 0.50769488177952871 0.30067295068513483 1.0000000180025095e-35 0.49775820889899797 0.28628342329442169 1.4033034374824884
decision_type=8 10 10 10 10 8 8 8 2 8 8 2 10 10 10
left_child=10 5 11 13 -5 -2 7 8 -7 -9 -1 12 -3 -4 -8
right_child=1 2 3 4 -6 6 14 9 -10 -11 -12 -13 -14 -15 -16
leaf_value=-0.0012175670684927392 -0.00085353673689994537 -0.00032632600122780691 0.0017733395067481416 0.0036850911122606371 0.0013332570551319667 0.00051130976256689737 -3.0103437840145988e-05 -6.7525093024043306e-06 0.0023377510180585051 0.0019516047155666673 -0.00022878898207427659 0.00047361322292749532 0.0057692750483764616 0.0014274099213367659 0.0027738520374508825
leaf_weight=1316.4787161559798 222.8775017936714 13.781260394491257 4.8237408977001897 23.855486899614338 5.8655226398259392 24.75846744235605 813.52518337336369 173.55092407111079 21.70393168926239 170.05302054993808 943.82126255566254 126.49827300477773 13.993491798639296 37.832561671733856 108.70731510035694
leaf_count=9772 2603 136 44 84 24 272 4058 1228 34 1605 5135 606 64 182 423
internal_value=-0.000325937 0.00130128 0.00473267 0.00993559 0.0163091 0.000787561 0.00123913 0.00338667 0.0102703 0.00242067 -0.0015987 0.00221616 0.00891999 0.00519919 0.000319405
internal_weight=4022.13 1761.83 226.65 72.3773 29.721 1535.18 1312.3 390.066 46.4624 343.604 2260.3 154.273 27.7748 42.6563 922.232
internal_count=26270 11363 1140 334 108 10223 7620 3139 306 2833 14907 806 200 226 4481
is_linear=0
shrinkage=0.0286577


Tree=18
num_leaves=16
num_cat=0
split_feature=19 5 11 28 32 6 11 20 11 16 16 21 19 5 5
split_gain=9.79995 4.80441 6.66136 4.93711 3.12198 4.56768 3.12298 2.44824 2.13315 2.06017 2.15347 1.76363 2.08476 2.17514 2.27468
threshold=0.060589273420531088 0.2518466194603482 0.29271170921014278 0.058300000000000025 0.84102902374670196 0.60496103270935542 0.37775031200869064 0.17967099556854291 0.30067295068513483 1.1610466798484844 1.1520373545250551 0.045623789006062947 0.049515562006896836 0.14092110782241887 0.40850824085737752
decision_type=8 10 10 8 10 10 10 10 8 10 8 10 10 10 10
left_child=8 -2 7 9 5 -5 -6 -3 -1 10 -4 -10 13 -13 -15
right_child=1 2 3 4 6 -7 -8 -9 11 -11 -12 12 -14 14 -16
leaf_value=-0.0011826744473367567 7.5828978448838112e-06 -8.8801119294015522e-05 0.0017656783481766055 0.0054307566065099734 0.0034425503893831333 -0.00066696228001497638 -8.7202445495923391e-05 0.0027084567182762802 -0.00047539860162713508 -0.00038316635342225023 0.0017214183260177022 -0.0015275932840774587 -7.3057804808767564e-05 0.0017139456901039858 -0.0013474419511797849
leaf_weight=1316.4787161559798 1077.7016048266087 288.73957172082737 217.40563105419278 54.84692404512316 17.900794118642807 10.804252695292233 33.864585358649492 4.1676659369841209 819.43991856975481 51.195341161452234 5.2003104090690604 13.754917226731775 73.336839103139937 29.127557117491961 8.162030538544057
leaf_count=9772 7295 2024 1272 217 68 65 156 28 4479 228 10 88 416 116 36
internal_value=-0.000346221 0.00125276 0.00313087 0.00557715 0.0105298 0.0147529 0.00494094 -0.000104322 -0.00159698 0.00340989 0.00461318 -0.000543248 0.00261082 0.00705496 0.0106786
internal_weight=4022.13 1761.83 684.125 391.218 117.417 65.6512 51.7654 292.907 2260.3 273.801 222.606 943.821 124.381 51.0445 37.2896
internal_count=26270 11363 4068 2016 506 282 224 2052 14907 1510 1282 5135 656 240 152
is_linear=0
shrinkage=0.0286577


Tree=19
num_leaves=16
num_cat=0
split_feature=22 5 11 8 24 23 26 30 19 9 9 23 26 26 19
split_gain=11.1036 2.57788 6.10406 3.10597 5.67601 2.92033 3.54672 4.77085 2.40379 1.69562 1.6814 2.31692 1.33112 1.76105 1.4219
threshold=0.063874553993696556 0.2518466194603482 0.29271170921014278 0.81339395314152785 11.500000000000002 0.1491550303840869 0.44972874263970891 20.435000000000002 0.16502843837879136 0.21813222256136541 0.21909039047031573 0.01126504273723017 0.44618991484039977 0.44972874263970891 0.093414593735667462
decision_type=10 10 10 8 2 10 8 10 8 8 8 8 10 10 10
left_child=9 3 8 -2 -5 6 -4 -8 -3 -1 11 -11 -12 -14 -15
right_child=1 2 5 4 -6 -7 7 -9 -10 10 12 -13 13 14 -16
leaf_value=-0.0013644637286319042 7.3655897485883651e-06 -0.00016867445127112304 0.00041557216940493361 0.00041211924385086259 0.0056037238265953431 -0.00012689492727599959 0.0028106205035995074 0.00090951058023248173 0.0026308386907903858 4.4353744899524979e-06 -0.00092573257719331308 -0.0023354551780779636 0.0017180823643944717 -0.00013771639963583386 0.001345822787603237
leaf_weight=793.48408900620416 840.41731734061614 268.98542319983244 89.303091791458428 49.830487795639783 24.940603971481323 42.041311837732792 176.1670792195946 78.99411603435874 4.5201492793858042 5.4698103871196482 977.65074543235824 6.1680916622281083 7.0113873453810802 645.7098809403833 11.433074794709681
leaf_count=6963 4933 1618 496 360 36 194 858 422 44 16 5693 57 44 4508 28
internal_value=-0.0003662 0.00150711 0.00287525 0.00050909 0.00609705 0.0051943 0.00607087 0.00779625 -0.000367155 -0.00157623 -0.00104347 0.0096185 -0.00112645 -0.000120194 -0.000289816
internal_weight=4022.13 1575.2 660.011 915.188 74.7711 386.506 344.464 255.161 273.506 2446.93 1653.44 11.6379 1641.81 664.154 657.143
internal_count=26270 8961 3632 5329 396 1970 1776 1280 1662 17309 10346 73 10273 4580 4536
is_linear=0
shrinkage=0.0286577


Tree=20
num_leaves=16
num_cat=0
split_feature=22 5 7 21 35 22 2 17 20 22 30 7 7 22 16
split_gain=9.58434 2.65751 4.30905 3.99454 5.54215 3.35686 2.47153 2.39269 3.20825 3.02372 2.58428 1.54923 2.00553 1.85015 1.4856
threshold=0.068181818181818191 0.29388310446967791 0.29440987768917759 0.12073636718283216 4.6152690096404507 0.071598579250987657 0.2106185406844279 1.2587460734372917 0.03088700987531726 0.12876659086446307 17.150000000000002 0.22250644667801292 0.22319811128600728 0.018192419964197754 1.0131129181023379
decision_type=10 10 10 10 2 10 2 8 10 10 10 8 8 8 10
left_child=11 7 -3 4 5 -4 -5 -2 -9 -10 -11 -1 13 -13 -8
right_child=1 2 3 6 -6 -7 14 8 9 10 -12 12 -14 -15 -16
leaf_value=-0.0011998548119448156 -4.1017635560947272e-05 9.4128846822622106e-05 0.0022951488731862953 -0.00043169974269862066 0.0051945780363531627 0.0011470775530693679 0.0050452012945094047 0.0016646169394062794 0.0001264416617427627 -6.2880609567485376e-05 0.0081880995488616912 4.3082670428413345e-06 -0.00037327571449852573 -0.00061713892748056678 0.0040446415947337474
leaf_weight=930.62945900624618 696.80751108611003 183.20928025990725 14.519497195258735 6.8693504389375439 18.537529766559601 153.25323297828436 10.250133933499457 19.087890565395355 242.66742229601368 17.382491954602301 32.752511328086257 5.344139703549442 1669.6822078519035 4.2887663729488859 16.845235301181674
leaf_count=7858 4004 1244 62 68 82 720 56 42 1389 152 150 12 10349 42 40
internal_value=-0.000392455 0.00150577 0.00347709 0.00617735 0.00444261 0.00271726 0.0153084 0.00070675 0.0027943 0.00200664 0.00841351 -0.0014234 -0.000893869 0.0119161 0.0191714
internal_weight=4022.13 1412.18 403.484 220.275 186.31 167.773 33.9647 1008.7 311.89 292.802 50.135 2609.94 1679.32 9.63291 27.0954
internal_count=26270 8009 2272 1028 864 782 164 5737 1733 1691 302 18261 10403 54 96
is_linear=0
shrinkage=0.0286577


Tree=21
num_leaves=16
num_cat=0
split_feature=19 5 12 17 17 34 34 34 12 19 2 19 23 33 23
split_gain=8.46772 3.49027 2.80117 2.3261 6.16437 2.84219 2.36933 1.95333 1.68731 1.66396 1.40488 1.63486 3.02484 1.88009 1.37937
threshold=0.060589273420531088 0.2518466194603482 0.040428462638272336 1.3342059954282306 1.5121686429227827 0.013845781841511863 -0.0089043384277758247 -0.021322226709770738 0.046853633292260818 0.16949153050476412 0.11558284268195472 0.063933690826104284 0.052327874108008272 0.14896387451507423 0.079679689449419847
decision_type=8 8 10 10 10 8 10 10 10 10 2 10 8 8 10
left_child=14 7 9 5 6 8 -5 10 -4 -3 -2 12 -12 -13 -1
right_child=1 2 3 4 -6 -7 -8 -9 -10 -11 11 13 -14 -15 -16
leaf_value=-0.00079759797254610445 -0.00076728040056036088 -2.4559609187631692e-05 0.0027756099184277055 0.0016702962592081432 0.00047624423087771442 -0.00040142174816576697 0.0079534477888567306 -0.00019719419911359216 0.0019227164841766474 0.0025225724575230753 -0.0021758502465522326 0.00037897041029927059 0.0022957029955924346 0.0012074557751694376 0.00016463171610261486
leaf_weight=2227.2928380789235 106.06491490965709 221.7128611211665 29.265128620900214 24.647845895960927 42.396088504232466 66.300358428154141 22.436661601066589 720.42601558193564 275.60547972470522 7.9721913179382673 9.6169993402436393 176.03220098465681 15.251997539540751 44.097937756683677 33.007140632718801
leaf_count=14813 1978 1798 223 118 282 256 48 2283 1360 54 84 1671 610 598 94
internal_value=-0.000371628 0.00111437 0.00270358 0.0039926 0.00819938 0.00294721 0.0153124 8.08341e-05 0.00412812 7.36504e-05 0.00184132 0.00304237 0.0100878 0.00219157 -0.00153431
internal_weight=4022.13 1761.83 690.337 460.652 89.4806 371.171 47.0845 1071.49 304.871 229.685 351.064 244.999 24.869 220.13 2260.3
internal_count=26270 11363 4139 2287 448 1839 166 7224 1583 1852 4941 2963 694 2269 14907
is_linear=0
shrinkage=0.0286577


Tree=22
num_leaves=16
num_cat=0
split_feature=19 26 34 11 9 24 18 23 8 23 31 28 8 35 26
split_gain=7.33776 2.35592 2.53399 3.89507 3.48103 3.11884 2.43913 2.31349 1.83124 2.98545 2.24984 2.25492 1.97846 1.62983 2.3534
threshold=0.060589273420531088 0.44051109272896755 -0.021261992759650624 0.28522065327467538 0.27070260576255323 10.500000000000002 -0.11904508407182761 0.024223756662458105 0.33825763030213279 0.079679689449419847 2.2400000000000007 0.20700000000000007 0.34230955665386803 4.1143922275040721 0.72007021025777596
decision_type=8 8 8 10 10 2 10 8 8 10 8 8 10 2 10
left_child=8 -2 3 -3 5 -5 -6 -4 -1 10 11 12 -10 14 -9
right_child=1 2 7 4 6 -7 -8 13 9 -11 -12 -13 -14 -15 -16
leaf_value=-0.00097114784388508215 -0.00025009223247750338 -0.00017658192607460433 0.0032550545514831268 0.0013479905044986437 0.0019479307747095798 0.0021973893575507226 0.0015650214792234866 0.00065329611428200057 0.0026427284729238637 0.0003239262788232795 -0.00057860578591558169 0.0035485636219439887 6.6352802912649674e-05 -8.7799588183221005e-05 0.0034721560845857669
leaf_weight=1630.6873950366862 553.87081262399442 140.34330931212753 10.580205623060463 17.160560524556786 7.0704654762521377 14.41403365135193 210.13506541587412 290.1553963762708 4.9297995232045642 15.259082954376934 456.81962629081681 7.3936600219458333 145.21041488461196 388.67108070850372 129.42575161485001
leaf_count=11929 4154 1516 44 338 40 24 1683 1205 20 42 2102 26 788 1889 470
internal_value=-0.000398325 0.000984637 0.00169618 0.00360662 0.00575968 0.0147565 0.00439186 0.000775393 -0.00148069 -0.000150679 -0.000479381 0.00244758 0.00159995 0.000586225 0.00183119
internal_weight=4022.13 1761.83 1207.96 389.123 248.78 31.5746 217.206 818.832 2260.3 629.613 614.354 157.534 150.14 808.252 419.581
internal_count=26270 11363 7209 3601 2085 362 1723 3608 14907 2978 2936 834 808 3564 1675
is_linear=0
shrinkage=0.0286577


Tree=23
num_leaves=16
num_cat=0
split_feature=22 28 16 19 28 19 31 39 18 9 9 22 24 19 22
split_gain=7.93985 1.71654 2.86605 3.88253 3.59382 2.58252 1.94424 1.57184 2.01762 1.56748 1.67412 2.20815 1.40014 1.37619 1.35144
threshold=0.059807446601015335 0.055949999999999979 1.1182560402348432 0.15135855090552428 0.069900000000000059 0.043796438946190695 1.6149999999999995 3.5000000000000004 0.026293034863005275 0.21813222256136541 0.21909039047031573 0.018192419964197754 10.500000000000002 0.093414593735667462 0.060391308218813632
decision_type=8 10 8 10 10 8 8 2 10 8 8 8 2 10 8
left_child=9 6 -3 4 12 -6 7 -2 -9 -1 11 -11 -4 -12 -8
right_child=1 2 3 -5 5 -7 14 8 -10 10 13 -13 -14 -15 -16
leaf_value=-0.0012630001567897331 0.00051694166186812187 0.00093792885702526638 0.00080730444684640526 0.003250552142189141 0.00015063078796419323 0.00017528562232244484 0.0021669414896729757 0.001311322308050175 0.0041334090588985573 5.4872915641962654e-05 -0.00052893945875226412 -0.0013929725373251138 0.0050437902869178604 0.00117543735119298 -3.952223752997537e-05
leaf_weight=767.29893209738657 671.69778248947114 197.03269983548671 2.7703184089623365 15.178964182734488 7.3194724880158892 66.882362743839622 12.336057309061287 21.795026749372482 14.132465004920958 5.3505008947104189 1471.8747283439152 6.2467506192624578 9.253805935382843 13.19154381752014 739.76524911844172
leaf_count=6587 4150 984 98 92 14 368 102 110 54 12 8240 59 14 20 5366
internal_value=-0.000421813 0.00101956 0.0030076 0.00693232 0.00440293 0.00187277 0.00060588 0.00168659 0.00756893 -0.00154555 -0.000994576 0.00966141 0.018877 -0.00108597 -0.000397895
internal_weight=4022.13 1758.16 298.438 101.405 86.226 74.2018 1459.73 707.625 35.9275 2263.96 1496.66 11.5973 12.0241 1485.07 752.101
internal_count=26270 11352 1570 586 494 382 9782 4314 164 14918 8331 71 112 8260 5468
is_linear=0
shrinkage=0.0286577


Tree=24
num_leaves=16
num_cat=0
split_feature=22 5 11 26 24 8 22 34 26 17 17 8 1 19 19
split_gain=7.08694 2.68385 4.4321 3.54819 2.62703 3.53689 2.17724 1.75213 2.1494 3.48529 3.40421 1.68099 1.57192 1.7262 1.70391
threshold=0.063874553993696556 0.33316327873289903 0.29271170921014278 0.2908737873151766 10.500000000000002 0.38280030412860094 0.078929031655714757 -0.012330511834220013 0.63932546433519832 1.4367325968712794 1.6810688923048309 0.23666124195586802 0.14563068181818184 0.044297920783843862 0.043530872903151156
decision_type=8 10 10 8 2 10 8 10 10 10 10 8 2 10 10
left_child=11 7 -3 -4 6 -6 -5 12 -9 -10 -11 -1 -2 14 -14
right_child=1 2 3 4 5 -7 -8 8 9 10 -12 -13 13 -15 -16
leaf_value=-0.0011669584547719899 0.00018966592072457492 -2.0207042905445589e-05 -0.0011344792300544125 0.0014156290967092843 0.0021566854063917681 0.0037691039466660348 0.00042310306749650554 -0.00032415574931704159 -3.0542296779439145e-05 0.00770177538645519 -0.00016185835430252576 -0.00027347806472145661 0.0015163145063453354 0.001718639584178416 0.0062322998935005116
leaf_weight=1001.1615792340599 495.92009751149453 145.35913256276399 36.487632485106587 21.510734189301729 23.346961855888367 47.402739524841309 67.401192325167358 324.56935381609946 157.36050637625158 20.725611329078674 16.162026278674603 1431.1991170742549 4.3499521128833276 222.60173402307555 6.5682893395423889
leaf_count=8429 5307 1012 186 160 36 80 578 842 646 76 62 7450 144 1252 10
internal_value=-0.000438826 0.00104544 0.0033 0.00611142 0.00796352 0.0121646 0.00448622 0.000420154 -0.000841005 0.00151157 0.00941971 -0.00141303 0.00133078 0.00327427 0.0144913
internal_weight=4022.13 1589.77 341.508 196.149 159.662 70.7497 88.9119 1248.26 518.817 194.248 36.8876 2432.36 729.44 233.52 10.9182
internal_count=26270 10391 2052 1040 854 116 738 8339 1626 784 138 15879 6713 1406 154
is_linear=0
shrinkage=0.0286577


Tree=25
num_leaves=16
num_cat=0
split_feature=8 26 5 18 30 30 30 27 8 39 26 31 23 21 21
split_gain=5.8494 3.87594 6.06348 5.82664 5.78216 3.48355 3.37013 2.00113 1.81101 1.71197 1.54451 1.38034 1.96046 1.60645 1.11587
threshold=0.23666124195586802 0.44618991484039977 0.30103657273078421 0.044886391023107437 20.435000000000002 16.490000000000006 15.610000000000001 0.65959941982650994 0.23851510372243842 3.5000000000000004 0.44972874263970891 1.6450000000000007 0.0080900947714844535 0.025238668034454455 0.055814745901429132
decision_type=10 10 10 10 10 10 10 10 10 2 10 10 8 10 10
left_child=-1 11 7 5 -5 6 -4 8 -3 -7 -10 12 13 -2 -14
right_child=1 2 3 4 -6 9 -8 -9 10 -11 -12 -13 14 -15 -16
leaf_value=-0.00084429158612761958 -0.00068741494974984758 0.0034021890295198448 0.00030411484627007861 0.0047405722590313773 0.0015224665393397375 0.00061263110287340184 0.0020948798526894811 -0.00023838703999016949 0.0016496616424513824 0.001652842133556493 0.00031034054378315727 -0.00082756953287772773 -0.00071851348523230437 6.1137627333796151e-05 0.00079471635263619975
leaf_weight=1514.1705007839482 3.4348485339432937 6.9009115099906913 19.951233923435211 27.268390890210867 14.518568009138106 170.56461219768971 30.055235520005226 266.77054960513487 6.7753960741683832 16.930910229682922 850.0333518688567 536.24066400714219 395.27822110429406 5.333256721496582 157.90000905934721
leaf_count=13404 192 62 286 186 88 822 112 1528 32 82 4294 2050 2284 8 840
internal_value=-0.000462933 0.000382955 0.00137996 0.00516267 0.0150716 0.00336453 0.0101027 0.000435773 0.00111286 0.00150424 0.000980487 -0.000887888 8.78062e-05 0.0133671 -0.000110141
internal_weight=4022.13 2507.96 1409.77 279.289 41.787 237.502 50.0065 1130.48 863.71 187.496 856.809 1098.19 561.946 8.76811 553.178
internal_count=26270 12866 7492 1576 274 1302 398 5916 4388 904 4326 5374 3324 200 3124
is_linear=0
shrinkage=0.0286577


Tree=26
num_leaves=16
num_cat=0
split_feature=19 26 19 24 4 19 27 15 11 38 11 24 27 32 21
split_gain=7.15075 2.14228 2.52984 4.61785 2.76905 2.24693 2.01966 1.94027 1.7449 2.2462 2.10254 1.40538 1.27561 1.22887 1.10352
threshold=0.060589273420531088 0.44051109272896755 0.065082539238315446 11.500000000000002 0.036299810462523334 0.087500338139228057 0.092778841183921323 1.7287832150706672 0.3945412130719253 10.500000000000002 0.45868364581714199 10.500000000000002 -0.0096560704436496683 0.48614775725593673 0.04422902214145797
decision_type=8 8 8 2 10 10 10 10 10 2 10 2 8 8 10
left_child=8 -2 3 4 -3 11 -7 -8 -1 14 -11 12 -4 -13 -10
right_child=1 2 5 -5 -6 6 7 -9 9 10 -12 13 -14 -15 -16
leaf_value=-0.00083764956893171033 -0.00033051643196284781 -0.00057448400800435455 0.0015071299311472121 0.0021037856283056822 0.0032084839222932902 -0.0002438269534070079 0.0006993048842918666 0.0026176997768028523 -0.00052140148136278525 0.0021251233530038866 0.0021343618453095927 0.0020348455014338406 0.00051976013218227822 -0.001128493183306872 0.00095098658520980902
leaf_weight=1916.8601792198606 553.87081262399442 58.174763846211135 2.8805251494050026 29.075450003147125 9.914695277810095 123.80243319924921 380.28739866707474 199.79846615949646 255.466720352415 10.827759225852786 21.302328522317111 27.214385155588388 184.06181279476732 192.74593845009804 55.842991391196847
leaf_count=13011 4154 580 22 41 34 685 1931 1139 1408 90 152 70 2380 327 246
internal_value=-0.000375108 0.000990113 0.00166852 0.00612448 0.00185707 0.0012686 0.00225052 0.00296395 -0.00144365 0.000413827 0.00761226 -0.000405867 0.00138905 -0.00197642 -0.000302221
internal_weight=4022.13 1761.83 1207.96 97.1649 68.0895 1110.79 703.888 580.086 2260.3 343.44 32.1301 406.903 186.942 219.96 311.31
internal_count=26270 11363 7209 655 614 6554 3755 3070 14907 1896 242 2799 2402 397 1654
is_linear=0
shrinkage=0.0286577


Tree=27
num_leaves=16
num_cat=0
split_feature=8 34 35 17 25 28 18 8 21 10 7 7 35 21 18
split_gain=5.27947 3.81686 2.04199 3.14199 4.51093 3.73067 1.47852 1.14048 1.47495 1.08618 1.07593 2.15862 0.900883 1.49147 0.816914
threshold=0.23666124195586802 -0.025533399489131688 3.3201680600177239 1.4033034374824884 0.47332992495670267 0.065350000000000033 -0.14514963937050526 0.23851510372243842 0.033091519707042501 0.19543870534674379 0.45223605922982368 0.47275221483467694 2.0515431210794284 0.080772296303860805 0.13920150315958293
decision_type=8 8 2 10 10 8 10 8 10 10 8 8 2 8 10
left_child=-1 6 3 10 -5 -6 -2 8 -4 -8 -3 -12 13 -11 -9
right_child=1 2 7 4 5 -7 9 14 -10 12 11 -13 -14 -15 -16
leaf_value=-0.0010746790670967527 0.001669627449040301 -0.0001320877425749981 -0.0010499137770647233 -0.00010204069135974881 0.0030025511410975828 0.0074521264643731986 -0.0015888776439502467 -0.00022182786611794162 0.0032296731123636893 0.0022692903156666462 0.001225466881931457 0.00013468116135795287 0.0004628677625405723 0.00020010707772386319 0.0045444289885711708
leaf_weight=1183.1062210043892 8.2498150765895826 268.82817756664008 5.1733177183195931 37.175479306373745 23.145286590326577 17.706498572602868 44.166053753346205 1489.5307353029493 5.3236405551433563 8.4667842295020836 13.113660499453543 168.45299554849043 718.9151936005801 11.35780196636915 19.41499874740839
leaf_count=10738 36 1106 20 134 108 46 340 6424 24 100 64 896 6060 104 70
internal_value=-0.000381091 0.000286118 -0.000362924 0.00116306 0.006468 0.0130245 0.00197833 -0.000900266 0.00831594 0.00183419 0.000219101 0.00193978 0.00210261 0.00825011 -0.000972229
internal_weight=4022.13 2839.02 2047.86 528.422 78.0273 40.8518 791.156 1519.44 10.497 782.906 450.395 181.567 738.74 19.8246 1508.95
internal_count=26270 15532 8892 2354 288 154 6640 6538 44 6604 2066 960 6264 204 6494
is_linear=0
shrinkage=0.0286577


Tree=28
num_leaves=16
num_cat=0
split_feature=22 31 28 28 35 9 10 9 38 15 21 19 19 28 36
split_gain=6.06009 2.01169 2.23922 4.94303 4.48353 1.7533 1.63095 1.57245 2.22944 1.2508 1.41844 2.71442 1.14479 2.10528 1.11298
threshold=0.063874553993696556 1.6450000000000007 0.077650000000000011 0.086800000000000002 3.4016971318286977 0.21813222256136541 0.19476633225136816 0.21909039047031573 2.5000000000000004 1.3248918662507025 0.14322291723874969 0.15916868927604069 0.093414593735667462 0.007550000000000002 1.0000000180025095e-35
decision_type=8 8 10 10 2 8 10 8 2 10 8 8 10 10 2
left_child=5 6 -3 4 -4 -1 -2 8 -7 -8 14 -12 -9 -14 -11
right_child=1 2 3 -5 -6 7 9 12 -10 10 11 -13 13 -15 -16
leaf_value=-0.0011179663740270534 -0.0012097524795010011 -2.8868059718057578e-05 0.0072385659696320454 7.9070536226041015e-05 -0.00076327086420407552 7.0125935083589848e-05 0.00019925572753167966 -0.00040007635507884894 -0.0013080222083877646 0.00049276374972272987 0.0016217798359120059 0.0038855775938627601 -0.00021348246305195832 0.0010562498120526662 0.0020705793610626337
leaf_weight=790.38855000631884 79.463468122761697 742.30327870021574 17.420838433317844 75.345477655064315 9.2673313301056606 5.3332567214965803 188.36009129695594 1611.3980802088045 6.3046453278511763 256.78323639277369 9.3708014395087975 18.389219113625586 10.261164985597135 8.6749990582466108 193.06222124584019
leaf_count=6821 640 5256 64 446 54 8 1160 8939 65 1500 88 112 22 24 1071
internal_value=-0.000354056 0.00101834 4.82936e-05 0.00403458 0.014581 -0.00125515 0.0021034 -0.000712459 0.0096185 0.00257244 0.00335629 0.00977664 -0.000793653 0.00610458 0.0029332
internal_weight=4022.13 1589.77 844.337 102.034 26.6882 2432.36 745.429 1641.97 11.6379 665.966 477.605 27.76 1630.33 18.9362 449.845
internal_count=26270 10391 5820 564 118 15879 4571 9058 73 3931 2771 200 8985 46 2571
is_linear=0
shrinkage=0.0286577


Tree=29
num_leaves=16
num_cat=0
split_feature=22 5 11 21 16 18 30 33 11 18 35 26 30 22 22
split_gain=5.33364 2.63644 5.01997 4.26738 3.67129 3.0351 3.90308 1.48732 1.3217 1.2911 1.5892 1.63317 1.75827 1.75966 1.12547
threshold=0.059807446601015335 0.30103657273078421 0.30067295068513483 0.12073636718283216 1.0131129181023379 0.044886391023107437 20.435000000000002 0.11107218967651501 0.33844694765873556 0.031221117470505714 2.2033169388833618 0.92508222691726594 16.555000000000003 0.018192419964197754 0.050755868337727029
decision_type=8 10 10 10 10 10 10 10 10 10 2 10 10 10 10
left_child=9 7 -3 5 -5 8 -7 -2 -4 -1 -11 12 13 -12 -13
right_child=1 2 3 4 -6 6 -8 -9 -10 10 11 14 -14 -15 -16
leaf_value=-0.00078998640407765839 -2.718829786751809e-05 -8.2886187843825651e-06 0.00049098751723282603 0.0041724599028261245 0.0035623909111218259 0.0044150235858837648 -9.3624051140382195e-05 0.0010174554168692071 0.00064848678101218568 0.0034444552947510711 6.8116289989369631e-05 -0.0022452844439998822 -0.00093280793941389424 6.7498816851656787e-05 0.0031540785496761807
leaf_weight=1781.5890362299979 1186.3788505287375 224.47251442912966 22.191803945228457 19.429419044405222 16.950969422236085 22.151077087968588 13.94180780649185 117.48823797702789 135.15952402446419 4.9980152500793329 7.8118669940158716 2.597200632095336 300.93475687503815 161.55742841865867 4.4741513729095459
leaf_count=11972 7328 1484 182 132 50 170 68 1260 678 64 188 52 1354 1276 12
internal_value=-0.000407466 0.000773115 0.00265354 0.00563119 0.014706 0.00385773 0.0113881 0.000109947 0.0020532 -0.00132867 0 -0.000185365 -0.000414499 0.00189159 0.0132246
internal_weight=4022.13 1758.16 454.297 229.825 36.3804 193.444 36.0929 1303.87 157.351 2263.96 482.373 477.375 470.304 169.369 7.07135
internal_count=26270 11352 2764 1280 182 1098 238 8588 860 14918 2946 2882 2818 1464 64
is_linear=0
shrinkage=0.0286577


Tree=30
num_leaves=16
num_cat=0
split_feature=8 26 5 10 32 10 8 31 23 21 31 17 34 35 34
split_gain=5.33741 3.38928 4.73499 5.01831 5.34505 3.51903 2.92686 2.1636 1.90483 2.00201 1.51878 1.35541 1.14997 1.03962 0.946916
threshold=0.23666124195586802 0.44051109272896755 0.30103657273078421 0.32141713193771893 0.64907651715039594 0.33080384204773255 0.23851510372243842 0.32499999999999934 0.0080900947714844535 0.025238668034454455 1.6600000000000013 0.93340854958701924 -0.01147747068267879 2.0515431210794284 -0.013252614868770605
decision_type=10 8 10 10 10 10 10 10 8 10 10 10 10 2 10
left_child=-1 8 6 14 7 -6 -3 -5 9 -2 13 -12 -10 -8 -4
right_child=1 2 3 4 5 -7 10 -9 12 -11 11 -13 -14 -15 -16
leaf_value=-0.00074071992159312975 -0.00063193339555093879 0.0030507613447163118 0.0016279524361077461 0.000985382997055869 0.002937080203305169 0.0010211954160204279 0.0037750051913550929 0.0035235533846466717 -0.00018976469408318671 6.6164236617810833e-05 -0.00028602809633918448 0.00032911627637029184 -0.00090607584811189007 0.00049933569269876939 -0.00043668008528591391
leaf_weight=1514.1705007839482 4.8559687118977291 8.349063638597725 80.888914938084781 15.884302301332353 8.7703177928924543 106.15772531740367 7.9366683852858833 46.982704600319266 583.14929269626737 5.3610331192612648 320.49487200938165 391.59593695867807 387.22931509278715 462.37387630296871 77.926167389377952
leaf_count=13404 192 74 632 226 22 552 92 194 3484 12 1602 1806 1068 2664 246
internal_value=-0.000426732 0.000381169 0.00122804 0.00423075 0.00753849 0.00373235 0.000370199 0.0142999 -0.000927729 0.0111626 0.000240603 -0.000584008 -0.00106789 0.00150997 0.000459575
internal_weight=4022.13 2507.96 1527.36 336.61 177.795 114.928 1190.75 62.867 980.596 10.217 1182.4 712.091 970.379 470.311 158.815
internal_count=26270 12866 8110 1872 994 574 6238 420 4756 204 6164 3408 4552 2756 878
is_linear=0
shrinkage=0.0286577


Tree=31
num_leaves=16
num_cat=0
split_feature=20 7 26 21 35 16 7 20 17 20 17 20 21 17 16
split_gain=4.43729 2.31133 1.81471 2.16828 4.55544 3.92395 1.80176 3.04912 2.0809 1.79446 2.37704 2.76482 1.54363 1.25792 1.85322
threshold=0.083196642675602825 0.29982455449731887 0.57140518646653027 0.11726509857405823 3.8076619346587899 0.88254961949022148 0.30240110920636115 0.13334145316962498 0.89641943868053653 0.11123056940154168 0.640551976469664 0.09398248479362438 0.018412833164371496 0.8684721880178965 0.84422471411202826
decision_type=10 10 8 10 2 10 8 10 10 10 10 10 8 10 10
left_child=1 -1 6 9 5 -5 7 13 -9 10 11 -4 -12 14 -2
right_child=2 -3 3 4 -6 -7 -8 8 -10 -11 12 -13 -14 -15 -16
leaf_value=-0.00065853802008701459 -0.0016169272348847848 3.9693860625330517e-05 1.7754444214830731e-05 -0.00070598999830696419 -0.00041532200060345742 0.0034225765953141926 -0.00032704371294955801 -0.00083526040152968883 0.0036668223820361121 0.00019775400964121745 0.0010019660214134706 0.0020375161565049271 0.0020302166073962666 -0.0001843615775021141 0.003553388884454944
leaf_weight=2167.8570378820878 14.027421735227106 975.98850047308952 13.706467716023328 8.6301167029887456 19.996603309176862 21.001160031184554 257.44290251331404 5.4115274660289314 14.997567029204218 229.96857520472258 4.0023610927164546 11.932378723286091 172.68303623562679 83.683631993830204 20.797371929977089
leaf_count=16634 110 4605 80 62 100 98 1195 88 146 1236 36 84 918 704 174
internal_value=-0.000397792 -0.000902821 0.00139841 0.00257955 0.0082998 0.0154287 -1.32488e-05 0.002589 0.0127858 0.00189578 0.00386448 0.0120893 0.00260058 0.000727795 0.00533576
internal_weight=4022.13 3143.85 878.281 481.921 49.6279 29.6313 396.36 138.918 20.4091 432.293 202.324 25.6388 176.685 118.508 34.8248
internal_count=26270 21239 5031 2614 260 160 2417 1222 234 2354 1118 164 954 988 284
is_linear=0
shrinkage=0.0286577


Tree=32
num_leaves=16
num_cat=0
split_feature=1 23 5 21 27 24 17 27 31 21 35 5 15 0 21
split_gain=3.92593 1.97827 1.85762 3.87814 4.07852 3.49576 1.93853 2.08415 1.75506 1.21383 1.10253 2.69114 1.00708 1.21309 0.865152
threshold=0.088589511754068734 0.041060800862723491 0.30103657273078421 0.12073636718283216 0.17259394118028126 10.500000000000002 1.008206748861799 0.10984463119906412 1.6600000000000013 0.044959130280077315 2.4993845846405938 0.15064439203708349 1.4025505895219106 0.47607500000000008 0.056225825432087442
decision_type=2 8 10 10 10 2 8 10 10 8 2 8 8 2 10
left_child=-1 14 8 6 -5 -6 7 -4 12 -8 11 -10 -3 -14 -2
right_child=1 2 3 4 5 -7 9 -9 10 -11 -12 -13 13 -15 -16
leaf_value=-0.00077321279466108543 -0.00085946191584514154 -1.5457746255703172e-05 -0.0012118390042392445 -8.9049070964519519e-05 0.0022446448820409347 0.0033244935643190572 0.0013970176059524963 0.002112615617854459 0.0026226271146840225 -4.9409793811271193e-05 -0.0002218165703129204 -7.7783425995587788e-05 -0.00022465207360459287 0.0015476526389677314 0.00057725417963491591
leaf_weight=1546.5581697677262 609.17819355241954 257.07318859314546 38.256289601325989 14.106609882786868 11.710185841657223 17.373762369155884 70.863353838212788 103.5397951444611 25.525492170825601 171.52520491392352 621.97688347939402 34.673741403967142 107.95329374400899 300.33371194731444 91.47878378815949
leaf_count=11948 3899 1459 198 92 102 30 364 733 118 869 2598 156 1165 2035 504
internal_value=-0.000442824 0.000261408 0.000773579 0.00242194 0.0105784 0.0167042 0.00147332 0.00413298 0.000243087 -4.39652e-05 -0.000769065 0.00288085 0.00129568 0.00218095 -0.00102166
internal_weight=4022.13 2475.57 1774.91 427.375 43.1906 29.0839 384.185 141.796 1347.54 242.389 682.176 60.1992 665.36 408.287 700.657
internal_count=26270 14322 9919 2388 224 132 2164 931 7531 1233 2872 274 4659 3200 4403
is_linear=0
shrinkage=0.0286577


Tree=33
num_leaves=16
num_cat=0
split_feature=8 34 21 10 10 18 21 23 25 34 9 35 27 27 10
split_gain=4.06549 2.54488 1.49319 2.01225 3.39981 1.77389 1.67105 1.66754 1.7987 1.49906 1.46435 2.07028 1.84793 3.51808 1.14513
threshold=0.23666124195586802 -0.012330511834220013 0.056645930440529201 0.22084866745208401 0.19476633225136816 -0.14514963937050526 0.057908653653135696 0.0080900947714844535 0.37792670931341871 -0.037401278518013385 0.34262534709339043 4.1143922275040721 0.17259394118028126 0.58331236369736639 0.92261384778039413
decision_type=10 10 10 10 10 10 10 8 10 10 10 2 10 10 8
left_child=-1 2 7 4 -4 -5 -7 8 -2 -6 -3 12 -12 -14 -9
right_child=1 10 3 5 9 6 -8 14 -10 -11 11 -13 13 -15 -16
leaf_value=-0.00069057028713125058 -0.00054469387622062737 -0.00031131466242985997 0.00061778929239868544 0.001178881620113501 -0.00027549804372350691 0.0029551089779290313 0.00062838659246749692 1.5014420948944351e-05 0.00010529875032092882 0.0050638987723040547 -0.00047511749119183319 -0.00026872346719240023 0.0025474687626604576 -0.00021671911062906454 0.0029215404681660856
leaf_weight=1514.1705007839482 4.3000631420873088 639.78007084596902 18.505355000495911 7.5718804560601702 3.2292949538677957 12.304550986737011 428.53687828592956 826.42417210014537 5.333256721496582 15.578138429671524 73.358628230169415 205.38403939455748 160.27649449557066 101.15758452191949 6.2157516898587337
leaf_count=13404 284 2112 100 26 70 76 2553 5709 8 54 180 694 474 476 50
internal_value=-0.000434799 0.000269756 0.00113302 0.00240208 0.00884754 0.00183931 0.00157357 0.000388894 0.0121242 0.0173506 -0.000693408 0.000390431 0.00179473 0.00293832 0.000237866
internal_weight=4022.13 2507.96 1328 485.726 37.3128 448.413 440.841 842.273 9.63332 18.8074 1179.96 540.177 334.793 261.434 832.64
internal_count=26270 12866 8930 2879 224 2655 2629 6051 292 124 3936 1824 1130 950 5759
is_linear=0
shrinkage=0.0286577


Tree=34
num_leaves=16
num_cat=0
split_feature=22 5 7 38 25 23 33 5 23 28 22 5 33 12 28
split_gain=4.01879 2.65541 3.24895 2.8916 3.09021 1.52927 1.25284 1.12146 1.09484 1.93552 1.04159 2.75249 1.04791 0.934804 0.972674
threshold=0.043326585014255702 0.30103657273078421 0.48189598359838254 2.5000000000000004 0.54735779214788516 0.088541335800932583 0.14982034185498108 0.23536343553456321 0.028081157274130773 0.065350000000000033 0.043478853057763681 0.19257380743505539 0.021700855584480986 0.039889791136438028 -0.036150000000000009
decision_type=8 10 10 2 10 8 10 10 10 10 10 10 10 10 10
left_child=-1 5 13 4 -4 8 -7 -8 9 -2 11 -10 -12 14 -3
right_child=1 2 3 -5 -6 6 7 -9 10 -11 12 -13 -14 -15 -16
leaf_value=-0.00093477094119107464 0.00032977774813845262 0.00091065605177819472 0.0041842045093978351 0.00018817772920190834 0.0030929646182545917 0.00063440930832400137 0.0024701439709972606 -0.0033402064382897982 -0.0021001108528844068 0.0051191845214867667 -0.00027867248954993622 0.00035209875671120088 -9.787671866610713e-05 0.00094102816841059157 -0.00024400502974132533
leaf_weight=1355.073698233813 28.885792908258736 46.392077915370464 13.273762881755831 26.878203732892871 16.982224971055984 438.70615362166427 6.8384416177868825 3.7108031194657087 10.61582010984421 4.188795579597353 712.98172851186246 5.8164946995675555 842.21550652850419 316.34647746756673 193.22067813947797
leaf_count=9744 226 404 22 168 28 3861 38 26 72 18 3256 22 5175 1790 1420
internal_value=-0.000458731 0.000183612 0.00184067 0.00836243 0.0144368 -0.000306311 0.00116271 0.0109008 -0.00072389 0.00437062 -0.000838058 0.00621345 -0.000919871 0.00114937 -0.000162576
internal_weight=4022.13 2667.05 613.093 57.1342 30.256 2053.96 449.255 10.5492 1604.7 33.0746 1571.63 16.4323 1555.2 555.959 239.613
internal_count=26270 16526 3832 218 50 12694 3925 64 8769 244 8525 94 8431 3614 1824
is_linear=0
shrinkage=0.0286577


Tree=35
num_leaves=16
num_cat=0
split_feature=26 8 30 30 27 8 35 34 18 33 18 26 36 25 34
split_gain=3.91336 2.31306 2.76791 1.85154 1.9027 1.77982 1.76315 1.7616 1.68314 1.62046 3.19076 1.21237 1.28514 1.52896 1.19797
threshold=0.43735420466710478 0.23666124195586802 20.500000000000004 19.975000000000005 0.23185951667023633 0.23851510372243842 4.105778926272893 -0.034215663971228265 0.12666511716178777 0.026945233264211502 -0.039619026601656553 0.48043654912838479 1.0000000180025095e-35 0.44180486601427044 -0.013719353809777067
decision_type=8 10 10 10 8 10 2 10 10 10 8 8 2 8 8
left_child=14 11 3 5 -5 7 9 -3 -7 -4 -11 12 -2 -14 -1
right_child=1 2 6 4 -6 8 -8 -9 -10 10 -12 -13 13 -15 -16
leaf_value=-0.0003802364801051394 -0.0010873873755233967 -0.00028138273761659752 0.00031574842188621203 0.0026507010525020514 0.00018278499611562064 0.00064163501085875518 -0.00026632788725692766 0.0028522417889784084 0.0040642950057954534 0.0027555557523906635 -0.0012539784368000911 -0.00032885476206784297 0.0005705747390640076 0.00015199588562731626 -0.0008995293575445912
leaf_weight=895.38654594216496 35.240059380419552 3.7079954240471125 217.73775582108647 14.929581589996813 16.849140383303169 962.34069628920406 278.76730776205659 6.456723388284443 13.164230575785039 11.381321728229521 13.682031050324442 646.61842951131985 9.2556865792721528 20.569288061466068 876.03986655152403
leaf_count=6594 358 64 938 112 246 5211 1262 30 69 82 142 6212 70 244 4636
internal_value=-0.000440268 0.0003492 0.000977167 0.0018499 0.00870613 0.00161678 -0.000706303 0.0135334 0.00147925 0.00105067 0.00792836 -0.000994674 0.00267633 0.00706809 -0.00144887
internal_weight=4022.13 2250.7 1539.02 1017.45 31.7787 985.67 521.568 10.1647 975.505 242.801 25.0634 711.683 65.065 29.825 1771.43
internal_count=26270 15040 8156 5732 358 5374 2424 94 5280 1162 224 6884 672 314 11230
is_linear=0
shrinkage=0.0286577


Tree=36
num_leaves=16
num_cat=0
split_feature=26 20 18 10 26 15 7 33 16 20 26 26 16 2 16
split_gain=3.58317 2.57326 2.16114 1.71619 1.69693 2.18172 3.76672 1.67739 1.50907 1.51804 1.17863 2.35094 1.29243 1.75359 1.1176
threshold=0.43735420466710478 0.082277146606365689 0.11022345869651219 0.47990809448640154 0.46477957081496768 1.1670395747614701 0.32932344997229462 0.080815353304235407 0.61682368165217205 0.13824157862432879 0.91020979304797678 0.93481368256149422 1.1276132152196239 0.20672088986143763 0.97679159696295037
decision_type=8 10 10 10 8 8 10 10 8 8 10 10 10 2 10
left_child=-1 2 4 -4 5 -2 -7 -6 9 -3 12 -12 14 -14 -10
right_child=1 8 3 -5 7 6 -8 -9 10 -11 11 -13 13 -15 -16
leaf_value=-0.00068558317111678711 -0.00014245780122861343 0.0099667777826912118 -0.00010733025090723309 0.0038971607125667476 -0.00024092571081411868 0.00034482174065870324 0.0015061340796476501 0.00027312415844824977 0.00089567274762039975 -0.0025163186124047567 0.0049031964515962737 0.0026137904430902871 1.7314491412938452e-06 0.0030491919931617726 -0.00025165648343055346
leaf_weight=1771.426412493689 37.850147225428373 9.1992770358920062 8.4352865964174288 17.038575457409024 1211.9819159498438 64.869300558697432 10.814640188124029 224.62376855034381 326.20382648799568 6.3509669601917276 13.64486403390765 30.933871021494269 61.845600000116974 54.060375833883882 172.84783164504915
leaf_count=11230 172 54 92 77 7986 516 56 2488 1787 33 104 310 443 166 756
internal_value=-0.000446309 0.000308904 -0.000320053 0.00790049 -0.000462713 0.00288895 0.00573389 -0.00073494 0.0017912 0.0106612 0.00156335 0.00610751 0.0012156 0.00395307 0.000558355
internal_weight=4022.13 2250.7 1575.61 25.4739 1550.14 113.534 75.6839 1436.61 675.087 15.5502 659.536 44.5787 614.958 115.906 499.052
internal_count=26270 15040 11387 169 11218 744 572 10474 3653 87 3566 414 3152 609 2543
is_linear=0
shrinkage=0.0286577


Tree=37
num_leaves=16
num_cat=0
split_feature=22 5 9 38 21 20 16 16 38 22 5 20 16 16 24
split_gain=3.36681 2.50317 3.61068 2.84714 4.20144 5.4535 1.31222 4.89294 1.18542 1.29141 2.70326 1.26373 1.23332 1.55536 0.955077
threshold=0.043326585014255702 0.30103657273078421 0.32627715836521692 2.5000000000000004 0.12073636718283216 0.068759212973940401 0.9122931790208052 0.82990341459361161 4.5000000000000009 0.043478853057763681 0.18913844794914089 0.12812996850774738 0.97812741783030999 0.93067374912714274 10.500000000000002
decision_type=8 10 10 2 10 10 10 10 2 8 8 10 10 10 2
left_child=-1 8 14 4 5 -4 7 -5 9 10 -2 -10 13 -13 -3
right_child=1 2 3 6 -6 -7 -8 -9 11 -11 -12 12 -14 -15 -16
leaf_value=-0.00087467544604442101 -0.0023786784205757634 0.00032323624799594054 0.0038361383272686326 1.6107281790699502e-05 0.0029618092905555355 0.00050610526162731732 -0.00012542135966780904 0.0023434681717573731 -1.0516337692926891e-06 -0.00015475725088434658 0.00033052504056259465 0.0027698789694965988 -0.00064757122838180695 0.0015429686963829149 -0.00028320075089647472
leaf_weight=1355.073698233813 9.0667165871709567 166.23429642617702 12.730626083910463 66.453325994312763 12.967640087008474 40.184645600616932 77.676102811470628 28.923599597066641 847.04238175600767 1082.558637619717 5.6305327340960494 71.226230407133698 31.63875144906342 6.7962861433625212 207.92318850755692
leaf_count=9744 42 2252 48 460 34 136 390 170 6600 5207 16 484 313 32 342
internal_value=-0.000481263 0.000106259 0.00171574 0.00446624 0.0095797 0.0056952 0.00245194 0.00470514 -0.000369453 -0.00101462 0.00726882 0.000360156 0.00325175 0.00520956 -1.5786e-05
internal_weight=4022.13 2667.05 613.093 238.936 65.8829 52.9153 173.053 95.3769 2053.96 1097.26 14.6972 956.704 109.661 78.0225 374.157
internal_count=26270 16526 3832 1238 218 184 1020 630 12694 5265 58 7429 829 516 2594
is_linear=0
shrinkage=0.0286577


Tree=38
num_leaves=16
num_cat=0
split_feature=22 5 10 5 7 17 19 16 17 0 10 11 11 17 28
split_gain=3.33459 2.49189 4.12436 3.54966 3.74184 1.67342 1.79978 2.54158 1.59495 1.2646 1.2104 2.16829 3.37481 1.66728 2.60271
threshold=0.043326585014255702 0.30103657273078421 0.47990809448640154 0.36300166120682664 0.54181806484973605 0.98859686662735891 0.068486343550336767 0.82990341459361161 1.4161421580115339 0.44620000000000004 0.25588397920045142 0.25106941674634614 0.25821075116954617 1.5451773538484181 0.15435000000000004
decision_type=8 10 10 10 10 8 10 10 10 2 8 10 10 10 8
left_child=-1 9 5 4 -4 6 -3 -8 -5 -2 11 -11 -13 -12 -15
right_child=1 2 3 8 -6 -7 7 -9 -10 10 13 12 -14 14 -16
leaf_value=-0.00084960929588067779 -0.00054919074627746145 -0.00021573171542524662 0.0036755424702000785 0.00017331398977651246 -0.00040033352587032391 -2.514332656116313e-05 -0.00087418363334758299 0.0021193270070711755 0.00038623908325039711 -0.00010212021090828525 -6.5695094680304125e-05 0.0044092980337024001 0.0014369001304707354 0.0022198191979711517 0.0062801718519473783
leaf_weight=1355.073698233813 780.47949374001473 72.480347365140915 18.877525586634878 37.74203893635422 6.0263224812224498 349.5372919254005 36.665778294205666 81.87408871948719 9.8900317996740323 84.365584474988282 986.99310065130703 15.057381736114619 92.534901085775346 87.487672894727439 7.0414021136239162
leaf_count=9744 6116 606 76 200 40 2042 312 510 46 664 4812 60 478 523 41
internal_value=-0.000474785 0.000109911 0.00171574 0.00813693 0.0169542 0.000832607 0.002993 0.00517221 0.0032598 -0.000364711 0.00018518 0.00228472 0.00499427 -0.000178667 0.0034384
internal_weight=4022.13 2667.05 613.093 72.5359 24.9038 540.558 191.02 118.54 47.6321 2053.96 1273.48 191.958 107.592 1081.52 94.5291
internal_count=26270 16526 3832 362 116 3470 1428 822 246 12694 6578 1202 538 5376 564
is_linear=0
shrinkage=0.0286577


Tree=39
num_leaves=16
num_cat=0
split_feature=9 34 26 33 9 35 23 25 5 7 5 5 35 23 12
split_gain=3.25696 2.45658 2.37897 3.55906 3.26465 4.84451 1.90562 1.43709 1.36171 2.13597 2.26663 2.25887 0.926867 0.909471 2.36579
threshold=0.21813222256136541 -0.012330511834220013 0.63932546433519832 0.013130421329291543 0.33500429302141349 3.5958041901354951 0.0080900947714844535 0.37792670931341871 0.18739459127400698 0.3783813460909039 0.18813345842380488 0.35914238558006112 5.3471551474976584 0.088541335800932583 0.039696107233213131
decision_type=8 8 8 10 10 2 8 10 10 10 10 10 2 8 10
left_child=-1 6 -3 -4 12 -6 7 -2 13 10 -10 -11 -5 -8 -15
right_child=1 2 3 4 5 -7 8 -9 9 11 -12 -13 -14 14 -16
leaf_value=-0.00085287885724045858 -0.00046797517519291511 -0.00029596193629952724 -0.00010658841183117465 -0.0014344810715573955 0.0027715983309623718 0.00020706408475687737 -0.00027851228046242295 0.00020902733970165347 0.0015517777142365959 0.0021763173212388069 0.00027517990972324293 -1.070531217508032e-05 0.0018920162654770662 0.0040206383034723861 0.00022797996819418325
leaf_weight=867.7374441223219 2.9449131386354548 961.53662847657688 403.28126908419654 78.135611025616527 59.771768199279904 64.989930830895901 581.37135113589466 5.3754643639549613 6.78469812311232 96.857501592487097 722.66358137037605 54.800668874755502 20.376459285616875 9.7265382409095746 85.772832173854113
leaf_count=8294 210 4210 2121 289 138 130 3918 14 46 586 5305 300 74 118 517
internal_value=-0.000456405 -2.54432e-05 -0.000822667 0.000539206 0.00345056 0.00653005 0.000776521 0.0143294 0.000695654 0.00143984 0.000779284 0.00454547 -0.000354783 -0.000258535 0.00230607
internal_weight=4022.13 3154.39 1588.09 626.555 223.274 124.762 1566.3 8.32038 1557.98 881.106 729.448 151.658 98.5121 676.871 95.4994
internal_count=26270 17976 6962 2752 631 268 11014 224 10790 6237 5351 886 363 4553 635
is_linear=0
shrinkage=0.0286577


Tree=40
num_leaves=16
num_cat=0
split_feature=22 35 26 10 17 35 30 30 22 39 17 38 17 17 0
split_gain=3.41262 2.16551 2.32212 5.30298 2.61998 3.23149 2.85928 1.25244 1.14787 1.08685 1.98645 1.41865 0.912788 2.68899 1.83202
threshold=0.043049049853598365 4.1143922275040721 0.65266677403768736 0.32964982931489056 1.4367325968712794 4.0503055894362321 19.975000000000005 20.435000000000002 0.043478853057763681 3.5000000000000004 0.85846178787477412 11.500000000000002 0.85149916477276555 0.81247665988232942 0.50605000000000011
decision_type=8 2 8 10 10 2 10 10 8 2 10 2 8 10 2
left_child=-1 2 9 8 5 -5 -6 12 -4 -2 -11 -12 13 -3 -15
right_child=1 7 3 4 6 -7 -8 -9 -10 10 11 -13 -14 14 -16
leaf_value=-0.00080224727790418021 -1.846838314735672e-05 -4.4952144776834089e-05 0.00014203297641605031 0.0015072187218179436 0.0067005830544522079 0.0018784923684444022 0.0025079078919834474 -0.00036780625470734146 -5.0018487732070092e-05 -5.5330851020201046e-05 0.0013697125429918834 0.0021218908083498237 -0.00020598914506333717 0.0011822977650175705 0.0032416767249091307
leaf_weight=1338.6051746997982 790.93447211547755 189.32882355852053 2.9235895425081244 141.65482304897159 27.171037547290325 7.2986359428614369 19.729561593383551 295.67140389233828 197.5477619159501 43.002193748950958 38.908440887928009 5.4037529528141013 867.4657822267618 38.615549272857606 17.86565709207207
leaf_count=9648 5380 1119 16 842 123 20 88 1266 1292 120 176 14 5822 232 112
internal_value=-0.000433314 0.000152885 0.00101168 0.00283362 0.00618772 0.00421301 0.012197 -0.00061698 -0.000396943 0.000177639 0.00321261 0.00748273 -0.000166811 0.00136148 0.00684181
internal_weight=4022.13 2683.52 1274.57 396.325 195.854 148.953 46.9006 1408.95 200.471 878.249 87.3144 44.3122 1113.28 245.81 56.4812
internal_count=26270 16622 8071 2381 1073 862 211 8551 1308 5690 310 190 7285 1463 344
is_linear=0
shrinkage=0.0286577


Tree=41
num_leaves=16
num_cat=0
split_feature=22 35 26 10 19 20 34 16 26 22 20 9 10 5 35
split_gain=3.25542 1.97739 2.14469 4.83343 3.17808 2.66819 1.31619 1.15048 1.72861 1.14787 1.04731 0.954775 1.50847 0.844493 1.27451
threshold=0.043049049853598365 4.1143922275040721 0.65266677403768736 0.32964982931489056 0.046897341421380016 0.17345763671062583 -0.013252614868770605 0.68088463364097784 0.46735901244321326 0.043478853057763681 0.16477548706025305 0.42834254739390093 0.52585332485769298 0.29388310446967791 4.5690765769962827
decision_type=8 2 8 10 8 10 8 8 10 8 10 10 10 10 2
left_child=-1 2 7 9 -5 -6 13 8 -2 -4 -10 12 -9 -3 -15
right_child=1 6 3 4 5 -7 -8 11 10 -11 -12 -13 -14 14 -16
leaf_value=-0.00077925674944320485 -0.00010552131004510035 -3.1893833902617871e-05 0.00013796264389311444 0.0056549801368816705 0.0023303993034863107 0.0050094932872502655 -0.00030946405996290797 1.6055885305366818e-05 0.0040300142734725616 -4.8585074995808659e-05 -0.0024438932765491663 -0.00028491110774551894 0.00061832535002876842 0.0011189022297889658 0.00027319706442359155
leaf_weight=1338.6051746997982 24.048155652359128 571.11920345248654 2.9235895425081244 14.705773562192915 161.73008439596742 19.418200174346566 725.17483665491454 580.12342924368568 16.06572895124555 197.5477619159501 3.8324721977114669 222.6414086734876 31.537664986681193 32.765685530379415 79.887490404769778
leaf_count=9648 214 3983 16 78 891 104 3612 4320 102 1292 15 877 162 380 576
internal_value=-0.000458664 0.000113722 0.000934664 0.00268531 0.00588777 0.0047592 -0.000621893 0.000132826 0.00464456 -0.000396943 0.0108561 -9.4109e-05 0.000478173 0.000267841 0.0025384
internal_weight=4022.13 2683.52 1274.57 396.325 195.854 181.148 1408.95 878.249 43.9464 200.471 19.8982 834.303 611.661 683.772 112.653
internal_count=26270 16622 8071 2381 1073 995 8551 5690 331 1308 117 5359 4482 4939 956
is_linear=0
shrinkage=0.0286577


Tree=42
num_leaves=16
num_cat=0
split_feature=19 15 18 26 18 10 10 5 38 20 33 26 10 27 5
split_gain=3.11833 1.69025 1.32202 1.07342 1.25234 1.06412 1.99885 1.36893 0.985791 0.934974 0.905922 2.25278 1.43909 2.3422 0.918923
threshold=0.054428182880217453 1.4145343138249833 -0.14514963937050526 0.32790579945087656 0.10389740633013912 0.19476633225136816 0.1973565844184004 0.2339774354572218 7.5000000000000009 0.016936389996287441 0.016815619958295506 0.32961264300872678 0.32464280013726143 0.15639099618831775 0.16564601786672192
decision_type=8 10 10 8 10 10 10 10 2 8 8 8 10 10 10
left_child=3 -2 -3 4 -1 -4 7 -7 -6 -8 -5 -12 14 -14 -13
right_child=1 2 5 10 8 6 9 -9 -10 -11 11 12 13 -15 -16
leaf_value=-0.00092815353676470021 -4.8414531567939372e-05 0.00060060559335335011 -0.00060207017946044901 -0.00080449292911731723 -0.00061652179213461265 -0.00038251642161392743 0.00018752405691093823 0.0031167127426987842 2.3455393341639816e-05 0.00051887211765776523 0.00024835930780976235 -0.00056730316053479467 0.00018613649116420164 0.00055425692905890873 -1.8542679623859461e-05
leaf_weight=733.95685003558174 899.9689074580092 5.8311442825943223 165.75440123025328 429.64347940962762 2.6094475109130135 2.7246924256905896 4.4798084106296292 6.6100753955543041 3.1666553393006325 892.57370303478092 7.9589277207851401 320.71120092226192 7.5397729347459963 131.92755353776738 406.67004038998857
leaf_count=4420 5787 18 1609 2661 34 22 20 48 20 5288 32 2235 72 960 3044
internal_value=-0.000527768 0.000279278 0.00104812 -0.00131347 -0.00219336 0.000962505 0.00135357 0.0144818 0.010554 0.0012022 -0.000806579 -0.000263862 -0.000416248 0.00222707 -0.000937298
internal_weight=4022.13 1977.94 1077.97 2044.18 739.733 1072.14 906.388 9.33477 5.7761 897.054 1304.45 874.807 866.849 139.467 727.381
internal_count=26270 12792 7005 13478 4474 6987 5378 70 54 5308 9004 6343 6311 1032 5279
is_linear=0
shrinkage=0.0286577


Tree=43
num_leaves=16
num_cat=0
split_feature=22 0 34 26 5 22 18 18 26 18 18 5 10 34 12
split_gain=2.9465 1.95547 1.74538 1.21959 1.77315 2.01192 1.32971 1.7025 1.1468 1.22858 1.60537 1.03685 2.77161 1.78148 0.920493
threshold=0.043326585014255702 0.44620000000000004 0.017934989979495611 0.17142827366651969 0.14092110782241887 0.071598579250987657 0.034741159070706303 0.069023962074503356 0.77376867429012164 0.037064353712662708 0.10389740633013912 0.317442821353278 0.39945232558198684 0.010283433085154005 0.38530954027673442
decision_type=8 2 8 10 10 8 10 10 10 10 10 8 10 8 10
left_child=-1 -2 8 4 -4 -6 -5 -8 9 14 -11 13 -13 -10 -3
right_child=1 2 3 6 5 -7 7 -9 11 10 -12 12 -14 -15 -16
leaf_value=-0.00075496637993003495 -0.0003665887696573874 0.00055489663926109787 -0.0023311940569537685 -7.4385391973293952e-05 0.0022890875032462407 0.00011609653181053901 0.0010271482159846938 -0.0016573639761499959 0.0013538679968516309 -0.00054460833205414766 0.0018218597115257501 0.00057790768677424349 0.0025673240062675812 0.0023543836771169717 0.002689545560908997
leaf_weight=1355.073698233813 914.97441203007475 774.9844544287771 23.414806993445382 393.46788334287703 10.465576123446228 20.942378355190158 56.651151737198234 40.517250774428248 103.96528054401278 228.72933946503326 46.392061014659703 26.705987708643079 16.668689355254173 3.4974853992462149 5.6762045323848715
leaf_count=9744 7119 4097 150 1846 56 144 192 128 956 1209 237 258 88 8 38
internal_value=-0.000526543 2.2691e-05 0.000587082 -0.00074678 0.0032497 0.00775496 -0.00121493 0.00173026 0.00119834 0.000851522 -0.000771352 0.00355499 0.00736847 0.00191092 0.00143626
internal_weight=4022.13 2667.05 1752.08 545.459 54.8228 31.408 490.636 97.1684 1206.62 1055.78 275.121 150.837 43.3747 107.463 780.661
internal_count=26270 16526 9407 2516 350 200 2166 320 6891 5581 1446 1310 346 964 4135
is_linear=0
shrinkage=0.0286577


Tree=44
num_leaves=16
num_cat=0
split_feature=19 35 35 18 33 33 7 35 5 34 5 28 24 16 27
split_gain=3.08016 1.29648 1.43469 1.45188 2.32785 1.42552 0.984058 0.969909 1.7351 0.874391 1.11813 1.0379 2.14146 0.991106 0.862599
threshold=0.054428182880217453 4.1767689729838642 4.1682143988072289 -0.14514963937050526 0.030710794144148682 0.11174688074719731 0.29982455449731887 6.5766428368714207 0.13614542583261963 -0.027025572171379238 -0.11683905196564205 0.015399999999999985 11.500000000000002 1.1578194780992763 0.025099758961462434
decision_type=8 2 2 8 8 10 8 2 10 8 8 8 2 8 10
left_child=6 2 3 4 -2 -3 -1 9 -9 11 13 -8 -13 -11 -5
right_child=1 5 -4 14 -6 -7 7 8 -10 10 -12 12 -14 -15 -16
leaf_value=-0.00076137466756404689 0.00066640584489448501 -0.0001691927852150025 0.0011802245937456021 -0.00052900740860755693 -0.0018231830506974238 0.00077418178441890861 4.2164560145230118e-05 5.1935550658035327e-05 -0.00099815046543232631 0.0057223110883156446 -0.00018403889426566464 0.00017169215196979516 0.0025817924362160397 0.00017372355328709962 0.0003800494522014586
leaf_weight=1390.538508198224 5.9339862912893295 852.18317448720336 5.4190532555803648 68.161260606953874 5.3612616509199142 98.621312471106648 63.111593442037702 4.1249468326568586 5.0476802764460444 6.9920683503150967 530.12881486071274 21.074156526476148 5.3921709321439257 17.773988381959498 942.26268347445875
leaf_count=10321 14 5071 58 486 40 1002 551 8 38 14 2118 324 16 88 6121
internal_value=-0.000518183 0.000283903 0.000992848 0.000902661 0.0110832 -0.000471545 -0.00129909 -0.000362432 0.00871833 -0.000510173 -0.00094681 0.00207926 0.00681717 0.00489786 0.000776516
internal_weight=4022.13 1977.94 1027.14 1021.72 11.2952 950.804 2044.18 653.645 9.17263 644.473 554.895 89.5779 26.4663 24.7661 1010.42
internal_count=26270 12792 6719 6661 54 6073 13478 3157 46 3111 2220 891 340 102 6607
is_linear=0
shrinkage=0.0286577


Tree=45
num_leaves=16
num_cat=0
split_feature=22 26 5 18 26 18 20 32 18 18 23 22 23 31 23
split_gain=3.17481 2.21715 2.41792 2.31988 1.77614 2.52727 2.11392 1.6043 2.10514 1.29307 1.23678 1.80676 1.2318 0.830105 0.663991
threshold=0.032826042474362341 0.43735420466710478 0.30103657273078421 -0.11904508407182761 0.46477957081496768 -0.015441039967317714 0.085193259900784427 0.88060686015831136 0.13920150315958293 0.0282596474389516 0.089600952159170036 0.099870641549794734 0.02845594114074235 1.6450000000000007 0.0080900947714844535
decision_type=8 8 10 8 8 8 10 10 10 10 8 8 10 10 10
left_child=14 13 4 -4 5 6 -3 8 -5 -7 12 -12 -6 -2 -1
right_child=1 2 3 7 10 9 -8 -9 -10 -11 11 -13 -14 -15 -16
leaf_value=0.00028469669539226181 -0.00014614853010636351 0.0013930521660883318 0.00067072661863993156 0.00073154541962177418 0.00028817796700462425 -0.00028411839166065126 -0.00062948755179085441 -0.00013227788359138518 0.0035837347377092195 0.0017587581508331383 0.0020216879100873374 0.0005155387555388284 -0.00016434411616867201 -0.00060732140111388068 -0.0010520075260395216
leaf_weight=34.383312352001667 737.27166862110607 23.792803579010073 8.285694736056028 340.67619266314432 59.010318593122065 44.240239439532161 7.800689233466982 107.31981994397938 4.4200079850852481 27.378242023754865 52.573440942913294 265.18451997824013 1048.3029935969971 516.29843446239829 745.18828188767657
leaf_count=1090 5688 118 40 2190 494 244 46 620 12 176 338 1683 6523 1950 5058
internal_value=-0.000536802 -0.000138683 0.000452693 0.00227284 -8.9738e-05 0.00352738 0.0102623 0.00196799 0.00292684 0.000394529 -0.000359221 0.0012036 -0.000816839 -0.00108484 -0.00217945
internal_weight=4022.13 3242.56 1988.98 460.702 1528.28 103.212 31.5935 452.416 345.096 71.6185 1425.07 317.758 1107.31 1253.57 779.572
internal_count=26270 20122 12484 2862 9622 584 164 2822 2202 420 9038 2021 7017 7638 6148
is_linear=0
shrinkage=0.0286577


Tree=46
num_leaves=16
num_cat=0
split_feature=19 0 31 38 5 19 5 19 31 27 10 17 17 19 19
split_gain=2.69209 1.72248 1.49554 0.997191 1.36018 0.975332 1.93736 1.67709 3.24919 1.60508 1.2268 1.21475 0.935988 1.37039 0.70593
threshold=0.041666666666666692 0.44620000000000004 4.5050000000000017 1.5000000000000002 0.12103250317491339 0.066121127957478931 0.22849062270886433 0.060839483983698601 1.8400000000000001 0.10984463119906412 0.25412812033388549 1.7935993896936604 1.5721993328329984 0.11299128379144097 0.043530872903151156
decision_type=8 2 8 2 10 8 8 10 10 10 10 10 10 10 8
left_child=-1 -2 5 4 -4 7 10 11 -9 -8 -7 -3 14 -14 -5
right_child=1 2 3 12 -6 6 9 8 -10 -11 -12 -13 13 -15 -16
leaf_value=-0.0006868210062545932 -0.00033777069746443965 0.00015488397478699881 -0.0024257891532275611 0.0010076963945746008 0.00079770435411434233 0.0011019696181848566 -0.00032542106210897091 0.00015360818382233369 0.0019385952951131999 0.0011652060815187438 -0.00036934576668286908 0.0055630327693014315 -0.0002367491513603963 0.0036989356691905805 -0.00011151575758566281
leaf_weight=1452.5925006559119 855.4218472968787 237.579997763969 7.7780866064131251 7.7110214084386817 8.138239271938799 50.205277268774807 116.71721210936084 53.208024766296148 31.445048452354968 379.29231090145186 404.27229184098542 7.9472138760611406 5.46672455081716 3.4537084707990289 400.89715479803272
leaf_count=9675 7211 1513 38 40 66 334 644 299 174 2142 1864 74 86 28 2082
internal_value=-0.000589885 -2.84593e-05 0.000491703 -0.000951328 0.00593313 0.000987955 0.000508132 0.00233778 0.00583822 0.00175271 -0.000828488 0.00108606 -0.00124071 0.007655 -0.00146345
internal_weight=4022.13 2569.53 1714.11 433.445 15.9163 1280.67 950.487 330.18 84.6531 496.01 454.478 245.527 417.529 8.92043 408.608
internal_count=26270 16595 9384 2340 104 7044 4984 2060 473 2786 2198 1587 2236 114 2122
is_linear=0
shrinkage=0.0286577


Tree=47
num_leaves=16
num_cat=0
split_feature=8 34 5 23 26 26 31 23 7 19 27 5 5 27 28
split_gain=2.81932 2.34948 1.68752 1.65641 1.61197 1.48528 2.28975 2.61203 2.21033 1.44092 1.41858 1.16682 4.90261 1.11486 0.930442
threshold=0.23666124195586802 -0.012330511834220013 0.17156251249867918 0.0080900947714844535 0.35942930734856016 0.63932546433519832 2.3999999999999999 0.023378194543185741 0.48189598359838254 0.028060163187381613 0.086228571903087317 0.35447291061872305 0.36300166120682664 0.03359776746519505 -0.0020499999999999958
decision_type=8 8 10 8 10 8 8 10 10 10 10 10 10 8 10
left_child=-1 2 14 9 13 11 7 -7 -9 -4 -6 -3 -13 -5 -2
right_child=1 5 3 4 10 6 -8 8 -10 -11 -12 12 -14 -15 -16
leaf_value=-0.00068818436343912276 0.00016192533788835401 -0.00037541629699728885 -0.00033909147803141374 0.00065630293415030734 -0.00047832889302338742 0.00021543023948369759 -2.9241364599479893e-05 0.00019741593253270876 0.0048134408241330704 0.00029622063653654698 0.0014286829110830941 0.00046431708366600371 -6.6676566194602701e-05 -0.00048404128909007555 -0.00070184169045695098
leaf_weight=1183.1062210043892 204.4411348477006 754.5138805618044 2.7301264749839884 11.192767026834188 57.558658888563514 5.8092387672513714 488.87560842232779 76.937704551033676 32.021725907921791 5.4488756898790598 501.86732378974557 8.3227145671844465 145.56646119663492 251.37599723599851 292.35822110623121
leaf_count=10738 1330 3616 48 88 415 24 2308 294 62 24 3344 28 648 1478 1825
internal_value=-0.000551511 -5.80471e-05 0.000818123 0.00161135 0.00146797 -0.000833565 0.000254086 0.00390403 0.00277639 0.0144044 0.00233953 -0.00156716 0.000657844 -0.000351506 -0.000487499
internal_weight=4022.13 2839.02 1326.97 830.174 821.995 1512.05 603.644 114.769 108.959 8.179 559.426 908.403 153.889 262.569 496.799
internal_count=26270 15532 8552 5397 5325 6980 2688 380 356 72 3759 4292 676 1566 3155
is_linear=0
shrinkage=0.0286577


Tree=48
num_leaves=16
num_cat=0
split_feature=8 31 23 20 20 23 10 17 8 17 17 31 32 18 17
split_gain=2.57008 1.84968 1.74634 1.60475 1.54231 2.55689 2.53319 2.57889 2.10386 1.25797 3.29496 1.93235 2.10943 0.933278 1.3656
threshold=0.23666124195586802 1.6800000000000026 0.0080900947714844535 0.027569337144638221 0.092692370068427107 0.13933716035651261 0.22409249130331557 1.026625578008282 0.24036752417768567 1.4367325968712794 1.4644184452395967 3.1250000000000013 0.88984168865435365 0.17524079693891007 1.1048531387670344
decision_type=8 8 8 10 8 8 10 10 10 10 10 8 10 10 10
left_child=-1 2 3 -2 5 -4 7 -6 -8 13 -11 -12 -13 -3 -15
right_child=1 9 4 -5 6 -7 8 -9 -10 10 11 12 -14 14 -16
leaf_value=-0.00066846261101962117 -0.00032937391027983241 -0.0001358512016960715 -2.4324412969705669e-05 0.00028773164671683314 0.0045822892610080483 0.002036910016819242 0.0026807261376080253 -0.0025189034206814613 0.00054537254267295618 0.006301338150082045 -0.00040862257215305153 0.0019221801288876142 -0.00074597926516835257 0.0032875357469519858 -0.0019301850008571948
leaf_weight=1183.1062210043892 3.3599859680980426 1510.5927632611711 829.13264365168288 5.333256721496582 15.497589718550445 4.0490224957466117 4.0280084013938895 7.3347360659390679 293.81428323406726 6.0579142030328503 74.954642322845757 43.116565935313702 29.471703294664621 5.9680507779121381 6.3092729821801186
leaf_count=10738 114 8060 4817 8 70 10 20 46 1615 28 260 320 120 30 14
internal_value=-0.000602575 -0.00013109 0.000742963 0.0134289 0.00063611 -2.15034e-06 0.00232428 0.0115453 0.00157567 -0.000743158 0.00170314 0.000766108 0.00414294 -0.000996653 0.00669247
internal_weight=4022.13 2839.02 1162.55 8.69324 1153.86 833.182 320.675 22.8323 297.842 1676.47 153.601 147.543 72.5883 1522.87 12.2773
internal_count=26270 15532 6700 122 6578 4827 1751 116 1635 8832 728 700 440 8104 44
is_linear=0
shrinkage=0.0286577


Tree=49
num_leaves=16
num_cat=0
split_feature=8 30 13 23 8 19 17 5 17 23 27 19 19 9 27
split_gain=2.81268 1.59301 1.36669 2.12346 1.35908 2.3808 1.18125 2.37068 1.88461 1.12916 1.04413 1.20229 1.1299 0.898099 0.878803
threshold=0.23666124195586802 20.500000000000004 1.494335819826625 0.0080900947714844535 0.23851510372243842 0.082113047119746346 1.4878300954611379 0.13614542583261963 1.5013168331599307 0.16615995781093093 0.8158910134487396 0.040299236963283934 0.031881566514592251 0.46046228188899957 0.058397169254237415
decision_type=8 8 10 8 10 10 10 8 10 10 10 8 10 8 8
left_child=-1 2 3 -2 5 -4 13 -8 -9 14 11 -6 -12 -3 -5
right_child=1 6 4 9 10 -7 7 8 -10 -11 12 -13 -14 -15 -16
leaf_value=-0.00064930603784446096 0.00027948593146772917 -0.0004922090107535329 -0.00037574801126025669 0.00079128001625873318 -0.00031993482526557866 0.0026039028036307934 0.0022073823913697308 0.0023412872539887069 -0.00055410570924197022 0.0046793920584902093 0.0018530004446779963 0.00061961727831350098 0.0015731391160769353 -1.1266126100297183e-05 -0.00010589072792380542
leaf_weight=1183.1062210043892 4.9600826199166468 516.03510477207601 5.9250614531338197 34.083149556070566 163.6878834022209 6.2276288587599993 10.385185064747928 4.3524775505065909 38.114192656241357 5.2409015144221476 5.1303858519531813 755.54653057036921 12.248746713157741 466.01518108299933 811.06792736751959
leaf_count=10738 98 2358 82 163 1110 32 44 14 218 44 40 4373 136 3306 3514
internal_value=-0.000550965 -5.80781e-05 0.000452312 -0.000369483 0.00120359 0.0107267 -0.000957348 0.00315641 0 -0.000492276 0.00106681 0.000921902 0.00805413 -0.00118956 -0.000587375
internal_weight=4022.13 2839.02 1804.12 855.352 948.766 12.1527 1034.9 52.8519 42.4667 850.392 936.614 919.234 17.3791 982.05 845.151
internal_count=26270 15532 9592 3819 5773 114 5940 276 232 3721 5659 5483 176 5664 3677
is_linear=0
shrinkage=0.0286577


Tree=50
num_leaves=16
num_cat=0
split_feature=22 1 8 7 20 16 16 30 34 22 8 24 5 16 7
split_gain=3.02148 1.47799 1.5458 2.31986 2.42207 3.49868 1.36672 1.06269 0.99196 0.783072 1.31647 1.39306 0.82686 0.976066 0.813487
threshold=0.032826042474362341 0.11188988095238096 0.49076944459072885 0.46605927203741376 0.066846812414938658 1.1993729859379825 1.1879603035967448 22.730000000000004 -0.013719353809777067 0.033642155148639503 0.22155663517586371 11.500000000000002 0.29886710758853224 0.83729886097246109 0.44715091674646651
decision_type=8 2 10 10 10 10 10 10 10 8 8 2 10 8 10
left_child=-1 8 3 6 -5 -6 7 -3 9 10 -2 -12 14 -14 -11
right_child=1 2 -4 4 5 -7 -8 -9 -10 12 11 -13 13 -15 -16
leaf_value=-0.00083581334773825478 -0.0017138493917982578 0.00045423242646424862 -0.0001513845909673922 -0.0001637643626439581 -0.0011541746637319932 0.0031963572507733742 -8.8830649291691215e-05 -0.0016481324112043484 -0.00063069844719990998 -0.0002241045438513812 0.0020099017472355639 0.00038392621151039024 -0.00036497995310043145 0.0006610240840200088 0.00010339221781028262
leaf_weight=779.57159423967823 8.474319086410107 930.1690932107158 354.26768442522734 27.582340679131448 18.259789325296879 32.075862676370889 104.78092697169632 73.756232440471649 666.39106302149594 761.43113652733155 4.4020156292244774 5.1363430023193359 64.577137128449976 178.22259762091562 13.028524053748695
leaf_count=6148 42 5164 1372 159 72 104 714 180 2352 7732 60 8 464 1609 90
internal_value=-0.000531599 -0.000143119 0.000495968 0.00099641 0.00578508 0.00952808 0.000649766 0.000982039 -0.000727665 -0.000161702 0.00569856 0.0130112 -0.000276516 0.00116616 -0.000741868
internal_weight=4022.13 3242.56 1540.89 1186.62 77.918 50.3357 1108.71 1003.93 1701.66 1035.27 18.0127 9.53836 1017.26 242.8 774.46
internal_count=26270 20122 7765 6393 335 176 6058 5344 12357 10005 110 68 9895 2073 7822
is_linear=0
shrinkage=0.0286577


Tree=51
num_leaves=16
num_cat=0
split_feature=8 26 30 5 6 17 8 26 17 35 26 26 19 17 19
split_gain=2.40328 1.66982 1.85636 1.90994 3.42913 2.61445 2.20055 1.69156 1.32655 2.60629 2.04491 0.869209 2.23097 0.842431 1.54854
threshold=0.23666124195586802 0.44618991484039977 20.500000000000004 0.30103657273078421 4.3463796367384893 0.80905804804381865 0.23851510372243842 0.44972874263970891 1.4878300954611379 3.3715968971499151 0.69270683902566044 0.45441787513059501 0.036337888065020453 1.3132113741768947 0.14360094856525418
decision_type=8 8 8 10 8 10 10 8 10 2 8 8 8 10 10
left_child=-1 13 3 6 -5 -6 -3 -8 11 10 -10 12 -4 -2 -15
right_child=1 2 8 4 5 -7 7 -9 9 -11 -12 -13 -14 14 -16
leaf_value=-0.00061262410653212577 -0.00053385549094552996 0.0025162638087953266 0.0026472375798663851 -0.00012179955002203473 -4.3430956553660885e-06 0.0020303600277850756 0.001359971327080579 0.00010010155516714133 -0.00067687634569152974 -0.00015521338757380754 0.0022611742058714561 -0.00010636262468438158 -0.0025198448430176685 3.2632790315070876e-05 0.0010992823754891394
leaf_weight=1183.1062210043892 911.84032913693227 5.9953573644161215 5.481543064117429 73.931423128582537 33.809432703070343 104.87599753867835 6.7753960741683832 774.02636096719652 5.3507331777364042 27.60415384080261 13.248761227354406 697.69689887389541 9.5991782587952912 161.23495397903025 7.5499196993187061
leaf_count=10738 5250 52 16 404 180 658 32 4286 30 138 72 3588 54 724 48
internal_value=-0.000571631 -0.000115603 0.000425257 0.00123996 0.00365726 0.00632306 0.000573214 0.000424716 -0.000634475 0.00401865 0.0122953 -0.000951258 0.00569988 -0.00100481 0.000817692
internal_weight=4022.13 2839.02 1758.4 999.414 212.617 138.685 786.797 780.802 758.981 46.2036 18.5995 712.778 15.0807 1080.63 168.785
internal_count=26270 15532 9510 5612 1242 838 4370 4318 3898 240 102 3658 70 6022 772
is_linear=0
shrinkage=0.0286577


Tree=52
num_leaves=16
num_cat=0
split_feature=8 34 23 19 17 17 34 4 5 10 10 5 5 23 32
split_gain=2.20398 2.32752 1.6435 1.73048 1.51008 2.40962 1.35 1.32086 2.74615 1.91439 1.28371 1.21011 3.15458 1.85047 1.25893
threshold=0.23666124195586802 -0.012330511834220013 0.0080900947714844535 0.028060163187381613 1.4367325968712794 1.4644184452395967 0.0047964117823152694 1.0000000180025095e-35 0.30394944294367643 0.59195378719951941 0.29358954044131863 0.34494374212011319 0.36300166120682664 0.046615374661582727 0.48614775725593673
decision_type=8 8 8 10 10 10 8 8 10 10 10 10 10 8 8
left_child=-1 2 3 -2 11 -6 -7 8 -4 -10 -8 -3 13 -13 -14
right_child=1 4 7 -5 5 6 10 -9 9 -11 -12 12 14 -15 -16
leaf_value=-0.00059506773414542058 -0.00028332329899999678 -0.00021272272601171804 0.00010807399759685104 0.00032790601613947272 0.0060085309829879408 -0.00046773678716024406 -1.0290679178770727e-05 -0.0002547096993204068 0.0015945419374796248 0.0017286951890024211 0.0019956674911592691 0.0020636594479912242 0.0014484498069024683 0.0029588621894611499 -0.00014109204070565044
leaf_weight=1183.1062210043892 3.8853846648707968 1117.5757326513994 929.33710198383778 5.4766520876437426 7.4096816927194586 49.426665020175278 24.785066706128418 215.51749836467206 157.56290190666914 15.193566052243112 53.010432263836265 14.775297794491054 5.3267575567588201 15.648385436274109 224.08931485237554
leaf_count=10738 144 5413 5709 28 30 121 100 1383 1204 84 270 42 48 58 898
internal_value=-0.000575278 -0.00013834 0.000733347 0.0126095 -0.000909911 0.0019567 0.000933471 0.000639229 0.00104566 0.00436721 0.00334019 -0.00119761 0.000535056 0.00918965 -0.000577343
internal_weight=4022.13 2839.02 1326.97 9.36204 1512.05 134.632 127.222 1317.61 1102.09 172.756 77.7955 1377.42 259.84 30.4237 229.416
internal_count=26270 15532 8552 172 6980 521 491 8380 6997 1288 370 6459 1046 100 946
is_linear=0
shrinkage=0.0286577


Tree=53
num_leaves=16
num_cat=0
split_feature=22 34 17 17 11 15 20 34 18 23 10 18 18 11 12
split_gain=2.25826 1.34423 1.63954 2.31841 1.49195 1.86612 1.58343 1.48235 1.54942 1.07789 2.93607 1.05703 1.02341 0.957307 0.840691
threshold=0.032826042474362341 -0.012330511834220013 1.4367325968712794 1.4644184452395967 0.29271170921014278 1.4145343138249833 0.17967099556854291 0.0066401901823851537 0.0022439504017486294 0.021059555598279548 0.26613692879851497 0.17524079693891007 -0.14514963937050526 0.29456272383779819 0.38530954027673442
decision_type=8 10 10 10 10 10 10 10 10 8 8 10 10 10 8
left_child=-1 4 11 -4 6 14 9 -5 -9 10 -2 -3 -7 -14 -6
right_child=1 2 3 7 5 12 -8 8 -10 -11 -12 -13 13 -15 -16
leaf_value=-0.00080922394234422975 -0.00083327711181235191 -0.00024013954242408937 0.0058363405544533424 -0.0004543325460819249 -1.9236962276927754e-05 0.00022212601987783612 0.0028825142904985025 0.0019384763338717024 -9.9957724099248018e-06 -0.00012097138772307067 0.00030720636579779171 0.0029617777103843842 0.0044142317386502922 0.00081496027549252418 0.00094783263319818541
leaf_weight=779.57159423967823 14.328991860151293 1076.6399919446558 7.2986802607774726 52.247256667353213 497.93808235926554 5.8129786290228358 5.6732742367312303 47.297693371772766 30.699327221140265 1079.6633152214345 6.7365850154310456 12.065222598612307 16.066207189112902 382.63823046907783 7.4492287542670956
leaf_count=6148 106 3589 24 141 3116 16 98 190 127 9848 34 40 101 2640 52
internal_value=-0.000568453 -0.000231955 -0.000981565 0.00193465 0.000219055 0.00108191 -0.000481637 0.000958081 0.00351202 -0.000569603 0.00576523 -0.00135946 0.0025326 0.00232392 -6.01746e-05
internal_weight=4022.13 3242.56 1226.25 137.543 2016.31 909.905 1106.4 130.244 77.997 1100.73 21.0656 1088.71 404.517 398.704 505.387
internal_count=26270 20122 4111 482 16011 5925 10086 458 317 9988 140 3629 2757 2741 3168
is_linear=0
shrinkage=0.0286577


Tree=54
num_leaves=16
num_cat=0
split_feature=22 35 18 35 22 22 22 16 5 16 35 22 21 18 17
split_gain=2.29593 1.20079 1.86527 1.16135 2.14635 2.12746 0.974346 1.04515 1.86306 1.77878 2.27104 1.74103 1.86665 1.25419 0.887963
threshold=0.063874553993696556 4.1143922275040721 -0.14514963937050526 3.9024775874882436 0.078929031655714757 0.12674680860407408 0.032826042474362341 0.95471034901650043 0.20007634135979865 0.94539224012263101 4.9189585028549319 0.034685024690616288 0.020605887403427676 -0.011393610090685622 1.2587460734372917
decision_type=8 2 8 2 10 10 10 10 10 10 2 10 8 10 10
left_child=6 2 -2 14 -5 -6 -1 8 11 13 -11 12 -8 -10 -4
right_child=1 -3 3 4 5 -7 7 -9 9 10 -12 -13 -14 -15 -16
leaf_value=-0.00078603347901679943 0.00032159154600230086 -6.669489970957447e-05 -1.3474009323435136e-05 -0.0013509896296372058 0.0040112256868488237 4.5004843033048538e-06 0.00060542515964633428 -0.00024603373408785875 0.00030206984284625972 0.002229844941587635 -3.244795555621286e-05 -0.00040234674995542262 -0.00094459135485405364 -0.00027335557739533979 0.0010512161398083316
leaf_weight=779.57159423967823 9.5828876048326492 720.6756115227472 571.33637239667587 40.108441315824166 31.825717587023973 18.645666412077844 7.1278098504990366 873.15077849244699 119.60240663122386 11.545081384480001 8.6134578809142095 439.75902332179248 9.0118147516623122 183.97872975561768 197.59126689098775
leaf_count=6148 42 4781 3803 360 240 84 34 4795 734 58 32 2621 94 1363 1081
internal_value=-0.000540736 0.000301254 0.0010224 0.000867937 0.00394881 0.00788762 -0.00109512 -0.000691629 5.88479e-05 0.00173266 0.00999221 -0.0011082 0.00797672 0.00114431 0.000490997
internal_weight=4022.13 1589.77 869.09 859.507 90.5798 50.4714 2432.36 1652.79 779.638 323.74 20.1585 455.899 16.1396 303.581 768.928
internal_count=26270 10391 5610 5568 684 324 15879 9731 4936 2187 90 2749 128 2097 4884
is_linear=0
shrinkage=0.0286577


Tree=55
num_leaves=16
num_cat=0
split_feature=26 8 8 21 16 13 0 26 33 21 31 20 20 33 30
split_gain=2.40773 1.40324 1.82992 1.99116 1.71797 1.34755 1.37899 1.15133 0.985222 1.32322 0.902829 0.881472 1.44762 2.64509 2.14193
threshold=0.43735420466710478 0.23666124195586802 0.23851510372243842 0.056645930440529201 0.95471034901650043 1.9402615004890218 0.5112000000000001 0.49597511072931927 0.0076844477678003073 0.021990474448355991 1.6450000000000007 0.026072699476450138 0.027852685697088517 0.089339636889244192 16.345000000000002
decision_type=8 8 8 10 8 10 2 10 8 8 8 8 10 8 8
left_child=10 -2 3 -3 5 7 -7 -4 -6 -10 11 -1 13 14 -13
right_child=1 2 4 -5 8 6 -8 -9 9 -11 -12 12 -14 -15 -16
leaf_value=-0.0012036127770877147 -0.00050991947433256482 -0.00042772118032298662 0.0014558090074125896 0.0024464345087158832 -0.00078208074362249203 0.00028789846230194258 0.0017952597171263939 -7.110676544413896e-05 0.00016948174829652471 -1.3087875766655288e-05 -0.00057540405822634861 0.0007189871614868285 -0.00021654339941355573 -1.3242218277836472e-05 0.0022382085509125888
leaf_weight=244.1939256018959 463.72565935784951 4.5187008641660196 74.610738373361528 6.5515720937401056 204.85568312462419 6.5745315551757804 165.00244238041341 303.64998203702271 154.01734708901495 867.19359066942707 845.48435259587131 8.9499364476650918 651.70465145399794 14.770685885101559 6.3228605091571817
leaf_count=1596 5362 60 467 44 1628 16 1032 1846 678 3907 5610 38 3862 96 28
internal_value=-0.000486242 0.000131806 0.000500341 0.0120288 0.000421329 0.00175359 0.00387304 0.000764144 -0.000168229 0.000186855 -0.00127704 -0.000642473 -9.77038e-05 0.00600847 0.0143707
internal_weight=4022.13 2250.7 1786.97 11.0703 1775.9 549.838 171.577 378.261 1226.07 1021.21 1771.43 925.942 681.748 30.0435 15.2728
internal_count=26270 15040 9678 104 9574 3361 1048 2313 6213 4585 11230 5620 4024 162 66
is_linear=0
shrinkage=0.0286577


Tree=56
num_leaves=16
num_cat=0
split_feature=1 23 33 9 7 22 32 18 7 22 23 14 18 9 32
split_gain=2.01803 1.00466 1.31321 1.14735 2.08865 2.34668 1.00423 0.98213 0.934359 0.928624 0.807139 1.66345 0.893133 0.695629 0.480522
threshold=0.075508620689655179 0.085215115258855847 0.14982034185498108 0.42834254739390093 0.36195707488595391 0.10032622235656806 0.85092348284960428 0.13920150315958293 0.24756877444203321 0.071598579250987657 0.037151595777247033 2.3133766314661273 0.0282596474389516 0.46046228188899957 0.43403693931398418
decision_type=2 8 10 10 10 8 10 10 10 8 10 10 10 10 8
left_child=14 6 3 4 9 -6 7 10 -4 -3 12 -12 -2 -8 -1
right_child=1 2 8 -5 5 -7 13 -9 -10 -11 11 -13 -14 -15 -16
leaf_value=-1.5154364396938899e-05 -0.00051656733173863071 0.000162871748943556 -0.0031378751227319722 -0.00012707111405015398 0.0019238131099248311 0.00064936335299001441 -0.00051147063312584763 0.002873954466038092 0.0021968533923760287 2.0861243917272304e-05 -1.1546275426714324e-05 0.001389125195592965 3.4411683829542105e-05 0.00059011284561615105 -0.00071076740857001046
leaf_weight=166.03001497872174 518.14030720992014 4.3247071318328372 3.2322924509644491 231.55219789873809 16.136946603655815 87.519519182853401 444.06825481913984 9.9841401390731317 7.3874590918421745 290.45595372421667 1031.2526730517857 138.52796217054129 133.75349872652441 67.984633069485426 871.77609978918917
leaf_count=2793 3476 42 22 923 128 432 2102 43 48 3088 5426 1066 837 406 5438
internal_value=-0.000519656 -0.000137422 0.000863091 0.000675723 0.00161674 0.00511833 -0.000415198 -9.56779e-05 0.0108114 0.000348684 -0.000150718 0.000293093 -0.000962197 -0.00153816 -0.00160895
internal_weight=4022.13 2984.32 640.609 629.989 398.437 103.656 2343.71 1831.66 10.6198 294.781 1821.67 1169.78 651.894 512.053 1037.81
internal_count=26270 18039 4683 4613 3690 560 13356 10848 70 3130 10805 6492 4313 2508 8231
is_linear=0
shrinkage=0.0286577


Tree=57
num_leaves=16
num_cat=0
split_feature=8 17 20 24 17 12 32 10 10 20 35 5 35 35 24
split_gain=2.05916 1.56625 2.12366 3.28791 2.2858 4.66255 1.45246 1.39171 4.58341 3.58023 1.51093 3.1553 1.20383 1.60804 1.20039
threshold=0.23666124195586802 1.2587460734372917 0.016936389996287441 11.500000000000002 1.2722960960532004 0.086010777739972663 0.73416886543535631 0.22224057632515484 0.21856443695986175 0.096698561544664843 6.4857408825076863 0.06887477539146078 3.3546297306012347 2.8145100673021726 10.500000000000002
decision_type=8 10 8 2 10 10 8 10 10 8 2 8 2 2 2
left_child=-1 6 3 -3 5 -4 7 8 9 -2 -9 -12 13 -6 -14
right_child=1 2 4 -5 12 -7 -8 10 -10 -11 11 -13 14 -15 -16
leaf_value=-0.00053370938706454984 -0.00051190460571359634 -0.00021954091430198157 0.00032112737470802984 0.00018587926059841832 -9.7868754423970305e-06 0.0017238634107796277 -0.00011244119997443963 -1.8934997850522824e-05 0.00085862494680795343 0.0041216608071558639 0.0018165817276225744 1.0282488932314456e-05 0.00039009262362569419 0.0022871890836616096 -0.00040077951362709532
leaf_weight=1183.1062210043892 98.627281094901264 8.5454788859933615 19.98782915528864 8.3077785838395357 71.453122582752258 11.371071649715303 1124.6147605513688 968.91979774879292 18.094001717865467 15.198316857218741 6.6325778961181641 17.398708145134155 140.63755402434617 75.748162438161671 253.48399770259857
leaf_count=10738 462 162 93 14 430 26 6910 5045 62 74 12 76 1405 334 427
internal_value=-0.00048102 -5.87447e-05 0.00125168 0.0112627 0.000935308 0.00844821 -0.000406694 0.000314491 0.00307847 0.000842897 -4.33224e-05 0.0070078 0.000478308 0.00269499 -0.000325447
internal_weight=4022.13 2839.02 589.535 16.8533 572.682 31.3589 2249.49 1124.87 131.92 113.826 992.951 24.0313 541.323 147.201 394.122
internal_count=26270 15532 2891 176 2715 119 12641 5731 598 536 5133 88 2596 764 1832
is_linear=0
shrinkage=0.0286577


Tree=58
num_leaves=16
num_cat=0
split_feature=22 34 18 22 8 16 23 9 18 35 23 18 23 19 4
split_gain=2.0727 1.2903 1.4472 2.03965 1.20765 1.69683 2.6017 1.37477 0.927615 0.942647 1.06922 0.858391 1.99258 1.71313 1.18599
threshold=0.032826042474362341 -0.012330511834220013 -0.14514963937050526 0.1393732881251529 0.24557874761501647 0.95662880736704337 0.021059555598279548 0.26527761553282986 0.17524079693891007 4.0630258641779973 0.022653969078379303 0.030618724247244548 0.0080900947714844535 0.021366241154600594 0.52711131876382378
decision_type=8 10 8 10 8 8 8 10 10 2 8 10 10 10 8
left_child=11 2 3 -2 -4 7 -7 -6 9 -3 -11 -1 13 -13 -14
right_child=1 8 4 -5 5 6 -8 -9 -10 10 -12 12 14 -15 -16
leaf_value=-0.00081847766302786901 -0.0021781456028956221 -7.9930847079354626e-06 -0.00026702285607206134 0.00024473943124195973 0.0021717049081091647 0.00030291489792057898 -3.7697234309814181e-05 0.00057101222555288071 0.0027921362933277017 4.8095512884305297e-05 -0.00038763500142052559 -0.0017074100976058975 -0.0010758253217977454 0.00033938360050172887 0.0022733901441010073
leaf_weight=632.57599081052467 4.7783032199367881 555.37440269161016 642.66600420419127 5.333256721496582 37.109076401218772 12.035850634798406 787.968006627867 526.41639592498541 12.065222598612307 7.6309266388416281 651.17762013524771 3.7543667471036297 127.17074933927506 5.5664467550814152 10.504040587693451
leaf_count=5111 48 1865 6601 8 198 108 5559 3489 40 34 2172 124 809 20 84
internal_value=-0.000464382 -0.000142015 0.000300124 0.0110151 0.000239904 0.000726364 -0.000110445 0.00193155 -0.000877055 -0.000963389 -0.00169712 -0.00179204 0.000117025 0.0128319 -0.000691513
internal_weight=4022.13 3242.56 2016.31 10.1116 2006.2 1363.53 800.004 563.525 1226.25 1214.18 658.809 779.572 146.996 9.32081 137.675
internal_count=26270 20122 16011 56 15955 9354 5667 3687 4111 4071 2206 6148 1037 144 893
is_linear=0
shrinkage=0.0286577


Tree=59
num_leaves=16
num_cat=0
split_feature=26 20 17 20 27 18 26 18 17 16 28 16 18 8 14
split_gain=2.18169 1.83165 1.58987 1.15799 1.07698 3.26557 2.12294 1.93141 1.92319 1.53448 1.52594 2.22906 1.20469 1.40044 0.910391
threshold=0.43735420466710478 0.22151002963964506 1.2906256357511972 0.026072699476450138 0.28484385642981497 -0.14514963937050526 0.52147928636345642 0.033433757253048653 0.86087244359328086 0.63126559871117116 0.015700000000000023 1.0865871748577518 0.12666511716178777 0.46636000807505207 1.3986585669591298
decision_type=10 10 8 8 8 8 10 10 8 8 10 10 10 10 10
left_child=1 3 -3 -1 5 -2 7 8 -7 -6 -8 -12 14 -14 -11
right_child=4 2 -4 -5 9 6 10 -9 -10 12 11 -13 13 -15 -16
leaf_value=-0.00087725282330049508 0.00023772577221878291 -0.00062429124448411667 0.00062065529313073877 -0.00022960731749947292 0.009119515333888592 0.0017217862584541575 -0.00030216991712500319 -5.09731433447167e-05 0.00030956079711119043 -0.00011329878219135909 0.00016951778006157227 0.0017807998688588388 0.002712120205163 0.0013050723472015251 1.383988477735768e-06
leaf_weight=614.35091978218406 5.333256721496582 3.5187928676605198 4.7693775296211252 1465.342527999077 13.211131311953066 26.758945878129452 291.67101040296257 43.115901839919388 148.08772675553337 429.12475692760199 291.07666618400253 53.349500619806349 8.4779574684798735 14.893744021654127 609.04444372840226
leaf_count=3760 8 36 22 9127 96 256 2400 228 952 2667 1867 438 44 95 4274
internal_value=-0.000464346 -0.00110748 0.0120536 -0.00116604 0.000224847 0.00098416 0.000829287 0.00326852 0.00462464 -0.000373134 0 0.00128384 -0.000503756 0.00585658 -0.000657792
internal_weight=4022.13 2087.98 8.28817 2079.69 1934.15 859.393 854.06 217.963 174.847 1074.75 636.097 344.426 1061.54 23.3717 1038.17
internal_count=26270 12945 58 12887 13325 6149 6141 1436 1208 7176 4705 2305 7080 139 6941
is_linear=0
shrinkage=0.0286577


Tree=60
num_leaves=16
num_cat=0
split_feature=19 19 18 1 17 17 16 28 18 19 32 24 21 32 19
split_gain=1.96426 2.39266 3.81955 1.46854 1.37514 2.22809 2.39075 1.63415 1.15965 1.06287 3.20085 1.16267 0.857761 0.744217 0.754283
threshold=0.02934646566757566 0.029595020844038773 0.031221117470505714 0.11188988095238096 1.2587460734372917 1.2722960960532004 1.2920224382628955 0.18410000000000001 0.17524079693891007 0.030664216768416065 0.72559366754617427 10.500000000000002 0.020605887403427676 0.47097625329815312 0.019849515255380399
decision_type=8 8 10 2 10 10 10 8 10 8 10 2 8 10 10
left_child=13 2 -2 9 8 6 -6 -7 -5 10 -3 -11 -10 14 -1
right_child=1 3 -4 4 5 7 -8 -9 12 11 -12 -13 -14 -15 -16
leaf_value=-0.0014317634132277038 -0.0012416569641369112 -0.00094301825068193095 0.00033623766928050154 -6.3032506859086267e-06 0.0016580579868012439 5.4652026630812503e-05 0.00091164908108465749 0.0019339298243407014 0.0026343971907212692 -2.0571786734049791e-05 0.00031825585206801915 -0.00035414455722757108 0.0013108017033228122 -0.00071225426988184208 0.00014455589228390384
leaf_weight=80.756562553811818 9.3166982997208851 27.992812073323876 8.5784676587209088 1133.1539853340946 15.172490076161923 309.49515778105706 8.9926478876732272 30.556745975278318 3.3458701968193028 768.74850574857555 9.7862312449142319 896.89633107744157 4.808236626908184 594.11546209082007 120.41045541316271
leaf_count=1266 74 174 24 5935 66 1522 30 152 8 11026 46 1579 44 3280 1044
internal_value=-0.000511428 -0.000193512 0.0101762 -0.000255166 0.000392427 0.00192626 0.0103524 0.00129164 -8.86222e-05 -0.000833342 0.00385448 -0.00094616 0.0105116 -0.00178842 -0.000225886
internal_weight=4022.13 3226.84 17.8952 3208.95 1505.53 364.217 24.1651 340.052 1141.31 1703.42 37.779 1665.64 8.15411 795.282 201.167
internal_count=26270 20680 98 20582 7757 1770 96 1674 5987 12825 220 12605 52 5590 2310
is_linear=0
shrinkage=0.0286577


Tree=61
num_leaves=16
num_cat=0
split_feature=22 35 18 26 19 35 16 16 22 16 19 22 17 16 17
split_gain=1.92419 1.23943 1.8605 1.48347 1.89671 2.01345 1.24137 1.69914 0.719317 0.952595 1.31463 0.950447 2.002 0.951465 0.793191
threshold=0.063874553993696556 4.1767689729838642 -0.14514963937050526 0.67291476354437518 0.045738627725107818 4.0503055894362321 1.1247233523827911 1.1122322028668215 0.032826042474362341 0.95471034901650043 0.093414593735667462 0.034016591659410352 1.1266276607821564 0.94539224012263101 1.8202743952875762
decision_type=8 2 8 8 8 2 10 10 10 10 8 10 8 10 10
left_child=8 2 -2 6 -5 -6 7 -4 -1 10 11 12 -10 -13 -11
right_child=1 -3 3 4 5 -7 -8 -9 9 14 -12 13 -14 -15 -16
leaf_value=-0.00068158785772667039 0.00020478738027280538 -8.8778868542611295e-05 0.00012393212523401063 0.0051671013304015858 0.0011016959989489543 0.0033454613421067146 -0.00044305071220408115 0.00075013401397056446 0.00015152520574661 -0.00030427713683125118 0.00052026867163867941 -0.00014762386952577714 0.00045990072414316667 0.0018785079240206547 0.00030913538456832682
leaf_weight=779.57159423967823 9.5828876048326492 707.00603646924719 464.17754297540523 6.8155434653162947 260.8021023129113 17.442600755486637 118.72269705124199 5.2165530957281581 16.308291453868154 836.33015970094129 5.3414504751563063 711.54438342526555 7.1898979907855383 39.25430023111403 36.820618791505694
leaf_count=6148 42 4625 3209 44 1449 104 888 30 94 4575 16 4601 50 175 220
internal_value=-0.000454822 0.000315773 0.00103578 0.000883886 0.00258036 0.0021657 4.40012e-05 0.00072293 -0.00096255 -0.000614419 0.00010192 0 0.00564918 -0.000176294 -0.0012653
internal_weight=4022.13 1589.77 882.76 873.177 285.06 278.245 588.117 469.394 2432.36 1652.79 779.638 774.297 23.4982 750.799 873.151
internal_count=26270 10391 5766 5724 1597 1553 4127 3239 15879 9731 4936 4920 144 4776 4795
is_linear=0
shrinkage=0.0286577


Tree=62
num_leaves=16
num_cat=0
split_feature=1 20 19 20 21 21 13 20 34 17 28 19 20 38 27
split_gain=1.92279 1.23591 2.0845 4.23368 1.97528 2.2116 1.48206 1.88614 1.10412 0.886617 1.29729 3.252 1.84965 1.76165 0.861768
threshold=0.076557112068965524 0.055608674523099096 0.066492010084559447 0.072177824106246694 0.021548705346107502 0.014186352067818561 1.4867569920989812 0.22151002963964506 -0.013252614868770605 1.4783033790643381 0.050550000000000019 0.043796438946190695 0.016936389996287441 3.5000000000000004 0.086228571903087317
decision_type=2 8 8 10 8 10 10 10 8 10 8 10 10 2 10
left_child=-1 9 3 4 5 -3 7 -4 -6 -2 12 -12 13 -11 -8
right_child=1 2 6 -5 8 -7 14 -9 -10 10 11 -13 -14 -15 -16
leaf_value=-0.00052845422294274958 -0.00015281563453204355 -0.0016421630818437766 -9.7714227337545293e-05 0.0019040884889407503 0.00069883548171777263 0.0024737361474992921 -0.00033115672924462496 0.0045334826678909519 -0.00064957527238138232 0.00026909231288358457 -0.00012759067391061063 0.0047578491207525275 -0.00015763735866532652 -0.0015500078366157031 0.00032914394484953217
leaf_weight=1077.3621872167569 1286.6440932289697 10.656813755631445 532.22243134351447 11.040127883665262 66.952510818839073 24.857028038240969 148.09478771081194 6.8260926688089958 102.80929730972275 6.2792493309825641 26.757168166805059 13.532613188028334 101.29414997342974 4.6424976950511336 602.15561170922592
leaf_count=8544 7676 76 3114 62 647 146 1122 26 355 18 134 84 571 84 3611
internal_value=-0.000450575 -6.7997e-05 0.000502184 0.00310479 0.0021092 0.00826189 5.73302e-05 -0.00108038 0.000754096 -0.000671412 0.00136715 0.00576976 -0.000133562 0.0108444 0.000888113
internal_weight=4022.13 2944.76 1505.61 216.316 205.276 35.5138 1289.3 539.049 169.762 1439.15 152.506 40.2898 112.216 10.9217 750.25
internal_count=26270 17726 9159 1286 1224 222 7873 3140 1002 8567 891 218 673 102 4733
is_linear=0
shrinkage=0.0286577


Tree=63
num_leaves=16
num_cat=0
split_feature=26 27 18 22 26 20 27 5 0 32 18 7 35 18 21
split_gain=1.73283 1.32428 2.81744 1.13588 1.35998 4.1916 1.30032 1.22493 2.58001 0.865647 1.55519 5.38649 2.25258 2.06538 1.15567
threshold=0.43735420466710478 0.55078604765413908 -0.11904508407182761 0.036669134454427113 0.50065557652883486 0.030511280500553576 0.14678099858985807 -0.11683905196564205 0.55122500000000019 0.50065963060686025 0.040299502581370501 0.25324382484512115 5.4169444745304345 0.0455990632243869 0.0060034131490725477
decision_type=8 8 8 8 8 8 10 8 2 8 10 10 2 10 8
left_child=9 2 -2 7 5 -5 -6 8 -4 10 -1 12 13 -12 -11
right_child=1 -3 3 4 6 -7 -8 -9 -10 14 11 -13 -14 -15 -16
leaf_value=-0.00044910544530760794 0.00024175803864301499 -9.1004821032002867e-05 0.00021225830495277595 0.00031571081404625946 -0.00031772419533348948 0.00043446567421084707 0.00043201184940949234 -0.00040017644570629964 -0.0018074329152258063 0.00025771845252180094 0.0020767435923112975 -0.00039978141923312541 -0.00023629101271836536 0.00064720783353355751 -0.00051142762284875213
leaf_weight=509.95839814562351 8.6016310816630703 544.94288364332169 5.8787719281390336 27.168086333200336 353.89848972484469 203.27605206146836 847.2295832275413 249.57339290296659 10.131356641650198 17.137677064165473 15.766110777854918 61.329794412013143 7.8536037076264611 16.79355959687382 1142.5872687895317
leaf_count=3976 64 3449 26 84 2244 1190 5709 2230 44 88 82 516 34 282 6252
internal_value=-0.000477841 4.56359e-05 0.000442803 0.000352752 0.000676759 0.00269728 0.000280382 -0.00135536 0.00613232 -0.00114849 -0.000256566 0.00295152 0.0110863 0.0144281 -0.00161021
internal_weight=4022.13 2250.7 1705.76 1697.16 1431.57 230.444 1201.13 265.584 16.0101 1771.43 611.701 101.743 40.4133 32.5597 1159.72
internal_count=26270 15040 11591 11527 9227 1274 7953 2300 70 11230 4890 914 398 364 6340
is_linear=0
shrinkage=0.0286577


Tree=64
num_leaves=16
num_cat=0
split_feature=21 34 21 27 21 8 0 26 33 26 4 28 8 5 5
split_gain=1.68682 1.3248 2.25669 3.38305 2.69349 3.07019 1.32043 1.07894 1.08773 1.56843 0.903911 1.24066 1.21717 0.976664 0.758102
threshold=0.01795066186546276 -0.012330511834220013 0.021990474448355991 0.051514747535344463 0.020792615387213168 0.28795387385909965 0.44182500000000008 0.63932546433519832 0.010036345507594581 0.82749820001145447 1.0000000180025095e-35 0.038600000000000002 0.25460965481089443 0.58760058363207823 -0.11683905196564205
decision_type=10 8 10 8 10 10 2 8 10 8 8 10 10 10 8
left_child=14 6 3 -3 -5 -6 -2 -4 -9 -10 11 13 -13 -8 -1
right_child=1 2 7 4 5 -7 10 8 9 -11 -12 12 -14 -15 -16
leaf_value=0.00018984523712725285 -0.00013325721882735748 0.0011595314969165167 -0.00030547515448393539 -0.00013640599176572394 0.00030304010090912006 -0.00037298020845097872 0.00016066268512609274 -8.5808734924840889e-05 0.0017435555584023406 -8.8396835956019832e-05 -0.00018594817957330012 -0.0002672773235055307 0.0013830953053177706 0.0012671180736115051 -0.00052522745689337976
leaf_weight=37.026779680512846 763.29699402116239 10.010786132887004 795.61455378029495 95.564274679869413 14.114097516052427 13.886724948883055 600.29838098306209 297.04733684565872 117.96184025332332 109.01693172194064 176.71682945359498 27.205758355557919 151.68257473874837 7.8146957280114284 804.86810119892471
leaf_count=262 6134 26 2510 386 65 66 3990 1396 442 394 1325 228 1004 72 7970
internal_value=-0.000480934 -0.000175415 -0.000815079 0.00270899 0.00130779 0.00911868 0.000357111 -0.00117974 -0.000149134 0.00132212 0.00106565 0.00148578 0.00359961 0.000846464 -0.00162284
internal_weight=4022.13 3180.23 1453.22 133.576 123.565 28.0008 1727.02 1319.64 524.026 226.979 963.718 787.001 178.888 608.113 841.895
internal_count=26270 18038 5285 543 517 131 12753 4742 2232 836 6619 5294 1232 4062 8232
is_linear=0
shrinkage=0.0286577


Tree=65
num_leaves=16
num_cat=0
split_feature=21 31 35 21 12 21 1 28 5 10 6 21 5 5 35
split_gain=1.5307 1.18743 1.41255 2.40167 1.2783 1.35931 1.25266 1.11859 1.02288 1.9902 1.19153 0.964474 3.09599 0.753221 1.20178
threshold=0.015579671022460476 1.6450000000000007 2.6008360479532171 0.022704079833406141 0.091307333300228569 0.081471994555912461 0.14563068181818184 -1.0000000180025095e-35 0.57910268490724859 0.18550616321572214 0.24635328589833624 0.016049613814811469 0.032266170836150555 0.32454792191766435 5.5817275159102602
decision_type=10 8 2 10 10 10 2 10 10 10 10 10 8 10 2
left_child=-1 6 3 7 -5 -6 8 -3 -2 -10 -11 12 -4 -13 -15
right_child=1 2 11 4 5 -7 -8 -9 9 10 -12 13 -14 14 -16
leaf_value=-0.00072467817682862637 -4.9795282003718242e-05 0.0051397658653115413 4.0859331079301652e-05 -4.0675635085859118e-05 0.0018282234820252141 0.0018189213512966027 0.00089023820263427872 0.0012910377502220458 0.0018883693793391729 0.0012308054366763114 -0.00029986834068825713 -0.00020171403103288525 -0.0011903737543047712 -4.3886320562286927e-05 0.00071182548889456006
leaf_weight=662.82210911507718 1200.0663763452321 3.1580839138478041 5.5093293190002441 83.073901548050344 21.419120669364929 29.407890904694796 310.07465945463628 6.1359967403113824 7.0309849623590699 7.2124122697859994 35.63940588850528 1341.6269466141239 11.853592084720733 281.40083030425012 15.695019904524086
leaf_count=7138 7754 34 8 504 106 98 1515 32 56 62 261 6964 80 1580 78
internal_value=-0.000512513 -0.000260648 -0.000763914 0.00194114 0.00087173 0.00448428 0.00031345 0.0159108 -8.34952e-05 0.00391584 0.00130512 -0.00100406 0.00558036 -0.00108067 0.000195786
internal_weight=4022.13 3359.3 1799.28 143.195 133.901 50.827 1560.02 9.29408 1249.95 49.8828 42.8518 1656.09 17.3629 1638.72 297.096
internal_count=26270 19132 9484 774 708 204 9648 66 8133 379 323 8710 88 8622 1658
is_linear=0
shrinkage=0.0286577


Tree=66
num_leaves=16
num_cat=0
split_feature=22 5 33 19 36 23 12 12 32 9 23 26 23 22 12
split_gain=1.63104 1.22371 1.50745 1.41539 1.38794 2.10783 2.10792 1.45936 1.31408 1.18231 1.16869 2.96542 0.93593 4.55619 2.68063
threshold=0.032826042474362341 0.18739459127400698 0.072250160258421695 0.22853024722583937 1.0000000180025095e-35 0.052631578947368425 0.039483082948622399 0.06999676935671649 0.50659630606860173 0.41148204970743291 0.02470945167856126 0.800426298387933 0.088541335800932583 0.10340860413827326 0.039483082948622399
decision_type=8 10 8 8 2 8 8 10 10 10 10 8 10 10 8
left_child=-1 12 3 10 7 6 -6 -4 -7 -9 11 -3 -2 14 -14
right_child=1 2 4 -5 5 8 -8 9 -10 -11 -12 -13 13 -15 -16
leaf_value=-0.00061177007098201083 -0.00012263512218579607 -0.0014393567286058865 -0.0001910455519713131 0.0043469976542789964 0.00033953294677275804 -0.00014325668334863492 0.0016026340699225314 0.00020820086031850818 0.0012339023111643751 0.0021207704723193569 -8.3321550079631704e-05 0.0016797359481578898 0.0037728893415197333 -0.0003741529210834274 0.0012829515126177688
leaf_weight=779.57159423967823 1254.7347023291513 18.75613454729319 308.71386054484174 5.9882432483136645 56.345212470274419 108.07326135667972 63.561592576093972 51.076418350450695 89.16905802488327 21.09714993275702 1066.1673406893387 7.8123474381864062 10.72699288278818 149.49298727931455 30.839764128439128
leaf_count=6148 7646 168 2506 44 488 1052 440 354 576 122 5435 60 108 875 248
internal_value=-0.000506453 -0.000219904 0.000275315 -0.000379285 0.00131971 0.00272108 0.00572854 0.000125798 0.000837849 0.00380965 -0.000465571 0.00540755 -0.000842167 0.000998008 0.00939214
internal_weight=4022.13 3242.56 1796.76 1098.72 698.037 317.149 119.907 380.887 197.242 72.1736 1092.74 26.5685 1445.79 191.06 41.5668
internal_count=26270 20122 11245 5707 5538 2556 928 2982 1628 476 5663 228 8877 1231 356
is_linear=0
shrinkage=0.0286577


Tree=67
num_leaves=16
num_cat=0
split_feature=1 34 34 18 4 18 18 26 31 10 26 2 27 27 26
split_gain=1.55248 1.09561 2.58762 1.04338 0.990557 0.949067 1.1501 0.759446 1.2469 2.30773 0.765258 0.703591 0.643506 2.11377 1.05195
threshold=0.076557112068965524 -0.014128325549150554 -0.014298890106014815 0.17524079693891007 0.020475607422274819 -0.03270670524609564 -0.033338835699350637 0.6638295086853413 2.3999999999999999 0.33837895821149128 0.75734008118595009 0.088851210859688792 0.28277232699378035 0.27062784233821219 0.10297559018445183
decision_type=2 8 8 10 8 10 8 8 8 10 10 2 10 10 10
left_child=-1 2 4 7 5 6 -2 12 9 -9 -10 -7 13 -3 -14
right_child=1 3 -4 -5 -6 11 -8 8 10 -11 -12 -13 14 -15 -16
leaf_value=-0.00046842406679600677 0.0003073464163548697 -0.00012465984636388973 0.0011979212354083044 0.002485728352834558 -0.00033862518612407173 0.0013351183264738871 0.002072420454505296 -0.0001017904665251588 4.5473931690470491e-05 0.0026127870995332259 -6.9360591214661876e-05 6.1328391146738201e-05 0.00020460545948000768 0.00027433104795516149 -0.00026542152797628038
leaf_weight=1077.3621872167569 186.29972140863538 545.9917101804167 6.1497623920440665 10.66660115867853 179.03735627792776 3.9358378807082763 4.5109709836542597 89.896727239713073 254.07533830194734 91.319849205203354 190.93720587296411 777.47172091994435 4.12694407114759 24.040913913864642 576.30381301487796
leaf_count=8544 1708 2702 12 40 1761 33 40 321 1208 261 798 6352 32 94 2364
internal_value=-0.00055951 -0.000214959 0.000466877 -0.000662054 0.000357132 0.00072496 0.00254196 -0.000721333 6.68019e-05 0.00208363 -0.000732775 0.000267919 -0.00115892 -0.000451347 -0.00183621
internal_weight=4022.13 2944.76 1157.41 1787.36 1151.26 972.218 190.811 1776.69 626.229 181.217 445.013 781.408 1150.46 570.033 580.431
internal_count=26270 17726 9906 7820 9894 8133 1748 7780 2588 582 2006 6385 5192 2796 2396
is_linear=0
shrinkage=0.0286577


Tree=68
num_leaves=16
num_cat=0
split_feature=22 15 8 23 23 30 10 20 18 20 35 1 8 22 23
split_gain=1.59622 0.783549 1.14257 1.65651 2.05766 1.84392 1.85398 0.914776 1.13168 0.919002 1.16439 1.36036 1.35698 0.767985 0.7408
threshold=0.032826042474362341 1.5087291429207379 0.24557874761501647 0.021059555598279548 0.02028199640559181 19.055000000000003 0.22084866745208401 0.20340789130071477 -0.002050157595310353 0.031938529763972053 5.2015861760714612 0.15908333333333338 0.32520195969544302 0.034016591659410352 0.024223756662458105
decision_type=8 8 8 8 10 8 10 10 10 8 2 2 10 8 8
left_child=-1 7 -3 4 -4 6 -5 9 -9 10 11 -2 -12 -7 -11
right_child=1 2 3 5 -6 13 -8 8 -10 14 12 -13 -14 -15 -16
leaf_value=-0.00058081423635102005 -0.00012108738706772711 -0.00026822469609300931 -2.4033545350390174e-05 0.0019282331848558239 0.0002271274103066823 0.00023844091099695918 0.00056768009207527296 -0.0017837279797750303 0.0041475465201065058 0.0016302954727131765 0.00031594807043408047 0.0012788873104120689 -0.00080939762332950694 -3.0440807355350661e-05 -0.00018481258430328785
leaf_weight=779.57159423967823 176.91245680302382 513.43981473892927 6.472254107706247 74.05334578640759 6.0174080580472946 4.161604435183107 500.53919570147991 6.8101177122443906 8.3924335767514986 12.027576882392166 55.493545919656754 11.587125563994048 26.300460107624531 574.49793768743984 1265.8497887179255
leaf_count=6148 849 4945 90 370 12 32 2687 34 28 80 216 45 84 3730 6920
internal_value=-0.000618963 -0.000335192 8.93436e-05 0.000590875 0.0109122 0.000468318 0.00162302 -0.000797488 0.0060657 -0.0008722 0.00062148 -0.000573014 0.00348954 -0.000661261 -0.00119598
internal_weight=4022.13 3242.56 1679.18 1165.74 12.4897 1153.25 574.593 1563.37 15.2026 1548.17 270.294 188.5 81.794 578.66 1277.88
internal_count=26270 20122 11866 6921 102 6819 3057 8256 62 8194 1194 894 300 3762 7000
is_linear=0
shrinkage=0.0286577


Tree=69
num_leaves=16
num_cat=0
split_feature=21 5 21 18 5 23 20 19 20 16 10 16 23 23 10
split_gain=1.38485 1.19032 1.79672 3.77943 2.0077 1.62771 2.25245 1.56106 1.50317 1.17825 1.93158 1.03229 0.953463 0.667851 2.66631
threshold=0.01795066186546276 0.18739459127400698 0.021990474448355991 0.13920150315958293 0.18913844794914089 0.0080900947714844535 0.027569337144638221 0.055239742557741826 0.0079447240205538523 0.97679159696295037 0.58048496585227816 1.09123030172227 0.070438438964274444 0.088541335800932583 0.24541948455033849
decision_type=10 10 10 8 10 10 10 10 10 8 10 10 8 10 8
left_child=-1 5 3 7 11 6 -2 8 -3 10 -6 -4 -9 -7 -15
right_child=1 2 4 -5 9 13 -8 12 -10 -11 -12 -13 -14 14 -16
leaf_value=-0.0004318926748435528 -0.001756986691196036 1.5114908478725239e-05 0.00026359817311563064 0.002419789494679849 0.00010265475105036121 -0.0001762297487212087 0.00035461071579582246 0.00095175758077481747 -4.2662602496438352e-05 -6.9857309093389981e-05 0.0020564826238258045 0.0040286875486397087 -0.0012574176471359215 0.0033577839990178312 -2.6581289729855503e-05
leaf_weight=841.89488087943755 5.9066961519420129 2.7689679116010657 4.6042287647724134 13.480709105730055 701.37058486789465 1210.0633779093623 5.333256721496582 8.1662881914526189 106.79221677128226 903.19587533827871 22.361761210486293 5.5544964913278818 3.1985094714909801 12.446356813423334 174.98845343850553
leaf_count=8232 64 8 72 70 4993 6583 8 70 687 4386 108 26 66 132 765
internal_value=-0.000605244 -0.000327672 0.000161951 0.00334631 -9.38403e-05 -0.000950367 0.00971885 0.00163532 0.000480901 -0.000180036 0.000673646 0.0124513 0.0116761 -0.00104488 0.000508679
internal_weight=4022.13 3180.23 1771.49 134.407 1637.09 1408.74 11.24 120.926 109.561 1626.93 723.732 10.1587 11.3648 1397.5 187.435
internal_count=26270 18038 10486 901 9585 7552 72 831 695 9487 5101 98 136 7480 897
is_linear=0
shrinkage=0.0286577


Tree=70
num_leaves=16
num_cat=0
split_feature=23 23 34 1 34 23 18 27 33 14 18 18 34 18 34
split_gain=1.39774 1.17944 4.02987 0.997357 0.943051 1.03621 2.40393 0.89915 0.762899 0.740443 0.719008 1.41378 0.700249 0.911214 0.846614
threshold=0.036619923064389416 0.037332289505992079 0.017934989979495611 0.079962686567164196 -0.014298890106014815 0.0080900947714844535 0.039620497595332822 0.29172565651191962 0.088687622629002441 1.8583714962592432 0.029054239541455588 0.019749423465897146 -0.013973805227124157 0.17524079693891007 -0.014298890106014815
decision_type=8 8 8 2 8 10 8 10 10 10 10 10 10 8 10
left_child=4 2 -2 8 5 6 -1 -4 -3 12 11 -11 14 -14 -5
right_child=1 3 7 9 -6 -7 -8 -9 -10 10 -12 -13 13 -15 -16
leaf_value=-0.00026282925642402157 -0.00065318206894921297 -0.00042558419667035503 0.00030811634884194832 4.1281887377915521e-06 -0.00064026554804841079 -0.00017057744218353601 0.00034444840302940338 0.00090810964199495203 0.00017961875914846053 0.00024701508546172435 -0.00016388659346298415 0.0015386378450890164 -6.785536219104012e-05 0.0023504439938857023 0.001534405559322472
leaf_weight=9.673671839758752 30.215971479192376 369.79622908122838 8.0714209824800474 707.78177884290926 813.550374743063 579.21184820961207 5.8394333180040112 6.5161667596548787 116.94950147904456 418.62691270327196 125.59801715193316 28.584219136741012 755.27881411649287 6.0572404712438574 40.375059723854065
leaf_count=362 239 3128 24 5762 3672 5419 74 28 1298 2751 890 188 2305 26 104
internal_value=-0.00052703 -0.000130609 0.00445703 -0.000214881 -0.0012556 -0.000367118 0.00683902 0.0167516 -0.00138324 5.35676e-05 0.000934586 0.00148125 -0.000274251 -0.000889645 0.000338762
internal_weight=4022.13 2613.85 44.8036 2569.05 1408.28 594.725 15.5131 14.5876 486.746 2082.3 572.809 447.211 1509.49 761.336 748.157
internal_count=26270 16743 291 16452 9527 5855 436 52 4426 12026 3829 2939 8197 2331 5866
is_linear=0
shrinkage=0.0286577


Tree=71
num_leaves=16
num_cat=0
split_feature=26 33 26 30 25 22 26 9 28 33 9 4 30 21 28
split_gain=1.42516 0.976358 0.967974 1.78566 3.05615 2.35428 2.07025 0.906792 0.964814 1.18513 0.984692 0.805685 0.687595 1.68212 1.91199
threshold=0.43735420466710478 0.10496608982688295 0.46477957081496768 17.205000000000002 0.41677016959111329 0.038083183395733362 0.4618652283953138 0.24010837779547253 0.031900000000000019 0.010036345507594581 0.2445819181131654 1.0000000180025095e-35 16.345000000000002 0.0060034131490725477 0.0060500000000000007
decision_type=8 10 8 10 8 10 8 8 8 10 8 8 8 8 10
left_child=12 2 3 4 5 -2 -6 -4 10 -10 -9 -3 -1 14 -14
right_child=1 11 7 -5 6 -7 -8 8 9 -11 -12 -13 13 -15 -16
leaf_value=-9.106827358020137e-05 -0.0018861289737888147 0.00087742183546831852 -0.00060442688044800045 -3.5122260962197374e-05 -8.1885141690204792e-06 0.0014612218602289399 0.0011298961114484755 0.0016000283769263268 -6.5022083098668736e-05 0.0006537455414450037 -6.4199588141890536e-05 -0.0012981278738763498 -0.0012478232306643874 -0.00047313248647418041 0.00033244874655384641
leaf_weight=611.70146663999185 4.2391155092045691 151.92623300198466 369.56671413080767 71.132989972829819 38.398349762894213 12.472138203680514 5.9634002479724577 15.388825938105581 291.63516553351656 377.00433208886534 880.17936381651089 32.793619338423014 8.2978239171206969 1142.5872687895317 8.8398531470447761
leaf_count=4890 52 1700 4129 348 306 38 38 118 1671 1609 4781 250 58 6252 30
internal_value=-0.000507681 -2.4557e-05 -0.000207476 0.00215172 0.00575796 0.0161818 0.00154498 -0.00037415 -6.57812e-05 0.000750695 -0.000686519 0.00196518 -0.00111582 -0.00152816 0.0072188
internal_weight=4022.13 2250.7 2065.98 132.206 61.073 16.7113 44.3618 1933.77 1564.21 668.639 895.568 184.72 1771.43 1159.72 17.1377
internal_count=26270 15040 13090 782 434 90 344 12308 8179 3280 4899 1950 11230 6340 88
is_linear=0
shrinkage=0.0286577


Tree=72
num_leaves=16
num_cat=0
split_feature=23 35 35 8 23 5 25 23 8 35 1 34 13 23 17
split_gain=1.07187 1.31965 3.76249 3.53594 3.89085 2.10654 1.76766 1.21603 4.32762 1.27906 1.05053 1.09069 1.10238 1.53428 0.947483
threshold=0.036619923064389416 5.2141196737363229 5.361995895593366 0.18303448413070936 0.028081157274130773 0.35447291061872305 0.39887630361142662 0.037332289505992079 0.50377582810913901 5.361995895593366 0.097387959866220744 0.017934989979495611 1.498283323283873 0.16615995781093093 1.2587460734372917
decision_type=8 2 2 8 10 10 8 8 8 2 2 10 10 10 10
left_child=1 -1 3 -3 -5 -4 -7 8 9 -2 -9 12 13 -12 -13
right_child=7 2 5 4 -6 6 -8 10 -10 -11 11 14 -14 -15 -16
leaf_value=-0.00050088429921522708 -0.00063141600539921958 -0.00087740032174342907 -0.00063701001371034279 0.0018517693951055926 -0.0015307096551181541 0.00012774628419477053 -0.00054429232446521461 -0.00023550978831521254 0.00088394872671140488 0.00030112626563015674 -2.5647855976124108e-05 -0.00011403622853829884 0.00062180426121893277 0.0039170191826374302 0.00035151600078876219
leaf_weight=1148.6852253060788 31.949337499216199 14.620264064986257 208.34625555574894 17.909043647348884 8.6761230723932368 5.889554996043441 4.1488614678382882 875.40457321936265 8.3002169132232648 4.5540048088878384 607.29783004079945 296.06416085734963 671.77413900243118 6.1720322472974649 112.33503733947873
leaf_count=8107 223 112 1100 76 70 26 36 7393 22 46 3273 784 4610 64 328
internal_value=-0.000546359 -0.00118509 0.000632503 0.00857156 0.0148076 -0.000827345 0.0117387 -0.000198346 0.00445703 0 -0.000283799 0.000127601 0.000542837 -0.000322355 -0.00115437
internal_weight=4022.13 1408.28 259.59 41.2054 26.5852 218.385 10.0384 2613.85 44.8036 36.5033 2569.05 1693.64 1285.24 613.47 408.399
internal_count=26270 9527 1420 258 146 1162 62 16743 291 269 16452 9059 7947 3337 1112
is_linear=0
shrinkage=0.0286577


Tree=73
num_leaves=16
num_cat=0
split_feature=21 21 20 23 18 0 17 5 30 5 18 24 25 30 5
split_gain=1.21508 1.40531 3.17218 1.05146 2.67008 1.07525 0.954947 2.69441 0.918668 0.763922 2.22063 0.758422 0.66636 0.487107 1.05425
threshold=0.01795066186546276 0.018412833164371496 0.052210333423338119 0.0080900947714844535 0.042299239721030564 0.44620000000000004 1.4292744949751899 0.03724522332200729 18.990000000000006 -0.11683905196564205 0.030618724247244548 10.500000000000002 0.56857758093163302 15.840000000000002 0.17566396550531851
decision_type=8 8 10 8 10 2 10 8 8 8 8 2 10 8 10
left_child=9 2 -2 4 -3 11 8 -8 -7 10 -1 -5 -13 14 -11
right_child=1 3 -4 5 -6 6 7 -9 -10 13 -12 12 -14 -15 -16
leaf_value=-0.0010883899808792794 0.00041583491772570046 -0.00078706653116325368 0.0011042650937019016 -9.6472507386914798e-05 0.00028411974702532983 4.7083676869539262e-05 0.0033522697711466311 0.0008596447977767816 -5.4667833334792987e-05 -0.00061875479832538855 0.0023752522132959998 -0.00026744980056040606 -0.00040402898758569022 -0.00053426440539075721 0.00085133586977974806
leaf_weight=23.597522316500545 31.145946577191353 13.826067212037744 9.8483118806034309 541.15009631263092 5.6865679258480659 919.71535137621686 16.836636175401509 223.17695347871631 763.61908847070299 72.571401646360755 12.29636205267161 344.65151000209153 343.63958889245987 655.21274706628174 45.152508652769029
leaf_count=134 152 758 32 8602 58 5288 94 1262 4018 787 44 621 617 2958 845
internal_value=-0.000576917 -0.000323056 0.00491633 -0.000394251 0.00616568 -0.000438453 -1.00625e-05 0.0016747 -0.000256388 -0.00157277 0.00238732 -0.00110041 -0.00173424 -0.0017702 0
internal_weight=4022.13 3213.3 40.9943 3172.3 19.5126 3152.79 1923.35 240.014 1683.33 808.831 35.8939 1229.44 688.291 772.937 117.724
internal_count=26270 21502 184 21318 816 20502 10662 1356 9306 4768 178 9840 1238 4590 1632
is_linear=0
shrinkage=0.0286577


Tree=74
num_leaves=16
num_cat=0
split_feature=22 23 34 34 23 19 35 17 35 7 8 35 5 28 35
split_gain=1.28223 1.27939 1.01933 1.45443 1.36691 2.37252 0.988089 1.03998 1.26804 1.59579 2.21127 1.25618 2.77503 2.43546 2.28036
threshold=0.063874553993696556 0.078539133918982609 -0.013719353809777067 -0.013973805227124157 0.0080900947714844535 0.028060163187381613 4.1143922275040721 1.2587460734372917 3.6087533729531898 0.31334480285535143 0.24557874761501647 3.1576383119446927 0.15064439203708349 0.040250000000000015 3.1128483954983577
decision_type=8 8 8 8 10 10 2 10 2 10 10 2 8 8 2
left_child=1 2 3 4 5 -1 7 8 -2 10 -10 12 13 -9 -14
right_child=6 -3 -4 -5 -6 -7 -8 11 9 -11 -12 -13 14 -15 -16
leaf_value=-0.00030920607672653313 -6.9299028954801015e-05 0.0018121536602306787 -0.00026624229569924453 0.00082693857722033581 -0.00014532509802113374 0.00027597754036384314 -5.2695776609408349e-05 -0.0040938192472201335 8.1513539731881754e-06 -0.00023680096116789466 0.0034518379283681494 4.6982008509461228e-05 0.00010863680329699714 0.0043666552333432706 0.0053122995054419898
leaf_weight=10.036453070119022 480.00910823279992 3.203219559043645 1292.7414883859456 4.4146013259887686 1116.5160582773387 5.4488756898790589 720.6756115227472 5.6970120184123516 42.003371225204319 93.258012722246349 36.112147918902338 124.511787799187 68.398617308586836 14.593520798720421 4.5067741833627215
leaf_count=408 3095 20 5697 16 9714 24 4781 70 704 366 242 665 396 54 18
internal_value=-0.000576702 -0.000990544 -0.00101901 -0.000381155 -0.00045527 0.00789505 5.02719e-05 0.000706616 0.00011712 0.0022443 0.00526492 0.00242273 0.00494636 0.0143485 0.0021567
internal_weight=4022.13 2432.36 2429.16 1136.42 1132 15.4853 1589.77 869.09 651.383 171.374 78.1155 217.708 93.1959 20.2905 72.9054
internal_count=26270 15879 15859 10162 10146 432 10391 5610 4407 1312 946 1203 538 124 414
is_linear=0
shrinkage=0.0286577


Tree=75
num_leaves=16
num_cat=0
split_feature=8 23 8 17 28 15 19 34 26 26 33 12 17 28 26
split_gain=1.17752 2.13086 2.78586 1.28297 2.54289 1.97983 1.99604 1.60642 1.82342 2.36257 0.976284 0.842743 2.26079 0.818437 0.710218
threshold=0.24225459660320817 0.0080900947714844535 0.24557874761501647 1.3342059954282306 0.18410000000000001 3.1392861660747005 0.031170402772298388 0.0024684938583510179 0.44618991484039977 0.46735901244321326 0.081947990881926627 0.042949569518811077 1.5451773538484181 -0.0020499999999999958 0.28565082292513455
decision_type=8 8 8 10 8 10 10 10 10 10 8 10 10 10 10
left_child=10 2 -2 7 11 6 -6 8 13 -10 -1 12 -5 -3 -12
right_child=1 3 -4 4 5 -7 -8 -9 9 -11 14 -13 -14 -15 -16
leaf_value=-0.00041740043741687589 0.00026806867027967085 -1.9504729876830783e-05 -0.00030034495459738207 -0.00024160843114353335 -0.0017213795525478715 -0.00015290374448717332 0.0016281654909967608 -0.00013889392811954906 0.0010802493226060382 0.00011517506068770299 -0.00072229238375653374 -5.5271197151717423e-06 0.0015357643312509334 -0.00049210724155410016 0.00015938478610938157
leaf_weight=865.32064311392605 7.0014398321509388 521.61997475335374 9.5289652668870968 56.023229097947478 4.6897427169606152 8.2540170988067967 16.714931331574917 635.35991289652884 60.231807259377092 699.67389470408671 164.49493398796767 315.85652635479346 48.012852622196078 365.02052123099566 244.32326777093112
leaf_count=5494 16 3224 304 252 29 33 99 2365 318 4485 2402 1433 316 2104 3396
internal_value=-0.00052033 -0.000182152 0.00999082 -0.000248196 0.00114378 0.0092418 0.0138612 -0.000526874 -4.82491e-05 0.000975324 -0.00124172 0.000543356 0.00278311 -0.000936765 -6.21152e-05
internal_weight=4022.13 2747.99 16.5304 2731.46 449.551 29.6587 21.4047 2281.91 1646.55 759.906 1274.14 419.893 104.036 886.64 408.818
internal_count=26270 14978 320 14658 2162 161 128 12496 10131 4803 11292 2001 568 5328 5798
is_linear=0
shrinkage=0.0286577


Tree=76
num_leaves=16
num_cat=0
split_feature=5 9 33 11 4 11 33 27 27 35 35 20 15 15 32
split_gain=1.01809 1.45611 1.46671 1.19043 1.17803 1.6339 0.930191 0.797426 1.23182 2.27167 1.30503 0.787997 0.882873 0.84003 0.691672
threshold=0.18555228348013017 0.63434780879542152 0.072250160258421695 0.24626079060620901 0.026023045350540331 0.26121227436608796 -0.025395972491574433 0.35865950243191153 0.25759860669620477 4.5484940031944028 2.0515431210794284 0.026072699476450138 1.1579739743196447 1.1624612605708997 0.56662269129287612
decision_type=10 10 10 8 10 10 10 8 10 2 2 8 8 8 10
left_child=11 2 7 -4 5 -5 -3 8 10 -10 -2 -1 -13 -14 -15
right_child=1 6 3 4 -6 -7 -8 -9 9 -11 -12 12 13 14 -16
leaf_value=-0.00069985889573956144 0.001696995432891905 0.0022063688179780271 -0.00023547495565578669 0.0027171228486936633 -0.00044702857012749006 0.0010850287866587809 0.0038021025772887579 -0.00024122942364978244 -0.00017363531328044992 0.00090039269030557656 -7.1263007374649758e-05 -0.00033198969137186588 0.0010690179242051957 4.6171077073005259e-06 -0.00011392889947270767
leaf_weight=445.72242860822007 15.528269020840524 10.736593749374149 248.61674216110259 30.28854092862457 81.355605548247695 299.58015983458608 4.8394556753337374 603.8070824155584 114.06454002996907 87.745683317538351 662.43523660139181 459.90017678355798 7.9025732572190455 457.13704613223672 492.46652597468346
leaf_count=3157 72 80 2250 246 476 2128 34 3288 852 502 4146 2158 34 4030 2817
internal_value=-0.000538289 -0.000109542 -0.000177979 0.000939569 0.00189155 0.00266205 0.00854422 -0.0006818 -0.000118929 0.00183154 -0.000714628 -0.00102971 -0.000688481 -0.000181006 -0.000269665
internal_weight=4022.13 2159 2143.42 659.841 411.224 329.869 15.576 1483.58 879.774 201.81 677.964 1863.13 1417.41 957.506 949.604
internal_count=26270 14074 13960 5100 2850 2374 114 8860 5572 1354 4218 12196 9039 6881 6847
is_linear=0
shrinkage=0.0286577


Tree=77
num_leaves=16
num_cat=0
split_feature=22 34 7 9 27 22 14 22 22 30 30 30 5 27 34
split_gain=1.15577 1.07476 0.766192 2.6092 1.62535 0.97114 0.735943 0.62648 1.09282 1.85294 0.774134 0.94755 0.684312 0.601909 1.04013
threshold=0.062503936563186271 -0.014128325549150554 0.30908465792043321 0.29987386706826241 0.35535601299194336 0.024478816009282745 1.2789687999398394 0.032826042474362341 0.038340919550062046 16.395000000000003 16.345000000000002 16.285000000000004 0.42123794470851211 0.58331236369736639 -0.027025572171379238
decision_type=8 10 10 10 10 10 10 10 10 10 8 10 10 8 8
left_child=1 2 7 4 6 -5 -4 10 9 -9 11 -1 -10 -2 -15
right_child=13 -3 3 5 -6 -7 -8 8 12 -11 -12 -13 -14 14 -16
leaf_value=-0.00058502865398245968 2.3538473519778618e-05 -0.00033508678812202121 -0.002663893631008025 0.001190484077404538 1.9354690092824852e-05 -0.00038449663403813174 0.0019218692768332244 0.00038940890835368822 -0.00019516055283687857 -0.00076876075727278675 -0.00087849287460380575 0.00020542102653043029 0.00053265042242610903 0.001216455013448177 -0.00015119982569273334
leaf_weight=114.58150864718482 1398.9397251345217 1119.6134523982182 1.4187992811203027 2.7718959180638185 13.636428894475101 95.214477026835084 11.73294079210609 108.85382653772831 497.97420814167708 58.913258438464254 242.80482044350356 37.332797050476074 63.236905973404646 49.023173841647804 206.07844151905738
leaf_count=2004 9328 3821 6 90 220 700 220 652 4241 538 2448 56 596 434 916
internal_value=-0.000565772 -0.000971792 -0.000383035 0.00172442 0.00962405 -0.000351302 0.0168362 -0.000626208 -0.000113347 0.00189813 -0.00154755 0 -0.000732913 9.56145e-06 -0.00126365
internal_weight=4022.13 2368.09 1248.47 124.775 26.7882 97.9864 13.1517 1123.7 728.978 167.767 394.719 151.914 561.211 1654.04 255.102
internal_count=26270 15592 11771 1236 446 790 226 10535 6027 1190 4508 2060 4837 10678 1350
is_linear=0
shrinkage=0.0286577


Tree=78
num_leaves=16
num_cat=0
split_feature=21 19 24 33 8 8 17 21 27 36 11 21 19 33 24
split_gain=1.43206 1.51668 1.53383 0.815222 0.985573 2.63109 1.26682 0.684675 0.909558 1.24135 1.00369 0.597013 0.637351 0.59268 0.497458
threshold=0.015829601020870148 0.013464141555312671 10.500000000000002 0.081947990881926627 0.24225459660320817 0.24306297165221985 1.2587460734372917 0.050566416710350809 0.40735270160195503 1.0000000180025095e-35 0.33113661714521131 0.01627546757127309 0.045485707712216016 0.084540244559912062 9.5000000000000018
decision_type=8 8 2 10 8 8 10 10 10 2 10 8 10 10 2
left_child=-1 2 -2 4 14 -6 -7 11 10 -10 -9 12 -5 -13 -3
right_child=1 3 -4 7 5 6 -8 8 9 -11 -12 13 -14 -15 -16
leaf_value=-0.00058451922346483684 1.3119575492988646e-05 -3.5030144063122598e-05 5.497030226855907e-05 -0.0017973927743757002 0.00025436724878608963 -4.5020290973197488e-05 0.00019810059674661424 0.00095170692582017787 0.0019924125966542172 0.002350878705135514 -0.00051748285983675788 0.00087278040531357088 0.0013540979001873254 -8.1222937105244724e-05 -0.00050230578578637638
leaf_weight=644.79174994304776 8.7411523596383613 157.9420546037145 6.9528657197952262 1.8222441906109441 7.1219610357657066 1605.1833956700284 433.74554523499683 121.11163306329399 19.939293302595615 16.959817367605865 88.056839363649487 5.1107633113861075 2.3379950523376465 440.18227750621736 462.12707231380045
leaf_count=3766 808 4389 12 50 46 8385 1849 1112 166 142 660 20 6 3992 867
internal_value=-0.000590813 -0.000350826 0.00844504 -0.000395425 -0.000624967 -0.00031551 -0.000381945 0.00047008 0.00168851 0.00587302 0.000897162 -0.000175373 0.0102798 -0.000300639 -0.00162954
internal_weight=4022.13 3377.33 15.694 3361.64 2666.12 2046.05 2038.93 695.521 246.068 36.8991 209.168 449.453 4.16024 445.293 620.069
internal_count=26270 22504 820 21684 15536 10280 10234 6148 2080 308 1772 4068 56 4012 5256
is_linear=0
shrinkage=0.0286577


Tree=79
num_leaves=16
num_cat=0
split_feature=22 23 8 8 23 16 22 15 5 28 30 8 8 16 8
split_gain=1.19647 1.26746 1.49752 2.77635 1.17764 4.07357 1.1291 0.712766 1.29393 0.752174 0.814565 0.735918 3.01743 2.48254 0.6626
threshold=0.032826042474362341 0.0080900947714844535 0.24225459660320817 0.24557874761501647 0.021724360376201405 1.0735436117587709 0.036958123819828638 1.1528071935899116 0.33316327873289903 0.058300000000000025 21.140000000000004 0.49076944459072885 0.47071412874713325 1.1276132152196239 0.24557874761501647
decision_type=8 10 10 10 8 8 10 8 10 8 8 10 10 10 8
left_child=1 2 -1 -4 5 -2 -7 8 -6 -10 -11 12 14 -14 -9
right_child=4 -3 3 -5 7 6 -8 11 9 10 -12 -13 13 -15 -16
leaf_value=-0.0012034261755128313 -7.1364809139187201e-05 -0.00053915851872634538 0.00024707767905637445 -0.00039619629891932687 -0.00031158266535968453 0.00012254312903088807 6.6651974053882375e-05 -0.00021938804993558352 0.00072110994644125344 0.0022367586183509006 0.00029418479701874296 -0.00021850573634799679 0.00023255538104191052 0.0051126756354275046 8.492821258643203e-06
leaf_weight=18.139905711170286 35.747966062277555 745.18828188767657 7.0014398321509388 9.2419668086804432 647.4962238590233 3.106284772977232 10.217080233618615 732.00118997925892 47.450358927249908 5.248870926909146 4.3676835298538217 180.99787293467671 35.720261316746473 14.336912423372267 1525.8643608328421
leaf_count=804 238 5058 16 270 3134 58 84 6659 291 38 24 634 128 36 8798
internal_value=-0.000503269 -0.00151378 0.00375764 0.010101 -0.000257163 0.00412346 0.017535 -0.000327885 -0.00113375 0.00293662 0.0102967 -9.5678e-05 3.81766e-05 0.00698442 -0.000112108
internal_weight=4022.13 779.572 34.3833 16.2434 3242.56 49.0713 13.3234 3193.48 704.563 57.0669 9.61655 2488.92 2307.92 50.0572 2257.87
internal_count=26270 6148 1090 286 20122 380 142 19742 3487 353 62 16255 15621 164 15457
is_linear=0
shrinkage=0.0286577


Tree=80
num_leaves=16
num_cat=0
split_feature=22 23 20 23 35 35 15 20 21 13 28 28 25 28 35
split_gain=1.22036 1.27495 2.96358 1.17041 2.45972 0.711215 0.631531 0.746803 1.3696 3.85006 0.718447 1.45127 2.83729 0.702045 0.66551
threshold=0.032826042474362341 0.0080900947714844535 0.022158883897218932 0.021724360376201405 5.3471551474976584 2.1108188939397388 1.1528071935899116 0.043136416698808223 0.020201480090352848 1.2793018081193972 0.055949999999999979 0.069900000000000059 0.47332992495670267 -0.17895000000000003 6.5766428368714207
decision_type=8 10 8 8 2 2 8 8 8 10 8 8 8 8 2
left_child=1 2 5 4 -2 -1 10 -8 9 -9 14 12 -12 -10 -5
right_child=3 -3 -4 6 -6 -7 7 8 13 -11 11 -13 -14 -15 -16
leaf_value=3.0065121666415747e-05 1.1833879260047959e-06 -0.00052370749806082435 0.00023999701132602425 -0.00030872537488660742 6.4741884548225907e-05 -0.0011322861487179615 -7.9333532183454295e-05 0.00095677216941977025 0.00050579740177565051 0.00036496489226573462 0.0021726583538914557 -0.0007179256135464618 -9.6594982904273452e-05 -2.6279636235931504e-06 8.8111345830986824e-05
leaf_weight=1.7856262219138468 36.866383079439402 745.18828188767657 5.3332567214965811 610.17087649740279 12.204947989434002 27.264429408591241 784.13841136964038 14.428694533184169 6.5926182840485126 89.295265156775713 8.3709862455725688 58.149779099039733 12.641217397060243 1594.4656081432477 15.230278003960846
leaf_count=50 338 5058 8 3070 42 1032 4101 84 118 793 22 267 58 11159 70
internal_value=-0.000492669 -0.00151303 0.00377447 -0.000244194 0.00412346 0 -0.000314716 -9.58599e-05 0.000236278 0.00342458 -0.00107343 0.00143423 0.00789006 2.30468e-05 -0.00140717
internal_weight=4022.13 779.572 34.3833 3242.56 49.0713 29.0501 3193.48 2488.92 1704.78 103.724 704.563 79.162 21.0122 1601.06 625.401
internal_count=26270 6148 1090 20122 380 1082 19742 16255 12154 877 3487 347 80 11277 3140
is_linear=0
shrinkage=0.0286577


Tree=81
num_leaves=16
num_cat=0
split_feature=1 34 17 26 26 39 34 27 16 7 19 26 26 19 17
split_gain=1.25287 0.929169 0.649 2.21902 1.83367 1.71884 0.724145 1.49637 1.18264 0.994393 0.578502 1.33232 0.485271 0.743347 2.24155
threshold=0.075508620689655179 -0.021384493661004086 1.4292744949751899 0.6638295086853413 0.70418100131039807 1.0000000180025095e-35 0.013627942990790289 -0.0096560704436496683 0.90800953534721118 0.79296606096220212 0.12501108280377402 0.37433237668258257 0.32790579945087656 0.016540296566004909 1.4878300954611379
decision_type=2 8 10 8 8 2 10 8 10 10 10 8 8 8 8
left_child=-1 12 6 10 -5 -6 7 8 -3 -9 -4 -12 -2 14 -14
right_child=1 2 3 4 5 -7 -8 9 -10 -11 11 -13 13 -15 -16
leaf_value=-0.00042638510396133291 -0.00017760333519418271 0.0010390727860087807 -0.00037515392331579462 0.0050143392480348613 -0.00049744397749483115 0.0013790261142819977 -0.00012451350101032492 -5.7645197132380658e-05 -0.002095164279952958 0.003711535414860852 0.00087797762828612229 -0.00070423112993331166 1.1193949710540786e-05 0.00020226664650100466 0.00031081695471092382
leaf_weight=1037.8061147679109 258.27863418031484 4.1095271196682006 135.92762140231207 8.2569282669574005 38.92099767178297 48.245543874800205 576.52962365932763 1186.3835165312048 2.6078021102584898 5.8667276799678794 3.6920411372557256 9.5622899667359889 14.759253251366319 685.38988707493991 5.7901513436809173
leaf_count=8231 2219 14 516 26 168 239 1692 6193 68 38 36 46 178 6578 28
internal_value=-0.000520358 -0.000218082 -0.00056975 0.000793804 0.00422684 0.00284278 -0.000763287 -0.000351144 0.0128646 -0.000436412 -0.00133861 0.0040967 0.000508323 0.000902421 0.00630625
internal_weight=4022.13 2984.32 2020.1 244.605 95.4235 87.1665 1775.5 1198.97 6.71733 1192.25 149.182 13.2543 964.218 705.939 20.5494
internal_count=26270 18039 9036 1031 433 407 8005 6313 82 6231 598 82 9003 6784 206
is_linear=0
shrinkage=0.0286577


Tree=82
num_leaves=16
num_cat=0
split_feature=21 19 19 35 21 31 33 18 18 5 10 21 5 30 8
split_gain=1.30616 2.45717 2.20563 0.777027 1.45965 1.44443 1.0379 1.02733 0.984104 0.944345 2.63734 0.925083 3.09136 0.785865 0.722548
threshold=0.015579671022460476 0.013464141555312671 0.0116826418759598 2.6008360479532171 0.021548705346107502 1.6450000000000007 0.072250160258421695 0.037064353712662708 -0.050401396914427403 0.20957213791665538 0.59195378719951941 0.016049613814811469 0.032266170836150555 16.285000000000004 0.81339395314152785
decision_type=8 8 10 2 8 10 8 8 10 10 10 8 8 8 10
left_child=-1 2 -2 4 5 -3 11 8 -6 13 -11 12 -5 -8 -13
right_child=1 3 -4 6 7 -7 9 -9 -10 10 -12 14 -14 -15 -16
leaf_value=-0.00055910456111991674 5.6225534682616878e-05 -0.0015461219658932325 9.6073432047246585e-05 1.6828217471239447e-05 -0.00019727690594833596 0.0020243414283961409 0.00016663284729078899 -0.00030015932568639326 0.00073552836371805041 0.00014122038225175562 0.0018518714186943367 -0.00012423177529815663 -0.0010244462939775032 -0.00010875415506718511 0.0035937320988220019
leaf_weight=629.75776997022331 8.2958329282700998 5.6220213249325743 7.4150554821826509 5.5093293190002441 55.358771639876068 8.6567466836422664 221.43456550268456 75.747995542129502 116.62725011957809 567.06825902848504 6.2030075490474692 1922.1290373429656 11.799873339012267 362.49678104254417 18.004363223910332
leaf_count=3674 740 50 84 8 252 52 2536 465 890 4486 64 9543 72 3276 78
internal_value=-0.000505242 -0.000279165 0.0109275 -0.000334994 0.00115238 0.0100324 -0.000463387 0.000591602 0.001847 0.000210074 0.00104243 -0.000866588 0.00560623 -0.00059013 -0.000930122
internal_weight=4022.13 3392.37 15.7109 3376.66 262.013 14.2788 3114.65 247.734 171.986 1157.2 573.271 1957.44 17.3092 583.931 1940.13
internal_count=26270 22596 824 21772 1709 102 20063 1607 1142 10362 4550 9701 80 5812 9621
is_linear=0
shrinkage=0.0286577


Tree=83
num_leaves=16
num_cat=0
split_feature=26 26 35 9 33 35 35 12 24 26 18 28 7 24 12
split_gain=1.32414 1.24448 3.25782 2.64027 0.95709 1.01784 0.80074 1.22307 4.3036 1.44011 0.866228 1.62899 0.780799 0.89461 0.739747
threshold=0.43735420466710478 0.46477957081496768 5.0752050642573057 0.29795539491374806 0.10496608982688295 5.5534826946929359 2.5261284843935381 0.089990766968069014 11.500000000000002 0.4750403884428327 0.12666511716178777 0.0091000000000000265 0.17149961607019712 11.500000000000002 0.061208351263766884
decision_type=8 8 2 8 10 2 2 10 2 8 10 10 8 2 10
left_child=-1 2 12 -4 6 14 7 9 -9 -3 -8 -12 13 -2 -6
right_child=1 4 3 -5 5 -7 10 8 -10 -11 11 -13 -14 -15 -16
leaf_value=-0.00030128476233182047 -0.00050321743452030356 0.0023151910754453035 -6.2574557390820187e-05 0.0013758260808212669 1.6738649128577887e-05 0.0011271224001395464 -4.6139873358682493e-05 0.00021765946245083702 0.0014198583356498722 -3.2712524841503843e-05 -0.00022876001061515985 0.0021754944674720737 -2.5057658119912317e-05 0.00040728073744201413 0.0013798615294240964
leaf_weight=1771.426412493689 3.1807105848565689 3.2831817436963311 9.7923958553001302 16.34116704761982 118.84205901995301 13.684771027415989 1781.0871561160311 39.128064605407417 14.107794884592293 75.048841736745089 12.521279223263265 8.5980831980705243 115.61461646528915 2.9918243885040283 36.478301648050547
leaf_count=11230 82 28 132 44 1286 200 11434 240 28 469 85 24 690 4 294
internal_value=-0.000471297 -5.52365e-06 0.0025285 0.0116797 -0.00018877 0.00186812 -0.000373883 0.00176504 0.00512194 -0.000397939 -0.000535761 0.00515396 0.000464946 0.010212 0.00112791
internal_weight=4022.13 2250.7 147.921 26.1336 2102.78 169.005 1933.77 131.568 53.2359 78.332 1802.21 21.1194 121.787 6.17253 155.32
internal_count=26270 15040 952 176 14088 1780 12308 765 268 497 11543 109 776 86 1580
is_linear=0
shrinkage=0.0286577


Tree=84
num_leaves=16
num_cat=0
split_feature=26 34 18 18 24 26 38 20 5 27 20 20 26 18 20
split_gain=1.0314 1.10836 1.18711 2.54278 1.98557 1.7598 1.86802 1.36032 1.7254 1.09929 0.958479 0.759712 1.03231 1.62259 2.98841
threshold=0.43002484893211984 -0.013719353809777067 0.041093345644249941 0.043067121193416054 10.500000000000002 0.11564756659324311 11.500000000000002 0.0048233728506814075 0.19879742331924358 0.59664228956615462 0.22151002963964506 0.045994279862747102 0.49597511072931927 -0.04665515824927035 0.052210333423338119
decision_type=8 8 10 10 2 10 2 8 10 8 10 8 10 10 8
left_child=1 2 7 4 -4 -5 -7 8 -1 11 -3 -2 13 14 -13
right_child=9 10 3 5 -6 6 -8 -9 -10 -11 -12 12 -14 -15 -16
leaf_value=-0.0021019363744751033 -3.380898535320002e-05 -0.00045516329281022438 0.0024766434410557181 0.0021388007806285108 0.0013271987409238684 -0.00031538182357962821 0.00013058852027301738 -0.00029265064652485442 0.0001019543082550754 -0.00011288706486314162 0.00038652337015594013 0.0041565221551666766 2.9589178738287948e-05 9.2072435441997254e-06 0.00086370816432991364
leaf_weight=5.1960641462355834 698.69696667557582 857.5615357325878 9.5413641091436165 4.6163917733356348 11.268634319305418 121.42026715073735 3.0748811960220328 720.62831441126764 5.183728639036417 459.7971866382286 6.8245577234774819 11.869320332072673 891.46407119766809 159.54602136462927 55.437354629160836
leaf_count=86 4864 4550 90 76 22 896 6 5242 30 3063 40 50 5805 964 486
internal_value=-0.000504661 -0.00102938 -0.000300186 0.00200232 0.0112608 0.000415757 -0.000164398 -0.000786499 0.00931559 -9.80004e-05 -0.00176073 0.000214081 0.000681078 0.0024108 0.00615632
internal_weight=4022.13 1745.32 880.93 149.922 20.81 129.112 124.495 731.008 10.3798 2276.81 864.386 1817.01 1118.32 226.853 67.3067
internal_count=26270 11038 6448 1090 112 978 902 5358 116 15232 4590 12169 7305 1500 536
is_linear=0
shrinkage=0.0286577


Tree=85
num_leaves=16
num_cat=0
split_feature=34 9 9 34 17 17 34 33 31 17 0 39 0 17 30
split_gain=0.992764 0.99925 3.07774 1.63554 0.887355 2.51631 1.27413 2.16145 0.985664 1.28252 0.671479 1.51874 2.55225 0.776218 0.559256
threshold=-0.012330511834220013 0.17920313031801835 0.18013557774977071 -0.013973805227124157 1.4367325968712794 1.4644184452395967 0.034263215791050634 0.0064691622868922058 1.6149999999999995 1.6370658451778757 0.44620000000000004 3.5000000000000004 0.49277500000000002 1.2587460734372917 16.345000000000002
decision_type=8 10 10 10 10 10 10 8 8 8 2 2 2 10 10
left_child=1 -1 3 -3 -2 -6 8 -8 9 -7 14 13 -13 -12 -4
right_child=4 2 10 -5 5 6 7 -9 -10 -11 11 12 -14 -15 -16
leaf_value=-0.0007097721376708064 -0.00010872151835068974 -0.00064407146553046668 9.9032536514346184e-05 0.00088559806032717666 0.0048746745225824104 -0.0010402742973365132 -0.00034950368218868708 0.001345357793808536 -0.00044164602508400911 0.0012240021323685186 -2.1741210152948609e-05 0.00088814688775339058 0.00046072294439221775 0.00016969552626525377 -0.00039863639608291463
leaf_weight=246.50067743426189 1670.3136646065395 2.7850819360464811 364.17068595765159 6.8162435293197614 7.5302475905045858 9.8445696989074367 20.977119408547878 15.618146345019339 105.05023835645989 6.9232600908726445 721.83894024416804 10.972224920988081 76.662540033459663 253.96117405639961 502.16184582933784
leaf_count=2376 8886 78 3390 14 66 61 124 36 490 54 5285 47 322 1654 3387
internal_value=-0.000489572 -7.19637e-05 0.000141806 0.0161396 -0.000981198 0.000983968 0.000139789 0.00486683 -0.00120517 0.00502181 5.51441e-05 0.00054224 0.00415707 0.000206499 -0.00053127
internal_weight=4022.13 2185.87 1939.37 9.60133 1836.26 165.944 158.413 36.5953 121.818 16.7678 1929.77 1063.43 87.6348 975.8 866.333
internal_count=26270 16553 14177 92 9717 831 765 160 605 115 14085 7308 369 6939 6777
is_linear=0
shrinkage=0.0286577


Tree=86
num_leaves=16
num_cat=0
split_feature=21 23 35 26 21 26 16 16 33 26 23 23 10 35 10
split_gain=1.18396 0.998013 2.59303 0.967898 0.923587 1.65424 1.27805 1.06367 0.947343 0.777421 0.654442 2.78948 0.80675 0.425456 1.33197
threshold=0.015579671022460476 0.0080900947714844535 5.2141196737363229 0.43735420466710478 0.021990474448355991 0.47217824249148288 1.0161533622537962 1.0762008315511578 0.010036345507594581 0.46735901244321326 0.037635937312786284 0.037777518662347416 0.28797545805493768 2.4765380470349503 0.32759757430986641
decision_type=8 8 2 8 8 10 10 10 10 8 8 8 10 2 10
left_child=-1 2 -2 10 5 6 -5 -7 -6 -10 13 -12 -13 14 -3
right_child=1 3 -4 4 8 7 -8 -9 9 -11 11 12 -14 -15 -16
leaf_value=-0.00052462154876864247 2.5145536738582464e-05 -0.00063868022491048193 0.00021666031642657947 0.00084207201491550039 -4.955807227011449e-05 -3.1192185343665371e-05 -2.2086674875397866e-06 0.0017055293235062644 0.00066509132142218469 1.0527135296780421e-05 0.0024600902058597588 4.2750137701609219e-05 -0.00034960331145575131 -0.00050022616831310628 0.00015646972899981018
leaf_weight=629.75776997022331 19.081549074035141 12.412223819643257 5.4637910486198953 35.386912704445422 596.53056814754382 101.69588948599994 17.191992769017816 33.696782955899835 86.987167796120048 1134.1685154540464 6.3431044891476622 432.84841843671165 423.75257472926751 483.7368060015142 3.0725931562483302
leaf_count=3674 822 106 44 207 4337 832 120 360 462 6700 30 3774 2022 2742 38
internal_value=-0.000505177 -0.000289714 0.00541791 -0.000334634 6.11103e-05 0.00197555 0.00628573 0.000220509 -0.000131615 0.000319391 -0.000924548 -0.000431188 -0.000584997 -0.00175684 0.00263001
internal_weight=4022.13 3392.37 24.5453 3367.82 2005.66 187.972 52.5789 135.393 1817.69 1221.16 1362.17 862.944 856.601 499.222 15.4848
internal_count=26270 22596 866 21730 13018 1519 327 1192 11499 7162 8712 5826 5796 2886 144
is_linear=0
shrinkage=0.0286577


Tree=87
num_leaves=16
num_cat=0
split_feature=22 34 35 35 17 35 8 17 22 33 35 19 24 22 35
split_gain=1.14001 1.16317 0.813503 1.51562 1.03058 1.27788 1.38607 1.20431 1.42166 0.963711 0.86448 1.02418 2.53929 1.40556 0.832173
threshold=0.063874553993696556 -0.013252614868770605 4.1767689729838642 4.1682143988072289 1.2587460734372917 3.6087533729531898 0.32520195969544302 1.2631847416622672 0.13043478260869565 0.029414406599503343 4.5555066425963373 0.061746592260899631 11.500000000000002 0.065264215078416746 2.0515431210794284
decision_type=8 8 2 2 10 2 10 10 10 10 2 8 2 8 2
left_child=1 -1 3 4 5 14 -7 -6 -9 -4 -11 12 -12 -13 -2
right_child=2 -3 9 -5 7 6 -8 8 -10 10 11 13 -14 -15 -16
leaf_value=-4.8646421233728814e-05 0.0014443868403941054 -0.00019747094652459001 -0.00029946676556301188 0.0012263808448105908 0.00036164270571531531 0.0011924558413956609 -0.0001607044458642375 1.6830315389671119e-05 0.0015484314888615143 -0.00067015860519196438 0.0014144218967323755 0.0038116750899971114 0.00096572894419831882 1.3869260378814762e-05 -0.00010889594865168292
leaf_weight=1178.1961459554732 47.550795184914023 1254.1645503528416 342.88810167415068 5.4190532555803648 7.1157894050702444 78.381409949390218 100.19810307305306 156.00075078988448 55.635712555143982 90.439271577633917 34.772643014788628 6.1449365923181167 5.6096742153167716 227.15140939503908 432.45831304788589
leaf_count=10238 272 5641 2416 58 34 1000 384 919 276 548 146 48 8 1459 2823
internal_value=-0.000531306 -0.000921586 5.96127e-05 0.000645412 0.000538242 -1.30624e-05 0.00203948 0.00224177 0.00178956 -0.000657706 0.000346306 0.00117223 0.005393 0.000394427 -0.000798016
internal_weight=4022.13 2432.36 1589.77 882.76 877.341 658.589 178.58 218.752 211.636 707.006 364.118 273.679 40.3823 233.296 480.009
internal_count=26270 15879 10391 5766 5708 4479 1384 1229 1195 4625 2209 1661 154 1507 3095
is_linear=0
shrinkage=0.0286577


Tree=88
num_leaves=16
num_cat=0
split_feature=34 26 17 17 35 32 20 17 26 26 17 5 5 37 11
split_gain=0.993418 1.33456 2.32712 2.58818 2.5621 1.58479 1.45525 1.31798 1.10501 1.93748 2.14705 1.04028 1.58722 1.81098 1.13867
threshold=-0.012330511834220013 0.63932546433519832 1.4367325968712794 1.6810688923048309 3.1576383119446927 0.80408970976253313 0.18701826229505514 1.5013168331599307 0.19804467172124296 0.20594732578974498 0.98015253996714569 0.17156251249867918 0.17267800488030963 1.0000000180025095e-35 0.28522065327467538
decision_type=8 8 10 10 2 8 8 10 10 10 10 10 10 2 8
left_child=8 -2 5 4 -4 6 -3 -6 -1 10 -10 -11 13 -13 -14
right_child=1 2 3 -5 7 -7 -8 -9 9 11 -12 12 14 -15 -16
leaf_value=-0.00086146781530776595 -0.00018056254634763884 3.7214298183578435e-05 0.0046903016614440983 -0.00045649512645380816 0.001461745733374333 -4.5464325636340257e-05 0.0035085925819067693 -0.00039226244533845068 -0.00016084004633293435 -0.00022064767816255866 0.00050891142251064325 0.00021184543160782189 -9.8698239880250113e-05 -0.0005594810221204485 0.0005958173757637309
leaf_weight=334.02240455709398 1173.9810051482636 138.15913299191743 11.883899718057362 28.118582221679389 11.929555867332967 453.14846469834447 3.1579962950199834 15.878609156236051 7.603638430126014 702.46528986562043 11.423158259131013 5.82139770593494 551.53720458131284 4.1467221602797508 568.84959838213399
leaf_count=2494 6486 1042 50 128 56 1842 20 93 56 5160 56 34 4833 32 3888
internal_value=-0.000541639 -0.00103374 0 0.00501539 0.00973983 -0.000579473 0.00203931 0.00444401 -0.000123629 0.000145152 0.00919068 4.46797e-05 0.000587994 0.0118845 0.000476194
internal_weight=4022.13 1836.26 662.276 67.8106 39.6921 594.466 141.317 27.8082 2185.87 1851.85 19.0268 1832.82 1130.35 9.96812 1120.39
internal_count=26270 9717 3231 327 199 2904 1062 149 16553 14059 112 13947 8787 66 8721
is_linear=0
shrinkage=0.0286577


Tree=89
num_leaves=16
num_cat=0
split_feature=15 32 11 11 22 17 23 28 17 23 25 22 25 31 24
split_gain=1.00151 0.897029 0.946746 0.967986 2.49407 1.44637 1.24825 0.975098 5.06796 0.863049 1.87778 0.835551 1.63936 0.777833 0.701476
threshold=1.0436375796403619 0.91424802110817949 0.28896766080457498 0.29456272383779819 0.063050231968803619 1.1214216654230251 0.019944724045358134 0.18410000000000001 1.4033034374824884 0.0080900947714844535 0.37792670931341871 0.026871681976581695 0.079398856341409751 4.405000000000002 7.5000000000000009
decision_type=10 10 10 10 10 10 8 8 10 8 10 8 8 10 2
left_child=14 2 9 4 6 -6 -4 13 -9 10 -2 -11 -13 -5 -1
right_child=1 -3 3 7 5 -7 -8 8 -10 11 -12 12 -14 -15 -16
leaf_value=0.00018989321722735024 2.7832471354395159e-05 -0.00053272770820016809 0.00034206856192948418 2.8405180543287453e-05 0.0034732887414828362 -0.0028857138985510155 -0.00072047069426755303 -9.2201264530835991e-05 0.0040564465365049897 -0.00072219630891062747 0.00020577443759032775 0.00010734079057986272 -9.7334946778164562e-05 -0.00022908436349793681 -9.0450473744795945e-05
leaf_weight=65.514878025976941 22.511368962004784 207.47069749236107 3.3605296462774268 1045.3681539553218 15.570020321756603 4.2165835415944448 39.380867936648428 50.129539373330772 15.805814105086027 280.87910505803302 7.0688256304711095 2.808847874402999 1270.6242416575551 156.68558560311794 834.73160085454583
leaf_count=2979 800 886 28 5915 92 48 238 286 71 2112 22 8 9607 386 2792
internal_value=-0.00051697 -0.000270101 -0.000136755 0.000422343 0.00390724 0.0122556 0 0.000241968 0.00363114 -0.000612692 0.00416956 -0.000710709 -0.000388881 4.71271e-05 -0.00136172
internal_weight=4022.13 3121.88 2914.41 1330.52 62.528 19.7866 42.7414 1267.99 65.9354 1583.89 29.5802 1554.31 1273.43 1202.05 900.246
internal_count=26270 20499 19613 7064 406 140 266 6658 357 12549 822 11727 9615 6301 5771
is_linear=0
shrinkage=0.0286577


Tree=90
num_leaves=16
num_cat=0
split_feature=31 26 17 30 30 22 19 26 26 27 20 7 5 31 24
split_gain=0.838132 1.25899 1.16944 1.32984 2.015 2.42493 1.91387 1.28829 1.10945 1.0864 2.64129 1.19839 2.03862 0.767507 0.750918
threshold=4.360000000000003 0.26366847153172229 0.90483947512261442 16.490000000000006 16.200000000000003 0.032498604921144293 0.0090087885085657921 0.27028001263253804 0.81984189984802303 0.10121446115735792 0.0068977768017373662 0.23099459789742985 0.046135404326649171 -0.11000000000000031 10.500000000000002
decision_type=8 10 10 10 10 10 8 10 10 8 10 10 10 10 2
left_child=1 9 3 4 13 -6 -5 -8 14 10 -1 -12 -13 -3 -4
right_child=-2 2 8 6 5 -7 7 -9 -10 -11 11 12 -14 -15 -16
leaf_value=0.00011803614452038778 -5.9383617171613895e-05 0.00074104371280258284 3.2905241452843848e-05 0.00037954622053449288 0.00019987742404567506 0.00059405691438073945 0.00016200520170233089 -1.9789467217383888e-05 0.00072462842082558776 -0.00056029866529826969 -0.00081711148188330543 0.00069699650701785768 0.00083446042985422793 -0.00040717769472323613 -0.00012343146167682328
leaf_weight=8.4379788553342205 925.00116969575174 85.374919296242297 606.70145676564425 3.5192933306097975 18.18398018181324 67.893639206886292 10.038901118561624 467.75129917170852 141.87814089749008 557.15166147053242 112.38645871449262 8.9108979590237123 62.169783423189074 117.97639624495059 828.75068370625377
leaf_count=66 6784 850 6956 24 52 162 36 2835 1544 3121 782 40 356 1130 1532
internal_value=-0.000540455 -0.000310096 1.20883e-05 0.000930949 0.0024652 0.00615355 0 -0.000152343 -0.000430659 -0.00133303 0.000484859 -0.00019169 0.00265499 0.000849867 -0.00067486
internal_weight=4022.13 3097.13 2348.07 770.738 289.429 86.0776 481.309 477.79 1577.33 749.057 191.905 183.467 71.0807 203.351 1435.45
internal_count=26270 19486 15121 5089 2194 214 2895 2871 10032 4365 1244 1178 396 1980 8488
is_linear=0
shrinkage=0.0286577


Tree=91
num_leaves=16
num_cat=0
split_feature=22 35 16 22 20 12 17 35 35 35 30 14 12 11 12
split_gain=0.865514 0.768812 0.738979 1.43988 2.41654 2.00401 1.09979 1.69623 2.04371 1.78936 3.82115 0.954472 0.87818 3.78335 1.30311
threshold=0.026871681976581695 2.1108188939397388 1.0082701684279762 0.028069793456763126 0.02703160465836885 0.032912436082900724 1.4367325968712794 3.1576383119446927 3.1128483954983577 5.361995895593366 17.950000000000003 2.2677399325410379 0.044829432236594385 0.46260680813660782 0.043951927938330339
decision_type=8 2 8 10 8 10 10 2 2 2 10 10 10 10 10
left_child=1 -1 3 4 5 -2 12 8 11 -9 -11 -8 13 14 -4
right_child=2 -3 6 -5 -6 -7 7 9 -10 10 -12 -13 -14 -15 -16
leaf_value=0.0028372355110548087 2.8973527135879731e-05 -0.00066329487262320127 -3.4613095532617463e-05 -7.1025228064711266e-06 -0.00066751936163857758 0.00072326822798301962 -0.00053930882809669284 -0.00041026534460366905 0.0045586118292354457 -0.00054505923476621339 0.00089888643476384634 0.00395625512501558 -0.0001838444484421514 0.0017290723034588797 0.00037363297432929887
leaf_weight=4.1664559510536483 7.8934394456446197 482.35786032211035 668.02822020207532 1774.2117428136989 19.623102931305766 9.0377474222332221 15.924957006238403 129.49360771849751 8.5119684934616071 14.083479649852963 10.082905948162077 11.124944422394035 851.67533886991441 5.9238569289445868 9.9870319128967804
leaf_count=70 62 4138 5139 11373 142 34 90 782 16 126 26 106 4018 46 102
internal_value=-0.00057502 -0.00171461 -0.000415289 -5.36344e-06 0.00560081 0.0134971 -0.000839808 0.0011956 0.00681746 -4.90056e-05 0.00700309 0.00247265 -0.00109724 -0.00031438 -0.000531559
internal_weight=4022.13 486.524 3535.6 1810.77 36.5543 16.9312 1724.84 189.222 35.5619 153.66 24.1664 27.0499 1535.61 683.939 678.015
internal_count=26270 4208 22062 11611 238 96 10451 1146 212 934 152 196 9305 5287 5241
is_linear=0
shrinkage=0.0286577


Tree=92
num_leaves=16
num_cat=0
split_feature=20 23 15 33 20 10 27 35 23 23 6 35 20 11 35
split_gain=1.08944 3.67364 1.18101 0.62029 0.726079 1.80465 0.730458 0.508589 0.580505 2.05544 0.520733 0.511513 0.498521 1.80093 1.92354
threshold=0.026072699476450138 0.0080900947714844535 1.0436375796403619 0.0076844477678003073 0.032336433143868977 0.29358954044131863 -0.0096560704436496683 3.99608817346116 0.083367405900607636 0.08810306170226502 1.2099517044911836 3.8624123060989137 0.009522046518012724 0.1633970248371637 3.9609083986236735
decision_type=8 8 10 10 8 10 8 2 8 8 8 2 10 8 2
left_child=12 -2 7 -4 5 -5 -6 8 11 -10 -9 -3 13 14 -1
right_child=1 2 3 4 6 -7 -8 10 9 -11 -12 -13 -14 -15 -16
leaf_value=0.00038767779248404357 0.00021315788299427723 -3.448159805231739e-05 -0.0002361733951652426 7.6763581623299206e-06 0.00083821745620926594 0.00020499047022151212 -1.2366601739418281e-05 0.00082548363575609242 0.001129021947498239 9.4622239894006586e-05 -0.0005324241814072037 0.00082808350334219038 -0.00040268522470755244 -0.00011865841572819451 0.0005928954855997224
leaf_weight=8.8908722465857881 5.3332567214965811 179.99999355245382 364.78260476049036 157.59958485979587 11.098508148454128 54.589668177068233 1872.9783193785697 7.5029421057552099 5.7101241052150717 40.15328053641133 458.31284581171349 23.735193146392703 746.59770583221689 73.443613769020885 11.398146886844186
leaf_count=184 8 953 3865 976 119 292 10321 22 30 742 2911 127 4406 1066 248
internal_value=-0.000549708 -0.000303324 -0.000347134 -4.49742e-05 0.000140632 0.00172991 -3.32612e-05 -0.00137232 -0.000280767 0.00256605 -0.00193542 -0.000972594 -0.00147043 0.000414761 0.00800464
internal_weight=4022.13 3181.8 3176.46 2461.05 2096.27 212.189 1884.08 715.414 249.599 45.8634 465.816 203.735 840.33 93.7326 20.289
internal_count=26270 20366 20358 15573 11708 1268 10440 4785 1852 772 2933 1080 5904 1498 432
is_linear=0
shrinkage=0.0286577


Tree=93
num_leaves=16
num_cat=0
split_feature=22 34 7 24 22 33 27 24 35 15 35 32 22 18 5
split_gain=1.09307 0.926558 2.15367 0.853251 1.86331 0.792995 0.863026 1.05709 2.16502 1.34945 0.826954 1.68577 0.920706 0.763033 1.46694
threshold=0.032826042474362341 -0.035113476538050296 0.30908465792043321 11.500000000000002 0.025071154728341146 0.072250160258421695 0.42410365526500343 9.5000000000000018 5.0752050642573057 1.2039387489224995 2.6585092034639635 0.48614775725593673 0.043994137575872519 0.10389740633013912 0.30394944294367643
decision_type=8 8 10 2 10 10 10 2 2 10 2 8 10 10 10
left_child=1 2 3 -1 -5 10 -7 -8 -9 -10 11 12 -2 -12 -15
right_child=5 -3 -4 4 -6 6 7 8 9 -11 13 -13 -14 14 -16
leaf_value=-0.00039976037336941539 -0.0019719330737488321 -0.00048083631345708109 0.0011228175172412387 0.00015936804687074221 -0.00069425575329766401 -3.1020677037185865e-06 -0.00025232097595120434 0.00069819126185490269 0.0013088617013434823 0.0014059584674145941 -6.3065578226838243e-05 4.8093783078849799e-05 0.0008759601088865125 -5.3530838958106522e-06 0.0020225156360836093
leaf_weight=164.60827155504376 3.5004209112375966 559.75289567327127 10.207557047717271 15.999770164489744 29.003099799156189 791.91387283243239 48.904994552955031 91.689724557101727 7.0150043964385977 8.6720218658447248 2037.5380916553549 181.94519750704058 10.980817480478434 44.265451591461897 16.129468448460102
leaf_count=2848 34 3058 178 24 40 5500 990 288 24 24 11782 953 254 217 56
internal_value=-0.000547561 -0.00151425 1.79473e-05 -0.00056869 0.00284189 -0.00031199 0.000378658 0.00232324 0.00393134 0.0138079 -0.000601764 0.00115521 0.0105115 -0.00077112 0.00235368
internal_weight=4022.13 779.572 219.819 209.611 45.0029 3242.56 948.196 156.282 107.377 15.687 2294.36 196.426 14.4812 2097.93 60.3949
internal_count=26270 6148 3090 2912 64 20122 6826 1326 336 48 13296 1241 288 12055 273
is_linear=0
shrinkage=0.0286577


Tree=94
num_leaves=16
num_cat=0
split_feature=22 20 20 20 35 16 23 35 22 38 8 27 27 27 30
split_gain=0.928195 0.881802 3.48789 0.868858 1.75067 0.797689 1.44499 4.73027 1.26308 2.44065 1.2604 3.02796 0.786725 1.36973 0.783614
threshold=0.026871681976581695 0.027327355050659866 0.027852685697088517 0.0079447240205538523 4.105778926272893 1.0082701684279762 0.021724360376201405 5.3471551474976584 0.027834273279029497 1.5000000000000002 0.24557874761501647 -0.0096560704436496683 0.58331236369736639 0.57602241019910749 15.935000000000002
decision_type=8 10 10 8 2 8 8 2 10 2 10 8 8 8 10
left_child=1 -1 -3 4 -2 8 7 -7 9 -5 -10 -12 13 -8 -11
right_child=3 2 -4 5 -6 6 12 -9 10 14 11 -13 -14 -15 -16
leaf_value=-0.00067436000906144315 0.0001191702665454574 0.00020248216214248775 -0.00038830417713833581 1.1539855528658886e-05 -5.5172453835954697e-05 -0.00099107216791813986 -5.0187041810056352e-05 0.00028940564892447916 -0.0002355460415420025 0.0007255372660100052 0.000706283951855189 4.7897937659180673e-05 -8.9693905130663532e-05 0.00036175412595341663 -0.00064622811013441016
leaf_weight=414.16920350911096 4.4143796283751708 12.67835429497063 59.676758469082415 5.5785842966288355 6.6654845029115677 43.965831426903605 1373.1269874586724 11.652656644582747 627.86673691030592 6.3473584447056082 14.663511082530022 1129.9968888331205 287.0249078895431 5.0061465203762046 19.292870126664639
leaf_count=3836 34 50 322 18 44 346 8314 30 5211 60 50 6116 1715 20 104
internal_value=-0.000448785 -0.00162643 0.00120264 -0.000283822 0.00761241 -0.000311963 -0.000754039 0.00374592 0.000104301 0.00579734 0 0.000569233 -0.000910816 -0.000616398 0.00156165
internal_weight=4022.13 486.524 72.3551 3535.6 11.0799 3524.52 1720.78 55.6185 1803.75 31.2188 1772.53 1144.66 1665.16 1378.13 25.6402
internal_count=26270 4208 372 22062 78 21984 10425 376 11559 182 11377 6166 10049 8334 164
is_linear=0
shrinkage=0.0286577


Tree=95
num_leaves=16
num_cat=0
split_feature=9 9 30 15 20 22 18 8 33 33 18 33 25 14 22
split_gain=0.937159 3.09405 1.23576 0.707863 0.946396 4.1825 2.52539 1.36303 2.23692 0.635513 0.520132 0.489884 0.467214 1.90128 1.50001
threshold=0.17920313031801835 0.18013557774977071 16.395000000000003 1.0436375796403619 0.02703160465836885 0.023671853541380738 0.0046699901897274696 0.16724176974977498 0.036454275070580307 0.0076844477678003073 -0.04665515824927035 0.089339636889244192 0.24267750904375138 1.3736093962407281 0.041765975341390184
decision_type=10 10 10 10 8 8 10 10 10 8 8 8 8 10 10
left_child=10 2 -2 12 7 6 -6 8 -5 -7 -1 -9 13 -3 -15
right_child=1 3 -4 4 5 9 -8 11 -10 -11 -12 -13 -14 14 -16
leaf_value=0.00011238166322662003 0.00086785133700867216 -0.00084532288200883556 -0.00060029072874074197 0.00013731050889039271 -0.00031658619438266285 -0.00024319607724665682 0.0011017680848334187 -0.0004004667698368627 -0.0010765189181651917 1.3314643327556269e-05 -9.6836916754075098e-05 0.00011421672177334378 -0.00023476249955399031 -0.00052630104496429462 0.0007829713997248932
leaf_weight=2.3293516091071069 7.5670540947467071 41.06621500570327 2.443632435053587 5.9226104756817213 4.8691791221499434 348.79689214378595 11.128444995731114 404.88780850265175 9.3188717607408744 1923.4756948784925 681.21841444238089 88.224266442004591 477.67076961370185 5.7697854628786427 7.4376690536737442
leaf_count=150 52 205 44 41 44 2431 46 2151 104 10438 6990 928 2580 40 26
internal_value=-0.000527391 -0.000325585 0.0153798 -0.000376867 -0.000190393 5.39543e-05 0.0145535 -0.00130939 0.00695021 -4.52056e-05 -0.00149805 -0.00158797 -0.00133801 0.00106966 0.0105422
internal_weight=4022.13 3338.58 10.0107 3328.57 2796.62 2288.27 15.9976 508.354 15.2415 2272.27 683.548 493.112 531.944 54.2737 13.2075
internal_count=26270 19130 96 19034 16183 12959 90 3224 145 12869 7140 3079 2851 271 66
is_linear=0
shrinkage=0.0286577


Tree=96
num_leaves=16
num_cat=0
split_feature=34 23 19 17 23 4 18 35 30 24 18 18 23 30 34
split_gain=1.00515 1.31257 2.30066 1.23793 3.68501 1.17232 2.54968 1.22442 1.85468 0.926592 0.809632 0.730797 1.01818 1.25018 0.751221
threshold=-0.013719353809777067 0.0080900947714844535 0.028060163187381613 1.4292744949751899 0.14227464422795288 0.19081854529083095 0.019346657609383148 5.361995895593366 19.085000000000004 8.5000000000000018 0.17524079693891007 -0.053998281759780546 0.083367405900607636 16.000000000000004 -0.0076881184629080659
decision_type=8 8 10 10 10 8 10 2 10 2 10 10 10 10 8
left_child=1 2 -1 9 5 7 -7 -5 -9 11 -11 12 14 -14 -2
right_child=3 -3 -4 4 -6 6 -8 8 -10 10 -12 -13 13 -15 -16
leaf_value=-0.00018447566529221872 0.0013101375345814532 -1.0866629293308968e-05 0.00016510540406651313 -0.00039528971424669012 0.0013605663997918133 0.0038242806647618382 -0.00087607383429886784 -0.00013057501212998448 0.00087634484060382389 -8.980327200999662e-05 0.0020254989968358905 -2.6333685480716372e-05 0.0018670877606433629 -0.00057477402810761911 -6.875675804353211e-05
leaf_weight=10.036453070119022 2.5213644504547119 1786.2513240235858 5.4766520876437417 202.88721108157188 7.6248649647459379 15.304272228851913 17.64908289629966 12.326334084849806 8.1610873043537122 1662.8112445957959 11.61467933654785 208.8776298542507 10.725851912051441 6.0502309887669972 53.808377158595249
leaf_count=408 32 15205 28 767 52 97 69 66 26 3570 24 3476 186 82 2182
internal_value=-0.000545739 -3.70445e-05 0.00819316 -0.000954001 0.00086583 0.000233825 0.0052857 -0.00047159 0.00608883 -0.00120469 -0.00146161 0.000285596 0.00276976 0.00897476 0.000716881
internal_weight=4022.13 1801.76 15.5131 2220.36 263.953 256.328 32.9534 223.375 20.4874 1956.41 1674.43 281.983 73.1058 16.7761 56.3297
internal_count=26270 15641 436 10629 1077 1025 166 859 92 9552 3594 5958 2482 268 2214
is_linear=0
shrinkage=0.0286577


Tree=97
num_leaves=16
num_cat=0
split_feature=26 33 10 10 10 26 16 28 8 8 27 16 19 19 17
split_gain=1.22825 1.15847 0.94585 0.88302 0.852956 1.00112 0.812144 0.838666 0.827059 1.21939 0.787392 0.730056 0.603631 4.11749 2.06957
threshold=0.43002484893211984 0.11107218967651501 0.59195378719951941 0.75564174773701542 0.092727151753117035 0.53322341824902153 0.63126559871117116 0.093799999999999981 0.23666124195586802 0.23851510372243842 0.17963233345834728 0.9401688429773567 0.02934646566757566 0.029595020844038773 0.90483947512261442
decision_type=10 10 10 8 8 10 8 10 10 10 10 10 8 8 8
left_child=12 4 10 -4 5 -2 7 -6 -8 -10 11 -3 -1 14 -14
right_child=1 2 3 -5 6 -7 8 -9 9 -11 -12 -13 13 -15 -16
leaf_value=-0.00046867040068992609 0.00040669144756900013 0.0013247944479167404 0.0017331347827333229 4.7905214305242371e-05 0.00041758627360200012 -0.0013247600130989036 -8.5112286461737124e-05 0.01180108028148383 0.0020987572656122038 -6.4717360155038805e-06 0.00013297187605691569 0.0014874905190853096 0.00016629049185200008 -0.00011882552976214294 -0.00039053038631164049
leaf_weight=628.33993043005466 4.2644760636612764 39.534161409363151 5.6476244628429386 3.9420592822134504 29.215675473213196 3.3616182492114604 439.50648808642291 3.5076850578188887 9.3689979389309865 1316.6700497716665 89.745044063776731 15.491835293360053 8.1041536331176722 1420.8904773429967 4.5363834798336038
leaf_count=3756 20 384 32 24 193 64 4775 18 78 6637 1072 220 12 8939 46
internal_value=-0.00053666 -1.78559e-05 0.00235756 0.0111568 -0.000226682 0.00915977 -0.000273186 0.00416053 -0.00036153 0 0.00168931 0.00438085 -0.00102501 -0.000688766 0.0154083
internal_weight=4022.13 1960.26 154.361 9.58968 1805.89 7.62609 1798.27 32.7234 1765.55 1326.04 144.771 55.026 2061.87 1433.53 12.6405
internal_count=26270 13517 1732 56 11785 84 11701 211 11490 6715 1676 604 12753 8997 58
is_linear=0
shrinkage=0.0286577


Tree=98
num_leaves=16
num_cat=0
split_feature=22 23 18 22 30 7 9 27 33 9 8 8 23 27 30
split_gain=1.00527 1.42042 2.78068 0.774348 2.39915 2.1511 2.6149 0.64841 0.632937 0.825722 1.24037 1.77749 0.797039 0.637521 0.700395
threshold=0.026871681976581695 0.0080900947714844535 0.042299239721030564 0.028069793456763126 16.360000000000003 0.20438832285112299 0.17920313031801835 0.031152150438889557 0.072250160258421695 0.34262534709339043 0.49076944459072885 0.47071412874713325 0.021059555598279548 0.42410365526500343 15.785000000000002
decision_type=8 10 10 8 8 10 10 8 10 8 8 10 8 10 10
left_child=1 2 7 4 5 6 -2 -1 9 -5 11 -11 -12 -10 -15
right_child=3 -3 -4 8 -6 -7 -8 -9 13 10 12 -13 -14 14 -16
leaf_value=3.3269532372961663e-05 -0.0019446719293523336 -0.00061102917026845756 0.00015560837367848963 -0.00015681464717935611 -0.00063963588307095723 -0.00043068489782358943 0.00067067702442940148 -0.0011810694085126103 -1.2129373625823988e-05 3.0376837413384189e-05 4.0544319345884375e-05 0.0014097411018188196 -3.036935524566657e-05 -0.00050396592896443412 0.001274133644318096
leaf_weight=2.1683872179128238 4.2792100543156293 452.27284554718062 5.989087068475782 1385.3439005077817 43.647904033306986 7.1853361246176055 11.105791127309201 26.093996439594775 839.37296987418085 408.3193638054654 12.60510587133467 51.698405181989074 611.11064590676688 32.118049225769937 128.81566205248237
leaf_count=140 40 3126 94 8443 228 78 42 848 5944 1738 48 202 3873 710 716
internal_value=-0.000466171 -0.00169154 0.0038152 -0.000294637 0.00275281 0.010329 0.0163716 0 -0.000355849 -0.000603384 -1.59571e-06 0.00111776 -0.00084323 0.000245195 0.00189816
internal_weight=4022.13 486.524 34.2515 3535.6 66.2182 22.5703 15.385 28.2624 3469.38 2469.08 1083.73 460.018 623.716 1000.31 160.934
internal_count=26270 4208 1082 22062 388 160 82 988 21674 14304 5861 1940 3921 7370 1426
is_linear=0
shrinkage=0.0286577


Tree=99
num_leaves=16
num_cat=0
split_feature=21 19 24 34 24 21 18 35 30 4 2 19 18 8 19
split_gain=0.924879 1.54813 1.49396 0.730219 1.1065 1.62862 0.760089 1.36828 0.671942 0.632236 0.681502 1.04894 0.530556 0.503053 0.39668
threshold=0.015579671022460476 0.013464141555312671 10.500000000000002 -0.013973805227124157 8.5000000000000018 0.015829601020870148 0.13920150315958293 4.9071988412150063 19.845000000000002 0.050537474245407277 0.43021248972132736 0.083131951588336264 0.061741768472444176 0.24225459660320817 0.037554368951100044
decision_type=8 8 2 8 2 8 10 2 10 8 2 10 10 10 10
left_child=14 2 -2 9 5 -5 12 -8 -7 10 13 -12 -6 -3 -1
right_child=1 3 -4 4 6 8 7 -9 -10 -11 11 -13 -14 -15 -16
leaf_value=-0.00062356434932962811 0.00011704778829883665 -7.6731468718986077e-05 0.00016462858488322442 5.3626377868155265e-06 -4.4482297717244302e-05 0.00028105092865303389 0.0019667678742179696 -0.0016549357912440602 -0.00020966396254485932 -0.00057688008944058059 -0.00019174516093062264 0.0012873915591413729 -0.00036850851407497478 0.00011488254873257349 1.4837743586781416e-05
leaf_weight=522.20473893266171 8.7580226906575245 515.11143661802635 6.9528657197952262 3.0718680620193473 1423.9286757744849 192.73091719835065 9.7241944372653979 10.883936315774916 92.193999104201794 176.64891240280122 3.0932172629982224 3.1795295318588614 169.3756919503212 776.71562299970537 107.5530310375616
leaf_count=2880 812 5299 12 8 2984 5001 38 26 546 1817 50 18 414 5571 794
internal_value=-0.000514034 -0.000323015 0.00856141 -0.000367879 -0.000739608 0.000877597 -0.00103444 0.00430778 0.000609204 0.000104812 0.000330067 0.00963068 -0.0011104 0.0002755 -0.00152672
internal_weight=4022.13 3392.37 15.7109 3376.66 1901.91 287.997 1613.91 20.6081 284.925 1474.75 1298.1 6.27275 1593.3 1291.83 629.758
internal_count=26270 22596 824 21772 9017 5555 3462 64 5547 12755 10938 68 3398 10870 3674
is_linear=0
shrinkage=0.0286577


Tree=100
num_leaves=16
num_cat=0
split_feature=9 23 20 26 26 21 10 10 30 1 16 21 30 27 10
split_gain=0.886152 1.00342 2.70986 0.766421 0.877735 1.54288 2.51645 1.01144 0.833907 0.761412 1.08879 0.754638 2.68179 0.612159 0.557407
threshold=0.1654970650790393 0.0080900947714844535 0.022158883897218932 0.43002484893211984 0.46477957081496768 0.031320209952098714 0.13442278953369027 0.21856443695986175 18.990000000000006 0.11188988095238096 0.95471034901650043 0.0060034131490725477 17.335000000000004 0.031152150438889557 0.28480104217388669
decision_type=8 8 8 8 8 10 10 8 8 2 8 8 10 8 10
left_child=-1 2 13 8 5 6 -5 -7 11 -6 -11 12 -3 -2 -13
right_child=1 3 -4 4 9 7 -8 -9 -10 10 -12 14 -14 -15 -16
leaf_value=-0.00066011533629672535 2.7598235726074981e-05 -0.0010753170617124933 0.00014785673721750588 0.00040080532206944843 -6.4172843537586307e-05 0.0011801105542055422 0.0005960952778060678 -3.979918331405014e-05 -0.00043040387185734244 0.00059506541962991565 -1.6541171131920276e-05 -1.7420136509326957e-06 0.00046383330276058616 -0.00096771095663484815 -0.00034893279095315826
leaf_weight=191.37382388999686 1.8748681116849191 16.788955247029666 5.3332567214965811 8.4057396100833994 920.80763492942788 20.259412545710802 42.752208000514656 98.403899673372507 442.92986681335606 370.449741570279 750.64692660630681 629.31194278830662 9.6986076533794385 21.771955579053618 491.31782029848546
leaf_count=3330 56 142 8 84 7347 126 348 408 2726 2241 3250 3458 18 458 2270
internal_value=-0.000458459 -0.000360238 0.00490536 -0.000403289 -5.34624e-05 0.0019187 0.00606937 3.7275e-05 -0.000883553 -0.000222555 0.000272285 -0.000464112 0.00425149 0.000239912 -0.0005853
internal_weight=4022.13 3830.75 28.9801 3801.77 2211.73 169.821 51.1579 118.663 1590.05 2041.9 1121.1 1147.12 26.4876 23.6468 1120.63
internal_count=26270 22940 522 22418 13804 966 432 534 8614 12838 5491 5888 160 514 5728
is_linear=0
shrinkage=0.0286577


Tree=101
num_leaves=16
num_cat=0
split_feature=34 23 10 23 23 10 10 36 9 0 23 36 12 31 31
split_gain=0.934317 1.30781 1.90077 1.11972 1.53246 1.20659 2.03503 2.48938 0.689533 0.687757 1.01323 0.659149 0.624596 0.474572 0.934361
threshold=-0.013252614868770605 0.0080900947714844535 0.22084866745208401 0.037151595777247033 0.037332289505992079 0.25171424196477238 0.24304291040049766 1.0000000180025095e-35 0.16021001274981903 0.70632500000000009 0.054914899156437109 1.0000000180025095e-35 0.035935531495700841 -3.4199999999999995 -2.9149999999999996
decision_type=8 8 10 8 8 10 10 2 10 2 8 2 8 10 10
left_child=1 2 -1 -2 -5 6 12 -8 -3 -7 -11 -4 -6 -10 -15
right_child=3 8 11 4 5 9 7 -9 13 10 -12 -13 -14 14 -16
leaf_value=-0.0010376264506188014 -0.00041588739968064539 -0.00068571083167561235 0.00044620593432280828 0.00081644579914602264 -0.00073572047339070916 -0.00022378171028213892 0.00078146195862066592 -0.00019785478841964543 -0.00023407087747090197 0.0013710900125840726 -2.3743599115416816e-05 0.00014361950934678423 2.7662282255899626e-05 0.00072232935719022528 3.1560353576062928e-06
leaf_weight=7.2809922331944099 766.36750764632598 89.151523880194873 1.7235997896641473 11.482448965311049 75.203777636867017 625.66484302654862 10.9354308238253 9.8692680252715945 276.22118575777858 49.359330625273287 291.83826925605536 6.5085131349042058 328.03367453091778 12.435580775141714 1460.0507139312103
leaf_count=202 3588 1064 168 30 604 2315 38 52 1519 166 812 66 2944 32 12670
internal_value=-0.000502253 -2.42217e-05 0.00819316 -0.000906133 -0.000415367 -0.000509016 0.000751502 0.00945635 -0.000100013 -0.00107219 -7.52795e-06 0.0175483 0.000272588 1.98285e-05 0.000229914
internal_weight=4022.13 1853.37 15.5131 2168.75 1402.39 1390.9 424.042 20.8047 1837.86 966.862 341.198 8.23211 403.237 1748.71 1472.49
internal_count=26270 15721 436 10549 6961 6931 3638 90 15285 3293 978 234 3548 14221 12702
is_linear=0
shrinkage=0.0286577


Tree=102
num_leaves=16
num_cat=0
split_feature=34 26 17 26 12 11 11 24 24 11 26 6 31 26 17
split_gain=0.999172 1.32294 1.11565 2.82595 1.54168 2.95428 0.919716 3.13933 0.766031 0.963477 0.868399 0.623336 1.25059 0.615602 1.14175
threshold=-0.012330511834220013 0.63932546433519832 1.4367325968712794 0.70418100131039807 0.046175375105315226 0.33446011054948821 0.68713939672043389 11.500000000000002 7.5000000000000009 0.36811335133453188 0.65869707850424464 0.74602840415080685 2.1700000000000004 0.28565082292513455 0.9017391186955831
decision_type=10 8 10 8 10 10 10 2 2 10 8 8 8 10 8
left_child=13 11 6 -4 5 -5 8 -8 9 -3 -10 12 -2 -1 -15
right_child=1 2 3 4 -6 -7 7 -9 10 -11 -12 -13 -14 14 -16
leaf_value=-0.00013153368854539884 0.00142104198896655 0.00085402984098236086 0.0044104665877875921 -0.00085408598185945212 -1.8325828399712283e-05 0.0011949998411014304 -9.6894311221821231e-06 0.0034253132590929014 0.0018574047569226292 -0.0010649248253459601 -0.00013317200306706766 -0.00021736865046755404 -0.00063727173480997786 0.00038555927227636075 -2.0633723583159197e-05
leaf_weight=770.80297717778012 3.8843957334756833 21.495341288857162 7.4174805879592887 13.586510205641391 38.583028473891318 8.1494566816836578 25.623794928193096 5.7552964612841597 16.595767766237259 18.912210889160633 312.7211048733443 1015.5755927097052 11.988246053457258 498.1471377373673 1252.8883184704464
leaf_count=6456 18 408 28 86 155 30 114 12 86 202 928 3046 70 4279 10352
internal_value=-0.000477157 -0.0010636 0.000179548 0.00358904 0.00132559 0.00748518 -0.000373147 0.00427054 -0.000796577 0.00284198 -0.00127491 -0.00163823 0.00376862 -0.00012426 0.000168132
internal_weight=4022.13 1500.29 468.84 67.7365 60.319 21.736 401.104 31.3791 369.724 40.4076 329.317 1031.45 15.8726 2521.84 1751.04
internal_count=26270 5183 2049 299 271 116 1750 126 1624 610 1014 3134 88 21087 14631
is_linear=0
shrinkage=0.0286577


Tree=103
num_leaves=16
num_cat=0
split_feature=5 5 16 16 10 16 17 4 8 1 15 19 12 12 17
split_gain=1.14982 2.57999 1.76165 0.69302 1.39173 0.985361 1.5387 0.815739 0.96047 0.676733 0.568528 0.733788 0.80927 1.25079 2.94194
threshold=0.18739459127400698 0.18913844794914089 1.0536785476857695 0.90666625303504877 0.58048496585227816 0.84422471411202826 0.88881319923475721 0.046768001315198517 0.72744079564349973 0.098651515151515171 1.0804821730945393 0.027450625420359673 0.089990766968069014 0.074855573851770038 1.1724272271916121
decision_type=10 10 10 10 10 10 10 10 8 2 8 8 8 10 10
left_child=10 2 -2 4 5 9 -7 8 -6 -3 -1 -12 13 -13 -15
right_child=1 3 -4 -5 7 6 -8 -9 -10 -11 11 12 -14 14 -16
leaf_value=-0.00032159342354215611 0.00028910650559498018 -0.00037100958859073724 0.0033271518017219765 -4.1192848642541089e-05 0.0020158302728884728 0.0011318771153212837 0.00015959693947206261 -0.0011469862121320797 0.00057126298674793153 8.5997888785613507e-06 -0.0004023935669884304 -4.7807565357473014e-05 -2.3670699040757478e-05 0.0013056480657701569 -0.00072569811501964462
leaf_weight=454.17619457747787 7.0454729490447816 275.82935996446759 9.5632674586959165 1272.2672768631019 10.103610023856163 65.337212363258004 166.42385337129235 4.5491923689842215 4.7598113976418981 314.29683904442936 309.86359127936885 751.08123012399301 299.80327729415148 43.237778500188142 33.788692458532751
leaf_count=2205 116 2123 84 7567 44 520 1199 12 40 2165 2377 5422 1998 264 134
internal_value=-0.000509365 -4.77888e-05 0.0111182 -0.000141439 0.00049031 0.000297472 0.00188606 0.008049 0.0113389 -0.000310043 -0.00102373 -0.000733039 -0.000382529 6.79473e-05 0.00354972
internal_weight=4022.13 2130.18 16.6087 2113.57 841.3 821.887 231.761 19.4126 14.8634 590.126 1891.95 1437.77 1127.91 828.108 77.0265
internal_count=26270 13870 200 13670 6103 6007 1719 96 84 4288 12400 10195 7818 5820 398
is_linear=0
shrinkage=0.0286577


Tree=104
num_leaves=16
num_cat=0
split_feature=34 26 35 19 35 31 26 26 35 24 0 18 35 28 36
split_gain=0.769474 1.64693 1.13507 1.00109 1.6765 1.73733 0.981559 0.830595 1.60289 0.765456 0.734162 1.22085 0.636038 1.83873 0.552404
threshold=-0.013719353809777067 0.65266677403768736 4.1767689729838642 0.095555444612304891 4.0503055894362321 2.6199999999999997 0.65556840627644863 0.67777602590471175 2.7939219933875603 5.5000000000000009 0.47607500000000008 0.037064353712662708 6.4857408825076863 0.023800000000000019 1.0000000180025095e-35
decision_type=10 8 2 10 2 10 8 8 2 2 2 10 2 10 2
left_child=14 12 3 7 5 -5 -4 8 -3 -9 11 -8 -2 -14 -1
right_child=1 2 6 4 -6 -7 10 9 -10 -11 -12 -13 13 -15 -16
leaf_value=-6.328252759637461e-05 -0.00020807791756199972 0.0016776489691644153 0.0018595109989753503 0.003220364019971866 0.003340186154889738 -1.7122306261370353e-05 -2.0399480803096686e-05 6.0235215459308593e-06 -2.6479201367393538e-06 -0.000223656965272292 -0.0004205814494843342 0.0010703082242021465 -0.00025561073948829826 0.00072787954898738546 1.2699414174799559e-05
leaf_weight=1034.4616169722285 1316.570143327117 5.0103633999824506 5.7978700846433631 49.782115485519171 8.4657177031040174 47.06272166967392 74.703098388388753 7.6357461400330058 7.8769528269767761 166.4603270329535 164.29732600226998 8.172846417874096 14.859132541343572 7.6988503932952872 1103.2718316530809
leaf_count=10303 3852 12 40 117 18 162 486 52 48 632 536 78 50 12 9872
internal_value=-0.00046444 -0.000887181 0.000426388 0.00165477 0.00389605 0.00268277 -0.000953835 0.000336058 0.0073066 -0.000131759 -0.0012673 0.000842746 -0.00142945 0.00318099 -8.7087e-05
internal_weight=4022.13 1884.39 545.265 292.294 105.311 96.8448 252.971 186.983 12.8873 174.096 247.173 82.8759 1339.13 22.558 2137.73
internal_count=26270 6095 2181 1041 297 279 1140 744 60 684 1100 564 3914 62 20175
is_linear=0
shrinkage=0.0286577


Tree=105
num_leaves=16
num_cat=0
split_feature=23 20 15 23 10 26 21 26 17 26 28 20 34 34 19
split_gain=0.810479 2.91762 0.659235 0.836964 0.776979 1.8899 1.58937 0.775969 1.47406 2.86862 1.16351 0.976501 0.81045 0.844333 1.29241
threshold=0.0080900947714844535 0.027569337144638221 1.2597299191105256 0.038576946080973125 0.26481586211827102 0.11564756659324311 0.005353122005128841 0.63672825181831738 1.2587460734372917 0.72007021025777596 0.32485000000000003 0.17967099556854291 -0.013252614868770605 -0.014298890106014815 0.037373547569027006
decision_type=8 10 8 8 10 8 10 8 10 8 8 10 10 8 8
left_child=1 -1 7 4 -4 -6 -7 12 11 -10 -11 -9 13 -2 -15
right_child=2 -3 3 -5 5 6 -8 8 9 10 -12 -13 -14 14 -16
leaf_value=2.3145958465113916e-05 -0.00018194942085299201 0.00012946060198277504 -0.00033372557982507065 6.6916471863995855e-06 0.0020749627413293257 0.00022019082165514715 -6.1468998536372201e-05 -8.9881885958567579e-05 0.0041929653413323668 -0.0003770059460579165 0.001168343919340154 0.0031395153297845558 -0.0005055112371572584 4.7618563420788503e-05 -2.7704382310501919e-06
leaf_weight=29.292771128937602 394.3916847454384 5.3332567214965811 778.83564004348591 1755.6317503440659 5.7005157563835374 5.1756712668575338 245.78548920433968 183.92624458996579 9.465947029180823 31.504938298836354 5.5152881629764989 2.7456550551578394 513.85441723838449 22.396483063697815 32.570907389279455
leaf_count=1102 2851 8 4848 12264 54 94 1485 1394 72 244 35 18 1649 46 106
internal_value=-0.000418667 0.00390258 -0.000458909 -0.000213113 -0.000860739 0.000478192 6.04365e-05 -0.00102388 0.000426871 0.0050056 0.00107696 -0.000664831 -0.00138541 -0.000467615 0.00280754
internal_weight=4022.13 34.626 3987.5 2791.13 1035.5 256.662 250.961 1196.37 233.158 46.4862 37.0202 186.672 963.213 449.359 54.9674
internal_count=26270 1110 25160 18745 6481 1633 1579 6415 1763 351 279 1412 4652 3003 152
is_linear=0
shrinkage=0.0286577


Tree=106
num_leaves=16
num_cat=0
split_feature=5 5 34 30 26 26 33 21 21 27 27 21 33 12 33
split_gain=0.915069 2.56079 1.41887 0.805698 1.22837 2.02585 1.77632 0.999427 2.066 3.47217 2.77627 2.7151 1.1567 0.848581 0.791142
threshold=0.18739459127400698 0.18913844794914089 -0.035703620676561736 16.625000000000004 0.6638295086853413 0.67777602590471175 -0.014192819190058379 0.015193762801171325 0.026761042050989399 0.37418227141192745 0.40353777724092649 0.025238668034454455 0.033263950809960925 0.036147967018971494 0.10496608982688295
decision_type=10 10 10 8 8 8 10 10 10 10 10 10 10 10 10
left_child=3 2 -2 7 -5 6 -6 -1 9 11 -11 -9 -10 -14 -3
right_child=1 14 -4 4 5 -7 -8 8 12 10 -12 -13 13 -15 -16
leaf_value=-0.00062798416928709535 0.00028026568769681689 -1.7154094690147564e-05 0.0031278841609503733 -0.0002666463200202573 -0.0020054489336415828 -6.7073060000592719e-06 0.00058821541632749852 -0.00028282932257363649 -0.00041128000606879074 0.00020408693286929974 0.00052736918864873484 0.0017212373497560967 0.00085419843412499314 -0.00011314561375341704 0.00037583981220306689
leaf_weight=130.88006199337542 6.5151181218680021 1815.4230633038096 10.093622285872696 859.30244334531017 5.0030766490381211 332.46120053110644 7.6398438774049264 143.99257240630686 154.3715698029846 12.008174028247593 28.077832812443376 14.916007244959472 49.880540241487324 153.4174413010478 298.14409209322184
leaf_count=1545 158 10970 42 5224 60 2021 46 752 389 38 286 73 750 1216 2700
internal_value=-0.000420325 -8.21253e-06 0.0111182 -0.00087901 -0.00132635 9.04524e-05 0.0112673 -8.07175e-05 0.000434246 0.00278493 0.0103184 0.000809868 -0.000846723 0.000532765 -0.000101552
internal_weight=4022.13 2130.18 16.6087 1891.95 1204.41 345.104 12.6429 687.544 556.664 198.995 40.086 158.909 357.67 203.298 2113.57
internal_count=26270 13870 200 12400 7351 2127 106 5049 3504 1149 324 825 2355 1966 13670
is_linear=0
shrinkage=0.0286577


Tree=107
num_leaves=16
num_cat=0
split_feature=21 21 9 21 18 13 13 6 10 33 22 34 22 23 26
split_gain=0.841118 0.828275 1.79748 2.48006 2.94138 1.61165 2.48657 1.2492 1.3027 1.00841 1.0158 1.24525 1.06055 1.01837 0.806885
threshold=0.015579671022460476 0.021990474448355991 0.23663109389660025 0.021378739889386451 0.037713441735968141 1.4904223622976203 1.2367996324203208 2.0338234317256254 0.17245522653319675 0.072250160258421695 0.018192419964197754 -0.037005387898117019 0.063447992782874274 0.07326499842878352 0.95717452768204969
decision_type=8 8 8 10 8 8 10 10 8 10 8 8 8 10 10
left_child=-1 2 7 5 -5 6 -4 -2 -9 10 11 -3 13 -12 -11
right_child=1 9 3 4 -6 -7 -8 8 -10 14 12 -13 -14 -15 -16
leaf_value=-0.00036769363087464364 -0.00044769634182449599 7.6423932237659894e-05 -6.1132598828064522e-07 -0.001214654518854746 0.0022991361732897495 -3.1137690389196871e-05 0.00071493368467837764 0.0001709348844404471 -0.00069943136116328822 3.2681812083047551e-05 -0.00029492036661003747 -0.00070842953162790457 -6.515090315771073e-06 0.0017232867676594036 0.002798807196591598
leaf_weight=629.75776997022331 212.8754748236388 6.2659816071391106 65.049871109426022 8.4248913377523404 12.947613924741747 112.02423094771802 59.281314224936068 5.0546756312251064 4.3703498244285592 836.76490555144846 957.48783722752705 7.3984264428727311 1083.9423521289136 4.4731815606355658 16.007783725857735
leaf_count=3674 1495 44 324 64 60 666 264 22 28 6152 5703 700 6862 44 168
internal_value=-0.000462539 -0.000280275 0.000814945 0.00245427 0.0118216 0.00155451 0.00381309 -0.00104147 0.00889425 -0.000464264 -0.000808865 0.00683461 -0.00086554 -0.00155996 0.000356319
internal_weight=4022.13 3392.37 480.028 257.728 21.3725 236.355 124.331 222.301 9.42503 2912.34 2059.57 13.6644 2045.9 961.961 852.773
internal_count=26270 22596 2923 1378 124 1254 588 1545 50 19673 13353 744 12609 5747 6320
is_linear=0
shrinkage=0.0286577


Tree=108
num_leaves=16
num_cat=0
split_feature=34 24 18 8 22 22 22 12 27 4 15 27 27 18 33
split_gain=0.972575 1.08931 0.930704 0.739139 0.732996 0.791625 2.72702 1.69709 0.791353 0.672199 0.841679 0.775236 1.81096 0.822887 0.637254
threshold=-0.012330511834220013 8.5000000000000018 0.17524079693891007 0.24225459660320817 0.023671853541380738 0.028069793456763126 0.027447833088225165 0.036578516124390566 0.10121446115735792 0.036929276707531968 1.4443004159087143 0.19747719319317134 0.086228571903087317 -0.07574777576521817 0.081947990881926627
decision_type=8 2 10 10 10 10 10 10 10 8 10 10 10 10 10
left_child=3 -2 -3 4 -1 6 8 -8 -6 10 -5 12 -12 -13 -7
right_child=1 2 -4 9 5 14 7 -9 -10 -11 11 13 -14 -15 -16
leaf_value=-0.00083850331059465361 5.2647876109481111e-05 -5.6437462720752795e-05 0.0018074139304749531 -5.5259596257197871e-06 0.00016603629090957436 -0.00028851268600286643 3.0461606642345961e-05 0.00013528268671313273 -0.00029562799185500066 -0.00040066621706153058 -6.4235748328866571e-06 0.0015691710812606877 0.0014830693257183788 -7.841258794867726e-05 4.1368926060158618e-05
leaf_weight=133.82697572000325 310.30310455267318 1515.9326651562005 10.021476387977598 579.79698170535266 22.231803366914392 400.54068498173729 7.0100884586572638 8.1418410539627057 64.357616104185581 196.28573610354215 109.69568682275712 21.995066120289266 148.58783667162061 203.90936480462551 289.48973202798516
leaf_count=1496 6543 3154 20 3508 104 3469 74 42 468 1315 703 118 891 1559 2806
internal_value=-0.00046623 -0.000952726 -0.00126951 -5.29348e-05 -0.000671752 -0.000325467 0.00200702 0.0131267 0 0.000393694 0.000683838 0.00156612 0.00264304 0.000289392 -0.000684354
internal_weight=4022.13 1836.26 1525.95 2185.87 925.599 791.772 101.741 15.1519 86.5894 1260.27 1063.98 484.188 258.284 225.904 690.03
internal_count=26270 9717 3174 16553 8459 6963 688 116 572 8094 6779 3271 1594 1677 6275
is_linear=0
shrinkage=0.0286577


Tree=109
num_leaves=16
num_cat=0
split_feature=5 5 16 20 21 23 5 33 6 30 21 21 28 5 20
split_gain=1.11608 2.55298 1.76165 0.91424 1.91953 1.04896 1.04706 0.685374 0.856673 0.676006 0.935266 1.75664 3.37553 2.68242 1.92307
threshold=0.18739459127400698 0.18913844794914089 1.0536785476857695 0.0048233728506814075 0.017511980412626547 0.023378194543185741 0.24255035412767231 0.0083304902140927135 1.4340231747023655 16.655000000000005 0.015193762801171325 0.019243981626304477 -0.009550000000000029 0.090159434108725636 0.059459000680789888
decision_type=10 10 10 8 10 8 8 8 8 8 10 10 8 8 10
left_child=9 2 -2 4 6 -5 -3 8 -7 10 -1 12 13 -12 -14
right_child=1 3 -4 5 -6 7 -8 -9 -10 -11 11 -13 14 -15 -16
leaf_value=-0.0005941230611225055 0.00028068873459015094 0.00014220673518642094 0.0030400503978408621 -0.00055897493924800864 0.00016127807959886282 0.0013895656715233204 -0.0012440201179235318 1.3107155785637637e-05 -0.00028207260309389803 -5.9362985832650056e-05 -0.0015963611723518684 -2.1938093968857979e-05 -1.8846855900229301e-05 0.0011927564758079968 0.00069606272487666694
leaf_weight=139.07951057888567 7.0454729490447816 2.2391584902070472 9.5632674586959165 249.31145657878369 6.9583466239273539 26.876647087745368 17.317455936223276 1456.2324517872185 354.63163889292628 1165.6869460823946 4.9842726746574044 501.23772213514894 60.004515062086284 12.689173851162197 8.2686238493770343
leaf_count=1581 116 70 84 1857 34 242 172 9243 2052 7181 34 3144 368 56 36
internal_value=-0.000446295 0 0.0111182 -8.49198e-05 0.00516919 -0.000157001 0 7.45166e-05 -0.000999475 -0.000952797 -0.000249542 0.000235835 0.004026 0.0151436 0.000961651
internal_weight=4022.13 2130.18 16.6087 2113.57 26.515 2087.05 19.5566 1837.74 381.508 1891.95 726.264 587.184 85.9466 17.6734 68.2731
internal_count=26270 13870 200 13670 276 13394 242 11537 2294 12400 5219 3638 494 90 404
is_linear=0
shrinkage=0.0286577


Tree=110
num_leaves=16
num_cat=0
split_feature=21 35 22 4 18 11 12 4 34 26 35 21 34 27 22
split_gain=1.22449 0.97271 1.73879 1.94902 2.36693 1.58742 0.815041 0.785773 0.617692 1.16707 1.35491 0.625757 0.553802 0.539393 0.528157
threshold=0.016049613814811469 2.2995800809599403 0.10032622235656806 0.33807931328433033 -0.020233638849004528 0.51040932160351471 0.084785950022920303 0.31560092275706669 -0.013973805227124157 0.65266677403768736 4.1289875024258498 0.01627546757127309 -0.019181893828180027 -0.0096560704436496683 0.018192419964197754
decision_type=8 2 10 8 10 10 10 8 10 10 2 8 10 8 8
left_child=-1 2 3 4 6 -6 -2 8 11 13 -11 12 -3 -10 -13
right_child=1 7 -4 -5 5 -7 -8 -9 9 10 -12 14 -14 -15 -16
leaf_value=-0.00034126447597874495 -0.0016213444741290839 -0.0014304139797156287 -0.00029928500030443431 -0.00050776198231064756 0.0012462348612305709 0.0032264606837482815 0.011335963659862329 -0.00089176494231068334 0.00056639573045726144 0.0011787826325877551 -4.1675854431642934e-05 7.7109616857159031e-05 0.0011799555267683259 -0.00020038661005992859 1.012336416767826e-06
leaf_weight=656.75839446578175 15.835087638814004 1.5356349898502233 66.595063367392868 16.882783887907863 19.781987352762375 5.7862305250018826 3.2690765708684912 217.35596172371879 17.118952237069607 170.26444073021412 244.61641790531576 16.374909748323262 2.3379950523376456 997.25289548095316 1570.3608283621725
leaf_count=3856 92 58 385 110 146 60 50 1849 32 592 1048 670 6 3053 14263
internal_value=-0.000449557 -0.000225164 0.00221146 0.00569703 0.00886601 0.014555 0.000654909 -0.000324847 -0.000201317 -0.000635215 0.000629527 0.000182342 0.0113921 -0.00116234 0.000147061
internal_weight=4022.13 3365.37 128.15 61.5552 44.6724 25.5682 19.1042 3237.22 3019.86 1429.25 414.881 1590.61 3.87363 1014.37 1586.74
internal_count=26270 22414 843 458 348 206 142 21571 19722 4725 1640 14997 64 3085 14933
is_linear=0
shrinkage=0.0286577


Tree=111
num_leaves=16
num_cat=0
split_feature=22 5 5 24 20 24 35 5 26 5 5 22 24 27 34
split_gain=1.16763 0.900162 1.65854 1.80136 1.13504 0.820571 0.802474 2.22823 0.958899 2.28359 4.81929 0.812995 0.703786 0.933758 0.701615
threshold=0.026871681976581695 0.18739459127400698 0.18913844794914089 10.500000000000002 0.008940561452871117 9.5000000000000018 6.4857408825076863 0.082036798171256711 0.6638295086853413 0.13509150550761367 0.14202062172251473 0.044177017807897491 10.500000000000002 0.086228571903087317 -0.013973805227124157
decision_type=8 8 8 2 8 2 2 10 8 10 10 8 2 10 8
left_child=-1 6 3 -3 5 -4 8 -8 14 -10 -11 -9 -6 -14 -2
right_child=1 2 4 -5 12 -7 7 11 9 10 -12 -13 13 -15 -16
leaf_value=-0.00046149190007014999 -0.00010402838231271184 -2.3710639459418896e-05 -0.00085976399205434334 0.002919148521911085 0.00010275185689994149 0.00050324894931916058 0.0013922610759279233 0.00024171762773460769 -0.00032708898294706658 0.0010411339266676168 5.3572279911850315e-06 -0.00015661722034982802 -0.00060340130738560074 -2.5889723347434294e-05 -0.00024337712490564474
leaf_weight=486.524316273164 546.40033663716167 8.2680768833961356 4.014475377276538 7.7449953556060782 898.36712273722515 7.5955658257007599 6.6325778961181632 4.3423326071351793 200.53573772800155 21.014799618162215 124.49076732294634 22.488148472039029 155.6317155957222 872.658895092085 655.41679661674425
leaf_count=4208 3910 156 72 14 10329 18 12 28 1228 116 1003 108 256 1514 3298
internal_value=-0.00044949 -0.00026499 0.000142043 0.00926563 6.04454e-05 0.00890687 -0.000774265 0.00354371 -0.000874557 0.000433238 0.00318584 0 9.16545e-07 -0.000505784 -0.00125941
internal_weight=4022.13 3535.6 1954.28 16.0131 1938.27 11.61 1581.32 33.4631 1547.86 346.041 145.506 26.8305 1926.66 1028.29 1201.82
internal_count=26270 22062 12359 170 12189 90 9703 148 9555 2347 1119 136 12099 1770 7208
is_linear=0
shrinkage=0.0286577


Tree=112
num_leaves=16
num_cat=0
split_feature=21 19 27 1 26 5 5 28 26 21 26 19 22 27 0
split_gain=1.33565 1.56928 1.38865 0.758295 0.75401 0.856501 1.28137 1.72006 1.13003 0.823556 1.71923 0.878752 2.18549 0.696931 0.892823
threshold=0.015579671022460476 0.013464141555312671 0.10347016967706622 0.18845238095238098 0.43002484893211984 0.317442821353278 0.36300166120682664 0.058300000000000025 0.53120180444170273 0.01627546757127309 0.34927549192923674 0.027450625420359673 0.01997206564878801 0.59664228956615462 1.1697000000000002
decision_type=8 8 10 2 10 8 8 10 10 8 8 8 8 8 2
left_child=-1 2 3 -2 9 13 7 -7 -8 10 -3 -11 -13 14 -6
right_child=1 4 -4 -5 5 6 8 -9 -10 11 -12 12 -14 -15 -16
leaf_value=-0.00033708336339880986 0.00016985249352855818 -0.0013098967873956032 0.00013038709422217808 -1.8042605629444037e-05 3.5004296159089508e-07 1.4465771203482408e-05 0.0010734946913309291 0.00175717833028214 -0.00029576104090417487 -0.00062589517403068701 0.0011491219741744621 8.8125113033337546e-05 -7.8851147349505869e-05 -6.6768435857584327e-05 0.0018339687400233909
leaf_weight=629.75776997022331 6.5520727857947332 10.799941108562054 7.8039714158512652 1.3548442088067529 1113.8488322808407 84.393720113672316 78.145965851843357 22.860781744122505 156.6997068063356 181.89055199129507 8.5268237963318807 5.7494026422500601 1350.3907309062779 343.71043963683769 19.641104779439047
leaf_count=3674 260 100 554 10 7519 520 512 134 1141 1132 36 12 8547 2043 76
internal_value=-0.000386726 -0.000158413 0.00879818 0.0170828 -0.000203629 0.000188321 0.00148188 0.0040802 0.000250054 -0.000667856 0.0051122 -0.000747711 -0.000487576 -0.000104696 0.000230736
internal_weight=4022.13 3392.37 15.7109 7.90692 3376.66 1819.3 342.1 107.255 234.846 1557.36 19.3268 1538.03 1356.14 1477.2 1133.49
internal_count=26270 22596 824 270 21772 11945 2307 654 1653 9827 136 9691 8559 9638 7595
is_linear=0
shrinkage=0.0286577


Tree=113
num_leaves=16
num_cat=0
split_feature=26 16 1 32 10 12 26 10 26 20 28 33 6 33 20
split_gain=0.936858 1.00559 1.17214 0.841688 1.44258 1.09307 0.978768 0.768883 0.993599 0.754516 0.99475 0.688078 1.40705 0.952011 2.3022
threshold=0.43002484893211984 0.90277910901131786 0.11505813953488374 0.77506596306068609 0.42063564964110406 0.14540157849876756 0.67291476354437518 0.092727151753117035 0.44051109272896755 0.17967099556854291 -0.10024999999999999 0.0083304902140927135 0.75469715238584045 0.013709074897905184 0.081458855701515884
decision_type=10 10 2 10 10 10 10 8 8 10 10 8 8 10 8
left_child=9 2 7 4 6 -6 -4 8 -2 -1 -11 12 -3 14 -13
right_child=1 11 3 -5 5 -7 -8 -9 -10 10 -12 13 -14 -15 -16
leaf_value=-0.00018255332128745602 0.00038474961846650965 0.0013254646788413659 0.00051025518132032468 4.4911280451478666e-06 0.0025166385607758683 -0.0017170353096570381 5.1936709696925917e-06 -3.0514890815779882e-05 6.0702861227003586e-06 0.001252658155301802 -0.00058384954957953542 -2.9789261027200509e-06 -0.00040067504475437774 -2.0598410808617652e-05 0.0040416755787525101
leaf_weight=2043.6008818657137 2.9918243885040257 4.121636975556612 95.38566654571332 120.82184500433505 18.227410571649674 4.3898408599197856 81.00536364945583 367.752672374947 5.1691549718379983 10.07062801346183 8.1994350068271142 63.322772276122123 283.73538327403367 888.55797455646098 24.774169703945518
leaf_count=12611 4 44 593 735 102 38 460 3361 62 54 88 510 2279 5031 298
internal_value=-0.000430476 1.31109e-05 0.000892903 0.00216986 0.00331816 0.0102324 0.0023631 -0.000167733 0.00835946 -0.000856983 0.00482053 -0.00046316 -0.00169595 -8.93066e-05 0.00273466
internal_weight=4022.13 1960.26 695.744 319.83 199.008 22.6173 176.391 375.914 8.16098 2061.87 18.2701 1264.51 287.857 976.655 88.0969
internal_count=26270 13517 5355 1928 1193 140 1053 3427 66 12753 142 8162 2323 5839 808
is_linear=0
shrinkage=0.0286577


Tree=114
num_leaves=16
num_cat=0
split_feature=21 19 27 33 27 37 26 27 27 28 10 38 33 21 10
split_gain=0.831136 1.52713 1.30575 0.765526 0.749515 1.638 1.38112 0.624183 1.65615 1.95782 0.878136 0.701465 0.626674 0.610742 0.521752
threshold=0.015193762801171325 0.013464141555312671 0.10347016967706622 0.081947990881926627 0.40735270160195503 1.0000000180025095e-35 0.35211086477714032 0.16720895929823118 0.17455540798728467 0.05340000000000001 0.092727151753117035 4.5000000000000009 0.056872257863477833 0.018632576700270319 0.27774761283095806
decision_type=8 8 8 10 10 2 10 10 8 10 8 2 10 10 10
left_child=-1 2 -2 7 14 6 -6 11 9 -9 -10 13 -13 -3 -5
right_child=1 3 -4 4 5 -7 -8 8 10 -11 -12 12 -14 -15 -16
leaf_value=-0.00032334509971643102 0.00017021646951216214 0.0001387324726148403 0.00011581967321820773 0.0001738856339068123 -0.00010885899577527667 -0.00050988646975228598 0.0011214223798776278 0.00015632828412089064 0.00037372359532210938 0.0016915929389447941 -2.4127606175193782e-05 0.00019740777161840925 -0.00026592488446306779 -0.0002470086860160305 -0.00026682461052654889
leaf_weight=586.25837068539113 8.287318801507352 33.836284690070897 8.0207726866938192 358.79712362587452 22.300455189310014 56.14349951967597 41.034401448443532 35.058529684320092 5.4624270233325651 12.525378842838107 1921.4801346177701 89.225352394394577 147.4111907556653 465.41631397418678 230.86910609900951
leaf_count=3492 278 932 558 3150 180 550 524 180 100 56 10704 1675 822 1239 1830
internal_value=-0.000461614 -0.000287783 0.00837697 -0.000332576 0.000498226 0.002568 0.00574042 -0.000553641 -0.000281577 0.00497108 -0.000417028 -0.0012698 0 -0.00187874 6.11355e-05
internal_weight=4022.13 3435.87 16.3081 3419.56 709.145 119.478 63.3349 2710.42 1974.53 47.5839 1926.94 735.889 236.637 499.253 589.666
internal_count=26270 22778 836 21942 6234 1254 704 15708 11040 236 10804 4668 2497 2171 4980
is_linear=0
shrinkage=0.0286577


Tree=115
num_leaves=16
num_cat=0
split_feature=5 16 20 16 27 12 5 5 5 27 12 19 19 14 38
split_gain=0.98824 1.28415 2.32934 1.71516 1.66684 2.33045 1.03858 0.849773 0.793893 0.728882 2.11761 0.719059 2.57228 0.793887 0.714514
threshold=0.16166646010187577 0.90666625303504877 0.22151002963964506 0.84422471411202826 0.025099758961462434 0.055505733825050786 0.27014177352220697 0.16249807583174372 0.4024838228525312 -0.0096560704436496683 0.079212623360848569 0.02934646566757566 0.029595020844038773 1.2230929568745539 11.500000000000002
decision_type=10 8 10 10 8 10 10 10 10 8 8 10 10 8 2
left_child=9 3 11 -2 5 -5 -4 -6 -9 10 -1 -3 -13 -14 -11
right_child=1 2 6 4 7 -7 -8 8 -10 14 -12 12 13 -15 -16
leaf_value=-0.0017422345168641451 -1.0361723854946928e-05 -0.00049658799915106261 0.0026678017934777913 -0.00036786227271172727 0.00050590593627375575 0.0004864693421584356 -0.0034363794690062642 0.0003302470733917755 0.0012213968286643483 -8.5822062627813992e-05 0.0006168733854346564 0.00015485871391786839 0.00012390437001196368 -6.5366424406978918e-05 0.00017508320432681711
leaf_weight=8.5411746343597734 473.33877749182284 316.14579439279623 8.2757385866716486 6.6299046017229584 3.2273571155965319 10.19307032227516 2.8645648946985593 189.59704493265599 65.760710020549595 1494.889098838903 4.1233869176357993 12.713314417749642 69.8845494100824 1348.3799855080433 7.5621879529207936
leaf_count=95 3618 2708 54 108 18 22 32 1379 478 9792 20 50 367 7477 52
internal_value=-0.000456587 -0.000102929 -0.000529719 0.000885856 0.00268489 0.0114967 0.0123583 0.00206347 0.00182672 -0.0010351 0.00562629 -0.000619206 -0.000337275 -0.00046003 -0.00109873
internal_weight=4022.13 2507.01 1758.26 748.747 275.408 16.823 11.1403 258.585 255.358 1515.12 12.6646 1747.12 1430.98 1418.26 1502.45
internal_count=26270 16311 10688 5623 2005 130 86 1875 1857 9959 115 10602 7894 7844 9844
is_linear=0
shrinkage=0.0286577


Tree=116
num_leaves=16
num_cat=0
split_feature=34 4 23 10 18 34 35 10 7 10 18 30 20 18 28
split_gain=0.760521 0.768746 0.910334 0.899263 0.748395 1.21851 0.773632 0.795264 2.21012 3.56258 0.926437 0.607384 1.71672 2.20561 1.12454
threshold=-0.013252614868770605 0.36852369605520113 0.0080900947714844535 0.22084866745208401 0.17524079693891007 0.023334753094958142 4.0630258641779973 0.25277881961925958 0.25067618491433608 0.24214593857644487 -0.023466153439283873 19.055000000000003 0.20340789130071477 -0.002050157595310353 0.083750000000000005
decision_type=8 8 8 10 10 10 2 10 10 10 8 8 10 10 10
left_child=1 2 3 -1 6 -6 11 8 10 -10 -8 12 14 -14 -2
right_child=4 -3 -4 -5 5 -7 7 -9 9 -11 -12 -13 13 -15 -16
leaf_value=-0.00057167360905511458 -4.8557405383487598e-05 -0.00087256934473454496 4.9474565424547557e-06 0.00012885987824778807 0.0017099767054849144 -0.0020089355553192818 0.00034577056529672308 -0.00036200063301285369 5.1527787194792305e-05 0.00059919523866461841 -0.00018917942902921831 -1.8701975970546915e-05 -0.0005592000613692191 0.0025913488409399846 0.0027569706644073166
leaf_weight=4.5227994620800001 393.44475183449686 108.39898610208184 1732.6879724902101 7.7623514477163553 6.6639930009841901 6.9944325461983681 44.8980548158288 563.21764992456883 86.029750407207757 12.876637094654141 436.74417405086569 560.54517509322613 4.9070597058162093 5.9926623189821822 46.440209743566811
leaf_count=146 2283 1192 14199 184 24 20 182 2100 250 42 2946 2366 40 32 264
internal_value=-0.0004347 -3.00164e-06 0.00013721 0.00784671 -0.000798991 0.00574193 -0.000845671 -0.00135825 -0.000589688 0.0032775 -0.00140566 -0.000255953 0.000513129 0.0116461 0.000208725
internal_weight=4022.13 1853.37 1744.97 12.2852 2168.75 13.6584 2155.1 1143.77 580.549 98.9064 481.642 1011.33 450.785 10.8997 439.885
internal_count=26270 15721 14529 330 10549 44 10505 5520 3420 292 3128 4985 2619 72 2547
is_linear=0
shrinkage=0.0286577


Tree=117
num_leaves=16
num_cat=0
split_feature=5 16 16 8 23 24 23 23 10 16 18 17 5 5 27
split_gain=0.758117 0.684626 0.62376 1.61516 0.731898 3.13716 0.850439 1.99194 0.856459 0.818219 0.289336 1.33522 0.529711 1.08352 0.289004
threshold=0.054123114303473781 1.3352655683632342 1.3144149940005869 0.44219651711883184 0.010529252125584978 11.500000000000002 0.023977704483571786 0.024223756662458105 0.4023982801247008 1.2247533428440098 -0.035354444500786002 0.54848961042057576 -0.14481914370136778 -0.20057629005035929 0.25759860669620477
decision_type=10 10 10 10 8 2 10 10 10 10 10 8 8 10 10
left_child=10 2 4 14 5 9 8 -8 -6 -2 11 -1 13 -13 -4
right_child=1 -3 3 -5 6 -7 7 -9 -10 -11 -12 12 -14 -15 -16
leaf_value=0.0002303917402683047 -0.00070467445769905126 -0.00048343234594861058 0.00024235604718037543 0.0016609727771478076 -0.00055585876373084181 0.00056825830922518352 0.0010477816076057398 -8.2258656947636059e-06 0.0011109113590660495 4.0494779737323044e-05 -0.00032689728715685503 -0.00092960834242192139 -0.00063813014889504364 0.0040029076047381875 -0.0013148104445268403
leaf_weight=3.2640891075134268 33.726966722868383 209.78772358270362 3.3101182132959428 9.073714114725588 446.16657696804032 8.104153633117674 15.529189171269534 2855.3598303361796 19.817470217123628 1.9453023700043548 310.11889014672488 10.454050948843362 72.255146911134943 6.9842254510149351 16.229212143924087
leaf_count=8 628 2402 20 24 3733 12 66 15946 138 34 2391 100 646 24 98
internal_value=-0.000388604 -0.000253963 -0.00015294 0.00402808 -0.000191542 0.00346549 -0.000242737 -5.47586e-05 -0.00137891 0 -0.00157197 -5.58066e-05 -0.000836871 0.00341356 -0.000154452
internal_weight=4022.13 3619.05 3409.26 28.613 3380.65 43.7764 3336.87 2870.89 465.984 35.6723 403.076 92.9575 89.6934 17.4383 19.5393
internal_count=26270 23101 20699 142 20557 674 19883 16012 3871 662 3169 778 770 124 118
is_linear=0
shrinkage=0.0286577


Tree=118
num_leaves=16
num_cat=0
split_feature=22 34 22 7 10 8 0 22 16 32 26 8 24 26 22
split_gain=0.973413 1.13476 1.69328 2.66359 3.10421 0.867766 0.81663 1.75403 0.815378 0.742131 0.68398 1.14999 1.18691 0.898669 1.86388
threshold=0.026871681976581695 -0.012330511834220013 0.028069793456763126 0.20438832285112299 0.18000192419425182 0.24557874761501647 0.26527500000000004 0.036060104581503744 0.94737192474837706 0.49340369393139849 0.63932546433519832 0.75813581785282258 11.500000000000002 0.66862461512233184 0.07260979609763353
decision_type=8 10 8 8 10 8 2 8 8 10 8 10 2 8 10
left_child=-1 2 3 4 -2 9 7 -7 -8 -4 -3 13 -13 14 -12
right_child=1 10 5 -5 -6 6 8 -9 -10 -11 11 12 -14 -15 -16
leaf_value=-0.00041118782961709587 1.063894506311717e-05 -0.00011429141542030976 0.00015336730733886186 -0.00031152537541039515 0.00065756843016537172 0.00034348387699088356 0.00054564650470470902 -0.00031399209163516151 -6.8336203801202083e-06 -0.00026337015001651068 -1.1863161918795146e-05 -4.6685646758975414e-05 0.0025173225850507529 -4.0167935847745615e-05 0.0016133731866503707
leaf_weight=486.524316273164 9.9569644415751117 909.39246758818626 221.15607754513621 17.646699302829802 11.272529903799294 9.0341191282495874 541.29761996120214 8.7568208470474911 873.42190663563088 494.37510383315384 29.843683123588562 9.0260954946279526 8.9433372020721436 379.38110294658691 12.097815811634062
leaf_count=4208 112 2690 3466 136 52 50 3653 250 5873 3911 180 38 12 1573 66
internal_value=-0.000408125 -0.000239383 0.000159949 0.0060718 0.0129157 4.76827e-05 0.000459102 0.00655527 0.000374353 -0.000761963 -0.000894204 1.21035e-05 0.00708624 -0.000269685 0.00366062
internal_weight=4022.13 3535.6 2186.92 38.8762 21.2295 2148.04 1432.51 17.7909 1414.72 715.531 1348.68 439.292 17.9694 421.323 41.9415
internal_count=26270 22062 17503 300 164 17203 9826 300 9526 7377 4559 1869 50 1819 246
is_linear=0
shrinkage=0.0286577


Tree=119
num_leaves=16
num_cat=0
split_feature=9 33 10 5 5 28 22 12 8 12 9 17 11 17 23
split_gain=0.890027 0.84389 1.87529 0.872548 2.34479 2.1548 1.10227 0.756359 0.735942 3.06558 1.93473 1.37432 0.727282 2.5583 0.699099
threshold=0.1875220850914989 0.026945233264211502 0.092727151753117035 0.33681966601873398 0.36300166120682664 -0.0033000000000000108 0.044408519249899851 0.10899576457361441 0.35968112603969088 0.038980926017295199 0.37456915029042098 0.90483947512261442 0.72816106582625995 0.93525544831897378 0.0080900947714844535
decision_type=8 10 8 10 10 10 8 10 10 10 8 10 10 10 8
left_child=-1 2 -2 12 5 -5 -6 8 14 10 -10 -11 -4 -14 -3
right_child=1 7 3 4 6 -7 -8 -9 9 11 -12 -13 13 -15 -16
leaf_value=-0.00049547333596671817 0.00034715152799838749 5.1117974540564978e-05 -6.8101293351756383e-05 -0.00028659461858120144 -0.00097769180112810389 0.001037270998433819 0.00038411689343686241 -0.00054858522552261901 0.0012770216791384073 0.0016785865130834227 -0.0015531848426542773 -2.0369163754722877e-05 -7.0198515226156519e-05 0.0024193892434656557 -2.4232577843878339e-06
leaf_weight=459.93686530925333 3.0191479194909325 18.760373247787356 1330.3598254534882 20.555089700501412 133.43937831744552 39.678549097850919 184.12233196524903 146.13698034361005 8.232854120433327 96.202856881543994 3.6025254148989925 190.66072444058955 57.932008855044842 19.603270690888166 1309.8838782804087
leaf_count=5339 8 226 7256 110 688 122 938 638 22 428 50 720 308 116 9301
internal_value=-0.000455145 -0.00029849 -0.000738554 -0.000783404 0.000420287 0.00560762 -0.000535633 0.000139779 0.000322421 0.00160778 0.015815 0.000974777 -0.00111349 0.00152347 2.57348e-05
internal_weight=4022.13 3562.19 1788.71 1785.69 377.795 60.2336 317.562 1773.48 1627.34 298.699 11.8354 286.864 1407.9 77.5353 1328.64
internal_count=26270 20931 9546 9538 1858 232 1626 11385 10747 1220 72 1148 7680 424 9527
is_linear=0
shrinkage=0.0286577


Tree=120
num_leaves=16
num_cat=0
split_feature=34 26 23 5 33 24 7 23 16 5 20 34 13 19 19
split_gain=0.873381 1.14443 0.972585 0.902896 0.777214 0.709588 0.743908 1.49782 1.0698 0.695034 0.675395 0.968419 0.942845 0.763783 2.3516
threshold=-0.012330511834220013 0.28565082292513455 0.0080900947714844535 0.17156251249867918 0.10496608982688295 8.5000000000000018 0.32295871334428655 0.083367405900607636 0.61682368165217205 0.76121018773569338 0.0068977768017373662 -0.048242920180405872 6.3825973268623324 0.036755840373117903 0.037373547569027006
decision_type=8 10 8 10 10 2 10 10 10 10 8 8 10 8 8
left_child=1 10 3 -3 -4 6 7 -2 -9 -6 11 12 -1 -12 -15
right_child=5 2 4 -5 9 -7 -8 8 -10 -11 13 -13 -14 14 -16
leaf_value=0.00015797704428159733 0.00013547475332437387 -0.00085427292165139658 -1.2334190060482578e-05 0.00015909667975260705 0.00024667941349295209 -6.5029674302975602e-05 -3.8832105021505059e-05 0.0018709922922847519 0.00055592631784795986 0.0002861635038104547 -0.00072942972246018637 -0.00032654761804595838 -1.7016549603239687e-05 0.00049911882497935122 -8.8450473957581713e-05
leaf_weight=4.5570220854133368 147.89463885850273 4.0695624724030477 1261.2055583926849 7.2305053947493434 301.2270028013736 1525.9541415441781 140.8340942543 11.08829975500703 10.486071684863417 2.0699982196092597 275.7107287729159 18.074475415050987 2.3271681452170014 6.1896075904369345 303.20778465177864
leaf_count=114 4554 126 9127 110 2942 3174 1299 192 498 16 1824 76 12 12 2194
internal_value=-0.000499009 -0.000106791 0.000296201 0.00861307 0.000228514 -0.000960409 0.000262549 0.00156696 0.00860717 0.00153209 -0.00116375 0.00331893 0.0122804 -0.0013732 -0.000357333
internal_weight=4022.13 2185.87 1575.8 11.3001 1564.5 1836.26 310.303 169.469 21.5744 303.297 610.067 24.9587 6.88419 585.108 309.397
internal_count=26270 16553 12321 236 12085 9717 6543 5244 690 2958 4232 202 126 4030 2206
is_linear=0
shrinkage=0.0286577


Tree=121
num_leaves=16
num_cat=0
split_feature=33 26 16 16 26 12 12 24 8 24 19 12 12 19 24
split_gain=0.766342 1.04274 0.545567 0.884494 2.56579 0.831712 1.36363 1.89778 0.775196 0.735473 0.83485 0.688669 1.20225 1.26986 0.965986
threshold=0.081947990881926627 0.21944471006249885 1.0082701684279762 1.0063072243278535 0.3315242692651954 0.037969628234176635 0.046175375105315226 10.500000000000002 0.25460965481089443 9.5000000000000018 0.018444373214408793 0.044829432236594385 0.043951927938330339 0.055239742557741826 9.5000000000000018
decision_type=10 10 8 10 10 10 10 2 10 2 10 10 10 10 2
left_child=2 -2 3 5 -5 9 7 -7 -8 -1 -11 12 14 -14 -4
right_child=1 -3 11 4 -6 6 8 -9 -10 10 -12 -13 13 -15 -16
leaf_value=7.4994165126191889e-05 -0.00052598086798836066 0.000150319952101845 6.244258880353861e-05 0.00014598581373897251 -0.0008827473895809476 -0.00060412436548076603 -0.00072060451359162411 0.00056357146175072448 -1.9431962211799876e-05 0.00014940709148260264 -0.00050245874202110559 -0.00015985077797085956 -1.7385262798516272e-07 0.00067857967467261661 -1.7867898348672202e-05
leaf_weight=149.93165616691113 168.63894535880536 675.41381860617548 144.12606338760816 9.7480282485485095 14.074162451550363 67.077930310741067 126.44676902703941 93.603671981021762 742.78652468323708 15.547784015536307 262.64781439490616 907.04517037654296 3.9390748208388668 4.7170238005928695 636.38222240842879
leaf_count=2787 1716 5966 4760 24 56 817 656 161 3416 36 467 4264 30 52 1062
internal_value=-0.000517332 0.000241396 -0.000721974 -0.000310677 0.00511008 -0.00040686 2.50379e-05 0.00245745 -0.000413684 -0.00146854 -0.00234165 -0.00107534 -0.000438639 0.00998393 -0.000569879
internal_weight=4022.13 844.053 3178.07 1481.86 23.8222 1458.04 1029.91 160.682 869.233 428.127 278.196 1696.21 789.164 8.6561 780.508
internal_count=26270 7682 18588 8420 80 8340 5050 978 4072 3290 503 10168 5904 82 5822
is_linear=0
shrinkage=0.0286577


Tree=122
num_leaves=16
num_cat=0
split_feature=38 9 26 26 36 9 31 16 10 26 23 33 10 9 16
split_gain=0.888949 0.720147 0.829045 0.767357 0.680392 0.624301 0.795543 0.948487 0.564856 0.559461 1.18837 1.39037 0.69582 1.14756 0.635339
threshold=4.5000000000000009 0.48989106460449533 0.19804467172124296 0.8499032972912397 1.0000000180025095e-35 0.53943322524277537 3.7349999999999999 0.77854611995295964 0.59195378719951941 0.43002484893211984 0.010529252125584978 0.032199663044532485 0.101951987571323 0.17385741175301436 0.63126559871117116
decision_type=2 8 10 10 2 10 10 10 8 8 10 8 8 10 8
left_child=9 2 -2 5 -4 6 8 -8 -3 10 11 -1 13 -11 -14
right_child=1 3 4 -5 -6 -7 7 -9 -10 12 -12 -13 14 -15 -16
leaf_value=0.00058033179301323159 -0.00069116012979999488 -0.0004899948171797258 -0.00014729828029736163 0.00033798046384112923 7.5870402997197398e-05 -2.0505096452532092e-05 4.7368935531753834e-06 0.0016341391825090415 0.00091538890418622725 -0.002865838064878389 -0.00022736214753970528 -0.00057044736282081047 0.00032840900750034371 0.00032291593783370106 -1.735584622105855e-05
leaf_weight=9.6147728338837606 258.56975706014782 23.024571755900979 718.89257556898519 3.659317633137106 766.95602327398956 83.898316958919168 3.8986171185970289 4.3577618766576052 28.445444717537612 3.6515556261874726 816.63513421453536 11.827697689877825 6.47751860320568 3.0393454469740391 1279.1782496599481
leaf_count=36 2369 164 6408 38 6104 514 38 30 340 58 2804 1168 27 8 6164
internal_value=-0.000534507 -7.66102e-05 -0.000244213 0.00183827 9.85331e-06 0.00141873 0.00365726 0.0120583 0.00206955 -0.00093637 -0.00151987 0.00499005 -0.00055007 0.00841782 -0.000605976
internal_weight=4022.13 1891.7 1744.42 147.284 1485.85 143.625 59.7264 8.25638 51.47 2130.42 838.078 21.4425 1292.35 6.6909 1285.66
internal_count=26270 16005 14881 1124 12512 1086 572 68 504 10265 4008 1204 6257 66 6191
is_linear=0
shrinkage=0.0286577


Tree=123
num_leaves=16
num_cat=0
split_feature=34 18 34 28 24 9 28 27 9 10 10 34 6 19 27
split_gain=0.796326 0.766922 1.21851 0.746163 0.664922 0.706541 1.23121 0.729526 0.583993 0.545291 1.09874 2.96416 1.6377 0.674892 0.52487
threshold=-0.013252614868770605 0.17524079693891007 0.023334753094958142 -0.035199999999999988 8.5000000000000018 0.31718929078998631 -0.027499999999999993 0.88602956282450751 0.31525424222615578 0.16724914889933332 0.18246588066183084 -0.013973805227124157 2.1180450454708106 0.0060406814024732613 0.17963233345834728
decision_type=8 10 10 10 2 10 8 10 10 10 10 10 10 8 10
left_child=3 4 -3 -1 5 6 7 -2 -8 -5 11 12 -11 -12 -15
right_child=1 2 -4 9 -6 -7 8 -9 -10 10 13 -13 -14 14 -16
leaf_value=-0.00032973891551354366 0.001502186417527534 0.0015443538560931875 -0.0019410837646437222 -0.00030102004266932097 -6.3276641514922152e-05 -3.551463529888989e-05 3.2850749388932364e-07 -0.0013080515934918823 0.00097866069212764091 -8.5260868975668583e-05 0.00018550342724308437 0.000875379773194298 0.00027148064193011003 0.00013548510458659822 -3.4045916066303431e-05
leaf_weight=289.48193823266774 26.650143296224996 6.6639930009841901 6.9944325461983681 221.9319430263713 1827.5934409368783 146.35883147828281 146.75098239211366 5.969059331342577 1.7736675543710578 53.883708979934454 3.2336881756782523 10.127194523811339 4.4437651112675658 473.9865637999028 796.28330765245482
leaf_count=2406 698 24 20 2296 3934 988 4764 110 11 700 128 26 26 3227 6912
internal_value=-0.00050067 -0.000873753 0.00574193 -5.86773e-05 -0.000920906 0.000243264 0.00146396 0.00650029 0.000282633 0.000183154 0.000406268 0.00394516 0.0012471 0.00020755 0.000165135
internal_weight=4022.13 2168.75 13.6584 1853.37 2155.1 327.503 181.144 32.6192 148.525 1563.89 1341.96 68.4547 58.3275 1273.5 1270.27
internal_count=26270 10549 44 15721 10505 6571 5583 808 4775 13315 11019 752 726 10267 10139
is_linear=0
shrinkage=0.0286577


Tree=124
num_leaves=16
num_cat=0
split_feature=5 20 34 2 24 34 6 7 2 38 30 18 18 18 12
split_gain=1.11664 1.04599 1.55432 1.89242 1.15104 0.721356 0.669919 0.6622 0.786218 0.622949 2.21285 0.644891 1.20437 0.567996 1.1599
threshold=0.16166646010187577 0.0048233728506814075 -0.0076881184629080659 0.089981500102329207 9.5000000000000018 -0.024769769369829272 3.2016052713980128 0.2088495270339753 0.43021248972132736 5.5000000000000009 22.130000000000006 -0.010970690479023935 -0.010212292042351022 0.13920150315958293 0.10176739511486828
decision_type=8 8 10 2 2 8 8 10 2 2 8 10 10 10 10
left_child=9 2 3 -2 -5 6 -3 -8 -9 -1 11 -11 -13 -7 -15
right_child=1 5 -4 4 -6 13 7 8 -10 10 -12 12 -14 14 -16
leaf_value=-7.3109802767555332e-05 -0.0011330958241399897 -0.00040623263546247476 -0.00082899957905358164 0.00018018733338885277 0.00014790380197183379 -3.6971970829521194e-05 -0.00015497627105797514 0.00020330216970018824 0.0010755464120733463 -0.00060817215394896288 0.00082069751764713382 0.0013490063998158215 -7.3431237292823974e-06 -0.0018266414156880284 0.0015000962908009953
leaf_weight=930.07161131687462 7.6036799396388295 148.7190859252587 12.883748918771742 3.6382866110652667 7.7396411299705505 1504.6312541014049 232.89512979285792 575.06841763295233 7.7261775471270075 173.4681714437902 3.8226679484359911 6.4795206785202017 381.73001793771982 12.554061532020571 13.095187582075594
leaf_count=5408 104 1269 32 184 16 7017 2830 4900 62 1516 60 20 2756 30 66
internal_value=-0.000514323 -0.000142402 0.00498565 0.0102512 0.0175449 -0.000212347 0.000395241 0.000725765 0.00124704 -0.00113586 -0.000362569 -0.000531873 9.31267e-05 -0.000601765 0.0035471
internal_weight=4022.13 2526.55 31.8654 18.9816 11.3779 2494.69 964.409 815.69 582.795 1495.57 565.5 561.678 388.21 1530.28 25.6492
internal_count=26270 16510 336 304 200 16174 9061 7792 4962 9760 4352 4292 2776 7113 96
is_linear=0
shrinkage=0.0286577


Tree=125
num_leaves=16
num_cat=0
split_feature=26 26 18 21 22 26 16 16 34 23 22 28 21 21 27
split_gain=0.888973 1.00566 2.1927 3.09664 2.42491 0.793108 1.39174 1.00358 0.665845 0.672432 1.33187 2.02224 0.835877 0.656581 0.623868
threshold=0.43002484893211984 0.46477957081496768 -0.015441039967317714 0.03401153462708089 0.040422725940507984 0.45973959572187012 0.85603714995130742 0.8022986344973646 -0.013719353809777067 0.017415346647082445 0.023671853541380738 -0.0078999999999999886 0.025238668034454455 0.032565862183416623 0.080133928993874379
decision_type=8 8 8 10 10 10 8 10 8 10 10 10 8 8 10
left_child=8 2 3 4 -2 -4 7 -7 9 10 12 -12 -1 -13 -3
right_child=1 14 5 -5 -6 6 -8 -9 -10 -11 11 13 -14 -15 -16
leaf_value=-0.00077009540141895834 -4.2883255220406382e-05 -7.6381468704635677e-05 -1.715086918759916e-05 1.6777477905826341e-05 0.00055774053366230449 0.00068133863419002675 -0.00061089492132656382 0.0012263988409472052 -0.00026629864393942624 -0.00012694427683088155 -0.0001819554415731898 0.00028345833077464015 8.0277106146780971e-05 0.001666068679614863 -1.4311146748375545e-06
leaf_weight=38.428873400203884 6.1973188705742386 244.7830334273167 104.38383764540777 30.238479726947844 15.706074326299129 3.3598616532981413 9.4805191513150913 4.6652962602674961 864.38609345606528 814.09551473148167 7.6145137138664749 7.1752926595509026 9.9886135989800078 3.6268376410007486 1857.9964997759089
leaf_count=728 100 1517 672 138 96 40 82 16 4590 5434 72 30 120 64 12571
internal_value=-0.00047475 -9.68311e-05 0.0019884 0.00689473 0.015064 -3.79165e-05 0.00547789 0.0142008 -0.000961974 -0.000392051 0.00233528 0.0088474 0 0.0167825 -0.000274342
internal_weight=4022.13 2276.81 174.031 52.1419 21.9034 121.89 17.5057 8.02516 1745.32 880.93 66.8341 18.4166 48.4175 10.8021 2102.78
internal_count=26270 15232 1144 334 196 810 138 56 11038 6448 1014 166 848 94 14088
is_linear=0
shrinkage=0.0286577


Tree=126
num_leaves=16
num_cat=0
split_feature=38 26 4 35 26 26 18 18 28 35 35 9 11 26 26
split_gain=0.731208 1.31931 2.4353 2.15013 0.833817 0.958625 4.43249 1.23575 1.15147 0.836381 1.46539 0.710278 0.811626 0.848318 0.765118
threshold=4.5000000000000009 0.11564756659324311 1.0000000180025095e-35 3.99608817346116 0.65266677403768736 0.67777602590471175 0.034741159070706303 -0.056918027723077962 0.019800000000000029 4.9071988412150063 4.7589207527063202 0.48989106460449533 0.47432513640166002 0.19804467172124296 0.8499032972912397
decision_type=2 8 8 2 8 8 10 8 10 2 2 8 10 10 10
left_child=1 2 3 -1 -3 6 7 -6 -8 10 -7 12 13 -2 -13
right_child=11 4 -4 -5 5 9 8 -9 -10 -11 -12 14 -14 -15 -16
leaf_value=0.0021210673483235561 -0.00067699066029328634 -0.00010548125877142316 -0.00090766554684390305 -0.0022005149637481765 0.0016270355776968437 -9.9040083589464208e-06 2.8426011171911955e-07 -2.898230472782235e-05 0.0014571480560930964 -0.00041866736945091334 1.3044370710852832e-05 0.00066181306434100185 -0.00065708634903140553 3.1073152852528735e-05 0.0003234852596476308
leaf_weight=12.556392433354633 249.20687810424715 1408.2975817411207 22.118272301740944 5.6539354263804844 4.8864091858267784 424.71782682836056 5.852570839226245 48.8107596677728 8.7810646519064885 163.78471008688211 24.964750912040472 143.62471242761239 187.59699626686051 1307.6144815320149 3.659317633137106
leaf_count=126 2306 6420 180 110 26 1999 48 287 16 917 136 1086 1237 11338 38
internal_value=-0.000465077 -0.000829467 0.00424627 0.0120149 -0.000932621 -9.41082e-05 0.00310111 -0.000551543 0.0169758 -0.000467254 0.000150963 -4.93918e-05 -0.000215954 0 0.00185313
internal_weight=4022.13 2130.42 40.3286 18.2103 2090.1 681.798 68.3308 53.6972 14.6336 613.467 449.683 1891.7 1744.42 1556.82 147.284
internal_count=26270 10265 416 236 9849 3429 377 313 64 3052 2135 16005 14881 13644 1124
is_linear=0
shrinkage=0.0286577


Tree=127
num_leaves=16
num_cat=0
split_feature=5 16 8 37 20 10 34 22 20 27 22 18 26 5 11
split_gain=0.888616 1.18861 1.09819 1.04473 1.021 1.02002 1.00615 1.86322 2.15057 0.907731 1.15705 0.863387 0.987783 0.903466 0.869679
threshold=0.16166646010187577 0.90666625303504877 0.81339395314152785 1.0000000180025095e-35 0.0079447240205538523 0.46241391584080116 -0.059857115172730672 0.090528876775595443 0.047621613718643936 -0.0096560704436496683 0.061551703609346586 -0.039619026601656553 0.49142223125005702 0.16833912983122623 0.32912227398884525
decision_type=8 8 10 2 10 10 10 10 10 8 10 10 10 8 10
left_child=6 3 -3 11 -5 -6 7 -1 -9 10 -8 12 -2 -13 -14
right_child=1 2 -4 4 5 -7 9 8 -10 -11 -12 13 14 -15 -16
leaf_value=-5.8154394565193749e-05 3.4507600084616607e-05 -3.8410990055513592e-05 0.0023859876374102045 0.00013856481919886178 -0.00018792523075406917 0.0017268544605774999 -0.0017908578105893425 0.00010583065639771211 6.7888861633892754e-06 -0.00013058867676935053 0.00058135206313946787 0.00047213219811879898 0.00024304478001525948 0.00029579524279783773 0.0042224391651505657
leaf_weight=224.96194094931707 14.595224025659265 1768.2228355624247 3.946323834359645 10.168110689148305 324.39567192364484 18.86913388222456 5.7544752787798625 11.103183601051571 13.246761674061416 1234.8185675721616 5.6870602499693632 15.520870909094809 7.8759849313646537 356.64913442544639 6.3113805297762156
leaf_count=3976 102 10815 20 72 2541 126 26 28 490 5224 16 100 62 2624 48
internal_value=-0.000441837 -0.000109647 -0.00051866 0.000837861 -0.000273645 -0.000568492 -0.000996266 0.000638358 0.00813765 -0.00133131 0.00647477 0.00184205 0.00670119 0.00143563 0.0120894
internal_weight=4022.13 2526.55 1772.17 754.386 353.433 343.265 1495.57 249.312 24.3499 1246.26 11.4415 400.953 28.7826 372.17 14.1874
internal_count=26270 16510 10835 5675 2739 2667 9760 4494 518 5266 42 2936 212 2724 110
is_linear=0
shrinkage=0.0286577


Tree=128
num_leaves=16
num_cat=0
split_feature=5 27 0 30 9 31 35 17 9 23 5 22 27 15 38
split_gain=1.05247 0.834267 2.02177 0.637632 1.10003 1.09414 1.01631 1.70359 0.904912 1.15448 1.09508 0.77192 0.748468 0.533011 0.513394
threshold=0.16564601786672192 -0.0096560704436496683 0.44842500000000007 20.500000000000004 0.49775820889899797 3.475000000000001 5.3091089264029252 1.1183031484698196 0.56814224716790507 0.091263983351240988 0.22849062270886433 0.15775340344494518 0.20796590097864401 1.1579739743196447 1.5000000000000002
decision_type=8 8 2 8 10 8 2 10 10 10 10 8 10 8 2
left_child=1 2 -1 4 5 14 12 -8 9 10 -6 -10 -7 -3 -2
right_child=3 13 -4 -5 8 6 7 -9 11 -11 -12 -13 -14 -15 -16
leaf_value=-0.0017395360191692761 -0.00037455794061922831 -0.00015778912566728566 0.00056469187429049902 -3.731022102281231e-05 0.00071326834605885895 0.00089772107896275005 -0.0010754901819944643 0.00088738253831393036 -5.9165248471607107e-05 -0.00031271057535523357 0.0015936960129258949 0.0023176108186957547 -0.00030022396687493506 -4.3069211799874694e-05 -4.7347866658566563e-06
leaf_weight=7.5097741228528303 132.05703250132501 509.20903700543568 4.1958031114190817 726.34412684687413 5.3864864110946682 71.637661218643188 6.7822628435678807 10.2507615708746 36.401169719174504 5.6007280331104985 9.7258326821029168 6.0691245924681416 66.14891110593453 1028.8022060589865 1396.0057422146201
leaf_count=88 494 2472 38 4202 19 902 154 102 146 48 46 28 962 7570 8999
internal_value=-0.00049072 -0.00107701 0.00634636 -0.000119138 0.000172993 2.74079e-05 0.00232637 0.0089959 0.00387952 0.00884088 0.0129739 0.0011922 0.00141618 -0.00114092 -0.000199317
internal_weight=4022.13 1549.72 11.7056 2472.41 1746.07 1682.88 154.82 17.033 63.1833 20.713 15.1123 42.4703 137.787 1538.01 1528.06
internal_count=26270 10168 126 16102 11900 11613 2120 256 287 113 65 174 1864 10042 9493
is_linear=0
shrinkage=0.0286577


Tree=129
num_leaves=16
num_cat=0
split_feature=15 22 35 21 19 23 21 21 7 32 38 21 26 6 35
split_gain=0.903998 0.905044 0.916102 0.842967 1.5272 4.00442 1.61674 1.02632 2.56578 1.18616 0.928617 0.588884 0.55602 1.17388 0.503938
threshold=1.0436375796403619 0.026871681976581695 2.1108188939397388 0.021990474448355991 0.048621623353064615 0.04043206018034954 0.01795066186546276 0.020792615387213168 0.26766137045519955 0.51385224274406338 4.5000000000000009 0.0092301261190423419 0.43002484893211984 1.6008381215546239 3.1576383119446927
decision_type=8 8 2 8 10 10 10 10 10 8 2 10 8 8 2
left_child=-1 2 11 4 7 -6 -7 9 -9 -3 12 -2 14 -14 -5
right_child=1 3 -4 10 5 6 -8 8 -10 -11 -12 -13 13 -15 -16
leaf_value=-0.00010391678675651623 -0.0019291713231992546 0.0003941444996155221 -0.00035885654886440196 4.1703166709503364e-07 0.00041755677006015049 -0.00044295871296528357 0.0009438226741113429 -6.5139757636728509e-06 0.00022435755825170697 -0.00019288373075541807 4.0566302781662722e-05 0.0051171729607813266 0.0011098384682849502 -2.5047385644159048e-05 -0.0004414489148441233
leaf_weight=569.18219910096377 1.6476639551110555 135.32622500509024 427.36749392235652 87.56582679762505 10.949109762907026 57.608641431666911 33.027270792983472 39.444700951687992 18.288194093853235 286.73760422784835 1166.7051843591034 2.5187919959425926 32.767056873999536 845.92357273912057 307.0671240282245
leaf_count=3105 46 831 3691 536 48 541 286 268 50 1311 9364 24 136 4003 2030
internal_value=-0.000477976 -0.000299904 -0.00152921 -0.000120931 0.000854472 0.00404654 0.00192369 0.000156282 0.00374576 -0.000312906 -0.000357476 0.0112011 -0.000894116 -0.000477031 -0.00179677
internal_weight=4022.13 3452.94 431.534 3021.41 581.382 101.585 90.6359 479.797 57.7329 422.064 2440.03 4.16646 1273.32 878.691 394.633
internal_count=26270 23165 3761 19404 3335 875 827 2460 318 2142 16069 70 6705 4139 2566
is_linear=0
shrinkage=0.0286577


Tree=130
num_leaves=16
num_cat=0
split_feature=26 26 35 10 19 10 10 33 1 20 5 20 20 20 20
split_gain=0.678189 0.807669 3.16487 2.9209 2.77755 1.7718 1.49571 0.738383 1.16231 0.686241 1.11405 0.670129 1.31847 4.08296 0.605297
threshold=0.43002484893211984 0.48043654912838479 6.4857408825076863 0.21856443695986175 0.048031397241340472 0.092727151753117035 0.16842041090049517 0.10496608982688295 0.2404166666666667 0.021781512680155549 -0.006131920151152089 0.083473251768749077 0.099145194134098627 0.097689346033158084 0.035057885957090563
decision_type=10 10 2 8 10 10 10 8 2 10 8 10 10 8 8
left_child=-1 2 3 4 5 -2 -6 11 14 10 -5 -3 13 -13 -9
right_child=1 7 -4 9 6 -7 -8 8 -10 -11 -12 12 -14 -15 -16
leaf_value=-0.00011296115610345506 0.00029688434582008131 -5.968527560243418e-05 0.0005214613796362432 8.6137144317710166e-06 -0.0011317852829405071 -0.00061122681619193064 0.0019719145538169541 0.00063401617698377252 0.00031584870083707883 -4.6582499363593298e-05 4.7651352269049912e-06 0.00045532474552757734 -5.6751911568214913e-05 0.0011603152142978506 -1.6969955012413153e-06
leaf_weight=2061.8709448860027 3.0016852170228949 958.74159773532301 8.4463360086083394 3.3091331832110882 4.5340412370860603 29.138721098192036 20.910750213079154 49.642835866194218 5.7803467833437017 178.04114513937384 27.257390840910379 129.70709657389671 359.69260497670621 11.168119622394441 170.8839106571395
leaf_count=12753 8 6838 32 12 52 304 134 602 28 898 278 640 1715 50 1926
internal_value=-0.000471467 -8.41294e-05 0.00134938 0.000754521 0.00647355 0.000529093 0.0135227 -0.000323749 0.00118447 -0.000781897 0.00306558 -0.000564611 0.00026961 0.00263123 0.000796723
internal_weight=4022.13 1960.26 274.639 266.193 57.5852 32.1404 25.4448 1685.62 226.307 208.608 30.5665 1459.31 500.568 140.875 220.527
internal_count=26270 13517 1718 1686 498 312 186 11799 2556 1188 290 9243 2405 690 2528
is_linear=0
shrinkage=0.0286577


Tree=131
num_leaves=16
num_cat=0
split_feature=5 21 20 24 24 12 12 18 12 12 15 7 8 10 26
split_gain=0.770188 0.621887 1.29932 2.13709 0.65061 1.22751 1.37547 0.700757 0.596342 1.10558 1.39351 1.22902 1.62406 0.505976 0.490978
threshold=0.16564601786672192 0.012476282932274313 0.0048233728506814075 11.500000000000002 10.500000000000002 0.035759072526402279 0.046576982355301062 -0.03270670524609564 0.087062010693755146 0.074855573851770038 1.0678182772444578 0.45223605922982368 0.31474828462229593 0.27505917922452677 0.22609707143364341
decision_type=8 8 8 2 2 10 10 10 10 10 10 10 10 10 8
left_child=8 -2 3 -3 7 -6 -7 14 9 -1 -11 12 -12 -9 -4
right_child=1 2 4 -5 5 6 -8 13 -10 10 11 -13 -14 -15 -16
leaf_value=-8.7756207056596442e-05 -0.00043764145579919245 -4.3677644535914971e-05 6.5390058322526993e-05 0.00014825075446669138 -9.3090429068243315e-05 0.00028059745658486849 -5.3550901707407276e-05 0.0002644563906983923 -0.00019840583368302953 -0.00030434622422018868 -0.00057353348366417272 -5.317889605155694e-05 0.0019154041000942863 -3.7408609806419504e-05 0.00037659564967487685
leaf_weight=1076.9028842989355 221.04799924604595 8.5629122355021519 20.382661541225389 5.136343002319335 415.43634977936745 144.57407153956592 645.12593782320619 397.15787935024127 382.73311704164371 35.515413988381624 9.9693392822518927 12.699725433718411 31.896340253762901 389.4498467030935 225.53583851922303
leaf_count=7992 1310 248 318 8 688 277 1139 5460 1748 102 150 52 124 3746 2908
internal_value=-0.000530438 -0.00021136 -6.42644e-05 0.00865154 -0.000122953 -0.000578605 7.27765e-05 0.000399242 -0.00103296 -0.000697681 0.00231627 0.00523375 0.00764668 -5.77275e-06 0.00173399
internal_weight=4022.13 2472.41 2251.36 13.6993 2237.66 1205.14 789.7 1032.53 1549.72 1166.98 90.0808 54.5654 41.8657 786.608 245.919
internal_count=26270 16102 14792 256 14536 2104 1416 12432 10168 8420 428 326 274 9206 3226
is_linear=0
shrinkage=0.0286577


Tree=132
num_leaves=16
num_cat=0
split_feature=21 19 34 19 23 2 0 35 21 24 7 7 34 17 17
split_gain=0.560233 0.778593 1.25275 0.645759 3.15491 0.989617 0.621785 0.504935 1.31764 2.06158 0.81903 1.09768 0.524895 1.22645 2.49986
threshold=0.015193762801171325 0.013464141555312671 -0.037005387898117019 0.037554368951100044 0.035592903757192713 0.057483321004185066 0.99952500000000011 2.6008360479532171 0.021548705346107502 11.500000000000002 0.55707214148556161 0.44715091674646651 -0.012330511834220013 1.4367325968712794 1.4644184452395967
decision_type=8 8 8 10 10 2 2 2 8 2 8 10 10 10 10
left_child=3 2 6 -1 -5 -6 -2 8 9 -3 11 -10 -9 -14 -15
right_child=1 7 -4 4 5 -7 -8 12 10 -11 -12 -13 13 14 -16
leaf_value=-0.00047469630246082454 0.00014400223498423011 0.0012000331118707773 -4.2425945518082599e-05 0.0026760899590333241 8.3329013000989677e-06 -9.0242735320162691e-05 -1.5323092137903287e-05 -5.9846497902773523e-06 1.6460198400924733e-07 0.00018136066294459374 -0.00089976514294983704 0.00095954791541731589 -0.00010430670090383377 0.0039330743448331273 1.0881752952159873e-05
leaf_weight=488.04260649159551 5.8704870063811541 10.399079610593615 9.0365178040228802 7.526994824409484 2.7625993415713301 87.926170027814806 1.4010866777971385 1954.4931130511686 136.76829455746338 5.3371803760528556 70.010801007738337 40.954921736381948 1068.6316931946203 7.1698580533266059 125.79525627754629
leaf_count=2746 146 102 684 24 26 696 6 16058 1043 8 316 248 3723 20 424
internal_value=-0.000497868 -0.00035414 0.00581187 -0.00132277 0.000725394 -0.000667683 0.014543 -0.000386845 0.000803741 0.0088031 0.000247796 0.00131786 -0.00048944 -0.000962855 0.00159754
internal_weight=4022.13 3435.87 16.3081 586.258 98.2158 90.6888 7.27157 3419.56 263.47 15.7363 247.734 177.723 3156.09 1201.6 132.965
internal_count=26270 22778 836 3492 746 722 152 21942 1717 110 1607 1291 20225 4167 444
is_linear=0
shrinkage=0.0286577


Tree=133
num_leaves=16
num_cat=0
split_feature=30 26 23 26 35 14 34 35 21 35 35 31 21 9 12
split_gain=0.503017 0.61208 0.596703 0.628734 2.06943 1.4161 0.584522 0.712611 0.737326 0.671531 1.34207 1.64823 0.592144 0.578466 1.90834
threshold=25.325000000000003 0.43735420466710478 0.019944724045358134 0.48043654912838479 6.4857408825076863 1.5987146407260908 -0.013252614868770605 3.8624123060989137 0.0060034131490725477 5.3799434184404422 5.2015861760714612 -0.16999999999999901 0.0018640013510407881 0.34262534709339043 0.045767747468455799
decision_type=10 8 10 8 2 10 8 2 8 2 2 10 10 8 8
left_child=1 6 -3 4 5 -4 9 8 -8 10 12 -12 -1 -5 -15
right_child=-2 2 3 13 -6 -7 7 -9 -10 -11 11 -13 -14 14 -16
leaf_value=0.0002193528035250692 -0.00047477584379214968 -0.00062413291759785524 -1.2820572030786167e-05 -3.1811038660593259e-05 0.00045461570690101202 0.00043250333647792749 0.00061288009128815108 -0.0003327844580673573 -0.00015100714257524321 -0.00020437234662263831 -0.00096506219559512358 0.00045446459485809802 -3.2397417041946734e-05 0.0012738076223661717 8.7976760479751068e-07
leaf_weight=6.0024644946679464 153.66191366314888 141.92521744593978 127.33200590591878 912.85949603607878 7.3973977267742148 92.185059929266572 5.1744281947612754 489.41346069145948 333.80382996308617 179.59716866258532 17.543094964697957 35.540732254274189 690.24807777442038 43.376546394079924 786.06576593732461
leaf_count=194 672 1963 626 7378 22 560 16 2590 1916 744 64 160 5484 358 3523
internal_value=-0.000467969 -0.000400833 -6.67645e-05 5.77729e-05 0.0014793 0.000920292 -0.000796438 -0.00135317 -0.000307992 -0.000289037 7.56284e-05 0.00446786 -0.000246313 -0.000121822 0.000418778
internal_weight=4022.13 3868.46 2111.14 1969.22 226.914 219.517 1757.32 828.392 338.978 928.932 749.334 53.0838 696.251 1742.3 829.442
internal_count=26270 25598 14430 12467 1208 1186 11168 4522 1932 6646 5902 224 5678 11259 3881
is_linear=0
shrinkage=0.0286577


Tree=134
num_leaves=16
num_cat=0
split_feature=22 20 26 26 18 11 17 24 24 17 28 11 30 28 28
split_gain=0.740239 0.833713 0.677945 2.13179 0.607138 1.17322 2.17391 2.51241 0.70805 1.12562 0.894967 0.594318 0.519691 0.551517 0.51371
threshold=0.026871681976581695 0.0079447240205538523 0.32030513823070411 0.32961264300872678 0.10389740633013912 0.55980407969908497 1.1819911896215858 10.500000000000002 10.500000000000002 1.0452291823082895 -0.17895000000000003 0.16440341994104204 23.400000000000002 0.041049999999999982 0.018000000000000019
decision_type=8 8 10 10 10 10 8 2 2 8 8 10 10 8 8
left_child=2 14 -1 -4 8 6 7 -6 9 11 -11 -3 13 -10 -2
right_child=1 4 3 -5 5 -7 -8 -9 12 10 -12 -13 -14 -15 -16
leaf_value=-0.00045840639748811129 -0.0016280053811264419 0.00050337236983501231 0.00059531638297774601 -0.0001642101763458116 -3.1301396486720352e-05 -0.0005668396496743952 -0.00011796682273616071 0.0013230196615272639 -3.5013298637087707e-05 0.00036983488738936634 0.00014147600522022085 -0.00011057044681777905 -0.0013067385483419328 8.5455552528767258e-07 0.00018715714958204851
leaf_weight=309.08880406897515 3.5442438088357431 49.855202774051577 8.9253115179017168 168.51020068628713 10.499539488926532 50.3543685618788 17.492570484057069 16.010841608047485 1357.8069939296693 4.449005636619404 654.90555504383519 753.58667556289583 108.30364936590195 501.25807717815042 7.5356203224509954
leaf_count=2214 36 1054 56 1938 114 235 128 24 2426 72 9062 7855 140 874 42
internal_value=-0.000509769 -0.000361823 -0.00156377 -9.24045e-05 -0.000389409 0.0018551 0.00529832 0.0105059 -0.000454173 1.66868e-05 0.000900665 -0.000696424 -0.000809292 -0.000689503 0.00736292
internal_weight=4022.13 3535.6 486.524 177.436 3524.52 94.3573 44.003 26.5104 3430.17 1462.8 659.355 803.442 1967.37 1859.07 11.0799
internal_count=26270 22062 4208 1994 21984 501 266 138 21483 18043 9134 8909 3440 3300 78
is_linear=0
shrinkage=0.0286577


Tree=135
num_leaves=16
num_cat=0
split_feature=22 7 7 33 20 35 22 39 30 7 35 35 20 5 30
split_gain=0.594077 0.916181 2.04288 0.79698 0.949077 0.848058 1.29001 1.83589 1.36953 0.590987 0.504778 0.762444 1.65685 0.668371 0.504491
threshold=0.026871681976581695 0.33158109135137215 0.33895838006455353 0.054024198179615464 0.010065735721654369 2.6585092034639635 0.10698632186491468 1.0000000180025095e-35 16.285000000000004 0.19090424959976712 2.9575098463622735 3.1261018227772142 0.070737919370237282 0.70178237465081028 16.895000000000003
decision_type=8 10 10 8 8 2 10 2 10 8 2 2 10 10 10
left_child=1 -1 -3 5 9 6 7 -2 -9 -5 -6 12 -12 -13 -4
right_child=3 2 14 4 10 -7 -8 8 -10 -11 11 13 -14 -15 -16
leaf_value=-0.00036242224321497804 -1.3385687601942738e-05 6.7630999597559214e-05 0.0008783268840767284 -0.001199143893317227 -0.00035045640605197836 -5.2472819033130849e-05 -0.00012706215335312707 0.0010399577403774143 0.00093199981737690843 0.00052422956197898968 -5.8628453806635926e-06 8.2075003453788133e-07 0.0015322100870714835 4.8865784622526789e-05 -0.00057087775423352201
leaf_weight=455.91805108496919 39.164875941351056 3.9599138763733235 2.3899435168132213 2.8583076894283268 196.4401362221688 1884.8450458282605 65.922213246114552 8.6212748438119871 55.648270642384887 6.0731335952878007 31.930370727088302 1203.9656058379915 23.786625020205975 16.346484171226621 24.256407795008272
leaf_count=3932 224 30 94 30 1622 8471 313 110 270 42 266 10430 172 112 152
internal_value=-0.000522557 -0.00146869 0.00319953 -0.000389461 0.00011136 -0.000755449 0.00115996 0.0031902 0.00619434 0.00931288 4.73454e-05 0.0002621 0.00353904 0.000103688 0
internal_weight=4022.13 486.524 30.6063 3535.6 1481.4 2054.2 169.357 103.434 64.2695 8.93144 1472.47 1276.03 55.717 1220.31 26.6464
internal_count=26270 4208 276 22062 12674 9388 917 604 380 72 12602 10980 438 10542 246
is_linear=0
shrinkage=0.0286577


Tree=136
num_leaves=16
num_cat=0
split_feature=26 26 30 7 20 20 35 20 30 8 8 7 20 23 8
split_gain=0.57034 1.40313 2.38418 0.952401 0.507568 1.49942 0.779959 1.42755 0.597895 0.494667 1.13295 1.35009 1.57814 0.784476 0.58872
threshold=0.19804467172124296 0.20594732578974498 16.490000000000006 0.21840351183337259 0.041814701596369915 0.042537565136640261 2.6008360479532171 0.06581800247869081 18.990000000000006 0.49076944459072885 0.47071412874713325 0.53126603059883581 0.092692370068427107 0.039537963039558761 0.23374946178425376
decision_type=8 8 8 8 8 10 2 8 8 10 10 10 10 10 10
left_child=4 2 3 -2 -1 8 7 -7 -6 10 14 13 -13 -12 -3
right_child=1 9 -4 -5 5 6 -8 -9 -10 -11 11 12 -14 -15 -16
leaf_value=-0.00053741884110095832 0.00048892337562655432 -7.5523651743293057e-05 -7.283941165146667e-05 0.00012934127408858022 0.0020070210844858466 0.00036927954549044223 -0.00076706965017567285 -0.00030544726596010055 -0.00051648105378295167 -5.3640140691812782e-05 0.00022831276814892925 9.5744222401613968e-05 0.0038218156901910442 0.00097330435928764893 -3.5526584985717205e-06
leaf_weight=241.84625479904935 6.4344927771016964 1253.0245585420635 12.573519172146915 6.4214527322910735 3.720871301367878 4.9058626154437635 83.784699901007116 8.5547050922177732 1.4704999029636381 411.89563326025382 5.1214674413204184 4.7209273055195791 6.0499541759490967 52.360707068815827 1919.2410539509729
leaf_count=1676 40 11022 112 42 58 40 728 106 262 1779 32 36 12 190 10135
internal_value=-0.000536862 -0.000428732 0.00622192 0.014891 -0.00166202 0 -0.000786796 0.00537394 0.0146982 -0.000478149 -0.00035508 0.00327485 0.0125899 0.00131381 -0.000436549
internal_weight=4022.13 3677.84 25.4295 12.8559 344.283 102.437 97.2453 13.4606 5.19137 3652.41 3240.52 68.2531 10.7709 57.4822 3172.27
internal_count=26270 23400 194 82 2870 1194 874 146 320 23206 21427 270 48 222 21157
is_linear=0
shrinkage=0.0286577


Tree=137
num_leaves=16
num_cat=0
split_feature=33 10 16 16 26 26 12 26 10 0 26 17 16 10 6
split_gain=0.548036 0.828266 0.753417 1.20635 3.68304 0.924318 0.889768 0.826969 0.835736 0.754922 0.751164 0.689193 1.3094 1.95651 0.662876
threshold=0.081947990881926627 0.16311960438749848 1.0082701684279762 1.0044993297202394 0.3315242692651954 0.084925103626750126 0.032736800351526839 0.43735420466710478 0.75564174773701542 1.4517250000000004 0.21944471006249885 1.762267268035494 1.1578194780992763 0.2829041373601478 1.6008381215546239
decision_type=10 10 10 10 10 8 10 8 10 2 10 10 10 10 8
left_child=2 -2 3 7 -5 6 -4 -1 14 -8 -3 -7 13 -13 -9
right_child=1 10 5 4 -6 11 9 8 -10 -11 -12 12 -14 -15 -16
leaf_value=-0.00029835663809733219 -0.00040144012101493563 -0.00029669386254597068 -0.0012694973847027758 7.6584406866503444e-05 -0.0001033138302858643 -7.5410214686052205e-05 0.00014110876050313272 0.0010868511121235069 0.00045299072035005089 -7.2617414700978607e-08 0.00023418428721015856 -2.7033002089735461e-06 -0.00037693255528565748 0.0016487828880148855 -3.5304989458395844e-06
leaf_weight=705.67174713523127 134.2697584386915 128.34638477303088 4.6016851635649783 14.310683101415632 21.609451586380601 1288.0168796819635 4.33814991498366 57.776773440651596 4.693799225613474 1.5879114121198652 581.43662075325847 14.672140607610347 35.257691223174334 16.670817011035979 1008.8661665697582
leaf_count=3948 1202 1372 100 32 94 6900 78 345 36 4 5108 58 276 86 6631
internal_value=-0.000494761 0.000144677 -0.000667717 -0.000277553 0.0048851 -0.00117844 0.00705287 -0.000388128 0.000105155 0.0143335 0.000546181 -0.00125094 0.00151708 0.00584409 4.1404e-05
internal_weight=4022.13 844.053 3178.07 1812.93 35.9201 1365.15 10.5277 1777.01 1071.34 5.92606 709.783 1354.62 66.6006 31.343 1066.64
internal_count=26270 7682 18588 11086 126 7502 182 10960 7012 82 6480 7320 420 144 6976
is_linear=0
shrinkage=0.0286577


Tree=138
num_leaves=16
num_cat=0
split_feature=16 22 12 21 32 21 5 28 32 21 7 27 21 32 19
split_gain=0.593316 1.02025 0.76308 1.41141 1.41177 0.915244 1.01981 1.16216 0.898184 0.727458 1.56669 4.31173 3.44587 1.80552 1.29806
threshold=1.0082701684279762 0.022485852990005401 0.044829432236594385 0.0060034131490725477 0.58245382585751992 0.017103249629413505 0.70178237465081028 -0.0082500000000000056 0.50065963060686025 0.021990474448355991 0.26067651139021358 0.058397169254237415 0.020384916330808758 0.51649076517150405 0.037037037037037042
decision_type=10 8 10 8 10 10 10 10 10 8 10 8 10 10 10
left_child=1 -1 3 4 -2 -5 8 -8 -7 10 13 -12 -13 14 -3
right_child=2 9 -4 5 -6 6 7 -9 -10 -11 11 12 -14 -15 -16
leaf_value=-0.00074541560287792047 -0.0013094817442862814 1.1315851749984949e-05 -9.8506642835128968e-05 -0.00045204653559321377 0.00059296759346029958 0.00066761260984208877 -0.0010906129043739339 0.00030260858130421852 -2.3481807096061944e-05 -1.8221521390073528e-05 0.00043923984905719235 -0.00051838819453696721 0.00081057712925505473 -0.00038417981844111892 0.0010681404159395042
leaf_weight=166.98562403675169 4.9356610123068076 149.89372763596475 1046.6588351125829 163.7428766428493 7.2512302473187447 120.19477753154933 4.2800675425678492 6.50782263278961 299.69198679272085 1703.1139790031593 14.408435671590267 66.741970354691148 12.795342806726692 191.7178652798757 63.206457735039294
leaf_count=1468 44 699 5402 1828 34 994 28 28 1676 11882 82 362 70 1154 519
internal_value=-0.000471331 -0.00017527 -0.000889434 -6.33152e-05 0.00947724 -0.000279239 0.000394908 0.00901772 0.000144869 -6.84386e-06 0.000950782 0.00428424 0.0015123 0.000150623 0.00198751
internal_weight=4022.13 2368.86 1653.26 606.604 12.1869 594.418 430.675 10.7879 419.887 2201.88 498.764 93.9457 79.5373 404.818 213.1
internal_count=26270 16236 10034 4632 78 4554 2726 56 2670 14768 2886 514 432 2372 1218
is_linear=0
shrinkage=0.0286577


Tree=139
num_leaves=16
num_cat=0
split_feature=22 8 8 7 22 28 28 23 8 4 10 10 24 22 22
split_gain=0.766504 0.573063 0.977886 1.39122 1.57814 1.15441 2.85357 0.657788 1.71477 0.592373 0.763396 1.71988 0.859253 0.381959 0.736502
threshold=0.026871681976581695 0.49076944459072885 0.47071412874713325 0.53126603059883581 0.099124972341941023 -0.0064000000000000437 -0.026849999999999995 0.1491550303840869 0.69444912667338587 0.31560092275706669 0.35381009652843304 0.34716462879416349 7.5000000000000009 0.033186007279853498 0.032826042474362341
decision_type=8 10 10 10 10 8 10 10 10 8 8 10 2 10 10
left_child=-1 2 9 5 -5 6 -4 -3 -9 10 11 -2 -12 14 -11
right_child=1 7 3 4 -6 -7 -8 8 -10 13 12 -13 -14 -15 -16
leaf_value=-0.00030792911391045266 1.971397677969327e-07 -0.00010548577092852983 -7.6563016185725129e-05 8.9112213591910865e-05 0.0037172754514826589 -4.3428899512095145e-05 0.0012433561426901524 -5.1479577893306897e-05 0.0022670647109939365 -0.00079689404478477564 0.00038414698891028952 0.0014417095135402054 -2.7538351149645067e-05 -0.00069572467599672647 0.00037235063977462425
leaf_weight=486.524316273164 1859.9759896253236 391.39604544080794 12.078790754079821 4.7209273055195791 6.0499541759490967 37.963273068889976 9.1439342238008958 14.51230754889548 8.2381606400012952 27.675988172646615 96.618294723564759 45.811280932277441 825.09749841317534 192.58787480089813 3.7320239394903174
leaf_count=4208 12381 1677 70 36 12 116 34 60 34 396 3597 228 2188 1219 14
internal_value=-0.000493983 -0.000343559 -0.000206841 0.00312578 0.0125899 0.00119395 0.00660535 -0.00134931 0.00322188 -0.000286734 -0.000170367 0.0001527 -0.000849026 -0.00170956 0.00100473
internal_weight=4022.13 3535.6 3121.46 69.9569 10.7709 59.186 21.2227 414.147 22.7505 3051.5 2827.5 1905.79 921.716 223.996 31.408
internal_count=26270 22062 20291 268 48 220 104 1771 94 20023 18394 12609 5785 1629 410
is_linear=0
shrinkage=0.0286577


Tree=140
num_leaves=16
num_cat=0
split_feature=5 5 24 16 16 26 19 12 30 12 12 11 16 11 31
split_gain=0.639251 1.79005 1.7649 0.909781 1.3993 0.887073 1.63701 0.866896 2.32163 0.785183 1.63619 1.98905 1.14086 0.746325 0.590328
threshold=0.18739459127400698 0.18913844794914089 10.500000000000002 0.90666625303504877 0.84422471411202826 0.51304482607907087 0.097795266192874666 0.089990766968069014 30.590000000000003 0.074855573851770038 0.077664016948869902 0.40126148305001125 0.90524412620732109 0.39215699223384798 -2.569999999999999
decision_type=8 8 2 8 10 8 10 10 10 10 10 10 10 10 10
left_child=7 2 -2 4 -3 6 -6 8 9 -1 11 -11 -12 -7 -9
right_child=1 3 -4 -5 5 13 -8 14 -10 10 12 -13 -14 -15 -16
leaf_value=-3.2464226740670252e-05 0.0001210693250435724 -3.4105121587434632e-05 0.002202095944883391 -3.0708642293855978e-05 0.00028898085365716789 -0.00013375777667763963 0.001591397027390814 0.00013549622945530971 4.8152282735219408e-05 -0.0019967291088999182 0.0010904554574442938 0.0010219192696653968 -0.00052761312752057344 0.0021620571972237042 -0.0004318582033189697
leaf_weight=1308.9727874831297 8.8637450521346199 419.21748258266598 7.7449953556060782 1473.8766455855221 94.304900063201785 96.820507204160094 22.645796822384 23.103091210592538 3.6243109703063956 9.5405989959836024 25.290414346382022 16.104799333959818 67.933433835394681 26.245682157576084 417.83746903948486
leaf_count=9581 186 3132 14 8974 698 739 146 324 4 64 138 46 354 180 1690
internal_value=-0.000441256 -9.87802e-05 0.00919746 -0.00017681 0.000701192 0.00244935 0.00425087 -0.000829078 -0.000477438 -0.000544107 0.00165797 0.00803648 -5.62206e-06 0.000651879 -0.00194723
internal_weight=4022.13 2149.72 16.6087 2133.11 659.234 240.017 116.951 1872.41 1431.47 1427.84 118.869 25.6454 93.2238 123.066 440.941
internal_count=26270 14069 200 13869 4895 1763 844 12201 10187 10183 602 110 492 919 2014
is_linear=0
shrinkage=0.0286577


Tree=141
num_leaves=16
num_cat=0
split_feature=26 35 35 23 34 15 11 26 27 34 16 35 23 26 19
split_gain=0.67475 0.754553 1.14259 1.64138 1.98906 2.74232 0.952522 0.737018 1.6742 1.83713 0.894897 1.29259 1.3926 1.23228 0.892848
threshold=0.43735420466710478 5.3799434184404422 5.2015861760714612 0.046615374661582727 -0.033266811963760516 1.2244618900997384 0.24050325125841779 0.48043654912838479 0.10984463119906412 -0.0076881184629080659 0.67378864508841052 4.290596408687942 0.08430953050492325 0.62661374811005166 0.057639023338897484
decision_type=10 2 2 8 10 10 10 10 10 10 8 2 10 10 10
left_child=1 2 -1 4 6 -6 -4 8 9 -2 11 12 13 -9 -10
right_child=7 -3 3 -5 5 -7 -8 10 14 -11 -12 -13 -14 -15 -16
leaf_value=-7.1579306066981316e-05 0.0006430579063643159 -0.00020722175796121918 -0.00090950037206592065 -0.0011533610169719905 -0.0013021198553299269 0.00077966095045846231 0.00040880095050830392 0.0085606634934899256 5.2592664864317966e-05 0.00039539671390804933 -2.091256477534932e-05 -0.00014561017831996075 -4.2793314778639218e-05 0.00013821554007742846 -2.1089340107466649e-05
leaf_weight=1695.583687880775 27.120170983485878 312.93372261081822 19.43627026071772 29.2573709981516 5.8171405792236355 12.336048096418379 12.617377752438186 11.931233167648321 113.86893503274769 5.6692789122462264 1634.5530985586811 23.543145979754627 10.916605129837988 4.6724293790757647 101.87014471646398
leaf_count=11209 320 1328 116 186 22 36 48 62 776 18 11424 194 75 44 412
internal_value=-0.000435282 -0.000792796 -0.000556245 0.00277193 0.00596454 0.013547 0.00129618 -4.41369e-05 0.00140575 0.00743533 -0.000263976 0.00344396 0.00768743 0.0128594 0.000436313
internal_weight=4022.13 2087.98 1775.05 79.4642 50.2068 18.1532 32.0536 1934.15 248.529 32.7894 1685.62 51.0634 27.5203 16.6037 215.739
internal_count=26270 12945 11617 408 222 58 164 13325 1526 338 11799 375 181 106 1188
is_linear=0
shrinkage=0.0286577


Tree=142
num_leaves=16
num_cat=0
split_feature=33 20 3 21 21 21 9 12 19 12 33 27 12 12 27
split_gain=0.621619 0.599242 0.703015 0.990193 0.559828 1.02836 1.46036 0.939391 0.822858 0.630507 0.585703 0.579492 0.541865 1.30084 1.55806
threshold=0.081947990881926627 0.22151002963964506 45.500000000000007 0.1258844858986084 0.050566416710350809 0.058473989029548507 0.24762247051368999 0.043700595847316899 0.060589273420531088 0.030241418494317707 0.084540244559912062 0.503361289621716 0.063393480681250794 0.079212623360848569 0.27306616439982173
decision_type=10 10 2 8 10 10 10 8 10 10 10 8 10 10 10
left_child=1 -1 3 -3 10 6 7 8 -6 -8 -2 -11 -12 14 -14
right_child=4 2 -4 -5 5 -7 9 -9 -10 11 12 -13 13 -15 -16
leaf_value=-2.8386249248617255e-05 0.00079593625755089914 0.0021395883366182858 -6.4787145909025645e-06 -0.00054720490820676937 -0.00021865752701979272 0.00010603248786356136 0.002876304529879488 0.0020115655584013619 0.00047091510065747712 -0.00023346944477205508 -0.00013024217248071382 0.0039910206642557872 -0.00047402597647325473 -0.00057993613164566016 0.00096818728177658017
leaf_weight=3154.0623806936201 5.1107633113861075 8.5556014403700829 10.084566166624425 5.3713477728888401 6.9893931727856415 186.12805639766157 3.5199551656842223 5.8102097138762465 4.6960608176887035 33.018398220650852 488.39948496129364 5.9055096087977281 15.757091889157889 54.13842945639044 34.579411249607801
leaf_count=18458 20 26 46 58 68 1616 36 24 62 228 4838 46 98 356 290
internal_value=-0.00049317 -0.000677458 0.00374641 0.00798652 0.000188926 0.00134572 0.00461272 0.0116124 0.00553083 0.00144721 -0.000270782 0.000104864 -0.000371892 0.00146644 0.00482052
internal_weight=4022.13 3178.07 24.0115 13.9269 844.053 246.068 59.9395 17.4957 11.6855 42.4439 597.985 38.9239 592.874 104.475 50.3365
internal_count=26270 18588 130 84 7682 2080 464 154 130 310 5602 274 5582 744 388
is_linear=0
shrinkage=0.0286577


Tree=143
num_leaves=16
num_cat=0
split_feature=22 22 30 17 38 26 4 0 26 6 31 18 34 23 23
split_gain=0.578092 0.710883 2.02368 2.399 0.617908 1.34266 2.41936 2.4888 0.98585 0.776441 0.545618 0.756316 0.829357 0.537453 1.07218
threshold=0.026871681976581695 0.028069793456763126 17.560000000000006 0.94025195422965846 4.5000000000000009 0.11564756659324311 1.0000000180025095e-35 0.47387500000000005 0.43735420466710478 1.6008381215546239 2.8100000000000009 -0.04502329706302071 0.015727904251998773 0.092296425373096666 0.093160247538340554
decision_type=8 8 8 10 2 8 8 2 8 8 8 10 10 10 10
left_child=-1 2 3 -2 5 6 7 -3 -7 -10 13 12 -12 -6 -15
right_child=1 4 -4 -5 10 8 -8 -9 9 -11 11 -13 -14 14 -16
leaf_value=-0.00029530945908630071 0.00060537376716324209 0.001889873156969411 -0.0008582490876008201 5.7849021390818383e-06 -4.286733643501229e-05 -0.00020046978416887154 -0.00083255617106037846 0.0017460918715181059 0.0010096638725133346 -1.5551685730899371e-05 0.00090847615414088568 3.1667154956341141e-05 0.0014354769379826219 0.00087399093039815365 0.00014662168744958794
leaf_weight=486.524316273164 11.622071974445136 8.9858143602032232 36.337906980887055 18.258262384217232 1183.3666267814115 613.8505518832244 18.240201065316796 8.9130481658503395 41.099530288018286 1135.5666821938939 41.518420532345772 195.97632950823754 6.4960457682609549 8.894812557846306 206.47603932116181
leaf_count=4208 72 140 186 130 7949 2808 132 50 199 5312 754 2736 18 44 1532
internal_value=-0.000476574 -0.000345335 0.0025707 0.00812806 -0.000404027 -0.000766679 0.00464155 0.0121521 -0.000881976 -0.000385356 0 0.00124912 0.00448541 -0.000218907 0.00108339
internal_weight=4022.13 3535.6 66.2182 29.8803 3469.38 1826.66 36.1391 17.8989 1790.52 1176.67 1642.73 243.991 48.0145 1398.74 215.371
internal_count=26270 22062 388 202 21674 8641 322 190 8319 5511 13033 3508 772 9525 1576
is_linear=0
shrinkage=0.0286577


Tree=144
num_leaves=16
num_cat=0
split_feature=19 19 11 20 11 9 7 5 5 7 31 34 5 12 19
split_gain=0.782141 1.31433 2.02874 0.826468 1.68204 2.06121 0.896337 0.60904 0.954297 1.38311 0.656648 2.18877 0.885849 0.574418 1.1952
threshold=0.026117859564308055 0.026548455836999416 0.34509844443487286 0.009522046518012724 0.16563794213171829 0.17385741175301436 0.17407520424307779 0.14092110782241887 0.14202062172251473 0.43022724113110394 2.1700000000000004 0.013627942990790289 0.10319517813699462 0.035759072526402279 0.063508326957001038
decision_type=8 8 8 10 8 10 10 8 8 8 8 10 10 10 8
left_child=3 2 -2 4 5 -1 -7 10 9 -9 11 12 -3 -10 -15
right_child=1 7 -4 -5 -6 6 -8 8 13 -11 -12 -13 -14 14 -16
leaf_value=-0.00079070242991431715 -0.0010223991023085818 3.0623377439937182e-05 4.0698662516939925e-05 -0.00028684658147871869 -0.00053281008497908821 5.6191203895694741e-06 0.00059705706314272836 -0.0014980037985037622 -4.3757293347608474e-05 0.00099449191976996127 -9.4332502112303617e-05 0.00073582155930989473 -0.00017521686349139141 6.2499934155717149e-05 -3.2060268645437725e-05
leaf_weight=9.5587067967280763 8.7694497155025619 254.74515539873391 8.2820031344890577 540.53939556097612 68.82738545909524 4.4247805718332511 6.7323043663054705 7.5018131891265503 763.43139512347989 7.9409535899758348 474.7822320885025 4.8868241012096396 212.46387208951637 670.56199494283646 978.67839391017333
leaf_count=402 78 1568 22 3270 970 38 32 74 6459 18 3312 40 948 3869 5170
internal_value=-0.000518008 -0.00034187 0.00751349 -0.00144998 0.00102708 0.00819381 0.0164872 -0.000385015 -0.000139799 0.00689218 -0.00100313 -0.000221781 -0.000446522 -0.000189585 0.000105936
internal_weight=4022.13 3392.04 17.0515 630.083 89.5432 20.7158 11.1571 3374.99 2428.11 15.4428 946.878 472.096 467.209 2412.67 1649.24
internal_count=26270 21558 100 4712 1442 472 70 21458 15590 92 5868 2556 2516 15498 9039
is_linear=0
shrinkage=0.0286577


Tree=145
num_leaves=16
num_cat=0
split_feature=21 21 9 27 38 21 18 38 38 20 12 21 27 6 38
split_gain=0.727672 1.35552 2.47177 2.50132 3.22257 2.07963 1.86062 1.77243 1.3894 1.36125 1.7546 1.49346 0.857238 1.15007 2.44952
threshold=0.015193762801171325 0.021990474448355991 0.23663109389660025 0.058397169254237415 3.5000000000000004 0.020792615387213168 0.13920150315958293 3.5000000000000004 4.5000000000000009 0.0079447240205538523 0.037158943925322256 0.015320521090401733 0.16720895929823118 1.6008381215546239 1.5000000000000002
decision_type=8 8 10 10 2 10 8 2 2 10 8 10 10 8 2
left_child=-1 2 9 4 -4 6 -5 -7 12 10 -2 -11 -3 14 -14
right_child=1 8 3 5 -6 7 -8 -9 -10 11 -12 -13 13 -15 -16
leaf_value=-0.00018650443821819531 0.00015330185849859627 -0.00019652504055187183 0.00038444713398131064 1.6447143513436612e-05 0.00077256396387607226 0.00011315232753174603 0.0013661989188678671 0.00080384904975239939 3.4336580791212336e-06 5.6528005450513269e-06 -0.00074173921373484129 -0.00027862623012689066 0.0012260830882613069 -2.0516317256799785e-05 0.00087002041287787685
leaf_weight=586.25837068539113 7.5524660106748316 440.25813361722976 11.925004944205286 187.45553438179195 12.031028499826787 13.287347599864004 3.3458701968193045 21.845438017509878 1396.3064873898402 7.0769173949956885 7.2692929692566404 251.73892109375447 5.2016303557902566 1038.7062189325225 31.867997949011624
leaf_count=3492 42 2385 26 1000 82 40 8 158 11732 44 30 1675 26 5314 216
internal_value=-0.000511117 -0.000348019 0.000987132 0.00305531 0.0119047 0.00206186 0.000819782 0.00847686 -0.000591505 -0.000866192 0.00741109 -0.00138478 -0.00119245 -0.000742396 0.00415396
internal_weight=4022.13 3435.87 523.528 249.89 23.956 225.934 190.801 35.1328 2912.34 273.638 14.8218 258.816 1516.03 1075.78 37.0696
internal_count=26270 22778 3105 1314 108 1206 1008 198 19673 1791 72 1719 7941 5556 242
is_linear=0
shrinkage=0.0286577


Tree=146
num_leaves=16
num_cat=0
split_feature=21 21 9 5 24 5 27 13 21 6 5 38 15 27 6
split_gain=0.644172 1.15203 1.74975 1.65922 3.05684 5.28152 2.18679 3.43038 1.299 1.29441 1.43957 1.21613 1.21246 0.698047 1.13153
threshold=0.015193762801171325 0.021990474448355991 0.23663109389660025 0.14325258096240903 10.500000000000002 0.195337275801758 0.058397169254237415 1.4867569920989812 0.015320521090401733 2.0338234317256254 0.60826023908786653 4.5000000000000009 1.0881717555029731 0.16720895929823118 1.6008381215546239
decision_type=8 8 8 10 2 10 10 10 10 10 10 2 10 10 8
left_child=-1 2 8 6 -5 -6 7 -4 12 -10 -11 13 -2 -3 -15
right_child=1 11 3 4 5 -7 -8 -9 9 10 -12 -13 -14 14 -16
leaf_value=-0.0001811596577333609 5.4908045178976612e-06 -0.00019089309306816621 0.00037342977933396541 0.00071180552539293535 0.00093940734046563644 0.00010990964677957168 -0.00016935758275795186 -3.7028771568410083e-06 -0.00028584350331916904 0.00014890858620212927 -0.00041934369468290135 3.3352574787484821e-06 -6.2696299126553419e-06 0.0009540054205549798 -1.9928367644756035e-05
leaf_weight=586.25837068539113 4.0451845228672019 440.25813361722976 8.6408247165381926 79.245742023922503 17.641595028340816 51.030855456367135 111.05021124053746 9.4170136861503106 229.75603900104761 4.8195626363158208 4.6054628193378448 1396.3064873898402 3.275329977273941 37.069628304801881 1038.7062189325225
leaf_count=3492 8 2385 28 760 30 88 516 44 1541 14 36 11732 40 242 5314
internal_value=-0.000478553 -0.000324878 0.000905374 0.00247636 0.00454688 0.00897278 2.33616e-05 0.009281 -0.000820468 -0.00122623 0.00889425 -0.000549502 0.0107527 -0.00111177 -0.000704054
internal_weight=4022.13 3435.87 523.528 277.026 147.918 68.6725 129.108 18.0578 246.502 239.181 9.42503 2912.34 7.32051 1516.03 1075.78
internal_count=26270 22778 3105 1466 878 118 588 72 1639 1591 50 19673 48 7941 5556
is_linear=0
shrinkage=0.0286577


Tree=147
num_leaves=16
num_cat=0
split_feature=38 9 11 8 12 34 21 21 11 35 12 35 18 11 18
split_gain=0.751218 0.609948 0.703796 0.837329 1.8073 1.15254 0.84563 0.603513 0.970179 0.534422 1.02291 0.793281 0.534806 0.818179 1.41161
threshold=4.5000000000000009 0.48989106460449533 0.47432513640166002 0.35968112603969088 0.038980926017295199 -0.012798000755846637 0.1258844858986084 0.050566416710350809 0.33844694765873556 2.6585092034639635 0.033369621684177557 2.5568395641593615 -0.057840405863576132 0.49681439214469486 0.061741768472444176
decision_type=2 8 10 10 10 10 10 10 10 2 8 2 10 10 8
left_child=9 2 3 7 5 -5 -6 -2 -9 10 11 -1 -12 -14 -15
right_child=1 -3 -4 4 6 -7 -8 8 -10 -11 12 -13 13 14 -16
leaf_value=0.00079082523780763469 -0.00011603162296695088 0.00044789765828595135 -0.00060527366682425925 -0.0016264287413590649 1.6563166110732646e-05 0.0012163458625801277 0.0021766849159580702 0.00031242133813437928 -0.0006695708216011327 -3.1871445511057042e-05 -0.00041829496447129183 0.0019037388737567942 -6.8487677838031296e-07 0.00076229081496875524 -0.0017792465022213823
leaf_weight=3.3974449411034575 1024.3971501905471 147.2840300607495 187.59699626686051 2.0885683372616768 164.9968905588612 5.3747388124465934 10.565781367011366 262.68402619194239 86.714204178191721 1968.3034941996448 48.015475603519008 3.9592927433550358 82.073534822557122 14.949234923347829 9.7257968410849589
leaf_count=56 9858 1124 1237 58 926 20 64 2098 620 9536 212 22 329 88 22
internal_value=-0.000517723 -9.61502e-05 -0.000250719 -4.4229e-05 0.00176773 0.0154683 0.00110926 -0.00029313 0.000721639 -0.000887335 0.000656537 0.0109456 8.7741e-05 0.00127832 0.00583096
internal_weight=4022.13 1891.7 1744.42 1556.82 183.026 7.46331 175.563 1373.8 349.398 2130.42 162.121 7.35674 154.764 106.749 24.675
internal_count=26270 16005 14881 13644 1068 78 990 12576 2718 10265 729 78 651 439 110
is_linear=0
shrinkage=0.0286577


Tree=148
num_leaves=16
num_cat=0
split_feature=5 5 24 32 27 8 28 28 10 27 20 27 8 8 10
split_gain=0.899859 1.80235 1.7649 0.655547 0.763266 1.66864 0.850076 1.98897 0.948356 0.629356 0.633333 2.3403 0.848673 0.979455 0.774512
threshold=0.18739459127400698 0.18913844794914089 10.500000000000002 0.55145118733509246 -0.0026800577243202488 0.33231780517672538 -0.0046999999999999533 -0.0052500000000000038 0.2023087440625764 0.011629570115953827 0.008940561452871117 0.10594640157139605 0.24557874761501647 0.30588869906403343 0.26392238707392462
decision_type=8 8 2 10 8 10 8 8 8 10 8 10 8 8 10
left_child=3 2 -2 4 5 -1 7 8 -6 -3 11 -11 -12 -14 -13
right_child=1 9 -4 -5 6 -7 -8 -9 -10 10 12 14 13 -15 -16
leaf_value=-0.0016027514580033073 1.5821268426398059e-05 -0.00030222397128006518 0.0020817096029908111 -7.4683381793451715e-05 0.00026600053054675238 0.00036364151727173282 -5.4242887527600309e-05 0.0034408816746952339 -1.0794945871799883e-05 0.00039651048120790727 -0.00012786710163630242 -9.1585885572064476e-05 0.00010091379411770057 -1.9337640327087951e-05 0.0002265935640091624
leaf_weight=6.4492146242409927 8.8637450521346199 97.270461443345994 7.7449953556060782 1012.2365406677127 58.132639776449651 4.4704473614692688 595.39955593482591 4.2989963535219422 191.41951049701311 10.173447205685077 592.43536201817915 27.59208516729996 421.19809142732993 980.18030599039048 4.2612611632794133
leaf_count=126 186 637 14 5705 498 12 4244 66 1550 94 5153 252 2588 5013 132
internal_value=-0.000534236 -0.000128825 0.00919746 -0.0009943 -0.000396569 0.00699397 -0.000505178 0.000860984 0.000478059 -0.000207089 -9.42692e-05 0.00336626 -0.000172583 0.000205908 -0.000180825
internal_weight=4022.13 2149.72 16.6087 1872.41 860.17 10.9197 849.251 253.851 249.552 2133.11 2035.84 42.0268 1993.81 1401.38 31.8533
internal_count=26270 14069 200 12201 6496 138 6358 2114 2048 13869 13232 478 12754 7601 384
is_linear=0
shrinkage=0.0286577


Tree=149
num_leaves=16
num_cat=0
split_feature=26 16 26 16 17 25 16 34 15 1 16 18 17 16 24
split_gain=0.801185 0.841671 1.51035 1.98874 1.84259 1.47854 1.93136 1.30946 0.730517 0.679594 1.41157 0.694026 0.969291 0.547314 0.882877
threshold=0.43002484893211984 0.90277910901131786 0.46986453485156759 0.84422471411202826 0.72897966007636472 0.39608127217701511 0.78593611590948032 -0.04159386560757216 1.1352291405423618 0.22375366568914959 0.86447557653425366 -0.0081453104625127653 0.88270396150298513 1.09123030172227 10.500000000000002
decision_type=10 10 10 10 10 8 8 10 8 2 8 8 10 10 2
left_child=8 2 3 5 -5 6 -2 -6 -1 11 -11 12 -4 14 -3
right_child=1 13 9 4 7 -7 -8 -9 -10 10 -12 -13 -14 -15 -16
leaf_value=-0.00038830260034290206 -0.0003879268178231024 1.1706462459802088e-05 0.0013800729205769172 -0.0016704262657557317 0.000315008508739419 -0.00028962288098601777 0.0011007950198134782 0.0013267949201399307 -4.909912423366145e-05 -1.2052210303987252e-05 0.0015671792777207558 -1.3082076379430205e-05 4.9025695911485948e-05 1.4750010317088195e-06 -0.00016438386857488602
leaf_weight=391.89138340670615 5.3412075648084256 286.09925461467355 40.746119640767574 5.5768898557871607 3.1315372390672573 51.679291186854243 7.0759131796658048 11.117189912125465 1669.9795614792965 13.308794899843635 10.266323593677951 440.10689671384171 107.39361457992345 542.29754846869037 436.11513370275497
leaf_count=1807 58 3792 358 36 74 344 38 60 10946 72 40 3387 888 3622 748
internal_value=-0.000594582 -0.000173552 0.000619767 0.00422281 0.0121792 0.0015724 0.0103906 0.0176064 -0.000989971 0.000107885 0.00486135 -6.75229e-05 0.00160846 -0.000617946 -0.00113516
internal_weight=4022.13 1960.26 695.744 83.922 19.8256 64.0964 12.4171 14.2487 2061.87 611.822 23.5751 588.247 148.14 1264.51 722.214
internal_count=26270 13517 5355 610 170 440 96 134 12753 4745 112 4633 1246 8162 4540
is_linear=0
shrinkage=0.0286577


Tree=150
num_leaves=16
num_cat=0
split_feature=33 28 17 17 28 17 17 27 19 12 17 31 19 26 26
split_gain=0.650623 0.752829 1.58674 0.778199 0.744427 0.576294 0.96886 1.64451 1.06801 1.57791 0.663594 0.86428 1.28981 0.847169 2.0264
threshold=0.026129740885808442 -0.031400000000000004 1.7344841579439736 2.3900713715338187 -0.059399999999999988 0.9196986352941513 0.91469987479281234 0.10347016967706622 0.094510680065624644 0.096394767211923346 1.0452291823082895 1.1350000000000009 0.01685856234150929 0.58966977475827553 0.60090561928824338
decision_type=10 10 10 10 10 10 10 10 10 10 10 10 8 10 10
left_child=-1 2 -2 4 -4 6 8 -8 -3 -10 13 -12 -13 -7 -15
right_child=1 5 3 -5 -6 10 7 -9 9 -11 11 12 -14 14 -16
leaf_value=-2.2112225764157444e-05 -0.00045086805626529504 3.8659559507542773e-06 0.0036631812255666558 -0.0023229673014035128 0.0018542536130394401 -0.00016613691322586464 0.001853608359128144 -0.00091090436038402788 0.0018194841952109864 -0.00059803559563009452 -8.0678152970267491e-05 0.00020661929016403869 3.482132556853447e-05 0.0019498637209404781 -2.8250300321759525e-05
leaf_weight=1927.023540270282 315.1156510906294 466.67004550155252 9.1769956797361374 5.7542682960629454 4.7224318580701956 271.6977114379406 6.2053126441314799 5.4005063399672508 60.324611196294427 33.073357049375772 471.28302179649472 14.296590978279708 361.00329353660345 6.8174179010093203 63.561904462054372
leaf_count=12040 2071 3558 38 22 33 1552 28 60 522 148 2976 98 2386 32 706
internal_value=-0.000553726 -0.000198079 -0.001444 0.0062927 0.0100227 3.33659e-05 0.000785958 0.00896164 0.000595174 0.00338927 -0.000320294 9.92677e-05 0.00113523 -0.00138709 0.00132591
internal_weight=4022.13 2095.1 334.769 19.6537 13.8994 1760.33 571.674 11.6058 560.068 93.398 1188.66 846.583 375.3 342.077 70.3793
internal_count=26270 14230 2164 93 71 12066 4316 88 4228 670 7750 5460 2484 2290 738
is_linear=0
shrinkage=0.0286577


Tree=151
num_leaves=16
num_cat=0
split_feature=33 9 20 19 20 21 19 20 25 12 35 35 33 34 9
split_gain=0.70284 0.829485 0.777566 1.9032 0.700036 1.10907 1.25744 2.6269 1.03444 0.695543 0.592197 1.35743 2.04076 0.934643 0.49617
threshold=0.026129740885808442 0.19670106785942545 0.0048233728506814075 0.0116826418759598 0.055608674523099096 0.041460387830612365 0.066492010084559447 0.073077219656131384 0.7405993508107912 0.10899576457361441 4.1682143988072289 4.0503055894362321 0.017838301694441675 0.031155489833962106 0.27503839307401184
decision_type=10 10 8 10 8 8 10 8 10 10 2 2 10 10 10
left_child=4 -2 3 -3 -1 6 7 8 -6 14 11 13 -13 -7 -4
right_child=1 2 9 -5 5 10 -8 -9 -10 -11 -12 12 -14 -15 -16
leaf_value=-0.0001060209202933071 -0.00017092579209272845 -0.00058035002078123761 -1.7821761123363175e-05 0.00012967735475982414 0.00069343423206422508 0.00010452946043583208 -0.00014341237912290859 0.0015473790520384159 -0.00094480896411430629 -0.00045903967143082674 -6.7198589579343438e-05 -0.00077108588086548355 0.0009707961863750738 -2.1902028556030866e-05 6.9873502597347868e-05
leaf_weight=1116.3893930409104 398.69444647151977 6.3144526835530979 777.12480708863586 4.3348114714026451 63.441823737695813 214.60191421955824 99.290323656052351 5.53125668875873 22.085237021557987 146.37690697982907 286.08686679461971 7.667250116588546 5.0417451858520508 106.88772980868816 762.25769507326186
leaf_count=6488 3329 98 5352 12 325 2028 611 12 116 650 2102 138 8 212 4789
internal_value=-0.000531648 -0.00016252 0.00010855 0.0077523 -0.00092774 -0.00027128 0.0016229 0.004064 0.00266256 5.33102e-05 -0.000868981 -1.91667e-05 0.00904952 -0.000414805 0.000238635
internal_weight=4022.13 2095.1 1696.41 10.6493 1927.02 810.634 190.349 91.0583 85.5271 1685.76 620.286 334.199 12.709 321.49 1539.38
internal_count=26270 14230 10901 110 12040 5552 1064 453 441 10791 4488 2386 146 2240 10141
is_linear=0
shrinkage=0.0286577


Tree=152
num_leaves=16
num_cat=0
split_feature=33 9 35 12 8 12 35 10 28 5 5 12 8 10 24
split_gain=0.671333 0.798067 0.736381 0.721491 0.533907 3.17929 2.05467 1.20324 0.613846 0.66216 0.653468 0.499081 1.9956 2.62726 3.75971
threshold=0.026129740885808442 0.19670106785942545 4.8499186579900124 0.10899576457361441 0.35968112603969088 0.038980926017295199 3.4946876786683951 0.26908813676263393 -0.01589999999999998 0.57910268490724859 -0.11683905196564205 0.028241394789162561 0.20522114162390018 0.1813162126081492 11.500000000000002
decision_type=10 10 2 10 8 10 2 10 10 10 8 8 8 10 2
left_child=2 -2 11 4 8 6 -6 -7 10 -10 -3 -1 13 14 -13
right_child=1 3 -4 -5 5 7 -8 -9 9 -11 -12 12 -14 -15 -16
leaf_value=-0.00010238425722499848 -0.00016602745912725099 0.0035562006182924925 -0.00027480827170267905 -0.00044588466932434705 0.0010764688684742477 0.0016792309013486046 -0.0015826007189753636 6.9431639390783993e-06 5.4320788505096777e-06 0.00015175156702679766 -0.00031534225369351436 -0.00027749479593229738 -1.1023132815146941e-05 -2.4911511084613147e-05 0.00059861587155207708
leaf_weight=120.868535712827 398.69444647151977 9.5757333729416114 587.15536116296425 146.37690697982907 8.3417571093887073 11.88914357498288 3.4936224259436122 275.3343277014792 906.2354729976505 36.201500929892063 298.96020820457488 9.1916688564233482 1173.7489531787578 25.135532027110457 10.923489332199097
leaf_count=1080 3329 62 3007 650 36 42 36 1124 6521 260 2170 486 6839 612 16
internal_value=-0.000539015 -0.000177999 -0.000926287 8.77094e-05 0.000275009 0.00136258 0.015815 0.000720274 6.85498e-06 0.000377978 -0.00109395 -0.000544513 -0.000360425 0.00550846 0.0131823
internal_weight=4022.13 2095.1 1927.02 1696.41 1550.03 299.059 11.8354 287.223 1250.97 942.437 308.536 1339.87 1219 45.2507 20.1152
internal_count=26270 14230 12040 10901 10251 1238 72 1166 9013 6781 2232 9033 7953 1114 502
is_linear=0
shrinkage=0.0286577


Tree=153
num_leaves=16
num_cat=0
split_feature=26 26 35 10 0 10 13 30 30 22 7 0 26 17 17
split_gain=0.91994 0.880727 1.7727 1.61572 2.66795 1.4024 0.712656 0.575058 0.778743 1.67497 1.40891 0.688045 1.62448 0.570236 1.65975
threshold=0.43002484893211984 0.48043654912838479 6.4857408825076863 0.23754683786195827 0.49737500000000007 0.101951987571323 2.2282936900732992 20.500000000000004 19.845000000000002 0.065264215078416746 0.25481780535145765 0.84007500000000013 0.62661374811005166 1.6571199368624885 1.6810688923048309
decision_type=10 10 2 8 2 10 10 10 10 10 10 2 10 10 10
left_child=-1 2 3 4 5 -2 -6 8 11 10 -10 -3 -13 -9 -15
right_child=1 7 -4 -5 6 -7 -8 13 9 -11 -12 12 -14 14 -16
leaf_value=-7.3590791878803516e-05 0.00023289122683114048 -1.489136107608378e-05 0.00030383441209643511 -1.0376839359981922e-05 0.0016311080757643772 -5.9879125708743442e-06 0.00042811650578533162 -5.5270550065178429e-05 -2.4226202533607261e-05 -0.00010380003349017891 0.0039554217418945239 -0.00023644363020803243 0.0012892657370605048 0.00058763786112975194 -0.0007506648553093759
leaf_weight=2061.8709448860027 3.601842137053608 992.24798296205699 8.4463360086083394 190.82266187854111 10.092219535261394 53.438253699801862 8.2378896782174689 477.02009942475706 6.2813638225197819 29.751127328723669 10.766781333833931 62.853604421718046 89.710896919947118 3.7178799808025387 13.266776020638643
leaf_count=12753 24 8065 32 1056 36 492 78 2280 194 210 142 274 450 12 172
internal_value=-0.000581113 -0.000130731 0.00136563 0.000909315 0.0044676 0.00119918 0.0139615 -0.000380593 -3.11105e-05 0.00357279 0.01069 -0.000187816 0.00158768 -0.00120305 0.00376969
internal_weight=4022.13 1960.26 274.639 266.193 75.3702 57.0401 18.3301 1685.62 1191.61 46.7993 17.0481 1144.81 152.565 494.005 16.9847
internal_count=26270 13517 1718 1686 630 516 114 11799 9335 546 336 8789 724 2464 184
is_linear=0
shrinkage=0.0286577


Tree=154
num_leaves=16
num_cat=0
split_feature=16 16 27 10 10 10 20 23 10 9 9 0 24 20 27
split_gain=0.838125 1.60124 1.85421 1.26209 1.26397 3.06643 0.639158 1.095 2.35467 0.728805 1.06798 1.57538 0.53509 0.578912 0.91453
threshold=0.90277910901131786 0.85603714995130742 -0.0096560704436496683 0.097133780482052345 0.17143599067240411 0.17497394257002771 0.040911271626314645 0.024223756662458105 0.27643671990699714 0.40057814443172485 0.34557243805019622 0.27742500000000003 7.5000000000000009 0.009522046518012724 0.32734543288470513
decision_type=8 10 8 10 10 10 8 8 10 10 8 2 2 10 10
left_child=1 -1 -3 -4 -5 -6 12 8 -8 10 -9 -12 -2 14 -14
right_child=6 2 3 4 5 -7 7 9 -10 -11 11 -13 13 -15 -16
leaf_value=-5.7347495871596183e-05 0.00015605368950721436 0.00029512722929741624 0.00022621710960289576 -0.00061631022948714577 0.00086286740045309215 0.00057489284551297704 -1.1250673803114448e-05 -4.4123015534719572e-05 0.0014861673940558204 -0.00014401383423084707 0.00067598686765460978 2.632441574933391e-05 0.00048999497593816264 -7.4290588700177916e-05 -0.00064745895054512791
leaf_weight=829.35830517765135 116.89864991977811 12.696854962036012 3.4289076626300803 65.994668941944838 6.4408806767314664 244.2725184308365 11.612596381455662 870.95101237203926 9.453782029449938 310.01837045978755 7.8693182209972283 375.49693494522944 28.440455585718155 1104.074958473444 25.118445798754692
leaf_count=6275 4523 26 22 498 46 1682 38 6084 48 993 262 2612 68 2997 96
internal_value=-0.000598396 4.2418e-05 0.00172884 0.00126355 0.00103608 0.00198678 -0.000862268 -0.000468338 0.00594642 -0.000561945 -0.000245079 0.00100344 -0.0013443 -0.00153289 0.00126873
internal_weight=4022.13 1162.19 332.834 320.137 316.708 250.713 2859.93 1585.4 21.0664 1564.34 1254.32 383.366 1274.53 1157.63 53.5589
internal_count=26270 8549 2274 2248 2226 1728 17721 10037 86 9951 8958 2874 7684 3161 164
is_linear=0
shrinkage=0.0286577


Tree=155
num_leaves=16
num_cat=0
split_feature=38 26 19 22 22 26 23 36 2 11 19 26 21 17 27
split_gain=0.94364 0.567868 0.88576 0.79683 0.929103 1.13445 1.28853 0.629599 0.589967 0.782554 0.515042 0.868602 0.49222 0.981937 0.463356
threshold=4.5000000000000009 0.28565082292513455 0.0060406814024732613 0.04799320089467532 0.052917820056463789 0.19804467172124296 0.043946115479986954 1.0000000180025095e-35 0.092752219517841711 0.42806019537181589 0.087500338139228057 0.30146700689315387 0.041460387830612365 1.3451337565464474 0.16720895929823118
decision_type=2 10 8 10 10 10 10 2 2 10 10 10 10 8 10
left_child=14 3 -3 12 5 -5 -7 10 -9 -10 -4 -12 -2 -14 -1
right_child=1 2 7 4 -6 6 -8 8 9 -11 11 -13 13 -15 -16
leaf_value=-9.1355732661715567e-05 -0.00045817911343174438 0.00022924726681428683 -0.00021661694702070853 -0.00083191976873422035 -5.5704050923492135e-05 -0.00048203968919040513 0.00074446255066679329 -2.9215206274550789e-05 0.00057004313991433121 -0.00014382592836876691 0.0016493391129930983 7.0184922401706208e-05 -1.6126102277369805e-05 0.0055806245422522034 -1.4681547817534258e-05
leaf_weight=634.45964414905757 291.79360883310437 2.8277043201960614 487.29836655966938 17.854731954168528 158.22784273279831 9.9172181338071841 15.469717208296059 173.69501028396189 378.04888284625486 140.11112728901207 3.6440486037172368 192.24644968425855 18.2820502165705 2.2856272980570784 1495.9646299255546
leaf_count=2851 2453 246 4128 136 1516 48 90 1654 3032 874 30 1568 204 26 7414
internal_value=-0.000610944 -0.00013898 0.000158075 -0.000954633 0.000410206 0.00414938 0.00806352 0.000116503 0.000731576 0.00122293 -0.000491843 0.000719372 -0.00186644 0.00216512 -0.00102529
internal_weight=4022.13 1891.7 1377.87 513.831 201.47 43.2417 25.3869 1375.04 691.855 518.16 683.189 195.89 312.361 20.5677 2130.42
internal_count=26270 16005 11532 4473 1790 274 138 11286 5560 3906 5726 1598 2683 230 10265
is_linear=0
shrinkage=0.0286577


Tree=156
num_leaves=16
num_cat=0
split_feature=24 8 10 10 19 7 16 16 27 16 8 23 31 27 16
split_gain=0.566087 0.822015 0.983617 2.80329 1.07177 1.84353 0.629654 1.39463 1.87783 1.9846 1.35261 0.6557 0.693666 0.599672 0.592151
threshold=10.500000000000002 0.23374946178425376 0.22224057632515484 0.21717664983661464 0.074297089062731692 0.23909318619713052 1.0980993748868084 1.0492112151664654 0.18724031652171189 1.09123030172227 0.20854990481453781 0.033917544651588923 1.1549999999999996 0.046730138360411559 0.90666625303504877
decision_type=2 10 10 8 10 10 10 10 10 10 10 10 8 10 10
left_child=6 -2 3 4 13 -6 7 14 9 10 -9 12 -10 -3 -1
right_child=1 2 -4 -5 5 -7 -8 8 11 -11 -12 -13 -14 -15 -16
leaf_value=4.8783280897448941e-05 -9.9205376961910617e-05 0.00013956051116319719 -1.4260809035058254e-05 0.0030313092249699956 0.0031559164104059882 5.7357413339369838e-05 -7.5773694120931679e-05 0.00019545860314879078 0.00074011635960326305 -0.0011809931053309382 0.0012121298448453004 -0.00057794454327480518 -0.00048504871844912129 -0.00044910020798092737 -0.0001548391681566082
leaf_weight=775.7779419652652 855.08540421165526 16.585442543029785 1266.7621280290186 14.209126114845274 14.743905067443846 30.780278325080872 339.32906534802169 6.858766874298456 15.091890624724327 11.69679096713662 21.098763002082705 44.515723803080618 10.315215398557486 94.47274929471314 504.80346846953034
leaf_count=10134 1515 26 2202 28 30 62 5541 104 150 58 234 544 212 182 5248
internal_value=-0.000597399 -0.000893936 -0.000465492 0.00155592 0.000375682 0.00411386 -0.000198481 6.4931e-05 0.00316976 0.00814032 0.0122948 0.000191578 0.00396903 -0.00107251 -0.000193492
internal_weight=4022.13 2292.64 1437.55 170.792 156.582 45.5242 1729.49 1390.16 109.577 39.6543 27.9575 69.9228 25.4071 111.058 1280.58
internal_count=26270 4045 2530 328 300 92 22225 16684 1302 396 338 906 362 208 15382
is_linear=0
shrinkage=0.0286577


Tree=157
num_leaves=16
num_cat=0
split_feature=16 16 18 12 12 27 2 14 14 33 33 0 0 39 9
split_gain=0.605651 0.797654 0.646582 0.586766 2.07639 1.53194 0.417597 0.482453 0.795813 0.872445 2.34311 0.468602 0.996732 0.405828 0.4693
threshold=0.90277910901131786 0.84422471411202826 0.10389740633013912 0.10027346848253617 0.094335389828174979 -0.015736868305842009 0.096332058081559521 1.2592366458970525 1.2174131025129238 0.010036345507594581 0.028183896308092819 0.25585000000000008 0.25392500000000007 3.5000000000000004 0.40057814443172485
decision_type=8 10 8 10 8 8 2 8 10 10 8 2 2 2 10
left_child=1 -1 3 4 5 -3 7 8 -2 -10 -11 12 -8 14 -13
right_child=6 2 -4 -5 -6 -7 11 -9 9 10 -12 13 -14 -15 -16
leaf_value=-7.2266079453363419e-05 -0.00023921314681030071 0.00028788960074976986 0.0010553663221400944 -9.5134498678498154e-06 0.0014128989728847609 0.00013526332840930566 -0.00031451366171294457 -0.00012100036552111954 -0.00058056291918429841 0.00057279150609502733 -3.3199654247202928e-05 -1.183349843433991e-05 0.00035841737154568152 -0.0001196193131090791 -5.8416494186865845e-05
leaf_weight=751.50901041086763 69.487548277713358 2.9963366724550724 5.8056858777999869 57.923089638352394 6.7255404591560355 337.23247279319912 8.97054973291233 600.81183846620843 9.3290481306612509 7.1751604229211789 10.838235644623639 1646.7963768474292 3.1680870382115236 177.89464062452316 325.46303900144994
leaf_count=5722 436 12 22 250 20 2523 80 4882 41 28 102 10440 28 583 1101
internal_value=-0.000612015 -5.11706e-05 0.000954693 0.000788781 0.00125176 0.000903314 -0.000836422 -0.00145714 0.000334755 0.00453359 0.00829483 -0.000631416 0.00483501 -0.000667419 -0.000542074
internal_weight=4022.13 1162.19 410.683 404.877 346.954 340.229 2859.93 697.642 96.83 27.3424 18.0134 2162.29 12.1386 2150.15 1972.26
internal_count=26270 8549 2827 2805 2555 2535 17721 5489 607 171 130 12232 108 12124 11541
is_linear=0
shrinkage=0.0286577


Tree=158
num_leaves=16
num_cat=0
split_feature=38 16 16 7 18 22 36 22 11 18 30 11 11 18 8
split_gain=0.821549 0.448421 0.799929 1.80046 0.932391 1.40373 0.626438 0.66754 1.59194 0.488769 0.38685 0.660837 2.241 1.68286 1.54719
threshold=4.5000000000000009 0.90666625303504877 0.88030480926851606 0.40707609040074694 0.020073050711359012 0.060712671533139258 1.0000000180025095e-35 0.10224418561893654 0.42806019537181589 -0.031605600070573441 19.105000000000004 0.2917280884575133 0.31796234900601966 0.17524079693891007 0.25902972022281817
decision_type=2 10 8 10 8 10 2 10 10 10 10 10 10 8 10
left_child=10 2 6 4 -4 -6 -2 9 -9 -8 11 -1 14 -14 -13
right_child=1 -3 3 -5 5 -7 7 8 -10 -11 -12 12 13 -15 -16
leaf_value=-3.2248229896024032e-05 -0.00012993252446719063 -5.1127481394879776e-05 -6.6846487783415036e-05 0.001979753082125434 0.0019585897349493663 5.317407112477312e-05 0.0028394946984586457 0.0027133634034013239 -0.00042769717807543037 -2.5809746386363671e-05 -5.4687739706782934e-05 -0.00082143989759868058 -2.31224554842961e-05 0.0012698665539479825 0.00067602201240753894
leaf_weight=888.47714955476113 351.98288747575134 1090.626766033005 75.930657257325947 6.5411091446876517 20.518988132476807 25.65313862869516 21.994145882315934 20.715326327830553 20.520949404686689 257.21841767709702 645.39329878985882 21.139157871715724 503.43684006342664 2.7708969116210929 69.206930883228779
leaf_count=6391 3027 9091 598 28 256 278 158 180 122 2267 1760 134 1730 4 246
internal_value=-0.000635715 -0.000194505 0.000312255 0.00238296 0.00149266 0.0047101 -6.97727e-05 0.000830467 0.0042422 0.000287903 -0.00102275 -0.000755284 -6.69775e-07 -0.000759835 0.00413417
internal_weight=4022.13 1891.7 801.076 128.644 122.103 46.1721 672.432 320.449 41.2363 279.213 2130.42 1485.03 596.554 506.208 90.3461
internal_count=26270 16005 6914 1160 1132 534 5754 2727 302 2425 10265 8505 2114 1734 380
is_linear=0
shrinkage=0.0286577


Tree=159
num_leaves=16
num_cat=0
split_feature=5 5 21 33 35 1 10 31 18 10 5 18 33 12 7
split_gain=0.900962 1.06254 1.47714 0.752465 0.902407 1.39547 0.872941 1.84248 0.857905 0.805237 0.705924 0.701305 0.645743 0.474402 0.588277
threshold=0.18739459127400698 0.18913844794914089 0.036471978044338459 0.072250160258421695 1.9706025188358312 0.15908333333333338 0.12504318191346389 4.2650000000000023 0.17524079693891007 0.58048496585227816 0.37153190003102904 -0.077481691713767939 0.015805971656566612 0.096394767211923346 0.29982455449731887
decision_type=8 8 10 10 2 2 8 10 10 10 8 10 10 10 10
left_child=13 2 -2 4 5 12 7 -6 -8 -5 11 -11 -3 14 -1
right_child=1 3 -4 9 6 -7 8 -9 -10 10 -12 -13 -14 -15 -16
leaf_value=-5.6619905969782526e-05 -2.7217714752984338e-05 0.0049262511572173593 0.0019903103200970985 3.2493579849151037e-05 4.0059183212016132e-05 0.00028851463457131045 -5.3120517142338629e-05 0.00022068888183735964 0.0012334751520021233 -0.0039729689949269545 -6.493082396973961e-05 0.0013156735091441221 0.0007092571565102938 -0.00033320808749638312 2.0044368921986278e-06
leaf_weight=1052.4715341376141 8.1350380105432141 3.3195529775694039 8.4737023971974832 635.55609533004463 19.80352690815926 20.382736545056105 1414.1162384096533 5.0103633999824515 12.662678100168703 2.7636033333837995 5.0384335853159454 9.9291118495166266 4.5286739766597748 379.36743531888351 440.56793575873598
leaf_count=8477 136 40 64 4932 286 100 8315 12 44 16 36 74 14 1774 1950
internal_value=-0.000637451 -0.000231233 0.00691575 -0.000292284 -0.000652842 0.0043498 -0.000757663 0.00448383 -0.000856503 0.000509159 0.00652305 0.0101838 0.0144411 -0.00109843 -0.000856591
internal_weight=4022.13 2149.72 16.6087 2133.11 1479.82 28.231 1451.59 24.8139 1426.78 653.287 17.7311 12.6927 7.84823 1872.41 1493.04
internal_count=26270 14069 200 13869 8811 154 8657 298 8359 5058 126 90 54 12201 10427
is_linear=0
shrinkage=0.0286577


Tree=160
num_leaves=16
num_cat=0
split_feature=26 16 27 5 37 5 26 24 9 11 7 24 24 23 25
split_gain=0.93813 0.810796 1.49729 3.58839 0.844409 0.908811 1.33997 0.733368 0.723157 0.610412 1.86213 2.1683 0.783147 0.767049 1.00647
threshold=0.43002484893211984 0.90277910901131786 -0.0096560704436496683 0.195337275801758 1.0000000180025095e-35 0.16564601786672192 0.47816268655581667 9.5000000000000018 0.48989106460449533 0.28896766080457498 0.23456085983241251 10.500000000000002 9.5000000000000018 0.024223756662458105 0.28357313980612192
decision_type=8 10 8 8 2 10 8 2 10 10 10 2 2 8 8
left_child=-1 2 3 -2 5 -4 -7 -6 -9 12 11 -11 -3 14 -12
right_child=1 9 4 -5 7 6 -8 8 -10 10 13 -13 -14 -15 -16
leaf_value=-9.9129602813178083e-05 0.00026020870852213875 6.4582624944982563e-05 -7.1937152122645961e-06 -0.00083046194128512038 9.9832671173573088e-05 0.00081868504768652117 3.1719625262194477e-05 -0.00014520151641322091 0.0012823404813303227 -0.00078618705542059686 -1.8768507829774286e-05 0.003096964359161299 -0.00027868806053477611 -1.0668267607560984e-05 0.00089730528557876034
leaf_weight=1745.315739201149 10.776310831308363 147.33646309282631 164.18384368880652 12.735224297270181 162.81089712888934 36.251127241645008 256.5331989666447 233.02194386720657 13.447627037763594 5.1548259188421053 22.771816683933139 5.8014241456985474 334.30872786045074 854.08965611131862 17.587833964731544
leaf_count=11038 36 3479 1229 33 2423 214 1961 484 35 130 207 12 709 4079 201
internal_value=-0.00059323 -0.000204605 0.000464076 0.00757948 0.000257507 0.0011123 0.00207609 -0.000672658 -0.00167107 -0.000640729 -0.000189441 0.0114052 -0.00146792 -0.000345481 0.00347135
internal_weight=4022.13 2276.81 889.76 23.5115 866.249 456.968 292.784 409.28 246.47 1387.05 905.406 10.9563 481.645 894.449 40.3597
internal_count=26270 15232 6415 69 6346 3404 2175 2942 519 8817 4629 142 4188 4487 408
is_linear=0
shrinkage=0.0286577


Tree=161
num_leaves=16
num_cat=0
split_feature=26 26 10 35 34 10 34 35 35 34 18 9 19 35 35
split_gain=0.880796 0.72846 1.33551 1.43812 1.18488 0.999176 0.585988 0.617381 0.758021 1.8701 0.832084 1.7566 0.764711 0.738535 0.571684
threshold=0.43002484893211984 0.46477957081496768 0.101951987571323 5.0093677688327238 -0.017786188957505718 0.25171424196477238 -0.013252614868770605 5.3799434184404422 5.2015861760714612 -0.033266811963760516 0.041093345644249941 0.27585624343338677 0.012906339733533645 5.2286188714338904 3.9421641435101589
decision_type=8 8 8 2 8 8 8 2 2 10 10 10 10 2 2
left_child=6 2 -2 -4 -5 -6 7 8 10 13 12 -12 -1 -10 -8
right_child=1 -3 3 4 5 -7 14 -9 9 -11 11 -13 -14 -15 -16
leaf_value=0.00014663162469568454 0.00019090285879127234 -9.8517520700259906e-06 -1.2043843493893734e-06 -0.00011279778830107058 0.000893473215969253 1.3978600603546098e-05 -7.5418902393904083e-05 -0.00014743104416408326 0.00036685627818701144 0.0006957891743029288 0.0017925725124356493 -9.3117281452462881e-05 -0.00020755913753515238 -7.5629417008472096e-05 -0.00034318581811832718
leaf_weight=19.866202845238149 3.7024990562349549 2102.7795332032256 136.07155754836276 11.886364633217452 8.4581278562545794 13.912838540039955 362.80743804830126 177.57225707452744 5.0739919664338222 13.818575680255888 46.678360650315881 60.047291927039623 558.07509668450803 33.34286112524569 468.03366319928318
leaf_count=350 24 14088 886 160 28 46 2074 726 24 42 440 540 4226 152 2464
internal_value=-0.000579458 -0.000202704 0.00156744 0.00112229 0.00635679 0.0102324 -0.00106515 -0.000547837 -0.000167313 0.00312986 -0.000434364 0.00185837 -0.000875539 0 -0.00162225
internal_weight=4022.13 2276.81 174.031 170.329 34.2573 22.371 1745.32 914.475 736.902 52.2354 684.667 106.726 577.941 38.4169 830.841
internal_count=26270 15232 1144 1120 234 74 11038 6500 5774 218 5556 980 4576 176 4538
is_linear=0
shrinkage=0.0286577


Tree=162
num_leaves=16
num_cat=0
split_feature=26 26 10 35 38 36 10 10 30 20 19 20 23 17 20
split_gain=0.734103 0.624918 1.39609 1.2677 1.37859 1.83413 0.566184 1.07204 0.556945 0.532078 1.10374 0.836702 1.73124 0.583854 0.501618
threshold=0.43002484893211984 0.4750403884428327 0.101951987571323 6.4857408825076863 7.5000000000000009 1.0000000180025095e-35 0.34896202428268819 0.34716462879416349 15.045000000000002 0.083473251768749077 0.072084741456195894 0.11123056940154168 0.092296425373096666 0.82505552885806577 0.009522046518012724
decision_type=8 8 8 2 2 2 8 10 10 8 8 8 10 8 8
left_child=6 2 -2 4 -4 -6 7 8 -1 -3 -11 12 -12 -13 -10
right_child=1 9 3 -5 5 -7 -8 -9 14 10 11 13 -14 -15 -16
leaf_value=0.00023657908902220581 0.00018543202987205423 -2.1979320024661035e-05 -1.1634866878351958e-05 0.00022714688600125241 -0.00022007454873734246 0.00091141420012671179 -0.00026271921537535038 0.0017412015816757743 0.00014242950568114338 0.0013998901263788915 -5.1867876003622891e-07 0.0010628445299041111 0.0013309418802976527 -0.00013731611521451695 -8.591017134263303e-05
leaf_weight=122.28262758720666 3.7169698420912018 1413.4931332897395 153.2190796341747 8.4463360086083394 40.220624468289316 39.383299063891172 475.28136355872266 10.687282725237308 44.675348980817944 3.1343672238290301 181.52650206815451 57.569895459339023 84.859327033162117 291.24138674605638 1092.3891163491644
leaf_count=2698 28 10053 928 32 296 242 2978 36 550 32 898 420 560 1743 4776
internal_value=-0.000556895 -0.000212314 0.00114424 0.000823611 0.000378143 0.00346402 -0.00100062 -0.000672275 -0.000756897 -0.00038089 0.000309147 0.000203169 0.00142436 -0.000701254 -0.000959153
internal_weight=4022.13 2276.81 244.986 241.269 232.823 79.6039 1745.32 1270.03 1259.35 2031.82 618.331 615.197 266.386 348.811 1137.06
internal_count=26270 15232 1526 1498 1466 538 11038 8060 8024 13706 3653 3621 1458 2163 5326
is_linear=0
shrinkage=0.0286577


Tree=163
num_leaves=16
num_cat=0
split_feature=38 9 26 23 32 10 23 23 26 24 20 18 26 26 18
split_gain=0.625268 0.81023 0.665731 0.703858 1.1879 0.640862 1.62101 2.66245 1.92246 1.83092 0.977863 2.47581 0.773472 0.954131 2.31789
threshold=4.5000000000000009 0.48989106460449533 0.28565082292513455 0.043329720199440154 0.92941952506596315 0.18416168038366601 0.026869945648245467 0.021454458525939833 0.30427491185511629 11.500000000000002 0.009522046518012724 0.0014269637869018805 0.64644141346126249 0.68111276240601049 0.034741159070706303
decision_type=2 8 10 10 8 8 8 10 10 2 10 8 8 8 10
left_child=5 2 3 -2 -5 6 7 10 -9 -10 11 -1 -7 14 -14
right_child=1 -3 -4 4 -6 12 -8 8 9 -11 -12 -13 13 -15 -16
leaf_value=0.00057972630123882807 -0.0004129632976257987 0.00039859157473048755 -1.4534250301411132e-06 -2.4828728576140651e-06 0.0003414898168566304 -7.1000070663710876e-05 -0.00030651894645445917 -7.6303913009036244e-05 0.00024266596816665799 2.4423443139291761e-05 -0.00034827351328053962 -0.0011805484047024307 8.0142350211497429e-06 -6.1450535670145373e-06 0.0011639509527871699
leaf_weight=6.1936952578835189 316.6464267433621 147.2840300607495 1269.4027190832421 156.03588558454067 2.3333244919776908 1273.4159540592227 132.12111933296546 6.7362636080943075 4.2847136035561535 10.657385110855103 37.992237012833357 10.12969542713836 56.695177904795855 576.98512875474989 15.21290400251746
leaf_count=118 2637 1124 10816 1420 8 5424 1108 52 62 16 254 104 369 2694 64
internal_value=-0.000561394 -0.000175603 -0.00035282 -0.00126783 0.000236198 -0.000899227 0.0005802 0.0039414 0.0123918 0.01805 0.00034827 0.0063155 -0.00106462 -0.000240747 0.00284158
internal_weight=4022.13 1891.7 1744.42 475.016 158.369 2130.42 208.115 75.994 21.6784 14.9421 54.3156 16.3234 1922.31 648.893 71.9081
internal_count=26270 16005 14881 4065 1428 10265 1714 606 130 78 476 222 8551 3127 433
is_linear=0
shrinkage=0.0286577


Tree=164
num_leaves=16
num_cat=0
split_feature=22 20 35 34 10 32 4 9 35 5 24 22 32 19 20
split_gain=0.631451 2.07315 1.13601 0.562869 0.822972 0.861438 0.855677 0.527029 0.773745 0.815678 0.60999 0.532473 0.509471 0.368864 1.49437
threshold=0.022914928773847248 0.0048233728506814075 2.1108188939397388 0.019100273534476523 0.092727151753117035 0.80408970976253313 0.19277221419321111 0.34557243805019622 6.4857408825076863 0.23833593118405291 10.500000000000002 0.033642155148639503 0.49340369393139849 0.0090087885085657921 0.008940561452871117
decision_type=8 8 2 10 10 10 10 10 2 8 2 10 10 10 8
left_child=2 -2 -1 7 -5 -6 -7 10 9 -9 12 -12 -3 14 -4
right_child=1 3 13 4 5 6 -8 8 -10 -11 11 -13 -14 -15 -16
leaf_value=0.0047945751658067829 0.00013838946131603051 0.00022468505222301735 -0.00052397635082738526 0.00018890209736696975 0.00091997360852711849 -4.4658505414812722e-05 0.00076376116855050478 -4.4844697609703382e-05 0.0011189499917962239 0.0006385857523837831 4.5337246742797387e-07 -4.7033349976423359e-05 -9.6680326747243495e-05 -0.00038434687574444336 0.00056311270291908508
leaf_weight=3.5614916165359309 8.9182805698364955 354.84197808266617 29.227886688429862 6.5517437458038321 50.173648562282324 509.79012595117092 15.936819374561308 498.85694834496826 9.2458512485027295 311.96940719150007 260.96809921599925 1099.7340179383755 586.59371281368658 272.88338005077094 2.8732686433941117
leaf_count=62 40 7692 920 16 612 1256 44 2444 30 1719 504 2028 6744 2143 16
internal_value=-0.000557607 -0.000450463 -0.00181363 -0.000486671 -0.00131017 -0.00144129 -0.00179402 -0.000329773 0.000286038 0.00017829 -0.000553469 -0.000941454 0 -0.00203442 0.000631919
internal_weight=4022.13 3713.58 308.546 3704.66 582.452 575.901 525.727 3122.21 820.072 810.826 2302.14 1360.7 941.436 304.985 32.1012
internal_count=26270 23129 3141 23089 1928 1912 1300 21161 4193 4163 16968 2532 14436 3079 936
is_linear=0
shrinkage=0.0286577


Tree=165
num_leaves=16
num_cat=0
split_feature=22 38 7 7 17 22 26 27 11 9 11 8 8 17 22
split_gain=0.809108 0.547357 0.755351 2.7987 4.70956 1.48023 0.861659 1.18018 2.31019 0.698858 0.714259 0.752688 0.961564 0.640561 0.844003
threshold=0.022914928773847248 4.5000000000000009 0.18219700825478505 0.17079703008392291 0.78363957608248513 0.025482602329432648 0.64644141346126249 0.58331236369736639 0.49681439214469486 0.48989106460449533 0.49681439214469486 0.35968112603969088 0.37281917843287893 0.79775536260263025 0.075189323113169518
decision_type=8 2 8 10 10 10 8 8 10 8 10 10 10 8 8
left_child=-1 2 3 -2 -5 -6 -4 8 -8 10 11 -3 -13 -11 -15
right_child=1 9 6 4 5 -7 7 -9 -10 13 -12 12 -14 14 -16
leaf_value=-0.00030376725969901569 -0.00029892083973855987 -3.0141533455095776e-05 -3.9384952303160565e-05 0.00018348860558523519 7.7002105645154794e-05 -0.00073288150977476603 -4.551387663361617e-06 -7.4040896870522499e-05 0.0011632184450752203 -0.00025038430407930409 -0.00056360131679294003 0.00075576940258877698 1.5249375411271687e-05 0.0011041613185957403 0.00024846017400452849
leaf_weight=308.54602699913085 69.607814881019294 1246.9750273083337 1226.3299823862035 12.415316804312168 2.6666283607482937 25.888918970711529 389.31745083699934 182.02857270627283 55.476348586380482 46.751186840236187 158.09233567770571 49.559352936223149 151.81227724160999 26.245364597067237 70.414054905530065
leaf_count=3141 834 10660 5102 58 4 272 2000 789 140 294 1012 300 864 262 538
internal_value=-0.000545394 -0.000424738 -0.00075352 0.00151206 0.00748276 0.000667182 -0.00089425 -1.37331e-05 0.000765716 -5.00299e-05 -0.000226773 -2.00428e-05 0.00159715 0.00185769 0.00320802
internal_weight=4022.13 3713.58 1963.73 110.579 40.9709 28.5555 1853.15 626.822 444.794 1749.85 1606.44 1448.35 201.372 143.411 96.6594
internal_count=26270 23129 9199 1168 334 276 8031 2929 2140 13930 12836 11824 1164 1094 800
is_linear=0
shrinkage=0.0286577


Tree=166
num_leaves=16
num_cat=0
split_feature=19 19 26 35 5 9 7 35 26 38 26 21 19 5 5
split_gain=0.677925 0.656441 1.4185 0.578316 1.41228 1.78615 1.068 0.708189 1.16077 1.58038 0.984142 0.559514 0.553408 0.536084 0.839276
threshold=0.026117859564308055 0.026548455836999416 0.4983976458505836 5.3799434184404422 0.06887477539146078 0.31878269772202156 0.37434095652402893 5.0752050642573057 0.4618652283953138 7.5000000000000009 0.87889278892579592 0.0018640013510407881 0.027815586866778073 0.077807992162509027 0.079899413614755319
decision_type=8 8 8 2 10 10 8 2 10 2 10 10 8 8 8
left_child=11 2 -2 7 5 -5 -7 13 9 -9 -10 -1 -6 -3 -15
right_child=1 3 -4 4 12 6 -8 8 10 -11 -12 -13 -14 14 -16
leaf_value=0.00021851568868507196 1.8422676644331437e-05 -0.00028014495324310909 0.0023989033034575095 -0.00078124309413035275 0.0001969128237655982 0.0038284577229914405 9.2001419505821464e-06 5.5693826117100293e-07 -3.8256271793049785e-05 0.00086644890544983731 8.0605465077401779e-05 -0.00019400761422753925 -0.00011974293662270215 0.0023180341051142555 -7.5377442920908993e-06
leaf_weight=7.8221345623023799 12.902351380325856 326.81580574274994 4.1491014696657649 12.976657503983008 7.2018160261213771 6.7598908320069286 6.7921278402209291 78.167143259663135 125.97212985157967 39.502317529171705 11.324036154896019 622.26043819263577 476.02699332311749 3.7641973504796624 2279.6895190195646
leaf_count=874 78 2421 22 120 20 20 22 478 832 156 142 3838 2698 38 14511
internal_value=-0.000544378 -0.000379947 0.00514913 -0.000411179 -0.00130499 0.00501328 0.0123141 -0.000248594 0.00118266 0.00328109 -0.000545886 -0.00141334 -0.00167466 -0.0003923 -0.000231677
internal_weight=4022.13 3392.04 17.0515 3374.99 509.757 26.5287 13.552 2865.24 254.966 117.669 137.296 630.083 483.229 2610.27 2283.45
internal_count=26270 21558 100 21458 2880 162 42 18578 1608 634 974 4712 2718 16970 14549
is_linear=0
shrinkage=0.0286577


Tree=167
num_leaves=16
num_cat=0
split_feature=22 20 38 31 22 18 24 30 18 25 20 22 20 18 17
split_gain=0.583155 2.05508 0.465347 0.497479 0.597851 0.632078 0.436616 0.430535 0.563684 0.400096 0.361864 0.611759 0.465785 0.296429 0.281629
threshold=0.022914928773847248 0.0048233728506814075 4.5000000000000009 2.8100000000000009 0.023931338170074212 -0.04502329706302071 3.5000000000000004 21.430000000000003 0.17524079693891007 0.85636272619161746 0.0335961651396069 0.035698368212346288 0.027569337144638221 -0.0038079227631040986 0.67497741892996677
decision_type=8 8 2 8 8 10 2 10 10 10 10 10 8 8 10
left_child=6 -2 7 10 -5 -6 13 8 9 -3 12 -12 -4 14 -1
right_child=1 2 3 4 5 -7 -8 -9 -10 -11 11 -13 -14 -15 -16
leaf_value=0.0028636895129848274 0.00012902518120798458 -7.1234407076352542e-06 -6.3694014337946973e-06 0.00027347712546525938 0.0010383340350726225 9.6969878052580124e-06 -0.00034054180932708281 -0.00031394762601678005 0.001114568990022291 -0.00011950040504291638 0.00040542490568631819 -2.2376643827919547e-05 -0.00049439125242211398 -0.00016715864096056917 0.00035992524391625127
leaf_weight=1.9819346489384768 8.9182805698364955 1377.8887046037707 230.02617179788649 4.1862520668655625 49.930263754911721 208.42788279615343 296.01976853050292 238.63926228880882 6.4478808641433707 335.23971047298983 50.388115960173309 1056.1221484150738 147.36595944873989 7.4340889966115338 3.1102348230779171
leaf_count=56 40 6554 1421 42 816 2906 1594 904 14 1715 402 7323 992 842 649
internal_value=-0.000498218 -0.000395194 -0.000431268 -8.46718e-05 0.0010565 0.000835425 -0.00170474 -0.000735253 -0.000568479 -0.00060618 -0.000293418 -2.27641e-05 -0.00106011 0.00320674 0.00839023
internal_weight=4022.13 3713.58 3704.66 1746.45 262.544 258.358 308.546 1958.22 1719.58 1713.13 1483.9 1106.51 377.392 12.5263 5.09217
internal_count=26270 23129 23089 13902 3764 3722 3141 9187 8283 8269 10138 7725 2413 1547 705
is_linear=0
shrinkage=0.0286577


Tree=168
num_leaves=16
num_cat=0
split_feature=22 35 35 10 8 38 16 21 11 11 22 38 24 10 19
split_gain=0.64212 0.490736 0.907937 0.943045 2.63911 0.727605 0.428289 0.391402 0.541268 0.347703 2.95664 0.815193 0.812725 0.677293 0.816686
threshold=0.022914928773847248 5.3799434184404422 5.3091089264029252 0.26481586211827102 0.19458208881315997 8.5000000000000018 0.90277910901131786 0.024278917362978669 0.47432513640166002 0.16440341994104204 0.025071154728341146 3.5000000000000004 10.500000000000002 0.092727151753117035 0.037037037037037042
decision_type=8 2 2 10 8 2 8 8 10 8 8 2 2 8 8
left_child=7 2 9 4 5 -4 -6 -1 -9 10 11 -2 -12 -11 -15
right_child=1 -3 3 -5 6 -7 -8 8 -10 13 12 -13 -14 14 -16
leaf_value=-0.00040303327037891567 7.6657649972693948e-05 -4.2992885447187533e-05 -0.0010322123677130493 -3.6955795492870409e-05 0.0011866070312524645 4.7461858886219462e-05 0.00029324095631904555 1.0267525683568888e-05 0.00014413921125237898 0.00017865040703365624 0.00040013637835384748 0.0002656399114171667 -0.00010615780645036284 -0.00020808750385639254 -4.0762083698368307e-06
leaf_weight=283.56872026901692 5.8959593847393972 562.81780034466647 18.386352702043954 32.712788486387581 5.8163473308086369 3.7273738905787459 7.6432615700177857 23.339257843326781 1.6380488867871452 6.4784735795110455 71.67445068852976 3.5837481305934489 56.653648555278778 673.13194523612037 2265.0584831400774
leaf_count=2128 16 3086 112 162 26 32 60 979 34 26 1558 54 116 3633 14248
internal_value=-0.000530288 -0.000422338 -0.000278936 0.0029686 0.0061995 0 0.0160889 -0.00179603 0.00140192 -0.000354323 0.00103072 0.016284 -4.56636e-05 -0.000422597 -0.000446551
internal_weight=4022.13 3713.58 3150.76 68.2861 35.5733 22.1137 13.4596 308.546 24.9773 3082.48 137.808 9.47971 128.328 2944.67 2938.19
internal_count=26270 23129 20043 392 230 144 86 3141 1013 19651 1744 70 1674 17907 17881
is_linear=0
shrinkage=0.0286577


Tree=169
num_leaves=16
num_cat=0
split_feature=22 35 22 24 8 8 11 14 18 10 34 6 11 10 21
split_gain=0.601701 0.464967 2.29709 1.31876 0.669287 1.37943 2.39704 0.750084 0.594363 1.93982 0.699997 0.497573 1.02633 0.466029 0.386436
threshold=0.022914928773847248 2.4993845846405938 0.030095293293343112 11.500000000000002 0.48516122187045102 0.47071412874713325 0.50405837916027652 1.8695523636567739 0.17524079693891007 0.62389099061346831 -0.012330511834220013 1.6985268899242871 0.27023530032830095 0.11576673674963155 0.024278917362978669
decision_type=8 2 8 2 8 8 8 10 10 8 10 8 10 10 8
left_child=14 2 3 -2 5 7 -7 -4 10 -10 -3 12 -12 -13 -1
right_child=1 8 4 -5 -6 6 -8 -9 9 -11 11 13 -14 -15 -16
leaf_value=-0.00039148328058328412 -0.00046938125421036554 -5.9182640134130424e-06 8.7100646974472574e-05 0.00011383607828321361 -0.00030520848541305546 0.00063861201044752315 -0.00010066651579522988 -8.3287351272176403e-05 0.0010827448672044667 -0.00058345999900027046 -0.00052528671811779854 0.00015298988517254618 0.00085145871928776014 -9.6203893613975691e-05 1.4121688812411966e-05
leaf_weight=283.56872026901692 2.5129475947469455 2185.8366028598975 40.460384681820869 5.603196382522583 93.695336819626391 6.8181469906121466 6.1137344781309375 74.217893623746932 5.2828912138938877 9.49870939925313 24.012080147862434 23.199419483542442 27.107993936166167 1209.221295427531 24.977306730113924
leaf_count=2128 66 17288 313 8 464 24 32 500 24 34 104 50 130 4092 1013
internal_value=-0.00054874 -0.000444056 0.000787764 0.0155633 0.000185399 0.00157448 0.0104018 0.000473643 -0.000528072 0.00509787 -0.000555246 -0.0010886 0.00159424 -0.00120823 -0.00177518
internal_weight=4022.13 3713.58 229.422 8.11614 221.305 127.61 12.9319 114.678 3484.16 14.7816 3469.38 1283.54 51.1201 1232.42 308.546
internal_count=26270 23129 1407 74 1333 869 56 813 21722 58 21664 4376 234 4142 3141
is_linear=0
shrinkage=0.0286577


Tree=170
num_leaves=16
num_cat=0
split_feature=22 20 38 26 4 35 12 27 26 22 30 26 22 22 26
split_gain=0.598347 2.07038 0.45153 1.17005 2.59135 2.16727 0.656389 0.737507 0.543672 0.850111 2.02553 0.759999 0.75516 1.00174 0.303722
threshold=0.022914928773847248 0.0048233728506814075 4.5000000000000009 0.11564756659324311 1.0000000180025095e-35 3.99608817346116 0.0094245228593086705 0.16720895929823118 0.28565082292513455 0.025071154728341146 16.625000000000004 0.30146700689315387 0.04799320089467532 0.052917820056463789 0.32030513823070411
decision_type=8 8 2 8 8 2 8 10 10 8 10 10 10 10 10
left_child=14 -2 3 4 5 -3 -5 -8 12 10 -10 -11 -4 -14 -1
right_child=1 2 8 6 -6 -7 7 -9 9 11 -12 -13 13 -15 -16
leaf_value=-0.00032653921717549215 0.00013146052583312709 0.0016965206368712816 -0.00040010032449367766 6.1338516233486449e-06 -0.00073354494954256581 -0.0019815862274058407 -0.00011539858702300183 -1.6624180945533756e-05 -6.996204590863012e-05 0.0007720332349871107 0.00067173485716491761 -4.1138793856793117e-06 0.00054396054654912845 -9.5139983984825761e-05 -5.8776656625250423e-05
leaf_weight=181.05005226423964 8.9182805698364955 12.338592804735528 247.18680549692363 6.1346756741404525 21.177031397819519 5.6135859866626552 561.0210055403877 1351.9306668259669 10.411767212674023 48.444448422174901 9.1523559680208546 1229.8096835087053 43.241667296271771 158.20006633503363 127.49597473489121
leaf_count=1637 40 100 1740 18 148 94 2479 6348 98 318 100 9860 274 1512 1504
internal_value=-0.0005464 -0.000441999 -0.000478186 -0.000778058 0.00406879 0.0121028 -0.000882544 -0.000917691 -0.000136195 0.000154495 0.00605308 5.53584e-05 -0.000998948 0.000260002 -0.00176943
internal_weight=4022.13 3713.58 3704.66 1958.22 39.1292 17.9522 1919.09 1912.95 1746.45 1297.82 19.5641 1278.25 448.629 201.442 308.546
internal_count=26270 23129 23089 9187 342 194 8845 8827 13902 10376 198 10178 3526 1786 3141
is_linear=0
shrinkage=0.0286577


Tree=171
num_leaves=16
num_cat=0
split_feature=35 5 9 5 5 20 11 11 2 20 20 11 28 19 12
split_gain=0.554896 0.977979 1.62959 0.747176 0.89492 1.67744 2.34781 2.44569 1.59234 0.992983 0.660002 1.14897 1.95415 1.09736 1.84415
threshold=5.3799434184404422 0.06887477539146078 0.31878269772202156 0.077807992162509027 0.10132413739880118 0.077382489310629535 0.22851970572672334 0.20738536319928597 0.1858689951278607 0.084242287502803007 0.009522046518012724 0.16563794213171829 0.0098000000000000188 0.02908165592616457 0.0094245228593086705
decision_type=2 10 10 8 8 8 8 10 2 10 8 8 8 10 8
left_child=3 2 -2 -1 5 6 7 -5 -7 -10 11 12 -6 14 -12
right_child=1 -3 -4 4 10 8 -8 -9 9 -11 13 -13 -14 -15 -16
leaf_value=-0.00015871928876703343 -0.00037857988510119159 -9.7500359736623423e-05 0.0036431866336683908 0.0001792403878079348 0.00059545278986189215 -5.7299118445462543e-06 -0.00015931627993314066 0.00015730410197604649 8.9486234582593669e-06 0.0013879988484419602 5.9580697987092907e-06 2.1287705675500923e-06 -5.3281006701499883e-05 -5.9790842730321204e-06 -0.00048214359846966904
leaf_weight=479.20705227134749 18.406185300787911 583.04380727000535 16.118302136659622 21.614736338146031 8.3222285690717381 6.8697169064544168 103.86302511300892 10.88620363967493 7.6647680369205755 5.4231956740841269 3.3424863112159064 40.547176742460579 6.792246093042194 2298.1248200889677 411.90070954663679
leaf_count=3639 164 3220 46 230 140 118 513 104 30 38 22 584 88 13968 3366
internal_value=-0.0005549 -0.00135212 0.00322435 -0.000407285 -0.00023135 0.00186659 0.000645476 0.00738839 0.00961474 0.015437 -0.000353525 0.0027054 0.00938925 -0.000420168 -0.00177812
internal_weight=4022.13 617.568 34.5245 3404.56 2925.35 156.322 136.364 32.5009 19.9577 13.088 2769.03 55.6617 15.1145 2713.37 415.243
internal_count=26270 3430 210 22840 19201 1033 847 334 186 68 18168 812 228 17356 3388
is_linear=0
shrinkage=0.0286577


Tree=172
num_leaves=16
num_cat=0
split_feature=35 35 23 25 25 11 23 21 14 18 10 32 23 23 8
split_gain=0.739913 0.734331 0.840216 0.777025 0.682927 0.909835 0.811383 0.638316 1.6589 0.63179 0.476371 0.347012 0.338685 0.784347 0.474148
threshold=5.3799434184404422 5.3471551474976584 0.023083348280519143 0.34038964129256427 0.53459235177012843 0.70572805286853257 0.16615995781093093 0.088140178452076889 1.5987146407260908 0.17524079693891007 0.26153007514367271 0.35026385224274414 0.041663332288415074 0.041746479734416621 0.34230955665386803
decision_type=2 2 10 8 10 10 8 10 10 10 10 10 10 10 8
left_child=1 3 -3 12 7 10 -7 9 -9 -5 -6 -2 -1 -14 -15
right_child=11 2 -4 4 5 6 -8 8 -10 -11 -12 -13 13 14 -16
leaf_value=-0.00021327532960524362 8.5820251627961599e-06 0.00015279613475307699 3.0149479918998621e-05 3.0473182336332139e-06 -3.822252266329208e-07 2.8213234064072604e-05 0.001913084196283957 0.001133629947741227 -0.00018580774929183891 0.0010523636912947228 -0.0001321934270093203 -0.00010685903384900045 0.00084283542977261507 0.00044960108180731802 -3.1378095349076213e-05
leaf_weight=584.56216754857451 84.239573448197916 10.172875016927717 24.152169777080417 845.02146521350369 766.98180199228227 65.446472647599876 3.8730111131444565 8.5092622777447122 18.424037395976484 5.1820095106959334 910.16421106411144 533.32872125925496 6.7300205379724494 56.996324242092669 98.342536993324757
leaf_count=3877 1160 32 160 6664 5942 343 22 44 82 24 4952 2270 20 312 366
internal_value=-0.00056826 -0.000398652 0.00372746 -0.00044388 -0.000207151 -0.000537371 0.0026458 0.000438972 0.00478772 0.00028825 -0.000675216 -0.00148668 -0.00126208 -3.84968e-05 -0.000520316
internal_weight=4022.13 3404.56 34.325 3370.23 2623.6 1746.47 69.3195 877.137 26.9333 850.203 1677.15 617.568 746.631 162.069 155.339
internal_count=26270 22840 192 22648 18073 11259 365 6814 126 6688 10894 3430 4575 698 678
is_linear=0
shrinkage=0.0286577


Tree=173
num_leaves=16
num_cat=0
split_feature=33 10 35 11 11 28 32 19 23 10 34 34 10 23 11
split_gain=0.627392 0.606003 0.604614 0.576143 2.03138 1.85452 1.12928 0.875582 1.29015 0.558001 1.32314 0.60335 0.482417 0.958087 1.3036
threshold=0.081947990881926627 0.16724914889933332 5.6086835021926102 0.30067295068513483 0.30213537489362635 0.0086500000000000066 0.69459102902374681 0.033443101746514596 0.026253761790935418 0.12504318191346389 0.036659344670258338 -0.038114319710983606 0.27505917922452677 0.092296425373096666 0.30213537489362635
decision_type=10 10 2 10 10 10 10 8 8 8 10 8 10 10 10
left_child=2 -2 3 9 5 -5 -7 -6 -9 10 11 -1 13 -3 -15
right_child=1 12 -4 4 7 6 -8 8 -10 -11 -12 -13 -14 14 -16
leaf_value=0.00063087910085793625 -0.00017136960513330969 0.0001388347254155287 -7.9403957336334811e-05 -0.00072689547204798542 -0.00031474590160337877 0.001365649079010024 1.3599938125671399e-05 0.00071870057830753084 -5.8950667232992908e-06 -4.3545278301319595e-05 0.00016980508315416433 -0.00041091952862204375 -1.9044854011068175e-05 0.0018452316204738215 -0.0011994035662053807
leaf_weight=10.779847647994755 148.6204891782254 315.43486613035202 339.01202188106254 9.2500276509672421 180.24546009255573 9.8389787762425858 7.2423858251422635 35.238112343475223 1136.2408716874197 1408.3851143948268 3.2865400016307822 38.554535772185773 353.45691423490644 17.928330453112725 8.6121639683842641
leaf_count=228 1350 2988 1684 62 1028 28 24 268 5001 9723 12 530 3118 168 58
internal_value=-0.00056684 0.000117507 -0.000751721 -0.000609858 -0.000180608 0.00765217 0.0132724 -0.000341825 -4.68627e-05 -0.00100783 0.00181298 0.000393358 0.000483486 0.00125526 0.00651283
internal_weight=4022.13 844.053 3178.07 2839.06 1378.06 26.3314 17.0814 1351.72 1171.48 1461.01 52.6209 49.3344 695.432 341.975 26.5405
internal_count=26270 7682 18588 16904 6411 114 52 6297 5269 10493 770 758 6332 3214 226
is_linear=0
shrinkage=0.0286577


Tree=174
num_leaves=16
num_cat=0
split_feature=26 34 19 19 36 11 9 16 17 26 7 31 26 8 8
split_gain=0.643537 0.700596 0.796342 2.16688 0.53352 0.741281 2.2474 1.53323 2.48084 1.10653 0.707105 2.86222 1.9716 0.659201 0.827066
threshold=0.26366847153172229 -0.014128325549150554 0.037037037037037042 0.037373547569027006 1.0000000180025095e-35 0.18668719369734818 0.23560115645301574 1.1095967430454321 0.97463132501472372 0.47816268655581667 0.18219700825478505 2.8600000000000008 0.44051109272896755 0.24959195379616858 0.25201754319163894
decision_type=8 10 8 8 2 10 10 10 10 8 10 10 8 10 10
left_child=1 2 -1 -4 13 6 7 -6 -9 -8 11 -7 -13 -2 -15
right_child=4 -3 3 -5 5 10 9 8 -10 -11 -12 12 -14 14 -16
leaf_value=-0.00020264897742199814 -0.00027883201665468595 -0.00035689863024821079 0.00036811401951387636 5.4656971855224943e-06 1.0228770927858472e-06 -0.00025151139241816079 0.00093182088504060632 0.00058574838446037443 -0.00041335837712413754 0.00019575007027477581 -1.4879383303792014e-05 0.00016493886708263998 -0.0012017902792653774 2.61331207894077e-05 -2.6808247113720079e-05
leaf_weight=181.54110985761508 644.11314814700745 319.44216589443386 5.9014583528041831 166.18848927249201 257.60661051725037 47.818705233745277 6.1740258410572979 10.682282728143038 10.980853444896637 7.6082265749573716 1338.4609647789039 8.727565705776211 4.2750072199851283 14.394598900340496 998.21144756907597
leaf_count=1866 5420 794 22 2322 2390 469 34 158 248 74 6993 16 80 98 5286
internal_value=-0.000549595 -0.00136388 -0.000449468 0.000908698 -0.00038289 -1.89353e-05 0.00128473 0.000684467 0.00796801 0.0125271 -0.000299242 0.00269421 0.0145138 -0.000748606 -0.000280351
internal_weight=4022.13 673.073 353.631 172.09 3349.05 1692.33 293.052 279.27 21.6631 13.7823 1399.28 60.8213 13.0026 1656.72 1012.61
internal_count=26270 5004 4210 2344 21266 10462 2904 2796 406 108 7558 565 96 10804 5384
is_linear=0
shrinkage=0.0286577


Tree=175
num_leaves=16
num_cat=0
split_feature=22 33 1 22 22 18 18 19 26 0 26 26 7 34 8
split_gain=0.639247 0.675915 0.804228 0.774321 2.42256 2.09126 1.22219 0.724216 1.49535 2.57685 0.562756 1.28141 0.721254 1.30683 0.509776
threshold=0.026871681976581695 0.081947990881926627 0.11188988095238096 0.10340860413827326 0.097721664728765603 0.044886391023107437 0.17524079693891007 0.022446959133984926 0.33664978908341747 0.47165000000000007 0.32030513823070411 0.32553083261692978 0.32158125093493101 1.0000000180025095e-35 0.81339395314152785
decision_type=8 8 2 10 10 10 10 8 8 2 10 10 10 8 10
left_child=10 2 -2 4 6 -6 -4 8 -3 -10 -1 -12 -13 -14 -5
right_child=1 7 3 14 5 -7 -8 -9 9 -11 11 12 13 -15 -16
leaf_value=-0.00024611281556327467 -8.34207415398577e-05 -0.00095662534716198417 -4.715834595915137e-06 -8.8308292290464438e-05 0.001451558461200662 -0.00015219036574711859 0.0010228007591856119 9.9356383045192319e-07 0.00076890116168754812 -0.00019105196674034619 0.00056896220733667333 -5.5781509947368471e-05 0.0011391895073392993 -0.0011633911853511114 0.0018591968832496154
leaf_weight=309.08880406897515 1317.0547561515123 16.520289644598961 741.01768657192588 372.69493988715112 42.632387178018689 17.766825737431645 5.8457861859351388 979.41872145165689 12.521970823407175 10.907744862139223 3.4183594575151792 162.29130662418902 3.7933725714683515 7.9324735510163009 19.221235271543264
leaf_count=2214 7044 66 3250 1384 202 92 24 9800 76 50 28 1810 56 100 74
internal_value=-0.000534381 -0.00039648 -0.000649673 -0.000103531 0.000394713 0.0059052 -3.92742e-05 0.000218748 0.00399334 0.00870607 -0.0015154 -0.000167115 -0.000574123 0.00609443 -0.00115482
internal_weight=4022.13 3535.6 2516.23 1199.18 807.263 60.3992 746.863 1019.37 39.95 23.4297 486.524 177.436 174.017 11.7258 391.916
internal_count=26270 22062 12070 5026 3568 294 3274 9992 192 126 4208 1994 1966 156 1458
is_linear=0
shrinkage=0.0286577


Tree=176
num_leaves=16
num_cat=0
split_feature=33 24 26 26 28 5 19 28 32 15 18 24 18 17 5
split_gain=0.614083 0.679708 0.62678 0.712332 3.84565 3.02363 1.49371 0.619209 0.748251 0.608849 0.766979 1.46317 1.07686 0.528608 0.478373
threshold=0.0094201712110827413 9.5000000000000018 0.28565082292513455 0.308270519479933 -0.014050000000000005 0.10639767812379468 0.061746592260899631 -0.0020499999999999958 0.43403693931398418 1.026427739786447 0.11693412744368172 11.500000000000002 0.063787432265424396 1.0830275509821747 0.046135404326649171
decision_type=8 2 8 8 10 10 10 10 8 8 10 2 10 10 10
left_child=1 13 -2 4 5 -4 -7 8 -6 -5 12 -12 -11 -1 -15
right_child=2 -3 3 9 7 6 -8 -9 -10 10 11 -13 -14 14 -16
leaf_value=-0.00022190796512578043 -0.00012841258962132667 -9.9495926462618071e-05 0.0024986821222233147 -8.8878111604406921e-05 0.002209310296542458 -0.00028743216106195469 0.0014079821835069422 -0.00032843792618405046 -0.00051116812863124096 5.2635832701095328e-07 -0.0001283228123568208 0.00099348968439406569 -0.00019724007115543056 0.0017725645147965443 0.00012919382990017676
leaf_weight=301.69632099103183 658.48991937632672 397.88703456707299 9.6192662045359594 190.97315821330994 6.2289492189884212 16.104356705909598 10.327106472104786 70.083426174009219 16.588509973837063 2075.8779295959976 8.5233602933585644 8.2153797149658203 138.56585099129006 10.493508679792283 102.45258286595345
leaf_count=3155 5078 556 48 1004 64 108 78 414 78 13408 78 12 630 132 1427
internal_value=-0.000476302 -0.00118406 -0.000293955 -8.6208e-05 0.00198027 0.0099194 0.0043585 -0.0010105 0.00287725 -0.000200511 -6.28696e-05 0.00599601 -0.000113779 -0.000342658 0.00129031
internal_weight=4022.13 812.529 3209.6 2551.11 128.952 36.0507 26.4315 92.9009 22.8175 2422.16 2231.18 16.7387 2214.44 414.642 112.946
internal_count=26270 5270 21000 15922 790 234 186 556 142 15132 14128 90 14038 4714 1559
is_linear=0
shrinkage=0.0286577


Tree=177
num_leaves=16
num_cat=0
split_feature=15 20 22 33 35 9 20 28 9 33 18 18 33 12 10
split_gain=0.948151 0.734151 2.92877 0.674359 1.13404 1.06722 0.981231 1.48881 0.735426 0.983364 0.8734 0.500033 0.644906 0.483091 0.793086
threshold=1.1089568542404613 0.0048233728506814075 0.024478816009282745 0.042745080038383738 6.9128743717114673 0.19984150450024588 0.22151002963964506 0.001749999999999974 0.27503839307401184 0.046764111941327909 0.041093345644249941 0.17524079693891007 0.016171703227177984 0.022905019998186772 0.1973565844184004
decision_type=8 8 10 10 2 8 10 10 10 10 10 10 8 8 8
left_child=11 2 -2 6 8 -6 13 -8 10 -10 -5 -1 -13 -3 -15
right_child=1 3 -4 4 5 -7 7 -9 9 -11 -12 12 -14 14 -16
leaf_value=-8.6331073040764799e-05 -2.4671489382730667e-05 -0.00027019562786088463 0.00011570614445642052 -9.9232230413154527e-05 0.00027942924522356583 -0.0016274626176232794 0.0018059015698311614 -6.6811090707668313e-05 1.2685220839502297e-05 7.9641605818060369e-05 0.00056801853923299495 0.0009296249751759221 -0.0015387134592640766 3.5154986272776728e-05 -2.5343517440771333e-05
leaf_weight=747.9409686322324 26.663450899533927 123.20835011499003 8.2126441206783038 787.26519564446062 5.9403063952922794 3.5350084891542801 5.4734015641733986 5.8112700767815113 47.648111909627914 534.38341555930674 74.336398717015982 4.3529534414410573 4.5677575469017029 159.50457302760333 1483.2828538992908
leaf_count=4007 826 1001 30 5892 18 46 42 40 116 3746 644 34 8 1640 8180
internal_value=-0.000494436 -0.000278745 0.00382109 -0.000326357 0.000125768 0.00989529 -0.000701584 0.00755939 5.31889e-05 0.000846141 -0.000471 -0.00141146 0.00500545 -0.000760983 -0.00062288
internal_weight=4022.13 3265.26 34.8761 3230.39 1453.11 9.47531 1777.28 11.2847 1443.63 582.032 861.602 756.862 8.92071 1766 1642.79
internal_count=26270 22221 856 21365 10462 64 10903 82 10398 3862 6536 4049 42 10821 9820
is_linear=0
shrinkage=0.0286577


Tree=178
num_leaves=16
num_cat=0
split_feature=15 20 22 19 0 19 16 16 8 5 7 7 35 0 22
split_gain=0.776982 0.762555 2.92877 0.698995 0.912633 0.857238 0.629222 1.10625 0.600415 0.566406 0.561159 0.908412 0.861724 0.402614 0.330373
threshold=1.1089568542404613 0.0048233728506814075 0.024478816009282745 0.0090087885085657921 0.24267500000000006 0.021733809242110564 0.888539209711943 0.85603714995130742 0.23374946178425376 0.22030857179466054 0.38453294747724776 0.54181806484973605 4.7007075868824444 0.63917500000000016 0.15775340344494518
decision_type=8 8 10 8 2 8 8 10 8 10 10 10 2 2 10
left_child=9 2 -2 4 -3 -5 7 -7 -8 14 -11 12 13 -12 -1
right_child=1 3 -4 5 -6 6 8 -9 -10 10 11 -13 -14 -15 -16
leaf_value=-0.00017447306652406124 -2.3964462267213155e-05 0.00055163453895759693 0.00011239027729114367 -0.00026245245385025413 -4.2178356586685e-05 -1.4702823700915309e-05 -0.00010475028098695553 0.00029479422571357025 -4.6633425596504533e-06 -5.1956303018816204e-05 -1.9696224463063719e-05 -0.00060982916239389802 0.0019289927512843468 0.0030283382591588413 0.0017793623847729612
leaf_weight=591.43676214199513 26.663450899533927 2.902304431423544 8.2126441206783038 295.21029250975698 4.0898155136965215 576.93188841547817 526.49278432084247 177.72724325302988 1647.0345569534693 117.23753853561357 11.724166884087031 16.96599461697042 6.9993044137954703 7.2820653803646556 5.2158476477488867
leaf_count=2984 826 22 30 1859 154 4469 4931 1247 8683 773 94 88 38 52 20
internal_value=-0.000549059 -0.000353135 0.00382109 -0.000401551 0.00843913 -0.000424415 -0.000271978 0.000433698 -0.000521591 -0.0013808 7.33063e-05 0.00292161 0.00635733 0.00247518 -0.00178781
internal_weight=4022.13 3265.26 34.8761 3230.39 6.99212 3223.4 2928.19 754.659 2173.53 756.862 160.209 42.9715 26.0055 19.0062 596.653
internal_count=26270 22221 856 21365 176 21189 19330 5716 13614 4049 1045 272 184 146 3004
is_linear=0
shrinkage=0.0286577


Tree=179
num_leaves=16
num_cat=0
split_feature=33 16 19 24 22 34 14 20 24 33 11 25 38 16 19
split_gain=0.733333 0.60546 0.828658 1.26631 1.67759 0.786737 1.01575 1.04545 0.725966 0.929836 1.09598 0.818685 0.487613 0.68934 0.455569
threshold=0.045718126314978187 0.92415162263073036 0.11165732161599923 10.500000000000002 0.11339262001969629 -0.00087766028867669588 1.616209368444647 0.016241622183545221 7.5000000000000009 0.049302713533547322 0.30663122075992888 0.65005136960279108 10.500000000000002 0.88030480926851606 0.0090087885085657921
decision_type=8 8 8 2 10 8 10 8 2 10 10 10 2 10 8
left_child=14 2 5 -4 -5 12 -7 -8 9 10 11 -3 13 -2 -1
right_child=1 8 3 4 -6 6 7 -9 -10 -11 -12 -13 -14 -15 -16
leaf_value=0.0005358259847658101 -4.8959095847190533e-05 -2.0534881031081664e-05 0.0002900443543219252 0.0029449712182244175 0.0011675476248025646 -0.00085954763756797812 5.2890366775713862e-05 0.0011578698224940481 -2.5941826384998085e-05 1.3604395119728046e-06 0.0036327465057414995 0.0012963528491192621 -0.00037379737247882056 0.00056785061213678099 -3.8858295361745247e-05
leaf_weight=12.183695133775471 264.01666366495192 22.130728733493015 72.974152551963925 12.81770181655884 18.298620104789734 11.624177327379586 4.404529765248296 5.6704818196594724 1206.2088798321784 132.9849408455193 5.0957554196938863 10.147834574803708 132.14851567149162 105.92533677909523 2005.4946459978819
leaf_count=100 3034 2638 646 32 46 84 14 58 3590 3558 310 968 712 962 9518
internal_value=-0.000556268 -0.000161983 0.000567959 0.00290356 0.00775582 8.37507e-05 0.00540847 0.0119668 -0.000502194 0.00122577 0.00520783 0.00282534 -0.000128918 0.000383311 -0.000942971
internal_weight=4022.13 2004.45 627.88 104.09 31.1163 523.79 21.6992 10.075 1376.57 170.359 37.3743 32.2786 502.091 369.942 2017.68
internal_count=26270 16652 5588 724 78 4864 156 72 11064 7474 3916 3606 4708 3996 9618
is_linear=0
shrinkage=0.0286577


Tree=180
num_leaves=16
num_cat=0
split_feature=33 35 26 7 7 14 26 20 21 18 36 23 20 11 35
split_gain=0.625444 0.661877 1.64072 0.769387 1.18574 0.733957 0.626485 0.621338 0.520479 0.472135 1.63769 0.463382 1.57914 0.415625 0.411207
threshold=0.11107218967651501 2.0515431210794284 0.084925103626750126 0.55707214148556161 0.53126603059883581 1.8152518427663291 0.33664978908341747 0.008940561452871117 0.024488082090660186 0.17524079693891007 1.0000000180025095e-35 0.098048652219816998 0.14105103471842753 0.24768525747281425 5.3799434184404422
decision_type=10 2 8 8 8 10 10 8 8 10 2 8 8 10 2
left_child=1 2 -1 4 5 -4 -2 8 -8 14 -11 12 13 -9 -3
right_child=6 9 3 -5 -6 -7 7 11 -10 10 -12 -13 -14 -15 -16
leaf_value=0.00023039891650270515 -0.00011869804833021156 -2.8032148901493256e-05 0.0022410910415140936 -0.00035987393283385739 0.0011061068161675092 -7.7724739127023815e-07 0.00040014369411281111 -1.6601460768278864e-05 -0.0014624384869297373 -0.00060305789447813744 0.00099294501808923265 -0.00052125653593707651 0.0014114937289911515 0.00077222205074664054 -8.1463538538177759e-05
leaf_weight=3.2394236028194419 248.23352920170873 2884.660103186965 13.998246626928447 36.720467317383736 3.3704932262189677 24.899578437209129 2.8276504315435878 69.946146360598505 1.3092028722167013 13.060895184054973 4.7304001450538626 34.539003733545542 3.6401404440402976 118.60355762392282 558.34782164427452
leaf_count=8 2432 18082 106 126 38 170 56 920 20 58 20 322 18 1070 2824
internal_value=-0.000569904 -0.000702324 0.00179974 0.000818639 0.00353488 0.00178332 0.000388464 0.00147477 0.0124426 -0.000764765 0.00376783 0.00121842 0.00179329 0.00136291 -0.000791327
internal_weight=4022.13 3543.03 82.2282 78.9888 42.2683 38.8978 479.099 230.866 4.13685 3460.8 17.7913 226.729 192.19 188.55 3443.01
internal_count=26270 21432 448 440 314 276 4838 2406 76 20984 78 2330 2008 1990 20906
is_linear=0
shrinkage=0.0286577


Tree=181
num_leaves=16
num_cat=0
split_feature=27 15 27 31 27 28 28 7 27 6 14 17 5 16 5
split_gain=0.717895 0.871558 0.549992 0.647567 0.591777 0.910846 2.02207 0.564972 1.60359 0.644189 0.50172 0.455081 0.841722 0.440149 0.422472
threshold=0.017284763570693033 1.1089568542404613 0.32312644437107951 1.3049999999999999 0.24341794616190485 0.0045999999999999661 0.0091000000000000265 0.20098715299528033 0.020076257625222447 2.1180450454708106 1.3665587447317751 0.83082006152269061 0.13283481986242723 0.6858737484973928 0.22030857179466054
decision_type=10 8 10 8 10 8 8 8 10 10 10 10 10 10 10
left_child=-1 14 4 11 7 10 -7 9 -9 -3 -6 12 -4 -13 -2
right_child=1 2 3 -5 5 6 -8 8 -10 -11 -12 13 -14 -15 -16
leaf_value=-0.00020266864372822142 -0.00014861539652065187 -0.00031389750180230787 -0.00084504565312671493 -6.2898056948796447e-05 0.00014357781271339979 0.0010900349972397529 6.2789918861318493e-05 0.00050073494993768479 -8.8897408883960214e-07 0.0001116316588746173 -7.9128984276819803e-05 0.0025377882787972063 0.00095623346965798776 -9.2142290730512012e-05 -1.5573075203750063e-06
leaf_weight=199.59071614244021 591.31571426428854 366.75817840499803 24.59214911237359 692.5572776356712 40.53358165640384 24.253881159704179 229.08230865327641 7.119947815546765 1197.5361659799237 16.533877505920827 154.48038552934304 22.342763549648225 53.889376407489181 241.34809062303975 160.19224559841678
leaf_count=1574 2982 3151 177 4462 330 192 1612 66 7129 104 1010 154 457 1827 1043
internal_value=-0.000581189 -0.000490294 -0.000272128 -0.000810053 0 0.000920408 0.002061 -0.000258334 3.86528e-05 -0.00121716 -0.000510992 0.00018453 0.00211577 -0.000353879 -0.00136823
internal_weight=4022.13 3822.54 3071.03 1034.73 2036.3 448.35 253.336 1587.95 1204.66 383.292 195.014 342.172 78.4815 263.691 751.508
internal_count=26270 24696 20671 7077 13594 3144 1804 10450 7195 3255 1340 2615 634 1981 4025
is_linear=0
shrinkage=0.0286577


Tree=182
num_leaves=16
num_cat=0
split_feature=26 9 11 23 28 28 17 28 18 36 38 17 17 34 11
split_gain=0.74282 1.25488 1.51688 0.988158 1.04402 0.96318 1.74474 0.793924 0.72608 1.47981 0.588428 0.695022 2.80291 1.28988 0.720157
threshold=0.77376867429012164 0.63434780879542152 0.92122025704438981 0.093160247538340554 -0.033249999999999995 0.038600000000000002 1.0027436251211927 -0.059399999999999988 0.17524079693891007 1.0000000180025095e-35 4.5000000000000009 1.4367325968712794 1.4644184452395967 0.036659344670258338 0.16051370826151626
decision_type=10 10 10 10 8 10 8 8 10 2 2 10 10 10 8
left_child=8 3 -3 4 7 -6 -7 -2 10 -10 11 14 -13 -14 -1
right_child=1 2 -4 -5 5 6 -8 -9 9 -11 -12 12 13 -15 -16
leaf_value=6.3680946534473929e-05 -0.0026576545057902523 0.0017580017345105005 -0.00021919111858118747 -0.00063082286583013747 -0.00011906311923738754 0.002522058213251225 1.5798544388253404e-06 9.5945121007836093e-05 -0.0014590709707696535 0.00096629204995950257 -2.0757122706021194e-05 0.0035070017748416544 -2.7182526684858149e-05 0.00070357198567376847 -6.1752372400037159e-05
leaf_weight=58.209434875752777 3.995303563773632 10.252447752282025 8.1406259983777982 94.578937256708741 157.65814060950652 38.285831172019243 84.736463833134621 11.22743498533964 9.1000169124454242 4.5182989835739127 1724.7901200777851 8.1451271246187371 156.76853112317622 19.855543375015259 1631.8644023949746
leaf_count=944 24 30 28 638 1681 306 590 58 52 16 13941 56 694 60 7152
internal_value=-0.000515674 0.000629514 0.00791633 0.000256355 0.00109421 0.000655826 0.00257317 0.00840327 -0.00064805 0.00582791 -0.000675685 -0.00102918 0.000603363 -0.000108685 -0.0012136
internal_weight=4022.13 408.875 18.3931 390.482 295.903 280.68 123.022 15.2227 3613.25 13.6183 3599.63 1874.84 184.769 176.624 1690.07
internal_count=26270 3355 58 3297 2659 2577 896 82 22915 68 22847 8906 810 754 8096
is_linear=0
shrinkage=0.0286577


Tree=183
num_leaves=16
num_cat=0
split_feature=15 20 23 26 33 35 8 0 35 16 20 18 34 26 34
split_gain=0.820911 0.750531 2.09098 0.577886 0.835938 1.13219 1.03263 0.705547 1.52671 0.573521 0.523314 0.50629 0.581017 0.485417 0.412197
threshold=1.1209140120986467 0.0048233728506814075 0.017184698133011798 0.25574962479090774 0.042745080038383738 6.9128743717114673 0.1971386450627132 0.26527500000000004 4.8642984033771715 0.91994667267203056 0.18701826229505514 0.17524079693891007 0.023334753094958142 0.27583015526017657 -0.027025572171379238
decision_type=8 8 10 8 10 2 8 2 2 10 10 10 10 8 8
left_child=10 2 -2 14 7 9 -7 8 -5 -6 11 -1 -13 -9 -3
right_child=1 3 -4 4 5 6 -8 13 -10 -11 -12 12 -14 -15 -16
leaf_value=-7.9079626246146404e-05 -2.1110602697636098e-05 -7.4884671147890921e-05 6.4012599646269945e-05 0.00035850882688812492 0.00018782893279325081 0.00028815881317556692 -0.0015727144204978455 0.00014336672660425015 -0.00030313225602076683 -1.2138466527147481e-05 0.0016841657048980417 0.00093860038245488313 -0.0018495771098234585 -3.55794001595888e-05 -0.00021214678550587741
leaf_weight=776.81617813417688 24.837867945898324 190.17734994739294 10.008759260177611 49.640536782797426 462.96759915445 5.9666013671085212 3.3272776044905195 31.108514477498829 39.056942887604237 697.75468967761844 4.851322430651634 5.6205068156123144 5.142095074057579 1438.9244321892038 275.9259862897452
leaf_count=4165 820 1982 28 402 3898 24 38 254 363 4432 26 32 14 7996 1796
internal_value=-0.00054662 -0.000339671 0.00380349 -0.000388246 -0.000224496 0.000348857 0.0102175 -0.000661241 0.001783 0.000259261 -0.00137718 -0.00144657 0.00443601 -0.000815746 -0.00132497
internal_weight=4022.13 3229.7 34.8466 3194.85 2728.75 1170.02 9.29388 1558.73 88.6975 1160.72 792.43 787.579 10.7626 1470.03 466.103
internal_count=26270 22033 848 21185 17407 8392 62 9015 765 8330 4237 4211 46 8250 3778
is_linear=0
shrinkage=0.0286577


Tree=184
num_leaves=16
num_cat=0
split_feature=38 35 7 10 10 10 17 13 0 20 36 21 17 17 21
split_gain=0.710869 0.78422 2.26415 1.68229 0.519543 1.4128 0.890073 0.565807 0.452697 1.41716 0.443815 0.617618 0.604345 0.725392 0.854676
threshold=4.5000000000000009 2.4765380470349503 0.31180384110936893 0.26704933276209447 0.17497394257002771 0.17143599067240411 1.0830275509821747 2.1514523635325085 0.58982500000000015 0.066496962061296919 1.0000000180025095e-35 0.020384916330808758 0.72897966007636472 1.3734181329216304 0.024737545811121763
decision_type=2 2 8 10 10 10 10 8 2 8 2 8 8 8 8
left_child=1 2 3 -1 5 -3 -7 -8 9 -4 -2 -12 -13 14 -14
right_child=10 4 8 -5 -6 6 7 -9 -10 -11 11 12 13 -15 -16
leaf_value=0.0021745532195820779 -7.0190212626887631e-05 -5.1221686795943938e-06 -2.074258181580896e-05 8.5021121293666705e-05 -7.3320207641806807e-05 -0.0005309551339301421 6.0021548505202243e-05 6.2178148430837757e-05 -1.8585246343662533e-05 0.00076184732218865115 -0.00013763078817010318 -0.00053068803247641573 0.00016011969191691674 -0.00024301923451720771 0.00020033132851020487
leaf_weight=9.3314742539078015 944.86104458291084 443.57113415258937 8.8753687180578673 9.4249417190439981 1546.8794709527865 4.2576923444867125 4.8273483589291546 4.5912696607410917 93.527402311563492 5.1381716025061914 226.05852931458503 103.42394803557545 58.924227425828576 123.52512655919418 434.90951004577801
leaf_count=108 8311 3660 16 52 6004 58 28 18 281 40 1837 888 425 1028 3516
internal_value=-0.000589686 -0.000949773 0.00120172 0.0103434 -0.00109045 -0.000215395 0.0087402 0.0136333 -0.000318947 0.00430334 -0.00017883 0.000252195 0.000670509 0.00101933 0.00151812
internal_weight=4022.13 2130.42 126.297 18.7564 2004.13 457.247 13.6763 9.41862 107.541 14.0135 1891.7 946.841 720.783 617.359 493.834
internal_count=26270 10265 497 160 9768 3764 104 46 337 56 16005 7694 5857 4969 3941
is_linear=0
shrinkage=0.0286577


Tree=185
num_leaves=16
num_cat=0
split_feature=38 12 18 12 11 26 11 26 18 39 22 18 26 7 26
split_gain=0.689156 0.703609 1.38271 1.21582 2.47587 1.71147 1.23149 0.685461 0.67669 0.999563 2.65056 0.974766 0.646604 1.9814 0.541147
threshold=4.5000000000000009 0.045767747468455799 -0.096429477386842696 0.043420663658897983 0.23755188227019144 0.62351901432247681 0.29271170921014278 0.59861422743951553 -0.010212292042351022 1.0000000180025095e-35 0.12876659086446307 -0.0081453104625127653 0.11564756659324311 0.20971810205003374 0.28565082292513455
decision_type=2 10 8 10 10 8 10 10 10 2 8 10 8 10 10
left_child=1 2 -1 12 5 -5 -6 -3 -9 10 -10 -11 13 -4 -2
right_child=14 7 3 4 6 -7 -8 8 9 11 -12 -13 -14 -15 -16
leaf_value=0.0014176379223626943 -0.00014841585761973954 -0.00012219649809199086 -0.00067766240065805761 0.0015907243179626416 -0.0006623099805123094 -0.0007154626980065068 0.00068653006779509579 -0.00027524816364795843 0.00024405748999423198 0.00024552309336308315 0.0034096201236520907 -2.5952401620154727e-05 -2.1234992521365016e-05 0.0016661309429306383 6.5962783513590282e-06
leaf_weight=3.9330156780779362 513.83079637680203 728.20422002021223 18.599944712826986 7.5576434340327951 33.003987662494183 2.9256515838205823 19.707341112196445 182.43653286248446 36.992979123257101 5.5707635320723048 6.5524726361036292 171.19743520580232 902.04986330354586 11.69242320768535 1377.87158958707
leaf_count=24 4473 2300 308 62 93 16 84 800 128 28 18 619 5735 50 11532
internal_value=-0.000570607 -0.000925107 -0.000357572 -0.000436127 0.00337652 0.0159808 0.000623354 -0.00141769 -0.000436449 0.000598979 0.00449178 -0.000308315 -0.000705991 0.00333123 -0.000166045
internal_weight=4022.13 2130.42 999.47 995.537 63.1946 10.4833 52.7113 1130.95 402.75 220.314 43.5455 176.768 932.342 30.2924 1891.7
internal_count=26270 10265 6372 6348 255 78 177 3893 1593 793 146 647 6093 358 16005
is_linear=0
shrinkage=0.0286577


Tree=186
num_leaves=16
num_cat=0
split_feature=5 31 35 10 10 5 25 38 35 10 31 10 10 35 24
split_gain=0.893327 0.574365 0.516722 0.483205 1.0808 2.79152 1.11891 0.52995 0.462485 1.08643 1.88427 1.92047 1.28887 0.7668 0.933748
threshold=0.1604549402259586 0.63500000000000079 5.849395846825959 0.18550616321572214 0.2023087440625764 0.099248971250252643 0.305757289942239 11.500000000000002 4.6655594848930884 0.26704933276209447 4.705000000000001 0.26481586211827102 0.19393427159638868 5.7212129934892966 10.500000000000002
decision_type=8 10 2 8 8 8 10 2 2 8 10 10 10 2 2
left_child=1 3 8 -1 5 6 -5 -6 -2 10 11 -10 -12 -11 -15
right_child=2 -3 -4 4 7 -7 -8 -9 9 13 12 -13 -14 14 -16
leaf_value=-0.00026244432506857093 -3.1174338609115949e-05 -7.7846096952147916e-05 -0.0001165494035312827 -0.00040160228950617943 -4.366834156896814e-06 -0.00046288242236487194 0.0025152046252572215 0.00013940669029761249 5.8573106529556055e-06 -2.0626447359072738e-05 0.00011606215477293485 0.00075288261471151614 3.3805624403783058e-05 7.241927100318097e-06 0.00064787228277602847
leaf_weight=106.80680866353214 1681.3207017332315 932.6162346759811 160.87990158400498 1.730699566192923 407.79333101958036 16.1972737191245 7.3090672814287245 3.9956630002707234 310.67686583101749 347.21548405941576 9.0310088805854338 7.6299994736909857 14.935198727995155 8.9691466339863819 5.019275188446044
leaf_count=1132 11157 4952 1040 44 3324 122 54 32 2189 1934 34 50 84 112 10
internal_value=-0.000564656 -0.0011272 -0.000234407 -0.000362704 3.768e-05 0.00578664 0.0183902 -0.000293516 -0.000123791 0.000486864 0.00165103 0.001029 0.00941297 -0.000589089 0.00584489
internal_weight=4022.13 1476.45 2545.68 543.833 437.026 25.237 9.03977 411.789 2384.8 703.477 342.273 318.307 23.9662 361.204 13.9884
internal_count=26270 9660 16610 4708 3576 220 98 3356 15570 4413 2357 2239 118 2056 122
is_linear=0
shrinkage=0.0286577


Tree=187
num_leaves=16
num_cat=0
split_feature=16 5 37 5 25 20 19 24 16 5 7 22 19 24 28
split_gain=0.835088 0.894243 1.4131 1.38262 1.37156 1.36183 2.2529 1.15362 1.04456 1.23999 1.02517 0.747929 3.26827 0.715242 0.585906
threshold=0.90277910901131786 0.16166646010187577 1.0000000180025095e-35 0.2644610010618626 0.85115170501932724 0.0048233728506814075 0.012227914304483336 9.5000000000000018 0.82990341459361161 0.29388310446967791 0.38735446678809698 0.080185638197788608 0.060105210126414448 9.5000000000000018 0.039400000000000025
decision_type=10 8 2 8 8 10 10 2 10 10 10 8 8 2 8
left_child=1 11 3 4 7 6 -4 -3 -5 -10 13 -1 -13 -7 -12
right_child=-2 2 5 8 -6 10 -8 -9 9 -11 14 12 -14 -15 -16
leaf_value=-0.00036686396182104651 -4.3178791224459953e-05 0.00021764923465508753 -0.00022316125784156376 -2.8577599038503712e-05 -5.4550754585306926e-06 1.0653137062362195e-05 6.1898197001447554e-05 0.00043841899552036519 -0.00026818708876915915 0.001470361302913089 0.0011234447462146293 5.0840658808777227e-05 -5.3428896574687062e-05 -0.00039340943797447277 -8.713147366428751e-05
leaf_weight=440.82600316544995 2528.870244407095 65.381975531578064 8.1181917707435769 186.72522856621072 65.420845296001062 153.49048698320985 5.1675067394971839 102.42811266891658 21.466038413345814 50.581162399612367 20.662237156182528 16.094191573560238 79.063945195171982 268.3284432888031 9.5020468831062335
leaf_count=2959 15055 967 378 1145 750 2261 12 234 114 414 150 42 1125 614 50
internal_value=-0.000555839 -1.16721e-05 0.000506286 0.00158236 0.00318307 -0.000610454 0.00828306 0.00455688 9.96692e-05 0.00305967 -0.000897954 -0.000955135 0.00129184 -0.00128166 0.00410949
internal_weight=4022.13 1493.26 957.272 492.003 233.231 465.269 13.2857 167.81 258.772 72.0472 451.983 535.984 95.1581 421.819 30.1643
internal_count=26270 11215 7089 3624 1951 3465 390 1201 1673 528 3075 4126 1167 2875 200
is_linear=0
shrinkage=0.0286577


Tree=188
num_leaves=16
num_cat=0
split_feature=24 27 27 20 27 30 20 8 30 18 16 16 27 16 8
split_gain=0.58182 0.599569 0.840256 1.84173 1.27613 2.29608 0.883725 0.83198 0.66793 0.851428 0.50278 1.01887 0.984073 1.73006 0.882476
threshold=10.500000000000002 0.017284763570693033 0.28484385642981497 0.009522046518012724 0.24952743066364572 17.150000000000002 0.18701826229505514 0.22375781628486258 16.085000000000004 0.10389740633013912 1.1182560402348432 1.0492112151664654 0.17025755658067068 1.09123030172227 0.20854990481453781
decision_type=2 10 10 10 10 10 10 8 10 10 10 10 8 10 10
left_child=10 -2 3 -3 7 -6 8 -5 -4 -10 11 -1 13 14 -13
right_child=1 2 6 4 5 -7 -8 -9 9 -11 -12 12 -14 -15 -16
leaf_value=-2.1448452330393182e-05 -0.0005351694923766586 0.00049354148202294728 -4.7451740585314298e-06 -0.00031204890296896001 -0.00010586052115164398 0.00051869665890738235 0.0016151613868001706 -1.3840611735299985e-05 -0.00012382712975316261 0.0007704900947893428 -0.00017844427844210286 0.00022151420533288879 6.3704145974801107e-05 -0.0009264546319325929 0.0010444407748916248
leaf_weight=1280.5814104347955 134.64696574211121 22.64179265499115 217.3617044724524 286.23332476615906 58.283501207828522 76.402287900447845 12.969200253486632 738.647570470348 709.37564997561276 36.077036142349243 302.32866696920246 6.7347922306507852 103.83159700967371 15.505599264986811 20.505560543388128
leaf_count=15382 209 38 426 552 106 142 20 1312 1183 57 5054 100 1319 154 216
internal_value=-0.000603423 -0.000904022 -0.000781633 -0.000257438 -0.000424342 0.00217657 -0.00140631 -0.000776265 -0.00151518 -0.00192333 -0.00019912 1.89857e-05 0.00228668 0.00596594 0.0103298
internal_weight=4022.13 2292.64 2157.99 1182.21 1159.57 134.686 975.784 1024.88 962.814 745.453 1729.49 1427.16 146.578 42.746 27.2404
internal_count=26270 4045 3836 2150 2112 248 1686 1864 1666 1240 22225 17171 1789 470 316
is_linear=0
shrinkage=0.0286577


Tree=189
num_leaves=16
num_cat=0
split_feature=33 36 32 28 24 28 5 5 24 35 5 11 2 9 9
split_gain=0.875475 0.614566 0.743052 0.718999 2.40272 0.754077 0.70852 0.573924 0.966942 0.524455 0.515289 0.596386 1.20396 0.698326 1.14335
threshold=0.081947990881926627 1.0000000180025095e-35 0.65831134564643812 0.072500000000000023 11.500000000000002 0.077650000000000011 0.21278120218139365 0.41424089117727592 9.5000000000000018 6.3687489659082717 0.11707208124841971 0.15937964785838329 0.045681458595142825 0.19873813856591324 0.20072283129547136
decision_type=8 2 10 8 2 8 10 10 2 2 8 10 2 10 10
left_child=10 -2 3 9 5 -5 -4 8 -8 -3 -1 12 -12 -13 -15
right_child=1 2 6 4 -6 -7 7 -9 -10 -11 11 13 -14 14 -16
leaf_value=-7.3981167522622451e-05 -2.562055966063952e-05 -1.1051904817903021e-05 -9.7714414450696818e-05 2.792880549670859e-05 0.00040918964940528699 -0.00012669623221463476 0.00045333778425655521 0.00010619065582757006 0.0016246843860811871 7.0172118722849495e-05 0.00049928018928698632 -0.00042945676688839967 1.3080908016819449e-05 8.53073916896969e-05 -3.6639017998682554e-05
leaf_weight=666.41039784345776 579.28476568474434 426.05541147710755 22.310979515314102 3.4209889941848814 27.166861057281494 53.469813129864633 16.50815612077713 16.342032760381699 23.90451243519783 11.956545374356208 4.7276155594736329 199.35938955005258 83.314634954556823 16.916849886067212 1870.9777056956664
leaf_count=2800 6228 4804 232 38 44 560 188 90 98 44 18 1385 646 78 9017
internal_value=-0.0005948 5.32898e-05 0.000702761 0.00028906 0.00271976 -0.000470529 0.00330014 0.00502036 0.00685097 -0.000155873 -0.000867496 -0.000645972 0.00162643 -0.000746761 -0.000569298
internal_weight=4022.13 1180.42 601.135 522.07 84.0577 56.8908 79.0657 56.7547 40.4127 438.012 2841.71 2175.3 88.0423 2087.25 1887.89
internal_count=26270 12326 6098 5490 642 598 608 376 286 4848 13944 11144 664 10480 9095
is_linear=0
shrinkage=0.0286577


Tree=190
num_leaves=16
num_cat=0
split_feature=38 26 18 28 1 10 18 26 22 22 22 18 28 9 10
split_gain=0.76236 0.613916 0.670692 0.63941 0.905196 1.11744 0.647215 0.561955 0.820649 0.507513 1.12761 1.60556 0.667373 0.85505 0.491972
threshold=4.5000000000000009 0.28565082292513455 0.042299239721030564 0.052100000000000014 0.14381496881496886 0.21856443695986175 0.040299502581370501 0.29863974887671579 0.050755868337727029 0.04799320089467532 0.052917820056463789 0.032712742157701043 0.07530000000000002 0.30636264583663636 0.17497394257002771
decision_type=2 10 10 8 2 10 10 10 10 10 10 10 10 10 8
left_child=14 9 3 4 6 -6 -3 8 -4 12 11 -11 -2 -14 -1
right_child=1 2 7 -5 5 -7 -8 -9 -10 10 -12 -13 13 -15 -16
leaf_value=5.1021117710168698e-06 -0.00032057605784633817 8.8490258431344133e-06 0.00015532286767815865 -0.000169248522153506 0.002789144898284445 0.00057665300677172792 0.0018943583898396721 -0.00036458711282938411 -0.00078210579950646045 0.00048727828866965893 -8.2969838770775015e-05 0.00057272310874570246 2.7128431328620988e-05 -0.0017820413099563627 -3.6307772731166723e-05
leaf_weight=158.20765810273588 305.84037966374308 802.62926199799404 2.4237546790391198 170.13737540785223 9.4867562921717745 133.78111252374947 13.350829154718665 242.96022529806942 3.1022742334753275 29.619778268504888 158.22784273279831 13.621889027766882 2.8980715861544004 3.6228350978344679 1972.2166159718763
leaf_count=1482 2637 7134 24 1410 84 884 112 1854 30 208 1516 66 22 24 8783
internal_value=-0.000638688 -0.000213253 9.54378e-05 0.000398741 0.000692552 0.00280044 0.000309574 -0.00124217 0.00732901 -0.00106007 1.3125e-05 0.00414938 -0.00178361 0.00680904 -0.00101171
internal_weight=4022.13 1891.7 1377.87 1129.39 959.248 143.268 815.98 248.486 5.52603 513.831 201.47 43.2417 312.361 6.52091 2130.42
internal_count=26270 16005 11532 9624 8214 968 7246 1908 54 4473 1790 274 2683 46 10265
is_linear=0
shrinkage=0.0286577


Tree=191
num_leaves=16
num_cat=0
split_feature=16 5 16 10 34 5 20 23 19 10 10 12 5 19 23
split_gain=0.648249 0.93864 0.912269 1.09964 1.4039 1.1208 0.904065 0.650306 2.03239 1.03031 0.89953 0.509687 0.661887 0.486053 0.944993
threshold=0.90277910901131786 0.16166646010187577 0.78041378632759395 0.11060523517731531 -1.0000000180025095e-35 0.16249807583174372 0.0048233728506814075 0.089600952159170036 0.084989023759860033 0.27015637999417735 0.20131122419212166 0.0094245228593086705 0.18298832075186203 0.041666666666666692 0.024223756662458105
decision_type=8 8 10 10 10 8 10 8 8 10 10 8 10 10 10
left_child=1 7 -3 4 -4 -5 -7 -1 -9 10 -10 12 -2 -13 -15
right_child=11 2 3 5 -6 6 -8 8 9 -11 -12 13 -14 14 -16
leaf_value=-0.00048726150125643172 1.0034893511603347e-05 -0.00011437052179308283 6.3432747762890829e-06 0.00033282859144944581 8.271646702132485e-05 4.5459513635196041e-05 5.7866028868556394e-05 0.0021232748008176211 -0.0012513714277854421 -0.0002687996142364253 0.001035733042469101 -6.6838867170341095e-05 -0.0014910268565994388 0.00067462559001230365 -2.4735127800595467e-05
leaf_weight=369.49901292193681 3.7958116680383673 289.7534680776298 7.4221003986895084 3.4647637736052292 5.2496383786201459 4.4921709317713967 435.89169115293771 4.6063103787600985 2.5217251591384402 36.157010903581977 3.1342437751591206 1101.8198355010245 3.5557421813718975 35.361289013177156 1715.4018458230421
leaf_count=2707 12 2176 90 28 16 38 3207 26 36 209 16 8221 34 220 9234
internal_value=-0.000647268 -6.71995e-05 0.000531648 0.00133724 0.00968403 0.00107165 0.000915375 -0.00116532 0.00193009 0 0.0110183 -0.000879486 0.00638241 -0.000902202 -0.000595235
internal_weight=4022.13 1162.19 746.274 456.52 12.6717 443.849 440.384 415.918 46.4193 41.813 5.65597 2859.93 7.35155 2852.58 1750.76
internal_count=26270 8549 5555 3379 106 3273 3245 2994 287 261 52 17721 46 17675 9454
is_linear=0
shrinkage=0.0286577


Tree=192
num_leaves=16
num_cat=0
split_feature=38 5 10 10 5 8 26 30 28 28 18 38 12 18 12
split_gain=0.898091 0.582515 2.19706 2.88881 1.83604 0.738418 0.600661 0.691113 0.730978 3.38029 0.655982 0.559076 0.557539 1.03785 1.34226
threshold=4.5000000000000009 0.34494374212011319 0.32141713193771893 0.33080384204773255 0.37153190003102904 0.41643767724636299 0.58966977475827553 19.845000000000002 0.080849999999999991 0.086800000000000002 -0.096429477386842696 1.5000000000000002 0.044829432236594385 -0.011393610090685622 0.04420621986483704
decision_type=2 10 10 10 10 8 10 10 10 10 8 2 10 8 8
left_child=1 6 -3 -4 5 -5 12 8 10 -10 -8 -6 13 14 -1
right_child=-2 2 3 4 11 -7 7 -9 9 -11 -12 -13 -14 -15 -16
leaf_value=1.5776679014349897e-05 -1.2655999008494247e-05 -0.00021292209897084277 0.00078657674897616189 0.0016237102926563876 0.0011212460186660299 0.0008954574964156717 0.0013820362223278574 -3.6925581871748128e-05 0.0033203871120369871 -0.00026889688206282683 -1.4377292527353663e-05 -0.00011336787141290168 -0.00013213460440496231 -3.5274394104191835e-05 0.00013678146784529648
leaf_weight=113.25696135591716 1891.7023859638721 269.18699066294357 10.979493468999861 10.080755650997164 5.4141558706760398 7.115314193069934 13.205393105745316 233.35291877388954 10.061564962379633 25.479086138308048 274.05388063937426 75.306221049278975 629.49566057836637 446.34230408421718 7.0935735404491416
leaf_count=530 16005 1404 26 34 12 24 48 688 32 156 2095 322 1926 2944 24
internal_value=-0.000693264 -0.00109803 -5.01344e-05 0.00335288 0.00165824 0.0101001 -0.00131841 -0.00051393 0.000319228 0.00419178 -0.000128231 -4.07022e-05 -0.00168395 -0.000999533 0.00131491
internal_weight=4022.13 2130.42 378.083 108.896 97.9164 17.1961 1752.34 556.153 322.8 35.5407 287.259 80.7204 1196.19 566.693 120.351
internal_count=26270 10265 1822 418 392 58 8443 3019 2331 188 2143 334 5424 3498 554
is_linear=0
shrinkage=0.0286577


Tree=193
num_leaves=16
num_cat=0
split_feature=24 33 6 33 28 35 16 16 16 27 28 11 11 28 31
split_gain=0.810583 0.668712 1.23876 0.64393 0.493698 0.56558 1.6706 0.571396 0.535927 1.01564 0.444582 0.453829 0.505433 0.402062 0.552274
threshold=10.500000000000002 0.0083304902140927135 1.2099517044911836 0.0084310171567717491 -0.029950000000000001 6.9128743717114673 1.0044993297202394 0.90666625303504877 0.8688037651471624 0.29172565651191962 -0.035199999999999988 0.85625263356349912 0.5895883552440222 -0.029150000000000006 1.0000000180025095e-35
decision_type=2 10 8 10 10 2 10 10 10 10 8 10 10 10 8
left_child=4 2 -2 -3 -1 7 -7 8 -6 -10 -5 12 -12 14 -9
right_child=1 3 -4 10 5 6 -8 13 9 -11 11 -13 -14 -15 -16
leaf_value=-0.00010190281824101862 0.00093059905008510452 6.1224527059806322e-06 -8.611910408050453e-05 -0.00011262239218510559 1.9900839559093148e-05 -0.0012058755683265704 0.00027917646987885833 0.00066675364158456951 4.0659532518434078e-05 0.001776101764995242 -1.396527298905716e-05 0.0014993463138796655 -0.0013811404491514019 -4.8286519092829185e-05 -0.0014166189432462237
leaf_weight=440.88656203378923 14.736967521719633 15.290613174438475 623.68114850576967 128.66840750351548 410.74214795301668 8.7477448068093491 6.3256546896882346 1.9321656078100196 76.476964147761464 35.916582014411688 1400.0450547542423 16.508278738707304 93.708563387393951 746.47712946077809 1.982675738632679
leaf_count=4819 28 20 886 265 6086 80 56 12 832 482 2650 32 164 9826 32
internal_value=-0.000679462 -0.00103387 -0.00183187 -0.000719674 -0.000203815 7.2246e-05 0.00554913 0 0.000733226 0.00249397 -0.000779853 -0.000632897 -0.00069107 -0.000500318 0.00825183
internal_weight=4022.13 2292.64 638.418 1654.22 1729.49 1288.6 15.0734 1273.53 523.136 112.394 1638.93 1510.26 1493.75 750.392 3.91484
internal_count=26270 4045 914 3131 22225 17406 136 17270 7400 1314 3111 2846 2814 9870 44
is_linear=0
shrinkage=0.0286577


Tree=194
num_leaves=16
num_cat=0
split_feature=33 9 37 21 27 20 17 15 34 20 7 5 16 16 15
split_gain=0.703365 0.860736 1.1238 1.89796 1.47718 1.20318 1.67158 0.656976 0.644412 1.20551 1.37765 0.620806 0.52096 0.956552 1.757
threshold=0.081947990881926627 0.34119029518440447 1.0000000180025095e-35 0.010957187743742278 0.10984463119906412 0.099145194134098627 1.064304794086903 1.2873671182596247 0.017934989979495611 0.20340789130071477 0.54181806484973605 0.19625110238978935 0.87848428605345263 0.85603714995130742 1.4655091105031028
decision_type=10 8 2 8 10 10 10 10 8 10 10 8 10 10 10
left_child=1 7 3 4 -3 6 -5 -1 9 11 -11 -4 13 -9 -15
right_child=-2 2 8 5 -6 -7 -8 12 -10 10 -12 -13 -14 14 -16
leaf_value=-0.00018962971544644422 7.8015320097569393e-06 -7.1877576074251483e-05 -0.00056958907450573037 2.2416874481624602e-08 0.00040389802678192729 -9.5840934133243404e-05 0.00048982824496059541 -2.8967214089101067e-05 -0.00017544442051260298 -8.3082235480193926e-05 0.0015291182435518702 0.00011906449985414319 -4.6902740522230164e-05 0.00032470159692269416 4.8564014405873539e-05
leaf_weight=627.678975767456 844.05276396498084 4.997926225885748 145.77968138549477 324.50173118431121 10.877738576382397 176.04477916099131 118.61775233130902 246.23583921045065 308.7557994031813 5.1207239069044572 4.6817949414253235 184.0031452588737 970.98700705263764 8.629607371054588 41.161394297145307
leaf_count=2936 7682 18 639 2134 50 699 478 1738 1638 32 12 955 6885 66 308
internal_value=-0.00059449 -0.000790239 -0.000207681 0.000639352 0.0103753 0.000369896 0.00117908 -0.00117951 -0.00105262 -0.00015872 0.0095817 -0.000484869 -0.000790351 0.000234453 0.00386961
internal_weight=4022.13 3178.07 1283.38 635.04 15.8757 619.164 443.119 1894.69 648.341 339.585 9.80252 329.783 1267.01 296.027 49.791
internal_count=26270 18588 6655 3379 68 3311 2612 11933 3276 1638 44 1594 8997 2112 374
is_linear=0
shrinkage=0.0286577


Tree=195
num_leaves=16
num_cat=0
split_feature=33 23 23 30 36 12 17 17 33 23 35 22 30 17 17
split_gain=0.748935 0.59227 1.41042 1.73128 2.2314 0.702592 0.5203 0.790976 0.734779 1.30138 0.49852 0.730199 2.24953 0.704325 1.86446
threshold=0.081947990881926627 0.041663332288415074 0.041746479734416621 17.410000000000004 1.0000000180025095e-35 0.0094245228593086705 1.3734181329216304 1.3451337565464474 0.11241773632735065 0.094126565746652083 4.156771477430067 0.040949640279992684 20.375000000000004 1.6571199368624885 1.6810688923048309
decision_type=10 8 8 10 2 8 10 10 10 8 2 8 8 10 10
left_child=1 5 3 4 -3 -1 7 -2 -9 -10 13 12 -12 -4 -15
right_child=6 2 10 -5 -6 -7 -8 8 9 -11 11 -13 -14 14 -16
leaf_value=1.2502533238447481e-05 1.8069835127336462e-05 -0.0020250756921713414 -6.1064875205170106e-06 -0.0011567958286683186 0.0007913936542402691 -6.9812211600559559e-05 -0.00025806283470986442 -0.00062223093558118597 0.0024977271188853494 -2.6345661246499409e-05 -0.001752138024968606 -5.0333232930591218e-05 0.00073170399445562841 0.0026238453987369355 0.00092717428700248559
leaf_weight=6.2984533454291514 730.50135438982397 4.2492582062259334 845.41296678059734 8.9434817582368833 7.6471154047176242 1313.8272948623635 99.992763444781303 4.3025817228481165 5.9442772492766354 3.3117871582508096 10.456933969631788 915.32123457733542 4.259595215320588 4.8557738214731208 56.801788132172078
leaf_count=40 6582 26 5040 23 32 7713 952 36 94 18 80 5246 12 28 348
internal_value=-0.000617884 -0.000819846 -0.000481374 0.00685527 0.0140251 -0.00128851 0.00013078 0.000402722 0.00723061 0.0118103 -0.000570863 -0.00103797 0.0051264 -8.08169e-05 0.002855
internal_weight=4022.13 3178.07 1857.95 20.8399 11.8964 1320.13 844.053 744.06 13.5586 9.25606 1837.11 930.038 14.7165 907.071 61.6576
internal_count=26270 18588 10835 81 58 7753 7682 6730 148 112 10754 5338 92 5416 376
is_linear=0
shrinkage=0.0286577


Tree=196
num_leaves=16
num_cat=0
split_feature=38 22 28 17 12 17 17 28 32 11 22 11 8 22 10
split_gain=0.697836 0.444987 0.458941 0.519147 1.27939 0.47585 0.927244 1.29384 0.886648 0.917605 0.490669 0.422748 2.44653 3.10022 1.79248
threshold=4.5000000000000009 0.022485852990005401 -0.031400000000000004 1.762267268035494 0.071523832668575524 1.3879554122590265 1.3451337565464474 0.023350000000000013 0.90435356200527706 0.34509844443487286 0.025071154728341146 0.16051370826151626 0.16646592651996026 0.025071154728341146 0.092727151753117035
decision_type=2 10 10 8 8 10 8 8 10 10 10 8 10 8 8
left_child=11 -2 3 -3 -5 6 10 -8 -7 -10 -4 12 -1 -14 -13
right_child=1 2 5 4 -6 8 7 -9 9 -11 -12 14 13 -15 -16
leaf_value=-0.00014193323632113097 -0.00034716670035907519 -0.00026143022055894708 0.00018006487523096232 0.0037523326762940795 -1.6759901016022014e-06 -0.00025066735814107305 0.00242614810827842 -0.00016163013052218923 -0.0017143761004360875 0.00040059764923875248 1.1217299144859191e-05 5.0019985514442362e-05 0.00049149708980461408 -0.00033481957956732575 -3.6646775914971936e-05
leaf_weight=51.181294460780919 142.64443377032876 352.44050170248374 30.536374374292791 5.3037952948361626 27.248027591500431 216.63947038212791 12.09820621088147 10.400495300535114 7.5709767043590572 10.332541108131407 1076.4875635243952 3.1760522220283738 8.7413493725471216 7.8865365800447753 2059.439041439211
leaf_count=912 2099 2632 274 44 296 1530 148 104 28 46 8804 16 42 120 9175
internal_value=-0.000610007 -0.000202694 -7.11266e-05 -0.000948593 0.00239834 0.00016935 0.000419501 0.00617162 -0.000992169 0.00497014 0.000292352 -0.000966946 0.00118912 0.0107467 -0.00104278
internal_weight=4022.13 1891.7 1749.06 384.992 32.5518 1364.07 1129.52 22.4987 234.543 17.9035 1107.02 2130.42 67.8092 16.6279 2062.62
internal_count=26270 16005 13906 2972 340 10934 9330 252 1604 74 9078 10265 1074 162 9191
is_linear=0
shrinkage=0.0286577


Tree=197
num_leaves=16
num_cat=0
split_feature=33 18 37 17 17 38 23 9 9 18 33 19 20 27 27
split_gain=0.752531 0.642266 1.60053 0.595537 0.66705 0.76218 1.32075 0.532693 1.0698 1.96886 1.22671 0.803243 1.08163 0.507179 0.735103
threshold=0.081947990881926627 0.17524079693891007 1.0000000180025095e-35 1.3734181329216304 1.3451337565464474 9.5000000000000018 0.094126565746652083 0.19670106785942545 0.20072283129547136 -0.0029415820755073758 0.039394277505336313 0.0090087885085657921 0.008940561452871117 0.40735270160195503 0.43138071483213974
decision_type=10 10 2 10 10 2 8 8 8 10 8 8 10 10 10
left_child=1 7 -3 4 13 6 -6 11 9 10 -9 12 -1 -2 -15
right_child=3 2 -4 -5 5 -7 -8 8 -10 -11 -12 -13 -14 14 -16
leaf_value=-0.0003546517723555822 -1.0281801584041094e-05 0.00087268799434215975 -0.00057192248847252056 -0.00024348381861366556 0.002356620384507721 -0.00059976731289769155 -2.0958715214194941e-05 4.8586529855244965e-05 -3.0907408322964247e-05 -0.00036522353768987193 1.5878355336925905e-05 -0.00018515390446071798 0.00047741193408908512 0.0016509751252801494 0.00039762608527639173
leaf_weight=5.9723092210479063 608.34103453624994 4.5182989835739109 10.752402206882834 99.992763444781303 5.4984235567972037 4.7484354153275481 3.3117871582508096 6.5524018723517639 2749.2945192574989 24.946579121984541 9.015781192108987 364.22184481704608 2.7997594010084867 11.310321433469651 110.84999842010438
leaf_count=602 5252 16 56 952 92 38 18 36 14009 120 52 3689 8 116 1214
internal_value=-0.000622088 -0.000824525 0.00490112 0.000128362 0.000418608 0.00669657 0.0117196 -0.00085567 -0.000713801 0.00385509 0.0118199 -0.00188902 0.00630155 0.000286396 0.00197141
internal_weight=4022.13 3178.07 15.2707 844.053 744.06 13.5586 8.81021 3162.8 2789.81 40.5148 15.5682 372.994 8.77207 730.501 122.16
internal_count=26270 18588 72 7682 6730 148 110 18516 14217 208 88 4299 610 6582 1330
is_linear=0
shrinkage=0.0286577


Tree=198
num_leaves=16
num_cat=0
split_feature=33 18 36 26 17 19 22 26 19 11 26 7 11 12 11
split_gain=0.592944 0.775124 1.48465 0.730246 0.664697 0.72661 2.40356 0.800209 0.673419 0.873808 0.812901 0.486653 1.15529 0.581735 0.650406
threshold=0.053152755417407833 0.17524079693891007 1.0000000180025095e-35 0.28565082292513455 1.4367325968712794 0.14212326728712457 0.12503486195325461 0.51943064902612368 0.054885658283444778 0.3945412130719253 0.2908737873151766 0.20259681976050384 0.1831641550070138 0.023130117801021404 0.21716392356978975
decision_type=10 10 2 10 10 10 10 10 8 10 10 10 10 10 10
left_child=1 -1 -3 11 5 8 7 -7 9 -5 -10 -2 -13 14 -14
right_child=3 2 -4 4 -6 6 -8 -9 10 -11 -12 12 13 -15 -16
leaf_value=-3.0021674372504195e-05 -0.00039694546711654841 -0.00055553252915343176 0.00084767879989043225 3.4889181597687569e-05 -0.00017803056180835258 0.0013683864151071293 6.0777450955330957e-05 0.0024119483099921991 0.000676695413582312 0.00086724816710475304 -4.851269955032799e-05 0.00010486743746318343 0.0019790048540283957 -7.4813386871830121e-05 4.0663646658727292e-05
leaf_weight=2513.8220653941389 175.60134624037892 9.1591992583125812 4.5182989835739127 356.43915469385684 146.63493596110493 7.4885591566562679 45.852187106385827 9.2294422686099988 9.6297650774940831 50.600245554931462 426.36460783611983 3.1200756765902034 2.8889535050839177 256.08090075850487 4.6969225667417049
leaf_count=15076 1350 52 16 3056 1010 26 272 60 64 322 3012 50 24 1794 86
internal_value=-0.000593171 -0.000861467 0.00579092 -0.000132744 0.000270417 0.000568318 0.00355898 0.0127832 0.000333638 0.00117826 -0.000432274 -0.00111381 -0.000298704 -0.000547269 0.00702687
internal_weight=4022.13 2527.5 13.6775 1494.63 1052.24 905.604 62.5702 16.718 843.034 407.039 435.994 442.388 266.787 263.667 7.58588
internal_count=26270 15144 68 11126 7822 6812 358 86 6454 3378 3076 3304 1954 1904 110
is_linear=0
shrinkage=0.0286577


Tree=199
num_leaves=16
num_cat=0
split_feature=34 20 22 16 22 22 22 19 19 19 24 9 16 9 28
split_gain=0.635684 1.43275 1.79931 1.30384 0.594042 0.44587 0.434459 1.2355 1.87017 0.74467 0.584894 0.676675 0.4967 0.517123 1.40337
threshold=-0.013719353809777067 0.0068977768017373662 0.024478816009282745 0.85222381017833582 0.022485852990005401 0.045398833787987682 0.10340860413827326 0.11886072075466377 0.12338871774962402 0.14360094856525418 8.5000000000000018 0.34119029518440447 1.6023322599971761 0.60661704741696643 -0.0015999999999999623
decision_type=10 8 10 8 8 10 10 10 10 10 2 10 10 10 10
left_child=1 2 -1 -4 -3 -2 7 10 -9 -10 -7 -12 13 -8 -15
right_child=5 4 3 -5 -6 6 12 8 9 -11 11 -13 -14 14 -16
leaf_value=-8.4040852520663671e-05 -0.00013363964678488659 -0.00023370263627125126 2.7676237941177097e-06 9.9908785224389965e-05 -3.1351942605989107e-06 0.00020846141251140899 -0.00012756949342919826 0.0027141599438068988 -0.00033266528014335264 0.0023428275191904628 -0.00024646866280564328 1.2656500026044996e-05 0.0032145667671010306 -2.9161323483050148e-05 0.0014882685884996701
leaf_weight=17.548617291729901 628.61698543187231 148.76916573056951 5.8827225547283861 7.044565875083209 1958.4883771731984 125.67658382374793 257.85248144716024 9.4848073124885541 19.072244457900528 10.788639917969702 487.40256670117378 302.95913749933243 8.8208510875701887 25.010723903775215 8.7081898301839811
leaf_count=946 2254 1626 36 34 17533 1239 674 24 64 52 944 740 16 62 26
internal_value=-0.000565053 -0.000220669 0.00590892 0.0139213 -0.000314674 -0.000950379 -0.000625086 -0.000312959 0.00461883 0.000706488 -0.000536758 -0.00083315 -0.00158368 -0.00181261 0.00133713
internal_weight=4022.13 2137.73 30.4759 12.9273 2107.26 1884.39 1255.78 955.384 39.3457 29.8609 916.038 790.362 300.392 291.571 33.7189
internal_count=26270 20175 1016 70 19159 6095 3841 3063 140 116 2923 1684 778 762 88
is_linear=0
shrinkage=0.0286577


Tree=200
num_leaves=16
num_cat=0
split_feature=35 33 35 28 1 27 2 33 22 22 17 17 24 35 22
split_gain=0.741896 1.12803 1.64702 1.92241 0.955792 1.30353 0.855836 0.804311 0.717689 0.681146 0.594712 2.3936 1.42931 0.914941 1.41443
threshold=2.4993845846405938 0.023988680673588284 2.4046902140198423 0.018000000000000019 0.15550505050505053 0.2182724893877229 0.1560977410894332 0.053152755417407833 0.022485852990005401 0.017634892282106195 1.4367325968712794 1.4644184452395967 11.500000000000002 3.443138736678951 0.095887375542097017
decision_type=2 8 2 10 2 10 2 8 8 10 10 10 2 2 8
left_child=1 2 4 -4 5 6 -1 10 -9 -3 -2 12 -12 14 -13
right_child=7 9 3 -5 -6 -7 -8 8 -10 -11 11 13 -14 -15 -16
leaf_value=0.0021806224873982543 -5.7689200942462874e-05 0.0018025530748985027 -0.00047145880694970461 8.360142879963881e-05 -0.00012488722585196174 4.6468083367378545e-06 0.00038623406190758252 -0.0004058498412887604 2.091872002659155e-07 -3.2177728219600188e-05 -0.00020882956875569659 0.00073246583396376172 0.0031224448107114583 -5.3628306361728035e-05 -0.00029300223593817064
leaf_weight=3.0605536438524705 1800.206350886263 3.8117781006731084 5.7375715263187912 12.224021295085548 55.545505819842219 23.685812428593636 7.2443229416385293 140.56930859247223 1587.6968389113899 132.55648031551391 3.5033238669857365 33.038984911516309 5.6687660217285156 182.3276224527508 25.249418323859572
leaf_count=26 8524 184 56 30 272 156 48 1924 12996 827 58 132 8 937 92
internal_value=-0.000507177 0.0010089 0.00321731 0.0111691 0.00148675 0.00529098 0.0137802 -0.000607721 -0.000145527 -0.000661558 -0.000992463 0.000285974 0.0144894 -0.000227397 0.00283959
internal_weight=4022.13 243.866 107.498 17.9616 89.5362 33.9907 10.3049 3778.26 1728.27 136.368 2049.99 249.788 9.17209 240.616 58.2884
internal_count=26270 1599 588 86 502 230 74 24671 14920 1011 9751 1227 66 1161 224
is_linear=0
shrinkage=0.0286577


Tree=201
num_leaves=16
num_cat=0
split_feature=5 35 5 9 9 14 35 8 21 21 21 9 26 27 10
split_gain=0.61446 1.11028 1.09852 1.072 1.22609 1.49082 0.648425 3.08739 0.77738 0.975054 2.32625 1.31701 0.679397 1.01067 0.944406
threshold=0.1310107334837454 2.4993845846405938 0.027193074784645065 0.52082624989607662 0.35634985607402087 1.4487715394296292 6.9128743717114673 0.1971386450627132 0.016049613814811469 0.021990474448355991 0.021704570018260472 0.23663109389660025 0.59591045716128377 0.14266354515909416 0.11060523517731531
decision_type=8 2 10 8 10 10 2 8 8 8 8 10 8 10 8
left_child=1 2 -1 4 -4 -6 8 -8 -2 10 11 -10 14 -14 -11
right_child=6 -3 3 -5 5 -7 7 -9 9 12 -12 -13 13 -15 -16
leaf_value=-0.00033680681334392009 -0.00022485692496238192 -6.5838627668211028e-05 -0.00050943656976899267 6.4748793046952514e-06 0.0020662186840845849 0.0010053162863094308 0.00026949171425541324 -0.0011642488407015482 -1.9777566424744108e-05 5.3537541332787901e-05 4.8234557503009374e-05 0.00048562394550035945 -0.00016543231771120909 0.00013921373828165639 -4.8694507145525429e-05
leaf_weight=23.128791576251388 422.72057758364826 1038.3347887687851 3.9930091220885577 12.124129520729182 4.6993878223001948 8.0079985158517939 6.5298634087666896 14.837309267371891 122.23368337471038 18.615673708729446 8.2822323041036707 129.98897045198828 191.2972023957409 705.40483068302274 1311.9282115343958
leaf_count=252 2524 6679 72 69 32 34 38 100 1055 272 56 738 1345 4842 8162
internal_value=-0.000467709 -0.00105133 0.00297201 0.00674572 0.0114059 0.0157505 -0.000247213 0.00467376 -0.000287126 -8.97324e-05 0.00156252 0.00102213 -0.000287594 0.000314419 -0.000700778
internal_weight=4022.13 1090.29 51.9533 28.8245 16.7004 12.7074 2931.84 21.3672 2910.47 2487.75 260.505 252.223 2227.25 896.702 1330.54
internal_count=26270 7138 459 207 138 66 19132 138 18994 16470 1849 1793 14621 6187 8434
is_linear=0
shrinkage=0.0286577


Tree=202
num_leaves=16
num_cat=0
split_feature=5 16 16 20 12 5 12 12 19 26 16 16 30 27 33
split_gain=0.654513 0.676288 1.11639 0.91581 1.03823 0.940119 0.854715 0.585081 0.653365 1.23651 1.84889 1.0163 0.508229 0.607228 1.35965
threshold=0.12936162271494725 0.90277910901131786 0.84422471411202826 0.0048233728506814075 0.037001920672885609 0.13283481986242723 0.01301979894187714 0.0094245228593086705 0.041666666666666692 0.16746060617914166 0.95471034901650043 1.0410020224585141 18.990000000000006 0.10121446115735792 0.0083304902140927135
decision_type=8 8 10 10 10 10 10 8 10 10 10 10 8 8 8
left_child=12 2 -2 -4 6 -6 -5 -3 -9 10 -10 -11 13 14 -1
right_child=1 7 3 4 5 -7 -8 8 9 11 -12 -13 -14 -15 -16
leaf_value=0.0001273937655203642 -3.3283010050018082e-05 1.1595330102523073e-05 3.6007418120094486e-05 0.00064358044217203275 3.6229869018201449e-05 0.00033978120859729091 -0.00026880341251152474 -4.942467593044575e-05 0.00065939777184101009 -0.000109659615526811 -0.0012434808856060034 7.305916367173438e-06 -7.7859423138765686e-05 -5.393530932805274e-05 3.3590117965541776e-06
leaf_weight=6.6283647436648607 553.03563102148473 6.3266390929929903 4.0672820731997481 2.7676159422844639 2.6686679208651176 200.40821609180421 97.57757777813822 716.10114528471604 46.763853075448424 666.78542589303106 37.058644915465266 616.91793217416853 422.63931744149886 551.30192854022607 91.078418049495667
leaf_count=40 4192 38 22 36 22 1136 1021 5301 312 3374 246 3534 2375 3608 1013
internal_value=-0.000551903 -0.000326826 0.0003419 0.00173185 0.00150808 0.00269709 -0.000799889 -0.000606939 -0.000638187 -0.000261794 0.00308964 -0.0004889 -0.0011621 -0.00063511 0.0014026
internal_weight=4022.13 2950.48 860.525 307.489 303.422 203.077 100.345 2089.95 2083.63 1367.53 83.8225 1283.7 1071.65 649.009 97.7068
internal_count=26270 19234 6429 2237 2215 1158 1057 12805 12767 7466 558 6908 7036 4661 1053
is_linear=0
shrinkage=0.0286577


Tree=203
num_leaves=16
num_cat=0
split_feature=5 12 18 20 18 18 18 18 12 38 16 16 7 36 5
split_gain=0.533167 0.423095 1.13374 0.673622 0.769756 2.65063 0.732406 1.25911 0.606548 0.520322 0.648697 1.01568 1.69567 0.685206 0.546774
threshold=0.054123114303473781 0.045767747468455799 -0.096429477386842696 0.009522046518012724 -0.03270670524609564 -0.033338835699350637 0.0035698510518721309 -0.015823907204160544 0.034603751923378646 3.5000000000000004 0.92227742507185839 0.88030480926851606 0.40707609040074694 1.0000000180025095e-35 0.075530286064299054
decision_type=8 8 10 8 10 8 10 10 10 2 10 10 10 2 10
left_child=-1 2 -2 6 5 -5 7 -4 -6 -3 11 13 -13 -11 -12
right_child=1 9 3 4 8 -7 -8 -9 -10 10 14 12 -14 -15 -16
leaf_value=-9.8268446709021351e-05 0.0013412013053454952 -3.6063241885366483e-05 -0.00020215187645403865 2.652626415352882e-05 -5.7549050472202211e-05 0.0015728986622565921 -4.8008280449962676e-05 0.00047350625418340062 1.2763564975493734e-05 -7.6896830893145374e-05 0.00010544211222568737 0.00089122069427442134 0.0015900518661877956 0.00053558496057773929 -0.00012552509269329591
leaf_weight=383.532543546753 4.4187636617571107 1187.4483036156744 9.1765053477138263 196.60767063172534 703.50331368064508 9.1511289216577989 13.424611500464378 16.756232135929171 447.7499235314317 234.1919147381559 28.080053490586579 64.568061323836446 10.373018287122248 200.97488792100921 512.16972770402208
leaf_count=2970 46 4368 182 1400 6193 32 250 208 2951 1669 235 390 48 1331 3997
internal_value=-0.000541461 -0.000430495 -3.23864e-05 -8.64939e-05 -0.000200911 0.00140006 0.00358537 0.00645288 -0.000495914 -0.00067522 -0.000198847 0.000521692 0.00359783 0 -0.000897537
internal_weight=4022.13 3638.59 1400.79 1396.37 1357.01 205.759 39.3573 25.9327 1151.25 2237.81 1050.36 510.108 74.9411 435.167 540.25
internal_count=26270 23300 11262 11216 10576 1432 640 390 9144 12038 7670 3438 438 3000 4232
is_linear=0
shrinkage=0.0286577


Tree=204
num_leaves=16
num_cat=0
split_feature=27 12 18 5 5 21 23 12 8 10 18 12 33 27 27
split_gain=0.617635 0.817109 0.80179 0.704587 1.27959 0.991009 0.594821 1.18476 3.43521 1.38059 0.559795 1.01524 0.547857 0.529011 0.901159
threshold=0.017284763570693033 0.0094245228593086705 0.0094697054616705873 0.18739459127400698 0.18913844794914089 0.047946671753656377 0.04818901648665181 0.038980926017295199 0.33825763030213279 0.21856443695986175 0.17524079693891007 0.10176739511486828 0.056354732216304722 0.21647307469628216 0.20796590097864401
decision_type=10 8 10 8 8 10 10 10 10 10 10 10 10 10 10
left_child=-1 2 -2 6 5 -5 13 8 -8 -9 12 -12 -6 14 -3
right_child=1 3 -4 4 10 -7 7 9 -10 -11 11 -13 -14 -15 -16
leaf_value=-0.00015986729724625214 -0.00077996962041616325 -2.4564720941676967e-05 1.2912256124144382e-05 2.5766083536178128e-05 -2.6098291610671272e-05 0.0014441061109164372 3.2072499741221143e-05 0.00067530256232302248 0.0015278230696596177 -6.4831817227766961e-05 -0.001692457415004083 0.00081158411461113847 4.9849026177805085e-05 -0.00016740300253591722 0.00040413825097938036
leaf_weight=199.59071614244021 2.3557425988838068 403.63259058864787 3.2361430376768112 9.1554687477182615 1289.748704127036 7.1535573825240126 112.40632857149467 31.533636953216046 9.5078211575746518 505.65243483940139 6.7857924699783307 7.4995906539261341 726.67349092662334 695.62374321790412 11.57089862343855
leaf_count=1574 38 2617 20 142 7388 46 1184 280 48 2324 14 38 5678 4787 92
internal_value=-0.000519112 -0.000434595 0.0102221 -0.000453428 -8.59433e-05 0.00784161 -0.000872754 -0.000173023 0.00235495 -0.000766029 -0.000155391 0.00542837 -0.000200499 -0.00127885 -0.000436778
internal_weight=4022.13 3822.54 5.59189 3816.94 2047.02 16.309 1769.93 659.1 121.914 537.186 2030.71 14.2854 2016.42 1110.83 415.203
internal_count=26270 24696 58 24638 13306 188 11332 3836 1232 2604 13118 52 13066 7496 2709
is_linear=0
shrinkage=0.0286577


Tree=205
num_leaves=16
num_cat=0
split_feature=5 33 24 16 16 21 7 12 30 5 5 20 5 5 16
split_gain=0.562542 0.456752 0.648593 0.49681 0.709325 1.99476 1.50666 0.898729 0.56297 1.23325 0.604897 0.377931 0.859024 0.362799 0.345145
threshold=0.054123114303473781 0.0083304902140927135 10.500000000000002 1.3352655683632342 1.0762008315511578 0.0065689572546463485 0.19705860881999207 0.10176739511486828 22.330000000000002 0.40850824085737752 0.1604549402259586 0.063480291357636873 0.097503570279467267 0.062708346793977174 1.6023322599971761
decision_type=8 8 2 10 10 8 10 10 10 8 10 10 10 10 10
left_child=-1 2 11 4 8 6 -6 -7 10 -10 -3 -2 -13 -5 -15
right_child=1 3 -4 13 5 7 -8 -9 9 -11 -12 12 -14 14 -16
leaf_value=-9.3594375056416505e-05 -0.00026205655976975782 -5.7263002667117135e-05 -0.00018954703057402341 0.0016009832231387282 -0.0005262664581724511 2.6212105450054608e-06 0.00046064064107185257 0.00037274799186889625 0.00032411911791751212 -0.00032460850014486958 -3.7839283793991241e-06 0.00056977292186835451 2.2705457538918723e-05 -0.00038597206340466156 0.0030017888718890649
leaf_weight=383.532543546753 245.88813897222281 623.74855810054578 344.44152367115021 1.3114978680387128 4.8228612001985303 605.91684005921707 10.864781918935476 56.678038680925965 9.310854032635687 9.8747090548276919 1449.6608490741346 9.6548763364553434 120.83270361553878 124.04915859596804 21.53872531093657
leaf_count=2970 2860 3824 474 40 28 2789 64 152 32 26 9867 74 1266 490 1314
internal_value=-0.00051424 -0.000400462 -0.00105041 -0.000236415 -0.000146333 0.000653254 0.0107033 0.000396667 -0.000410307 0.0043991 -0.000460092 -0.000198089 0.00101248 -0.00186503 -0.0020665
internal_weight=4022.13 3638.59 720.817 2917.78 2770.88 678.283 15.6876 662.595 2092.59 19.1856 2073.41 376.376 130.488 146.899 145.588
internal_count=26270 23300 4674 18626 16782 3033 92 2941 13749 58 13691 4200 1340 1844 1804
is_linear=0
shrinkage=0.0286577


Tree=206
num_leaves=16
num_cat=0
split_feature=22 20 28 27 17 27 34 17 19 20 19 27 33 20 14
split_gain=0.588035 2.05885 0.571305 0.558811 0.450505 0.652092 1.75217 0.653944 0.327214 1.54096 0.272646 0.771342 0.244617 0.191257 0.235744
threshold=0.022914928773847248 0.0048233728506814075 -0.14084999999999995 0.017284763570693033 0.70726879541168641 0.020076257625222447 -0.019181893828180027 0.74861455504302143 0.0090087885085657921 0.008940561452871117 0.083505725585971025 0.86640354963995236 0.17358183095752591 0.026760487447416884 1.6693157658881577
decision_type=8 8 8 10 8 10 10 8 10 8 10 10 10 10 10
left_child=2 -2 -1 -3 10 6 -6 -7 9 -4 12 -12 -5 -10 -15
right_child=1 3 8 4 5 7 -8 -9 13 -11 11 -13 -14 14 -16
leaf_value=0.0045455130642163789 7.6700887992671427e-05 -0.00015593656009524573 -0.0002957677907623491 -0.00032183324169746396 -0.00034186598552424935 4.2756527513991515e-05 0.00049760447941589328 -1.1941237345803567e-05 -0.00031531334178500851 0.00044743975892425471 -4.9231416845653396e-05 0.00092616129594688234 0.00048144301136778488 -2.3305141701988899e-05 2.3103611254410452e-05
leaf_weight=2.1603100020438433 8.9182805698364955 191.58712555957027 30.149219700135291 271.13381919963285 8.6488248344976437 109.64127954887226 4.4958598017692557 3010.5579510245007 252.56739441957325 2.7997594010084859 86.713841359596699 10.400485988706349 11.483165152370928 12.29572136886418 8.5736221075057966
leaf_count=120 40 1363 918 1747 70 750 12 18479 1981 8 538 72 58 54 60
internal_value=-0.000510202 -0.000406742 -0.00172196 -0.000442844 -0.000357107 -0.000240172 0.00604275 -0.000270273 -0.00185768 0.000609824 -0.00129506 0 -0.0017449 -0.00219165 9.05302e-06
internal_weight=4022.13 3713.58 308.546 3704.66 3513.08 3133.34 13.1447 3120.2 306.386 32.949 379.731 97.1143 282.617 273.437 20.8693
internal_count=26270 23129 3141 23089 21726 19311 82 19229 3021 926 2415 610 1805 2095 114
is_linear=0
shrinkage=0.0286577


Tree=207
num_leaves=16
num_cat=0
split_feature=26 26 37 25 22 30 17 26 20 24 2 22 22 8 18
split_gain=0.722555 1.34631 1.17153 2.27021 2.08385 1.45721 1.3288 0.800701 0.565374 1.10543 0.519131 1.03236 2.14912 0.672707 0.452763
threshold=0.43002484893211984 0.46477957081496768 1.0000000180025095e-35 0.60519332295107409 0.037190233657984129 16.955000000000002 1.7935993896936604 0.4618652283953138 0.051567393823603098 10.500000000000002 0.1406106651658143 0.10032622235656806 0.099124972341941023 0.81339395314152785 0.10389740633013912
decision_type=10 10 2 10 8 8 10 8 10 2 2 10 10 8 10
left_child=-1 2 3 4 -2 -6 -4 -5 9 -3 14 12 -12 -13 -10
right_child=1 8 6 7 5 -7 -8 -9 10 -11 11 13 -14 -15 -16
leaf_value=-4.348808330269886e-05 -0.0001841270662403589 1.9967581357206445e-05 -2.5372264240401397e-05 -0.00010241416101497738 -0.00010449461073175085 0.00069937113065613832 1.1498081988771511e-05 0.00037514543382886418 -4.9231143371204398e-05 -0.00013839842980372581 7.4083141701928053e-05 -3.3309074826121098e-05 0.0013037806225313499 0.0013196418503421765 0.00072799558537860751
leaf_weight=2061.8709448860027 14.605438129045067 339.46904139895923 75.489602433051914 40.473351727239788 5.0593903772532931 29.555399411357939 3.3108138265088192 5.5373917296528807 381.14465977111831 321.60480528883636 349.19523311359808 339.33784403000027 16.677853765431792 31.679238652810454 7.115651497617363
leaf_count=12753 157 5380 530 230 32 135 30 30 2891 547 1763 1535 86 124 47
internal_value=-0.000493445 -9.37744e-05 0.00230345 0.0044433 0.00870728 0.0125185 -0.000162 0 -0.000333174 -0.000998933 4.9266e-05 0.000504333 0.00159104 -0.000540809 -0.000788581
internal_weight=4022.13 1960.26 174.031 95.231 49.2202 34.6148 78.8004 46.0107 1786.22 661.074 1125.15 736.89 365.873 371.017 388.26
internal_count=26270 13517 1144 584 324 167 560 260 12373 5927 6446 3508 1849 1659 2938
is_linear=0
shrinkage=0.0286577


Tree=208
num_leaves=16
num_cat=0
split_feature=34 26 26 24 5 5 24 34 17 19 5 5 0 0 26
split_gain=0.557888 1.10239 1.49175 2.14893 0.630527 1.28846 2.13715 0.827482 0.899147 0.740062 0.579786 1.04855 1.14317 0.593869 0.729561
threshold=0.017934989979495611 0.19804467172124296 0.20594732578974498 11.500000000000002 0.18739459127400698 0.18913844794914089 10.500000000000002 0.013627942990790289 0.84092860279192883 0.0077518137815401492 0.14002922998774484 0.14202062172251473 0.60872500000000007 0.48052500000000009 0.5157430650376934
decision_type=8 10 10 2 8 8 2 10 10 8 10 10 2 2 8
left_child=1 -1 3 -3 7 6 -6 8 -4 -7 -2 12 -12 14 -13
right_child=10 2 4 -5 5 9 -8 -9 -10 -11 11 13 -14 -15 -16
leaf_value=-0.00024242587060879141 -6.1979689328139272e-05 0.00010969462297797271 4.1345673263163037e-06 0.00030031737194508929 -3.9029787383956506e-05 0.00013720987737058738 0.0013545636891475307 0.00031304978147906807 -0.00010150003987035385 3.8157613494041696e-06 -1.4009745131544558e-05 -2.1065395748416228e-05 0.00079142906917367857 -2.9754069242867215e-05 0.0001166432751718018
leaf_weight=442.12628441862762 359.99762942874804 15.771810671314599 349.60483844298869 5.3332567214965811 8.4294699626043457 2.7471037106588474 7.7449953556060782 7.8281825780868521 767.38054192997515 1358.8312313356437 12.497626204043629 134.89350694324821 8.8657931536436063 423.5433060512878 116.53108313051052
leaf_count=2865 2688 120 2153 8 134 48 14 20 4884 9224 70 1228 16 1960 838
internal_value=-0.000504059 -0.000297926 -6.25037e-05 0.0074754 -0.00013073 0.000275238 0.00827208 -0.000636793 -0.000710889 0.000171554 -0.0010732 -0.000570035 0.00559101 -0.000781615 0.000288885
internal_weight=4022.13 2965.8 2523.67 21.1051 2502.57 1377.75 16.1745 1124.81 1116.99 1361.58 1056.33 696.331 21.3634 674.968 251.425
internal_count=26270 19470 16605 128 16477 9420 148 7057 7037 9272 6800 4112 86 4026 2066
is_linear=0
shrinkage=0.0286577


Tree=209
num_leaves=16
num_cat=0
split_feature=26 26 17 24 38 12 30 26 19 17 19 22 11 11 11
split_gain=0.685339 1.17525 1.56275 1.1552 0.848523 0.732798 0.606088 1.11956 0.558905 0.941519 1.24391 0.753763 0.514365 2.40144 0.774002
threshold=0.19804467172124296 0.20594732578974498 0.98015253996714569 11.500000000000002 4.5000000000000009 0.0094245228593086705 18.990000000000006 0.617357498743484 0.041973871328985592 1.4470900111380993 0.060839483983698601 0.036060104581503744 0.42806019537181589 0.42593169331861686 0.3945412130719253
decision_type=10 10 10 2 2 8 8 10 8 10 8 8 10 10 8
left_child=8 2 -2 -4 5 -3 7 -7 -1 11 -11 -10 13 14 -6
right_child=1 4 3 -5 12 6 -8 -9 9 10 -12 -13 -14 -15 -16
leaf_value=-0.00012309165891507406 -0.00080885178499389755 1.3937090861814807e-05 0.00048819843362640401 0.00029171097928138779 1.286321220862397e-06 -3.689437429413982e-05 -3.4549118682238832e-05 0.00041937470401128636 0.0015861266379663809 0.0036742110787278226 -4.4936836217188468e-05 -6.4087990136068958e-05 -0.00012173939770614443 0.001058857388362431 0.00074507231104217579
leaf_weight=421.19408597657457 11.720861254259946 5.5903679355978957 8.3753467057831568 5.3332567214965811 1125.3414029614069 683.41255351249129 844.16029069665819 215.53320119576529 10.64486752450466 6.2317806603386972 6.4999112468212852 216.26745388866402 365.65584129234776 8.9624018752947432 87.203036590479314
leaf_count=2476 104 12 82 8 10128 3145 3286 1868 48 52 72 1937 2378 42 632
internal_value=-0.000510726 -0.000340845 0.00574445 0.0123129 -0.000390609 -0.000826538 -0.000865548 -0.000333008 -0.00135933 -0.000207129 0.00724211 -0.000675812 8.34657e-05 0.000371432 0.00025241
internal_weight=4022.13 3361.29 25.4295 13.7086 3335.86 1748.7 1743.11 898.946 660.838 239.644 12.7317 226.912 1587.16 1221.51 1212.54
internal_count=26270 21685 194 90 21491 8311 8299 5013 4585 2109 124 1985 13180 10802 10760
is_linear=0
shrinkage=0.0286577


Tree=210
num_leaves=16
num_cat=0
split_feature=34 28 23 10 10 2 15 10 10 5 23 36 10 30 22
split_gain=0.589818 0.758854 0.55718 1.28025 1.25033 1.18572 1.15828 0.835368 2.01 1.95184 0.658831 0.544403 1.32787 0.582583 0.462987
threshold=-0.013252614868770605 -0.038999999999999972 0.037151595777247033 0.25171424196477238 0.24304291040049766 0.15209720999087697 1.5621729567899167 0.34513776548806246 0.35381009652843304 0.17051249577845332 0.037777518662347416 1.0000000180025095e-35 0.097133780482052345 16.120000000000005 0.038083183395733362
decision_type=8 10 10 8 10 2 10 8 8 8 10 2 10 10 10
left_child=1 -1 -2 4 11 6 -6 -5 9 -9 -10 13 -13 -4 -3
right_child=2 14 3 7 5 -7 -8 8 10 -11 -12 12 -14 -15 -16
leaf_value=-0.00054737173809309733 -9.7890071069609873e-05 1.5518214163940196e-05 2.7859012155333464e-05 -0.00025889806222540747 2.6564221435312854e-05 -1.5687932848915156e-06 4.8482854332298463e-05 0.00028272647998174442 0.00053921891227550031 0.0010285130150080499 -1.3828001385817082e-05 2.3082668337792085e-05 8.8397726368844102e-05 -0.00028360061695574914 -1.491740263318668e-05
leaf_weight=253.00789250526577 775.15272962045856 422.17207898292691 9.8298834189772588 336.27366019552574 5.3809300512075451 7.3714953437447539 8.0416264077648503 7.4238932756707072 18.673581976443529 10.676141649484636 762.923008792568 3.1179765225388101 120.23189274640754 103.65773053560406 1178.1921380138956
leaf_count=2115 4978 4236 168 1244 28 24 34 26 50 54 2731 54 662 496 9370
internal_value=-0.000524727 -0.000142805 -0.000846471 -0.000492935 0.00131445 0.00805757 0.0130886 -0.000911783 -0.00039224 0.00895361 -0.000623965 0.000673193 0.00201088 -0.000694326 8.19326e-05
internal_weight=4022.13 1853.37 2168.75 1393.6 257.632 20.7941 13.4226 1135.97 799.697 18.1 781.597 236.837 123.35 113.488 1600.36
internal_count=26270 15721 10549 5571 1466 86 62 4105 2861 80 2781 1380 716 664 13606
is_linear=0
shrinkage=0.0286577


Tree=211
num_leaves=16
num_cat=0
split_feature=38 11 5 5 11 11 5 11 23 16 15 20 6 20 22
split_gain=0.700171 0.663193 1.05809 1.42138 1.00968 3.28383 0.879258 1.23543 2.95927 1.97055 0.707773 0.538582 0.555946 0.509836 0.455508
threshold=4.5000000000000009 0.24420009689048808 0.14092110782241887 0.14202062172251473 0.30067295068513483 0.31796234900601966 0.22940297161042253 0.23418486418264037 0.056092817741937785 0.91994667267203056 0.9893201625965401 0.0048233728506814075 1.4173302327977837 0.0048233728506814075 0.022485852990005401
decision_type=2 8 10 10 10 10 8 10 10 10 10 8 10 8 10
left_child=1 6 -3 -4 13 -6 7 10 9 -9 -1 12 -8 -5 -2
right_child=14 2 3 4 5 -7 11 8 -10 -11 -12 -13 -14 -15 -16
leaf_value=2.4658351185069079e-05 -0.00028036832106731431 -8.2507319052948586e-05 0.0007701349402256506 5.5320904018960746e-06 0.00072552418574651633 -3.3162743699839103e-05 -0.0009934544764096569 0.00028290650999805153 0.0016324447680038242 -3.3319148781903136e-05 -7.9378516437702154e-06 -6.0377601559693119e-05 3.8996406316458461e-06 -8.7354978095587952e-05 1.8810548250656927e-06
leaf_weight=9.1917057596147043 142.64443377032876 550.76958990376443 12.499725371599196 7.2786108609288922 63.730001512914896 567.05869613215327 4.835572397336362 9.9364477507770044 6.4944446831941596 30.403590048663318 251.05427874112502 170.20508060464635 4.1381512880325317 442.82837901986204 1749.0579521935433
leaf_count=34 2099 2255 44 26 238 1926 48 38 24 90 1966 1095 6 2475 13906
internal_value=-0.000490606 -0.000847402 -0.00112271 -0.000593886 -0.000714385 9.96951e-06 6.31075e-05 0.00101325 0.00529525 0.00207583 0.000200454 -0.001509 0.00495694 -0.0017511 -8.34688e-05
internal_weight=4022.13 2130.42 1644.17 1093.4 1080.9 630.789 486.259 307.08 46.8345 40.34 260.246 179.179 8.97372 450.107 1891.7
internal_count=26270 10265 6964 4709 4665 2164 3301 2152 152 128 2000 1149 54 2501 16005
is_linear=0
shrinkage=0.0286577


Tree=212
num_leaves=16
num_cat=0
split_feature=38 10 19 18 7 8 26 25 19 26 26 14 28 25 18
split_gain=0.885351 0.716547 1.74317 2.8552 2.80373 2.52964 0.935089 1.36548 2.38566 1.03375 0.724792 1.16667 0.635249 1.06789 0.564565
threshold=4.5000000000000009 0.18416168038366601 0.030664216768416065 0.0073931876210288081 0.17079703008392291 0.2057424545456755 0.11564756659324311 0.42272000223778783 0.061228354309398263 0.5105681331648585 0.5157430650376934 1.3834989028062354 -0.11539999999999996 0.82757136020000055 0.17524079693891007
decision_type=2 8 8 10 10 10 8 8 10 8 8 10 10 8 10
left_child=1 2 3 4 -1 -6 7 -3 -9 12 11 -11 13 -8 -12
right_child=-2 6 -4 -5 5 -7 9 8 -10 10 14 -13 -14 -15 -16
leaf_value=-1.5055634225158164e-08 -4.6561740767015101e-06 -1.7503302838685165e-06 -0.0006650985262654348 -3.8914444451436382e-05 0.00043388593205842568 0.00011815948173486767 -0.00010989828473031991 0.0015194354225862797 -0.0028015128581306285 -0.00068704346311636798 -2.6699718306292318e-05 0.0010789713214067991 -8.5211031422414483e-05 1.3736878707894577e-05 0.00076508208509295009
leaf_weight=13.130548601038752 1891.7023859638721 13.568756991997363 116.57105364464223 50.682573942001909 14.753251074347647 12.977682091295717 18.717636745423082 8.0195297936443222 6.6166573297232381 6.6543407291173917 985.73555499105714 6.803604893386364 864.63991141552106 4.9883068383205673 6.5648649930953971
leaf_count=180 16005 64 1096 304 92 42 98 172 34 26 4539 20 3548 36 14
internal_value=-0.000540111 -0.000941197 0.000625185 0.00361456 0.00924886 0.0144091 -0.00111601 0.00396292 0.0100909 -0.00119737 -0.000553958 0.00592476 -0.00191428 0.00251236 -0.000653203
internal_weight=4022.13 2130.42 208.115 91.5441 40.8615 27.7309 1922.31 28.2049 14.6362 1894.1 1005.76 13.4579 888.346 23.7059 992.3
internal_count=26270 10265 1714 618 314 134 8551 270 206 8281 4599 46 3682 134 4553
is_linear=0
shrinkage=0.0286577


Tree=213
num_leaves=16
num_cat=0
split_feature=38 5 33 20 12 19 5 19 5 19 31 27 34 12 5
split_gain=0.947141 0.899544 0.756428 0.961266 0.607032 0.648337 0.49269 1.43195 0.913701 0.427934 0.499649 0.841372 1.2248 0.731866 0.510504
threshold=4.5000000000000009 0.11707208124841971 0.0084310171567717491 0.22151002963964506 0.0094245228593086705 0.02908165592616457 0.37666936509992938 0.049246657461392555 0.43559766071068096 0.026912688711195145 3.5049999999999994 0.21370809494493889 0.012095367261816816 0.096394767211923346 0.079899413614755319
decision_type=2 10 8 10 8 8 10 10 8 10 8 10 10 10 10
left_child=1 -1 6 4 -4 -6 -3 -8 -9 -2 14 12 13 -12 -11
right_child=9 2 3 -5 5 -7 7 8 -10 10 11 -13 -14 -15 -16
leaf_value=-5.4848857786952167e-05 -0.00023864079415107501 -0.00013691851027711961 1.7685663790034875e-05 0.0013058385647418255 -2.6792144129676086e-05 -2.8336113023366342e-06 -0.00060518504078092567 0.0010480505298296888 5.150710210374435e-05 8.4373064815756346e-05 2.8946058664397251e-05 2.0253784704331754e-05 0.00093445316645551259 0.00096992089606569114 -2.5377381913382156e-05
leaf_weight=556.43633120553568 308.47028707293794 348.23590837419033 5.8629603753797701 12.427907365374265 205.87519960012287 923.20105889509432 56.345776379108429 7.4150859117507935 14.624045968055727 145.79262022580951 41.063676733523607 139.88558409130201 21.817128479480743 2.2108270255848756 1232.4622623352334
leaf_count=2762 3256 1173 26 32 950 5042 214 16 50 1138 922 1478 74 60 9077
internal_value=-0.000555574 -0.000970389 -0.000610888 -0.000217645 -0.000313602 -0.000370667 -0.00164448 0.000298788 0.00656125 -8.30889e-05 0.000101487 0.00142371 0.00411415 0.00104516 -8.81393e-05
internal_weight=4022.13 2130.42 1573.99 1147.37 1134.94 1129.08 426.621 78.3849 22.0391 1891.7 1583.23 204.977 65.0916 43.2745 1378.25
internal_count=26270 10265 7503 6050 6018 5992 1453 280 66 16005 12749 2534 1056 982 10215
is_linear=0
shrinkage=0.0286577


Tree=214
num_leaves=16
num_cat=0
split_feature=33 26 18 26 27 27 24 27 26 19 18 18 31 21 19
split_gain=0.756296 0.667264 0.806044 1.36934 0.782043 1.23939 2.97033 0.758343 0.651533 1.15359 0.732691 1.77396 0.627926 1.15418 0.599773
threshold=0.081947990881926627 0.43002484893211984 0.17524079693891007 0.7278272969850893 0.58331236369736639 0.56820496127136766 11.500000000000002 0.13626553902259006 0.33664978908341747 0.022775454147530853 0.042299239721030564 0.041093345644249941 -7.8599999999999994 0.071666835329094306 0.13128549804076453
decision_type=10 8 10 10 8 10 2 10 10 8 10 8 8 10 10
left_child=1 -1 4 -4 5 7 -7 -3 14 -10 11 -11 13 -6 -2
right_child=8 2 3 -5 12 6 -8 -9 9 10 -12 -13 -14 -15 -16
leaf_value=-5.8082432494724222e-05 -0.00014963609484462209 -5.3046811188909244e-05 0.00074323782869758993 -0.0005813358389670357 -0.0004218184250171131 -0.00035460300905644293 1.0988517499139707e-05 1.5404943940519548e-06 0.00041322085154311283 0.00013261791267609382 -0.00086951236488595578 0.0015938280129100698 -5.3277017955601e-05 0.010557730908410617 0.0011387453057567353
leaf_weight=1261.6117531515192 361.1833815658465 384.49639946687967 5.9063877053558809 6.2982449345290661 7.0876935366541129 16.651810731738806 8.7503092288970965 1044.7968291044235 28.616820774972439 374.37452742923051 62.18055097386241 4.4272886570543042 437.72119405400008 4.7532741595059633 13.270194564014671
leaf_count=6988 3186 2240 34 24 43 90 12 6509 432 3344 566 48 2626 22 106
internal_value=-0.000548126 -0.000751315 -0.000406631 0.00681634 -0.000458967 -0.000128528 0.00610256 -0.000247196 0.00020514 0.000924917 0.000536777 0.00102852 -0.00150546 0.00473311 -0.000670972
internal_weight=4022.13 3178.07 1916.46 12.2046 1904.26 1454.7 25.4021 1429.29 844.053 469.599 440.982 378.802 449.562 11.841 374.454
internal_count=26270 18588 11600 58 11542 8851 102 8749 7682 4390 3958 3392 2691 65 3292
is_linear=0
shrinkage=0.0286577


Tree=215
num_leaves=16
num_cat=0
split_feature=24 5 5 30 16 26 30 8 8 31 5 5 21 16 31
split_gain=0.543312 0.556749 0.738518 1.71387 1.34972 1.15656 0.635313 0.520423 1.02722 4.96826 1.06029 2.02582 1.02829 0.92596 0.505213
threshold=10.500000000000002 0.20583721794596524 0.21743815324853297 17.195000000000004 0.92905086149715699 0.38802668648061539 17.150000000000002 0.23374946178425376 0.23851510372243842 2.3450000000000002 0.33681966601873398 0.37153190003102904 0.033554824410065319 0.99758168742104825 0.6950000000000004
decision_type=2 8 8 8 10 10 10 10 10 10 8 8 10 10 10
left_child=1 -1 3 4 5 -3 -6 -2 9 -9 14 12 -12 -13 -10
right_child=7 2 -4 -5 6 -7 -8 8 10 -11 11 13 -14 -15 -16
leaf_value=-8.9590569653449602e-05 -5.1526613793427076e-05 -0.0012138800566712541 6.2581641719017998e-06 -1.5744419544700468e-05 -0.00064442147004799071 0.00063177797290824879 0.00079088315281190607 -6.9200666914385141e-05 3.8608299556345783e-06 0.0058955903535657184 0.0014776376724255835 0.0004371564951171965 0.00027851880075946281 -0.00023083353219729394 -2.9839226464131658e-05
leaf_weight=812.02969340514392 855.08540421165526 2.3088548062369254 854.13768703117967 39.334674997022375 10.564661349169908 9.4815628835931403 1.6304919803515066 41.899821162223816 255.42580688558519 14.501374363899229 13.266660690307615 58.586665125563741 22.759142994880676 113.02520106546581 918.08895708620548
leaf_count=11650 1515 72 9691 460 238 106 8 78 609 28 20 110 42 225 1418
internal_value=-0.000553064 -0.000162381 0.000313821 0.00329847 0.00930831 0.01625 0.00161967 -0.000843395 -0.000499461 0.00325419 -0.000660468 0.00120466 0.00736226 -3.81535e-05 -0.00099913
internal_weight=4022.13 1729.49 917.458 63.3202 23.9856 11.7904 12.1952 2292.64 1437.55 56.4012 1381.15 207.638 36.0258 171.612 1173.51
internal_count=26270 22225 10575 884 424 178 246 4045 2530 106 2424 397 62 335 2027
is_linear=0
shrinkage=0.0286577


Tree=216
num_leaves=16
num_cat=0
split_feature=38 35 35 27 26 5 18 18 26 23 21 22 25 15 9
split_gain=0.79794 0.848759 1.18182 1.96529 0.674242 0.921165 1.00595 1.90553 1.09111 0.624905 1.26282 0.549494 1.15889 1.05809 0.528544
threshold=4.5000000000000009 2.4993845846405938 2.4397345510890074 0.57602241019910749 0.43002484893211984 0.16833912983122623 0.058073942495931903 0.061741768472444176 0.44051109272896755 0.010529252125584978 0.0060034131490725477 0.10698632186491468 0.70881872054643147 3.2400417065201936 0.48989106460449533
decision_type=2 2 2 10 8 10 8 8 8 10 8 10 8 8 8
left_child=1 2 11 -4 9 -6 8 -8 -7 10 -3 12 -1 -14 -2
right_child=14 4 3 -5 5 6 7 -9 -10 -11 -12 -13 13 -15 -16
leaf_value=7.3460437260372475e-06 -2.0568566379804873e-05 0.00043130983349171472 -0.00037593235228123841 1.6986930632923805e-05 -4.2994921212578993e-05 5.5511538946463586e-05 0.001269227264595318 4.7670536009337843e-06 -4.7235482998704553e-05 -0.00010264154353475225 -1.1872029154548727e-05 -0.0014430664185221636 0.0017412068002753687 -5.7665167682041773e-08 0.00024521856582888766
leaf_weight=51.568782638758421 1744.4183559031226 2.968037664890292 7.3694108189083618 6.6046657934784889 458.78137251385488 11.06224427372217 9.7769306078553182 187.60125109250657 533.37927308259532 779.00912900175899 17.966537670930848 53.519435189198703 7.2533372249454233 3.5638665012083957 147.2840300607495
leaf_count=198 14881 16 38 38 2275 46 24 940 2667 2632 1132 161 34 64 1124
internal_value=-0.000588309 -0.000969538 0.00123774 0.00905888 -0.00111794 -0.000674789 -3.6648e-05 0.00170054 -0.000685164 -0.00177022 0.00290982 0.000193042 0.00209328 0.0105336 -0.000153644
internal_weight=4022.13 2130.42 129.879 13.9741 2000.54 1200.6 741.82 197.378 544.442 799.944 20.9346 115.905 62.386 10.8172 1891.7
internal_count=26270 10265 533 76 9732 5952 3677 964 2713 3780 1148 457 296 98 16005
is_linear=0
shrinkage=0.0286577


Tree=217
num_leaves=16
num_cat=0
split_feature=35 9 26 38 23 23 23 10 10 30 26 35 10 30 31
split_gain=0.775982 2.96593 0.727423 0.640007 0.703938 0.969483 0.545639 1.19866 0.884714 0.645719 0.69255 0.543556 0.874921 0.520651 0.469525
threshold=6.9128743717114673 0.19984150450024588 0.43002484893211984 4.5000000000000009 0.010529252125584978 0.0099430674105593381 0.045181410473082557 0.26153007514367271 0.26069709918352812 14.920000000000002 0.38802668648061539 2.6585092034639635 0.32964982931489056 23.470000000000002 2.7750000000000008
decision_type=2 8 8 2 10 10 10 10 10 10 10 2 8 10 10
left_child=2 -2 3 4 5 -1 9 8 -8 10 -5 12 -6 -4 -9
right_child=1 -3 13 6 11 -7 7 14 -10 -11 -12 -13 -14 -15 -16
leaf_value=3.2916281422184094e-05 0.0002798623265036952 -1.1861452375164001e-05 -8.7555514096996277e-07 0.00015291570145375085 0.00019506844930728247 0.00041894950360901978 0.00049031857384464715 -0.00036302839773795639 0.0057704087204527403 -0.00018621254303269132 0.00060489643788319775 -0.00012011123640432937 -9.8598517943196585e-05 -0.00030994856556922177 1.9813420845895196e-05
leaf_weight=18.179622051771734 6.5301860528998104 21.776445554336533 1987.8806935530156 12.309922322630884 25.555942046456039 3.2519656457006922 139.85212239250541 202.99874457484111 4.07998371310532 500.20671882899478 5.6009171828627577 744.39466303866357 36.59771329537034 277.31187000870705 35.599149776622653
leaf_count=1182 42 128 13714 1090 140 16 1316 1332 18 2826 168 2528 120 1416 234
internal_value=-0.000538027 0.00412889 -0.000573832 -0.00101824 -0.00159845 0.003348 -0.000473518 0.000327465 0.00240972 -0.00108398 0.00409995 -0.00174314 0.000714421 -0.000230231 -0.000888062
internal_weight=4022.13 28.3066 3993.82 1728.63 827.98 21.4316 900.648 382.53 143.932 518.118 17.9108 806.548 62.1537 2265.19 238.598
internal_count=26270 170 26100 10970 3986 1198 6984 2900 1334 4084 1258 2788 260 15130 1566
is_linear=0
shrinkage=0.0286577


Tree=218
num_leaves=16
num_cat=0
split_feature=34 22 19 25 27 21 0 2 22 19 22 27 23 0 11
split_gain=0.546486 0.526336 0.638847 0.774666 1.38931 0.541496 0.72742 0.481993 0.515826 1.93305 0.853328 0.560727 0.622805 0.494108 0.699868
threshold=-0.013719353809777067 0.022485852990005401 0.01685856234150929 0.18063817869128296 0.16159275811302068 0.024488082090660186 0.36165000000000008 0.17867553865706032 0.046704728785363601 0.048621623353064615 0.066693702461365287 0.11504809417231897 0.16615995781093093 0.85435000000000005 0.39856163151351515
decision_type=10 8 8 10 10 8 2 2 10 10 10 10 10 2 10
left_child=1 5 3 4 -3 -1 -7 13 -9 10 -10 -11 -13 -2 -15
right_child=7 2 -4 -5 -6 6 -8 8 9 11 -12 12 -14 14 -16
leaf_value=-0.00050715964822448296 -7.644486112313794e-05 2.6498595502940138e-05 -5.803014967537505e-06 -4.485537908845246e-07 3.6502618239148837e-05 -1.2475108147802874e-05 0.00015386982296415825 -0.00012525952730119334 0.00066297979755894593 -5.3817915140991202e-05 0.003279320070555195 -6.7220884181849311e-08 0.0011601395903523394 -0.00013080502128295677 0.0017625571785429696
leaf_weight=149.04483323171735 1227.5301053822041 6.9702301193028715 1941.1299418981653 15.290162809193133 10.290220156311987 8.8428414841182512 6.1652189265005282 125.80305519141257 18.007674209773544 93.692997416481376 11.702692933380602 353.42870458029211 20.859965598210692 18.998500175774097 14.369515925645826
leaf_count=1606 4153 18 17471 74 64 446 496 474 66 202 36 1012 44 48 60
internal_value=-0.000521128 -0.000201397 -6.64126e-05 0.0038907 0.0080442 -0.0017624 0.00311938 -0.000878494 -0.000207129 0.000189447 0.0072601 -0.000241517 0.000231166 -0.00120248 0.00211704
internal_weight=4022.13 2137.73 1973.68 32.5506 17.2605 164.053 15.0081 1884.39 623.495 497.692 29.7104 467.982 374.289 1260.9 33.368
internal_count=26270 20175 17627 156 82 2548 942 6095 1834 1360 102 1258 1056 4261 108
is_linear=0
shrinkage=0.0286577


Tree=219
num_leaves=16
num_cat=0
split_feature=33 17 17 23 24 18 28 18 10 22 4 0 17 17 28
split_gain=0.684971 1.11915 2.18801 1.83991 1.42931 1.02248 1.69631 0.917196 1.87347 0.519564 0.514028 0.499142 1.6382 3.88353 0.498073
threshold=0.053447873967158895 1.4367325968712794 1.4644184452395967 0.16615995781093093 11.500000000000002 0.0077059114613070587 -0.008699999999999956 0.17524079693891007 0.62389099061346831 0.022485852990005401 0.33531534086362463 0.26002500000000006 0.83809730963392437 0.732422873751159 0.001749999999999974
decision_type=8 10 10 10 2 10 10 10 8 10 10 2 10 10 8
left_child=1 7 4 5 -3 6 -4 11 -9 10 -2 12 13 -1 -11
right_child=9 2 3 -5 -6 -7 -8 8 -10 14 -12 -13 -14 -15 -16
leaf_value=-0.00029227720418457644 -0.00034328156300784864 -0.00016702040164553534 0.00053292044441850502 0.002591801139563281 0.0029093184042077382 -0.00019184745559773598 2.3755202828151257e-06 0.00071679578751506 -0.0016346338286851109 1.6187067411214729e-05 2.9712144210255587e-05 -4.585480690818278e-05 -0.00022746082603904795 0.00040318500501107545 -2.2129219064903222e-05
leaf_weight=23.748577519319952 151.04061009711586 3.5033238669857365 26.045577223412693 4.4673831574618807 5.6687660217285156 109.89465573243797 118.18115903157741 5.0707900524139378 7.6956342849880466 672.3002666705288 2.754967287182807 1789.5010747825727 86.984487861394882 19.079816130921245 996.18957031844184
leaf_count=150 3444 58 176 28 8 503 562 20 38 4922 12 8350 513 118 7368
internal_value=-0.000493325 -0.000834152 0.000881263 0.00034771 0.0144894 0 0.00160482 -0.00107711 0.0063978 -7.63669e-05 -0.00167143 -0.00113278 0.000529144 0.00515921 6.49044e-05
internal_weight=4022.13 2199.84 267.761 258.589 9.17209 254.121 144.227 1932.08 12.7664 1822.29 153.796 1919.31 129.813 42.8284 1668.49
internal_count=26270 10524 1335 1269 66 1241 738 9189 58 15746 3456 9131 781 268 12290
is_linear=0
shrinkage=0.0286577


Tree=220
num_leaves=16
num_cat=0
split_feature=33 18 10 8 26 11 8 23 10 23 26 31 26 27 35
split_gain=0.947864 0.802421 1.96035 0.480635 0.994517 0.4766 2.50937 3.2114 0.546544 1.26212 0.462259 0.610454 0.705188 1.49916 0.712089
threshold=0.053447873967158895 0.17524079693891007 0.62389099061346831 0.81339395314152785 0.67291476354437518 0.15937964785838329 0.16646592651996026 0.026253761790935418 0.12504318191346389 0.046866754206016749 0.44618991484039977 3.1250000000000013 0.4750403884428327 0.47627978313514691 2.2995800809599403
decision_type=8 10 8 10 8 10 10 10 10 8 10 10 10 8 2
left_child=1 3 -3 5 -5 6 -1 -8 9 -7 -2 12 13 14 -12
right_child=10 2 -4 4 -6 8 7 -9 -10 -11 11 -13 -14 -15 -16
leaf_value=-5.9616792284941551e-05 -3.5322280779816313e-05 0.00069625409867739351 -0.00056344675798754458 2.8201319443557093e-05 0.0012009464818356097 -0.00027998718421275533 0.00039757978440147011 -0.00029974396150097242 -3.6931521402288853e-05 0.00048961816725594438 0.00094201338148604079 0.00093084548998912807 -3.8502610941006833e-06 0.00067846687536484524 4.1842973119008765e-05
leaf_weight=51.965244626626372 1117.9807973797433 5.0707900524139378 8.6067081894725561 22.474706944078211 4.2891478985548011 11.98326736316085 8.5487050320953148 8.7940487097948772 2073.2959571136162 4.8126697354018679 3.8572931960225096 56.475460518151522 573.87172336061485 7.2251966488547614 62.874943269882351
leaf_count=318 9384 20 48 106 18 74 36 132 9746 26 24 864 4964 62 448
internal_value=-0.000565839 -0.000966617 0.00579092 -0.00101405 0.00268434 -0.00106478 0.00120131 0.0106502 -0.00114481 0.00383416 -7.65023e-05 0.000491803 0.000225627 0.00285967 0.0013287
internal_weight=4022.13 2199.84 13.6775 2186.16 26.7639 2159.4 69.308 17.3428 2090.09 16.7959 1822.29 704.305 647.829 73.9574 66.7322
internal_count=26270 10524 68 10456 124 10332 486 168 9846 100 15746 6362 5498 534 472
is_linear=0
shrinkage=0.0286577


Tree=221
num_leaves=16
num_cat=0
split_feature=33 36 27 26 8 27 26 23 15 9 9 27 2 38 26
split_gain=0.925465 0.77977 0.907053 1.26259 1.8085 1.91002 0.659075 0.694683 1.06758 1.37497 3.85688 1.17242 0.619236 1.56976 0.608876
threshold=0.053447873967158895 1.0000000180025095e-35 0.42410365526500343 0.35211086477714032 0.36818631656901929 0.65279195240793653 0.59591045716128377 0.066668937535955389 1.6607987673314144 0.3984332609683004 0.36986539361066473 -1.0000000180025095e-35 0.27496346400173394 2.5000000000000004 0.25847957113098502
decision_type=8 2 10 10 10 10 10 10 10 10 10 10 2 2 8
left_child=6 -2 14 -4 5 -5 -1 12 9 10 -9 -11 -8 -14 -3
right_child=1 2 3 4 -6 -7 7 8 -10 11 -12 -13 13 -15 -16
leaf_value=-3.1929589782246599e-05 -5.9305268352371224e-05 -0.00033972713485856584 -0.00075973755783331819 0.00065902360339930579 -1.8514060236244326e-05 -2.6838035068821659e-05 -0.00021783580667208548 5.6205123412126582e-05 -7.3191119376963214e-05 3.4856552808467045e-07 0.0011106302375490425 -4.7263487175465135e-05 0.0010720598306358322 -0.0017098379600829611 1.583352342974798e-05
leaf_weight=1527.0792022962123 946.30208275723271 140.85367429046892 53.189796251244843 49.830590744037181 31.699635091237724 21.511719940695912 369.03234212566167 62.193700018338859 122.76886733900756 4.6632127761840811 20.41792528796941 83.703825132921338 3.3340119272470456 6.6481587616726756 578.89791529835202
leaf_count=6387 8102 1638 494 526 166 302 2617 400 636 6 87 329 10 52 4518
internal_value=-0.000566629 -8.299e-05 0.0005268 0.00250677 0.00437252 0.00691709 -0.000962686 -0.000197654 0.000829469 0.00231187 0.00496715 -6.45449e-05 -0.00101997 0.00577538 8.25311e-05
internal_weight=4022.13 1822.29 875.983 156.232 103.042 71.3423 2199.84 672.762 293.748 170.979 82.6116 88.367 379.015 9.98217 719.752
internal_count=26270 15746 7644 1488 994 828 10524 4137 1458 822 487 335 2679 62 6156
is_linear=0
shrinkage=0.0286577


Tree=222
num_leaves=16
num_cat=0
split_feature=38 9 28 21 21 21 17 21 35 3 28 19 19 35 17
split_gain=0.865822 0.450429 0.515386 0.572114 0.443327 0.57495 0.375727 1.44007 0.934209 1.29304 0.874751 0.492956 0.448561 0.812302 1.45885
threshold=4.5000000000000009 0.1654970650790393 -0.031400000000000004 0.0018640013510407881 0.01168338456579587 0.01795066186546276 0.65151255581717937 0.065748816105456256 4.4555094046889696 45.500000000000007 -0.0070499999999999998 0.22853024722583937 0.12642148072727422 1.8300856449885965 1.1214216654230251
decision_type=2 8 8 8 10 10 8 10 2 2 8 10 10 2 8
left_child=6 -2 -3 -4 -5 -6 7 8 -1 -10 -9 12 13 14 -8
right_child=1 2 3 4 5 -7 11 10 9 -11 -12 -13 -14 -15 -16
leaf_value=-0.00016871949875239174 -0.0003083459748158318 -9.1478072235778876e-05 0.00010036779742768864 -0.00024015520456456508 3.1857972733324536e-05 4.8046008664932087e-06 0.001993654007728217 0.00035194951740063601 -3.604572620335605e-06 5.7978933336807098e-05 -0.00011149556829648217 0.0011678846286461934 -0.00011016304095895358 -2.6068919827074671e-05 -0.00041217545379683179
leaf_weight=75.261199927423149 131.29117975803092 287.94411845365539 1.6387753132730711 110.09767714235932 156.25308161508292 1204.4775536814705 4.7460505021735999 17.715232167392969 12.879458093084397 8.6539206500165147 11.646614335477354 11.923454317264257 177.011008459609 1804.432452528039 6.1548830941319475
leaf_count=291 2070 2322 44 1323 1193 9053 38 36 72 46 28 42 579 9113 20
internal_value=-0.000588881 -0.000136516 -9.9563e-06 0.000201203 0.000174202 0.000321889 -0.000985826 0.000476552 -0.00112623 0.0039259 0.0060645 -0.00108288 -0.00112188 -0.000978368 0.00662185
internal_weight=4022.13 1891.7 1760.41 1472.47 1470.83 1360.73 2130.42 126.156 96.7946 21.5334 29.3618 2004.27 1992.34 1815.33 10.9009
internal_count=26270 16005 13935 11613 11569 10246 10265 473 409 118 64 9792 9750 9171 58
is_linear=0
shrinkage=0.0286577


Tree=223
num_leaves=16
num_cat=0
split_feature=31 31 7 17 7 24 30 22 24 7 7 22 22 20 22
split_gain=0.676802 0.74159 0.537193 0.910499 0.559832 0.512264 1.06704 1.05402 0.746152 0.564589 0.989311 2.56741 0.508799 0.729169 0.493175
threshold=4.405000000000002 3.7349999999999999 0.13546114192586958 1.0452291823082895 0.25481780535145765 7.5000000000000009 22.730000000000004 0.071143544106139212 4.5000000000000009 0.20098715299528033 0.20438832285112299 0.030372199036646178 0.024809185847757109 0.020747904234987378 0.048771776893266477
decision_type=10 10 10 10 10 2 8 10 2 10 10 10 10 10 10
left_child=1 5 3 -3 -4 6 -1 -8 -9 12 11 -11 -7 -14 -6
right_child=-2 2 4 -5 14 9 7 8 -10 10 -12 -13 13 -15 -16
leaf_value=9.2753774269822103e-06 -7.0130228990002451e-05 -0.0011974816125957819 -4.3796621626234095e-05 0.00017677417201811732 -0.00016231016313796007 -0.00027421534533679921 0.00015963004955334682 2.4895872891227647e-05 0.00034842885084843892 0.00038784818022162337 -1.1525016202415326e-05 5.3687655072319213e-05 1.1800224221025462e-05 -5.6858644029382121e-05 0.001776111048955794
leaf_weight=327.44797415006906 589.36065934225917 2.5318149030208579 67.383485757745802 3.0602763816714287 26.55448754504323 154.54472213424742 16.363243086496372 3.7929301033727807 6.9247175604104996 5.1019563078880337 2009.6708850730211 25.668310970067978 88.802913174033165 639.57620604336262 55.342077505774796
leaf_count=11513 2362 50 994 18 308 456 1684 168 72 14 5694 98 228 1925 686
internal_value=-0.000599312 -0.000441102 0.00147836 0.0102314 0.00106869 -0.000534926 0.000477395 0.00592013 0.0128793 -0.000661127 -0.000391983 0.00465917 -0.00127159 -0.000933444 0.00268558
internal_weight=4022.13 3432.77 154.872 5.59209 149.28 3277.89 354.529 27.0809 10.7176 2923.36 2040.44 30.7703 882.924 728.379 81.8966
internal_count=26270 23908 2056 68 1988 21852 13437 1924 240 8415 5806 112 2609 2153 994
is_linear=0
shrinkage=0.0286577


Tree=224
num_leaves=16
num_cat=0
split_feature=33 26 26 34 16 20 22 13 35 37 22 16 26 23 21
split_gain=0.820429 0.529327 0.751641 0.936935 0.719666 0.691397 1.04936 0.663413 0.563712 1.15726 0.532015 0.444383 0.440436 0.735657 1.0582
threshold=0.053447873967158895 0.25847957113098502 0.26651231579601886 -0.013973805227124157 0.90277910901131786 0.13824157862432879 0.13601524726910857 1.5362265713610654 6.5766428368714207 1.0000000180025095e-35 0.050331776247799782 0.98451960845590347 0.43002484893211984 0.010529252125584978 0.0060034131490725477
decision_type=10 10 10 8 10 10 10 10 2 2 10 10 8 10 8
left_child=12 11 3 7 5 10 -7 -3 -6 -10 -4 -2 13 14 -1
right_child=1 2 4 -5 8 6 -8 -9 9 -11 -12 -13 -14 -15 -16
leaf_value=0.00037673335955284222 -0.00036542477552928011 0.00052712075135648989 0.0003723174351029149 -0.00069242893537552956 -3.8276104941655664e-05 0.0014282356914481617 0.00075763389025130785 0.00056078975480742697 0.00083696700891047564 -0.0005595164486460175 -2.5359200691490691e-05 4.0506142789516578e-06 -1.4164179453944509e-05 -6.9743108240861003e-05 3.1928272818407984e-05
leaf_weight=3.0265264920890358 205.50821234378964 7.7407859805971366 120.01919820345938 7.149070322513583 699.28054581396282 18.87043160200119 22.046414129436016 5.2106717620044947 7.2345137298107156 9.2668523564934731 217.85065322462469 165.74076232034713 1570.4277809821069 940.23138506477699 22.522855710471049
leaf_count=28 1888 40 1266 18 4734 114 138 40 26 60 1754 1024 9312 4282 1546
internal_value=-0.000597766 -5.58586e-05 0.000249197 0.00572166 0.00013843 0.00115484 0.00470582 0.0103793 -0.00038574 0.00475512 0.00069246 -0.000998169 -0.000911301 -0.00140082 0.00325522
internal_weight=4022.13 1485.92 1114.67 20.1005 1094.57 378.787 40.9168 12.9515 715.782 16.5014 337.87 371.249 2536.21 965.781 25.5494
internal_count=26270 11102 8190 98 8092 3272 252 80 4820 86 3020 2912 15168 5856 1574
is_linear=0
shrinkage=0.0286577


Tree=225
num_leaves=16
num_cat=0
split_feature=33 1 21 30 30 38 1 38 5 5 10 22 30 27 17
split_gain=0.718907 0.564403 0.567096 2.09863 0.884115 0.51817 0.580042 1.15764 0.559033 1.27989 0.529715 0.887591 1.11908 0.719393 0.508928
threshold=0.081947990881926627 0.099935897435897453 0.006942291935058951 15.135000000000002 15.085000000000003 3.5000000000000004 0.10070761014686248 1.5000000000000002 0.33681966601873398 0.36300166120682664 0.22598989358300431 0.097721664728765603 17.180000000000003 0.98528531540350162 0.83809730963392437
decision_type=10 2 10 8 10 2 2 2 8 8 10 10 8 8 8
left_child=1 2 3 4 -1 6 7 -3 -8 -10 11 13 -13 -7 -5
right_child=-2 5 -4 14 -6 10 8 -9 9 -11 -12 12 -14 -15 -16
leaf_value=-0.00015360322003588449 7.3535566801506403e-06 0.00010173505114274892 -5.6304729315429258e-05 0.00036593706361822038 1.5858709274683345e-05 3.9345331585420278e-06 -3.3118933245065432e-05 -0.00079802481346548588 0.00018560607595488195 -8.6187613748718968e-05 -1.1054981334043985e-05 0.0026198674030452011 0.0014429770816796104 9.6354499723006396e-06 -0.00033518704339687483
leaf_weight=1.680249786004423 844.05276396498084 5.275926527567206 1390.471796262078 20.947681862395257 4.7535591125488281 86.211303044110537 842.40088810794987 7.9820333828683943 32.7399772987701 151.63604911928996 563.07573710288852 8.4995233607478458 12.963624022901056 1.9104681229218829 47.525078960461542
leaf_count=113 7682 14 7574 358 8 863 2418 38 72 460 4456 126 178 30 1880
internal_value=-0.000589385 -0.00078732 -0.00120394 0.00115198 0.0165295 -0.000424933 -0.000827523 0.00496488 -0.000913101 0.000477309 0.000182806 0.00201039 0.0072504 0.000605939 -0.000198369
internal_weight=4022.13 3178.07 1465.38 74.9066 6.43381 1712.7 1040.03 13.258 1026.78 184.376 672.661 109.585 21.4631 88.1218 68.4728
internal_count=26270 18588 9933 2359 121 8655 3002 52 2950 532 5653 1197 304 893 2238
is_linear=0
shrinkage=0.0286577


Tree=226
num_leaves=16
num_cat=0
split_feature=33 28 9 9 28 28 35 35 13 17 17 33 9 9 12
split_gain=0.724098 0.480386 0.428675 1.23558 2.4536 0.747758 0.673621 0.588778 0.706886 0.479365 0.437992 0.858152 0.827052 0.445099 0.405561
threshold=0.081947990881926627 -0.029950000000000001 0.32473207751394234 0.32776509894019229 0.0047999999999999857 -0.00014999999999999733 6.4857408825076863 3.7411159901120166 1.1739518349827736 0.69953202827826155 0.74543139179942941 0.056354732216304722 0.24010837779547253 0.21524902561558001 0.10027346848253617
decision_type=10 10 10 10 8 8 2 2 10 8 8 10 10 10 10
left_child=2 -2 9 4 5 -4 7 8 -5 -1 11 13 -13 -11 -3
right_child=1 14 3 6 -6 -7 -8 -9 -10 10 -12 12 -14 -15 -16
leaf_value=-0.00026784389565760318 -0.00037214024109900857 7.0586938381486262e-05 0.00034421322224342701 0.0001072362829828363 -0.0016694573158634676 0.0006409441022515248 0.00075320956661499106 -7.5820453751248044e-05 -1.082706613627022e-05 5.3680527304667395e-06 -2.86055333375425e-05 -0.0010827853552800228 0.0024798351128840928 -0.00032290705938271732 -0.0011473891950713336
leaf_weight=162.04509947448969 137.9774417700246 662.32563585508615 9.833676250651477 90.203834523446858 18.471035251393914 5.3724593520164481 11.535412132740019 512.72047001961619 451.05510773137212 18.00522500788793 1845.5840347569901 3.7154453098773939 7.4119300842285156 42.120166178792715 43.749686339870095
leaf_count=1058 1180 6228 48 493 66 10 32 1960 1956 180 12492 46 38 209 274
internal_value=-0.000592057 0.00014411 -0.000790702 -0.000319655 0.00503987 0.0135488 -0.00049944 -0.000584086 5.77136e-05 -0.00103491 -0.000900114 0.00124072 0.00847033 0 0.000457058
internal_weight=4022.13 844.053 3178.07 1099.19 33.6772 15.2061 1065.51 1053.98 541.259 2078.88 1916.84 71.2528 11.1274 60.1254 706.075
internal_count=26270 7682 18588 4565 124 58 4441 4409 2449 14023 12965 473 84 389 6502
is_linear=0
shrinkage=0.0286577


Tree=227
num_leaves=16
num_cat=0
split_feature=34 20 30 18 26 20 20 24 17 17 26 5 5 11 8
split_gain=0.862849 0.832672 1.07288 0.913045 0.799637 0.940614 0.948522 1.70889 0.925099 1.6271 0.777307 0.469004 2.5487 0.52559 1.70143
threshold=-0.013719353809777067 0.0048233728506814075 16.285000000000004 0.0035698510518721309 0.63932546433519832 0.22151002963964506 0.0048233728506814075 10.500000000000002 1.4367325968712794 1.5013168331599307 0.65869707850424464 0.35447291061872305 0.36300166120682664 0.17415212587448722 0.16922139811212325
decision_type=8 8 10 10 8 10 8 2 10 10 8 8 8 8 10
left_child=1 2 -1 -4 11 6 7 -6 10 -10 -8 13 -13 14 -2
right_child=4 -3 3 -5 5 -7 8 -9 9 -11 -12 12 -14 -15 -16
leaf_value=-0.001180121391280988 -0.00025506896088969198 -6.2344172185680046e-06 0.00013664673148794515 -0.0011808890542177124 -0.00027856063212388916 0.0011364113715145669 0.00055498475895713185 3.1580704763582141e-05 0.0028063782584708688 0.00014905237300962972 -3.27478983160433e-05 4.3438248707048852e-05 -2.0246554617898783e-05 -6.6139892912140655e-05 0.00035032081430283663
leaf_weight=6.5772543549537641 45.067941850516945 1787.8530129226856 5.2987428028136492 2.035419100895524 5.3883709735237044 4.5139425527304402 32.585243651643395 4.0893236398696899 16.668769827578217 72.772165453061461 617.14656934328377 9.9638603823259455 257.72563587408513 1132.5781851408537 21.862222167663276
leaf_count=154 936 15407 48 32 122 26 186 8 70 297 2742 40 1068 4942 192
internal_value=-0.000600931 -0.000128564 0.00677946 0.0142254 -0.000979708 -0.000204914 -0.000298418 0.00855371 -0.000428002 0.00227181 -0.000815639 -0.00137056 -0.000241257 -0.00161419 0.000749117
internal_weight=4022.13 1801.76 13.9114 7.33416 2220.36 753.164 748.65 9.47769 739.173 89.4409 649.732 1467.2 267.689 1199.51 66.9302
internal_count=26270 15641 234 80 10629 3451 3425 130 3295 367 2928 7178 1108 6070 1128
is_linear=0
shrinkage=0.0286577


Tree=228
num_leaves=16
num_cat=0
split_feature=34 18 34 28 18 39 36 16 5 22 19 28 8 16 34
split_gain=0.835976 0.79398 1.21851 0.707225 0.583402 0.488508 0.662469 1.0654 0.524026 0.466326 2.18102 2.15102 0.825696 0.640875 0.828946
threshold=-0.013252614868770605 0.17524079693891007 0.023334753094958142 -0.029950000000000001 0.067617670041730929 3.5000000000000004 1.0000000180025095e-35 0.80463929240040544 0.34886735600872726 0.038083183395733362 0.041666666666666692 0.0067499999999999514 0.21703819231671398 1.0044993297202394 -0.048502224193244063
decision_type=8 10 10 10 10 2 2 8 8 10 10 8 10 10 10
left_child=3 4 -3 -1 5 6 8 -8 -2 10 13 12 -12 -5 -15
right_child=1 2 -4 9 -6 -7 7 -9 -10 -11 11 -13 -14 14 -16
leaf_value=-0.0001028265393097439 -6.8533040668980705e-05 0.0006045025549943308 -0.0015606544041864541 -2.637411403489727e-05 -0.00011636565408000876 -0.00021223260783777181 0.00063267774273586457 -5.72328008934171e-06 7.140993657513424e-06 -9.4228391841206468e-06 6.8928807261096174e-05 2.4235899607140918e-05 0.0021539588079098971 0.00025652851335153186 9.3044124665493859e-06
leaf_weight=341.81145222205669 829.58290928252973 6.6639930009841901 6.9944325461983681 224.28563340660185 179.67397248977795 165.52365492284298 45.2153788972646 739.42218595650047 195.67802344029769 1107.2709621605463 3.3533554524183264 15.263884253799917 8.802161190658806 32.70848676841706 119.8761740475893
leaf_count=2792 4256 24 20 2456 601 502 236 4066 844 8885 40 116 54 570 808
internal_value=-0.000598884 -0.000981607 0.00574193 -0.000145598 -0.00102944 -0.000879408 -0.000734948 -9.43196e-05 -0.00121539 0.000114616 0.00095137 0.00873615 0.0176683 0.000353616 0.00180142
internal_weight=4022.13 2168.75 13.6584 1853.37 2155.1 1975.42 1809.9 784.638 1025.26 1511.56 404.29 27.4194 12.1555 376.87 152.585
internal_count=26270 10549 44 15721 10505 9904 9402 4302 5100 12929 4044 210 94 3834 1378
is_linear=0
shrinkage=0.0286577


Tree=229
num_leaves=16
num_cat=0
split_feature=38 30 30 28 20 18 18 35 38 7 22 28 10 18 18
split_gain=0.755026 0.619892 1.32251 2.61857 0.73973 1.50545 0.692086 0.554275 0.414711 0.540578 1.33582 0.866737 0.780831 1.64401 0.79506
threshold=4.5000000000000009 19.975000000000005 19.590000000000003 0.018000000000000019 0.20340789130071477 0.0282596474389516 0.12666511716178777 1.9706025188358312 9.5000000000000018 0.23009272954213886 0.10224418561893654 0.029700000000000022 0.22224057632515484 0.0282596474389516 0.0094697054616705873
decision_type=2 10 10 10 8 10 10 2 2 10 10 10 10 10 10
left_child=1 2 4 -4 6 -6 7 -1 -2 10 -10 -12 13 -11 -14
right_child=8 -3 3 -5 5 -7 -8 -9 9 12 11 -13 14 -15 -16
leaf_value=0.00018133115271896165 2.4748002205488878e-05 -8.2663165538213363e-05 -9.5683924456179454e-07 8.4828177467683861e-06 1.7481034466106985e-06 0.0026138574031381377 0.00052175656756808537 -2.3573512700958192e-05 -0.00023851939153423279 2.4952137255009916e-06 -0.0026897714510552033 0.0020906506583588174 6.3265512466141244e-05 0.00089125941841508517 -0.00016850099909421754
leaf_weight=16.507485587149858 847.32626947946846 523.09441563487053 14.313220143318178 7.7808289527893058 10.227866577217354 3.4775800746865562 12.622113343328236 1542.4007637612522 383.80628194101155 63.478983105160296 2.8477076021954408 4.689591072499752 314.26120691839606 15.547419071197508 259.74492677394301
leaf_count=88 9544 1392 36 24 1350 28 39 7308 2736 264 56 46 2106 50 1203
internal_value=-0.000621702 -0.000992854 -0.000703783 0.00617214 -0.000806774 0.00567377 -0.000870444 -0.000930409 -0.000198382 -0.00058353 -0.00142675 0.0101632 -6.26521e-05 0.00258565 -0.000445481
internal_weight=4022.13 2130.42 1607.33 22.094 1585.24 13.7054 1571.53 1558.91 1891.7 1044.38 391.344 7.5373 653.033 79.0264 574.006
internal_count=26270 10265 8873 60 8813 1378 7435 7396 16005 6461 2838 102 3623 314 3309
is_linear=0
shrinkage=0.0286577


Tree=230
num_leaves=16
num_cat=0
split_feature=34 18 34 35 18 11 18 35 10 18 26 26 18 18 18
split_gain=0.75964 0.783922 1.21851 0.799993 0.71539 1.03972 5.34045 0.663815 0.655762 0.661793 0.460265 2.11285 1.82686 0.575927 1.765
threshold=-0.013252614868770605 0.17524079693891007 0.023334753094958142 4.0630258641779973 0.059894495786930853 0.72816106582625995 0.0050051060644747966 3.704260434938957 0.25277881961925958 -0.048986593787865677 0.19804467172124296 0.20594732578974498 0.016352631285927236 0.043067121193416054 0.044886391023107437
decision_type=8 10 10 2 10 10 10 2 10 8 10 10 8 10 8
left_child=10 3 -3 4 5 7 -7 -2 9 -5 13 12 -12 -1 -15
right_child=1 2 -4 8 -6 6 -8 -9 -10 -11 11 -13 -14 14 -16
leaf_value=-0.0003523862122972547 -4.1246275776290548e-05 0.0005864697074636037 -0.001513560770592738 1.8351249984933034e-05 -9.4895157004714899e-05 -0.00078724615512480159 0.0010309014464462368 0.00017456388699773427 -0.00018571242927831208 -2.8586064762583358e-05 0.00048600934199796811 -1.874623033610142e-06 0.00010944068659636884 0.0019482894813450909 -0.0007341240528287795
leaf_weight=264.53572323638946 682.84934070054442 6.6639930009841901 6.9944325461983681 11.887164657935498 101.24854182777926 35.707511347718537 14.810514509677885 176.71395031036809 563.21764992456883 568.6614517106209 9.7673238767310959 1548.2081874343567 9.2594728125259298 3.9074033536016941 17.693998788483444
leaf_count=2074 3419 24 20 38 300 152 48 1066 2100 3382 80 13235 32 28 272
internal_value=-0.000576792 -0.000941694 0.00574193 -0.000989278 -0.00038863 -0.000122623 0.00384655 -0.00036844 -0.00151149 -0.000807862 -0.000144362 4.25447e-05 0.00948065 -0.00120207 0.00312341
internal_weight=4022.13 2168.75 13.6584 2155.1 1011.33 910.081 50.518 859.563 1143.77 580.549 1853.37 1567.23 19.0268 286.137 21.6014
internal_count=26270 10549 44 10505 4985 4685 200 4485 5520 3420 15721 13347 112 2374 300
is_linear=0
shrinkage=0.0286577


Tree=231
num_leaves=16
num_cat=0
split_feature=16 7 26 12 11 18 7 17 7 17 30 18 19 26 26
split_gain=0.500915 1.22131 1.24147 0.641716 1.58525 3.41868 0.828446 1.58536 1.71462 1.60357 0.778802 1.10417 0.705809 0.556172 1.21027
threshold=0.90277910901131786 0.54181806484973605 0.68111276240601049 0.045767747468455799 0.39856163151351515 -0.02706108188329925 0.24982105019435061 1.762267268035494 0.25143003502628902 1.8797176794975516 15.840000000000002 0.040299502581370501 0.0090087885085657921 0.19804467172124296 0.20210571626335427
decision_type=8 10 10 10 10 8 10 10 10 10 8 10 10 8 8
left_child=1 13 -3 4 6 -6 10 8 -8 -9 11 -2 -12 -1 -15
right_child=3 2 -4 -5 5 -7 7 9 -10 -11 12 -13 -14 14 -16
leaf_value=-0.00056762911220704535 3.0632843067041825e-06 3.2392534211937634e-06 0.00057291505993877672 -6.2433477502118199e-05 0.0012351975201458543 -4.006425409387209e-05 0.0013339321531222435 0.0015106009440630603 -1.2111087301875259e-05 -0.00017165105178469848 0.00033611842530217086 0.0011215413826013623 -3.9620765432808875e-05 0.00047208145228459379 -6.9370028735996847e-07
leaf_weight=118.28932157717645 120.85534525662661 12.785730311647059 9.7671470921486598 1433.3297650436871 10.903539184480904 21.033889322541658 11.977194769307969 12.025588456541302 342.93754791701213 9.5748421959578973 20.71775389299728 13.734797911718486 862.84426023578271 5.7906786929815999 1015.5592581778765
leaf_count=1022 1806 80 30 6960 90 166 60 30 1880 104 1602 277 4746 32 7385
internal_value=-0.000515531 -5.15518e-06 0.00655556 -0.000719434 -0.000279806 0.00598944 -0.000431467 0.000702322 0.00021229 0.00821112 -0.000860584 0.00113144 -0.0011755 -0.000145015 6.11723e-05
internal_weight=4022.13 1162.19 22.5529 2859.93 1426.6 31.9374 1394.67 376.515 354.915 21.6004 1018.15 134.59 883.562 1139.64 1021.35
internal_count=26270 8549 110 17721 10761 256 10505 2074 1940 134 8431 2083 6348 8439 7417
is_linear=0
shrinkage=0.0286577


Tree=232
num_leaves=16
num_cat=0
split_feature=32 16 16 31 21 23 23 18 10 16 7 18 18 17 35
split_gain=0.624502 0.649715 0.881757 0.536872 0.529442 1.53897 0.666846 0.525056 0.865833 0.54984 0.659348 0.50957 0.535253 0.505583 1.20518
threshold=0.77506596306068609 0.97289922432651044 0.97101797844427118 3.5199999999999991 0.055814745901429132 0.024223756662458105 0.067906333034199226 -0.038582693486718771 0.23670176840027493 1.0020843786528602 0.38453294747724776 0.17524079693891007 0.084015358702200685 0.9196986352941513 2.0515431210794284
decision_type=10 10 8 10 8 8 8 10 10 8 10 10 10 8 2
left_child=3 2 4 11 -2 -6 -7 8 -5 10 -10 12 13 14 -1
right_child=1 -3 -4 7 5 6 -8 -9 9 -11 -12 -13 -14 -15 -16
leaf_value=0.00085606375007787091 -5.9055577204450417e-05 -6.1228892481801655e-05 0.00020710988530605354 0.00085237827577419806 0.00078183532560243145 0.00054781411908349457 -1.6229158671708944e-05 5.4541455836966723e-05 -0.0013102708693187438 -0.00027992123600270791 0.0027015491228238372 0.00049178659479522829 -6.6188653310433879e-05 -2.4517826250370798e-05 2.6137240324731374e-06
leaf_weight=13.248124610632656 388.66872528009117 629.19357490167022 7.236088788136839 3.8099836893379715 6.1649870518594971 53.325427564792335 86.042659255675972 75.611775394529104 1.8543559461832018 11.450751282274723 2.4619336947798729 6.8353432249277821 110.4098696867004 1804.1236752716359 821.68938439525664
leaf_count=76 2468 3074 34 44 42 452 516 1446 42 142 20 32 550 11913 5419
internal_value=-0.000584732 -0.0011458 -0.000393909 -0.000350831 -0.000547985 0.000887852 0.000184286 0.00174223 0.00595075 0.00214897 0.0107339 -0.000426865 -0.000449988 -0.00036364 0.000210483
internal_weight=4022.13 1170.63 541.438 2851.5 534.202 145.533 139.368 95.1888 19.577 15.767 4.31629 2756.31 2749.47 2639.06 834.938
internal_count=26270 6586 3512 19684 3478 1010 968 1694 248 204 62 17990 17958 17408 5495
is_linear=0
shrinkage=0.0286577


Tree=233
num_leaves=16
num_cat=0
split_feature=38 30 23 18 35 12 18 18 9 9 35 28 35 35 28
split_gain=0.955991 0.957861 1.00195 1.27595 0.931039 1.0594 0.563773 0.513427 0.469005 0.55873 1.46299 0.646539 0.382206 0.559031 0.375697
threshold=4.5000000000000009 19.085000000000004 0.16615995781093093 0.043829747021168826 1.8300856449885965 0.091307333300228569 0.13920150315958293 0.063787432265424396 0.48989106460449533 0.50734091297757467 3.704260434938957 -0.0070499999999999998 4.773266027480096 4.8499186579900124 -0.031400000000000004
decision_type=2 10 10 10 2 10 10 10 8 8 2 8 2 2 8
left_child=1 2 4 -4 5 -1 7 -6 14 10 11 -10 -11 -14 -2
right_child=8 -3 3 -5 6 -7 -8 -9 9 12 -12 -13 13 -15 -16
leaf_value=-0.00040049146940981202 -9.3282911024953575e-05 -5.5290420233178355e-05 -0.0018978479629478231 0.0010038500456885579 -1.0930264003347497e-05 0.0018670861286883857 0.00047769314254456714 -6.7954684277835519e-05 0.00085703270387642826 1.5344767405458567e-05 -0.00040323566675402628 0.0011247123990710069 0.0052477007654298854 0.00064036983967234425 -6.5844113248430443e-06
leaf_weight=4.3441361328586918 256.14654103154317 739.57076613605022 3.5937599590979508 3.696043323725462 1265.779021152528 4.9561220780014992 6.6187587939202777 101.86566649843007 3.6621561143547297 116.58751178719103 7.7029926665127268 5.0008198972791451 4.4219961762428275 9.9085534191690368 1488.2718148715794
leaf_count=42 2162 1888 52 22 7877 30 15 339 38 852 50 32 32 120 12719
internal_value=-0.000603859 -0.00102085 -0.000567232 0.00978671 -0.000630593 0.00821547 -0.000699062 -0.000746629 -0.000128923 0.00141219 0.00644501 0.0145105 0.000696958 0.00508942 -0.000264916
internal_weight=4022.13 2130.42 1390.85 7.2898 1383.56 9.30026 1374.26 1367.64 1891.7 147.284 16.366 8.66298 130.918 14.3305 1744.42
internal_count=26270 10265 8377 74 8303 72 8231 8216 16005 1124 120 70 1004 152 14881
is_linear=0
shrinkage=0.0286577


Tree=234
num_leaves=16
num_cat=0
split_feature=33 17 17 7 7 32 26 19 7 27 19 11 22 22 15
split_gain=0.812131 0.537136 0.84439 0.758577 1.08886 0.941507 0.498408 1.16648 0.799161 0.676777 0.460782 0.767581 0.447188 0.926082 2.718
threshold=0.081947990881926627 1.3734181329216304 1.2675187768350222 0.24506160987229994 0.25742915549177309 0.60554089709762537 0.33898654476453344 0.022775454147530853 0.21840351183337259 0.42410365526500343 0.13128549804076453 0.26265337493023416 0.027447833088225165 0.027834273279029497 1.0941495751572303
decision_type=10 10 10 10 10 10 10 8 10 10 10 8 8 8 8
left_child=12 2 6 -4 -5 -6 10 8 -8 -9 -2 -12 -1 14 -14
right_child=1 -3 3 4 5 -7 7 9 -10 -11 11 -13 13 -15 -16
leaf_value=-6.7124401374883243e-05 -0.00028308640089540438 -0.00018161445571397196 -4.0217232262688464e-05 0.0015426395089167856 -0.00020717980294863444 0.0013310544878275207 0.00057666049293615272 -1.4551415224136548e-05 0.00032193751104982025 0.00063533413006392479 0.0014036254403233031 0.00012368602260689806 2.3476781087986709e-05 -2.2642998247815919e-05 -0.0011805004223259968
leaf_weight=400.6578018059954 310.24736455082893 99.992763444781303 17.822535213083029 4.2618129849433926 10.810010216198863 11.288653917610644 11.721784537658097 278.95223079714924 12.629392407834528 74.019564697518945 3.269914157688615 9.0367370396852493 5.1607680320739719 2762.5983860187698 9.6569402166642249
leaf_count=2990 2704 952 228 24 132 64 246 2312 122 800 28 70 8 15536 54
internal_value=-0.000575296 0.000205531 0.000481208 0.00432565 0.00739477 0.00415549 0.000222953 0.000940021 0.00700791 0.000488939 -0.000585103 0.00468593 -0.000785805 -0.00065074 0.0063756
internal_weight=4022.13 844.053 744.06 44.183 26.3605 22.0987 699.877 377.323 24.3512 352.972 322.554 12.3067 3178.07 2777.42 14.8177
internal_count=26270 7682 6730 448 220 196 6282 3480 368 3112 2802 98 18588 15598 62
is_linear=0
shrinkage=0.0286577


Tree=235
num_leaves=16
num_cat=0
split_feature=34 18 2 32 24 8 28 34 8 18 34 0 18 28 28
split_gain=0.853788 0.971511 1.67978 0.591599 0.547659 0.678773 1.67136 0.657826 1.58145 3.03655 0.405963 0.637071 1.67554 1.94977 0.40027
threshold=0.017934989979495611 0.17524079693891007 0.20484560838988075 0.77770448548812665 7.5000000000000009 0.88685271474979832 -0.032349999999999983 0.013627942990790289 0.25701030570279709 -0.022486167515421204 0.036659344670258338 0.41557500000000008 -0.024619269916583805 0.02480000000000002 -0.031400000000000004
decision_type=10 10 2 10 2 8 8 10 10 8 10 2 10 10 8
left_child=1 4 -3 -2 5 -1 -7 14 -9 -10 -5 12 13 -12 -6
right_child=3 2 -4 10 7 6 -8 8 9 -11 11 -13 -14 -15 -16
leaf_value=4.3270401252475721e-05 0.00058412814736287153 0.00057158428350361878 -0.000543018600536035 -3.8329922144647282e-05 -9.6325882116024292e-05 0.001379289140902553 0.00034098804792284871 -7.3544749923095233e-05 0.00071485365033666396 -0.0015211873943954046 0.00042527811528544522 -5.5129793358384908e-05 -0.00014678519660866622 2.1827165763300177e-05 -1.577822126699984e-05
leaf_weight=364.17509383056313 51.602521363645792 4.3736293427646142 6.4527355153113604 335.18880498409271 367.81502412632108 4.5569920896086842 18.109001811128113 30.854964852333069 15.087170779705046 13.190363049507143 11.994567856192591 249.03405814617872 57.799501590430737 14.740471526980398 2477.1517591737211
leaf_count=13057 634 24 38 580 1468 162 1734 80 38 28 56 772 196 28 7375
internal_value=-0.000610244 -0.000411006 0.00802337 -0.00150921 -0.000442335 0.000557316 0.00536414 -0.000578955 0.00237154 0.00731465 -0.00174399 -0.000984495 0.00109185 0.00706014 -0.000643966
internal_weight=4022.13 3301.77 10.8264 720.36 3290.94 386.841 22.666 2904.1 59.1325 28.2775 668.757 333.569 84.5345 26.735 2844.97
internal_count=26270 24004 62 2266 23942 14953 1896 8989 146 66 1632 1052 280 84 8843
is_linear=0
shrinkage=0.0286577


Tree=236
num_leaves=16
num_cat=0
split_feature=34 30 15 11 6 35 15 5 5 30 19 1 35 34 5
split_gain=0.81311 0.591599 0.518482 0.670617 0.52815 0.693074 1.0418 0.488952 0.803804 1.05635 0.633227 0.461675 1.50198 0.405963 0.408658
threshold=0.017934989979495611 19.085000000000004 1.2873671182596247 0.85625263356349912 0.73271575396868383 3.3923247890210084 1.249277448711106 0.032266170836150555 0.042191227685048717 16.200000000000003 0.0090087885085657921 0.23223421926910301 3.1128483954983577 0.036659344670258338 0.53158382334363863
decision_type=10 10 10 8 8 2 8 8 8 8 8 2 2 10 10
left_child=2 -2 4 7 5 -1 -7 -4 9 -9 -10 -6 -13 -3 -15
right_child=1 13 3 -5 11 6 -8 8 10 -11 -12 12 -14 14 -16
leaf_value=-7.2247623703876904e-05 0.00056738840244047531 -3.7231476328445189e-05 -0.00032681511373961771 0.00097618311615633579 -3.6887319619331403e-05 -9.9377873590355732e-06 0.0012546950907637126 0.00044304050931832131 0.00033504930342925408 3.67612483423391e-05 -2.9965142029908012e-06 -4.2879630041761988e-05 0.00090006001283182203 -5.3549902571388395e-05 0.00041309064032280998
leaf_weight=13.846112817991527 51.602521363645792 335.18880498409271 112.03495726827532 3.2369938530027857 1308.0885014317464 5.3625716241076562 5.0489610116928825 3.5785280624404541 12.295014101080595 6.217135696671904 1810.5547277759761 14.193391692126172 7.3098392358515403 319.47209648787975 14.096502631902693
leaf_count=80 634 580 1360 24 8498 54 30 30 492 58 13272 74 32 996 56
internal_value=-0.00063133 -0.00150921 -0.000436692 -0.000131227 -0.000868747 0.00321106 0.00877857 -0.000158712 -4.0692e-05 0.00804108 -9.05887e-05 -0.000951208 0.00308007 -0.00174399 -0.000984495
internal_weight=4022.13 720.36 3301.77 1947.92 1353.85 24.2576 10.4115 1944.68 1832.65 9.79566 1822.85 1329.59 21.5032 668.757 333.569
internal_count=26270 2266 24004 15236 8768 164 84 15212 13852 88 13764 8604 106 1632 1052
is_linear=0
shrinkage=0.0286577


Tree=237
num_leaves=16
num_cat=0
split_feature=38 30 23 10 27 5 21 27 28 27 28 21 27 28 19
split_gain=0.768256 0.701069 1.00535 1.2524 0.69794 0.845649 0.601377 1.81803 0.607328 0.594863 0.987863 2.06303 0.893732 0.474842 0.566601
threshold=4.5000000000000009 18.990000000000006 0.16615995781093093 0.28544561090609416 0.92765948021063471 0.35914238558006112 0.020080259730222146 0.091272194177926508 0.083750000000000005 0.20796590097864401 -0.091799999999999979 0.056645930440529201 0.29955893117873728 -0.031400000000000004 0.026117859564308055
decision_type=2 8 8 10 10 10 10 8 10 10 10 10 10 8 10
left_child=1 2 4 -4 6 -6 7 -1 -8 -3 11 12 -11 -2 -15
right_child=13 9 3 -5 5 -7 8 -9 -10 10 -12 -13 -14 14 -16
leaf_value=0.0011442914467887379 -8.7114398607170701e-05 -8.9445608114841288e-05 -5.2809093044715299e-05 0.0017169500518264184 -0.00034841840715561773 1.9104563697300069e-05 -5.4888912130121759e-05 -3.1570949123606133e-07 0.00050964327562880824 0.0005419183251220795 -2.68759670691342e-05 0.00040125242985469269 -0.00011318171242460856 -0.00021068477522124095 9.9542145105838935e-06
leaf_weight=20.389213040471077 294.36882838839665 357.91318591940217 4.074188416823743 4.5517679918557405 6.6946685798466188 5.551324762403965 738.22490467131138 260.01002206141129 38.557766512036324 14.146179598756133 600.65486914920621 13.541139602661131 66.115043768426403 266.92392383562401 1330.4096337398514
leaf_count=275 2454 1513 120 56 131 26 3573 1628 202 92 2281 30 338 2712 10839
internal_value=-0.000645877 -0.00102037 -0.000492941 0.00905668 -0.0005812 0.00607988 -0.000669076 0.000443316 -0.00108345 -0.00155098 -0.00103664 0.00164597 0 -0.000218795 -1.74823e-05
internal_weight=4022.13 2130.42 1078.05 8.62596 1069.43 12.246 1057.18 280.399 776.783 1052.37 694.457 93.8024 80.2612 1891.7 1597.33
internal_count=26270 10265 6011 176 5835 157 5678 1903 3775 4254 2741 460 430 16005 13551
is_linear=0
shrinkage=0.0286577


Tree=238
num_leaves=16
num_cat=0
split_feature=34 18 34 4 26 26 18 27 35 5 5 12 2 19 12
split_gain=1.0078 0.805326 1.21851 0.640647 0.626655 1.12036 0.985991 0.919039 0.88747 0.653777 1.76574 0.807505 0.497683 0.490722 0.599239
threshold=-0.013252614868770605 0.17524079693891007 0.023334753094958142 0.022014334074518242 0.69270683902566044 0.69941021410555471 0.020895484150340819 0.1523283393243558 4.8281136972916325 0.35447291061872305 0.36300166120682664 0.06999676935671649 0.1390199639939228 0.0060406814024732613 0.03839599651037761
decision_type=8 10 10 8 8 8 10 10 2 8 8 10 2 10 10
left_child=3 4 -3 13 9 6 -6 -7 -9 -2 12 -12 -11 14 -1
right_child=1 2 -4 -5 5 7 -8 8 -10 10 11 -13 -14 -15 -16
leaf_value=-0.00082879228244098278 -5.1245085470856021e-05 0.00055698919958967197 -0.0014596796853490609 -0.00020491276326971785 -0.0013033389161744748 -3.2747999732699677e-05 0.0027400898803076278 9.0434487001138738e-05 -0.0005479103455283803 4.8931863672777125e-05 -0.00018299679085232221 0.00017290836795473663 1.8039974475960541e-05 7.7551511084861615e-07 0.00089928821807920068
leaf_weight=2.9581029806286088 1254.8192625634838 6.6639930009841901 6.9944325461983681 281.18605619948357 2.8723577947821459 173.40835003787652 4.441257581114769 333.39280502032489 117.1864309895318 6.2593822972849011 196.52426274772733 59.716640960425138 6.4753749966621399 1565.367745928932 3.8602043930441141
leaf_count=80 6528 24 20 2570 36 603 18 1556 628 22 826 266 22 13021 50
internal_value=-0.000606493 -0.00102638 0.00574193 -0.000109724 -0.0010745 -0.000294935 0.0106319 -0.000442814 0.000219676 -0.00139084 -6.95417e-05 -0.000627707 0.010206 0.000109815 0.00766836
internal_weight=4022.13 2168.75 13.6584 1853.37 2155.1 631.301 7.31362 623.988 450.579 1523.79 268.976 256.241 12.7348 1572.19 6.81831
internal_count=26270 10549 44 15721 10505 2841 54 2787 2184 7664 1136 1092 44 13151 130
is_linear=0
shrinkage=0.0286577


Tree=239
num_leaves=16
num_cat=0
split_feature=38 32 20 10 27 15 18 2 27 28 6 22 27 27 12
split_gain=0.786876 0.956153 0.92498 1.27403 0.673251 1.20598 0.686074 0.691876 0.508273 0.851307 1.63768 2.06642 0.897061 0.460188 1.27349
threshold=4.5000000000000009 0.77242744063324553 0.20340789130071477 0.29780666421283258 0.92765948021063471 1.6544107934975802 0.13920150315958293 0.045681458595142825 0.20796590097864401 -0.091799999999999979 1.6008381215546239 0.044740056484257225 0.24540568419713552 0.28053009207921609 0.044559158952838164
decision_type=2 8 8 10 10 10 8 2 10 10 8 10 10 10 8
left_child=1 2 4 -4 6 -6 7 -1 -3 10 11 -10 -12 14 -11
right_child=-2 8 3 -5 5 -7 -8 -9 9 13 12 -13 -14 -15 -16
leaf_value=0.0003269251865867506 -1.0425514689377424e-05 -8.5413742274764512e-05 -0.0003719538210017713 0.0016419747891342311 -8.2339017006888223e-06 1.7522991049468608e-05 0.00043240511813544849 -1.826849526138099e-05 -0.0016833563424515834 5.5923172289906205e-05 0.00039989774490341756 0.00057460619862567653 -0.00011252983020835118 -3.548331177137012e-05 -2.9101396111656169e-05
leaf_weight=5.8435344700701526 1891.7023859638721 357.91318591940217 4.0113966437056643 4.1909118290059268 7.5323630534112436 4.7136302888393402 5.6187587939202777 1046.1432609572075 4.6768261119723302 16.398370668292046 8.0069720251485688 6.0964720398187637 75.022092792904004 516.18117110407911 68.075327376835048
leaf_count=90 16005 1513 104 30 78 79 14 5616 46 44 40 14 360 1871 366
internal_value=-0.000622712 -0.00100152 -0.000389325 0.00900748 -0.000472586 0.00607988 -0.00055917 -0.00062232 -0.00161897 -0.00113966 0.00134078 0.0117305 0 -0.00154395 0.000317669
internal_weight=4022.13 2130.42 1078.05 8.20231 1069.85 12.246 1057.61 1051.99 1052.37 694.457 93.8024 10.7733 83.0291 600.655 84.4737
internal_count=26270 10265 6011 134 5877 157 5720 5706 4254 2741 460 60 400 2281 410
is_linear=0
shrinkage=0.0286577


Tree=240
num_leaves=16
num_cat=0
split_feature=35 8 33 9 12 11 9 24 12 12 12 7 10 11 19
split_gain=0.795031 2.99461 0.773292 0.527098 1.44506 1.70686 1.94928 0.634444 0.557416 0.531144 1.19501 0.583587 0.450746 0.652896 0.808257
threshold=6.9128743717114673 0.1971386450627132 0.081947990881926627 0.34119029518440447 0.045767747468455799 0.39856163151351515 0.3984332609683004 8.5000000000000018 0.045141657682041265 0.074855573851770038 0.077664016948869902 0.31334480285535143 0.16724914889933332 0.33446011054948821 0.1490259174267288
decision_type=2 8 10 10 10 10 10 2 8 10 10 10 10 10 10
left_child=2 -2 3 7 5 8 -7 -1 -5 11 -11 -6 -4 14 -14
right_child=1 -3 12 4 9 6 -8 -9 -10 10 -12 -13 13 -15 -16
leaf_value=-6.1391813337553564e-06 0.00025906641247493102 -6.9758187511512175e-06 -9.7226751302519011e-05 -6.0254661248762387e-05 1.2281268504693202e-05 0.001204270446026133 -3.4536782746108255e-05 -3.977232416434999e-05 0.00037069496597240761 0.00073436629532873659 -1.105249114096006e-05 -0.00028049471145303337 0.00010575434663415827 -7.4961829685216773e-05 0.0012564943190444271
leaf_weight=401.98804949736223 6.5458339783363071 21.760797628900036 147.65174435265362 53.19909942895174 26.057132989168167 12.755992382764818 7.2815450690686694 1804.2351704556495 6.4231550693511954 21.98013830371201 596.29839524067938 225.07973246555775 452.7862058756873 230.08859484083951 7.9950724598020306
leaf_count=10803 44 126 1342 326 132 70 76 3690 18 68 2494 797 4360 1872 52
internal_value=-0.000592052 0.00412889 -0.00062824 -0.000834249 -0.000255572 0.0034145 0.010644 -0.00107862 0.000787055 -0.0006041 -0.000134893 -0.00171847 0.000135106 0.000453036 0.00108446
internal_weight=4022.13 28.3066 3993.82 3155.3 949.075 79.6598 20.0375 2206.22 59.6223 869.415 618.279 251.137 838.522 690.87 460.781
internal_count=26270 170 26100 18474 3981 490 146 14493 344 3491 2562 929 7626 6284 4412
is_linear=0
shrinkage=0.0286577


Tree=241
num_leaves=16
num_cat=0
split_feature=34 28 28 5 5 24 28 17 6 28 12 16 26 35 23
split_gain=1.02197 0.637858 1.03574 0.594279 1.42825 2.03997 0.64201 0.831166 1.61234 0.965403 0.776322 1.0963 0.596468 1.0881 1.1119
threshold=-0.013252614868770605 -0.038999999999999972 -0.037700000000000004 0.34494374212011319 0.36300166120682664 11.500000000000002 -0.0049999999999999897 1.3132113741768947 1.5038955628703168 -0.01865000000000001 0.097319672317376704 1.0131129181023379 0.68111276240601049 4.1289875024258498 0.075690805341604897
decision_type=8 10 10 8 8 2 10 10 10 10 10 10 10 2 10
left_child=1 -1 -3 12 5 -5 7 9 -9 -6 -8 -12 -2 14 -14
right_child=3 2 -4 4 6 -7 10 8 -10 -11 11 -13 13 -15 -16
leaf_value=-0.00042679582325363236 -4.171262957853008e-05 7.5486329633427964e-05 1.6999419443831009e-06 -8.6151362591219035e-05 -0.0007872355812120718 0.00032756554904179189 -0.00026337580931838205 3.6678542139061186e-05 0.00036007171625843717 0.00085913518239846495 0.00083393635065639961 -0.00019589767896712644 -0.00017488678679787007 -4.884881555711919e-05 0.00084967417097206379
leaf_weight=253.00789250526577 1375.6693466259167 5.9228768637403837 1594.4413401330821 19.938513183966279 124.57945642434061 22.492211818695068 183.19515859056264 19.310114271007482 10.169313387945293 18.676197622902691 7.1388764977455166 16.645087849348783 92.60679039824754 206.8634826533962 71.470001212321222
leaf_count=2115 7182 58 13548 112 632 32 604 71 32 122 36 54 414 1010 248
internal_value=-0.000598597 -9.84615e-05 0.000107216 -0.00102136 -3.19489e-05 0.00491459 -0.000613529 0.000634411 0.00501194 -0.000203596 -0.00170259 0.0029669 -0.00125476 -0.000203416 0.00150715
internal_weight=4022.13 1853.37 1600.36 2168.75 422.145 42.4307 379.714 172.735 29.4794 143.256 206.979 23.784 1746.61 370.94 164.077
internal_count=26270 15721 13606 10549 1695 144 1551 857 103 754 694 90 8854 1672 662
is_linear=0
shrinkage=0.0286577


Tree=242
num_leaves=16
num_cat=0
split_feature=34 18 34 18 9 3 4 24 8 28 28 28 19 19 24
split_gain=0.846929 0.819731 1.18418 0.608508 0.827051 0.776935 0.537688 0.496513 0.741185 0.468427 0.449366 0.554707 0.446793 1.15815 0.479489
threshold=-0.013252614868770605 0.17524079693891007 0.023334753094958142 0.067617670041730929 0.66240110298525756 27.500000000000004 0.022014334074518242 8.5000000000000018 0.24414122398715946 -0.025150000000000002 -0.029950000000000001 -0.029150000000000006 0.066121127957478931 0.065687096287286029 10.500000000000002
decision_type=8 10 10 10 10 2 8 2 10 8 10 10 10 10 2
left_child=6 3 -3 4 7 -6 10 9 -9 -2 -1 -12 13 -13 -14
right_child=1 2 -4 -5 5 -7 -8 8 -10 -11 11 12 14 -15 -16
leaf_value=-5.8681044377484614e-05 0.00047315777048774607 0.00051774403963356357 -0.0014059627113676746 -9.8101790890244803e-05 -3.6990952396683332e-06 6.9532486404861919e-07 -0.00019861445424848597 -5.9280513587245176e-05 -1.5002280234316781e-05 -9.4548244950506984e-06 0.00047906718542752019 1.2037704687204772e-05 0.0001732470228830852 0.0034967647202262726 -0.00010620736594863791
leaf_weight=237.04087255895138 61.067097842460498 6.6639930009841901 6.9944325461983681 179.67397248977795 5.8809209167957288 5.1425374001264572 281.18605619948357 664.73162456788123 989.06697010248899 249.53300166968256 3.2900728397071353 817.77010886464268 286.76304024783894 7.4675068370997897 219.85445195436478
leaf_count=1861 1026 24 20 601 24 20 2570 1214 2286 5334 36 7304 3474 58 418
internal_value=-0.000567542 -0.000952565 0.00588544 -0.00100114 -0.000848225 0.00679763 -0.000111567 -0.000896987 -0.00109509 0.000125835 8.90167e-05 0.000299021 0.000261303 0.000676996 -0.000396186
internal_weight=4022.13 2168.75 13.6584 2155.1 1975.42 11.0235 1853.37 1964.4 1653.8 310.6 1572.19 1335.15 1331.86 825.238 506.617
internal_count=26270 10549 44 10505 9904 44 15721 9860 3500 6360 13151 11290 11254 7362 3892
is_linear=0
shrinkage=0.0286577


Tree=243
num_leaves=16
num_cat=0
split_feature=5 5 11 17 13 9 11 26 22 25 8 18 26 26 22
split_gain=0.649212 1.34661 2.39271 1.02647 0.682665 0.49097 0.971166 1.41445 2.46847 0.478414 0.742101 0.598746 0.385627 0.423074 0.903442
threshold=0.097503570279467267 0.10132413739880118 0.2541684394159906 0.80070790992411423 1.6970548397050687 0.17385741175301436 0.16440341994104204 0.18311444901916815 0.030095293293343112 0.79309616540128858 0.81339395314152785 0.17524079693891007 0.44972874263970891 0.5374592426330701 0.038083183395733362
decision_type=8 8 8 8 10 10 10 10 10 8 10 8 8 10 10
left_child=-1 2 3 -2 -5 12 7 -7 -9 11 -11 -8 -3 14 -14
right_child=1 5 -4 4 -6 6 9 8 -10 10 -12 -13 13 -15 -16
leaf_value=-3.7207238525878754e-05 0.00013376562179081325 -0.00021700061943779475 -0.0010209908574188157 -1.078645327300592e-06 0.00028694908616568152 -2.4651698516746308e-05 -6.7829091440235247e-06 0.0003255336100190718 0.00035388605682097217 -5.2503554776764216e-05 0.00082575442903200626 0.00039610554502143668 -2.5327752211077155e-05 -3.4361156502417008e-05 0.00016832021556081078
leaf_weight=690.2868210435845 6.0886882059276113 230.45005972217768 14.288342826999722 4.4537609498947859 4.597464551217854 26.863337971270084 1969.0102752689272 9.8322241529822332 48.746843032538891 752.29601686587557 6.8097390234470359 11.203642860054968 69.959836547728628 97.923348678508773 79.3162583373487
leaf_count=4904 16 2500 114 40 30 92 10957 74 514 4591 32 48 582 1218 558
internal_value=-0.000524546 -0.000354687 0.0057022 0.0136514 0.00573859 -0.000412067 -0.000263863 0.00272725 0.00527357 -0.000361014 -0.000974488 -0.000120729 -0.00126715 -0.000428988 0.000478575
internal_weight=4022.13 3331.84 29.4283 15.1399 9.05123 3302.41 2824.76 85.4424 58.5791 2739.32 759.106 1980.21 477.65 247.199 149.276
internal_count=26270 21366 200 86 70 21166 16308 680 588 15628 4623 11005 4858 2358 1140
is_linear=0
shrinkage=0.0286577


Tree=244
num_leaves=16
num_cat=0
split_feature=33 8 23 25 17 12 35 12 23 19 26 17 17 28 28
split_gain=0.659249 0.579362 0.768398 0.876759 0.688501 0.505308 2.53789 0.646401 0.543317 1.05053 0.795896 0.504813 0.755703 1.12558 2.18312
threshold=0.081947990881926627 0.24225459660320817 0.0080900947714844535 0.39887630361142662 1.2167103251183133 0.027381116511311514 5.9394997493739021 0.026521411908102237 0.040673000557745649 0.063933690826104284 0.11564756659324311 1.3734181329216304 1.2675187768350222 -0.0012500000000000009 0.023800000000000019
decision_type=10 10 8 10 10 10 2 10 8 8 8 10 10 8 10
left_child=1 -1 3 4 -3 6 7 -4 10 -10 -7 12 -2 -14 -15
right_child=11 2 5 -5 -6 8 -8 -9 9 -11 -12 -13 13 14 -16
leaf_value=-3.1022144114844186e-05 1.0876986752352786e-05 -1.5100310695783897e-05 -0.00041145379649123543 4.0938127472619625e-05 3.400187317923723e-05 0.0012667503496919229 0.00078982100547582944 2.2034742244419176e-05 1.3180218766197041e-05 -2.3247200660547924e-05 -0.00015692796161733018 -0.00016717912520259869 -0.0001840547772067912 0.0014967016473602362 -1.0951698845314793e-05
leaf_weight=1200.5284334474709 699.87698818836361 11.442942471243439 39.510145764797926 2.6944047585129729 1.8284294758923341 5.6762393228709689 4.4430568218231192 12.465728335082529 395.63061837432906 955.24848994286731 548.60540735861287 99.992763444781303 16.265953974798322 13.424340666271748 14.492717690765856
leaf_count=9726 6282 166 316 8 54 28 8 40 1645 3978 2619 952 152 162 134
internal_value=-0.000552052 -0.00074166 -0.000432335 0.00573675 0.00173426 -0.000488286 0.00214253 0.000129797 -0.000571668 -0.000252441 -0.0013313 0.000150087 0.000417978 0.00405343 0.00758749
internal_weight=4022.13 3178.07 1977.55 15.9658 13.2714 1961.58 56.4189 51.9759 1905.16 1350.88 554.282 844.053 744.06 44.183 27.9171
internal_count=26270 18588 8862 228 220 8634 364 356 8270 5623 2647 7682 6730 448 296
is_linear=0
shrinkage=0.0286577


Tree=245
num_leaves=16
num_cat=0
split_feature=32 38 18 32 18 10 7 23 10 25 5 5 16 18 18
split_gain=0.588523 0.896395 0.686202 1.12533 0.8801 1.29046 0.525345 1.44069 1.48448 0.744324 0.685917 1.66624 1.34531 0.852966 0.590244
threshold=0.77506596306068609 4.5000000000000009 -0.015441039967317714 0.90435356200527706 -0.04502329706302071 0.32626893151785025 0.20098715299528033 0.010529252125584978 0.18416168038366601 0.39608127217701511 0.18555228348013017 0.18913844794914089 1.0536785476857695 0.17524079693891007 0.042299239721030564
decision_type=8 2 10 10 10 10 10 8 10 8 8 8 10 8 10
left_child=6 -2 3 -3 -5 -6 -1 8 -8 -10 -9 12 -12 -13 -11
right_child=1 2 -4 4 5 -7 7 10 9 14 11 13 -14 -15 -16
leaf_value=-4.5206236589886409e-05 -2.6073240293317141e-05 0.00022490722758405243 -0.00016796884637600498 -3.4191031229830208e-06 5.7014155354698385e-05 0.00032037702869266326 0.00031709360102752599 -2.6727241539264182e-05 -1.4667571149782404e-05 0.00019647615234538317 -0.0004768335177959588 2.5977732595305459e-06 0.00072881485756799312 0.00038437637340540617 3.9764936599031236e-05
leaf_weight=605.18734854785725 1052.370418038452 109.25249637896195 304.96606174204499 8.7181936725974065 19.657138437032703 6.731434352695941 4.5701481541618731 853.00377301918343 12.075136860832574 2.2695818440988651 8.5527233276516217 1011.7954935617745 15.848605107516049 4.3936019353568545 2.7345050582662225
leaf_count=5536 4254 2002 2842 46 74 34 42 4803 222 338 68 5861 108 12 28
internal_value=-0.000540056 -0.000991595 5.8795e-05 0.00170514 0.00616109 0.00879605 -0.000267009 -2.9032e-05 0.00727556 0.00260448 -0.000118673 0.0003688 0.00774369 0.000180208 0.0117715
internal_weight=4022.13 1501.7 449.325 144.359 35.1068 26.3886 2520.43 1915.24 21.6494 17.0792 1893.59 1040.59 24.4013 1016.19 5.00409
internal_count=26270 9252 4998 2156 154 108 17018 11482 630 588 10852 6049 176 5873 366
is_linear=0
shrinkage=0.0286577


Tree=246
num_leaves=16
num_cat=0
split_feature=34 18 34 28 28 27 18 18 14 23 24 26 16 0 27
split_gain=0.776854 0.938917 1.64171 0.742065 0.908558 0.860761 0.782975 0.560348 1.05034 0.536735 0.511885 0.498891 2.56392 0.583719 0.762993
threshold=0.017934989979495611 0.17524079693891007 -0.010953178603129885 -0.038999999999999972 -0.037700000000000004 0.28053009207921609 0.069023962074503356 -0.071124661246612417 2.0105107175815875 0.023696994538165986 8.5000000000000018 0.80697134066495624 0.95471034901650043 0.48375000000000007 0.20796590097864401
decision_type=8 8 10 10 10 10 10 10 10 10 2 8 8 2 10
left_child=1 3 -3 7 5 -5 9 8 -1 -6 -2 -12 -13 14 -14
right_child=10 2 -4 4 6 -7 -8 -9 -10 -11 11 12 13 -15 -16
leaf_value=-5.5478879531668809e-05 1.1715243646645855e-05 -0.00056044435542079816 0.00058238984903271522 0.00010555620775765962 -4.2350831922934498e-05 -0.00104213922970905 -5.2703642376856732e-05 -0.00050825065426065544 0.0034898661221857454 3.2098254020686446e-06 -5.0626720375858947e-05 0.00032723167336269913 -2.2965698115689031e-05 -0.00023199495985818823 0.00034600984633643836
leaf_weight=10.101041850633921 203.41918386449106 5.7555748056620359 5.0707900524139387 5.5232006674632412 373.67333802208304 5.6608710363507271 156.57645642291754 421.61425998713821 7.5396494390442959 1974.2825328432955 597.12847630493343 19.820224285125732 49.322943031787872 141.76008655875921 44.878030866384506
leaf_count=58 5212 42 20 52 2994 38 794 2868 40 12564 1108 32 86 278 84
internal_value=-0.000521114 -0.000278985 0.00802337 -0.000313392 -0.000119242 0.00793095 -0.000159888 -0.00140204 0.00339475 -2.46526e-05 -0.0011913 -0.00149988 -0.000390996 -0.00126308 0.000395678
internal_weight=4022.13 2965.8 10.8264 2954.97 2515.72 11.1841 2504.53 439.255 17.6407 2347.96 1056.33 852.91 255.781 235.961 94.201
internal_count=26270 19470 62 19408 16442 90 16352 2966 98 15558 6800 1588 480 448 170
is_linear=0
shrinkage=0.0286577


Tree=247
num_leaves=16
num_cat=0
split_feature=34 18 34 18 31 21 23 7 23 30 4 27 23 7 34
split_gain=1.07041 0.926351 1.64171 0.594701 0.684477 0.581206 0.555696 0.59575 0.506656 0.47989 0.443346 1.10651 0.403433 0.909276 0.346945
threshold=0.017934989979495611 0.17524079693891007 -0.010953178603129885 0.080553974389522845 -7.8599999999999994 0.010367129410649814 0.0080900947714844535 0.24417144531953613 0.023696994538165986 18.990000000000006 0.19277221419321111 0.41278012987839824 0.010529252125584978 0.20172176125189054 0.044537665433402103
decision_type=8 8 10 10 10 8 8 8 8 8 10 8 10 10 8
left_child=1 3 -3 5 -5 12 7 -7 -8 -2 14 -12 13 -1 -11
right_child=9 2 -4 4 -6 6 8 -9 -10 10 11 -13 -14 -15 -16
leaf_value=-0.00040786512494499086 0.00053970570760150172 -0.00054438333251803953 0.00056569991967010149 0.00053960022169013305 -6.6007800114172149e-05 3.9839042303941182e-05 -0.00011630040541699328 0.00011887214930258605 9.880106801715302e-07 -4.2208781726868648e-05 0.00034624390893693265 -0.0011710287269718932 -0.00018686518151872148 0.00030922011659633195 -1.7114461535299625e-05
leaf_weight=10.276110673323272 56.507261028047651 5.7555748056620359 5.0707900524139387 3.5120942890644065 153.25530495028943 16.543213297612969 319.32826828584075 2.6165984263643614 2250.8331434805878 569.69341510534286 8.7894394099712354 13.992403477430345 194.17162224464118 4.4349946212023488 407.34642589068972
leaf_count=164 2502 42 20 12 842 196 2522 68 14304 886 16 52 1178 122 3344
internal_value=-0.000511419 -0.000228287 0.00802337 -0.000262508 -0.00198454 -0.00016232 -4.10002e-05 0.00478398 -8.12657e-05 -0.00129671 -0.00144652 0.00231911 -0.00161691 0.00265038 -0.00154503
internal_weight=4022.13 2965.8 10.8264 2954.97 156.767 2798.2 2589.32 19.1598 2570.16 1056.33 999.822 22.7818 208.883 14.7111 977.04
internal_count=26270 19470 62 19408 854 18554 17090 264 16826 6800 4298 68 1464 286 4230
is_linear=0
shrinkage=0.0286577


Tree=248
num_leaves=16
num_cat=0
split_feature=30 38 15 8 25 12 12 28 19 12 20 15 12 8 16
split_gain=0.845176 0.887747 0.681214 1.29056 0.647005 0.85266 0.558612 0.521561 0.67234 1.05969 1.3016 0.435928 0.368867 0.915174 1.02511
threshold=19.055000000000003 4.5000000000000009 0.9420373887183694 0.81339395314152785 0.801498580135937 0.0094245228593086705 0.021136429824934272 -0.091799999999999979 0.048970740150288967 0.064320987710456565 0.041630812853890399 1.3830668751700514 0.042628669411259229 0.35968112603969088 1.0044993297202394
decision_type=8 2 10 8 10 10 10 10 8 10 8 10 10 10 10
left_child=2 7 -1 4 5 -4 -7 8 -2 10 -10 -6 13 -3 -15
right_child=1 12 3 -5 11 6 -8 -9 9 -11 -12 -13 -14 14 -16
leaf_value=-0.00036106568300060159 -8.9775327819037073e-06 0.00015614881731892998 2.303907200577205e-05 0.00078175002360496737 -0.0003354227888719447 -0.00027679303316380477 4.2855545407963202e-06 -4.0999176877688337e-05 0.00033632136926356639 -6.9611306706141314e-05 0.00033637984536489672 -1.4749908507394776e-05 -3.1428653716809659e-05 0.00011216162113569285 -0.0016970415751522763
leaf_weight=160.74884398607537 122.13233188539743 136.39271149458364 4.261941611301153 3.1339477058500043 162.41629870375618 147.32290911022574 1583.3438094058074 853.94177550519817 7.9312536716461173 26.073030412197113 42.292026564013213 459.20316689368337 306.87547212094069 3.5407791333273044 2.5163618344813585
leaf_count=785 456 2228 38 14 1086 1389 10073 3550 12 64 172 3633 2716 14 40
internal_value=-0.000464856 -0.00100408 -0.00013957 -1.22688e-05 -4.17976e-05 0.00023799 0.000199756 -0.00145961 -8.25108e-05 0.00197038 0.00446962 -0.000838489 4.08818e-05 0.00126497 0.0120594
internal_weight=4022.13 1501.7 2520.43 2359.68 2356.55 1734.93 1730.67 1052.37 198.429 76.2963 50.2233 621.619 449.325 142.45 6.05714
internal_count=26270 9252 17018 16233 16219 11500 11462 4254 704 248 184 4719 4998 2282 54
is_linear=0
shrinkage=0.0286577


Tree=249
num_leaves=16
num_cat=0
split_feature=32 18 10 31 18 18 27 26 24 18 18 10 22 23 23
split_gain=0.968267 0.56875 1.54263 0.982155 1.11217 0.964369 0.728161 0.504244 0.491553 0.462846 0.574789 0.452041 0.697262 2.70507 0.70676
threshold=0.77506596306068609 -0.017348747845893072 0.092727151753117035 2.4500000000000006 -0.043776093217339489 -0.043188246943886503 1.0001589488184808 0.44618991484039977 11.500000000000002 0.17524079693891007 0.084015358702200685 0.13931434015535557 0.034016591659410352 0.024223756662458105 0.015396831330570794
decision_type=8 8 10 10 10 8 10 8 2 10 10 10 10 8 10
left_child=9 2 -2 4 -4 -6 8 -3 -5 10 11 -1 13 -13 -14
right_child=1 7 3 6 5 -7 -8 -9 -10 -11 -12 12 14 -15 -16
leaf_value=-0.00040737528415099697 1.2617983722944735e-05 -0.00034725836398275933 -2.2085918271721594e-05 -4.4815900632629669e-06 0.00010894733170901387 0.00018278358724691928 2.1545832464017199e-05 -1.0310670233544606e-05 -0.00011628017647677303 0.00034033666820184406 -4.9424464365227951e-05 -1.4298064855128146e-05 0.0013567032764200911 1.9388001579030849e-05 -1.4327210667619236e-05
leaf_weight=148.58935675630346 3.311724215745925 353.9511848858092 20.778640585951507 191.77999606914818 3.4974853992462158 25.665177921764556 9.3158298283815366 761.46975449984893 131.92594921588898 6.8353432249277821 111.79670976195484 302.17823252733797 8.2309360448271018 150.60891508450732 1792.1914240168408
leaf_count=1652 10 2346 238 1738 8 328 36 4378 170 32 584 2722 72 1148 10808
internal_value=-0.00046749 -0.00104435 -6.91344e-05 -0.000268713 0.00343063 0.00707653 -0.000855333 -0.00137307 -0.00111115 -0.000119776 -0.000144234 -4.64013e-05 5.0352e-05 0.00105881 -0.000197839
internal_weight=4022.13 1501.7 386.275 382.963 49.9413 29.1627 333.022 1115.42 323.706 2520.43 2513.6 2401.8 2253.21 452.787 1800.42
internal_count=26270 9252 2528 2518 574 336 1944 6724 1908 17018 16986 16402 14750 3870 10880
is_linear=0
shrinkage=0.0286577


Tree=250
num_leaves=16
num_cat=0
split_feature=34 18 2 24 33 11 8 33 8 11 7 18 34 15 35
split_gain=0.897784 0.915417 1.67978 0.815684 0.699669 0.624974 1.17826 1.62304 2.51176 0.91545 0.748286 0.577317 0.484712 0.454407 0.448657
threshold=0.017934989979495611 0.17524079693891007 0.20484560838988075 8.5000000000000018 0.0068519906630261094 0.16440341994104204 0.15081401441820788 0.039729145399033612 0.16646592651996026 0.16207190175927019 0.20098715299528033 0.080553974389522845 -0.00087766028867669588 1.1209140120986467 3.1128483954983577
decision_type=8 8 2 2 10 10 10 8 10 10 10 10 8 10 2
left_child=1 5 -3 4 14 6 12 8 -8 -9 -7 13 -1 -12 -2
right_child=3 2 -4 -5 -6 10 7 9 -10 -11 11 -13 -14 -15 -16
leaf_value=-0.00037944050727060235 0.00049935610513599025 0.00046428571686244049 -0.00052758642963497508 -2.9705661449246738e-05 -5.2317872500660166e-06 -0.00019879476763119149 9.9370740848598356e-06 8.759434098373619e-05 0.0003006455272179332 0.00069859739447900319 -7.4814627650258094e-05 -5.4093155104988734e-05 1.9966998017539493e-05 4.2345442365024454e-06 0.00027832936347750359
leaf_weight=89.054185823537409 28.422498346306384 4.3736293427646142 6.4527355153113604 852.90976104699075 65.040737666189671 469.75324324844405 18.441688310354952 95.132271287031472 11.527691050432621 9.4359787572175247 453.67464634263888 156.64808974694461 2.0185390114784232 1649.2850166908465 109.95594785199501
leaf_count=896 862 24 38 1588 398 3959 98 754 136 110 2493 850 8 10104 3952
internal_value=-0.0004435 -0.000183946 0.00802337 -0.00116262 0.000429674 -0.000218005 0.00122128 0.00294538 0.00885012 0.00114242 -0.000340717 -0.000119476 -0.00121763 9.03691e-07 0.00162101
internal_weight=4022.13 2965.8 10.8264 1056.33 203.419 2954.97 225.61 134.538 29.9694 104.568 2729.36 2259.61 91.0727 2102.96 138.378
internal_count=26270 19470 62 6800 5212 19408 2002 1098 234 864 17406 13447 904 12597 4814
is_linear=0
shrinkage=0.0286577


Tree=251
num_leaves=16
num_cat=0
split_feature=34 28 28 39 36 11 14 26 26 26 20 33 32 2 0
split_gain=0.828597 0.551674 1.01587 0.53213 0.702538 1.32268 2.69545 1.0811 2.25201 0.830894 0.729766 1.39072 0.53732 0.832924 0.510966
threshold=-0.013252614868770605 -0.038999999999999972 -0.037700000000000004 3.5000000000000004 1.0000000180025095e-35 0.17415212587448722 1.4223617140021549 0.43735420466710478 0.46477957081496768 0.093897919101698632 0.22151002963964506 0.02057792929895386 0.77506596306068609 0.26384275800969598 0.42802500000000004
decision_type=8 10 10 2 2 8 8 8 8 10 10 8 8 2 2
left_child=1 -1 14 4 10 6 -6 9 -9 -7 12 -12 13 -2 -3
right_child=3 2 -4 -5 5 7 -8 8 -10 -11 11 -13 -14 -15 -16
leaf_value=-0.00036856663082138408 -8.9024832023272646e-05 8.6848272713298175e-06 3.8746303955716028e-06 -0.00019915249256925027 0.00029202973039251282 1.8711034729966784e-05 9.4737800549573366e-06 0.00045098037537790988 -2.0291695837373488e-06 -6.4867306450904435e-05 0.00075963613064346973 -4.8342643973439019e-05 -0.0001017268719868558 0.00010630020273884532 0.00081916925752448082
leaf_weight=253.00789250526577 477.33766228659078 3.5357823781669131 1594.4413401330821 184.70226942002773 8.153542175889017 6.159697610186412 22.113686128053814 38.88074959628284 487.26787775638513 317.55859351949766 5.7175445556640607 7.8829260068014264 557.47772565460764 55.502275826409459 2.3870944855734706
leaf_count=2115 2689 22 13548 558 44 78 660 146 2298 1392 8 56 2376 244 36
internal_value=-0.000435163 4.46997e-06 0.000206448 -0.000815414 -0.000671175 -5.52478e-05 0.00579411 -0.000276785 0.000510669 -0.00158684 -0.00115311 0.00525447 -0.00124326 -0.000565105 0.0118511
internal_weight=4022.13 1853.37 1600.36 2168.75 1984.05 880.134 30.2672 849.867 526.149 323.718 1103.92 13.6005 1090.32 532.84 5.92288
internal_count=26270 15721 13606 10549 9991 4618 704 3914 2444 1470 5373 64 5309 2933 58
is_linear=0
shrinkage=0.0286577


Tree=252
num_leaves=16
num_cat=0
split_feature=34 18 2 28 17 30 18 26 26 18 34 17 19 34 5
split_gain=0.901011 0.908051 1.67978 0.534136 1.66411 0.57787 0.520697 0.471897 0.736797 2.52074 0.698084 1.51936 0.563586 0.461784 0.391843
threshold=0.017934989979495611 0.17524079693891007 0.20484560838988075 -0.14084999999999995 1.4033034374824884 18.990000000000006 0.080553974389522845 0.26083331009432714 0.27028001263253804 0.036403410153042388 -0.021528922489715659 1.1369644050992005 0.0090087885085657921 -0.00087766028867669588 0.14002922998774484
decision_type=8 8 2 10 10 8 10 10 10 10 10 10 8 10 10
left_child=1 6 -3 4 14 -5 7 10 9 -9 11 -1 -10 -12 -2
right_child=3 2 -4 5 -6 -7 -8 8 12 -11 13 -13 -14 -15 -16
leaf_value=-0.00026286508919412988 -8.0237281276502996e-05 0.00043805633382484443 -0.00051257807578026788 0.00065676146394481676 0.0003305781668689562 -2.8435114558476245e-05 -5.2654009777358611e-05 -0.00015189866605669743 0.00027971751705065513 0.0004843198357709637 -0.00030396272166429653 4.4045318146531922e-05 -1.1359775070290393e-06 1.7238623124516026e-05 6.3818316610667665e-06
leaf_weight=241.45407022349536 97.275604180293158 4.3736293427646142 6.4527355153113604 51.867400775197893 7.6586406826972953 811.82391994912177 156.76739923935384 27.588891559280455 14.511543453671036 9.1666006091982108 320.73329933546484 82.3954555708915 2068.9880468477495 33.36604342982173 87.703379324171692
leaf_count=2236 402 24 38 2390 24 3470 854 136 162 34 894 802 14097 193 514
internal_value=-0.000413864 -0.000153958 0.00802337 -0.00113397 0.000185207 -0.0014397 -0.000187907 -9.40366e-05 0.000112343 0.00412432 -0.000753979 0.000180154 3.63434e-05 -0.00163597 -0.000311648
internal_weight=4022.13 2965.8 10.8264 1056.33 192.638 863.691 2954.97 2798.2 2120.26 36.7555 677.949 323.85 2083.5 354.099 184.979
internal_count=26270 19470 62 6800 940 5860 19408 18554 14429 170 4125 3038 14259 1087 916
is_linear=0
shrinkage=0.0286577


Tree=253
num_leaves=16
num_cat=0
split_feature=34 20 0 24 24 28 28 26 17 8 17 26 34 34 16
split_gain=0.940711 0.843452 1.68323 1.66507 0.778271 0.64165 1.01891 0.596447 0.732311 2.6006 0.729773 2.59255 0.661054 0.736515 0.840022
threshold=-0.013252614868770605 0.008940561452871117 0.32912500000000006 9.5000000000000018 8.5000000000000018 -0.038999999999999972 -0.037700000000000004 0.77376867429012164 1.4878300954611379 0.36186082664874103 1.0027436251211927 0.800426298387933 0.017934989979495611 0.015727904251998773 1.09123030172227
decision_type=8 8 2 2 2 10 10 8 10 8 8 8 8 10 10
left_child=1 2 -1 -4 -2 -3 -7 12 10 -10 11 -9 13 -6 -15
right_child=4 5 3 -5 7 6 -8 8 9 -11 -12 -13 -14 14 -16
leaf_value=-0.00032539449849383883 3.0590451376152267e-06 -0.00047403877312980934 0.00012033476020561046 0.00032408455718139541 -5.8792710943530679e-05 7.9149700202838809e-05 3.7345402247981411e-06 0.0019643361889917087 0.0031131405949543006 -0.00016916267209758312 -3.0434916038061848e-05 1.4722726115523931e-06 -4.2587615618081025e-05 0.00081283975554163944 -3.4251528188493032e-05
leaf_weight=16.280062744393945 329.54643026296981 244.62792701367289 9.4285111492499727 8.7035293877124769 830.08378934860229 5.9053468825295559 1568.4267323245294 10.966307580471037 15.581839442253111 21.169477116316557 260.81557576544583 105.164033299312 569.44291464798152 10.104960083961489 15.879222989082335
leaf_count=264 6591 2019 328 22 1988 54 13034 24 32 46 494 234 1068 28 44
internal_value=-0.000383252 8.60141e-05 0.00451575 0.0105497 -0.000788834 0 0.000213877 -0.00102035 -3.73141e-05 0.00378402 -0.000438353 0.00140891 -0.00129861 -0.000776157 0.00388127
internal_weight=4022.13 1853.37 34.4121 18.132 2168.75 1818.96 1574.33 1839.21 413.697 36.7513 376.946 116.13 1425.51 856.068 25.9842
internal_count=26270 15721 614 350 10549 15107 13088 3958 830 78 752 258 3128 2060 72
is_linear=0
shrinkage=0.0286577


Tree=254
num_leaves=16
num_cat=0
split_feature=27 18 27 18 17 35 30 35 27 16 23 17 9 35 30
split_gain=0.67085 0.57548 1.19814 0.69864 1.59907 0.605151 0.929131 0.754104 0.732931 1.17248 0.687789 0.51921 1.51347 1.02655 0.381759
threshold=0.0043024123888771642 0.063787432265424396 0.0082699911739818124 0.17524079693891007 1.1079061377324317 6.9128743717114673 16.285000000000004 5.3799434184404422 0.020076257625222447 0.88618562637429255 0.035053767480788402 0.92451325965744247 0.63434780879542152 2.0515431210794284 15.045000000000002
decision_type=10 8 10 10 10 2 10 2 10 10 10 10 10 2 10
left_child=-1 5 -3 -4 -5 7 10 11 9 -9 -7 13 -13 -2 -10
right_child=1 2 3 4 -6 6 -8 8 14 -11 -12 12 -14 -15 -16
leaf_value=-0.00010385288674017392 0.00080157937259752224 7.0711367371629477e-06 -2.3903767658692206e-05 0.00042718752646803457 -0.0013479709918268995 1.3543229681063994e-05 -0.0013161775795865805 -0.00027157074767626476 0.00016015372301247946 0.0017173232209653716 0.00024967664804693496 -1.1351878795654565e-05 0.00068160601680897616 5.3634334065800088e-06 -9.966261029766559e-05
leaf_weight=143.22176765836775 34.641184667125344 3.0716582122258833 614.2635555441957 6.8778925929218557 10.94290481135249 5.1002473891712743 7.8051759684458366 5.8766465242952091 35.513023420237005 4.6545219635590911 3.518157958984375 1645.503809931688 7.7290467619895926 1040.2811431512237 453.12592348270118
leaf_count=1041 184 18 4226 54 28 42 60 50 648 42 8 10717 54 7174 1924
internal_value=-0.00046042 -0.00038616 -0.00117864 -0.0012827 0.00413508 -0.000227844 0.00519299 -0.000258882 -0.00128386 0.00593744 0.0116762 -6.7601e-05 -0.000389498 0.000418196 -0.00146257
internal_weight=4022.13 3878.9 635.156 632.084 17.8208 3243.75 16.4236 3227.33 499.17 10.5312 8.61841 2728.16 1653.23 1074.92 488.639
internal_count=26270 25229 4326 4308 82 20903 110 20793 2664 92 50 18129 10771 7358 2572
is_linear=0
shrinkage=0.0286577


Tree=255
num_leaves=16
num_cat=0
split_feature=33 21 18 21 27 26 26 16 16 20 33 18 18 28 21
split_gain=0.63805 0.791922 1.9762 1.43312 2.15576 2.36821 1.67974 0.740175 0.815479 1.46113 1.57479 0.643099 2.6072 2.38381 0.634718
threshold=0.081947990881926627 0.021990474448355991 0.17524079693891007 0.015193762801171325 0.058397169254237415 0.7278272969850893 0.084925103626750126 0.89225334763039788 0.85603714995130742 0.021531685810400551 0.076885389026326925 -0.032177415206402542 -0.034093488164538048 0.037900000000000024 0.011267269209304424
decision_type=10 10 10 8 8 8 8 8 10 10 8 8 10 8 10
left_child=1 2 3 14 5 -5 -6 8 -3 -10 -11 12 -9 -14 -1
right_child=-2 7 -4 4 6 -7 -8 11 9 10 -12 -13 13 -15 -16
leaf_value=-3.1789975165706197e-06 1.2428428447620098e-05 -5.548942050219447e-05 0.00041177126301375749 1.0535886157735296e-05 2.9639705222211837e-05 4.2126614819481136e-05 3.2824462913212893e-06 -7.3987771598659852e-05 0.00017954280360293022 2.0652767005321096e-06 0.00064656035248145658 -3.7483551973732184e-05 7.5092064594421587e-05 0.0026458039578296515 -0.00032488198332600315
leaf_weight=255.42010273318738 844.05276396498084 469.29666723590344 3.3458701968193045 21.952647043159235 5.7643278851173809 8.4147278750315291 390.94167591398582 363.84348496235907 3.2998223286122075 120.3750525098294 3.301225781440734 1317.7832006551325 9.8939839890226704 7.7025761455297497 196.73853081837296
leaf_count=1210 7682 2967 8 886 142 72 4243 1622 20 742 12 5634 66 20 944
internal_value=-0.000442586 -0.000629489 8.9846e-05 0 0.00119353 0.00854837 0.000600836 -0.000910379 -2.44865e-05 0.00199318 0.00138508 -0.00121534 -0.000149706 0.0105172 -0.00112077
internal_weight=4022.13 3178.07 882.578 879.232 427.073 30.3674 396.706 2295.5 596.273 126.976 123.676 1699.22 381.44 17.5966 452.159
internal_count=26270 18588 7505 7497 5343 958 4385 11083 3741 774 754 7342 1708 86 2154
is_linear=0
shrinkage=0.0286577


Tree=256
num_leaves=16
num_cat=0
split_feature=30 38 18 11 11 11 17 35 14 18 17 17 18 17 9
split_gain=0.630549 0.772332 0.760907 0.656215 1.39493 0.981236 0.640955 2.17793 0.89962 0.594995 0.489901 1.03455 0.467655 0.486882 1.32287
threshold=18.990000000000006 4.5000000000000009 -0.021230019827693677 0.33663752477176206 0.46260680813660782 0.38449320075500409 0.65151255581717937 4.7589207527063202 1.3705858964252502 0.046568269745070674 1.2324175971002231 1.3879554122590265 0.17524079693891007 0.9196986352941513 0.63434780879542152
decision_type=8 2 10 10 10 10 8 2 10 10 8 8 10 10 10
left_child=12 6 3 10 5 -5 7 9 -9 -2 -3 -12 13 -1 -15
right_child=1 2 -4 4 -6 -7 -8 8 -10 -11 11 -13 -14 14 -16
leaf_value=7.058411067758593e-06 -0.00052763421113881154 -3.2853538703257965e-05 -0.00014091588786310801 4.1391321736576797e-05 -4.5694544335469643e-05 0.0019175283098275637 -2.8786593976566132e-05 6.6675773572836004e-05 1.8465294880069914e-07 0.00054427360831683827 0.00053051576950556253 8.2507268298607721e-06 0.00028242482420320143 -1.9354935891804177e-05 0.00066314697522913408
leaf_weight=888.93271029461175 49.252241417765617 67.316547753289342 339.66863665450364 14.185078330338003 22.588651266880333 14.49844647105783 979.23361651250161 9.0992443561553973 7.8408149480819693 6.9445008039474478 12.538360664620994 34.715668997261673 6.8353432249277821 1562.0767380911857 6.4000602513551703
leaf_count=6313 147 784 3174 230 232 160 4041 28 18 20 118 448 32 10473 52
internal_value=-0.000441673 -0.000894239 6.99024e-06 0.00161614 0.00432069 0.00851968 -0.00133651 0.00117256 0.0101804 -0.0013967 0.000312875 0.00260974 -0.000151467 -0.000176572 -0.000482919
internal_weight=4022.13 1557.88 505.511 165.843 51.2722 28.6835 1052.37 73.1368 16.9401 56.1967 114.571 47.254 2464.24 2457.41 1568.48
internal_count=26270 9400 5146 1972 622 390 4254 213 46 167 1350 566 16870 16838 10525
is_linear=0
shrinkage=0.0286577


Tree=257
num_leaves=16
num_cat=0
split_feature=30 19 19 17 17 5 33 26 12 12 28 26 5 5 30
split_gain=0.610324 0.839326 1.33622 2.09031 2.73042 1.30304 0.774817 0.755473 0.600698 0.729965 1.02602 0.684735 0.509799 1.06997 1.25505
threshold=19.105000000000004 0.066121127957478931 0.063061417832761243 1.0060447954962803 1.199012933216155 0.18555228348013017 0.003759995577165887 0.42228413618798749 0.022300590600044929 0.023626176304238616 -0.048950000000000042 0.19804467172124296 0.2518466194603482 0.25891937881636023 17.460000000000004
decision_type=8 10 10 10 10 10 8 8 10 10 8 8 8 10 8
left_child=1 2 8 -4 5 -5 -3 -2 -1 10 -10 -11 -8 14 -14
right_child=7 6 3 4 -6 -7 12 -9 9 11 -12 -13 13 -15 -16
leaf_value=-0.00014526280813088139 -0.00015477746229762508 0.001706786503735214 -9.676564867550731e-06 9.316777711737641e-07 -0.0016846612715447266 0.0010415680139941054 -0.00025064106128992866 -9.573295891957591e-06 2.7365156042757373e-05 -0.00015870693403521226 2.7288502824214879e-05 4.9133852060421443e-06 7.4667511703976531e-06 -1.6070160551885494e-05 0.0026430478573168429
leaf_weight=220.15610422613099 378.13265936425887 27.383865892887115 37.447440641932189 7.4282928854227093 14.153095361776648 17.432843256741762 590.88198918337002 1016.9693717621267 3.1402329709380865 196.64256469113752 22.610675367992375 1118.8461025226861 17.498404435813431 348.42659923713654 4.9764182381331912
leaf_count=1969 2620 400 178 44 142 74 3434 6474 20 1372 262 7234 127 1894 26
internal_value=-0.000414024 -0.000152165 0.000241239 0.00393627 0.00857939 0.0142867 -0.000813526 -0.000899872 5.33665e-05 0.00028727 0.00505912 0.000185429 -0.000957517 -9.56304e-05 0.00589819
internal_weight=4022.13 2627.02 1637.86 76.4617 39.0142 24.8611 989.167 1395.1 1561.4 1341.24 25.7509 1315.49 961.783 370.901 22.4748
internal_count=26270 17176 11295 438 260 118 5881 9094 10857 8888 282 8606 5481 2047 153
is_linear=0
shrinkage=0.0286577


Tree=258
num_leaves=16
num_cat=0
split_feature=34 21 21 27 9 24 13 28 28 17 6 35 28 9 4
split_gain=0.759343 0.707329 1.96768 2.82454 2.0983 2.16031 2.04686 0.810486 1.36856 0.911771 0.817428 1.40953 0.66092 0.59676 0.555207
threshold=-0.013252614868770605 0.022158431787436459 0.015579671022460476 0.058397169254237415 0.27407335573505259 11.500000000000002 1.5615473164557498 0.0028999999999999864 0.0020499999999999967 1.087205354671426 1.6008381215546239 3.3070698188382646 -0.048950000000000042 0.5810758789090763 0.022014334074518242
decision_type=8 8 10 8 10 2 10 10 10 10 8 2 8 10 8
left_child=14 2 -2 6 12 -6 -4 8 10 -10 11 -3 -5 -12 -1
right_child=1 7 3 4 5 -7 -8 -9 9 -11 13 -13 -14 -15 -16
leaf_value=4.7725790911066477e-06 -0.00013712551179137085 -0.00093949876727781104 4.7244410375967797e-05 2.6580934748191224e-05 2.3462051173156543e-05 6.4624195913759658e-05 1.4394067199161745e-05 -5.6736542714174701e-05 -0.00011801586781867815 0.00021456024146151038 -3.5242465697726366e-05 0.00083873088478856608 -1.3441690274248975e-05 0.00052131368476786711 -0.00016484634782354415
leaf_weight=1572.1860533026047 318.50211071409285 19.870456370525062 10.606675192713739 7.4407766833901405 48.587701685726643 32.013841152191162 9.123217608779667 895.84480648837052 2.7842903435230246 3.6600175458006561 608.91289627738297 21.087031485512853 150.24679078254849 40.073938205838203 281.18605619948357
leaf_count=13151 986 84 26 36 284 44 36 4106 80 22 4114 82 537 112 2570
internal_value=-0.000434154 -0.000798162 4.54526e-05 0.00192129 0.00100729 0.0047811 0.0123231 -0.00110983 -0.000358036 0.0125013 -0.000496685 0.00337485 -0.000862787 -0.000757457 -2.78754e-06
internal_weight=4022.13 2168.75 576.521 258.019 238.289 80.6015 19.7299 1592.23 696.389 6.44431 689.944 40.9575 157.688 648.987 1853.37
internal_count=26270 10549 1949 963 901 328 62 8600 4494 102 4392 166 573 4226 15721
is_linear=0
shrinkage=0.0286577


Tree=259
num_leaves=16
num_cat=0
split_feature=32 22 22 21 21 32 27 1 7 8 10 26 7 15 11
split_gain=0.719581 0.597658 1.25224 1.65299 4.76014 1.79985 1.58657 0.881807 1.27817 0.655544 0.590332 0.508966 0.916863 0.465304 1.15635
threshold=0.77506596306068609 0.034016591659410352 0.027447833088225165 0.018141066475405466 0.014186352067818561 0.68007915567282329 0.97565325693479088 0.035664612676056341 0.17079703008392291 0.16848652934167926 0.16311960438749848 0.3066578018740258 0.33355439896243061 0.91151703313283883 0.85625263356349912
decision_type=8 10 10 10 10 10 10 2 10 10 8 10 8 10 10
left_child=1 2 7 4 -4 -6 9 8 -1 -5 -10 -9 -13 -3 -15
right_child=-2 13 3 6 5 -7 -8 11 10 -11 -12 12 -14 14 -16
leaf_value=-0.00059500163136188536 -1.9913599484153878e-05 -0.00062396262431697359 2.8118248179620914e-06 0.0006260505344098012 0.00021952336384169712 2.3353284443072738e-05 8.1411638724510329e-07 -6.4306810412304786e-05 0.00027691034103215711 -0.00036914911328704878 5.9055869947960457e-07 2.6847595778403116e-06 0.00085329951521803595 -1.2626163184065216e-05 0.000636385892140665
leaf_weight=7.7259598243981626 1501.695742621785 97.873759739100933 57.121570902410895 20.9045893792063 25.406964511610568 8.270345024764536 2.7708969116210929 202.00917321350425 4.1287436364218566 72.851200909353793 4.4607212906703362 126.00418651429936 3.3901134505867949 1878.8015910219401 8.7111010868102294
leaf_count=102 9252 473 344 168 152 42 4 1756 10 614 38 1414 94 11753 54
internal_value=-0.000436889 -0.000136349 0.000707195 0.0026 0.00537045 0.0138814 0 -0.000284938 0.00611706 -0.000667465 0.0137071 -0.000634148 0.000716454 -0.000368746 -0.000262735
internal_weight=4022.13 2520.43 535.044 187.326 90.7989 33.6773 96.5267 347.719 16.3154 93.7558 8.58946 331.403 129.394 1985.39 1887.51
internal_count=26270 17018 4738 1324 538 194 786 3414 150 782 48 3264 1508 12280 11807
is_linear=0
shrinkage=0.0286577


Tree=260
num_leaves=16
num_cat=0
split_feature=6 32 33 21 22 16 22 19 35 24 21 22 19 6 21
split_gain=0.599027 0.668103 0.585369 0.390532 1.16561 1.43551 1.55422 1.28521 0.993808 0.710169 0.51455 0.470785 1.33378 0.538714 0.445008
threshold=5.3128842323640262 0.69195250659630625 0.081947990881926627 0.021990474448355991 0.026468864255901944 1.0219531420807837 0.035698368212346288 0.055571633545774358 2.1108188939397388 9.5000000000000018 0.0092301261190423419 0.055958841830918621 0.063508326957001038 1.6008381215546239 0.006942291935058951
decision_type=10 8 10 10 8 10 10 10 2 2 10 10 10 8 10
left_child=2 -2 3 4 8 6 -6 -7 10 -5 -1 13 -13 -11 -10
right_child=1 -3 -4 9 5 7 -8 -9 14 11 -12 12 -14 -15 -16
leaf_value=-0.0015565738317763148 5.7055603039892749e-05 -2.6280260642979553e-05 1.0283625384215293e-05 -2.0220459572252113e-06 0.00021323233826484961 -9.6750302209055978e-05 2.6520355352233275e-06 0.00015022755839737604 1.5366187748208346e-05 0.00013402594162278925 0.0044799223812587536 1.689246959686016e-05 -3.3119701421314862e-05 -0.0001776855979944225 -0.00017616895343020933
leaf_weight=1.3601773125119501 5.8769993335008595 4.067444517277182 841.91973492130637 638.22889044508338 117.9077814782504 219.09994805976748 211.48338321084157 25.982726378832012 48.211790228262544 34.248084658756852 2.5012620147317648 245.34411323070526 868.11423939466476 507.27859987132251 250.50148498266935
leaf_count=44 26 27 7668 8194 1838 1350 1157 825 954 68 20 433 1477 891 1298
internal_value=-0.000478366 0.00639683 -0.000498253 -0.000677252 -0.000149067 0.00059655 0.00184269 -0.00103783 -0.00159697 -0.000874882 0.0121272 -0.00118831 -0.000834797 -0.00189615 -0.00181685
internal_weight=4022.13 9.94444 4012.18 3170.26 877.049 574.474 329.391 245.083 302.575 2293.21 3.86144 1654.99 1113.46 541.527 298.713
internal_count=26270 53 26217 18549 7486 5170 2995 2175 2316 11063 64 2869 1910 959 2252
is_linear=0
shrinkage=0.0286577


Tree=261
num_leaves=16
num_cat=0
split_feature=34 28 35 7 10 5 21 6 5 28 28 5 28 12 16
split_gain=0.888735 0.642798 0.628765 0.497112 1.30897 1.96806 1.71513 1.31463 0.960079 0.956142 0.449279 0.453011 0.52063 0.470198 1.7447
threshold=-0.013252614868770605 0.015049999999999996 6.9128743717114673 0.20098715299528033 0.24816613432900916 0.22126460402701134 0.0088586695648892582 1.6008381215546239 -0.11683905196564205 -0.018250000000000013 -0.029950000000000001 0.032266170836150555 -0.029150000000000006 0.042628669411259229 1.2121303178048224
decision_type=8 10 2 8 8 10 8 8 8 10 10 10 10 10 10
left_child=10 3 -3 -2 5 6 -5 9 -9 -6 -1 -12 -13 14 -14
right_child=1 2 -4 4 7 -7 -8 8 -10 -11 11 12 13 -15 -16
leaf_value=-5.6265443949740899e-05 -0.00017736305550060033 -4.3660028156414759e-05 7.8762518274307554e-06 0.0023211518573359484 0.00013018507196794056 -0.00011255963581863486 3.2987346804006209e-05 0.00039064761502706849 -2.3262917274074559e-05 0.00093847797769877237 -0.00045708230520943768 0.00044704087034984846 1.7755029132445576e-05 -6.2385334581835297e-06 0.0055745490137862289
leaf_weight=341.81145222205669 166.49336562491953 867.04614325519651 7.1690018502995363 10.630815796554087 44.309412054717541 100.90095361182466 99.065142955165356 27.85564611107111 835.18437951640226 10.099689760245381 73.064853589981794 3.4377914629876605 669.83581253141165 755.8748448328115 9.3473548628389818
leaf_count=2792 1346 3432 26 24 164 390 537 118 4456 56 885 40 6852 4996 156
internal_value=-0.000500973 -0.00089494 -0.00150066 -0.000478008 -0.000251906 0.00177078 0.00444147 -0.000727379 -0.00100906 0.00354387 -3.45411e-05 0.000172086 0.000290078 0.000255376 0.000805761
internal_weight=4022.13 2168.75 874.215 1294.54 1128.05 210.597 109.696 917.449 863.04 54.4091 1853.37 1511.56 1438.5 1435.06 679.183
internal_count=26270 10549 3458 7091 5745 951 561 4794 4574 220 15721 12929 12044 12004 7008
is_linear=0
shrinkage=0.0286577


Tree=262
num_leaves=16
num_cat=0
split_feature=34 10 32 11 17 11 10 10 17 19 33 13 16 1 1
split_gain=0.771231 0.521901 0.5055 0.433165 1.20437 0.839335 0.587779 1.36167 1.27464 0.700982 0.55285 1.05912 0.44787 0.430362 0.658208
threshold=0.017934989979495611 0.092727151753117035 0.77770448548812665 0.16440341994104204 2.2576640959598357 0.16207190175927019 0.18000192419425182 0.18246588066183084 0.83082006152269061 0.1490259174267288 0.032199663044532485 1.2740215785178661 0.88461171880911371 0.04700393700787403 0.048337789661319082
decision_type=10 10 10 8 8 10 8 8 8 10 8 10 10 2 2
left_child=3 -2 -3 4 5 10 9 8 -8 -5 11 -1 -12 -9 -15
right_child=1 2 -4 6 -6 -7 7 13 -10 -11 12 -13 -14 14 -16
leaf_value=0.00021381759115288664 1.5476871955905627e-05 0.0005110194760886013 -3.2046028194218022e-05 -0.00020072324383750326 5.1239470679160093e-06 0.00066739384003636898 0.00062034522283857876 -0.00016208060995700878 -0.00014170598769678341 0.0019540657270907518 3.5016095681026231e-05 3.6875271594621355e-06 -0.00027116558096040383 0.00026420919905995066 -9.5262858534680933e-06
leaf_weight=2.9605009350925675 9.4947896003723127 51.050865117460489 659.81427074968815 252.96741773653775 2.7913168231025329 12.779588163364677 8.7448728876188362 86.115222298773006 6.3550576753914365 2.7866766154766074 64.285453411750495 38.772761126048863 106.53161716694012 9.6396620757877809 2707.0365876550786
leaf_count=8 20 626 1620 1992 32 190 36 596 86 12 698 292 1756 98 18208
internal_value=-0.00052025 -0.00137411 -0.00147477 -0.000330862 0.000859157 0.000571978 -0.00042248 -0.000298743 0.0081929 -0.00174544 9.18402e-05 0.00307865 -0.000582833 -0.000348709 -0.000281211
internal_weight=4022.13 720.36 710.865 3301.77 228.121 225.33 3073.65 2817.89 15.0999 255.754 212.55 41.7333 170.817 2802.79 2716.68
internal_count=26270 2266 2246 24004 2976 2944 21028 19024 122 2004 2754 300 2454 18902 18306
is_linear=0
shrinkage=0.0286577


Tree=263
num_leaves=16
num_cat=0
split_feature=34 18 34 30 7 18 6 0 18 18 5 38 23 8 28
split_gain=0.665278 0.85658 1.11746 0.500939 0.980957 0.538899 1.85348 1.35669 0.533554 0.908226 0.442434 0.871777 0.671771 1.02937 1.82092
threshold=-0.013719353809777067 0.17524079693891007 0.023334753094958142 19.055000000000003 0.79296606096220212 -0.024619269916583805 1.5038955628703168 0.48375000000000007 0.037713441735968141 0.027690535649379292 0.16166646010187577 9.5000000000000018 0.095672863255849241 0.37605900846079504 0.0031999999999999949
decision_type=8 10 10 10 10 10 10 2 10 10 10 2 8 10 8
left_child=10 3 -3 4 8 6 7 -5 9 -2 12 -12 -1 14 -14
right_child=1 2 -4 5 -6 -7 -8 -9 -10 -11 11 -13 13 -15 -16
leaf_value=-5.0700724346445325e-05 -1.7304586885853164e-05 0.00038065832795116999 -0.0013030530024957312 1.9510504855343408e-05 0.0006200373574920667 -4.0322515930461512e-05 0.00012737263677351196 -0.00024923860320446981 -5.2275441671167409e-05 0.00042046889599917417 1.7519212618305875e-05 -0.00012021832091950354 0.0031767970903896405 -3.9898771751130256e-05 -2.6101512595652305e-06
leaf_weight=578.99061207473278 1116.2603957632091 6.6639930009841901 6.9944325461983681 67.067959129810333 4.1200404912233344 608.88165693730116 9.4907426834106428 147.40776634216309 202.19379930011928 51.28144466271624 860.36231435043737 329.90261680819094 6.3510132767260075 20.025006337091327 6.1328663341701013
leaf_count=5005 7020 24 20 206 26 1878 16 376 729 334 6991 3306 108 145 86
internal_value=-0.00050184 -0.000834364 0.00617246 -0.000882881 -0.000534955 -0.00144456 -0.000192107 -0.000789626 -0.000584963 -0.000339045 -8.64841e-05 0.000229083 -0.000716855 0.00320879 0.00963297
internal_weight=4022.13 2220.36 13.6584 2206.7 1373.86 832.848 223.966 214.476 1369.74 1167.54 1801.76 1190.26 611.499 32.5089 12.4839
internal_count=26270 10629 44 10585 8109 2476 598 582 8083 7354 15641 10297 5344 339 194
is_linear=0
shrinkage=0.0286577


Tree=264
num_leaves=16
num_cat=0
split_feature=35 22 34 18 34 18 5 11 9 34 5 22 11 20 15
split_gain=1.22511 3.76295 0.715751 0.863157 1.11746 0.65467 0.504839 0.955333 1.98173 2.15523 0.635312 0.816494 0.52342 0.500412 0.553923
threshold=6.9128743717114673 0.042104522014964688 -0.013719353809777067 0.17524079693891007 0.023334753094958142 -0.0033518326197652932 0.16166646010187577 0.15770940647888079 0.17485851655521426 -0.031416958512142983 0.16249807583174372 0.03431205340647317 0.28896766080457498 0.059459000680789888 1.59202239207448
decision_type=2 8 8 10 10 8 10 10 10 8 10 10 10 8 10
left_child=2 5 6 -4 -5 -2 13 8 -8 -10 11 -9 -12 -1 -15
right_child=1 -3 3 4 -6 -7 7 10 9 -11 12 -13 -14 14 -16
leaf_value=-0.00013479642805769293 1.683057563551011e-05 -0.0010916985820578827 -2.1827346550756377e-05 0.00036974955161286747 -0.0012657105546431185 0.00022230338480067131 -0.00031795973825758666 0.00026024040151491329 0.00015397936181450077 0.00056129847625033323 -3.5881195033917779e-05 -0.0015245476019320507 5.4682646931660249e-05 -2.5966429075430742e-05 0.00096248699974065433
leaf_weight=451.95345409866422 7.6976969316601753 17.582768795778975 2195.0163931511343 6.6639930009841901 6.9944325461983681 3.0261658797971922 33.488912036642432 2.6666283607482901 27.486952737905085 6.4708615709096184 583.10928298346698 2.3051284085959196 527.23469712631777 110.55790003854781 39.87139237113297
leaf_count=4027 36 74 10519 24 20 60 514 4 268 24 5185 44 4182 853 436
internal_value=-0.000469371 0.0054175 -0.000513896 -0.000859262 0.00617246 0.0187143 -8.09609e-05 0.000256699 0.0035649 0.0084568 4.70256e-05 0.0100395 0 -0.000760312 0.000627244
internal_weight=4022.13 28.3066 3993.82 2208.67 13.6584 10.7239 1785.15 1182.76 67.4467 33.9578 1115.32 4.97176 1110.34 602.383 150.429
internal_count=26270 170 26100 10563 44 96 15537 10221 806 292 9415 48 9367 5316 1289
is_linear=0
shrinkage=0.0286577


Tree=265
num_leaves=16
num_cat=0
split_feature=35 38 18 10 34 2 28 18 23 23 22 10 2 22 38
split_gain=1.22113 3.82917 0.48799 2.03669 0.53332 0.589102 0.750113 0.494056 0.594855 0.443959 0.645865 0.47363 0.299172 0.188686 0.241595
threshold=6.9128743717114673 1.5000000000000002 0.17524079693891007 0.62389099061346831 -0.013719353809777067 0.047907860506662611 0.0063000000000000148 0.067617670041730929 0.040673000557745649 0.0080900947714844535 0.022203531915976026 0.22084866745208401 0.061448363645297162 0.040949640279992684 7.5000000000000009
decision_type=2 2 10 10 10 2 10 10 10 8 8 10 2 8 2
left_child=2 -2 4 -4 9 6 -6 8 -7 11 -11 -1 -12 14 -3
right_child=1 13 3 -5 5 7 -8 -9 -10 10 12 -13 -14 -15 -16
leaf_value=-0.00020175175100722571 1.6348250747884956e-05 -0.0012446153129445046 0.00048643740858559493 -0.0012294382539057452 0.00019700952111957894 -9.4432959530087675e-05 -0.00018084077325899539 -7.7641439552936811e-05 -1.1505495241622435e-05 -0.00032151908034805903 -0.00020945990408937203 0.00011932733851777686 -1.3328963004295782e-06 -0.0012812822493303755 0.00038210908150581652
leaf_weight=8.3048035087995249 7.7167111821472671 2.1135998289100857 5.282891213893893 12.537906190380452 11.776161670684816 672.09788458701223 8.57569254003465 177.61379398964345 995.01335852686316 134.72624583961442 85.243116077734157 8.9621473546139878 1873.6860269319732 17.231633035233244 1.2446875609457491
leaf_count=540 20 54 24 58 32 2362 22 557 3052 1422 932 508 16591 70 26
internal_value=-0.000460229 0.0054175 -0.000504689 0.00413508 -0.000528226 -0.000883 0.00384561 -0.000941035 -0.00077885 -0.000209993 -0.000252451 0.00430497 -0.000114959 -0.000631689 0.00454906
internal_weight=4022.13 28.3066 3993.82 17.8208 3976 1865.08 20.3519 1844.73 1667.11 2110.92 2093.66 17.267 1958.93 20.5899 3.35829
internal_count=26270 170 26100 82 26018 6025 54 5971 5414 19993 18945 1048 17523 150 80
is_linear=0
shrinkage=0.0286577


Tree=266
num_leaves=16
num_cat=0
split_feature=1 18 1 18 24 27 21 33 9 30 9 22 22 21 18
split_gain=0.522781 0.652235 1.43663 0.630854 0.502196 0.7621 2.63658 0.709839 0.565325 0.688662 0.523476 0.307943 0.612479 0.297702 0.186646
threshold=0.043855868814729575 0.17524079693891007 0.15908333333333338 0.063787432265424396 10.500000000000002 0.92765948021063471 0.023506039402327632 0.003759995577165887 0.47283354978822384 16.285000000000004 0.50734091297757467 0.048285438601461346 0.04799320089467532 0.0060034131490725477 0.069023962074503356
decision_type=2 10 2 10 2 10 10 8 8 10 8 10 8 8 10
left_child=13 3 -3 4 8 7 -7 -6 9 -2 -10 12 14 -1 -5
right_child=1 2 -4 11 5 6 -8 -9 10 -11 -12 -13 -14 -15 -16
leaf_value=0.00019136368955725144 6.946289992703405e-05 0.00034203916892307495 -0.00041508969608884043 0.00061209323588640283 -0.00065453934341491498 1.2141912960288268e-05 -2.3934080050185798e-05 -1.1844110663454187e-05 0.001070941949230861 -3.4054843618013577e-05 5.9248330886798605e-05 -0.00012214439930514638 0.00013328548168483912 -0.00013460725362597048 -3.6785222916012114e-05
leaf_weight=6.0892381118610492 346.38725975994021 4.9545002449303857 9.8744727708399278 5.3573662526905528 127.05006408691406 17.892240881919861 36.776151869446039 1851.2219032011926 26.170986715704203 1012.3336717868224 168.81912584789097 238.70827465178445 3.0900002089329055 122.15347611461766 45.247927532996982
leaf_count=36 6664 30 48 60 152 24 64 3383 222 10142 2838 1149 12 1006 440
internal_value=-0.000444236 -0.000381786 0.00552603 -0.000407262 -0.000299476 -0.000596519 0.00269762 -0.000692884 8.28103e-05 -0.000117572 0.0015286 -0.00169408 9.569e-05 -0.00225886 -0.000496784
internal_weight=4022.13 3893.88 14.829 3879.05 3586.65 2032.94 54.6684 1978.27 1553.71 1358.72 194.99 292.404 53.6953 128.243 50.6053
internal_count=26270 25228 78 25150 23489 3623 88 3535 19866 16806 3060 1661 512 1042 500
is_linear=0
shrinkage=0.0286577


Tree=267
num_leaves=16
num_cat=0
split_feature=5 5 26 12 7 36 9 35 20 9 26 24 20 16 34
split_gain=0.499414 0.645418 1.00461 0.41488 0.85614 1.28157 2.47783 0.774596 1.44593 0.712707 0.6887 0.890438 0.698402 0.683031 0.641961
threshold=-0.20057629005035929 -0.14481914370136778 0.5617107532951483 0.045767747468455799 0.28307283392044796 1.0000000180025095e-35 0.29987386706826241 6.9128743717114673 0.035057885957090563 0.21978545746976938 0.58167038180664077 8.5000000000000018 0.009522046518012724 0.90277910901131786 -0.027025572171379238
decision_type=8 8 8 8 10 2 10 2 8 8 8 2 8 8 10
left_child=-1 2 -2 4 10 6 -6 9 -9 -5 12 -12 -3 -11 -7
right_child=1 3 -4 7 5 14 -8 8 -10 13 11 -13 -14 -15 -16
leaf_value=-0.00055858140050820207 -0.00064910624096646736 0.00021185716121845897 0.0033010577897404809 -0.00028891239618878697 0.0013955073302697463 7.8938255355509208e-05 6.203190091729834e-05 1.3889104102957156e-05 -0.0010253924263762726 1.3073721614616325e-05 5.6970266051592607e-05 -0.00043408993034737279 -2.8860472975516903e-06 -2.112047889263495e-05 -0.00019424412659510093
leaf_weight=83.33567603584379 6.6089419806376091 25.655389721505344 7.1230221418663868 192.97783996677026 25.220313216559589 37.874615710694343 117.04111111350358 10.078514850698413 10.300984026631339 636.8193325214088 144.03408214310184 200.15875921957195 870.28276739222929 1570.8491194322705 83.766190565191209
leaf_count=436 84 666 24 1844 192 420 637 46 38 3662 3278 508 6369 7798 268
internal_value=-0.000389101 -0.000339658 0.00576922 -0.000363902 3.36779e-06 0.00149128 0.00334688 -0.000596154 0.00488029 -0.000647252 -0.000305453 -0.00139665 0.000102894 -0.000495385 -0.000599416
internal_weight=4022.13 3938.79 13.732 3925.06 1504.03 263.902 142.261 2421.03 20.3795 2400.65 1240.13 344.193 895.938 2207.67 121.641
internal_count=26270 25834 108 25726 12338 1517 829 13388 84 13304 10821 3786 7035 11460 688
is_linear=0
shrinkage=0.0286577


Tree=268
num_leaves=16
num_cat=0
split_feature=34 7 23 7 5 5 27 35 32 27 11 27 27 35 9
split_gain=0.54544 0.530458 0.921768 1.14383 0.455963 2.11492 1.01489 1.75996 1.02377 0.97919 0.443856 0.420197 2.05229 2.62403 0.507045
threshold=0.017934989979495611 0.20098715299528033 0.010529252125584978 0.22706133239247836 0.18739459127400698 0.18913844794914089 0.17963233345834728 6.9128743717114673 0.52176781002638528 0.4920521100816288 0.30067295068513483 0.25105544445332417 0.26851390220517751 4.6655594848930884 0.29353838567971463
decision_type=10 10 8 10 8 8 8 2 10 10 10 10 10 2 10
left_child=1 -1 3 -3 6 9 8 -8 -4 -6 -7 -2 13 -13 -14
right_child=11 2 4 -5 5 10 7 -9 -10 -11 -12 12 14 -15 -16
leaf_value=-1.5704220794618626e-05 -5.2027866045776775e-05 0.00020578583105778958 4.7377274243126598e-05 -6.003544104828139e-05 0.00060416846783345674 -2.0717957961304295e-05 -9.4302180871898208e-05 1.3491074901773008e-05 -0.00039289779289163474 -0.0013286154046258584 1.2699059366267359e-05 7.3149342633833681e-07 -0.00015224441478798106 6.0254211889479659e-05 -1.8786931619475684e-07
leaf_weight=1014.1884850172792 272.41162962280214 11.039913452696057 155.26988809742033 13.307966360356657 10.331475642044095 535.50013060029596 688.08974659023806 9.3624081127345544 128.9335627653636 3.1118384525179854 732.63131948001683 14.45802164077759 164.64272280223668 6.8372737225145093 262.01027767919004
leaf_count=9307 646 206 936 552 74 3549 4147 28 852 24 4329 40 590 26 964
internal_value=-0.000427225 -0.00026736 -2.09987e-05 0.00549298 -8.5267e-05 0.000265489 -0.00055328 -0.00114758 0.000869925 0.0114852 0.000136645 -0.00114583 -0.000574319 0.00800804 -0.00103008
internal_weight=4022.13 3301.77 2287.58 24.3479 2263.23 1281.57 981.656 697.452 284.203 13.4433 1268.13 720.36 447.948 21.2953 426.653
internal_count=26270 24004 14697 758 13939 7976 5963 4175 1788 98 7878 2266 1620 66 1554
is_linear=0
shrinkage=0.0286577


Tree=269
num_leaves=16
num_cat=0
split_feature=19 19 20 2 35 20 5 5 11 11 23 35 30 21 20
split_gain=0.652787 1.05336 1.67332 1.57291 1.77118 0.837492 0.614039 0.559755 0.997909 2.30888 0.786005 0.558273 1.45989 0.520297 0.502079
threshold=0.021366241154600594 0.022775454147530853 0.01980707332451315 0.1560977410894332 4.5690765769962827 0.0056207802985659425 0.042191227685048717 0.2518466194603482 0.30134673391836037 0.30213537489362635 0.016009276294896766 6.9128743717114673 16.200000000000003 0.024278917362978669 0.026072699476450138
decision_type=8 8 10 2 2 8 8 8 10 10 8 2 8 8 10
left_child=13 2 3 4 6 -3 -2 11 10 -10 -9 -7 -13 -1 -4
right_child=1 5 14 -5 -6 7 -8 8 9 -11 -12 12 -14 -15 -16
leaf_value=-8.9041649454967023e-05 0.00028707408152665241 1.0618314187751969e-05 -0.00080986160435247544 -1.7904178037229938e-05 2.4216045256348582e-05 -2.1259550110967627e-05 6.5087102598726033e-05 0.00041239058840768683 1.5409977880509655e-05 3.5860932896531562e-05 -2.6320091112425749e-05 1.3104452285478718e-05 -0.00099555703427629794 0.0003249584576122257 0.00054379328342527738
leaf_weight=359.43093096837401 10.736132457852365 3.9952532183378926 38.682155656628311 10.555379577912388 9.4638286903500539 2315.2291230098344 9.7769142715260404 5.4248946867883197 7.1558050271123639 524.35229625087231 683.64038536092266 10.980766925960781 15.218908517388625 9.7214845363050681 7.762400882318615
leaf_count=2320 18 36 178 46 62 14885 54 116 32 2918 4544 36 74 921 30
internal_value=-0.000454593 -0.00033503 0.00276203 0.00702634 0.0104106 -0.000413533 0.0150982 -0.000431331 5.87542e-05 0.000998959 -0.000652118 -0.000691041 0.00338399 -0.00160985 -0.000762396
internal_weight=4022.13 3652.97 86.9768 40.5323 29.9769 3566 20.513 3562 1220.57 531.508 689.065 2341.43 26.1997 369.152 46.4446
internal_count=26270 23029 388 180 134 22641 72 22605 7610 2950 4660 14995 110 3241 208
is_linear=0
shrinkage=0.0286577


end of trees

feature_importances:
iv_rank=263
iv_crush_pct=223
drift_5d=216
hist_move_avg_8q=215
log_spot=196
hist_move_avg_4q=171
volume_ratio_20d=170
hist_move_med_8q=167
hv_rank=158
cc_rv_10d=152
tlt_spy_ratio_30d=152
hist_move_med_4q=149
rv_term_ratio=146
iv_mom_week=146
hist_move_std_4q=141
spy_drift_60d=125
parkinson_rv_20d=121
parkinson_rv_60d=118
cc_rv_20d=115
hist_event_count=108
vol_of_vol_20d=106
vix_current=98
parkinson_rv_10d=92
earnings_month=73
vix_change_30d=59
iv_cc_rv_ratio_20d=46
vix_pct_252d=46
atm_iv=40
straddle_pct=35
hist_straddle_accuracy=32
event_move_implied=28
event_vol_fraction=28
em_iv_pct=27
timing_bmo=25
iv_rv_ratio_60d=21
iv_rv_ratio_20d=17
earnings_dow=12
timing_amc=9
dte=4

parameters:
[boosting: gbdt]
[objective: quantile]
[metric: quantile]
[tree_learner: serial]
[device_type: cpu]
[data_sample_strategy: bagging]
[data: ]
[valid: ]
[num_iterations: 1500]
[learning_rate: 0.0286577]
[num_leaves: 16]
[num_threads: 8]
[seed: 42]
[deterministic: 0]
[force_col_wise: 0]
[force_row_wise: 0]
[histogram_pool_size: -1]
[max_depth: 6]
[min_data_in_leaf: 21]
[min_sum_hessian_in_leaf: 0.001]
[bagging_fraction: 0.824499]
[pos_bagging_fraction: 1]
[neg_bagging_fraction: 1]
[bagging_freq: 0]
[bagging_seed: 400]
[bagging_by_query: 0]
[feature_fraction: 0.509298]
[feature_fraction_bynode: 1]
[feature_fraction_seed: 30056]
[extra_trees: 0]
[extra_seed: 12879]
[early_stopping_round: 0]
[early_stopping_min_delta: 0]
[first_metric_only: 0]
[max_delta_step: 0]
[lambda_l1: 0.347378]
[lambda_l2: 0.229362]
[linear_lambda: 0]
[min_gain_to_split: 0]
[drop_rate: 0.1]
[max_drop: 50]
[skip_drop: 0.5]
[xgboost_dart_mode: 0]
[uniform_drop: 0]
[drop_seed: 17869]
[top_rate: 0.2]
[other_rate: 0.1]
[min_data_per_group: 100]
[max_cat_threshold: 32]
[cat_l2: 10]
[cat_smooth: 10]
[max_cat_to_onehot: 4]
[top_k: 20]
[monotone_constraints: ]
[monotone_constraints_method: basic]
[monotone_penalty: 0]
[feature_contri: ]
[forcedsplits_filename: ]
[refit_decay_rate: 0.9]
[cegb_tradeoff: 1]
[cegb_penalty_split: 0]
[cegb_penalty_feature_lazy: ]
[cegb_penalty_feature_coupled: ]
[path_smooth: 0]
[interaction_constraints: ]
[verbosity: -1]
[saved_feature_importance_type: 0]
[use_quantized_grad: 0]
[num_grad_quant_bins: 4]
[quant_train_renew_leaf: 0]
[stochastic_rounding: 1]
[linear_tree: 0]
[max_bin: 255]
[max_bin_by_feature: ]
[min_data_in_bin: 3]
[bin_construct_sample_cnt: 200000]
[data_random_seed: 175]
[is_enable_sparse: 1]
[enable_bundle: 1]
[use_missing: 1]
[zero_as_missing: 0]
[feature_pre_filter: 1]
[pre_partition: 0]
[two_round: 0]
[header: 0]
[label_column: ]
[weight_column: ]
[group_column: ]
[ignore_column: ]
[categorical_feature: ]
[forcedbins_filename: ]
[precise_float_parser: 0]
[parser_config_file: ]
[objective_seed: 16083]
[num_class: 1]
[is_unbalance: 0]
[scale_pos_weight: 1]
[sigmoid: 1]
[boost_from_average: 1]
[reg_sqrt: 0]
[alpha: 0.9]
[fair_c: 1]
[poisson_max_delta_step: 0.7]
[tweedie_variance_power: 1.5]
[lambdarank_truncation_level: 30]
[lambdarank_norm: 1]
[label_gain: ]
[lambdarank_position_bias_regularization: 0]
[eval_at: ]
[multi_error_top_k: 1]
[auc_mu_weights: ]
[num_machines: 1]
[local_listen_port: 12400]
[time_out: 120]
[machine_list_filename: ]
[machines: ]
[gpu_platform_id: -1]
[gpu_device_id: -1]
[gpu_use_dp: 0]
[num_gpu: 1]

end of parameters

pandas_categorical:[]
