tree
version=v4
num_class=1
num_tree_per_iteration=1
label_index=0
max_feature_idx=39
objective=quantile
feature_names=atm_iv straddle_pct em_iv_pct dte event_move_implied iv_crush_pct event_vol_fraction parkinson_rv_10d parkinson_rv_20d parkinson_rv_60d cc_rv_10d cc_rv_20d vol_of_vol_20d iv_rv_ratio_20d iv_rv_ratio_60d iv_cc_rv_ratio_20d rv_term_ratio volume_ratio_20d drift_5d hist_move_avg_4q hist_move_med_4q hist_move_std_4q hist_move_avg_8q hist_move_med_8q hist_event_count hist_straddle_accuracy iv_rank hv_rank iv_mom_week iv_mom_month vix_current vix_change_30d vix_pct_252d spy_drift_60d tlt_spy_ratio_30d log_spot timing_bmo timing_amc earnings_month earnings_dow
feature_infos=[0.0349:9.9887999999999995] [0.002142857142857143:1.9899999999999998] [0.0087607827885693625:3.7702361841936023] [1:60] [0:1.3682117588748048] [-3.601225298263393:0.91922571794249763] [0.030682857932332525:172.5441022520871] [0.01100768767602958:1.2299689479416254] [0.013185115028810522:1.2512509780497678] [0.021395530271294882:1.5569838714897133] [0.0066688115957678137:6.9346349176839865] [0.0086635885252593844:13.881241535498537] [0.0025971256202974484:0.62885248650799563] [0.28976942733352218:172.73219542256885] [0.23421536150118449:116.02998128724636] [0.027465122555862767:169.49224493204125] [0.07502950413781323:2.4494897427831788] [0.22041958170760892:12.769423964951244] [-0.53894993894993892:0.42569269521410602] [0:0.5] [0:0.5] [0.00012383656413070314:0.74631856464742785] [0:0.5] [0:0.5] [0:19] [0.001230652719268777:41.510601492389036] [0:1] [-18.695652173912841:105.24999999999692] [-0.63660000000000005:0.86250000000000004] [-0.67420000000000013:0.87830000000000008] [12.15:52.329999999999998] [-23.429999999999996:24.469999999999999] [0.010554089709762533:1] [-0.15722837228372288:0.2501611343860779] [-0.2127845500662231:0.18641926279590715] [0.57661336430399379:8.5451740503306475] [0:1] [0:1] [1:12] [2:6]
tree_sizes=1809 1904 1915 1916 1910 1911 1924 1798 1809 1905 1914 1907 1916 1928 1933 1817 1924 1925 1923 1809 1800 1934 1902 1798 1804 1921 1900 1924 1916 1921 1826 1923 1789 1808 1911 1928 1922 1930 1925 1906 1923 1924 1928 1917 1929 1926 1938 1911 1926 1927 1896 1706 1918 1817 1937 1924 1946 1933 1691 1929 1711 1706 1714 1828 1830 1821 1939 1941 1940 1831 1929 1848 1938 1926 1602 1940 1832 1933 1809 1831 1942 1694 1606 1698 1940 1596 1806 1936 1818 1597 1941 1949 1943 1593 1823 1831 1937 1956 1952 1938 1951 1708 1920 1582 1934 1938 1833 1836 1701 1937 1820 1833 1594 1924 1930 1929 1720 1701 1936 1828 1928 1935 1710 1603 1941 1827 1950 1722 1944 1935 1824 1803 1941 1924 1934 1717 1716 1715 1811 1707 1833 1829 1943 1698 1601 1946 1828 1801 1943 1915 1820 1943 1819 1715 1943 1935 1603 1828 1820 1823 1824 1925 1805 1601 1715 1920 1591 1701 1598 1841 1920 1821 1828 1839 1820 1839 1936 1828 1268 1941 1615 1808 1922 1814 1815 1945 1942 1831 1832 1929 1704 1604 1949 1908 1830 1830 1832 1827 1927 1613 1611 1806 1928 1932 1612 1926 1609 1829 1596 1717 1827 1602 1711 1602 1829 1491 1827 1818 1720 1942 1811 1612 1837 1925 1709 1598 1687 1813 1799 1929 1825 1717 1826 1691 1714 1836 1809 1812 1700 1696 1488 1712 1696 1926 1589 1707 1826 1834 1600 1831 1941 1839 1600 1707 1589 1718 1697 1823 1820 1928 1713 1698 1712 1705 1827 1828 1825 1819 1820 1628 1609 1605 1713 1690 1818 1936 1500 1593 1690 1693 1720 1829 1604 1845 1607 1830 1828 1830 1943 1825 1939 1705 1822 1814 1825 1500 1897 1708 1817 1812 1707 1821 1381 1602 1618 1806 1831 1822 1823 1933 1695 1910 1593 1935 1467 1596 1805 1936 1924 1814 1841 1723 1959 1371 1731 1799 1839 1922 1596 1941 1612 1923 1937 1714 1614

Tree=0
num_leaves=16
num_cat=0
split_feature=19 23 1 10 5 30 27 27 19 1 17 28 7 28 17
split_gain=29.3955 10.1246 4.87907 4.04843 4.38177 4.04972 3.4701 2.84609 2.55983 1.83057 1.82505 2.89806 1.61432 1.19642 0.511178
threshold=0.10395128383870046 0.058123604706345262 0.1250260416666667 0.37638446609611037 0.17574011266013317 20.240000000000006 0.60818760469011746 0.558222466830122 0.039833118927845267 0.095009727626459164 1.28997420494363 0.058549999999999998 0.24214860333203625 0.064649999999999999 1.1971226819323855
decision_type=10 10 2 8 8 10 10 10 8 2 10 10 10 10 8
left_child=1 8 13 10 7 -6 -4 -5 14 -10 12 -12 -2 -3 -1
right_child=3 2 6 4 5 -7 -8 -9 9 -11 11 -13 -14 -15 -16
leaf_value=0.14824280087833339 0.15211620642017756 0.1490989354969291 0.15005200984942749 0.1496151126134663 0.1516359254574452 0.14962930044318865 0.14916962310887788 0.15017704659437581 0.14877642708672478 0.14927379672735883 0.15008886997607243 0.15134236388211059 0.149467658766191 0.15104947149327877 0.14873697122651816
leaf_weight=1438.824134808965 58.801971514243633 694.66322415973991 389.0025367164053 127.1330408686772 203.75823678541929 96.658343497663736 98.526589318178594 36.280653906986117 882.17648006719537 868.25524765928276 94.503936916589737 26.408031205646694 258.67700198944658 41.565397189930081 600.26485515199602
leaf_count=7532 450 4033 1518 488 945 250 386 132 5495 4411 522 124 1188 250 3104
internal_value=0.149249 0.148816 0.149952 0.151646 0.152606 0.15366 0.151072 0.15058 0.148446 0.148862 0.150598 0.152142 0.149965 0.149227 0.148095
internal_weight=5915.5 5013.28 1223.76 902.221 463.83 300.417 487.529 163.414 3789.52 1750.43 438.391 120.912 317.479 736.229 2039.09
internal_count=30828 26729 6187 4099 1815 1195 1904 620 20542 9906 2284 646 1638 4283 10636
is_linear=0
shrinkage=1


Tree=1
num_leaves=16
num_cat=0
split_feature=22 1 18 7 10 9 19 28 19 5 9 22 35 23 23
split_gain=36.6735 12.1513 3.70172 4.81864 4.39011 1.57393 1.28623 1.56254 1.21043 1.66511 1.07874 0.714983 0.34039 0.137518 0.135651
threshold=0.063237138395307424 0.12421854912764006 -0.058060756675740281 0.6164947115598729 0.79337145148001331 0.21702649579355365 0.039567839540781614 0.070450000000000026 0.10865251956048941 0.31535887262466039 0.21801046973104068 0.12240448092700522 2.3504206048856529 0.062714711639469248 0.028621516261457151
decision_type=10 2 10 10 10 8 8 10 10 10 8 10 2 10 10
left_child=5 8 3 -3 -4 12 10 -8 11 -10 -7 -2 14 -14 -1
right_child=1 2 4 -5 -6 6 7 -9 9 -11 -12 -13 13 -15 -16
leaf_value=2.8895954506212229e-05 -6.7591964828229162e-05 0.0013590850562194949 0.0010520085851453173 -0.00026023865883680622 0.0012425081231802048 5.5591071321529083e-05 -0.00032248811616786158 0.0011645863632170088 0.00045837001090520137 0.0014729217873545449 -0.00059999831256588498 0.0018265848378397449 -0.0010140880156826299 0.00028433579907542587 -0.001135769263407427
leaf_weight=8.3721333444118518 825.90954651776701 183.8684588461183 1007.5129666202702 40.915524000301957 49.799811931326985 17.107623169198632 1173.663968751207 55.926704229321331 133.67070994386449 60.7642846792005 1098.7378739584237 13.195562303066252 1221.5669790999964 13.678719016723333 10.808815345168112
leaf_count=90 4317 814 3965 86 188 54 6596 366 862 328 5092 54 7815 161 40
internal_value=-4.76043e-07 0.00141472 0.00235475 0.00409282 0.00197091 -0.000914522 -0.000681895 -0.000343437 0.000235312 0.00126017 -0.00104277 0 -0.00133855 -0.00137002 6.40961e-06
internal_weight=5915.5 2315.64 1282.1 224.784 1057.31 3599.86 2345.44 1229.59 1033.54 194.435 1115.85 839.105 1254.43 1235.25 19.1809
internal_count=30828 10614 5053 900 4153 20214 12108 6962 5561 1190 5146 4371 8106 7976 130
is_linear=0
shrinkage=0.01444


Tree=2
num_leaves=16
num_cat=0
split_feature=20 9 10 35 11 10 33 23 23 17 17 18 1 9 5
split_gain=27.3926 10.4373 4.54094 4.8441 7.18462 4.4877 4.3588 4.05805 3.15748 2.00262 3.30578 1.58287 1.349 0.838855 0.530485
threshold=0.096867045861579057 0.32593049490033305 0.37638446609611037 3.7895162734416199 0.71053508962595036 0.46972273111664381 0.0088121266506348012 0.03919394439989022 0.050645562715682109 0.89471871898299782 0.93887473362879159 -0.060901582850080842 0.11339743589743592 0.21702649579355365 0.33883165635897072
decision_type=10 10 8 2 10 10 8 8 10 10 10 10 2 8 8
left_child=1 8 9 5 -5 -4 11 -8 13 14 -11 -3 -10 -1 -2
right_child=2 6 3 4 -6 -7 7 -9 12 10 -12 -13 -14 -15 -16
leaf_value=-0.0010051394655493874 -0.00048795323668314255 5.7942565294691427e-06 0.0014794965207159203 0.00049094349727671555 0.0012245663274522037 0.0023325811651504057 -0.00038383553558966036 0.00069740826695494139 -0.00042863442598377652 0.0019432637755973199 0.00090256206818442716 -0.00025693998379352643 0.00044882041203343179 -0.00042351225804181347 0.0014545569983011588
leaf_weight=1168.4470505048521 89.194116404280066 31.326075434684753 119.08668618835509 149.45818493515253 25.324602112174034 135.74305177293718 182.82217073254287 674.19706570263952 681.36360969441012 25.424337614327669 314.98403412243351 426.77519392129034 268.14837873121724 1604.0380173441954 19.167106540873647
leaf_count=7156 448 188 504 560 88 561 826 2492 4266 134 1644 2171 1313 8381 96
internal_value=-1.65426e-06 -0.000414268 0.00234836 0.00342785 0.00145928 0.00472068 0.000685962 0.00129733 -0.000806581 0.00128286 0.00183292 -0.000429442 -7.29148e-05 -0.00105306 -0.000325464
internal_weight=5915.5 5037.12 878.382 429.613 174.783 254.83 1315.12 857.019 3722 448.77 340.408 458.101 949.512 2772.49 108.361
internal_count=30828 26793 4035 1713 648 1065 5677 3318 21116 2322 1778 2359 5579 15537 544
is_linear=0
shrinkage=0.01444


Tree=3
num_leaves=16
num_cat=0
split_feature=22 1 18 7 30 9 0 18 30 27 12 1 23 21 22
split_gain=36.1648 11.9369 3.81105 4.81864 3.13475 1.58645 1.29059 1.1116 1.15193 0.958968 0.903574 0.859276 0.129406 0.0484526 0.000244889
threshold=0.063237138395307424 0.12421854912764006 -0.058060756675740281 0.6164947115598729 20.500000000000004 0.21702649579355365 0.69537500000000019 0.10842616639931758 16.345000000000002 0.45855418758355077 0.048423565870157441 0.084508064516129064 0.062714711639469248 0.080001036651413435 0.059102722600249291
decision_type=10 2 10 10 10 8 2 10 8 10 8 2 10 8 8
left_child=5 6 3 -3 -4 12 10 8 -7 -9 -2 -8 13 -1 -14
right_child=1 2 4 -5 -6 7 11 9 -10 -11 -12 -13 14 -15 -16
leaf_value=-0.0009768543814649552 0.00016260905388738593 0.0013264269110067159 0.00115017954097515 -0.0002901632486508077 0.00028310416971397427 -1.9582536344919175e-05 -0.00031317680223284756 -0.00076910669382087204 -0.00048080771175631245 0.00053643937868380913 -0.00033309392838566784 0.00095141103265155669 0.00028641946874286808 -0.00080843690844382629 -0.00097689254370596115
leaf_weight=1231.4778887145221 376.58508362341672 183.8684588461183 799.6654326361604 40.915524000301957 257.64734591543674 454.01808483526111 45.493892287835479 13.862338393926619 1856.7789087570272 20.776838121935725 440.09051331179217 171.37061422085389 4.9244504962116453 9.0556007409468275 8.9687068546190858
leaf_count=6891 2508 814 3277 86 876 3080 239 42 8860 126 2033 781 77 1050 88
internal_value=-5.27429e-06 0.00140004 0.00233175 0.00409282 0.00194301 -0.000912967 0.00023098 -0.000679508 -0.000722207 0.00176338 -1.65053e-05 0.00122084 -0.00133855 -0.00135407 0
internal_weight=5915.5 2315.64 1282.1 224.784 1057.31 3599.86 1033.54 2345.44 2310.8 34.6392 816.676 216.865 1254.43 1240.53 13.8932
internal_count=30828 10614 5053 900 4153 20214 5561 12108 11940 168 4541 1020 8106 7941 165
is_linear=0
shrinkage=0.01444


Tree=4
num_leaves=16
num_cat=0
split_feature=19 23 10 10 9 23 13 19 1 16 34 26 9 16 19
split_gain=28.3887 8.58323 4.24808 4.34976 3.54166 3.1321 3.05335 2.85939 2.62495 2.91997 1.70972 1.80007 0.979818 0.7554 0.334706
threshold=0.10395128383870046 0.059212729972019158 0.37638446609611037 0.46972273111664381 0.30816959834411223 0.10908199235945247 1.6310514805902907 0.10865251956048941 0.1250260416666667 1.3049426766847898 0.012583619509106471 0.38168229721005981 0.21702649579355365 0.85605218372682923 0.17659736308316434
decision_type=10 10 8 10 10 10 10 10 2 8 8 8 8 10 10
left_child=1 4 10 7 12 -5 -6 -4 13 -10 11 -2 -1 -3 -12
right_child=2 8 3 5 6 -7 -8 -9 9 -11 14 -13 -14 -15 -16
leaf_value=-0.00096274862115540666 -0.00011952453148579796 -0.00036229864941860303 -0.00051764736060418051 0.00061982659314550653 -0.00035931288315213847 0.0015282534887521397 0.00065860850536985272 0.0014415240440379283 0.0006018139622123277 0.000787156249422004 -0.00062490397433946252 0.0013633079762485911 -0.00039825110641394094 0.0001643116332466662 0.00094390132399942281
leaf_weight=1250.8114158697426 72.791660795919597 191.8275664485991 18.92039000056684 137.17100390419364 701.01683768769726 129.33177855797112 249.53677556989715 178.40710259601474 389.1808810364455 67.711430734489113 73.153744174633175 279.05441081151366 1671.937729974743 491.25582775007933 13.391125843860207
leaf_count=7928 378 1309 84 404 2953 497 1355 830 1518 264 338 1480 8737 2665 88
internal_value=-2.9875e-05 -0.000456488 0.00232496 0.00330576 -0.000782135 0.00201178 -2.55417e-06 0.00497663 0.00063833 0.00148609 0.00125455 0.00170972 -0.00103115 5.13952e-05 -0.000444752
internal_weight=5915.5 5013.28 902.221 463.83 3873.3 266.503 950.554 197.327 1139.98 456.892 438.391 351.846 2922.75 683.083 86.5449
internal_count=30828 26729 4099 1815 20973 901 4308 914 5756 1782 2284 1858 16665 3974 426
is_linear=0
shrinkage=0.01444


Tree=5
num_leaves=16
num_cat=0
split_feature=22 2 10 30 35 22 35 20 28 31 33 22 21 18 18
split_gain=34.0228 8.21718 3.91309 3.91036 3.75141 1.53512 1.82499 1.25505 1.23696 1.17754 0.681065 0.383813 0.373854 0.37045 0.0942246
threshold=0.063237138395307424 0.15518798208384257 0.79337145148001331 19.815000000000001 3.014308629016647 0.044770211317153509 4.5837421916040331 0.097870332645339855 0.070450000000000026 -3.0599999999999983 0.020061510252349927 0.030651647619559481 0.021712674435399055 0.10842616639931758 -0.073522501567933482
decision_type=10 2 8 10 2 8 2 10 10 10 10 10 8 10 8
left_child=5 7 3 -3 -4 11 8 10 -7 -9 -2 14 -13 -8 -1
right_child=1 2 4 -5 -6 6 13 9 -10 -11 -12 12 -14 -15 -16
leaf_value=-0.00024193183575719367 -0.00031171001189200602 0.0011127553862011618 0.00048456477426997273 0.00027032596725169283 0.00097295309470049975 -0.00012443972688061172 -0.00055408771445787945 0.001750114073884366 0.0011539823914655126 0.00046768352294130917 0.00015793269556467016 -0.00037847718815556508 -0.00067655129732707318 1.7184013937185865e-05 -0.0010179297881674166
leaf_weight=11.227188571356235 293.76088285818696 887.65278507815674 46.786817907821387 343.46821917779744 89.367858004290611 662.03256356902421 652.27628005109727 30.357500652316958 57.734302815049887 188.52082627546042 435.72197488788515 445.4678992331028 696.24113856628537 13.90586715005338 1060.9775769584812
leaf_count=120 1321 3753 188 1266 284 4405 3273 350 366 980 2472 2159 3818 52 6021
internal_value=-3.25586e-05 0.00133037 0.00204812 0.00177181 0.00443344 -0.00091298 -0.000518362 0.00028119 0 0.00123875 0 -0.00115391 -0.000930874 -0.00106278 -0.0013786
internal_weight=5915.5 2315.64 1367.28 1231.12 136.155 3599.86 1385.95 948.361 719.767 218.878 729.483 2213.91 1141.71 666.182 1072.2
internal_count=30828 10614 5491 5019 472 20214 8096 5123 4771 1330 3793 12118 5977 3325 6141
is_linear=0
shrinkage=0.01444


Tree=6
num_leaves=16
num_cat=0
split_feature=20 9 30 16 23 18 10 23 12 12 23 1 9 34 20
split_gain=26.3591 8.12386 4.97112 4.25478 3.88186 3.65356 5.09099 2.87002 3.60417 2.8525 2.45747 1.47846 0.808856 0.653722 0.00196951
threshold=0.089317115723336601 0.32593049490033305 20.865000000000006 1.3755952741735133 0.03919394439989022 0.0024537517761269449 0.65426711401906179 0.14285714285714288 0.046853319405468878 0.077905088274849557 0.050645562715682109 0.12667892156862751 0.21702649579355365 0.011967913798831777 0.13848882420798336
decision_type=10 10 10 8 8 10 10 10 10 10 10 2 8 10 8
left_child=1 10 4 7 -3 6 -5 8 -2 -9 12 -12 -1 -4 -7
right_child=3 2 13 5 -6 14 -8 9 -10 -11 11 -13 -14 -15 -16
leaf_value=-0.00094791854696235612 0.0014356691731139937 -0.00036069642628754945 4.4194149426034443e-05 0.00092642924368597102 0.00066798397746152907 -0.00021237472943536412 0.0022436277724108343 0.0011958181298830201 0.00050823846613542328 0.0011541576586966515 -0.00040905542248298481 0.00075651733655801264 -0.0004027194911932309 -0.00034454469587583299 0.00076062524582317422
leaf_weight=1166.8005977203138 272.88595048710704 191.29498960729688 111.09712855517864 42.937257562298328 612.79546538647264 11.222790607251229 24.101443646475673 67.969458114355803 595.03995463065803 58.661543165333569 726.96872410783544 138.47664248524234 1597.6242897328921 292.19050164520741 5.4329443024471393
leaf_count=7152 1406 945 778 398 2438 98 48 419 2256 226 4483 652 8353 1090 86
internal_value=-4.09284e-05 -0.00049823 0.00052098 0.00199768 0.00118336 0.00519433 0.00670041 0.00171277 0.00139072 0.0038014 -0.000840876 -0.000151403 -0.00105192 -0.000767085 -0.000127643
internal_weight=5915.5 4837.25 1207.38 1078.25 804.09 83.6944 67.0387 994.557 867.926 126.631 3629.87 865.445 2764.42 403.288 16.6557
internal_count=30828 25891 5251 4937 3383 630 446 4307 3662 645 20640 5135 15505 1868 184
is_linear=0
shrinkage=0.01444


Tree=7
num_leaves=15
num_cat=0
split_feature=22 1 10 24 13 22 35 32 26 32 31 18 24 11
split_gain=32.0034 10.655 3.73867 4.30467 3.35178 1.60199 1.25998 1.9918 1.08824 1.39038 1.12732 0.309563 0.139587 0.00530184
threshold=0.063237138395307424 0.12421854912764006 0.79337145148001331 11.500000000000002 1.4052965162429574 0.030651647619559481 4.5837421916040331 0.50065963060686025 0.6579948625170905 0.80408970976253313 0.10000000000000055 0.10842616639931758 2.5000000000000004 0.38458976619731361
decision_type=10 2 8 2 10 8 2 10 10 8 8 10 2 8
left_child=5 8 4 -4 -3 12 7 -7 10 -10 -2 -8 13 -1
right_child=1 2 3 -5 -6 6 11 -9 9 -11 -12 -13 -14 -15
leaf_value=-0.00087843465876219625 0.00057072817442296267 0.00038899510403545364 0.00092650572282127494 0.0011727131852893313 0.0011605538289194961 9.143426805359796e-05 -0.00055573237451834144 -0.00035548797615387353 0.00076035162265517963 -0.000353203896256174 -0.00016468899292855569 2.2751139535625113e-05 -0.0010221537024367867 0.00088431031771007973
leaf_weight=12.658291413914409 229.29837624542415 303.00757851079106 88.827545252628624 44.053596019744873 846.20804161485285 383.29781930660829 1115.4076895881444 1012.2671869383194 112.93882713606581 70.179773884825408 621.12312617758289 16.685355551540852 1056.7937018778175 2.7527722381055364
leaf_count=1128 1488 1089 402 62 3500 3577 5649 4767 885 470 2718 80 4917 96
internal_value=-4.27162e-05 0.00127905 0.00215914 0.00452089 0.00187262 -0.000896654 -0.000687518 -0.000381985 0.000174069 0.00118414 -2.86745e-05 -0.00105223 -0.00137686 0
internal_weight=5915.5 2315.64 1282.1 132.881 1149.22 3599.86 2527.66 1395.57 1033.54 183.119 850.422 1132.09 1072.2 15.4111
internal_count=30828 10614 5053 464 4589 20214 14073 8344 5561 1355 4206 5729 6141 1224
is_linear=0
shrinkage=0.01444


Tree=8
num_leaves=15
num_cat=0
split_feature=22 0 10 19 34 22 35 30 23 10 26 18 24 18
split_gain=31.8567 7.28475 3.5727 5.36724 2.53675 1.59459 1.25998 1.9918 0.844242 1.06148 0.694006 0.309563 0.13928 0.000818922
threshold=0.063237138395307424 0.51222500000000015 0.37638446609611037 0.10865251956048941 0.012583619509106471 0.030651647619559481 4.5837421916040331 16.345000000000002 0.099528401005634939 0.26728466886402119 0.6579948625170905 0.10842616639931758 2.5000000000000004 -0.068437827960091832
decision_type=10 2 8 10 8 8 2 10 10 10 10 10 2 10
left_child=5 8 4 -4 -3 12 7 -7 10 -10 -2 -8 13 -1
right_child=1 2 3 -5 -6 6 11 -9 9 -11 -12 -13 -14 -15
leaf_value=0.00087154089207452825 -0.00020002149920050853 0.00092548024042500251 0.00062813051040929747 0.001380542961639858 -0.00017207568517313451 9.0113958810260133e-05 -0.00054770760867815956 -0.00035035473594970606 0.0014376982370777765 -0.00017684214137416414 0.00018736252508514211 2.2422613475704813e-05 -0.0010073938207188294 -0.00086575007753984725
leaf_weight=1.3765372838824994 557.64334348123521 517.54782795254141 468.9609646089375 393.94954033568501 180.39446988515556 383.29781930660829 1115.4076895881444 1012.2671869383194 47.000917565543205 51.956948804203421 98.182852208614349 16.685355551540852 1056.7937018778175 14.034526368137445
leaf_count=76 2638 2660 1618 1505 596 3577 5649 4767 412 340 845 80 4917 1148
internal_value=-4.42262e-05 0.0012745 0.00183803 0.00247059 0.00103587 -0.000896208 -0.000687518 -0.000381985 9.133e-05 0.00133873 -7.79225e-05 -0.00105223 -0.00137536 0
internal_weight=5915.5 2315.64 1560.85 862.911 697.942 3599.86 2527.66 1395.57 754.784 98.9579 655.826 1132.09 1072.2 15.4111
internal_count=30828 10614 6379 3123 3256 20214 14073 8344 4235 752 3483 5729 6141 1224
is_linear=0
shrinkage=0.01444


Tree=9
num_leaves=16
num_cat=0
split_feature=22 2 10 35 30 9 30 23 5 7 18 26 35 23 23
split_gain=31.3495 8.0512 4.12719 3.70349 3.48422 1.66131 1.26238 2.25102 1.20181 2.56252 1.18364 1.07736 0.336602 0.135651 0.135578
threshold=0.063237138395307424 0.15518798208384257 0.79337145148001331 3.014308629016647 19.815000000000001 0.21702649579355365 16.345000000000002 0.032514210948371487 0.55454615393592366 0.27329515643312186 0.10842616639931758 0.6579948625170905 2.3504206048856529 0.028621516261457151 0.062714711639469248
decision_type=10 2 8 2 10 8 8 10 10 10 10 8 2 10 10
left_child=5 8 4 -4 -3 12 7 -7 11 -10 -8 -2 13 -1 -14
right_child=1 2 3 -5 -6 6 10 -9 9 -11 -12 -13 14 -15 -16
leaf_value=0.00010034621543953152 -8.0316197649484583e-05 0.0010474929971732022 0.00045448058437300056 0.0008931919798694693 0.00023227077970143964 -0.00068193133489298594 -0.00043827269330534284 0.00015659065726810644 1.7187367257086413e-05 0.0018631368958629852 0.00052904325315403645 0.00036255566198206782 -0.00090492398860053257 -0.0010511695534773143 0.00028499302690599066
leaf_weight=8.3721333444118518 724.43999162316322 887.65278507815674 46.786817907821387 89.367858004290611 343.46821917779744 176.65016914624721 1856.7789087570272 279.68146963138133 33.231980977579951 15.405051803216336 32.325622573494911 175.28416026988998 1221.5669790999964 10.808815345168112 13.678719016723333
leaf_count=90 3487 3753 188 284 1266 1330 8860 1808 212 68 110 1356 7815 40 161
internal_value=-4.87319e-05 0.00125942 0.00196958 0.00441252 0.00168691 -0.000893912 -0.000655626 0 0.00022122 0.00242963 -0.000820332 8.58695e-05 -0.00132852 6.40961e-06 -0.00135984
internal_weight=5915.5 2315.64 1367.28 136.155 1231.12 3599.86 2345.44 456.332 948.361 48.637 1889.1 899.724 1254.43 19.1809 1235.25
internal_count=30828 10614 5491 472 5019 20214 12108 3138 5123 280 8970 4843 8106 130 7976
is_linear=0
shrinkage=0.01444


Tree=10
num_leaves=16
num_cat=0
split_feature=22 2 26 9 30 9 19 30 5 28 26 22 23 26 5
split_gain=30.2624 7.54006 3.77868 5.33261 4.80747 1.70042 1.35754 1.37923 1.20181 2.37347 1.07736 0.231596 0.127528 0.100209 0.000584152
threshold=0.063237138395307424 0.15518798208384257 0.47116898361732473 0.78735095411919398 20.500000000000004 0.21702649579355365 0.030552791659231308 19.440000000000001 0.55454615393592366 -0.047149999999999991 0.6579948625170905 0.048040197784970713 0.062714711639469248 0.90118864064631643 0.19776182824684022
decision_type=10 2 10 8 8 8 8 8 10 8 8 10 10 10 8
left_child=5 8 3 -3 -4 12 11 -8 10 -10 -2 -7 13 -1 -14
right_child=1 2 4 -5 -6 6 7 -9 9 -11 -12 -13 14 -15 -16
leaf_value=-0.00089185690191518924 -7.9156433149765742e-05 0.00037178150604329533 0.0013376858977673667 0.00086684020185579132 0.00022891679367491723 -0.00070971813199962219 -0.00011576748983118751 -0.00048741632701961604 0.0018362332314319496 0.00016715401255349186 0.00035732036451724067 -0.00033629482996076109 -0.0014035111246715939 -0.00011487741943054316 0.00028087773254512603
leaf_weight=1228.1928568119183 724.43999162316322 473.45925323897973 620.80413876473904 30.716311898548156 242.29597626579925 555.57607179041952 1097.0909988740459 637.10197582794353 12.187424717471002 36.449608063325286 175.28416026988998 55.66712361574173 9.1546133914962393 12.340632643550633 4.7385439593344918
leaf_count=7679 3487 1903 2600 172 816 2825 5147 3976 60 220 1356 160 91 262 74
internal_value=-5.87085e-05 0.0012265 0.00191383 0.000878655 0.0025024 -0.000889123 -0.00064831 -0.000430168 0.00022122 0.00242963 8.58695e-05 -0.00124486 -0.00132846 -0.00134387 0
internal_weight=5915.5 2315.64 1367.28 504.176 863.1 3599.86 2345.44 1734.19 948.361 48.637 899.724 611.243 1254.43 1240.53 13.8932
internal_count=30828 10614 5491 2075 3416 20214 12108 9123 5123 280 4843 2985 8106 7941 165
is_linear=0
shrinkage=0.01444


Tree=11
num_leaves=16
num_cat=0
split_feature=19 23 10 10 35 9 23 35 11 13 17 28 9 5 23
split_gain=24.732 7.68381 3.88824 3.73738 3.52206 3.17182 2.98012 2.81288 5.0031 2.68929 1.50489 3.52607 1.58706 1.14044 1.00569
threshold=0.10395128383870046 0.059212729972019158 0.37638446609611037 0.46972273111664381 3.8071067368008777 0.30816959834411223 0.10908199235945247 4.8066814296568463 0.53226164811788979 1.6310514805902907 1.28997420494363 0.058549999999999998 0.28218515522226267 0.08222809834695792 0.032514210948371487
decision_type=10 10 8 10 2 10 10 2 8 10 10 10 10 10 10
left_child=1 5 10 4 -4 14 -5 8 -3 -7 12 -12 -2 -9 -1
right_child=2 7 3 6 -6 9 -8 13 -10 -11 11 -13 -14 -15 -16
leaf_value=-0.00085859786082289225 0.0016443525474218366 0.00017246888213650431 0.0015444273677676886 0.00051633384943941302 0.00081890733962362242 -0.00033330964057753828 0.0014017144380366474 0.0006211675830157501 0.0010426835984559749 0.00057507235248919499 0.000675000259606064 0.0019494692728687271 -3.721955744449721e-05 -0.00019483041020435586 -0.00040909147111192697
leaf_weight=1485.6194789288566 74.556139016989619 593.69226946029812 126.79780099540949 137.17100390419364 70.52969160117209 701.01683768769726 129.33177855797112 28.346639832481742 158.58672444242984 249.53677556989715 94.503936916589737 26.408031205646694 242.92283448670059 359.35007223440334 1437.1296669156291
leaf_count=9201 516 3447 568 404 346 2953 497 90 662 1355 522 124 1122 1557 7464
internal_value=-5.55414e-05 -0.000453847 0.0021421 0.00307994 0.00463242 -0.000761986 0.00187417 0.0005815 0.00110084 -2.31697e-05 0.00111736 0.00251627 0.000539955 -0.00039264 -0.000997739
internal_weight=5915.5 5013.28 902.221 463.83 197.327 3873.3 266.503 1139.98 752.279 950.554 438.391 120.912 317.479 387.697 2922.75
internal_count=30828 26729 4099 1815 914 20973 901 5756 4109 4308 2284 646 1638 1647 16665
is_linear=0
shrinkage=0.01444


Tree=12
num_leaves=16
num_cat=0
split_feature=22 1 10 35 13 9 23 30 0 31 1 16 35 23 23
split_gain=30.18 9.51496 3.76585 3.28309 2.93303 1.66896 1.3882 1.90916 1.14287 0.841011 0.768147 0.386314 0.33166 0.135651 0.133153
threshold=0.063237138395307424 0.12421854912764006 0.79337145148001331 3.014308629016647 1.4052965162429574 0.21526928257310199 0.035600637080476484 16.345000000000002 0.69537500000000019 -0.32000000000000023 0.084508064516129064 0.59406596344349138 2.3504206048856529 0.028621516261457151 0.062714711639469248
decision_type=10 2 8 2 10 8 8 8 2 8 2 8 2 10 10
left_child=5 8 4 -4 -3 12 11 -8 9 -2 -10 -7 13 -1 -14
right_child=1 2 3 -5 -6 6 7 -9 10 -11 -12 -13 14 -15 -16
leaf_value=0.00012417375421560253 0.00046814268561962868 0.00033037230604126714 0.00042955600503813342 0.0010517233292159248 0.0011008025767617587 0.00014139907364032521 0.00016081415686250823 -0.00036978816467482962 -0.00032070912949166774 -0.00014559702292786246 0.00088546421135224146 -0.00052744886135055048 -0.0008765812484731395 -0.0010107141469891208 0.00027433141529950502
leaf_weight=8.3721333444118518 168.98818359803408 303.00757851079106 43.523991997819394 89.357149274554104 846.20804161485285 12.041189074516295 255.68410333991051 992.01495618885383 45.493892287835479 647.6874133371748 171.37061422085389 1112.8983333501965 1194.36456725467 10.808815345168112 13.678719016723333
leaf_count=90 1125 1089 178 286 3500 70 1614 5155 239 3416 781 5459 7625 40 161
internal_value=-4.30978e-05 0.00124039 0.00207229 0.00443859 0.00178528 -0.000872412 -0.000637703 -0.000290941 0.000195209 -3.70401e-05 0.00112789 -0.00101034 -0.00131503 6.40961e-06 -0.00134683
internal_weight=5915.5 2315.64 1282.1 132.881 1149.22 3599.86 2372.64 1247.7 1033.54 816.676 216.865 1124.94 1227.22 19.1809 1208.04
internal_count=30828 10614 5053 464 4589 20214 12298 6769 5561 4541 1020 5529 7916 130 7786
is_linear=0
shrinkage=0.01444


Tree=13
num_leaves=16
num_cat=0
split_feature=22 1 30 26 35 22 5 35 0 30 37 31 19 21 35
split_gain=28.6784 8.67651 3.71252 4.07475 2.1008 1.63566 1.99047 1.75296 1.08787 1.00249 0.857957 0.818226 0.395976 1.2169 0.186679
threshold=0.063237138395307424 0.12421854912764006 20.500000000000004 0.52765538675396806 3.0645584372525447 0.042237602531139833 0.20521558495044684 4.5383356277912323 0.69537500000000019 15.380000000000001 1.0000000180025095e-35 -0.32000000000000023 0.039567839540781614 0.02119622350648917 2.3504206048856529
decision_type=10 2 10 10 2 8 10 2 2 8 2 8 10 8 2
left_child=5 8 3 -3 -4 12 9 -8 11 -7 -10 -2 14 -14 -1
right_child=1 2 4 -5 -6 6 7 -9 10 -11 -12 -13 13 -15 -16
leaf_value=-0.00044761574590055156 0.00046138271336653217 0.00065017939763586431 0.0017709450442439459 0.0012583692491991035 -7.1935589137159936e-05 0.00057700632465852567 0.00034078278855813652 -0.00037124360045450865 0.0013406421006972853 -0.00047741438141540139 8.6180253882066498e-05 -0.00014349460444444001 0.00067007765064531599 -0.00059264975015987692 -0.00088252241671931309
leaf_weight=32.302331584505737 168.98818359803408 453.4514882043004 104.29326763749123 541.18760105967522 183.16440449655056 48.515712302178144 382.40018750214949 259.31335017387755 111.48209486342967 912.74812736618333 105.38241164525971 647.6874133371748 63.447648564353585 291.83042097650468 1609.3050384446979
leaf_count=290 1125 1842 364 2251 596 854 2522 1503 493 4263 527 3416 344 1534 8904
internal_value=-6.39801e-05 0.00118705 0.00198152 0.0024026 0.000477257 -0.000872412 -0.000513665 9.06872e-05 0.000188334 -0.000930543 0.00109845 -3.7909e-05 -0.00115361 -0.000634914 -0.00125765
internal_weight=5915.5 2315.64 1282.1 994.639 287.458 3599.86 1602.98 641.714 1033.54 961.264 216.865 816.676 1996.89 355.278 1641.61
internal_count=30828 10614 5053 4093 960 20214 9142 4025 5561 5117 1020 4541 11072 1878 9194
is_linear=0
shrinkage=0.01444


Tree=14
num_leaves=16
num_cat=0
split_feature=22 1 33 33 18 9 19 28 26 26 31 35 26 28 23
split_gain=28.6065 8.61469 3.301 4.19188 1.98405 1.66892 1.43327 1.02841 1.01059 1.60656 0.913149 0.33166 0.23905 0.142717 0.133153
threshold=0.063237138395307424 0.12421854912764006 0.0097496891585894269 0.017773242667485926 -0.071114086427429155 0.21526928257310199 0.030552791659231308 0.019050000000000001 0.47990276103125468 0.53006152111677352 0.20000000000000021 2.3504206048856529 0.56505341822309874 0.018600000000000037 0.062714711639469248
decision_type=10 2 8 8 10 8 8 10 10 10 10 2 10 8 10
left_child=5 8 4 -4 -3 11 12 -8 10 -10 -2 13 -7 -1 -13
right_child=1 2 3 -5 -6 6 7 -9 9 -11 -12 14 -14 -15 -16
leaf_value=-0.0012960758858888873 0.00026542781618406602 0.0017453726285497808 0.0012697980988176233 0.00097524785476978571 0.00011501031770108561 -0.00074782401975511368 -0.0003145646165582492 2.6325665277006081e-05 0.00090818691877025059 0.00011235464286411864 -0.00042738363597135656 -0.00085575601042637574 -0.00010097598029450429 0.00012884425096037705 0.00026544917687456915
leaf_weight=10.972553474828599 183.47704019071534 23.384036577306688 149.61696530878544 858.11538444086909 250.98037507105619 527.78642881009728 1235.4805922331288 514.53805865952745 76.587434156797826 421.88376287883148 351.59186621755362 1194.36456725467 94.833502250723541 8.2083952147513646 13.678719016723333
leaf_count=54 1445 144 280 3476 1153 2525 6721 2516 398 2440 1278 7625 536 76 161
internal_value=-6.49981e-05 0.00118446 0.0019761 0.00236213 0.000508721 -0.000872417 -0.000637711 -0.000414458 0.000189243 0.00066365 -0.000228505 -0.00131503 -0.00124328 6.40961e-06 -0.00134683
internal_weight=5915.5 2315.64 1282.1 1007.73 274.364 3599.86 2372.64 1750.02 1033.54 498.471 535.069 1227.22 622.62 19.1809 1208.04
internal_count=30828 10614 5053 3756 1297 20214 12298 9237 5561 2838 2723 7916 3061 130 7786
is_linear=0
shrinkage=0.01444


Tree=15
num_leaves=15
num_cat=0
split_feature=22 1 32 8 12 9 19 32 0 36 33 22 5 5
split_gain=27.9302 9.02704 3.67303 3.37129 2.40143 1.70017 1.463 1.51018 1.18442 1.33114 0.953065 0.230263 0.0695323 0.202651
threshold=0.063237138395307424 0.12421854912764006 0.85092348284960428 0.34854244319295741 0.039332922668725852 0.21526928257310199 0.030552791659231308 0.80408970976253313 0.69537500000000019 1.0000000180025095e-35 0.03470875340152358 0.048040197784970713 0.66917101584544503 0.70333751743564543
decision_type=10 2 10 8 10 8 8 8 2 2 10 10 10 10
left_child=5 8 3 -3 -4 12 11 -8 10 -10 -2 -7 -1 -14
right_child=1 2 4 -5 -6 6 7 -9 9 -11 -12 -13 13 -15
leaf_value=-0.00082312697400190385 -0.00032199148170042644 0.00074961815777296404 0.0017201694780942863 0.001064489701228714 -3.2035076052798579e-06 -0.0006674499044892878 -9.8368537773489427e-05 -0.00045837089349203854 5.977224999709711e-05 0.0013780424787387133 0.00019035597436317932 -0.00030956316553071517 0.0001269837422133262 -0.00097211657943360459
leaf_weight=1165.3875456112437 420.71874736854807 325.15383558627218 43.446681752800941 669.48525367770344 244.01099038124084 566.95280744507909 1111.7130468497053 638.30560404295102 114.57303748233244 102.29146902635694 395.95684956666082 55.66712361574173 12.894655298441647 48.942034051287919
leaf_count=7646 1935 1782 96 2311 864 2901 5229 4008 549 471 2606 160 60 210
internal_value=-7.07486e-05 0.00116381 0.00197387 0.00239274 0.000477257 -0.000868578 -0.000631887 -0.000406563 0.000145745 0.00109789 -9.16489e-05 -0.00124328 -0.00131503 -0.000433927
internal_weight=5915.5 2315.64 1282.1 994.639 287.458 3599.86 2372.64 1750.02 1033.54 216.865 816.676 622.62 1227.22 61.8367
internal_count=30828 10614 5053 4093 960 20214 12298 9237 5561 1020 4541 3061 7916 270
is_linear=0
shrinkage=0.01444


Tree=16
num_leaves=16
num_cat=0
split_feature=20 1 16 11 24 20 10 20 12 10 30 20 7 7 24
split_gain=21.1845 6.58132 4.59458 3.76216 5.19106 3.71518 3.92991 2.26211 3.20153 2.64685 2.21611 0.467989 0.509136 0.145435 0.0187333
threshold=0.089317115723336601 0.093114224137931065 1.3755952741735133 0.51085126765553179 10.500000000000002 0.047798360384222811 0.79337145148001331 0.12200303435083347 0.047221998161071602 0.37886185349718732 20.240000000000006 0.026750794588581515 0.18249034291159019 0.40116814757232083 10.500000000000002
decision_type=10 2 8 8 2 10 10 10 10 10 8 10 8 10 2
left_child=1 11 7 14 -5 6 -3 8 -2 -9 -7 13 -13 -1 -4
right_child=2 5 3 4 -6 10 -8 9 -10 -11 -12 12 -14 -15 -16
leaf_value=-0.00093079039573271051 0.001323453153877001 -0.00035782160405212036 6.6214863375652098e-06 0.00066412151781278326 0.0010491184884231807 0.00049490057214867799 0.0012095473937685896 0.00069807278378223551 0.00010252509752573327 0.0016953302606938267 -7.2511328875613643e-05 -0.00065926250747174527 -0.00035239242849814868 -0.00079376353632534249 -0.00030238971630860853
leaf_weight=893.64875200600363 189.02905025333166 1169.7705617037136 3.3724592686630812 23.021931597962976 42.720568180084229 797.56034510303289 39.267095657065511 203.01264894846827 393.89822464808822 208.61698254756629 319.3209133297205 356.25450944015756 1240.2543823132291 21.171779687516391 14.579477071762083
leaf_count=5460 1040 6063 318 226 62 3630 170 962 1518 787 1380 2954 6114 120 24
internal_value=-7.55242e-05 -0.000485662 0.0017516 0.00505551 0.00665632 6.25198e-05 -0.000485816 0.00145774 0.000841756 0.002296 0.000667762 -0.000998485 -0.000824724 -0.00128674 -0.00012343
internal_weight=5915.5 4837.25 1078.25 83.6944 65.7425 2325.92 1209.04 994.557 582.927 411.63 1116.88 2511.33 1596.51 914.821 17.9519
internal_count=30828 25891 4937 630 288 11243 6233 4307 2558 1749 5010 14648 9068 5580 342
is_linear=0
shrinkage=0.01444


Tree=17
num_leaves=16
num_cat=0
split_feature=22 0 30 26 28 9 19 17 19 12 13 35 26 28 26
split_gain=27.1365 6.23597 3.67639 4.81531 2.21196 1.73449 1.51497 1.63442 1.22711 1.65209 0.724236 0.330237 0.23905 0.142717 0.101583
threshold=0.063237138395307424 0.53375000000000017 20.865000000000006 0.48515791475977071 0.046650000000000032 0.21526928257310199 0.030552791659231308 1.2017995962665993 0.10953192748711404 0.042097930913720508 1.9077125649742692 2.3504206048856529 0.56505341822309874 0.018600000000000037 0.90118864064631643
decision_type=10 2 10 10 8 8 8 10 10 10 8 2 10 8 10
left_child=5 8 3 -3 -4 11 12 -8 10 -10 -2 13 -7 -1 -13
right_child=1 2 4 -5 -6 6 7 -9 9 -11 -12 14 -14 -15 -16
leaf_value=-0.0012603860928329961 8.6217091182168103e-05 0.0003745396840796071 -7.1464266545491888e-05 0.0011737195508224549 0.0010136728899801009 -0.00071394689170379329 -0.00037438579182106843 7.9799845767381422e-05 0.0012076591557540004 0.00037314236686894768 -0.00059028325410096177 -0.000822786123586783 -8.4712986108076988e-05 0.00013859069633555827 -5.9961166893604287e-05
leaf_weight=10.972553474828599 579.44077096926048 470.30804267758504 231.40223230421543 682.84996450506151 84.584588214755058 527.78642881009728 1315.7925499570556 434.2261009356007 52.459101193584502 84.820956761948764 129.77120821550488 1195.8518781587481 94.833502250723541 8.2083952147513646 12.191408112645147
leaf_count=54 2812 1996 800 2816 294 2525 7094 2143 389 541 966 7520 536 76 266
internal_value=-7.4221e-05 0.00114262 0.00171209 0.00209202 0.000282975 -0.000860654 -0.000621834 -0.000392934 0.000138342 0.00139115 -8.66165e-05 -0.00131122 -0.00124328 6.40961e-06 -0.00134297
internal_weight=5915.5 2315.64 1469.14 1153.16 315.987 3599.86 2372.64 1750.02 846.492 137.28 709.212 1227.22 622.62 19.1809 1208.04
internal_count=30828 10614 5906 4812 1094 20214 12298 9237 4708 930 3778 7916 3061 130 7786
is_linear=0
shrinkage=0.01444


Tree=18
num_leaves=16
num_cat=0
split_feature=19 23 2 32 10 20 18 10 28 18 18 21 32 11 18
split_gain=22.1078 7.30256 4.03931 3.52763 3.3513 3.36336 3.95579 2.32578 1.56794 1.51986 4.00177 1.03073 0.995107 0.791792 0.234836
threshold=0.10395128383870046 0.036140810131956198 0.14797619374409895 0.8700527704485489 0.37638446609611037 0.099269809342028434 0.061893685807672745 0.44497953586771971 0.034400000000000021 0.022249501448798229 0.017599117551687752 0.052111884493786786 0.46174142480211083 0.30389395106085237 0.058698350508818893
decision_type=10 10 2 10 8 10 10 8 10 10 10 10 10 10 8
left_child=1 11 8 -4 9 7 -7 -6 -3 10 -2 14 -11 -13 -1
right_child=4 2 3 -5 5 6 -8 -9 -10 12 -12 13 -14 -15 -16
leaf_value=-0.00079127526260093777 0.00080115568401263734 -0.00032873665381239809 0.00043260205144095146 -0.0001663860344721846 0.00088272414671997914 0.0013735686682364333 0.00067884484416117917 -0.00035988876005953229 0.00010645312205685046 0.0019831451701726984 0.0045240747625545051 -0.00066252190112722298 -0.00027079605114842871 0.00060915607341578519 -0.00020479950458642665
leaf_weight=1690.4028250388801 280.18695504730567 1585.5573331718333 887.97823971416801 267.57593239843845 32.964767005294561 296.19557891320437 72.125012231059372 62.544916909188032 220.25472721084952 29.581717599183321 13.816279895603655 92.092380668967962 114.80598908383399 59.108962895348668 210.30806397320703
leaf_count=9365 1450 8598 3838 996 142 1175 306 192 1148 258 82 448 494 346 1990
internal_value=-7.4411e-05 -0.000451085 3.3029e-06 0.000674158 0.0020031 0.00287517 0.00350486 0.000304335 -0.000418811 0.00104814 0.00164613 -0.00111307 -8.0841e-05 0 -0.00120436
internal_weight=5915.5 5013.28 2961.37 1155.55 902.221 463.83 368.321 95.5097 1805.81 438.391 294.003 2051.91 144.388 151.201 1900.71
internal_count=30828 26729 14580 4834 4099 1815 1481 334 9746 2284 1532 12149 752 794 11355
is_linear=0
shrinkage=0.01444


Tree=19
num_leaves=15
num_cat=0
split_feature=22 2 26 30 9 9 19 30 5 26 26 35 23 23
split_gain=26.5826 6.65777 3.92072 6.32594 3.17251 1.74754 1.3426 1.47027 1.19217 0.985953 0.397314 0.329691 0.135651 0.132148
threshold=0.063237138395307424 0.15518798208384257 0.48248848793882509 20.500000000000004 0.78735095411919398 0.21526928257310199 0.030552791659231308 18.005000000000006 0.65572816515749877 0.6579948625170905 0.56505341822309874 2.3504206048856529 0.028621516261457151 0.062714711639469248
decision_type=10 2 10 8 8 8 8 8 10 8 10 2 10 10
left_child=5 8 4 -4 -3 11 10 -8 9 -2 -7 12 -1 -13
right_child=1 2 3 -5 -6 6 7 -9 -10 -11 -12 13 -14 -15
leaf_value=0.00014801545014141667 -6.9755872692992102e-05 0.00028456956023594144 0.0011978277652205957 0.00018115972505437363 0.00075363625844849364 -0.0006922115099272342 -1.7741176337200693e-06 -0.00042907422357268434 0.0015286438448872067 0.00025833996405068478 -7.2063731004424545e-05 -0.00079476535372698684 -0.0009335731950776972 0.00029521854404769685
leaf_weight=8.3721333444118518 751.16845096182078 489.15941605297849 605.68737211730331 241.65867633325979 30.770215664524585 527.78642881009728 929.59995494130999 820.41869595134631 12.01158169377595 185.18115201825276 94.833502250723541 1194.36456725467 10.808815345168112 13.678719016723333
leaf_count=90 3601 1981 2526 808 176 2525 4250 4987 94 1428 536 7625 40 161
internal_value=-7.92595e-05 0.00112506 0.00177083 0.00238364 0.00074548 -0.000857635 -0.000618009 -0.000401565 0.000179741 0.000106047 -0.00120447 -0.00130976 6.40961e-06 -0.00134148
internal_weight=5915.5 2315.64 1367.28 847.346 519.93 3599.86 2372.64 1750.02 948.361 936.35 622.62 1227.22 19.1809 1208.04
internal_count=30828 10614 5491 3334 2157 20214 12298 9237 5123 5029 3061 7916 130 7786
is_linear=0
shrinkage=0.01444


Tree=20
num_leaves=15
num_cat=0
split_feature=22 2 30 10 33 9 17 23 5 0 20 35 23 23
split_gain=25.8952 6.38397 3.69322 3.424 1.83269 1.7278 1.50927 1.44437 1.1942 0.83154 0.76604 0.327452 0.135651 0.131007
threshold=0.063237138395307424 0.15518798208384257 20.500000000000004 0.37638446609611037 0.025999877546902587 0.21526928257310199 1.1817191397765912 0.032252958352842455 0.65572816515749877 0.51485000000000014 0.042301445220926305 2.3504206048856529 0.028621516261457151 0.062714711639469248
decision_type=10 2 10 8 10 8 10 8 10 2 8 2 10 10
left_child=5 8 3 -3 -4 11 10 -8 9 -2 -7 12 -1 -13
right_child=1 2 4 -5 -6 6 7 -9 -10 -11 -12 13 -14 -15
leaf_value=0.00014587810961101561 -0.00011189792177929958 0.00064182472385531601 -8.7731892474060462e-06 0.00099255181445870549 0.0017929965281754737 -0.00053803001030533102 -0.00038381780969140534 0.00010874101005727578 0.001506570254305252 0.00036377016159226579 -0.00024925714232689914 -0.00078328895581679446 -0.00092009241434819189 0.00029095559339682714
leaf_weight=8.3721333444118518 540.36551165254787 450.38516238564625 284.14986155927181 612.28885021433234 20.451806008815765 1105.9701832691208 205.53427381254733 387.16517928708345 12.01158169377595 395.98409132752568 673.96894558472559 1194.36456725467 10.808815345168112 13.678719016723333
leaf_count=90 3138 2156 918 2287 130 5168 1150 1853 94 1891 4127 7625 40 161
internal_value=-8.5861e-05 0.00110273 0.00173512 0.00213881 0.000282497 -0.000854119 -0.00061578 0 0.000176727 0.000102995 -0.00082593 -0.00130376 6.40961e-06 -0.00133539
internal_weight=5915.5 2315.64 1367.28 1062.67 304.602 3599.86 2372.64 592.699 948.361 936.35 1779.94 1227.22 19.1809 1208.04
internal_count=30828 10614 5491 4443 1048 20214 12298 3003 5123 5029 9295 7916 130 7786
is_linear=0
shrinkage=0.01444


Tree=21
num_leaves=16
num_cat=0
split_feature=22 1 30 26 12 22 5 0 17 31 37 30 27 17 23
split_gain=25.7029 8.21884 3.43737 4.1834 2.47497 1.79569 1.24996 1.11877 1.02718 0.953646 0.822021 0.647641 0.236032 1.14476 0.129205
threshold=0.063237138395307424 0.12421854912764006 20.500000000000004 0.52765538675396806 0.039332922668725852 0.03549253524841034 0.20521558495044684 0.69537500000000019 1.1250755507314389 -0.32000000000000023 1.0000000180025095e-35 15.380000000000001 0.97291879549105864 1.0000000180025095e-35 0.032514210948371487
decision_type=10 2 10 10 10 8 10 2 10 8 2 8 10 10 10
left_child=5 7 3 -3 -4 12 11 9 -8 -2 -9 -7 14 -14 -1
right_child=1 2 4 -5 -6 6 8 10 -10 -11 -12 -13 13 -15 -16
leaf_value=-0.00082218579578705227 0.00043899065989683194 0.00054820650100663535 0.0016495580976220239 0.0011420751837454477 -2.5929333178827408e-05 0.0001772566362921236 -0.00027717995734638284 0.0011545468130428874 0.0001277030176562419 -0.00016134508925215452 8.6384220684456689e-05 -0.00046325399382704557 0.00069405740112034114 -0.00020345464080909973 -0.00088373394090419022
leaf_weight=1285.7684537186287 168.98818359803408 453.4514882043004 43.446681752800941 541.18760105967522 244.01099038124084 62.470720614306629 524.69165524863638 111.48209486342967 349.26700145937502 647.6874133371748 105.38241164525971 1236.7683748861309 7.9255090728402129 57.586972968652844 75.384128945879638
leaf_count=7049 1125 1842 96 2251 864 1176 3422 493 1927 3416 527 5667 20 368 585
internal_value=-8.31708e-05 0.001101 0.00187393 0.00227899 0.000425228 -0.000848584 -0.000575775 0.000129026 -0.000135398 -0.000101446 0.00105519 -0.000861746 -0.00125459 -0.000151619 -0.00129798
internal_weight=5915.5 2315.64 1282.1 994.639 287.458 3599.86 2173.2 1033.54 873.959 816.676 216.865 1299.24 1426.67 65.5125 1361.15
internal_count=30828 10614 5053 4093 960 20214 12192 5561 5349 4541 1020 6843 8022 388 7634
is_linear=0
shrinkage=0.01444


Tree=22
num_leaves=16
num_cat=0
split_feature=19 23 1 28 18 11 34 9 21 26 31 21 9 33 10
split_gain=19.5242 6.73943 4.72117 3.3514 5.67538 3.16586 2.20389 1.70378 1.69719 2.35339 2.10734 1.02042 0.98949 0.269692 0.222926
threshold=0.10395128383870046 0.036140810131956198 0.14005102040816331 0.066499999999999962 0.014703493483163356 0.30823104073638552 0.033372308812263836 0.21617751760808535 0.050823297880379807 0.53432285164736038 2.1350000000000002 0.052111884493786786 0.34163312263862938 0.016171703227177984 0.3440349337153506
decision_type=10 10 2 10 8 10 10 10 8 8 10 10 10 8 8
left_child=1 11 7 8 5 -5 -4 -3 9 -2 -10 14 -13 -6 -1
right_child=3 2 6 4 13 -7 -8 -9 10 -11 -12 12 -14 -15 -16
leaf_value=-0.00077382230625113932 -0.0005953718325527208 -0.00048180997359956212 0.00048700122140121852 0.00022108415989024395 0.0028074469291677505 0.0019583441020158254 -0.00012318291985770064 -5.7595241364705112e-05 0.00097979699892562994 0.0014573554029769212 0.00022173912735855888 -0.00054637778642386908 0.0010681141946299272 -0.0004296684490585311 -0.0005240865613564921
leaf_weight=1496.0288880681619 21.588482834398746 567.67300740769133 496.95098953228444 23.310468661598861 15.190517505630849 84.259519538842142 88.4807258695364 1808.2615096857771 365.26140793366358 47.731344053521752 307.92049523908645 113.10648383386433 38.094859730452299 36.958980917930603 404.68200094392523
leaf_count=8338 154 4119 1972 98 46 312 288 8201 2081 252 1000 590 204 156 3017
internal_value=-9.35267e-05 -0.000447607 -2.42417e-06 0.00185852 0.00380373 0.00569131 0.00115397 -0.000293072 0.00141993 0.00365555 0.00116746 -0.00108355 0 0 -0.00117446
internal_weight=5915.5 5013.28 2961.37 902.221 159.719 107.57 585.432 2375.93 742.502 69.3198 673.182 2051.91 151.201 52.1495 1900.71
internal_count=30828 26729 14580 4099 612 410 2260 12320 3487 406 3081 12149 794 202 11355
is_linear=0
shrinkage=0.01444


Tree=23
num_leaves=15
num_cat=0
split_feature=22 1 28 9 30 22 35 30 19 14 22 24 24 11
split_gain=23.8644 7.15426 3.23266 5.63536 2.29264 1.74897 1.3667 1.61832 0.942349 0.879789 0.74262 0.311924 0.141922 0.0052989
threshold=0.063237138395307424 0.12421854912764006 0.066499999999999962 0.37158804893283176 20.115000000000006 0.030651647619559481 4.5837421916040331 16.345000000000002 0.10865251956048941 2.140964567856777 0.12240448092700522 8.5000000000000018 2.5000000000000004 0.38458976619731361
decision_type=10 2 10 10 10 8 2 10 10 8 10 2 2 8
left_child=5 8 4 -4 -3 12 7 -7 10 -10 -2 -8 13 -1
right_child=1 2 3 -5 -6 6 11 -9 9 -11 -12 -13 -14 -15
leaf_value=-0.00073646592196832607 -7.780120836473162e-05 0.00069946105391492544 0.0001281535441789285 0.0019300656471807997 0.00016995561974036846 0.0001079702174980924 -0.00041389319891943488 -0.00028755245861742117 0.00021853681704534541 0.0011237269254516099 0.0014539955183968118 -0.00045573293991314637 -0.00083698839757326011 0.00097213241638457017
leaf_weight=12.658291413914409 825.90954651776701 765.60481389099732 91.067924675997347 131.81609270721674 293.607930123806 383.29781930660829 160.64564987458289 1012.2671869383194 115.91810867469758 78.516885948367417 13.195562303066252 971.44739526510239 1056.7937018778175 2.7527722381055364
leaf_count=1128 4317 3153 412 478 1010 3577 3342 4767 631 559 54 2387 4917 96
internal_value=-0.000108364 0.0010325 0.00175372 0.00337582 0.00139845 -0.000845911 -0.000628551 -0.000312184 0.000124701 0.0010337 -7.08839e-05 -0.00100664 -0.00134553 0
internal_weight=5915.5 2315.64 1282.1 222.884 1059.21 3599.86 2527.66 1395.57 1033.54 194.435 839.105 1132.09 1072.2 15.4111
internal_count=30828 10614 5053 890 4163 20214 14073 8344 5561 1190 4371 5729 6141 1224
is_linear=0
shrinkage=0.01444


Tree=24
num_leaves=15
num_cat=0
split_feature=22 1 32 26 34 22 35 17 19 31 31 5 24 11
split_gain=22.5431 6.74325 3.67114 3.40928 1.96561 1.79363 1.43426 1.83335 0.852226 1.22881 0.669927 0.342094 0.140244 0.00467895
threshold=0.063237138395307424 0.12421854912764006 0.84696569920844345 0.52765538675396806 0.013529591520938801 0.030651647619559481 4.5837421916040331 1.1817191397765912 0.11083192495062706 2.145 -0.32000000000000023 -1.0000000180025095e-35 2.5000000000000004 0.38458976619731361
decision_type=10 2 10 10 10 8 2 8 10 10 8 8 2 8
left_child=5 8 3 -3 -4 12 7 -7 10 -10 -2 -8 13 -1
right_child=1 2 4 -5 -6 6 11 -9 9 -11 -12 -13 -14 -15
leaf_value=-0.00072583136684061412 0.00044717344922623394 0.00051604195151926449 0.0010590601786362697 0.0011036332107629586 -3.1210979405916653e-05 -0.00039373290368630064 4.7798432384901414e-05 0.00010459934862108424 0.00094669372005748063 -0.00040020005473214863 -0.00012460375080396667 -0.00044915216417261059 -0.00082490229964294606 0.00095809484116880577
leaf_weight=12.658291413914409 175.03775985818356 450.53887132555246 78.027596667408943 536.59462828934193 216.93566511571407 937.73104905942455 26.04070878168568 457.8339571855031 112.67891150806099 68.758743336424232 677.06468874122947 1106.0523363579996 1056.7937018778175 2.7527722381055364
leaf_count=1128 1187 1790 588 2169 506 5120 106 3224 836 268 3270 5623 4917 96
internal_value=-0.00012285 0.000985853 0.00168597 0.00210991 0.000221612 -0.000839708 -0.000619841 -0.000296412 0.000104265 0.00100657 -7.30409e-05 -0.00100664 -0.00134524 0
internal_weight=5915.5 2315.64 1282.1 987.133 294.963 3599.86 2527.66 1395.57 1033.54 181.438 852.102 1132.09 1072.2 15.4111
internal_count=30828 10614 5053 3959 1094 20214 14073 8344 5561 1104 4457 5729 6141 1224
is_linear=0
shrinkage=0.01444


Tree=25
num_leaves=16
num_cat=0
split_feature=19 23 0 30 27 5 16 30 27 35 8 21 27 18 24
split_gain=17.9006 6.66725 4.02753 3.39335 4.20081 4.90324 3.59909 2.49637 1.4622 1.51176 1.05812 0.792689 0.816182 0.483581 0.0944607
threshold=0.10953192748711404 0.03711387609663714 0.52007500000000018 18.205000000000002 0.38514719608246162 0.16987713197576834 0.88901628121905019 20.865000000000006 0.10132941076116296 4.2207569003076646 0.20526990866080561 0.052111884493786786 0.34934026693568404 0.09306824128498116 10.500000000000002
decision_type=10 10 2 10 8 10 8 10 10 2 10 10 10 10 2
left_child=1 11 10 4 6 -6 -2 -4 14 -10 -3 13 -13 -1 -5
right_child=3 2 7 8 5 -7 -8 -9 9 -11 -12 12 -14 -15 -16
leaf_value=-0.00068531704309478833 0.00014067610876991778 -0.00060026558827429646 0.00040219225197682428 -1.1880623013824657e-05 -0.00058499074349485408 0.0013410494351293949 0.0010001628893500927 -0.00012340763083122381 0.0016205331279824631 -0.00020971388809917283 -9.2528451696579478e-05 -0.00045059369159754708 0.00063580022309970088 6.8482247898188209e-05 -0.00067813272474851654
leaf_weight=1966.2002350813709 135.45980127435178 399.35360531369224 967.90728519950062 18.014031120575964 20.638448105659336 59.66228752117604 234.30356551334262 288.35639843344688 172.30347166210413 62.935554597526789 1339.9795297374949 115.19893579557538 52.862592499703169 24.440617125481367 57.883322775363922
leaf_count=11623 684 3329 4261 216 154 219 1246 1074 634 294 6002 552 298 156 86
internal_value=-0.000128416 -0.000435804 7.40038e-07 0.00193461 0.00274646 0.005822 0.00203546 0.000627936 0.000715442 0.00130098 -0.000444795 -0.0010475 -1.32905e-05 -0.00112821 -0.000924429
internal_weight=5915.5 5154.3 2995.6 761.2 450.064 80.3007 369.763 1256.26 311.136 235.239 1739.33 2158.7 168.062 1990.64 75.8974
internal_count=30828 27295 14666 3533 2303 373 1930 5335 1230 928 9331 12629 850 11779 302
is_linear=0
shrinkage=0.01444


Tree=26
num_leaves=16
num_cat=0
split_feature=19 19 1 10 30 27 35 33 9 26 26 26 26 9 35
split_gain=17.0675 6.59749 3.82355 3.54409 3.32354 2.84559 2.5805 1.94566 1.91101 1.31771 1.31208 1.1413 0.83305 0.652043 0.465663
threshold=0.10953192748711404 0.039833118927845267 0.093489130434782644 0.37638446609611037 18.155000000000005 0.38514719608246162 4.8166458505458118 0.088798899155473912 0.56617251099161103 0.46567929232646349 0.47540929341391985 0.42686807687334488 0.4473921151539777 0.20354315861942332 2.3504206048856529
decision_type=10 10 2 8 10 10 2 10 10 10 10 8 10 8 2
left_child=1 9 13 7 5 -5 -4 12 -6 14 -11 -9 -2 -3 -1
right_child=3 2 6 4 8 -7 -8 11 -10 10 -12 -13 -14 -15 -16
leaf_value=0.00017040814228516682 -0.00052722763746138957 -0.000479450656279637 0.00030279558551676291 0.00092565548910311798 0.00057910024517547165 0.0011490199725594139 -0.00012162562678445503 0.00012823210300418389 0.0020406162566333095 7.282000939507586e-05 -0.00024892283777374578 0.0021312188510690198 0.00061804961681795063 -0.00026883261778238313 -0.00077133734037062598
leaf_weight=41.174792377045378 83.360383990686387 286.72273778822273 1355.756647602655 148.6980066858232 137.4025540817529 73.218210648745298 534.29717541998252 20.832924969494343 39.507760632783175 43.648481042357162 453.57371956133284 51.609570963308215 206.57107059750706 901.029815107584 1538.0958302870858
leaf_count=320 446 2512 6466 737 434 294 1853 168 156 214 3667 326 972 4564 7699
internal_value=-0.000128334 -0.000428529 0 0.00188601 0.00283795 0.00404155 0.000399269 0.00079951 0.00124645 -0.00105739 -0.00037049 0.00292305 0.000219272 -0.000645978 -0.00126516
internal_weight=5915.5 5154.3 3077.81 761.2 398.827 221.916 1890.05 362.374 176.91 2076.49 497.222 72.4425 289.931 1187.75 1579.27
internal_count=30828 27295 15395 3533 1621 1031 8319 1912 590 11900 3881 494 1418 7076 8019
is_linear=0
shrinkage=0.01444


Tree=27
num_leaves=16
num_cat=0
split_feature=21 9 28 16 9 31 18 28 5 31 21 35 28 28 28
split_gain=13.2246 4.32741 4.4767 5.61668 4.15509 2.31068 1.97311 6.29279 1.85046 1.46917 1.20628 0.331045 0.301264 0.229036 0.125789
threshold=0.056552267369661832 0.37158804893283176 0.066499999999999962 0.88662326084845999 0.2135128107132547 2.1350000000000002 0.088904589167032047 0.066499999999999962 0.14951882886565374 3.4700000000000011 0.016628589592754119 2.3504206048856529 -0.026599999999999981 0.018600000000000037 0.10035000000000004
decision_type=10 8 10 10 8 10 10 10 10 10 10 2 8 8 10
left_child=4 8 5 -4 11 -3 10 -8 12 -10 -6 13 -2 -1 -13
right_child=1 2 3 -5 6 -7 7 -9 9 -11 -12 14 -14 -15 -16
leaf_value=-0.0011904836219206066 0.00025962314072372375 0.00091079441322929869 4.6597055724471168e-05 0.0019164446008375774 -0.00051232287707075181 0.00013352104353602231 7.1375303761107807e-05 0.0053491741098379807 0.00056826885600094138 -6.8603439239357092e-05 -8.5725296061609741e-05 -0.00072612889184504794 -0.0005831719850286337 0.00017622111107373119 2.909515424176076e-05
leaf_weight=10.993272086605428 31.997038038447499 300.67763550020754 43.080625705420971 68.351492874324322 525.10332144564018 301.42672583274543 103.87810022104532 12.837664993479846 527.27903734333813 139.21479746047407 2482.282121845521 1195.1999682765454 155.96412320062518 6.6079895887523916 10.605767343193291
leaf_count=62 164 1445 210 206 3809 878 532 40 2739 512 11097 8270 616 86 162
internal_value=-0.000133163 0.00100055 0.00183379 0.00453481 -0.000545138 0.00130846 -0.000260387 0.0015577 0.000288674 0.000657211 -0.000335573 -0.00126114 -0.000946765 0.000141154 -0.00129251
internal_weight=5915.5 1567.99 713.536 111.432 4347.51 602.104 3124.1 116.716 854.455 666.494 3007.39 1223.41 187.961 17.6013 1205.81
internal_count=30828 6770 2739 416 24058 2323 15478 572 4031 3251 14906 8580 780 148 8432
is_linear=0
shrinkage=0.01444


Tree=28
num_leaves=16
num_cat=0
split_feature=22 1 30 27 9 38 30 5 0 36 30 28 35 28 22
split_gain=20.6364 6.0351 3.32068 2.32395 1.82852 1.79414 1.34172 1.60308 0.938393 0.8811 0.85455 0.598655 0.343948 0.153603 0.0970171
threshold=0.063237138395307424 0.12421854912764006 20.500000000000004 0.38816595934957565 0.2135128107132547 4.5000000000000009 18.005000000000006 0.20521558495044684 0.65415000000000012 1.0000000180025095e-35 16.000000000000004 0.10595 2.3504206048856529 -0.062199999999999998 0.061947091223117354
decision_type=10 2 10 10 8 2 8 10 2 2 8 10 2 10 8
left_child=4 8 3 -3 12 -4 7 -6 10 -10 -2 -8 13 -1 -14
right_child=1 2 5 -5 6 -7 11 -9 9 -11 -12 -13 14 -15 -16
leaf_value=0.00017367648128913549 0.00044052196078030788 0.00063481752758397703 -6.1532328654904174e-05 0.00096615805500157789 -0.00026371280766182402 0.0012270733734959626 -0.00056645496308156196 7.3006361510496694e-05 5.3697283848616023e-05 0.0011821148769452984 -0.00013946437086977701 0.000751520036303859 -0.00073394090426446971 -0.00015786393796427898 2.8675020719619812e-05
leaf_weight=7.6548333540558842 115.54275469947606 727.5028192573227 215.95116303861141 267.13627000665292 727.56710961833596 71.506509095430374 1151.0612282650545 507.88131520804018 135.99437804939225 121.16655154991895 660.83641914511099 33.124478477519006 1153.8945601508021 9.8796625509858114 8.7996292896568757
leaf_count=28 1285 3079 480 1014 3281 480 6448 2551 648 552 3076 214 7436 98 158
internal_value=-0.000132046 0.000928576 0.00159092 0.00198726 -0.000817972 0.000172896 -0.000580538 -0.000233179 9.38701e-05 0.000856467 -0.000142309 -0.000931606 -0.00129316 0.000147004 -0.00132619
internal_weight=5915.5 2315.64 1282.1 994.639 3599.86 287.458 2419.63 1235.45 1033.54 257.161 776.379 1184.19 1180.23 17.5345 1162.69
internal_count=30828 10614 5053 4093 20214 960 12494 5832 5561 1200 4361 6662 7720 126 7594
is_linear=0
shrinkage=0.01444


Tree=29
num_leaves=16
num_cat=0
split_feature=22 1 30 26 9 38 30 5 18 0 36 30 35 22 26
split_gain=20.029 5.70427 3.11925 3.34664 1.83823 1.79414 1.31863 1.8679 1.04024 0.937535 1.01504 0.913511 0.343491 0.144919 0.135909
threshold=0.063237138395307424 0.12421854912764006 20.500000000000004 0.52765538675396806 0.2135128107132547 4.5000000000000009 17.560000000000006 0.23260173768002615 0.10842616639931758 0.69537500000000019 1.0000000180025095e-35 16.000000000000004 2.3504206048856529 0.038982481288354597 0.90118864064631643
decision_type=10 2 10 10 8 2 8 10 10 2 2 8 2 8 10
left_child=4 9 3 -3 12 -4 7 -6 -8 11 -11 -2 13 -1 -14
right_child=1 2 5 -5 6 -7 8 -9 -10 10 -12 -13 14 -15 -16
leaf_value=0.00017116859591445317 0.00041367163376276043 0.00047057957455571816 -6.064380289736709e-05 0.0010648033204707025 -0.00023412245450267756 0.0012093544552854449 -0.00042298662929586778 0.00032365439554544746 0.00055258301733160375 8.3678279705537916e-08 0.001247800154040123 -0.00012849187133560049 -0.00072334281034856568 -0.00015558438544069196 1.9360006717276635e-05
leaf_weight=8.1053155362606066 118.50345687754452 453.4514882043004 215.95116303861141 541.18760105967522 661.5101016825065 71.506509095430374 1412.2668372620828 317.32752862945199 28.529663994908333 114.57303748233244 102.29146902635694 698.17214005766436 1150.5027813278139 9.429180368781088 12.191408112645147
leaf_count=94 1320 1842 480 2251 3396 480 7162 1834 102 549 471 3221 7328 32 266
internal_value=-0.000139824 0.000905001 0.00154897 0.00193319 -0.000815587 0.000172896 -0.000577587 -0.000152027 -0.000857447 9.31024e-05 0.000942812 -0.000117004 -0.00129193 0.000147004 -0.00132495
internal_weight=5915.5 2315.64 1282.1 994.639 3599.86 287.458 2419.63 978.838 1440.8 1033.54 216.865 816.676 1180.23 17.5345 1162.69
internal_count=30828 10614 5053 4093 20214 960 12494 5230 7264 5561 1020 4541 7720 126 7594
is_linear=0
shrinkage=0.01444


Tree=30
num_leaves=15
num_cat=0
split_feature=1 23 33 26 9 23 34 31 21 23 26 33 35 26
split_gain=13.9609 5.29393 4.00315 3.77792 3.16034 1.97653 1.99195 0.94601 0.713865 1.13998 0.568553 0.451934 0.436164 0.15868
threshold=0.12421854912764006 0.040537934872058708 0.0097496891585894269 0.47116898361732473 0.20647695458274853 0.032252958352842455 0.0017102978584755404 -4.6599999999999984 0.056552267369661832 0.024981313656175595 0.38934220509884138 0.10293187436052688 2.3504206048856529 0.90118864064631643
decision_type=2 10 8 10 8 10 8 10 10 10 10 8 2 10
left_child=4 8 7 -4 12 10 -7 -3 11 -10 -6 -2 -1 -14
right_child=1 2 3 -5 5 6 -8 -9 9 -11 -12 -13 13 -15
leaf_value=0.00016869692436104268 -0.00071466099668611807 0.00068615189569895855 0.00020672068700058966 0.0010532569696900555 -0.00068090817528949042 6.6912937414473505e-05 -0.00040295693251222526 -7.3123442048373909e-05 0.0018690022959915846 -9.665012141077255e-06 -0.00013632930697911598 6.3710549101704344e-05 -0.0007149876380581554 0.00014836089434268384
leaf_weight=11.81079208711162 265.88894228823483 59.746919315308332 469.78334279172122 663.97244763188064 474.30743116140366 1472.7744577853009 702.15005992539227 279.85774037893862 14.711527126841245 32.629154729656875 333.5188672952354 56.374626985285431 1064.2231700341217 13.75020221993327
leaf_count=82 1116 385 1734 2590 2710 7762 2414 1190 92 172 2336 714 7237 294
internal_value=-0.000141214 0.000898537 0.001289 0.00170121 -0.00061501 -0.00036558 -0.000131957 -4.91904e-05 -0.000622211 0.000894529 -0.000977849 -0.00088673 -0.00128516 -0.00132121
internal_weight=5915.5 1842.96 1473.36 1133.76 4072.53 2982.75 2174.92 339.605 369.604 47.3407 807.826 322.264 1089.78 1077.97
internal_count=30828 7993 5899 4324 22835 15222 10176 1575 2094 264 5046 1830 7613 7531
is_linear=0
shrinkage=0.01444


Tree=31
num_leaves=16
num_cat=0
split_feature=22 1 33 33 22 35 17 28 33 7 1 10 28 24 7
split_gain=19.6493 5.32634 3.11318 2.92501 1.82027 1.40818 1.70114 1.10913 0.794866 0.893093 0.775655 0.551912 0.191698 0.103169 0.0188116
threshold=0.063237138395307424 0.12421854912764006 0.0097496891585894269 0.017773242667485926 0.030651647619559481 4.5837421916040331 1.1817191397765912 -0.13069999999999993 0.097350357753504549 0.18652925745674007 0.095571895424836614 0.34033704325486575 0.10595 2.5000000000000004 0.24645885643379559
decision_type=10 2 8 10 8 2 8 10 10 10 2 10 10 2 10
left_child=4 8 7 -4 12 6 -6 -3 10 -10 -2 -7 13 -1 -14
right_child=1 2 3 -5 5 11 -8 -9 9 -11 -12 -13 14 -15 -16
leaf_value=-0.00022023003195473475 -0.00035876052949062692 0.00067624387423709318 0.00088818930741194546 0.00079755439932355937 -0.00035069887345824864 -0.00045355676098872411 0.0001139302790224047 -5.3405124194342725e-05 -0.00048595544328956932 0.00044825038683412157 0.00014089232104955496 -0.00010693207843026017 -0.00059999848924817347 -0.00079874978171985949 2.9538607167836046e-05
leaf_weight=15.011401451658456 318.5747871925123 13.300788152031599 190.30006011296064 817.43228963669389 937.73104905942455 881.90969870518893 457.8339571855031 261.06362349633127 32.847144160419703 164.70230295881629 517.41586913214996 250.18334643449634 9.1848672628402692 1041.8929375037551 6.1155593115836373
leaf_count=1164 1923 112 618 3138 5120 4722 3224 1185 232 1126 2280 1007 80 4817 80
internal_value=-0.000135639 0.000899221 0.00152169 0.00189377 -0.000804992 -0.000583876 -0.000263701 0.000106397 0.000113988 0.000941204 -6.63354e-05 -0.000966684 -0.00131348 -0.00133716 0
internal_weight=5915.5 2315.64 1282.1 1007.73 3599.86 2527.66 1395.57 274.364 1033.54 197.549 835.991 1132.09 1072.2 1056.9 15.3004
internal_count=30828 10614 5053 3756 20214 14073 8344 1297 5561 1358 4203 5729 6141 5981 160
is_linear=0
shrinkage=0.01444


Tree=32
num_leaves=15
num_cat=0
split_feature=20 9 13 30 17 21 23 20 27 31 9 31 30 24
split_gain=15.8697 5.36928 3.63242 2.80447 2.75054 5.21379 2.30097 1.94099 2.78296 2.01196 1.42122 1.16007 1.02024 0.237936
threshold=0.089317115723336601 0.29108787000522868 1.6310514805902907 19.565000000000001 1.786382426471868 0.080001036651413435 0.10908199235945247 0.13400329748526446 0.38514719608246162 -3.5099999999999993 0.2135128107132547 2.640000000000001 20.865000000000006 9.5000000000000018
decision_type=10 10 10 10 8 10 10 10 10 8 8 8 10 2
left_child=1 6 12 -4 7 13 10 9 -9 -2 -1 -7 -3 -6
right_child=4 2 3 -5 5 11 -8 8 -10 -11 -12 -13 -14 -15
leaf_value=-0.0006714900018110775 0.0014779301308088251 9.8861678289614706e-06 0.00074536635483013339 -0.00018084798826738431 0.0010319849476359026 0.00096177436244513704 0.00078885093213160206 0.00055778591679166135 0.0015904337102289178 0.00018870343223666524 -0.00026754030180134409 0.0019579535721865179 -0.0003921116091763366 -0.00067270781179108339
leaf_weight=1259.0803153761663 40.752968478947878 794.94514357717708 355.62442933861166 152.58908836217597 12.953276785090564 11.048088282346724 16.485474839806557 246.11136713530868 93.112792330794036 631.18836690718308 1862.0755323474295 23.207991109229624 396.44835539907217 19.876491487026215
leaf_count=8479 280 2895 1942 749 200 78 68 1173 358 2696 9909 108 1849 44
internal_value=-0.0001377 -0.000492859 0.000154282 0.00118059 0.00144291 0.00434286 -0.000847541 0.00123529 0.0021468 0.000754266 -0.000879783 0.00823865 -0.000272876 0
internal_weight=5915.5 4837.25 1699.61 508.214 1078.25 67.0858 3137.64 1011.17 339.224 671.941 3121.16 34.2561 1191.39 32.8298
internal_count=30828 25891 7435 2691 4937 430 18456 4507 1531 2976 18388 186 4744 244
is_linear=0
shrinkage=0.01444


Tree=33
num_leaves=15
num_cat=0
split_feature=19 19 1 34 8 13 35 20 9 18 23 28 8 35
split_gain=14.769 5.60815 3.42915 3.10161 2.76901 2.92634 2.2037 2.13705 1.32782 1.26904 0.761339 0.776791 0.667474 0.226534
threshold=0.10395128383870046 0.039833118927845267 0.093489130434782644 0.013529591520938801 0.34854244319295741 1.4641387884448904 4.8166458505458118 0.17752023302567727 0.27892769107593079 0.073597032183095115 0.032252958352842455 0.00925000000000001 0.63709897950545535 2.3504206048856529
decision_type=10 10 2 10 8 8 2 10 10 10 8 10 10 2
left_child=1 10 9 4 8 -6 -4 12 -2 -3 13 -12 -5 -1
right_child=3 2 6 7 5 -7 -8 -9 -10 -11 11 -13 -14 -15
leaf_value=0.00017274767391023242 0.0013633454128526663 -0.00035691776587197884 0.00023228454260688474 -9.398571997983667e-05 0.00042363934122883237 0.0013104001202292673 -0.00013481031437477577 0.0019296807565954476 0.00051205033760103155 0.00054863451192141215 -0.00056180389125489079 4.5790942604859909e-05 0.0017852715898462072 -0.00069810994889483958
leaf_weight=27.609457447193563 95.979973192792386 1113.3874756321311 1271.296291206032 174.93636396899819 123.2040755469352 252.89625301584601 493.51083749672398 39.629677787423134 193.2587509220466 58.591037468984723 402.8621184870135 263.8879014395643 22.316122250631452 1382.1333458940499
leaf_count=268 812 6744 6090 426 505 1104 1745 84 1072 250 2619 1472 96 7541
internal_value=-0.00014998 -0.000458116 -4.72814e-05 0.00154694 0.00205275 0.00288635 0.000349964 6.96304e-05 0.000920171 -0.000656515 -0.00103269 -0.000590793 -0.000490514 -0.00123209
internal_weight=5915.5 5013.28 2936.79 902.221 665.339 376.1 1764.81 236.882 289.239 1171.98 2076.49 666.75 197.252 1409.74
internal_count=30828 26729 14829 4099 3493 1609 7835 606 1884 6994 11900 4091 522 7809
is_linear=0
shrinkage=0.01444


Tree=34
num_leaves=16
num_cat=0
split_feature=22 1 27 27 22 5 11 20 33 5 7 16 28 30 25
split_gain=18.5691 4.8754 3.38488 3.50596 1.88526 1.54681 1.46278 0.820856 0.803913 1.0286 0.89254 0.641929 0.19168 0.0489512 0.0191332
threshold=0.063237138395307424 0.12421854912764006 0.60818760469011746 0.38816595934957565 0.030651647619559481 0.20521558495044684 0.20993057395447481 0.13400329748526446 0.097350357753504549 0.5728680328493746 0.18652925745674007 0.82177756886578079 0.10595 14.895000000000001 0.16021737592751117
decision_type=10 2 10 10 8 10 8 10 10 10 10 10 10 8 8
left_child=4 8 3 -3 12 11 -7 -4 9 -2 -10 -6 13 -1 -14
right_child=1 2 7 -5 5 6 -8 -9 10 -11 -12 -13 14 -15 -16
leaf_value=-0.00036258454142333851 -0.00010677862649472861 0.00055715385117090287 -0.00011059736144896275 0.001003575489881199 -0.00016764372449930878 -0.00043511547889490249 2.359079294022921e-05 0.0017594922990822634 -0.00046408806481342013 0.0008693361846800555 0.00042976563430207026 -0.00042416464764639695 2.8429688511836217e-05 -0.00075985935081360906 -0.00057739054862402208
leaf_weight=10.417859137989579 776.20587073545903 846.69900311762467 161.47564193466678 244.44842689204961 280.13087400398217 238.42912873486057 790.66038900497369 29.473689453676343 32.847144160419703 59.784785589203238 164.70230295881629 1218.4376596407965 6.0069499947130653 1046.486479817424 9.2934765797108412
leaf_count=948 3900 3441 614 884 2398 1698 4513 114 232 303 1126 5464 46 5033 114
internal_value=-0.000145762 0.00086013 0.0014557 0.00176763 -0.000796478 -0.000571782 -0.000125591 -0.000258347 0.000108281 -7.32424e-05 0.000940583 -0.000869296 -0.00131341 -0.00133709 0
internal_weight=5915.5 2315.64 1282.1 1091.15 3599.86 2527.66 1029.09 190.949 1033.54 835.991 197.549 1498.57 1072.2 1056.9 15.3004
internal_count=30828 10614 5053 4325 20214 14073 6211 728 5561 4203 1358 7862 6141 5981 160
is_linear=0
shrinkage=0.01444


Tree=35
num_leaves=16
num_cat=0
split_feature=23 9 1 2 30 31 10 27 23 9 26 1 30 28 35
split_gain=13.1822 3.69242 3.37372 2.95037 3.0348 2.84635 2.77807 3.86778 2.76517 1.54734 1.38238 0.742256 0.699058 0.492824 0.381996
threshold=0.059511354028558318 0.32689277023708957 0.12421854912764006 0.25193848278781145 18.005000000000006 1.6149999999999995 0.75214533939600769 0.60818760469011746 0.13935834733737343 0.20647695458274853 0.32911528106476756 0.090635080645161306 20.865000000000006 -0.024650000000000002 2.3504206048856529
decision_type=10 10 2 2 10 10 8 10 10 8 10 2 10 8 2
left_child=1 9 11 5 -5 -3 8 -8 -4 14 -11 13 -13 -2 -1
right_child=2 3 6 4 -6 -7 7 -9 -10 10 -12 12 -14 -15 -16
leaf_value=0.00016991254985747074 0.00080110790018863166 0.00040214417957536955 0.00048002541684190716 0.0025853494074043063 0.00084286215034099009 -0.00025108873870692024 0.0010047133414658081 -6.3101442974061652e-05 0.00083215706205797858 -0.00056680293787904118 -0.0001029089860208185 0.00033464400165662822 -0.00046550051470630615 -0.0003463019316059878 -0.00068898008399367059
leaf_weight=15.440831150859593 48.333864229731262 266.78326709195971 799.15469962917268 30.491326875984669 50.485553898848593 465.7201755810529 88.981843619607389 46.565976370126009 123.87376108858734 848.11675247689709 1294.3932831278071 461.61130093876272 93.664026446640491 246.57704528421164 1035.3059739461169
leaf_count=110 370 1459 3162 144 247 1795 300 154 645 4233 6841 2451 394 1833 6690
internal_value=-0.000156474 -0.000628796 0.000828029 0.000226954 0.00283565 -4.55076e-05 0.00137329 0.00334647 0.00106751 -0.000850899 -0.000616387 0.000133278 0.000455727 -0.000429256 -0.00131605
internal_weight=5915.5 4006.74 1908.76 813.48 80.9769 732.503 1058.58 135.548 923.028 3193.26 2142.51 850.186 555.275 294.911 1050.75
internal_count=30828 21519 9309 3645 391 3254 4261 454 3807 17874 11074 5048 2845 2203 6800
is_linear=0
shrinkage=0.01444


Tree=36
num_leaves=16
num_cat=0
split_feature=20 9 13 17 30 11 27 26 18 9 26 26 10 12 20
split_gain=13.6725 4.98018 3.43953 2.84875 2.69884 2.38958 3.18515 2.01469 1.83348 1.65717 1.25053 1.0848 0.561293 0.376661 0.146893
threshold=0.089317115723336601 0.29108787000522868 1.6310514805902907 1.349356940184496 19.565000000000001 0.33625314437403359 0.56606393494717722 0.37593263087608786 -0.12336436003381761 0.2135128107132547 0.30653115340148002 0.59130603543347571 0.2858872639847358 0.051217332832167041 0.065654590229514184
decision_type=10 10 10 8 10 8 8 8 10 8 10 10 8 10 10
left_child=1 9 11 7 -4 12 -7 13 -9 14 -11 -3 -5 -2 -1
right_child=3 2 4 5 -6 6 -8 8 -10 10 -12 -13 -14 -15 -16
leaf_value=-0.00064034988105862061 0.00031371973183046012 -0.00020128134829688963 0.00073325956414414242 0.0012498843977786509 -0.0001777524135416227 0.0017084516258216022 -4.6324077266901589e-05 0.00099482762121587778 0.00061131048804605604 -0.00053938189808727037 -9.6424448510415057e-05 0.00011918973258826478 -0.0010502697470962893 -0.00031753014794002899 -0.00031576769511258625
leaf_weight=1181.8349883090705 50.335458173416555 847.6987181706354 355.62442933861166 58.944562679156661 152.58908836217597 132.46328327804804 26.389419249258935 15.038168251514433 665.82470539398491 641.01252954592928 1232.9744741534814 343.69478080561385 26.228296803310513 103.02744868723676 81.81933055492118
leaf_count=7743 302 3202 1942 396 749 634 113 50 2834 3439 6520 1542 168 440 754
internal_value=-0.00016285 -0.000492597 0.000130276 0.00130381 0.00112946 0.00270122 0.00376207 0.000877838 0.00122071 -0.000834131 -0.000548729 -0.000285292 0.0005584 -0.000558228 -0.0012466
internal_weight=5915.5 4837.25 1699.61 1078.25 508.214 244.026 158.853 834.226 680.863 3137.64 1873.99 1191.39 85.1729 153.363 1263.65
internal_count=30828 25891 7435 4937 2691 1311 747 3626 2884 18456 9959 4744 564 742 8497
is_linear=0
shrinkage=0.01444


Tree=37
num_leaves=16
num_cat=0
split_feature=22 1 33 28 22 5 18 28 33 5 18 28 18 27 6
split_gain=16.7336 4.84006 3.28854 2.94501 2.0353 1.74042 3.20687 1.18763 0.803312 1.10821 0.997415 0.691638 0.275116 0.692804 0.191691
threshold=0.063237138395307424 0.12421854912764006 0.0097496891585894269 0.14240000000000005 0.033746397553187965 0.20521558495044684 -0.016703831569734148 -0.13069999999999993 0.097350357753504549 0.5728680328493746 0.01231709126603653 0.034400000000000021 -0.098959392963155798 0.58095999695359968 0.30240345986384337
decision_type=10 2 8 10 8 10 8 10 10 10 10 10 10 8 8
left_child=4 8 7 -4 12 11 -7 -3 9 -2 -10 -6 13 -1 -14
right_child=1 2 3 -5 5 6 -8 -9 10 -11 -12 -13 14 -15 -16
leaf_value=-0.00017202265086224108 -0.00010098068767318815 0.00060241132055662743 0.0007072632953818433 0.0017949613749399685 -0.00039844901142739277 0.00042979019121169821 -0.00034835030183126125 -7.7805840707425881e-05 7.6722339445354208e-06 0.00086194526319854285 0.00056304546209095759 2.7247770752144447e-06 1.8916912898463468e-05 0.00073247656907894903 -0.00072969149336214311
leaf_weight=58.075036282651126 776.20587073545903 13.300788152031599 976.7671363260597 30.965213423594832 1199.6072452706285 257.39991446491331 682.28385059465654 261.06362349633127 113.84723847545683 59.784785589203238 83.702208643779159 172.70571131655015 10.564259757287799 11.784438852220772 1207.4423603755422
leaf_count=230 3900 112 3598 158 6399 1364 4315 1185 752 303 606 820 64 76 6946
internal_value=-0.000159648 0.000795025 0.00138797 0.00176938 -0.000777412 -0.000511256 -1.80614e-05 0 4.64776e-05 -0.000135887 0.000882505 -0.000839288 -0.00124463 -0.000130651 -0.0012977
internal_weight=5915.5 2315.64 1282.1 1007.73 3599.86 2312 939.684 274.364 1033.54 835.991 197.549 1372.31 1287.87 69.8595 1218.01
internal_count=30828 10614 5053 3756 20214 12898 5679 1297 5561 4203 1358 7219 7316 306 7010
is_linear=0
shrinkage=0.01444


Tree=38
num_leaves=16
num_cat=0
split_feature=22 1 33 28 22 5 18 28 31 5 0 28 18 19 6
split_gain=15.9123 4.54134 3.09623 3.02703 1.77844 1.6901 3.04453 1.18763 0.824607 0.98952 0.802371 0.684647 0.288854 0.895445 0.196672
threshold=0.063237138395307424 0.12421854912764006 0.0097496891585894269 0.14240000000000005 0.033746397553187965 0.20521558495044684 -0.016703831569734148 -0.13069999999999993 -0.14499999999999955 0.61373960701336883 0.69537500000000019 0.034400000000000021 0.050208029009964468 0.029248812434927638 0.30240345986384337
decision_type=10 2 8 10 8 10 8 10 8 10 2 10 8 10 8
left_child=4 8 7 -4 12 11 -7 -3 9 -2 -10 -6 14 -14 -1
right_child=1 2 3 -5 5 6 -8 -9 10 -11 -12 -13 13 -15 -16
leaf_value=1.86437530046192e-05 0.00028075785807410409 0.00059371251154602834 0.00069705042567506426 0.0017690421638474913 -0.00039269541461970628 0.00042358402831202874 -0.00034332012952039786 -7.6682325718368762e-05 -0.00016260872870667563 0.0016047217407283659 0.00045875142200414032 2.6854313415521192e-06 -0.00070676367400745468 0.00041915517714197404 -0.00072513649581465477
leaf_weight=9.9663422489538771 204.70247059036046 13.300788152031599 976.7671363260597 30.965213423594832 1199.6072452706285 257.39991446491331 682.28385059465654 261.06362349633127 646.1955416505225 16.817004749551415 165.82508645346388 172.70571131655015 112.10157967358828 56.688805071637034 1109.1093682735227
leaf_count=58 1431 112 3598 158 6399 1364 4315 1185 3370 126 634 820 525 231 6502
internal_value=-0.000158881 0.000771988 0.00134637 0.00171646 -0.000761332 -0.00051161 -2.52524e-05 0 4.64776e-05 0.000835752 -0.000153151 -0.00083496 -0.00119906 -0.000500414 -0.00129245
internal_weight=5915.5 2315.64 1282.1 1007.73 3599.86 2312 939.684 274.364 1033.54 221.519 812.021 1372.31 1287.87 168.79 1119.08
internal_count=30828 10614 5053 3756 20214 12898 5679 1297 5561 1557 4004 7219 7316 756 6560
is_linear=0
shrinkage=0.01444


Tree=39
num_leaves=16
num_cat=0
split_feature=22 1 33 28 22 35 35 28 33 5 7 10 28 24 25
split_gain=15.6746 4.17173 2.8559 3.13448 2.01643 1.52493 2.12852 1.18763 0.804085 1.10037 0.841505 0.511529 0.191645 0.106159 0.0191332
threshold=0.063237138395307424 0.12421854912764006 0.0097496891585894269 0.14240000000000005 0.030651647619559481 4.5837421916040331 4.4596236710756019 -0.13069999999999993 0.097350357753504549 0.5728680328493746 0.18652925745674007 0.34033704325486575 0.10595 2.5000000000000004 0.16021737592751117
decision_type=10 2 8 10 8 2 2 10 10 10 10 10 10 2 8
left_child=4 8 7 -4 12 6 -6 -3 9 -2 -10 -7 13 -1 -14
right_child=1 2 3 -5 5 11 -8 -9 10 -11 -12 -13 14 -15 -16
leaf_value=-0.00014609736624710939 -0.00010166394377291246 0.00058513931318652558 0.00068698502962954934 0.0017434972257132158 -0.00017566963745208988 -0.00043556537818772539 7.0274786193952685e-05 -7.557503426624889e-05 -0.0004654902836979874 0.00082632663448472545 0.00040760190971702681 -9.3630248239257556e-05 1.8374537534899801e-05 -0.00071626330086909176 -0.00056654596155011688
leaf_weight=15.011401451658456 776.20587073545903 13.300788152031599 976.7671363260597 30.965213423594832 1295.2260237985756 881.90969870518893 100.33898244635202 261.06362349633127 32.847144160419703 59.784785589203238 164.70230295881629 250.18334643449634 6.0069499947130653 1041.8929375037551 9.2934765797108412
leaf_count=1164 3900 112 3598 158 7756 4722 588 1185 232 303 1126 1007 46 4817 114
internal_value=-0.000181805 0.000741978 0.00129252 0.00164796 -0.000779693 -0.00054794 -0.000216079 0 4.60507e-05 -0.000136415 0.000882505 -0.000945171 -0.00131327 -0.00133694 0
internal_weight=5915.5 2315.64 1282.1 1007.73 3599.86 2527.66 1395.57 274.364 1033.54 835.991 197.549 1132.09 1072.2 1056.9 15.3004
internal_count=30828 10614 5053 3756 20214 14073 8344 1297 5561 4203 1358 5729 6141 5981 160
is_linear=0
shrinkage=0.01444


Tree=40
num_leaves=16
num_cat=0
split_feature=22 19 17 17 22 0 19 35 35 23 12 13 23 25 16
split_gain=14.2814 3.68145 2.81278 2.04695 1.90945 1.84455 1.80617 1.40741 2.38553 0.98957 0.920558 0.367284 0.322768 0.738769 0.241841
threshold=0.063237138395307424 0.11869966125559402 0.74705430284724772 1.786382426471868 0.033746397553187965 0.56357500000000016 0.044998302238351905 4.5837421916040331 4.4596236710756019 0.020989384891069943 0.048423565870157441 1.1933776796371289 0.0081383771379604525 0.37900270617406179 0.57773882665635512
decision_type=10 10 8 8 8 2 10 2 2 8 8 10 10 10 10
left_child=4 5 11 -4 12 10 -7 8 -6 -9 -2 -3 13 -1 -14
right_child=1 2 3 -5 7 6 -8 9 -10 -11 -12 -13 14 -15 -16
leaf_value=-0.00060851154465025193 0.0001419770141256989 0.00095027118598450062 0.00079391990829436824 0.0018319710198759316 -0.00016085978946997573 0.00095828588293447642 0.00028380132786132904 9.158642564076391e-06 6.9338416702071712e-05 -0.00035658518193830782 -0.00030767076593671869 -0.00015954792016002308 -4.9602144938242489e-05 7.0869851499269551e-06 -0.00070432270777414665
leaf_weight=33.046593375038356 377.29292155895382 16.097814911045134 495.17578672990203 38.827434683218598 1152.2775679442566 48.719127666205168 783.46517295623198 16.733953665941954 89.082755532348529 1053.9024445042014 476.17016732366756 79.888439012691379 65.377662155777216 8.4064334537833911 1181.0354062831029
leaf_count=904 2384 108 2201 262 7030 182 3102 98 528 5242 2091 284 274 46 6092
internal_value=-0.000175615 0.000706018 0.0016529 0.00206693 -0.000746389 0.000343942 0.000829449 -0.000488346 -0.000144608 -0.000874393 -0.000114364 -0.000513526 -0.00119906 0 -0.00124077
internal_weight=5915.5 2315.64 629.989 534.003 3599.86 1685.65 832.184 2312 1241.36 1070.64 853.463 95.9863 1287.87 41.453 1246.41
internal_count=30828 10614 2855 2463 20214 7759 3284 12898 7558 5340 4475 392 7316 950 6366
is_linear=0
shrinkage=0.01444


Tree=41
num_leaves=16
num_cat=0
split_feature=22 1 30 14 9 35 26 30 19 30 5 8 35 4 26
split_gain=13.7025 3.40622 2.76074 3.06178 2.12842 1.63922 1.56462 2.23191 1.19757 0.738626 1.25247 0.562609 0.33026 0.157862 0.129438
threshold=0.063237138395307424 0.12421854912764006 19.815000000000001 1.6124866593825364 0.2135128107132547 3.0645584372525447 0.32297844984728219 19.440000000000001 0.053434698012225022 16.000000000000004 0.5728680328493746 0.20145522165037616 2.3504206048856529 0.17860266298547428 0.90118864064631643
decision_type=10 2 10 8 8 2 10 10 8 8 10 10 2 8 10
left_child=4 9 3 -3 12 -4 8 -8 -6 11 -11 -2 13 -1 -14
right_child=1 2 5 -5 6 -7 7 -9 -10 10 -12 -13 14 -15 -16
leaf_value=0.00017751608632528003 -0.00054802702813194467 0.00029459078312314777 0.0005319840042883172 0.00093166249836323283 -0.00055572128203553524 -8.6462397598663981e-05 1.6354835622877706e-05 -0.00043575193540934846 0.00011257770919258972 -7.0613835595603272e-05 0.00085800684599208403 0.00050715205616099813 -0.00064004133920962582 -0.0011268052549171491 8.157741431119525e-05
leaf_weight=7.7573839779943254 22.948462420143187 372.6571520222351 131.31723962165415 551.17731482628733 684.13856831658632 226.94505492784083 1000.6964934938587 568.68542607314885 166.11364368535578 835.31959416158497 53.216439045965672 122.05560781620443 1150.5027813278139 9.7771119270473701 12.191408112645147
leaf_count=68 379 1489 492 2316 2975 756 5280 2912 1327 3729 195 1258 7328 58 266
internal_value=-0.000187236 0.000676226 0.00117378 0.00159158 -0.000746318 5.91564e-05 -0.000491943 -0.000210861 -0.000994896 4.60507e-05 -9.67357e-05 0.00100796 -0.00125626 0.000147004 -0.00128874
internal_weight=5915.5 2315.64 1282.1 923.834 3599.86 358.262 2419.63 1569.38 850.252 1033.54 888.536 145.004 1180.23 17.5345 1162.69
internal_count=30828 10614 5053 3805 20214 1248 12494 8192 4302 5561 3924 1637 7720 126 7594
is_linear=0
shrinkage=0.01444


Tree=42
num_leaves=16
num_cat=0
split_feature=19 19 17 27 26 18 35 1 13 10 35 18 33 18 16
split_gain=11.1398 4.38542 3.13304 2.70019 2.47869 2.52398 3.64403 1.76245 2.63718 1.48233 0.666779 1.76157 0.647045 0.334518 0.292014
threshold=0.058484928209462793 0.11869966125559402 0.74705430284724772 0.048753532397178646 0.32046298041491694 0.088904589167032047 4.3118053281531905 0.095009727626459164 1.5996456281422577 0.22948583034843381 2.4960930752138633 -0.019774170133798893 0.097350357753504549 -0.090473043464824307 0.71681825823448453
decision_type=10 10 8 8 10 8 2 2 8 10 2 8 10 8 10
left_child=4 7 14 -4 10 9 -7 12 -9 -6 11 -1 -2 -12 -3
right_child=1 2 3 -5 5 6 -8 8 -10 -11 13 -13 -14 -15 -16
leaf_value=0.00077838959154387171 -0.00038885665328668482 0.00093779780207647163 -0.00019868747480557232 0.0009707491701282867 -0.00048827215596856564 0.0012936544713734832 -0.00057796780473961932 -1.0925274804573551e-05 0.00044216747161971158 -5.6564725176251611e-05 0.0029592989305793896 -0.0004538373463937601 0.00012680614502349785 -0.00067107216246641498 -0.00017069724126488398
leaf_weight=16.795754835940897 475.64434777013958 14.070128727704285 74.489290512166917 459.51393090095371 652.25529894093052 68.093126766383648 65.427768716122955 727.41470671724528 665.94619884900749 1116.1654795208015 14.471893845126031 56.30621738685295 120.52136162482202 1306.4680514461361 81.916125196032226
leaf_count=100 2558 102 396 2067 4666 446 530 2667 3271 5710 46 394 956 6629 290
internal_value=-0.000175156 0.000524766 0.00157698 0.00201521 -0.000735392 -0.000385982 0.00149897 0.000184655 0.000470422 -0.000536128 -0.00120237 0 -0.000461118 -0.00127706 -0.000723033
internal_weight=5915.5 2619.52 629.989 534.003 3295.98 1901.94 133.521 1989.53 1393.36 1768.42 1394.04 73.102 596.166 1320.94 95.9863
internal_count=30828 12307 2855 2463 18521 11352 976 9452 5938 10376 7169 494 3514 6675 392
is_linear=0
shrinkage=0.01444


Tree=43
num_leaves=16
num_cat=0
split_feature=22 20 22 26 26 0 27 5 18 12 26 31 23 20 18
split_gain=13.0144 3.16803 2.04257 1.96724 2.30007 1.74262 1.74652 1.53818 3.12422 1.11623 0.905455 0.718559 0.327511 1.77673 0.316653
threshold=0.063237138395307424 0.10423571348233222 0.033746397553187965 0.50917107697881769 0.54080743276479781 0.72367500000000018 0.56606393494717722 0.20521558495044684 -0.016703831569734148 0.041326605800258868 0.46840619453199672 1.9350000000000007 0.0081383771379604525 0.024664388662012624 -0.098959392963155798
decision_type=10 10 8 8 10 2 10 10 8 8 10 8 10 8 10
left_child=2 5 12 9 -5 10 -7 11 -9 -3 -2 -4 13 -1 -14
right_child=1 3 7 4 -6 6 -8 8 -10 -11 -12 -13 14 -15 -16
leaf_value=-0.00058200977246894089 -0.00030018611407514861 0.001200993901799478 -0.00017496882706631499 0.0007353519136399897 0.001029740829274795 0.00061078940251369017 -0.00010492773720110584 0.00040946140902439721 -0.00032639406969605381 -0.00012196732455720307 0.00019231454755098612 -0.00042904997216131887 -3.1171014785754486e-05 7.5652793144783842e-06 -0.00067811158567639986
leaf_weight=37.310661090072244 556.51790551654994 48.0174660095945 626.23799029644579 70.738716079853475 420.09543181210756 312.04097310546786 97.908138180151582 257.39991446491331 682.28385059465654 175.77647235104814 634.5417617871426 746.07496629073285 64.740499334409833 4.1423657387495032 1181.6725691044703
leaf_count=940 2446 330 3299 297 1858 1321 341 1364 4315 862 3159 3920 274 10 6092
internal_value=-0.000186269 0.000655141 -0.000731166 0.00145881 0.00197474 0.00028786 0.00109929 -0.000464938 -7.24403e-07 0.000266804 0 -0.000773141 -0.00119854 0 -0.00124057
internal_weight=5915.5 2315.64 3599.86 714.628 490.834 1601.01 409.949 2312 939.684 223.794 1191.06 1372.31 1287.87 41.453 1246.41
internal_count=30828 10614 20214 3347 2155 7267 1662 12898 5679 1192 5605 7219 7316 950 6366
is_linear=0
shrinkage=0.01444


Tree=44
num_leaves=16
num_cat=0
split_feature=19 19 17 27 7 28 18 25 30 31 17 19 7 18 16
split_gain=10.1396 3.86767 2.83954 2.78803 1.96896 1.86601 3.36809 1.60332 2.26597 1.12515 0.849934 0.831188 0.674681 0.292024 0.292014
threshold=0.058484928209462793 0.11869966125559402 0.74705430284724772 0.14355739139076631 0.23388681847245382 0.066499999999999962 0.058698350508818893 0.66782847200595341 19.565000000000001 0.51000000000000167 1.4842884155315736 0.026087705778023083 0.20171299417017149 -0.04094996353534696 0.71681825823448453
decision_type=10 10 8 8 8 10 10 10 10 8 10 8 10 10 10
left_child=4 7 14 -4 10 11 -7 8 -2 -9 13 -6 -12 -1 -3
right_child=1 2 3 -5 5 6 -8 9 -10 -11 12 -13 -14 -15 -16
leaf_value=-3.0923479556252444e-05 0.00039955132959424214 0.00090938657839746489 0.00022271399444479014 0.0014579774177803611 -0.00057161670570040984 3.8652166836470503e-05 0.005048059076893081 0.0002596351115044968 -8.7833140027807421e-05 -0.00017903401386178586 -0.00017865760310034734 -0.00015201467655004977 0.00076447349733068022 -0.00063152351159598773 -0.00018310181576221098
leaf_weight=46.231692123692483 605.09167878562585 14.070128727704285 193.92943620774895 340.07378520537168 373.96091371309012 114.83969579986297 13.703820805996655 398.62673369143158 240.36906171683222 745.43914076732472 76.880601395852864 1320.5216934310738 47.267732134554535 1302.5774420541711 81.916125196032226
leaf_count=394 2432 102 1040 1423 1732 628 44 2370 1050 3600 519 6734 294 8176 290
internal_value=-0.000191962 0.000475567 0.0014636 0.00188148 -0.000726449 -0.000397801 0.00124607 0.000155802 0.000636041 -0.000187793 -0.00112402 -0.000530597 0 -0.00122922 -0.000723033
internal_weight=5915.5 2619.52 629.989 534.003 3295.98 1823.03 128.544 1989.53 845.461 1144.07 1472.96 1694.48 124.148 1348.81 95.9863
internal_count=30828 12307 2855 2463 18521 9138 672 9452 3482 5970 9383 8466 813 8570 392
is_linear=0
shrinkage=0.01444


Tree=45
num_leaves=16
num_cat=0
split_feature=22 20 17 22 9 32 26 17 32 9 38 18 26 4 23
split_gain=11.46 3.23483 2.85541 3.2586 2.23329 1.60111 1.54073 1.40015 1.3821 2.5602 1.33888 0.767204 0.121643 0.124734 0.000361594
threshold=0.063237138395307424 0.10423571348233222 1.349356940184496 0.12367655407842253 0.2135128107132547 0.7071240105540898 0.4306445085591542 0.76734947209939397 0.81200527704485503 0.32593049490033305 4.5000000000000009 -0.024341235611318675 0.90118864064631643 0.1766524028205966 0.043377737200167556
decision_type=10 10 8 10 8 8 10 10 10 10 2 8 10 10 10
left_child=4 8 7 -4 12 6 -6 -3 9 -2 -10 -7 13 -1 -14
right_child=1 2 3 -5 5 11 -8 -9 10 -11 -12 -13 14 -15 -16
leaf_value=-0.00060568063194291937 -1.3702421611078545e-05 -0.0001129264937745439 0.00092080896066532275 0.0015637362668629523 -0.00023137448227076508 -5.3152741581644483e-06 5.2931374368485077e-05 0.00072288815432937738 -0.00011423923142856944 0.00052209479422683216 0.00076534462762132378 -0.00056535142615185508 -0.00054622562806949161 -0.00039529502147859716 0.00058710647283884577
leaf_weight=1105.6472366861999 693.43119987891987 109.99921645317227 104.34589639585465 68.022864032536745 779.12385344877839 232.21582758054137 456.32457137759775 432.26010937104002 302.44408836960793 497.12554400693625 108.00794633384794 951.96987916203216 7.8560376875102502 62.390040546655655 4.3353704251348972
leaf_count=7232 3575 454 476 451 3310 1230 2522 1966 664 1920 1108 5432 152 222 114
internal_value=-0.000211131 0.000578099 0.00138883 0.00303506 -0.000722456 -0.000462413 -8.6757e-05 0.000838855 0.000207688 0.000462527 -0.000499271 -0.000843056 -0.00124403 -0.00125915 0
internal_weight=5915.5 2315.64 714.628 172.369 3599.86 2419.63 1235.45 542.259 1601.01 1190.56 410.452 1184.19 1180.23 1168.04 12.1914
internal_count=30828 10614 3347 927 20214 12494 5832 2420 7267 5495 1772 6662 7720 7454 266
is_linear=0
shrinkage=0.01444


Tree=46
num_leaves=16
num_cat=0
split_feature=22 19 17 27 9 19 0 25 17 38 24 35 21 16 28
split_gain=11.3115 3.03503 2.77101 2.71968 2.25756 1.31584 1.26278 1.29871 1.24185 0.603725 0.42804 0.325426 0.293521 0.292014 0.153552
threshold=0.063237138395307424 0.11869966125559402 0.74705430284724772 0.14355739139076631 0.21272971878517594 0.026087705778023083 0.56357500000000016 0.65354613496918013 1.0115815313557455 5.5000000000000009 7.5000000000000009 2.3504206048856529 0.04884124406401253 0.71681825823448453 -0.062199999999999998
decision_type=10 10 8 8 8 8 2 10 10 2 2 2 10 10 10
left_child=4 6 13 -4 11 10 9 -8 -7 -2 -6 14 -13 -3 -1
right_child=1 2 3 -5 5 8 7 -9 -10 -11 -12 12 -14 -15 -16
leaf_value=0.00017176239784843738 -0.00010169694737071364 0.00089788570860255691 0.00020905951583273784 0.0014264857567802913 3.7329702091418811e-05 -0.00020800422503607573 0.00042200342832038085 -1.4804490465218829e-05 1.2494662075455721e-05 0.0001627789549202429 -0.00062938457774712681 -0.00061365830524192635 -3.8775012447508133e-05 -0.00017882717211173781 -8.0870456054241453e-05
leaf_weight=7.6548333540558842 462.22948478115723 14.070128727704285 193.92943620774895 340.07378520537168 42.738107048906386 1074.1251465831883 513.24197401944548 318.94232660299167 900.50814786180854 391.23360410146415 412.03723162412643 1100.2248719250783 52.712539113126695 81.916125196032226 9.8619394041597825
leaf_count=28 2186 102 1040 1423 994 6075 1786 1498 4188 2289 1325 7182 328 290 94
internal_value=-0.000206873 0.00057722 0.00143633 0.00184931 -0.000714893 -0.000455155 0.000248006 0.000650785 -0.000284871 -0.000129569 -0.00116453 -0.00124236 -0.0012749 -0.000723033 0.000148564
internal_weight=5915.5 2315.64 629.989 534.003 3599.86 2429.41 1685.65 832.184 1974.63 853.463 454.775 1170.45 1152.94 95.9863 17.5168
internal_count=30828 10614 2855 2463 20214 12582 7759 3284 10263 4475 2319 7632 7510 392 122
is_linear=0
shrinkage=0.01444


Tree=47
num_leaves=16
num_cat=0
split_feature=19 23 13 11 26 14 8 11 32 34 35 6 34 28 32
split_gain=9.78284 3.75046 2.78365 2.58746 2.26758 1.7871 2.29678 1.72151 2.05473 1.38998 0.644453 0.920927 0.500947 0.226957 0.128876
threshold=0.058484928209462793 0.090909090909090898 1.6514377733800296 0.30705862849376742 0.32046298041491694 1.4622589203458045 0.34702105215143969 0.21715479742074267 0.77770448548812676 -0.024717267962670372 2.4960930752138633 1.7811508271645569 0.036804184203161124 0.10035000000000004 0.30474934036939322
decision_type=10 10 10 10 10 8 8 8 10 8 2 8 10 8 8
left_child=4 2 9 -4 10 12 -7 13 -9 -2 11 -1 -3 -6 -12
right_child=1 5 3 -5 7 6 -8 8 -10 -11 14 -13 -14 -15 -16
leaf_value=0.0019430931869961917 7.3369303700440063e-05 -0.00010022844521620326 1.7628580110369255e-05 0.0007478723387521972 -0.00052502570881697325 0.00039316702394414635 0.0008443694985628493 3.6790661841285829e-05 -0.00028860516025285763 -0.00021688044098759887 0.00016001040683567979 -0.00016329058059176072 0.0015958476531780892 0.00012612315709717447 -0.00064029926621111326
leaf_weight=16.271590321324766 317.53298760578036 154.07689526770264 442.21076256129891 349.26122052315623 466.15860071172938 244.76933829626068 344.66663018520921 884.08933501411229 542.00844933185726 747.09500221395865 13.210200175642965 56.830381901469082 19.903253644704819 9.6852888865396363 1307.7297451156192
leaf_count=86 1853 790 2786 1542 3588 1590 1245 4792 2864 2437 1047 408 64 108 5628
internal_value=-0.000207673 0.000447875 8.97446e-05 0.000743718 -0.000732636 0.00130076 0.00168004 -0.000397725 -0.000136147 -0.000384281 -0.00117984 0 0 -0.00115312 -0.00125328
internal_weight=5915.5 2619.52 1856.1 791.472 3295.98 763.416 589.436 1901.94 1426.1 1064.63 1394.04 73.102 173.98 475.844 1320.94
internal_count=30828 12307 8618 4328 18521 3689 2835 11352 7656 4290 7169 494 854 3696 6675
is_linear=0
shrinkage=0.01444


Tree=48
num_leaves=16
num_cat=0
split_feature=20 19 17 21 18 30 9 26 26 27 17 23 5 20 23
split_gain=9.57347 4.52653 2.78614 3.56213 3.20421 2.03432 3.47566 1.66092 3.00621 1.43757 1.33927 2.30316 0.550365 0.398575 0.352766
threshold=0.10423571348233222 0.039833118927845267 1.349356940184496 0.095698871439527947 -0.013971490306080412 20.115000000000006 0.32689277023708957 0.46567929232646349 0.47817185199232531 0.19983984338909269 0.76734947209939397 0.14285714285714288 0.65572816515749877 0.11109823298137757 0.0081383771379604525
decision_type=10 10 8 10 8 10 10 10 10 8 10 10 10 10 8
left_child=1 7 10 9 -5 6 -3 14 -9 -4 13 -12 -7 -2 -1
right_child=2 5 3 4 -6 12 -8 8 -10 -11 11 -13 -14 -15 -16
leaf_value=1.2280490388277983e-05 0.0010071083899235048 -8.3554498615588427e-05 0.00083336681231492549 0.0015083648318532121 0.0016881459726906807 -0.00016606054470413495 0.00036934978979987057 5.1455367019792489e-05 -0.00017523773653874727 0.00012379005088132894 0.00041612421006465759 0.00083217681766238627 0.00074715394092408677 -0.00016206344318024613 -0.00062945559245784592
leaf_weight=36.167266895528883 16.131974119693041 1689.70271251956 57.572212637402117 28.386601019650698 23.152982603758574 679.25996466446668 728.64166252687573 48.574117583455518 448.64808302023448 66.073786458000541 363.22113567916676 72.196461412124336 20.800122514367104 93.867242333479226 1543.1033557686023
leaf_count=732 70 9474 318 108 171 2972 3015 248 3633 334 1510 470 102 384 7287
internal_value=-0.000202188 -0.0004205 0.0013526 0.00296327 0.00621776 -6.80981e-05 0.000125744 -0.000943261 -0.000183454 0.00147952 0.000808793 0.00117801 -0.000755973 -0.000532879 -0.00117405
internal_weight=5915.5 5194.9 720.602 175.186 51.5396 3118.4 2418.34 2076.49 497.222 123.646 545.417 435.418 700.06 109.999 1579.27
internal_count=30828 27463 3365 931 279 15563 12489 11900 3881 652 2434 1980 3074 454 8019
is_linear=0
shrinkage=0.01444


Tree=49
num_leaves=16
num_cat=0
split_feature=22 20 17 22 9 30 17 30 25 19 38 5 35 8 21
split_gain=10.109 3.21333 2.84534 3.37298 2.15898 1.64534 1.33537 1.30088 2.81544 1.28242 1.18394 0.489102 0.418831 0.358525 0.274332
threshold=0.063237138395307424 0.10423571348233222 1.349356940184496 0.12367655407842253 0.21272971878517594 19.105000000000004 0.76734947209939397 19.565000000000001 0.443022351728043 0.026792176257475642 4.5000000000000009 0.54789623255219333 2.6379852627415272 0.20593726571928692 0.04884124406401253
decision_type=10 10 8 10 8 10 10 8 10 8 2 10 2 10 10
left_child=4 7 6 -4 12 9 -3 8 -2 -6 -9 -7 13 -1 -14
right_child=1 2 3 -5 5 11 -8 10 -10 -11 -12 -13 14 -15 -16
leaf_value=-0.00057817711434818828 0.00092563051684692766 -0.00011856606349863645 0.00087293385860980131 0.001486584069867412 -0.00045642408389500426 -0.00054089185298814165 0.00066764193266703764 -0.00010566283279064914 4.9788398909205146e-05 3.1190288583177873e-06 0.00072661118878270209 7.4650188644479613e-06 -0.00060173271699892118 0.00018072939278167383 -3.8068027903171312e-05
leaf_weight=16.887809809297327 193.62380404863507 109.99921645317227 104.34589639585465 68.022864032536745 294.85162996035069 701.90434216242284 432.26010937104002 372.80464411899447 918.25782970851287 1336.2681692051701 116.32250071316957 96.384491790086031 1088.9992538294755 12.078628496732561 52.488491660915315
leaf_count=114 680 454 476 451 1494 3524 1966 878 4487 7120 1222 444 7104 90 324
internal_value=-0.000194288 0.000546789 0.00135438 0.0029966 -0.000674638 -0.000420627 0.000805705 0.000177795 0.000456504 -0.000148068 -0.00042883 -0.000960659 -0.00119024 0.000168932 -0.00123626
internal_weight=5915.5 2315.64 714.628 172.369 3599.86 2429.41 542.259 1601.01 1111.88 1631.12 489.127 798.289 1170.45 28.9664 1141.49
internal_count=30828 10614 3347 927 20214 12582 2420 7267 5167 8614 2100 3968 7632 204 7428
is_linear=0
shrinkage=0.01444


Tree=50
num_leaves=16
num_cat=0
split_feature=22 20 22 14 8 38 5 5 5 30 28 25 23 20 7
split_gain=9.28582 3.37886 1.92025 1.76382 1.67152 1.62341 1.42173 1.11128 1.57245 1.09262 0.729763 0.641973 0.324663 1.80898 0.384335
threshold=0.063617175433456005 0.10423571348233222 0.030651647619559481 1.4582417165691399 0.34702105215143969 3.5000000000000004 0.59587107319466714 0.20521558495044684 0.25445855733132766 20.060000000000006 0.0178 0.78887582621789876 0.0081383771379604525 0.024664388662012624 0.3143610069654022
decision_type=10 10 8 8 8 2 10 10 10 10 10 10 10 8 8
left_child=2 5 12 11 -5 9 -7 10 -9 -2 -4 -3 13 -1 -14
right_child=1 3 7 4 -6 6 -8 8 -10 -11 -12 -13 14 -15 -16
leaf_value=-0.00053244012292920373 3.583506238932004e-05 0.0010150775388677422 -0.00029713638089047962 0.00037762168504509798 0.00099427785415558199 0.00022266058485151532 0.0012357906491302203 0.00012724772135388777 -0.00030227350005281809 -0.00010923274802140522 -6.0646218637533075e-05 -0.00019809847606661418 -0.00064443809747853045 1.2058121597702551e-05 -0.00054157347742927976
leaf_weight=37.133644861634821 522.62747211568058 61.071491257287562 1122.9899706523865 240.00063733709976 302.18156872317195 736.8974113962613 42.229121936485171 287.49978141719475 748.72503239731304 262.20014795660973 405.49789210199378 111.37438893504441 879.31985051371157 4.0662385225296012 151.68503163196146
leaf_count=936 1740 230 5943 1389 1168 4728 278 1933 4320 408 1990 560 4449 6 750
internal_value=-0.000205251 0.000514246 -0.000659635 0.00133847 0.00174309 0.000128919 0.0006016 -0.000436773 -5.77019e-05 -0.000323753 -0.000685085 0 -0.00118002 0 -0.00123031
internal_weight=5915.5 2278.58 3636.92 714.628 542.182 1563.95 779.127 2564.71 1036.22 784.828 1528.49 172.446 1072.2 41.1999 1031
internal_count=30828 10501 20327 3347 2557 7154 5006 14186 6253 2148 7933 790 6141 942 5199
is_linear=0
shrinkage=0.01444


Tree=51
num_leaves=14
num_cat=0
split_feature=19 8 17 26 33 26 6 19 30 19 33 16 5
split_gain=8.75941 3.66958 2.80812 2.52128 3.79881 2.40918 2.13082 1.5644 0.386721 0.369211 0.880041 0.31818 0.268587
threshold=0.10953192748711404 0.22255208929311818 0.7396636265161235 0.46567929232646349 0.015240529532441262 0.37272609989871214 0.82646697541631908 0.039567839540781614 16.775000000000002 0.055575959170075205 0.11107218967651501 0.69786347646597591 -0.41889213858308794
decision_type=10 8 8 10 10 8 8 8 8 10 10 10 8
left_child=1 9 11 7 -5 8 -7 -3 -4 12 -11 -2 -1
right_child=2 3 5 4 -6 6 -8 -9 -10 10 -12 -13 -14
leaf_value=1.0279120727467663e-05 0.00089328037532691526 -0.00044885033985013809 0.00025017752050732347 -0.00014366310117508834 0.0002128188854305569 0.0015419529577254964 0.00079616210599270474 -6.7884045563603769e-05 -0.00019833578725811881 -0.00029717603440855203 0.00016735448009375645 -0.00019874266149963997 -0.00059695254232357883
leaf_weight=14.313349161297081 13.977207753807305 805.99005449749529 33.756619207561016 681.29047966003418 931.19601616915315 19.309121956117451 525.59372768551111 1267.6122895684093 72.878318198490888 219.45229344628751 75.125380765646696 95.685487768612802 1159.3193359179422
leaf_count=74 104 3290 272 3609 4362 81 2414 5747 316 1877 692 346 7644
internal_value=-0.000197017 -0.000412493 0.00124408 -0.000165023 0.000257857 0.0016107 0.00200211 -0.000500157 -0.000267304 -0.00102458 -0.000483939 -0.000812493 -0.00114884
internal_weight=5915.5 5154.3 761.2 3686.09 1612.49 651.538 544.903 2073.6 106.635 1468.21 294.578 109.663 1173.63
internal_count=30828 27295 3533 17008 7971 3083 2495 9037 588 10287 2569 450 7718
is_linear=0
shrinkage=0.01444


Tree=52
num_leaves=16
num_cat=0
split_feature=19 9 17 27 32 9 5 23 32 22 35 2 5 35 32
split_gain=8.76158 4.0849 2.3659 2.85043 1.99846 1.92768 1.84124 0.705898 0.698236 0.350977 0.403728 0.377222 0.234202 0.33916 0.00194947
threshold=0.10953192748711404 0.2135128107132547 0.7396636265161235 0.12517468103041349 0.81200527704485503 0.32689277023708957 0.17574011266013317 0.089843385234142134 0.46174142480211083 0.043196736977941921 2.3504206048856529 0.15518798208384257 0.30945515443461952 3.2003043562554643 0.93007915567282329
decision_type=10 8 8 8 8 10 8 10 10 10 2 2 10 2 10
left_child=1 9 12 8 5 -3 -5 -6 -4 10 -1 -11 14 -14 -2
right_child=2 4 3 6 7 -7 -8 -9 -10 11 -12 -13 13 -15 -16
leaf_value=0.00018896587869569959 -0.0005930699426994556 -7.120038829314053e-05 0.00065280517466599966 0.00035812311973650648 -0.00024274542092855457 0.00033753478651143704 0.001428494692813555 0.00041806012726432928 -0.00010435805960026462 -0.00036498616989663748 -0.00063125627125155124 1.7311965028271131e-05 -0.00019587282091788259 0.00083047821484263462 -2.2169056367738809e-05
leaf_weight=13.745039910078047 62.184439214877784 1769.2416852675378 36.14380113966763 125.07286459160969 1205.6197473523207 806.00032068789005 314.38523363135755 97.014492275193334 175.9358876850456 345.56440502824262 887.16898318845779 29.944525476545095 16.440908573567871 11.668790340423582 19.368557393550873
leaf_count=106 226 8095 334 592 6798 3313 1385 366 772 2843 5538 236 82 52 90
internal_value=-0.000194338 -0.000409844 0.00124696 0.00158305 -0.000172555 5.5953e-05 0.00224836 -0.00063418 0.000140596 -0.00112011 -0.00129282 -0.000669622 -0.000628983 0.000153052 -0.00105718
internal_weight=5915.5 5154.3 761.2 651.538 3877.88 2575.24 439.458 1302.63 212.08 1276.42 900.914 375.509 109.663 28.1097 81.553
internal_count=30828 27295 3533 3083 18572 11408 1977 7164 1106 8723 5644 3079 450 134 316
is_linear=0
shrinkage=0.01444


Tree=53
num_leaves=15
num_cat=0
split_feature=22 20 7 9 17 30 18 34 9 21 18 21 17 22
split_gain=8.47333 3.23982 2.751 2.32563 1.82093 1.48013 2.13451 1.28436 1.78032 1.69243 1.2612 0.233269 0.177388 0.120895
threshold=0.063617175433456005 0.13400329748526446 0.64181387998260819 0.21272971878517594 0.76734947209939397 18.005000000000006 0.050208029009964468 0.013529591520938801 0.35752193073341215 0.038833917033599334 -0.024341235611318675 0.04884124406401253 1.0299597402159828 0.062739644785336807
decision_type=10 10 10 8 10 8 10 10 10 8 10 10 10 8
left_child=3 7 4 11 -3 6 -5 8 -2 -9 -7 13 -13 -1
right_child=1 2 -4 5 -6 10 -8 9 -10 -11 -12 12 -14 -15
leaf_value=-0.00056217019431807386 5.7612100631944004e-05 -0.00019304442078430358 0.0015958215654854047 -7.0172255922271011e-05 0.00076403810043938053 -1.9410105917966058e-06 0.00016516036711762081 0.00021407109247030141 0.00076807875201381369 -0.00012673715342296143 -0.00057592087034111672 6.0100921623092212e-05 -0.00039560939594608457 0.00013930064477123813
leaf_weight=1112.0258249407634 931.16030545160174 57.234681972302496 31.705590992234647 1081.8903825255111 275.40802237670869 416.80213864007965 176.66863052267581 121.25500422716141 461.90445361565799 399.91418102197349 788.2496701721102 9.4317185543477517 43.280820558778942 8.5682561844587308
leaf_count=7224 5318 254 102 5095 1349 3032 861 316 2098 1064 3695 122 206 92
internal_value=-0.000194888 0.000492272 0.00174528 -0.000629013 0.00130136 -0.000369045 -1.20093e-05 0.000246504 0.00047926 -0.000350397 -0.000730899 -0.00116329 0 -0.0012084
internal_weight=5915.5 2278.58 364.348 3636.92 332.643 2463.61 1258.56 1914.23 1393.06 521.169 1205.05 1173.31 52.7125 1120.59
internal_count=30828 10501 1705 20327 1603 12683 5956 8796 7416 1380 6727 7644 328 7316
is_linear=0
shrinkage=0.01444


Tree=54
num_leaves=16
num_cat=0
split_feature=22 9 23 12 5 23 30 28 30 18 18 38 28 22 21
split_gain=7.87953 2.27647 2.18913 1.60927 3.8215 1.69889 1.55231 2.39985 1.35845 1.76147 1.23465 0.869901 0.50232 1.36942 0.157469
threshold=0.063617175433456005 0.21272971878517594 0.090909090909090898 0.039737489537009084 0.27294875176428185 0.14285714285714288 19.660000000000004 0.066499999999999962 18.005000000000006 0.050208029009964468 -0.024341235611318675 4.5000000000000009 0.034400000000000021 0.043196736977941921 0.04884124406401253
decision_type=10 8 10 10 8 10 8 10 8 10 10 2 8 10 10
left_child=1 12 6 4 -4 -5 7 -2 9 -3 -10 -8 14 -14 -1
right_child=2 8 3 5 -6 -7 11 -9 10 -11 -12 -13 13 -15 -16
leaf_value=-0.0005749444361726532 0.00011742806263578932 -6.9158969764987935e-05 0.001320531024618217 0.00019895467326212554 -1.9694187561059486e-05 0.00061594328427071177 -0.00011770309253843221 0.0023190756327114946 -1.9129824325482247e-06 0.00016277545428373014 -0.0005676045829717389 0.00033795869344825934 -0.00069462167376770556 0.00014556280528385784 -0.00010078833292271281
leaf_weight=961.02645723847672 979.26668390491977 1081.8903825255111 99.207814232446253 494.0930731385015 68.705063698813319 119.26909966859967 307.34689560160041 95.057976318523288 416.80213864007965 176.66863052267581 788.2496701721102 115.63563309423625 142.50078383181244 20.594826437998563 49.184552730061114
leaf_count=6237 4384 5095 618 1972 442 701 792 400 3032 861 3695 1192 884 225 298
internal_value=-0.000215861 -0.000634459 0.000446525 0.00106794 0.00235236 0.000693181 0.000113264 0.000412317 -0.000377085 -3.423e-05 -0.000724124 -0.000614931 -0.00116329 -0.00030653 -0.00128841
internal_weight=5915.5 3636.92 2278.58 781.275 167.913 613.362 1497.31 1074.32 2463.61 1258.56 1205.05 422.983 1173.31 163.096 1010.21
internal_count=30828 20327 10501 3733 1060 2673 6768 4784 12683 5956 6727 1984 7644 1109 6535
is_linear=0
shrinkage=0.01444


Tree=55
num_leaves=16
num_cat=0
split_feature=20 9 26 33 26 26 16 26 23 23 8 12 28 21 23
split_gain=7.67029 3.90749 2.51555 3.71194 1.45236 2.63554 2.80552 1.48955 1.42967 1.08181 1.58705 1.08314 0.35411 0.462814 0.402409
threshold=0.10423571348233222 0.21272971878517594 0.46567929232646349 0.015240529532441262 0.50917107697881769 0.54080743276479781 0.92299252931328268 0.92453036296275382 0.095946753256785991 0.14285714285714288 0.3557502978599793 0.03959794092362879 0.034400000000000021 0.017713051425618662 0.061524750843249716
decision_type=10 8 10 10 8 8 10 10 10 10 10 8 8 10 10
left_child=1 12 8 -4 9 6 -6 -7 -3 11 -11 -2 14 -14 -1
right_child=4 2 3 -5 5 7 -8 -9 -10 10 -12 -13 13 -15 -16
leaf_value=-0.00054448571763123486 0.0010884563506459147 -0.0002917634765641884 -0.00013690024984254869 0.00017942417787776002 0.00076913549056504898 0.00094181391281951562 0.0013014625795479775 -0.00026616886145529149 0.00121624941066031 -0.00045184492903990281 0.001838793764941262 -0.00026919146654943158 -0.00074396268938620939 2.3077784018897662e-05 -0.00025277677359455107
leaf_weight=1010.7265956155024 45.625387595966458 2151.4115828373469 721.56074731703848 999.03656041342765 16.866143563762307 393.88177626673132 26.720105536282063 54.146864783018827 60.92248398438096 9.4920650301501173 12.070110619068144 161.79994286829606 81.863833980169147 100.75035968050361 68.625121664721519
leaf_count=6449 258 9716 3538 5328 80 1729 80 274 288 218 110 616 590 686 868
internal_value=-0.000213426 -0.000408984 -0.000180601 0.000228249 0.00117745 0.00162311 0.0050922 0.00125054 -0.000504469 0.000162013 0.00322105 -0.000100801 -0.00110998 -0.000404289 -0.00121698
internal_weight=5915.5 5194.9 3932.93 1720.6 720.602 491.615 43.5862 448.029 2212.33 228.988 21.5622 207.425 1261.97 182.614 1079.35
internal_count=30828 27463 18870 8866 3365 2163 160 2003 10004 1202 328 874 8593 1276 7317
is_linear=0
shrinkage=0.01444


Tree=56
num_leaves=16
num_cat=0
split_feature=22 9 23 18 12 28 23 32 33 27 9 31 28 22 21
split_gain=7.38096 2.24242 2.19331 1.61787 1.55191 2.6556 1.69574 1.50884 1.40472 1.5318 1.399 0.892519 0.461567 1.36718 0.141661
threshold=0.063617175433456005 0.21272971878517594 0.090909090909090898 -0.024341235611318675 0.039737489537009084 -0.006499999999999991 0.14285714285714288 0.7071240105540898 0.023196518141403336 0.13215132095398932 0.25230691001313871 -1.8799999999999988 0.034400000000000021 0.043196736977941921 0.04884124406401253
decision_type=10 8 10 8 10 8 10 10 10 10 10 8 8 10 10
left_child=1 12 8 10 5 -4 -6 -5 11 -10 -3 -2 14 -14 -1
right_child=2 3 4 7 6 -7 -8 -9 9 -11 -12 -13 13 -15 -16
leaf_value=-0.00055877988418573529 0.00076669504854701912 -0.00031516873731469986 -4.4095865483308953e-05 -6.3947255905835154e-05 0.0001963168210617717 0.0012826694824935119 0.00058049692389586704 -0.00056127905956581596 -0.00026454345223895045 0.00051397098663022618 0.0001127958140679797 -0.00012123060328386258 -0.00068492459165815634 0.00014312763810203269 -9.1470586835076467e-05
leaf_weight=961.02645723847672 87.464033850468695 160.07637447770685 50.107994711026549 1127.7778316070326 494.0930731385015 117.80488322023302 119.26909966859967 788.2496701721102 243.38595744222403 577.09322209469974 387.50694560352713 589.36397553188726 142.50078383181244 20.594826437998563 49.184552730061114
leaf_count=6237 578 772 378 6330 1972 682 701 3695 1256 2934 1886 2000 884 225 298
internal_value=-0.000201312 -0.000606525 0.000439708 -0.000351189 0.00106158 0.00232412 0.000692838 -0.000551557 0.000106208 0.000514509 0.000325873 -0.000369442 -0.00113109 -0.000304059 -0.00125141
internal_weight=5915.5 3636.92 2278.58 2463.61 781.275 167.913 613.362 1916.03 1497.31 820.479 547.583 676.828 1173.31 163.096 1010.21
internal_count=30828 20327 10501 12683 3733 1060 2673 10025 6768 4190 2658 2578 7644 1109 6535
is_linear=0
shrinkage=0.01444


Tree=57
num_leaves=16
num_cat=0
split_feature=20 26 33 11 20 17 8 14 35 28 5 34 34 35 12
split_gain=7.63513 3.4448 2.36935 3.84853 2.04834 2.00406 1.81302 1.81242 1.26403 1.15226 0.839796 0.801102 0.491226 0.426236 0.0150551
threshold=0.10423571348233222 0.46567929232646349 0.015934083287543647 0.26017971564597081 0.03528560666871814 0.76734947209939397 0.43568107629434277 1.4582417165691399 5.1740005304378167 0.037999999999999957 0.32265549877469651 -0.03452844711260588 -0.037685357726686346 2.3504206048856529 0.18868555336815843
decision_type=10 10 10 10 10 8 8 8 2 10 10 8 10 2 10
left_child=1 4 10 -4 13 11 9 -8 -6 -7 -3 12 -2 -1 -13
right_child=5 2 3 -5 8 6 7 -9 -10 -11 -12 14 -14 -15 -16
leaf_value=0.00021394232385659761 -0.00083555399216428785 -0.00016820746720191146 -0.00028366892274241253 0.00034801068081609328 -1.7637698448831392e-05 0.00044668797069833804 0.00036748270551303545 0.0013774687203376322 -0.00043421616800465854 -2.0452555575710508e-05 0.0001569869274117122 -0.00056578729695959005 0.00091077210603121214 -0.00053163339989606602 -3.1401157981237819e-05
leaf_weight=35.398185431724414 6.4221854265779248 610.86842211242765 440.44713138695806 800.03824894409627 1281.8912094226107 271.48283118521795 63.86314756795764 140.57216642331332 347.43207742320374 134.68503463361412 141.41949599515647 76.369927508756518 8.5249995561316592 1537.4025147769134 18.682103961706161
leaf_count=340 82 3533 4018 3914 6056 1552 247 534 1171 578 756 220 52 7675 100
internal_value=-0.000214486 -0.000409597 5.56982e-05 0.000449338 -0.000703211 0.00117317 0.00150213 0.00264417 -0.000332496 0.000892299 -0.000575857 -0.000532879 0.00225432 -0.00107867 -0.00111866
internal_weight=5915.5 5194.9 1992.77 1240.49 3202.12 720.602 610.603 204.435 1629.32 406.168 752.288 109.999 14.9472 1572.8 95.052
internal_count=30828 27463 12221 7932 15242 3365 2911 781 7227 2130 4289 454 134 8015 320
is_linear=0
shrinkage=0.01444


Tree=58
num_leaves=14
num_cat=0
split_feature=19 9 7 5 19 30 6 28 7 35 7 22 5
split_gain=7.3267 3.57346 1.85771 3.46173 1.8219 1.52853 1.48685 3.03733 1.49492 0.578213 1.27498 0.389725 0.336219
threshold=0.10953192748711404 0.21272971878517594 0.64181387998260819 0.17574011266013317 0.026087705778023083 19.565000000000001 1.6082511240096224 0.066499999999999962 0.51144371007741918 2.6379852627415272 0.20313866146966741 0.043196736977941921 -0.12836716896997363
decision_type=10 8 10 10 8 10 8 10 10 2 10 10 10
left_child=1 9 6 -4 12 -6 7 -2 -8 10 -1 -11 -3
right_child=2 4 3 -5 5 -7 8 -9 -10 11 -12 -13 -14
leaf_value=-0.00079476311780142658 0.00010277244426183012 5.0143114237501705e-05 0.0014781709461701162 0.0015533004554145857 2.7471372315801611e-05 -0.00012584668366367536 0.0005390092759290896 0.001437260071520825 -0.00045685187512861528 -0.00058461581421212635 0.00021085300041428126 -0.00030001611768155407 -0.00055851184292452828
leaf_weight=22.900118621997535 29.164449262432754 10.410896468907593 25.552625146694481 17.906074469909072 2533.5087830717675 898.24290349707007 568.90433411439881 22.229170441627502 97.443829135037959 877.10827969852835 9.7210505404509586 352.95653745252639 449.45062983501703
leaf_count=104 186 56 80 68 12051 4274 2907 42 250 5446 128 2931 2305
internal_value=-0.000214578 -0.000411748 0.00110265 0.00407126 -0.00019101 -7.24574e-05 0.000901666 0.0033244 0.000692561 -0.00108132 0.00055898 -0.00113569 -0.00104613
internal_weight=5915.5 5154.3 761.2 43.4587 3891.61 3431.75 717.742 51.3936 666.348 1262.69 32.6212 1230.06 459.862
internal_count=30828 27295 3533 148 18686 16325 3385 228 3157 8609 232 8377 2361
is_linear=0
shrinkage=0.01444


Tree=59
num_leaves=16
num_cat=0
split_feature=20 26 34 7 22 17 9 9 23 35 35 34 23 18 21
split_gain=7.07127 3.47159 2.15577 4.38834 2.02638 1.90735 1.85522 4.22743 1.48914 1.46712 1.25209 0.801102 0.624905 0.531467 0.0262468
threshold=0.10423571348233222 0.46567929232646349 -0.010894677326784062 0.24999451413222962 0.040464921080120377 0.76734947209939397 0.56617251099161103 0.63672981629944581 0.02214612938630928 4.8957480587556406 5.1740005304378167 -0.03452844711260588 0.092911514583640956 0.047914366268189686 0.052111884493786786
decision_type=10 10 8 10 8 8 10 10 8 2 2 8 10 8 8
left_child=1 4 3 -3 13 11 9 -8 -4 -7 -6 12 -2 -1 -13
right_child=5 2 8 -5 10 6 7 -9 -10 -11 -12 14 -14 -15 -16
leaf_value=-0.00057998713725487382 -0.0015323258730902333 -0.00021796922411144586 1.3055801992380517e-05 0.00053337601660580951 -2.2310639341419716e-05 0.00070953662920436881 0.001507740505905839 0.00089820863001010328 -0.00011353227822930327 -0.0001594241575091724 -0.00036946081698547363 -2.7710207513915425e-05 0.00089722388649237706 -9.5849726731520363e-05 -0.00052113021371201582
leaf_weight=1252.9670242913999 6.2530259639024726 498.28149316180497 59.616071721538901 566.54332155641168 1356.9253920416813 453.07783167017624 27.464728130027652 35.833536118268967 868.33241199888289 94.227083891630173 378.26221551164053 17.545413419604301 8.6941590188071114 213.96935520973057 77.506618050858378
leaf_count=5908 36 4808 404 3277 7082 2175 90 124 3732 522 1361 54 98 891 266
internal_value=-0.000205108 -0.000392949 7.43286e-05 0.000523131 -0.000687798 0.00113016 0.00145139 0.00387218 -0.00042658 0.00114387 -0.000342523 -0.000532879 0.00225432 -0.00108701 -0.00111866
internal_weight=5915.5 5194.9 1992.77 1064.82 3202.12 720.602 610.603 63.2983 927.948 547.305 1735.19 109.999 14.9472 1466.94 95.052
internal_count=30828 27463 12221 8085 15242 3365 2911 214 4136 2697 8443 454 134 6799 320
is_linear=0
shrinkage=0.01444


Tree=60
num_leaves=14
num_cat=0
split_feature=19 22 17 35 17 20 23 11 8 23 23 18 16
split_gain=7.12768 3.41958 2.37938 2.3731 1.78807 1.72294 2.35512 1.12134 1.07615 0.958432 0.39887 0.35051 0.31818
threshold=0.10953192748711404 0.040464921080120377 0.7396636265161235 4.8166458505458118 1.2017995962665993 0.10223944117796623 0.057304441654258777 0.28976615611153245 0.33331835259574494 0.10502784379624967 0.0081383771379604525 -0.054641890059269997 0.69786347646597591
decision_type=10 10 8 2 8 10 10 8 10 10 10 8 10
left_child=1 7 12 4 -3 11 -7 10 -9 -5 -1 -4 -2
right_child=2 3 5 9 -6 6 -8 8 -10 -11 -12 -13 -14
leaf_value=2.8458754566473355e-05 0.00080410008196816639 -5.8846675921509268e-06 0.00048527034496099694 -0.00026863108877580021 0.00032963121257672027 0.0022501996242218535 0.00068512560877075968 2.5203199141050362e-06 -0.00061265336224813796 0.00088318829432620807 -0.00057121392216684743 -5.6397663852902909e-05 -0.00020165256736840858
leaf_weight=36.438856104854494 13.977207753807305 1408.1245334646665 19.798088511452079 1158.2970280908048 658.43923693243414 27.357997626066208 515.10369431553409 370.72149050654843 245.56395132560283 44.453786542639136 1232.2603162187152 89.278006594628096 95.685487768612802
leaf_count=812 104 7304 68 4720 3603 94 2487 2978 1320 130 6428 434 346
internal_value=-0.000221368 -0.000415849 0.00107768 -0.000128699 0.000163071 0.00141631 0.00175129 -0.000906755 -0.000369098 -0.000640739 -0.00115734 -0.000130642 -0.000812493
internal_weight=5915.5 5154.3 761.2 3269.31 2066.56 651.538 542.462 1884.98 616.285 1202.75 1268.7 109.076 109.663
internal_count=30828 27295 3533 15757 10907 3083 2581 11538 4298 4850 7240 502 450
is_linear=0
shrinkage=0.01444


Tree=61
num_leaves=14
num_cat=0
split_feature=19 9 17 27 20 26 32 12 19 22 22 35 16
split_gain=7.0151 3.45163 2.36974 2.39206 1.89958 1.83997 2.21451 1.20519 1.10264 0.748035 0.858644 0.458211 0.31818
threshold=0.10953192748711404 0.21702649579355365 0.7396636265161235 0.12517468103041349 0.10304099499149959 0.46567929232646349 0.81200527704485503 0.045611530024086737 0.039567839540781614 0.040464921080120377 0.040725196372990213 2.3504206048856529 0.69786347646597591
decision_type=10 8 8 8 10 10 8 10 8 10 10 2 10
left_child=1 9 12 7 -5 8 -7 -4 -3 11 -11 -1 -2
right_child=2 5 3 4 -6 6 -8 -9 -10 10 -12 -13 -14
leaf_value=0.00022443161006131628 0.00079248889074422831 -0.00041857371733969989 0.00026558420282962031 -3.0129529989517129e-05 0.0012163349499352731 0.00018978443386971153 -8.7449171931957816e-05 -0.00048807501124526961 -6.378785858334589e-05 6.9035432941291858e-05 -0.0002561969466831115 -0.00055328345394769021 -0.00019874070779642405
leaf_weight=11.327606767415999 13.977207753807305 815.88631858304143 94.905243018642068 71.716737113893032 367.74136110907421 987.54226289130747 677.8785922434181 117.17444580607116 1308.1003018678166 8.1578817516565305 460.91158870933577 884.49464637227356 95.685487768612802
leaf_count=102 104 3395 612 326 1651 5036 3558 494 6133 32 3589 5450 346
internal_value=-0.000214984 -0.000407946 0.00107377 0.00141176 0.0020208 -0.000179428 0.000174196 8.61859e-05 -0.00046284 -0.00103247 -0.000516156 -0.00128773 -0.000812493
internal_weight=5915.5 5154.3 761.2 651.538 439.458 3789.41 1665.42 212.08 2123.99 1364.89 469.069 895.822 109.663
internal_count=30828 27295 3533 3083 1977 18122 8594 1106 9528 9173 3621 5552 450
is_linear=0
shrinkage=0.01444


Tree=62
num_leaves=14
num_cat=0
split_feature=19 26 17 20 27 11 34 15 11 12 33 18 16
split_gain=6.17915 2.94943 2.18756 2.11114 2.04123 1.98953 3.5335 1.67325 1.51413 1.19111 0.576475 0.436634 0.31818
threshold=0.10953192748711404 0.38659633426754131 0.7396636265161235 0.051162442334214166 0.12517468103041349 0.24618473610536118 -0.010894677326784062 1.5572678738677674 0.23094480858980357 0.045611530024086737 0.13411433996750702 0.047914366268189686 0.69786347646597591
decision_type=10 10 8 10 8 8 8 10 10 10 10 10 10
left_child=1 3 12 11 9 10 -7 -6 -5 -4 -3 -1 -2
right_child=2 5 4 8 7 6 -8 -9 -10 -11 -12 -13 -14
leaf_value=-0.00049219776730443352 0.00078104536491998612 -0.00029747721625224179 0.00026174917155146892 0.0003315307989742467 0.0002905178258281163 0.00018307103565729264 -8.6186407407432854e-05 0.0013788033069749249 -0.00013305254887384797 -0.00048102721655617656 0.00016840447081311433 -0.00023985595418838821 -0.00019587089542610694
leaf_weight=1612.7158552927431 13.977207753807305 671.61565946694463 94.905243018642068 177.49425498815253 222.97604484809563 955.52702105138451 995.8407049595844 216.48205337487161 518.69876275490969 117.17444580607116 45.182047884911299 177.22489278763533 95.685487768612802
leaf_count=8007 104 5383 612 1166 964 5427 4214 1013 2032 494 320 746 346
internal_value=-0.000210541 -0.000391738 0.000998597 -0.000749946 0.00132394 -5.29763e-05 0.000180703 0.00188698 -5.50639e-05 9.37933e-05 -0.000707026 -0.00101281 -0.000812493
internal_weight=5915.5 5154.3 761.2 2486.13 651.538 2668.17 1951.37 439.458 696.193 212.08 716.798 1789.94 109.663
internal_count=30828 27295 3533 11951 3083 15344 9641 1977 3198 1106 5703 8753 450
is_linear=0
shrinkage=0.01444


Tree=63
num_leaves=15
num_cat=0
split_feature=20 19 26 27 19 27 35 33 30 33 10 10 33 20
split_gain=6.37629 2.75595 2.17672 2.14924 1.89931 1.86109 1.79559 1.54348 1.24594 0.963917 0.635942 0.725201 0.60008 0.010751
threshold=0.047798360384222811 0.11869966125559402 0.38934220509884138 0.12517468103041349 0.15967031261320072 1.0549368293682579 4.9341140629585647 0.012569200100554625 16.305000000000003 0.065317173663551623 0.23637691387818935 0.24145444278243236 0.11107218967651501 0.046061078725830214
decision_type=10 8 8 8 10 10 2 8 10 10 10 10 10 10
left_child=2 6 10 9 -5 7 8 -4 -2 -3 13 -12 -8 -1
right_child=1 3 5 4 -6 -7 12 -9 -10 -11 11 -13 -14 -15
leaf_value=-0.00054523269434173698 0.00038987515845912107 -0.00051323748487054491 -0.00072279478728291379 0.001144825283257679 0.00028632275346673008 1.3342320848705647e-05 -0.00021901598836430631 -6.8807088236249252e-06 3.6056758717791171e-05 0.00090553309467498284 3.755552367070851e-05 -0.00042188717887900955 0.00014179138206568502 -0.00017099431021678487
leaf_weight=822.06094994442537 304.31916910782456 135.89010096248239 396.20346094761044 288.6082751378417 143.08074795641005 11.600805968046187 597.71466732444242 1120.5391835859045 1271.4216292649508 57.114485766738653 36.897483572363853 646.28015678701922 67.457772009074688 16.31079342123121
leaf_count=4456 3006 582 2433 1210 609 32 2383 6904 5317 420 136 2728 514 98
internal_value=-0.000200024 0.000285858 -0.000660808 0.00113444 0.00170185 -0.000264215 4.32377e-05 -0.000317359 0.000314208 -6.82834e-05 -0.00105033 -0.000681615 -0.00057873 -0.00133453
internal_weight=5915.5 2865.61 3049.89 624.694 431.689 1528.34 2240.91 1516.74 1575.74 193.005 1521.55 683.178 665.172 838.372
internal_count=30828 14041 16787 2821 1819 9369 11220 9337 8323 1002 7418 2864 2897 4554
is_linear=0
shrinkage=0.01444


Tree=64
num_leaves=15
num_cat=0
split_feature=26 11 34 9 5 38 21 12 27 34 5 34 33 25
split_gain=4.9481 2.97677 4.74479 1.90729 1.85429 1.59245 1.12654 1.24509 0.610936 0.904099 0.491891 0.0411377 0.0323443 0.00242209
threshold=0.46567929232646349 0.24502126456719911 -0.009898753371317735 0.18588624619202479 0.17499127704117243 10.500000000000002 0.017713051425618662 0.038552149860051357 0.31462606396539894 0.033372308812263836 1.0000000180025095e-35 -0.065209590616445476 0.16827423648086184 0.55566765173198684
decision_type=10 10 10 8 10 2 10 10 10 8 8 8 8 8
left_child=3 8 4 12 -3 -4 10 -8 9 -2 -5 -10 -1 -14
right_child=1 2 5 6 -6 -7 7 -9 11 -11 -12 -13 13 -15
leaf_value=-0.000638751862238478 -0.00023525008422300913 0.00010387545915687789 -5.0992691431640081e-05 7.8651595167783794e-05 0.00074818943147498998 0.0014405403880553922 3.1733156450253119e-05 -0.00026778989679109271 -0.00022972210055737343 0.00017647372829269304 -0.00049817115365246743 -0.00062013655923205983 -0.00066033539255349759 0.00015143978155260062
leaf_weight=555.25897986255586 363.09428588487208 355.84543136041611 903.92044843733311 32.811440415214747 600.66300483886153 18.812261527404189 695.16775711998343 1563.8577156942338 22.540002252906561 36.862545508425683 563.4596332879737 185.60120234219357 10.893093602266164 6.7118796217255285
leaf_count=2380 3142 2057 3408 302 3678 56 3516 5580 394 466 3369 1248 276 956
internal_value=-0.000207539 0.000279203 0.000566905 -0.000564506 0.00128082 -0.000159287 -0.000405168 -0.000249825 -0.000588095 -0.000216727 -0.000970981 -0.0012365 -0.00133469 0
internal_weight=5915.5 2487.34 1879.24 3428.16 956.508 922.733 2855.3 2259.03 608.098 399.957 596.271 208.141 572.864 17.605
internal_count=30828 14449 9199 16379 5735 3464 12767 9096 5250 3608 3671 1642 3612 1232
is_linear=0
shrinkage=0.01444


Tree=65
num_leaves=15
num_cat=0
split_feature=1 13 8 30 4 0 12 12 16 16 17 3 28 5
split_gain=6.02937 2.41202 2.82677 1.64472 1.18177 1.03854 0.629555 1.40239 0.589156 0.685311 0.29042 0.208605 0.155462 0.114315
threshold=0.092656862745098059 1.5996456281422577 0.31332912845762373 19.815000000000001 0.062286138959876912 0.27472500000000005 0.032392873083715114 0.032565436573383018 1.1870624133198049 1.1531666163694838 1.7262829720961059 24.500000000000004 0.053650000000000024 -0.18061242572475064
decision_type=2 8 10 10 10 2 10 10 10 10 10 2 10 8
left_child=5 8 4 -4 -3 12 10 -8 9 -2 -7 -10 13 -1
right_child=1 2 3 -5 -6 6 7 -9 11 -11 -12 -13 -14 -15
leaf_value=7.7515867499001974e-05 -6.0301509065404736e-05 0.00013360727158128185 0.00080616844863678897 5.5348919871212494e-06 -0.00044558180613455924 -0.00049854504007092041 3.6554996332656822e-05 -0.00020813767266500687 5.2023789846371057e-07 0.0002214564893705233 0.00019231626230821448 -7.1415330070245366e-05 1.0464429937349623e-05 -0.00058577159486991126
leaf_weight=11.390818599611519 1242.332938731648 765.26486213039607 507.68095037806779 202.85950648691505 174.09682981669903 673.00656147883274 9.8125720499083382 1259.5621902467683 52.171729776076972 66.463753369636834 16.485160230658948 316.3987550791353 15.605387103045357 602.36766627896577
leaf_count=53 4923 5085 2180 750 929 4467 56 6377 192 234 164 1304 76 4038
internal_value=-0.000205919 0.000197583 0.000591394 0.00127922 5.67429e-05 -0.000729624 -0.000553281 -0.000345372 -0.000182047 -2.78334e-05 -0.000916491 -0.000693327 -0.00125673 -0.00129316
internal_weight=5915.5 3327.27 1649.9 710.54 939.362 2588.23 1958.87 1269.37 1677.37 1308.8 689.492 368.57 629.364 613.758
internal_count=30828 15597 8944 2930 6014 15231 11064 6433 6653 5157 4631 1496 4167 4091
is_linear=0
shrinkage=0.01444


Tree=66
num_leaves=16
num_cat=0
split_feature=22 26 18 9 19 17 22 21 28 21 0 19 26 18 12
split_gain=5.95473 2.02002 1.98554 2.14399 1.66211 3.1859 2.00479 1.75382 1.39701 1.1467 0.930489 0.844205 1.3325 0.510063 0.127332
threshold=0.063617175433456005 0.38659633426754131 -0.024772901864960669 0.25230691001313871 0.11869966125559402 1.786382426471868 0.081350874573236934 0.15281661030690466 0.034400000000000021 0.095698871439527947 0.56357500000000016 0.049898267114776969 0.093826528458030731 0.047914366268189686 0.028371584872009695
decision_type=10 10 10 8 10 10 10 10 8 8 2 10 8 10 10
left_child=1 11 3 -3 9 6 -6 -7 -4 10 -2 13 -13 -1 -11
right_child=4 2 8 -5 5 7 -8 -9 -10 14 -12 12 -14 -15 -16
leaf_value=-0.00049712229533913272 -4.2627667010100036e-05 -0.0005344966158118095 -0.00028294860501485987 0.00015846024412351055 0.0024988592500289112 0.00061596666990076585 0.00026684837887976456 0.0014592047145354403 1.9072119082864974e-05 0.00017648328242964565 0.00034222855007241148 0.00041092016608461937 -0.00015443435433757269 -7.8183804148595741e-05 -0.00029777746158262032
leaf_weight=1442.3657683997881 775.82202986069024 136.19243846135214 1005.0500178472139 272.15721643553115 15.468780070543287 12.610966469161212 591.24510549008846 10.664623307064176 203.90307694580406 8.2589577417820674 731.2878756178543 13.715904505923389 419.17550905467942 144.35751044843346 133.22390110045671
leaf_count=7268 3841 1118 6686 1716 52 108 2669 26 1060 170 2839 90 1766 623 796
internal_value=-0.000220573 -0.000584537 -0.000193721 0.000662694 0.000354617 0.000987737 0.000758921 0.0062459 -0.000493988 0.000104488 0.000228547 -0.000890881 -0.000282573 -0.00104844 -0.00112057
internal_weight=5915.5 3636.92 1617.3 408.35 2278.58 629.989 606.714 23.2756 1208.95 1648.59 1507.11 2019.61 432.891 1586.72 141.483
internal_count=30828 20327 10580 2834 10501 2855 2721 134 7746 7646 6680 9747 1856 7891 966
is_linear=0
shrinkage=0.01444


Tree=67
num_leaves=16
num_cat=0
split_feature=1 19 27 15 26 34 26 9 33 11 33 28 26 10 6
split_gain=5.22321 2.55532 1.90481 1.72438 1.48101 1.45928 1.54015 1.45572 1.11091 0.551801 0.550541 0.233427 0.17756 0.497297 0.112592
threshold=0.092656862745098059 0.11869966125559402 0.12517468103041349 1.5636840674189043 0.32297844984728219 0.032758122151732467 0.47990276103125468 0.19119589749830954 0.014367282772913105 0.22161953043163196 0.062302073251481745 0.034400000000000021 0.13652999436066404 0.23734152409624834 4.4917222965238688
decision_type=2 10 8 10 10 10 10 8 8 10 8 10 8 10 10
left_child=4 5 10 -4 12 6 -2 11 -9 -7 -3 -6 13 -1 -14
right_child=1 2 3 -5 7 9 -8 8 -10 -11 -12 -13 14 -15 -16
leaf_value=-0.00064858144908045464 -7.4941128528926759e-05 -0.00065344428980066175 0.00026433330165569723 0.0012191643868032277 -0.00035339470584626727 0.0010312200334765319 0.00024657364545933381 -0.00051727267590661913 1.5887173878248516e-05 -9.813859673893725e-05 0.00087082953540511168 6.8861494739092528e-06 -0.00058638334424405763 8.7699809193225991e-05 0.00024231669884895539
leaf_weight=78.534927640110254 1335.1188067423645 121.90845645777881 225.71290222229436 195.82938772533089 322.67930824682117 23.538638591766357 1012.6263574485201 360.11280751600862 805.04828806663863 351.26658252999187 61.268194050528109 29.022058481816202 935.21894334093668 42.934387193061411 14.679635502398012
leaf_count=686 6433 398 941 800 2828 62 5435 1959 4654 1014 514 276 4505 265 58
internal_value=-0.000232542 0.000142622 0.000992171 0.0015295 -0.000719813 -4.14318e-05 8.71495e-05 -0.000415523 -0.000156574 -0.000880664 -0.000174022 -0.00123464 -0.00113798 -0.000425736 -0.00121498
internal_weight=5915.5 3327.27 604.719 421.542 2588.23 2722.55 2347.75 1516.86 1165.16 374.805 183.177 351.701 1071.37 121.469 949.899
internal_count=30828 15597 2653 1741 15231 12944 11868 9717 6613 1076 912 3104 5514 951 4563
is_linear=0
shrinkage=0.01444


Tree=68
num_leaves=16
num_cat=0
split_feature=20 35 10 13 1 34 18 34 18 35 17 4 23 22 35
split_gain=5.78207 2.70303 1.87566 1.84787 1.70642 1.30872 1.51493 1.02231 1.4193 1.33726 0.777918 0.676281 0.388504 0.901824 0.27573
threshold=0.047798360384222811 4.9341140629585647 0.23637691387818935 1.3832808150256357 0.089629120879120908 -0.018198895838091474 0.06352782867797814 -0.021907869337078775 -0.058060756675740281 5.200897444233985 1.3860069259218528 0.10976023457865493 0.046978165267125956 0.05067437433612404 2.3504206048856529
decision_type=10 2 8 8 2 8 10 8 8 2 8 10 10 10 2
left_child=2 3 12 11 -5 6 -4 9 -9 -3 -7 -2 14 -14 -1
right_child=1 7 5 4 -6 10 -8 8 -10 -11 -12 -13 13 -15 -16
leaf_value=0.00020394425482472644 -0.00010821019809774514 0.00026051633336878085 -3.0579494501712032e-05 -2.4240186708255059e-05 0.00053658229068295608 -0.00037934510746103471 0.000713939221147942 0.00061338160590241806 -0.00027057008647685669 -0.00014228906369204481 -1.5948074749167919e-05 0.0009743166913677105 0.00041080002581935984 -0.00034426470579279649 -0.00053514277307258583
leaf_weight=19.712608171626925 495.82081422582269 61.392091640271246 518.97755420999601 312.0005796845071 1272.6292279162444 874.02718172594905 56.936922032386065 25.841532651335001 475.76377442060038 205.17097860760987 323.65044469572604 16.987848383374512 31.381119659170508 84.094505418092012 1141.1124983136542
leaf_count=134 2172 451 3653 2298 6104 2982 461 94 1414 1426 2170 82 166 430 6791
internal_value=-0.000241199 0.000221088 -0.000679804 0.000492622 0.000738478 -0.000364743 0.000183334 -0.000503111 -0.000891571 0.000179199 -0.000639179 -0.000241574 -0.00110702 -0.000165685 -0.00118927
internal_weight=5915.5 2865.61 3049.89 2097.44 1584.63 1773.59 575.914 768.168 501.605 266.563 1197.68 512.809 1276.3 115.476 1160.83
internal_count=30828 14041 16787 10656 8402 9266 4114 3385 1508 1877 5152 2254 7521 596 6925
is_linear=0
shrinkage=0.01444


Tree=69
num_leaves=15
num_cat=0
split_feature=20 1 10 27 27 27 18 20 9 5 28 22 16 28
split_gain=5.38729 2.18844 2.0563 1.90966 1.63582 1.56045 1.36651 0.88158 0.756704 0.869527 0.459958 0.693801 0.206431 0.147844
threshold=0.047798360384222811 0.11244588744588746 0.23637691387818935 1.0549368293682579 0.58095999695359968 0.089954339997813978 0.047914366268189686 0.13848882420798336 0.19119589749830954 0.65572816515749877 0.034400000000000021 0.03549253524841034 0.77582434469319705 0.034400000000000021
decision_type=10 2 8 8 10 8 10 10 10 10 8 10 10 10
left_child=2 8 10 6 5 -3 -4 -6 13 -10 12 -12 -1 -2
right_child=1 4 3 -5 7 -7 -8 -9 9 -11 11 -13 -14 -15
leaf_value=-0.00034910236373644369 -0.00019203635457215023 -6.9495076277100858e-05 -0.00029935615409678543 2.7473037823580127e-05 -0.00019472778041165737 0.00053991777721467803 3.7368272449551355e-05 0.0013818612724273052 -5.5395840696993365e-05 0.0008876034506187739 -0.00079614771531270119 7.122475452677779e-05 -0.00050092809309150248 7.136741470296313e-06
leaf_weight=127.59990463592112 187.66720881918445 237.5608305153437 1460.8355985861272 11.645460352301596 236.81978589622304 1098.0015920526348 301.11104372562841 27.998619930818677 1040.2635988248512 27.546816698275506 134.95909986365587 73.393465514294803 940.34826154867187 9.7483947924338263
leaf_count=1060 1588 1100 7799 40 1052 4425 1427 102 5440 164 676 451 5334 170
internal_value=-0.000230412 0.000215706 -0.000653829 -0.00032504 0.000572775 0.000781876 -0.000371301 -0.000431889 -0.00022566 -6.0508e-05 -0.00110013 -0.000381279 -0.00122785 -0.00105015
internal_weight=5915.5 2865.61 3049.89 1773.59 1600.38 1335.56 1761.95 264.818 1265.23 1067.81 1276.3 208.353 1067.95 197.416
internal_count=30828 14041 16787 9266 6679 5525 9226 1154 7362 5604 7521 1127 6394 1758
is_linear=0
shrinkage=0.01444


Tree=70
num_leaves=16
num_cat=0
split_feature=22 26 18 26 35 1 35 18 12 28 36 22 22 23 23
split_gain=5.1268 2.42311 1.89142 1.7114 1.44547 1.53462 2.38627 1.29855 1.2112 1.51762 0.844686 0.744002 1.18851 0.374602 0.201352
threshold=0.063617175433456005 0.38659633426754131 -0.024772901864960669 0.40865854947228969 5.0701609893264674 0.12421854912764006 4.6045197631215684 0.10842616639931758 0.049472310606692813 0.018600000000000037 1.0000000180025095e-35 0.03549253524841034 0.035668285917596819 0.0081383771379604525 0.13935834733737343
decision_type=10 10 10 10 2 2 2 10 8 10 2 8 8 10 10
left_child=1 11 3 -3 5 10 -7 -4 9 -6 -2 13 -13 -1 -10
right_child=4 2 7 -5 8 6 -8 -9 14 -11 -12 12 -14 -15 -16
leaf_value=3.682867524411659e-05 -0.00012634820130580024 0.00073742625856734701 -0.00021576353338525255 1.87273001394808e-05 -0.00033206013644998484 0.00042606701477906043 0.00072939863234417683 0.0005710913876769934 -0.00015939444759110295 0.00054822866252172899 0.00038832872120088987 0.00097738679743167214 -0.00029450782854113696 -0.00049536718011633149 0.00043475115967902362
leaf_weight=35.685507155954838 388.91997269168496 27.493113102624193 1186.9157607904635 380.8565417942591 125.10530981561169 966.92763511231169 110.14311882341281 22.037334002554417 271.93431946262717 49.939569796435535 339.78876957343891 18.310077831149101 1027.8485693016555 937.77053812006488 25.823544382117689
leaf_count=664 2229 198 7622 2636 615 4017 418 124 900 236 1982 38 5107 3938 104
internal_value=-0.000224512 -0.000562241 -0.000136051 0.000700964 0.00030881 0.000498093 0.000844276 -0.000429786 -0.0003862 0.000518349 0 -0.000896922 -0.000603113 -0.00119871 -0.000961821
internal_weight=5915.5 3636.92 1617.3 408.35 2278.58 1805.78 1077.07 1208.95 472.803 175.045 728.709 2019.61 1046.16 973.456 297.758
internal_count=30828 20327 10580 2834 10501 8646 4435 7746 1855 851 4211 9747 5145 4602 1004
is_linear=0
shrinkage=0.01444


Tree=71
num_leaves=15
num_cat=0
split_feature=20 26 1 27 33 27 0 34 20 10 34 28 21 34
split_gain=5.12457 2.26702 2.07989 1.83794 1.63102 1.41557 1.58904 0.915227 0.816948 0.628155 0.776064 0.462449 0.435537 0.0259854
threshold=0.047798360384222811 0.38934220509884138 0.091883445945945968 1.0549368293682579 0.012569200100554625 0.58095999695359968 0.40267500000000006 -0.049408385806927295 0.13848882420798336 0.23637691387818935 -0.03517115764150313 0.017399999999999988 0.077782755174163623 -0.067732447423334494
decision_type=10 8 2 10 8 10 2 8 10 10 10 10 10 8
left_child=1 9 7 4 -3 6 -4 12 -7 13 -11 -9 -2 -1
right_child=2 3 5 -5 -6 8 -8 11 -10 10 -12 -13 -14 -15
leaf_value=-0.00050750164334545801 2.8280752501040355e-05 -0.00067963260900948412 -0.00012452373547242851 2.6805905745460453e-05 -9.8293895388794194e-08 -0.00016217686616904213 0.00040102446624515732 -0.00033921135126207191 0.0013557548193468148 6.888116702767887e-06 -0.00046387673618687931 -3.5833397205307527e-06 0.00072073243785037062 -0.00048799875041740775
leaf_weight=12.034883936867116 108.81439757626504 396.20346094761044 239.97607161290944 11.600805968046187 1120.5391835859045 302.03327289642766 1555.0952321859077 459.09246456995606 28.300639407709241 201.89420752553269 481.28343283385038 164.11678737401962 8.1779819065704924 826.33685942878947
leaf_count=366 1484 2433 1250 32 6904 1439 6612 2219 104 1560 1304 804 129 4188
internal_value=-0.000225558 -0.000638543 0.000209458 -0.000234442 -0.000287358 0.000442109 0.000604922 -0.000440733 -0.000402599 -0.00103561 -0.000669181 -0.000671486 0.000674467 -0.00131797
internal_weight=5915.5 3049.89 2865.61 1528.34 1516.74 2125.41 1795.07 740.202 330.334 1521.55 683.178 623.209 116.992 838.372
internal_count=30828 16787 14041 9369 9337 9405 7862 4636 1543 7418 2864 3023 1613 4554
is_linear=0
shrinkage=0.01444


Tree=72
num_leaves=16
num_cat=0
split_feature=1 23 12 5 34 23 18 34 34 23 23 34 27 23 17
split_gain=4.65776 2.31804 2.5794 3.77318 1.75 1.56955 1.33805 1.77252 1.30873 0.96308 0.605823 0.932198 0.559011 0.54355 0.128271
threshold=0.092656862745098059 0.090909090909090898 0.039737489537009084 0.27294875176428185 0.031791022825298672 0.039654562214004686 0.047914366268189686 -0.010894677326784062 -0.010953178603129885 0.14285714285714288 0.027299749804793886 -0.047576253429433384 0.97291879549105864 0.025871614813489655 1.262937074674932
decision_type=2 10 10 8 8 8 10 10 8 10 10 8 10 8 10
left_child=6 4 3 -3 5 -2 10 8 -8 -4 12 -12 -1 -6 -9
right_child=1 2 9 -5 13 -7 7 14 -10 -11 11 -13 -14 -15 -16
leaf_value=-0.00047823536322163997 -0.0002502617688547598 0.0012398646490074205 0.00012266980689469123 -8.0434755209300243e-05 6.3389896887242953e-05 0.00017695755325725611 5.1632037042298234e-05 -0.0006625159111955034 0.00049189413913661661 0.00045121101350506276 9.7409351485128016e-06 -0.00033431314523876962 0.00072677925555796009 -0.00018984450540001738 0.0001702623982942368
leaf_weight=791.77563184080645 654.15518498793244 88.625009015202522 469.12449629837647 60.098406254313886 73.15418750885874 1348.0161650050431 127.03342698328197 94.524930916726589 30.850016104057431 113.30389811005443 339.64315906353295 1162.2028456614353 24.517870698589832 520.79197858879343 17.682474719360471
leaf_count=5033 3527 464 1813 366 494 6246 868 336 56 645 3263 5465 162 2042 48
internal_value=-0.000228975 0.000125073 0.000844395 0.00255419 -7.26076e-05 0.000126036 -0.000689104 0.000235552 0.00125914 0.00038332 -0.000802514 -0.000610655 -0.00113882 -0.000763741 -0.00108772
internal_weight=5915.5 3327.27 731.152 148.723 2596.12 2002.17 2588.23 270.091 157.883 582.428 2318.14 1501.85 816.294 593.946 112.207
internal_count=30828 15597 3288 830 12309 9773 15231 1308 924 2458 13923 8728 5195 2536 384
is_linear=0
shrinkage=0.01444


Tree=73
num_leaves=16
num_cat=0
split_feature=26 30 5 10 23 34 5 26 20 23 18 18 38 18 35
split_gain=5.0483 2.90495 3.42119 3.1129 2.88827 4.99863 2.48656 1.92667 1.31207 1.29117 3.87 1.10462 1.03652 0.99656 0.994483
threshold=0.46567929232646349 19.660000000000004 0.18094795830872787 0.23930422471986013 0.10008876646753971 0.033372308812263836 0.25350040203698748 0.37912662267949365 0.033959582592930117 0.02214612938630928 -0.026998531913717035 0.030576263404141216 4.5000000000000009 0.09306824128498116 5.1740005304378167
decision_type=10 8 10 10 10 8 8 10 10 10 8 10 2 10 2
left_child=4 2 11 -4 8 7 -7 -6 13 10 -3 -2 -11 -1 -10
right_child=1 9 3 -5 5 6 -8 -9 14 12 -12 -13 -14 -15 -16
leaf_value=-0.00045086317736648556 -6.8123738169099249e-05 3.3098941649301347e-05 1.0377740541606984e-06 0.00080768886556687066 -0.00052565954704093581 0.00097852668807898698 -0.0013956242593952479 0.0012681057913976402 -2.7510567960270641e-05 -0.00017989449806175384 -0.00049472413922848604 0.00016780381221873013 0.00023664160899687341 0.0030824127816520878 -0.00037979122198373639
leaf_weight=1478.5614704680629 564.95585819240659 15.34715388342738 278.72442184202373 578.99613410979509 100.41092951409519 19.141390694770962 5.5672548087313798 41.717047061771154 1400.9190515270457 582.3027862412855 43.685671918094158 197.99215453490615 225.33500143047422 10.803222142159937 371.04013338731602
leaf_count=7665 3099 150 2270 3266 489 240 68 198 6400 1810 516 824 2514 80 1239
internal_value=-0.000219511 0.000272111 0.000636016 0.00126212 -0.000580017 0.00124291 0.00717193 9.64721e-05 -0.00067748 -0.000393265 0.00160318 -5.11175e-05 -0.000556392 -0.000999397 -0.000399288
internal_weight=5915.5 2487.34 1620.67 857.721 3428.16 166.837 24.7086 142.128 3261.32 866.671 59.0328 762.948 807.638 1489.36 1771.96
internal_count=30828 14449 9459 5536 16379 995 308 687 15384 4990 666 3923 4324 7745 7639
is_linear=0
shrinkage=0.01444


Tree=74
num_leaves=13
num_cat=0
split_feature=22 35 27 19 17 18 10 35 34 28 18 8
split_gain=5.22338 3.13975 3.10687 1.84883 2.59572 1.4664 0.922281 1.02262 0.89497 1.3273 0.932272 0.0365443
threshold=0.040464921080120377 5.0701609893264674 1.0549368293682579 0.10953192748711404 1.7675048034254031 0.10842616639931758 0.22591713244301567 5.5372551486009192 -0.021907869337078775 0.019050000000000001 -0.058060756675740281 0.37213132490807016
decision_type=10 2 8 10 8 10 8 2 8 10 8 10
left_child=2 3 6 5 -5 -2 11 -8 9 -3 -10 -1
right_child=1 8 -4 4 -6 -7 7 -9 10 -11 -12 -13
leaf_value=-0.00056169693452256815 9.7472469251431777e-06 -0.00025510937149715113 1.6467417285502844e-05 0.00036560838807138553 0.0013431808760520621 0.001603082067362818 -0.0003482279474554586 2.9999523516796678e-05 0.00040924821107153348 0.00012572905027865869 -0.00031172188604762177 -0.00071724737599085462
leaf_weight=834.03125873813406 2299.5584924351424 264.92488860245794 8.9234494026750308 609.93486155802384 43.272340815514326 57.606759442016482 902.52025840827264 122.24192902329378 55.095196891576052 84.82697244733572 615.29555540857837 17.267718583345413
leaf_count=5140 11834 1774 32 2710 307 242 5648 606 148 502 1773 112
internal_value=-0.000233351 5.70711e-05 -0.000861113 0.000294659 0.00097647 9.99809e-05 -0.000908733 -0.000591969 -0.000630989 -5.35532e-07 -0.000940121 -0.00127404
internal_weight=5915.5 4030.52 1884.98 3010.37 653.207 2357.17 1876.06 1024.76 1020.14 349.752 670.391 851.299
internal_count=30828 19290 11538 15093 3017 12076 11506 6254 4197 2276 1921 5252
is_linear=0
shrinkage=0.01444


Tree=75
num_leaves=16
num_cat=0
split_feature=26 30 8 13 19 26 33 23 9 23 0 17 19 19 6
split_gain=4.72903 2.89864 3.0294 2.49253 1.86785 1.34007 1.19662 2.21803 0.996134 1.01335 0.565636 0.475257 0.349435 0.779922 0.143989
threshold=0.37593263087608786 20.165000000000003 0.24530131367329036 1.5176261945262952 0.049898267114776969 0.37912662267949365 0.011057711898717406 0.10008876646753971 0.60371201669732366 0.026341683945632913 0.94787500000000013 1.2017995962665993 0.029248812434927638 0.031343469878895212 4.4917222965238688
decision_type=10 8 10 10 10 10 10 10 10 10 2 10 8 8 10
left_child=4 2 5 -4 12 -2 7 -6 9 -3 -10 -8 14 -14 -1
right_child=1 8 3 -5 6 -7 11 -9 10 -11 -12 -13 13 -15 -16
leaf_value=-0.00049333591832247288 6.8223861486121179e-06 1.5208411736435102e-05 1.4784498734503965e-05 0.00069324202305238297 0.00018213177229765764 -0.00016671968402954933 -0.00020356267070020985 0.00041267860906451663 0.0013317246880626371 -0.00026989148070421577 -5.3252522057191508e-05 0.00012228890122094452 4.6990701778533813e-05 -0.00042593846768200022 0.00023917675749385498
leaf_weight=749.18998175207525 8.6959983985871059 120.04988163500093 752.31608243472874 821.99395992094651 140.28586807614192 768.33593918941915 543.64230051543564 30.737616664264351 26.846321195363998 857.46294128429145 18.197748273611069 234.39949836488813 104.64105893252417 725.146524728043 13.557960391044615
leaf_count=3680 30 1140 2887 3972 1075 6361 2118 327 150 3830 56 987 378 3791 46
internal_value=-0.000209764 0.000141391 0.000423494 0.000789871 -0.000680989 -0.000302006 -0.000157186 0.000911333 -0.000494379 -0.000601076 0.00151308 -0.000409356 -0.000984766 -0.000737158 -0.00123625
internal_weight=5915.5 3373.9 2351.34 1574.31 2541.6 777.032 949.065 171.023 1022.56 977.513 45.0441 778.042 1592.54 829.788 762.748
internal_count=30828 18426 13250 6859 12402 6391 4507 1402 5176 4970 206 3105 7895 4169 3726
is_linear=0
shrinkage=0.01444


Tree=76
num_leaves=15
num_cat=0
split_feature=20 35 13 26 27 33 20 34 35 23 4 34 34 35
split_gain=4.98987 2.51409 1.82279 1.80374 1.81164 1.89927 1.7798 1.23288 1.52196 0.769958 0.676281 0.464163 0.776091 0.51033
threshold=0.047798360384222811 4.9341140629585647 1.3832808150256357 0.38934220509884138 1.0549368293682579 0.023196518141403336 0.048691231086603344 -0.023889934171871571 5.200897444233985 0.13935834733737343 0.10976023457865493 -0.03517115764150313 -0.035524265829424855 2.3504206048856529
decision_type=10 2 8 10 10 8 10 8 2 10 10 10 10 2
left_child=3 2 10 11 5 -5 -4 8 -3 -9 -2 12 -1 -13
right_child=1 7 6 4 -6 -7 -8 9 -10 -11 -12 13 -14 -15
leaf_value=-0.00042522831757246132 -0.00010139013019986401 0.00020896342970909385 0.0047469476679350506 -0.00042537075053182842 1.6010018864338257e-05 1.1316670854881821e-05 0.00031883258719417437 -0.00019677253198458895 -0.00018227900681517262 0.00050962233609073407 0.00093072201415366146 0.00023572304926790236 4.6312156860639847e-05 -0.00047593036992779099
leaf_weight=532.11875204299577 495.82081422582269 61.392091640271246 24.334791054949164 589.87859113514423 11.600805968046187 717.96554911020212 1560.2950165458024 486.38962829438969 197.80842191167176 22.578235473483801 16.987848383374512 31.083520721644163 74.547706246376038 1092.6979090021923
leaf_count=5218 2172 451 120 2712 32 5548 8282 1470 1400 64 82 104 110 3063
internal_value=-0.000203682 0.000225633 0.000487535 -0.000611315 -0.000196306 -0.000257332 0.000731746 -0.000472281 0.00030081 -0.000891582 -0.000241574 -0.000920027 -0.000552114 -0.00110663
internal_weight=5915.5 2865.61 2097.44 3049.89 1319.44 1307.84 1584.63 768.168 259.201 508.968 512.809 1730.45 606.666 1123.78
internal_count=30828 14041 10656 16787 8292 8260 8402 3385 1851 1534 2254 8495 5328 3167
is_linear=0
shrinkage=0.01444


Tree=77
num_leaves=16
num_cat=0
split_feature=26 30 5 7 22 17 34 9 27 27 31 26 26 24 5
split_gain=4.67598 3.33662 2.94141 3.33024 2.07944 1.34773 1.56784 1.07544 1.27001 1.01083 0.888028 0.698532 0.374821 0.759037 0.31881
threshold=0.4306445085591542 19.660000000000004 0.17499127704117243 0.22308088611092605 0.046820090451900179 1.2017995962665993 0.018068593077999021 0.60371201669732366 1.0549368293682579 0.91021034876596907 -4.6599999999999984 0.60078569078821553 0.32297844984728219 11.500000000000002 -0.41889213858308794
decision_type=10 8 10 10 10 8 10 10 10 10 8 10 8 2 8
left_child=4 2 11 -4 12 10 -7 8 -3 -9 -6 -2 14 -14 -1
right_child=1 7 3 -5 5 6 -8 9 -10 -11 -12 -13 13 -15 -16
leaf_value=0.00014044785176188653 0.00011351719787210877 -0.00019393114003882629 -0.00014699572822690011 0.00065000159159484992 0.00024694858181325603 8.3030730052433338e-05 0.0014382802166380466 0.0013232694707504698 1.5778834469881202e-05 -4.9642164617420386e-05 -0.0002767895340527521 -0.00018761714659870632 -0.00044271211406692377 -6.1821970903924318e-05 -0.00047649172182578621
leaf_weight=15.899900637567042 467.84686844516546 877.5290361396037 254.37090026028454 809.40089625958353 38.311392018571496 402.19716515392065 35.898257460445166 15.29211315512657 37.538568079471588 27.389431297779083 916.67238360643387 362.69328621774912 431.19116520625539 280.30942943692207 942.95888838148676
leaf_count=62 1965 5222 2412 4034 249 1985 108 88 76 102 4020 2142 2992 407 4964
internal_value=-0.000204928 0.000212434 0.000566736 0.00107006 -0.000597733 -0.000174052 0.000473739 -0.000474595 -0.000590097 0.00167466 -0.000485026 -6.2467e-05 -0.000943073 -0.000646457 -0.00114902
internal_weight=5915.5 2852.06 1894.31 1063.77 3063.44 1393.08 438.095 957.749 915.068 42.6815 954.984 830.54 1670.36 711.501 958.859
internal_count=30828 16041 10553 6446 14787 6362 2093 5488 5298 190 4269 4107 8425 3399 5026
is_linear=0
shrinkage=0.01444


Tree=78
num_leaves=15
num_cat=0
split_feature=19 10 19 17 24 19 27 38 31 17 17 16 34 19
split_gain=4.54572 1.83173 1.64737 3.38825 2.13138 1.77552 1.5618 1.52016 1.18991 1.17803 0.943061 0.300758 0.564223 0.146022
threshold=0.058484928209462793 0.22591713244301567 0.11869966125559402 1.786382426471868 10.500000000000002 0.12540750565245237 1.0549368293682579 10.500000000000002 0.23000000000000045 1.0187224494119829 1.2017995962665993 0.88662326084845999 0.030886867815338007 0.051133849656949219
decision_type=10 8 10 10 2 10 8 2 8 10 10 10 10 10
left_child=1 11 8 5 -5 -4 7 -3 10 -10 -2 12 -1 -13
right_child=2 6 3 4 -6 -7 -8 -9 9 -11 -12 13 -14 -15
leaf_value=-0.00041939129569462701 2.0287169051883234e-05 -0.00016870835406589189 0.0018186195669494093 0.0002215659339653902 0.0013354271450660182 0.00011156108274305076 1.5550988374066657e-05 0.00040742929542538333 0.00013414430583219797 -0.00015029519438211698 0.00076420342906414085 -0.00047217742030268003 3.7515802266006648e-05 -0.00025571910973524927
leaf_weight=444.2128770025447 291.93330728448927 1869.8348666257225 87.850739729590714 9.742144060321154 13.533445715904234 518.86314583104104 13.543065452016888 164.94298943411559 764.24263516394421 788.24823281029239 145.10243970248848 723.40069446759298 11.734569519758223 68.314528956543654
leaf_count=3107 1990 9864 432 110 24 2289 57 918 3270 3152 1040 4028 92 455
internal_value=-0.000245168 -0.000602977 0.000200077 0.000843268 0.0062459 0.000608916 -0.000327764 -0.000366799 0 -0.000191159 0.000661291 -0.00104397 -0.000678367 -0.00123737
internal_weight=5915.5 3295.98 2619.52 629.989 23.2756 606.714 2048.32 2034.78 1989.53 1552.49 437.036 1247.66 455.947 791.715
internal_count=30828 18521 12307 2855 134 2721 10839 10782 9452 6422 3030 7682 3199 4483
is_linear=0
shrinkage=0.01444


Tree=79
num_leaves=15
num_cat=0
split_feature=22 0 30 22 26 5 23 21 21 30 16 33 5 19
split_gain=5.06755 2.31726 2.54049 1.91511 1.14708 1.0073 1.64054 0.946219 2.00064 0.748643 0.678084 0.541476 0.325057 0.0926309
threshold=0.046076921087807338 0.51485000000000014 19.815000000000001 0.048320494364813067 0.32297844984728219 0.21457367152508483 0.035056640984716399 0.017713051425618662 0.018074023456692376 23.605000000000004 0.96724062001529731 0.10400693110548599 -0.41889213858308794 0.062884632722798817
decision_type=10 2 10 10 8 10 10 10 10 10 8 10 8 8
left_child=4 5 3 -3 12 10 -7 11 -9 -4 -2 -6 -1 -14
right_child=1 2 9 -5 7 6 -8 8 -10 -11 -12 -13 13 -15
leaf_value=0.00014085593292453632 -0.00011858038097000383 0.0017989224178562595 -8.3430953094820642e-05 0.00039636447493410199 -0.00044835287987807324 0.0001802264505931369 -1.4396618060117531e-05 0.00088318681945225681 -5.9219120392015079e-05 6.4146806824793654e-05 -0.000275722139443269 2.6912939852451581e-05 -0.00047002305205241253 0.00011626773697934012
leaf_weight=15.899900637567042 488.31442811060697 36.149096380919218 312.8311589891091 1343.178020820953 509.06712776352651 38.17189970985055 569.13338370108977 23.158558633178473 791.25811502058059 229.34000419080257 581.31491974461824 54.849190605804324 912.35689806751907 10.476979380240662
leaf_count=62 2567 165 1008 5888 3484 242 3307 118 4838 1066 2717 468 4254 644
internal_value=-0.000239203 9.67265e-05 0.000441712 0.000773979 -0.000766452 -0.000290783 0.000162296 -0.000484482 -0.000150089 -0.000379409 -0.000560211 -0.000943601 -0.001166 -0.00120602
internal_weight=5915.5 3598.43 1921.5 1379.33 2317.07 1676.93 607.305 1378.33 814.417 542.171 1069.63 563.916 938.734 922.834
internal_count=30828 16960 8127 6053 13868 8833 3549 8908 4956 2074 5284 3952 4960 4898
is_linear=0
shrinkage=0.01444


Tree=80
num_leaves=16
num_cat=0
split_feature=20 35 13 10 34 34 18 34 18 35 28 35 28 22 10
split_gain=4.78987 2.27704 1.7304 1.70341 1.36791 1.35341 1.56879 1.06186 1.41158 1.17543 0.822979 0.694644 0.383616 0.693801 0.191281
threshold=0.047798360384222811 4.9341140629585647 1.5176261945262952 0.23637691387818935 0.026045200945584161 -0.018181590198530048 0.06352782867797814 -0.021907869337078775 -0.058060756675740281 5.200897444233985 0.035900000000000022 6.5444079719934471 0.034400000000000021 0.03549253524841034 0.096980343315134498
decision_type=10 2 8 8 10 10 10 8 8 2 8 2 8 10 10
left_child=3 2 10 12 -4 6 -5 9 -9 -3 -2 -7 14 -14 -1
right_child=1 7 4 5 -6 11 -8 8 -10 -11 -12 -13 13 -15 -16
leaf_value=-0.00070288686607230958 -8.655897871986376e-05 0.0001892255534786856 0.00053583667549437445 -4.67391100047539e-06 -2.5875516484113611e-05 -0.00030500337347066984 0.00065651179773465788 0.00053949592572323794 -0.00025181864331526278 -0.00015192371222056108 0.00016634032276514586 0.00049386423503490484 -0.00075225966563610691 8.156282138082428e-05 -0.00042378914799487134
leaf_weight=47.181271939538419 597.13915818277746 61.392091640271246 1088.7141080447473 686.69988594856113 243.33844206295907 1008.5782573316246 56.965323591139168 25.841532651335001 475.76377442060038 205.17097860760987 168.24676191946492 21.348635792732239 134.95909986365587 73.393465514294803 1020.7668942450546
leaf_count=346 2702 451 6612 5649 688 3092 471 94 1414 1426 654 54 676 451 6048
internal_value=-0.000242904 0.000177417 0.000427075 -0.000642079 0.00074266 -0.000341377 0.00011307 -0.000487045 -0.000883483 0.00021023 -0.000105209 -0.000682101 -0.00104936 -0.000381279 -0.00116718
internal_weight=5915.5 2865.61 2097.44 3049.89 1332.05 1773.59 743.665 768.168 501.605 266.563 765.386 1029.93 1276.3 208.353 1067.95
internal_count=30828 14041 10656 16787 7300 9266 6120 3385 1508 1877 3356 3146 7521 1127 6394
is_linear=0
shrinkage=0.01444


Tree=81
num_leaves=14
num_cat=0
split_feature=9 26 30 28 19 17 35 35 4 4 26 9 35
split_gain=4.328 3.00629 3.31751 2.30853 1.46677 1.34114 1.16833 0.661024 0.504769 0.29818 0.27714 0.440938 0.143578
threshold=0.19775677899704855 0.38934220509884138 19.660000000000004 0.066499999999999962 0.029248812434927638 1.1971226819323855 4.3020359723058617 2.3504206048856529 0.51101666362085918 0.47752285665783062 0.81144453888136214 0.18588624619202479 2.6379852627415272
decision_type=8 10 8 10 8 8 2 2 8 8 8 10 2
left_child=7 4 3 -3 9 -6 -4 8 -1 -2 12 -12 -9
right_child=1 2 6 -5 5 -7 -8 10 -10 -11 11 -13 -14
leaf_value=0.0002217170983542168 -0.00043695893666811811 9.648917421642158e-05 1.2234699300998347e-05 0.0010995836408291652 -0.00026883864703809062 4.4491109045513265e-05 -0.00036102027808936982 1.8646159263955747e-05 -0.00097423010965999417 0.00013910138695547632 -0.00066659965108782854 8.0385055656067032e-05 -0.000460320428025542
leaf_weight=6.9697158318012926 393.84003159683198 1701.8839508937672 471.95175086800009 254.78834654111415 1046.7792241219431 544.59998115315102 523.9840171483811 8.5474043353460711 6.7812759522348651 26.900009466335177 62.865895187482238 21.442890862934291 844.16518779704347
leaf_count=74 1804 8104 2696 1108 4271 2991 2630 86 42 196 600 212 6014
internal_value=-0.000219777 -4.60507e-05 0.000244339 0.000592425 -0.000478627 -0.000267405 -0.000426342 -0.00111262 0.00161647 -0.00124506 -0.00116757 -0.000176741 -0.00125001
internal_weight=5915.5 4964.73 2952.61 1956.67 2012.12 1591.38 995.936 950.772 13.751 420.74 937.021 84.3088 852.713
internal_count=30828 23800 14538 9212 9262 7262 5326 7028 116 2000 6912 812 6100
is_linear=0
shrinkage=0.01444


Tree=82
num_leaves=13
num_cat=0
split_feature=22 35 27 30 26 33 10 5 19 18 35 35
split_gain=4.54485 2.37439 1.89252 1.83853 2.9724 0.973781 0.958806 0.936264 0.831483 1.20244 0.803333 0.42158
threshold=0.046820090451900179 5.0701609893264674 1.0549368293682579 19.815000000000001 0.48248848793882509 0.053805233680929716 0.18514926208881577 0.071526498388410339 0.029248812434927638 0.046956008034970138 3.0645584372525447 5.5372551486009192
decision_type=10 2 8 10 10 10 8 10 8 8 2 2
left_child=2 3 8 4 -2 6 -3 -7 11 -10 -5 -1
right_child=1 5 -4 10 -6 7 -8 -9 9 -11 -12 -13
leaf_value=-0.00047360756696467933 1.4880615222228276e-05 4.4379433785835971e-06 2.0409130014661862e-05 0.00029212245450150129 0.00065543539164495529 0.0016390021374624627 -0.00030957600733437073 -1.9871601959748463e-05 -0.00032085424856219738 5.3776903670100353e-05 -0.00016083989227542563 -0.00012887181137948353
leaf_weight=922.40069700265303 1128.1838679397479 67.256553463637829 13.443226948380468 165.13789877016097 873.46871718298644 11.376026540994642 558.67199333244935 260.30759779643267 1055.4164359504357 205.26899120677263 480.86867611296475 173.69899950874969
leaf_count=5433 5467 331 50 746 4888 46 1762 1480 5794 2131 2010 690
internal_value=-0.000237162 8.68225e-05 -0.000727191 0.000307587 0.000526366 -0.000549571 -0.000865812 0.000131206 -0.000763219 -0.00049029 -0.000349924 -0.00106478
internal_weight=5915.5 3545.27 2370.23 2647.66 2001.65 897.612 625.929 271.684 2356.79 1260.69 646.007 1096.1
internal_count=30828 16730 14098 13111 10355 3619 2093 1526 14048 7925 2756 6123
is_linear=0
shrinkage=0.01444


Tree=83
num_leaves=14
num_cat=0
split_feature=9 19 17 16 21 21 17 18 22 33 8 22 35
split_gain=4.38697 2.16151 3.48843 1.93425 1.74841 1.56861 1.55751 1.13297 1.03031 1.06905 1.67471 0.555735 0.439126
threshold=0.21702649579355365 0.11869966125559402 1.786382426471868 1.22106506255299 0.15281661030690466 0.078585436202283629 1.2017995962665993 0.10842616639931758 0.040464921080120377 0.10022762464770875 0.19687565509288427 0.040725196372990213 2.3504206048856529
decision_type=8 10 10 10 10 8 10 8 10 10 10 10 2
left_child=8 3 5 6 -4 -3 -2 -5 12 11 -11 -10 -1
right_child=1 2 4 7 -6 -7 -8 -9 9 10 -12 -13 -14
leaf_value=0.00022535439234797522 -8.3163212163195978e-05 0.00054708290008185687 0.00046975646932558295 -0.00016104809744680549 0.0012918248541693724 1.4665739396756107e-05 0.0001473137169797014 0.0028408711344632153 5.1218699724924415e-05 -0.00014712854806479234 0.00077547552572594159 -0.00029128658265427051 -0.00041511259585790808
leaf_weight=11.327606767415999 2515.2875738725998 195.83346064388752 12.589319119229913 547.47245359420776 10.664623307064176 404.31618320196867 839.76944475155324 14.06734407879412 7.2007771879434577 81.221491243690252 47.386620841920376 343.86813677381724 884.49464637227356
leaf_count=102 12406 796 100 2118 26 1713 4160 62 28 678 280 2909 5450
internal_value=-0.00022741 -8.01332e-06 0.000778241 -0.000136596 0.00625289 0.000538728 -1.34113e-06 -0.000920618 -0.000941744 -0.000361581 0.000710251 -0.000791961 -0.00123738
internal_weight=5915.5 4540 623.404 3916.6 23.2539 600.15 3355.06 561.54 1375.5 479.677 128.608 351.069 895.822
internal_count=30828 21381 2635 18746 126 2509 16566 2180 9447 3895 958 2937 5552
is_linear=0
shrinkage=0.01444


Tree=84
num_leaves=16
num_cat=0
split_feature=26 30 8 5 20 8 7 16 18 21 18 5 17 17 16
split_gain=3.99115 2.32466 3.42826 3.58673 1.80195 1.32898 1.3602 1.01911 1.08302 0.850321 0.575096 1.67925 0.511962 0.455434 0.433347
threshold=0.38934220509884138 19.660000000000004 0.22871272789544542 0.17769537269986041 0.051162442334214166 0.24838083845898104 0.22421656694051181 0.63527525466548462 -0.023951880168686931 0.040476171079145994 0.046956008034970138 0.12959174513538188 1.1971226819323855 0.69437572633929967 0.77226928789522475
decision_type=10 8 10 10 10 10 8 8 10 8 8 10 10 10 10
left_child=4 2 14 -4 10 6 -6 13 -9 -7 12 -12 -1 -3 -2
right_child=1 7 3 -5 5 9 -8 8 -10 -11 11 -13 -14 -15 -16
leaf_value=-0.00044448224407848161 0.00016343788282095753 0.0015829947648989149 -2.3622890609147416e-05 0.00061944227156803032 -0.00025919815074325185 8.5176020608327611e-05 0.00039194159557980816 1.2964198312268693e-05 -0.00034200669800010412 -0.0003234948958171922 5.4201241454575936e-05 -0.00054286436405238069 -0.00015502580580415521 2.6280631029295273e-05 -0.00028033510035768136
leaf_weight=1119.044506397564 67.781462656334043 10.51093512773514 768.64744891086593 904.55450165458024 129.88772830367088 196.53775440063328 131.88877400942147 367.82123125041835 643.76939318981022 412.12224545702338 112.65302166808397 184.65846601943485 385.6707130279392 20.18098022416234 459.7705194586888
leaf_count=5148 648 70 2839 4286 1001 696 799 2134 3644 1635 736 1230 1733 134 4095
internal_value=-0.000229356 0.000107683 0.000376963 0.000700651 -0.000643189 -8.67886e-05 0.000753707 -0.000448239 -0.000537611 -0.000470121 -0.000904576 -0.000261868 -0.00102273 0.00203563 -0.000624525
internal_weight=5915.5 3243.04 2200.75 1673.2 2672.46 870.437 261.777 1042.28 1011.59 608.66 1802.03 297.311 1504.72 30.6919 527.552
internal_count=30828 17850 11868 7125 12978 4131 1800 5982 5778 2331 8847 1966 6881 204 4743
is_linear=0
shrinkage=0.01444


Tree=85
num_leaves=13
num_cat=0
split_feature=22 0 30 22 27 38 28 31 9 9 16 22
split_gain=4.42122 2.19098 2.41724 2.03347 1.91605 1.4676 0.943792 1.06479 0.817546 1.02321 0.741661 0.685271
threshold=0.046820090451900179 0.47217500000000007 19.815000000000001 0.048320494364813067 1.0549368293682579 4.5000000000000009 0.070450000000000026 0.51000000000000167 0.21897364567748431 0.22272947170069415 0.88220325798412158 0.040464921080120377
decision_type=10 2 10 10 8 2 10 8 8 8 10 10
left_child=4 6 3 -3 8 -4 7 -2 11 -10 -8 -1
right_child=1 2 5 -5 -6 -7 10 -9 9 -11 -12 -13
leaf_value=-0.00039800872971822371 6.6357097909013625e-06 0.0018290216315750346 -0.00011521284871627053 0.00032520962336361493 2.1128095072873861e-05 0.00059779652174066645 -0.00060970240380461165 -0.0002460962542724506 0.00015567567377628919 -0.00032731823008329324 0.0012073933303697972 -2.6416203188987507e-06
leaf_weight=917.03832001797855 437.7697716774419 26.260185377672315 443.11340729892254 1572.6533699207939 13.443226948380468 169.27996366098523 16.637312181293964 844.63699998147786 43.576960780657828 1276.7331876079552 34.920321040786803 119.43665526201949
leaf_count=5644 2581 139 1000 6936 50 1366 102 4424 244 7325 182 835
internal_value=-0.000272786 4.65431e-05 0.00032863 0.0006274 -0.000755844 -0.00042994 -0.000411204 -0.000496065 -0.000792035 -0.000533796 0.00143111 -0.00110791
internal_weight=5915.5 3545.27 2211.31 1598.91 2370.23 612.393 1333.96 1282.41 2356.79 1320.31 51.5576 1036.47
internal_count=30828 16730 9441 7075 14098 2366 7289 7005 14048 7569 284 6479
is_linear=0
shrinkage=0.01444


Tree=86
num_leaves=15
num_cat=0
split_feature=23 9 26 33 17 23 23 16 16 35 21 26 28 24
split_gain=4.04891 2.71232 1.91229 1.88985 1.42175 1.87513 1.67313 1.32612 1.81375 0.660282 0.611891 0.217972 0.199715 0.0309505
threshold=0.090909090909090898 0.19775677899704855 0.38934220509884138 0.023196518141403336 1.786382426471868 0.12122490114518887 0.10502784379624967 1.2269171740558213 1.1233729839897175 2.3504206048856529 0.017713051425618662 0.90118864064631643 -0.037600000000000015 8.5000000000000018
decision_type=10 8 10 10 8 10 10 10 10 2 10 8 10 2
left_child=1 9 10 -4 7 6 -6 8 -2 -1 -3 -11 -7 -9
right_child=4 2 3 -5 5 12 -8 13 -10 11 -12 -13 -14 -15
leaf_value=0.00023426583387021666 0.00027677100893751065 -0.00036225707555995678 -0.0001075920507230499 0.00012013100795290391 0.00041352075705453062 0.00019215919702378511 0.0010563625469309354 -3.7507513922724952e-05 0.0005894842098788125 -0.00042485073781938989 -0.00017688616270734539 -0.00040901831609737894 -0.0002364066256026185 -0.00011354917718097499
leaf_weight=13.703362252563236 551.95064881071448 427.93489741138183 1233.9818577335682 1118.9527441384271 15.821804661303757 7.1284722164273289 19.403133729472756 12.146672895643858 82.381653871387243 853.7156693530269 1414.8946495270357 71.041450602002442 19.979140867479146 72.463523685932159
leaf_count=98 2569 2640 5258 6718 84 72 94 392 262 6064 5775 542 130 130
internal_value=-0.000252059 -0.00040107 -0.000240035 2.75091e-05 0.000710029 0.00283931 0.00500962 0.000505172 0.000744398 -0.00110653 -0.000588644 -0.00116213 0 -0.00112777
internal_weight=5915.5 5134.22 4195.76 2352.93 781.275 62.3326 35.2249 718.942 634.332 938.46 1842.83 924.757 27.1076 84.6102
internal_count=30828 27095 20391 11976 3733 380 178 3353 2831 6704 8415 6606 202 522
is_linear=0
shrinkage=0.01444


Tree=87
num_leaves=16
num_cat=0
split_feature=22 20 17 21 12 19 18 27 18 38 18 9 35 27 21
split_gain=4.00883 1.46871 1.6046 4.18553 1.62679 1.42258 1.65153 1.98235 1.42064 1.1876 1.19416 1.00147 0.323673 0.419806 0.264572
threshold=0.063617175433456005 0.10423571348233222 1.786382426471868 0.095698871439527947 0.041326605800258868 0.026087705778023083 -0.024341235611318675 1.0549368293682579 0.046956008034970138 3.5000000000000004 0.026174980922605954 0.25918978954358551 2.3504206048856529 0.38816595934957565 0.0095486142088705202
decision_type=10 10 8 10 10 8 10 10 10 2 8 8 2 8 10
left_child=5 9 4 -4 -3 12 7 -7 -8 10 -2 -11 13 -1 -14
right_child=1 2 3 -5 -6 6 8 -9 -10 11 -12 -13 14 -15 -16
leaf_value=-5.2385491126328978e-05 -0.00012975358362650883 0.00075784096785837978 4.4872238357770567e-05 0.0012221533500241149 7.1373088133326127e-05 1.2657141717012607e-05 -0.00027620102964966549 2.2376633091393905e-05 1.4439499226321337e-05 -0.000134916962658353 0.00012978783271446921 0.00046491430914650053 -0.00038486710335534761 0.00023088303929613279 -0.00049171610648745254
leaf_weight=9.1513106981292349 521.30936740152538 136.32026478927583 33.34247107617557 16.998825439251959 527.96652494790033 648.73746362328529 1703.0464920308441 9.6879215836524946 324.08280315482989 203.75141198234633 263.51825267076492 575.37512135040015 247.74102860502899 4.5185525994747868 689.9518698034808
leaf_count=116 1440 763 200 116 2268 4394 9007 24 1633 1618 708 3388 1682 56 3415
internal_value=-0.000257393 0.00021335 0.000756127 0.00328059 0.000542542 -0.000555906 -0.000378084 0.000236056 -0.000584027 -2.6478e-05 -0.000430517 0.000363744 -0.00104361 0.000620107 -0.00108217
internal_weight=5915.5 2278.58 714.628 50.3413 664.287 3636.92 2685.55 658.425 2027.13 1563.95 784.828 779.127 951.363 13.6699 937.693
internal_count=30828 10501 3347 316 3031 20327 15058 4418 10640 7154 2148 5006 5269 172 5097
is_linear=0
shrinkage=0.01444


Tree=88
num_leaves=15
num_cat=0
split_feature=20 9 16 17 12 31 32 26 32 36 16 26 35 20
split_gain=3.77076 2.36033 1.67782 1.95915 1.90731 1.80108 1.60165 1.46375 0.753889 0.730209 0.596505 0.447352 0.660719 0.24629
threshold=0.10423571348233222 0.2135128107132547 0.91837834830909526 1.786382426471868 0.041326605800258868 2.6199999999999997 0.81200527704485503 0.38934220509884138 0.57255936675461749 1.0000000180025095e-35 0.78024379809176925 0.43239806561385569 2.5580019048610416 0.059253533014546202
decision_type=10 8 8 10 10 10 10 10 8 2 10 8 2 10
left_child=1 11 8 4 -4 -5 7 -3 -2 -8 -10 13 -13 -1
right_child=2 6 3 5 -6 -7 9 -9 10 -11 -12 12 -14 -15
leaf_value=-0.00040126809251557878 -0.00039995629836901702 -0.00012243107206514893 0.00075827908753255612 0.00040369198969125405 0.0001300673029578933 0.0012045054768671157 -0.00047239941528538239 7.4115507470825498e-05 0.001208197251799954 -3.0233366081844373e-05 -9.3291015011504286e-05 0.00022754909221697102 -0.00026557517709153197 -6.8090532652461325e-06
leaf_weight=791.94224260142073 88.5420948183164 1323.5677929965314 116.57635173387825 12.312882781960072 306.83736452972516 16.60858166217804 581.65516923367977 1529.0552164854016 82.06076779961586 484.91622854676098 97.664352937601507 9.5951234274543804 410.4900604239665 63.675451777875423
leaf_count=4024 542 6365 597 86 1214 52 2736 7289 466 2366 408 58 4101 524
internal_value=-0.000234537 -0.000372012 0.000737901 0.00127692 0.000986024 0.00499256 -0.000192102 -8.90442e-06 -0.000123021 -0.00066955 0.000359062 -0.000914145 -0.000470641 -0.00111616
internal_weight=5915.5 5194.9 720.602 452.335 423.414 28.9215 3919.19 2852.62 268.267 1066.57 179.725 1275.7 420.085 855.618
internal_count=30828 27463 3365 1949 1811 138 18756 13654 1416 5102 874 8707 4159 4548
is_linear=0
shrinkage=0.01444


Tree=89
num_leaves=13
num_cat=0
split_feature=22 35 27 17 27 23 32 23 32 22 23 7
split_gain=3.77436 2.26549 1.85061 1.62596 1.87148 1.40832 1.94875 1.45366 1.3666 0.725187 0.668079 0.270551
threshold=0.046820090451900179 4.8421770188837145 1.0549368293682579 1.7007213609953944 0.33202560584536178 0.13935834733737343 0.61675461741424809 0.035056640984716399 0.82189973614775735 0.030651647619559481 0.02834458516601979 0.24565200207087765
decision_type=10 2 8 8 8 10 10 10 10 8 8 8
left_child=2 3 9 8 -5 7 -7 -3 -2 11 -11 -1
right_child=1 5 -4 4 -6 6 -8 -9 -10 10 -12 -13
leaf_value=-0.00046557797592981174 0.00018831152016086488 4.4924795424018988e-05 2.2490084179378339e-05 0.0010060677787603804 -0.0002038771697698478 -0.0012269463787046933 0.00050186365293444009 -0.00018311403347159847 -5.1929877233207492e-05 1.2648176369565382e-06 -0.00016233124410233089 -0.0002356205570590815
leaf_weight=723.87124146381393 1626.5657409750856 47.751826573163271 13.443226948380468 141.55880386289209 68.019022471271455 18.311447350308299 20.92286485247314 1041.4236383000389 580.71798675414175 341.71078092325479 951.00727715296671 340.19582412857562
leaf_count=4301 8370 208 50 870 413 102 80 4231 2456 1746 6187 1814
internal_value=-0.000229311 6.55803e-05 -0.000675828 0.000318209 0.00154127 -0.000463801 0.00213729 -0.000570554 0.000195793 -0.000711563 -0.00046219 -0.00100183
internal_weight=5915.5 3545.27 2370.23 2416.86 209.578 1128.41 39.2343 1089.18 2207.28 2356.79 1292.72 1064.07
internal_count=30828 16730 14098 12109 1283 4621 182 4439 10826 14048 7933 6115
is_linear=0
shrinkage=0.01444


Tree=90
num_leaves=16
num_cat=0
split_feature=26 30 8 5 17 19 27 18 9 27 20 18 30 27 26
split_gain=3.61989 2.61061 2.55384 2.54889 1.98027 1.90573 1.6021 1.01349 1.8483 1.55916 0.929536 0.744741 0.675713 0.514577 0.482689
threshold=0.4306445085591542 19.660000000000004 0.22871272789544542 0.18094795830872787 1.1971226819323855 0.029248812434927638 0.92273324644588539 -0.023951880168686931 0.60371201669732366 1.0549368293682579 0.051162442334214166 0.046956008034970138 16.305000000000003 0.24046973057511231 0.37433114489419766
decision_type=10 8 10 10 8 10 10 8 10 10 8 10 10 10 10
left_child=4 2 13 -4 10 14 -7 9 -9 -3 11 -1 -12 -2 -6
right_child=1 7 3 -5 5 6 -8 8 -10 -11 12 -13 -14 -15 -16
leaf_value=-0.00044011766511765861 7.9249665352191196e-06 -4.3377576694238221e-06 4.0454455842522985e-05 0.00065140712289677252 -0.00053326852356917114 6.0470302567271512e-05 0.00073064798333933808 -0.00032906435879556076 0.0012818145910100248 0.0010425601254948022 0.00015579122580512231 -1.6709551114382776e-06 -0.00026611341051366462 -0.00041043600345273481 2.4015499932842174e-06
leaf_weight=1273.3735811566003 215.01043841103092 222.71714798733592 694.84587485855445 767.43060448206961 221.69813517271541 674.06493511423469 18.529831444844604 682.25602354994044 28.885700225830078 23.890276908874512 138.91666412260383 149.97188888303936 556.31135811377317 217.02503343112767 30.572187893791124
leaf_count=5738 1902 1292 2639 3792 1788 2989 56 3998 146 52 1225 677 2046 2220 268
internal_value=-0.000219992 0.00014657 0.000460644 0.00075238 -0.000565498 -1.72371e-06 0.000375757 -0.000460877 -0.000742869 0.000299183 -0.000810692 -0.0010271 -0.000348357 -0.000496208 -0.0010884
internal_weight=5915.5 2852.06 1894.31 1462.28 3063.44 944.865 692.595 957.749 711.142 246.607 2118.57 1423.35 695.228 432.035 252.27
internal_count=30828 16041 10553 6431 14787 5101 3045 5488 4144 1344 9686 6415 3271 4122 2056
is_linear=0
shrinkage=0.01444


Tree=91
num_leaves=16
num_cat=0
split_feature=20 35 18 20 22 1 35 12 11 18 36 22 31 16 22
split_gain=4.07056 1.87622 1.71574 1.63642 2.23867 1.54722 2.21751 0.846346 1.61379 0.796791 0.766341 0.801789 0.50969 0.464789 0.0769777
threshold=0.047798360384222811 4.9057561433596852 0.046956008034970138 0.021252585565798208 0.031842508114372801 0.089629120879120908 4.7751238865433008 0.048423565870157441 0.43250803428118195 -0.023951880168686931 1.0000000180025095e-35 0.028251674098048966 2.5250000000000017 0.59406596344349138 0.058724931507075355
decision_type=10 2 8 10 8 2 2 8 10 8 2 8 8 10 8
left_child=2 5 10 14 -5 12 -7 8 -3 -9 13 -12 -2 -1 -4
right_child=1 7 3 4 -6 6 -8 9 -10 -11 11 -13 -14 -15 -16
leaf_value=0.00032220135101162714 -3.4718649480457739e-07 -8.5860989451909953e-05 -0.00055390694339404361 9.4120847524338308e-05 2.7506298668512587e-05 0.00028566225301601987 0.00077254614511161591 5.1811082401602383e-05 0.0007291860764978927 -0.00033981621624792365 -0.00038691173376865595 -7.0187436442760767e-05 -0.00051848168684974136 -0.00041290117065327132 0.00034585289595643774
leaf_weight=15.52540163323283 246.52369638066739 281.2256916644983 132.64560301788151 67.562150919809937 326.40374109195545 1600.8185101221316 81.210146090947092 120.05091443937272 10.649710223078726 382.17289612069726 351.6640331633389 900.30464715091512 142.95528248837218 1248.6990164141171 7.0882408353500059
leaf_count=92 1875 1699 557 318 1440 7453 330 398 28 1380 2134 4368 878 6798 1080
internal_value=-0.000284103 0.00010274 -0.000651815 6.94829e-05 0.000568707 0.000335256 0.000528827 -0.000487142 9.15591e-05 -0.000849229 -0.000809989 -0.000534939 -0.000466714 -0.00107167 -0.00124139
internal_weight=5915.5 2865.61 3049.89 533.7 393.966 2071.51 1682.03 794.099 291.875 502.224 2516.19 1251.97 389.479 1264.22 139.734
internal_count=30828 14041 16787 3395 1758 10536 7783 3505 1727 1778 13392 6502 2753 6890 1637
is_linear=0
shrinkage=0.01444


Tree=92
num_leaves=16
num_cat=0
split_feature=20 35 14 35 10 16 33 24 23 30 11 26 23 24 16
split_gain=3.90784 1.79701 1.3153 1.57912 1.10542 1.46894 1.07555 0.891853 0.916958 0.846223 0.65143 0.571499 0.519459 0.372291 0.0465838
threshold=0.047798360384222811 4.9057561433596852 1.4582417165691399 4.7751238865433008 0.23637691387818935 1.1288034785742427 0.011877451648398598 10.500000000000002 0.036140810131956198 17.860000000000003 0.23094480858980357 0.41553966586689112 0.046978165267125956 7.5000000000000009 1.2145532133127268
decision_type=10 2 8 2 8 10 8 2 10 10 10 8 10 2 10
left_child=4 2 10 -4 11 6 -6 8 -3 -9 -2 14 -13 -7 -1
right_child=1 7 3 -5 5 13 -8 9 -10 -11 -12 12 -14 -15 -16
leaf_value=-0.00038875370468460443 0.00033841045430432266 0.0010762796254013048 0.00030403785830844228 0.0006237443748004709 -0.00053101363310327759 2.7655107914901148e-06 3.3928415982298776e-05 -0.00031026580057723401 -3.0290326416155508e-05 -2.4148386342759176e-05 -0.00010399609079473214 -0.00031494120112972914 6.7185277219559701e-05 -0.00020321264071091212 -0.00036237011445179964
leaf_weight=801.01757400296628 67.200155856087804 19.339815318584442 1381.7305687167682 92.712669138330966 286.02546891570091 38.121236488223076 870.64959639543667 307.86900252103806 284.11920783901587 182.77118676900864 529.86424137093127 378.77777131367475 49.939504401758313 578.7958008646965 46.565881844144315
leaf_count=3486 517 90 7145 370 1296 1184 5166 538 2578 299 2504 3141 344 1620 550
internal_value=-0.000280151 9.87903e-05 0.000326439 0.000560567 -0.00064044 -0.000394441 -7.84116e-05 -0.000478398 9.89609e-05 -0.000861851 -0.000229817 -0.000971715 -0.000487496 -0.000965167 -0.00120072
internal_weight=5915.5 2865.61 2071.51 1474.44 3049.89 1773.59 1156.68 794.099 303.459 490.64 597.064 1276.3 428.717 616.917 847.583
internal_count=30828 14041 10536 7515 16787 9266 6462 3505 2668 837 3021 7521 3485 2804 4036
is_linear=0
shrinkage=0.01444


Tree=93
num_leaves=13
num_cat=0
split_feature=22 35 27 32 8 23 5 38 5 9 9 35
split_gain=3.75612 1.99743 1.88334 1.79948 2.3908 1.61678 2.03384 1.17115 0.924305 0.560697 1.02213 0.696738
threshold=0.046820090451900179 5.0701609893264674 1.0549368293682579 0.82189973614775735 0.43568107629434277 0.035056640984716399 0.22317576918343021 4.5000000000000009 0.080028556370677767 0.21897364567748431 0.22272947170069415 2.6379852627415272
decision_type=10 2 8 10 8 10 10 2 10 8 8 2
left_child=2 3 9 4 -2 6 -3 -5 -7 11 -11 -1
right_child=1 5 -4 7 -6 8 -8 -9 -10 10 -12 -13
leaf_value=0.00021352248646475412 8.8817557046281864e-05 -0.00045465749370255201 1.5792110648640092e-05 -0.00012498122459230233 0.00056620907133766367 0.00042679158193987285 0.0010607381662954001 0.0002468545751003235 -0.00025615474767425988 0.00017151335632876108 -0.00030578556780330778 -0.00032496101723274797
leaf_weight=29.436736743431538 1591.1521509839222 18.626471668481827 13.443226948380468 447.04894922673702 410.50043413881212 51.638385865837336 20.932362612336874 198.9576256563887 806.41495098685846 43.576960780657828 1276.7331876079552 1007.0382385365665
leaf_count=194 8722 76 50 1078 1633 160 88 1678 3295 244 7325 6285
internal_value=-0.000270853 2.31122e-05 -0.000715977 0.000226221 0.00044329 -0.000561185 0.00219562 -0.000425924 -0.000704869 -0.000751941 -0.000532757 -0.00101809
internal_weight=5915.5 3545.27 2370.23 2647.66 2001.65 897.612 39.5588 646.007 858.053 2356.79 1320.31 1036.47
internal_count=30828 16730 14098 13111 10355 3619 164 2756 3455 14048 7569 6479
is_linear=0
shrinkage=0.01444


Tree=94
num_leaves=15
num_cat=0
split_feature=1 23 12 5 16 17 16 35 9 15 12 35 35 19
split_gain=3.57257 1.72739 2.54343 3.39069 1.52249 1.71561 1.14939 0.99888 0.90262 0.707718 0.854164 0.461805 0.307033 0.198793
threshold=0.092656862745098059 0.090909090909090898 0.039737489537009084 0.27294875176428185 0.96724062001529731 0.88392986167333965 1.1233729839897175 4.8421770188837145 0.19775677899704855 1.1014962079915429 0.032392873083715114 2.6379852627415272 6.4576618662867533 0.0088578494548245141
decision_type=2 10 10 8 8 10 10 2 8 8 8 2 2 8
left_child=8 4 3 -3 5 -2 -4 -6 11 12 -11 -1 -10 -13
right_child=1 2 6 -5 7 -7 -8 -9 9 10 -12 13 -14 -15
leaf_value=4.7418709272617193e-05 -0.00014391836972262376 0.001167971293581815 -4.2524296916743513e-05 -0.00016245625240580741 -1.0985653180584067e-05 0.0003322412892373662 0.00048530450687421322 -0.00038436838728974455 -0.00048004807463604307 -0.00031026755343622824 -9.6388918615261169e-06 4.3789231766999781e-05 0.00049306659604262965 -0.00042216599844697739
leaf_weight=18.92575386306271 374.31891644187272 88.625009015202522 415.1405383804813 60.098406254313886 1170.3550645606592 667.66495321877301 167.2878560279496 383.77858186932281 346.20550314057618 358.23132065683603 1008.3423276687972 26.492558813653886 14.088432036340235 815.9444598085247
leaf_count=104 1957 464 1764 366 5420 3631 694 1301 1734 2187 5270 330 56 5550
internal_value=-0.000259376 4.99675e-05 0.000672429 0.00236352 -0.000120403 0.000299356 0.000216309 -0.000410262 -0.000662031 -0.000457733 -0.000293889 -0.00105586 -0.00104149 -0.00111339
internal_weight=5915.5 3327.27 731.152 148.723 2596.12 1041.98 582.428 1554.13 2588.23 1726.87 1366.57 861.363 360.294 842.437
internal_count=30828 15597 3288 830 12309 5588 2458 6721 15231 9247 7457 5984 1790 5880
is_linear=0
shrinkage=0.01444


Tree=95
num_leaves=15
num_cat=0
split_feature=9 13 30 8 18 18 5 34 22 34 9 22 33 1
split_gain=3.4171 2.33547 1.4931 1.63223 1.20374 0.876344 1.09924 1.10751 0.987973 0.785883 0.922327 0.825292 0.782806 0.152381
threshold=0.25089106016211965 1.5417657792267809 19.815000000000001 0.43568107629434277 -0.023951880168686931 0.046956008034970138 0.30329899735334381 -0.009898753371317735 0.030351165375793059 -0.017208112948451145 0.25542180545990661 0.11675065950395616 0.087626634249511795 0.026129227053140098
decision_type=8 10 10 10 10 10 10 10 10 10 8 10 10 2
left_child=5 9 3 -3 -4 8 7 -7 13 10 -2 -11 -10 -1
right_child=1 2 4 -5 -6 6 -8 -9 12 11 -12 -13 -14 -15
leaf_value=4.3156916020492889e-05 9.2298758979296596e-05 0.00020849683215285191 0.00058181990110406758 0.0011339639585392722 -0.00058810600985445191 8.2561953824183059e-05 -0.00072440928042406404 -0.00057769116128387923 -0.0002515717842665829 -0.00015001540149003673 -1.1882516076451361e-06 8.8193846618621157e-05 -7.958888996574271e-06 -0.00039398313721778638
leaf_weight=9.4111459236592037 21.782006680965424 1064.3645253684372 120.49403672385961 168.76705117709935 265.06545842438936 77.213322184514254 61.111045554280281 31.3724215477705 856.20365076232702 1111.9158335067332 873.20432703429833 99.663370003923774 467.3392353001982 687.59225156391039
leaf_count=42 102 5681 470 608 1052 493 278 90 5186 3609 5497 278 3232 4210
internal_value=-0.000249182 1.35122e-05 0.000429236 0.000677968 -0.00033221 -0.000701848 0.000236513 0.00116945 -0.000787178 -0.000299747 1.06242e-05 -0.000539716 -0.000537341 -0.00124202
internal_weight=5915.5 3725.26 1618.69 1233.13 385.559 2190.24 169.697 108.586 2020.55 2106.57 894.986 1211.58 1323.54 697.003
internal_count=30828 17297 7811 6289 1522 13531 861 583 12670 9486 5599 3887 8418 4252
is_linear=0
shrinkage=0.01444


Tree=96
num_leaves=16
num_cat=0
split_feature=26 27 11 34 23 10 24 19 26 35 11 23 26 35 17
split_gain=3.44941 2.04922 2.57469 2.6751 1.89714 4.34609 2.18847 1.39144 1.02348 0.986722 0.962566 2.22743 0.868204 0.318031 0.143683
threshold=0.46567929232646349 0.41648914631104411 0.31714905994909015 0.032758122151732467 0.10008876646753971 0.21754225402977143 10.500000000000002 0.029248812434927638 0.47540929341391985 5.3816699155506251 0.30823104073638552 0.017682828359345096 0.37593263087608786 2.3504206048856529 1.4842884155315736
decision_type=10 8 10 10 10 10 2 8 10 2 10 8 8 2 10
left_child=4 2 8 -4 7 6 -6 13 -2 -9 14 -12 -7 -1 -3
right_child=1 10 3 -5 5 12 -8 9 -10 -11 11 -13 -14 -15 -16
leaf_value=0.00021423055030566254 6.3961846510188531e-05 -0.00032198236696277658 0.00065509844705864608 -7.9259396465340885e-05 0.00099237362184394088 -0.00091937135770363222 0.0012027503999722969 -6.9288397725549521e-05 -3.8277554610148761e-05 -0.00028805136034990844 0.00011716380355361714 -3.4663363636786572e-05 0.00033192569890245631 -0.00041742633396565096 -5.4164148021558774e-05
leaf_weight=15.228120714426039 49.911675094859675 203.71278070611879 540.73616595752537 86.854053989052773 9.0731042628176528 83.85264800209552 19.880505800247192 1942.8905012335163 820.76472783857025 373.69008311606012 20.578076737001538 740.54480645991862 54.030364014208317 929.51517246058211 24.236895369365811
leaf_count=176 228 1488 2322 254 228 472 36 9501 6226 1308 136 3613 259 4399 182
internal_value=-0.000260565 0.000144614 0.000485036 0.00118993 -0.00055834 0.000909485 0.00594773 -0.000637584 -8.4633e-06 -0.000437531 -0.000357819 -9.21762e-05 -7.35689e-05 -0.00111374 -0.00118513
internal_weight=5915.5 2487.34 1498.27 627.59 3428.16 166.837 28.9536 3261.32 870.676 2316.58 989.073 761.123 137.883 944.743 227.95
internal_count=30828 14449 9030 2576 16379 995 264 15384 6454 10809 5419 3749 731 4575 1670
is_linear=0
shrinkage=0.01444


Tree=97
num_leaves=16
num_cat=0
split_feature=1 20 17 15 34 16 26 18 34 27 28 36 20 26 5
split_gain=3.37789 1.61605 1.24752 1.24187 1.06552 1.02805 0.962629 0.732094 1.14723 0.639154 0.60434 0.538168 0.230974 0.668864 0.293661
threshold=0.092656862745098059 0.047798360384222811 1.2285795485947675 1.3989303541094695 0.026045200945584161 0.96724062001529731 0.31477730076009591 0.047914366268189686 -0.010894677326784062 0.38514719608246162 0.058549999999999998 1.0000000180025095e-35 0.031253020067176403 0.23347265859642111 -0.18061242572475064
decision_type=2 10 8 8 10 10 10 8 8 8 10 2 10 8 8
left_child=6 2 11 10 -5 -4 12 9 -9 -8 -3 -2 14 -14 -1
right_child=1 3 5 4 -6 -7 7 8 -10 -11 -12 -13 13 -15 -16
leaf_value=0.00017883621308514275 -0.00036601516035781727 -8.1752401491834447e-05 0.00030715075267331393 0.00046903177471817293 -2.5920447183342733e-05 -9.4793907515646099e-05 -4.6753540443882088e-05 0.00021858700947699283 -0.00048165388617385816 -0.00044383771729757684 0.0007171297848358692 -5.4075091868014701e-05 1.9436521765317883e-05 -0.00045629539029960075 -0.00048651604773245741
leaf_weight=14.872087093302978 529.73250427702442 723.20954484399408 171.84983813297004 1017.5311018563807 267.63610614277422 171.75414656056091 882.71125296829268 106.80548923555762 123.48769493727013 455.17946802359074 98.745319585781544 346.81076436908916 173.83804704621434 287.8382318187505 543.49808486481197
leaf_count=64 2520 2981 1289 5253 686 844 5547 622 760 2976 372 1652 1178 1224 2860
internal_value=-0.000252104 4.85923e-05 -0.000364756 0.00029419 0.000576417 0.000347716 -0.000643646 -0.000404557 0.000311674 -0.000537702 -0.000131262 -0.000659014 -0.000997965 -0.000687265 -0.0012305
internal_weight=5915.5 3327.27 1220.15 2107.12 1285.17 343.604 2588.23 1568.18 230.293 1337.89 821.955 876.543 1020.05 461.676 558.37
internal_count=30828 15597 6305 9292 5939 2133 15231 9905 1382 8523 3353 4172 5326 2402 2924
is_linear=0
shrinkage=0.01444


Tree=98
num_leaves=16
num_cat=0
split_feature=22 9 18 18 30 26 33 27 23 10 33 26 22 26 1
split_gain=3.5942 1.20249 1.20333 1.86212 1.40517 1.17736 1.9086 1.95591 1.21494 4.34609 0.822132 0.596181 0.516526 0.592765 0.083294
threshold=0.063617175433456005 0.21171810003310035 -0.024341235611318675 -0.027890350145055472 18.005000000000006 0.46840619453199672 0.0097496891585894269 0.54868234320300446 0.10008876646753971 0.21754225402977143 0.11069933570993719 0.53432285164736038 0.034952431771304644 0.90118864064631643 0.026129227053140098
decision_type=10 8 10 10 10 10 10 10 10 10 10 10 10 8 2
left_child=1 12 3 -3 -4 8 11 -8 10 -10 -2 -7 14 -14 -1
right_child=5 2 4 -5 -6 6 7 -9 9 -11 -12 -13 13 -15 -16
leaf_value=-0.00033422086610742881 -0.00030981704369027947 -6.6681776341346638e-06 -4.5867990242652006e-06 0.00028830455764832755 -0.00047102506932071927 0.00098925581593665708 0.00054845029667728487 -5.6187342331382055e-05 0.0011580457311691677 -2.1701280527823062e-05 0.00021438414425578551 -0.00015931793310402386 -0.00023152445381099818 0.00021642231743973929 -0.0003829987006797807
leaf_weight=15.57601193897426 629.1836309377104 636.11143383616582 955.15402097254992 96.885733854025602 791.43385551311076 36.227756424807012 851.87701680231839 140.9764142818749 28.953610063064843 137.88301201630384 142.91655163280666 310.56424749875441 443.37533463304862 36.643830852583051 661.73722049826756
leaf_count=60 2512 4070 4606 394 3715 260 3860 458 264 731 812 1604 3017 323 4142
internal_value=-0.000244674 -0.000527378 -0.000339411 0.000137434 -0.000547003 0.000200832 0.000478293 0.000804907 -0.000181154 0.000909485 -0.000434249 -0.000418897 -0.000918434 -0.000505699 -0.00119098
internal_weight=5915.5 3636.92 2479.59 732.997 1746.59 2278.58 1339.65 992.853 938.937 166.837 772.1 346.792 1157.33 480.019 677.313
internal_count=30828 20327 12785 4464 8321 10501 6182 4318 4319 995 3324 1864 7542 3340 4202
is_linear=0
shrinkage=0.01444


Tree=99
num_leaves=16
num_cat=0
split_feature=26 19 30 5 7 11 18 5 18 26 8 35 35 21 21
split_gain=3.1781 2.02356 1.9185 2.16399 4.99033 2.08162 1.22317 1.53349 0.859108 5.23311 0.858101 0.720029 0.317972 0.350295 0.346968
threshold=0.46567929232646349 0.029248812434927638 19.660000000000004 0.2097326809687704 0.46909518467980255 0.30705862849376742 0.09306824128498116 0.30059968464678904 -0.023951880168686931 0.51170334000415274 0.59737366791721336 5.3288223156361374 2.3504206048856529 0.0095486142088705202 0.01737697726307201
decision_type=10 8 8 10 10 10 8 10 8 10 10 2 2 10 8
left_child=1 12 3 5 -5 -2 11 -8 9 -4 -10 -3 14 -14 -1
right_child=2 6 8 4 -6 -7 7 -9 10 -11 -12 -13 13 -15 -16
leaf_value=-3.3688174232863522e-05 -0.00044512468546135155 -8.1964432366602214e-05 0.00097497097912863377 0.00030676947448586816 0.0011417615295190571 0.00020529129035052975 0.0004478590095776638 -0.00031599641997631574 -0.00032636337854094857 -6.1684148709958143e-06 0.00038934711804517038 -0.00023988168104610398 -0.00032725403069708975 -0.00044178872619379437 0.00024178171519757306
leaf_weight=10.115124186500903 390.80874407663941 1892.3872100138105 12.38630905933678 625.73288719169796 62.780802582390606 541.34613482840359 142.04573327768594 65.634795150253922 569.51429349184036 218.97890106216073 65.79110985994339 383.34946798719466 225.7980007273145 703.71717173326761 5.1129965279251346
leaf_count=84 2766 8742 78 4330 210 2153 1436 390 3370 1190 352 1236 1388 3011 92
internal_value=-0.000253522 -0.000539359 0.000135202 0.000432353 0.00104621 -7.37518e-06 -0.000315447 0.000721346 -0.000405296 0.000309349 -0.000686186 -0.000415967 -0.00111357 -0.00115276 0.000405167
internal_weight=5915.5 3428.16 2487.34 1620.67 688.514 932.155 2483.42 207.681 866.671 231.365 635.305 2275.74 944.743 929.515 15.2281
internal_count=30828 16379 14449 9459 4540 4919 11804 1826 4990 1268 3722 9978 4575 4399 176
is_linear=0
shrinkage=0.01444


Tree=100
num_leaves=16
num_cat=0
split_feature=20 13 8 8 23 12 9 34 9 17 11 17 26 21 19
split_gain=3.25138 1.56953 1.75203 2.50848 1.56885 2.21539 1.26643 1.25857 1.37424 0.996855 0.635766 0.619394 0.452373 0.595657 0.26833
threshold=0.047798360384222811 1.5996456281422577 0.35051242508256242 0.36172122466052226 0.090909090909090898 0.039737489537009084 0.21897364567748431 -0.018181590198530048 0.22542031591312939 1.3860069259218528 0.20798101209845854 0.81121029405352829 0.4306445085591542 0.017713051425618662 0.0088578494548245141
decision_type=10 10 10 10 10 10 8 10 8 10 10 10 8 10 8
left_child=6 4 10 -4 11 -6 12 8 -8 -9 -3 -2 14 -14 -1
right_child=1 2 3 -5 5 -7 7 9 -10 -11 -12 -13 13 -15 -16
leaf_value=5.8788166256645461e-05 -0.00031143343715775391 -0.00038907392772558004 0.0016825081729566935 0.00054254020885353364 0.00068669276535574593 2.0912806706391536e-05 5.2425979452429183e-05 -0.00033606538428222369 -9.8712830869284367e-06 0.00029715951111549451 0.00014873010609313273 -2.8847582288617748e-05 -0.00039133229825223984 1.3143062442196783e-06 -0.00036180332842803971
leaf_weight=23.839781832881272 370.57050368469208 205.09526830166578 42.872871062718332 402.71829842962325 50.225554907694459 256.53512709215283 48.146166674792767 948.35577394068241 794.07941525941715 142.05840255133808 734.29890829091892 803.29031576029956 154.43175175460055 186.67050968762487 752.31103252526373
leaf_count=488 1594 1798 170 1462 285 1001 370 3062 6052 430 4394 3337 1326 1739 3320
internal_value=-0.000259592 8.56843e-05 0.000438349 0.00118549 -0.000235403 0.000665563 -0.000588253 -0.000353661 5.13326e-05 -0.00067834 6.95318e-05 -0.0004822 -0.000981965 -0.000475046 -0.00118739
internal_weight=5915.5 2865.61 1384.99 445.591 1480.62 306.761 3049.89 1932.64 842.226 1090.41 939.394 1173.86 1117.25 341.102 776.151
internal_count=30828 14041 7824 1632 6217 1286 16787 9914 6422 3492 6192 4931 6873 3065 3808
is_linear=0
shrinkage=0.01444


Tree=101
num_leaves=14
num_cat=0
split_feature=19 9 13 23 18 18 23 23 28 21 24 18 6
split_gain=3.14499 2.03247 2.19987 1.81942 1.62945 0.638583 1.61923 0.554042 0.198326 0.192547 0.495112 0.19008 0.187768
threshold=0.026087705778023083 0.25089106016211965 1.5610405676054115 0.017682828359345096 -0.035745159322954183 0.046956008034970138 0.02035827483573752 0.026341683945632913 0.093999999999999986 0.0095486142088705202 11.500000000000002 -0.0022286615712586162 3.9529877978292891
decision_type=8 8 8 8 8 10 10 10 10 8 2 10 10
left_child=8 5 3 -3 -4 7 -7 -2 9 10 -1 -10 -11
right_child=1 2 4 -5 -6 6 -8 -9 11 12 -12 -13 -14
leaf_value=-0.00032337738827530564 -0.00044122757010191477 0.00011823746766746351 0.0005879787321815764 -5.6049224414040131e-05 8.1737704915607636e-05 9.4832698351933196e-05 -2.176589738534423e-06 -0.00011919146410561496 -0.00043476673046899329 -0.00042047445288724783 5.7939266156498881e-05 0.00011630773077066194 0.00023827141286825312
leaf_weight=151.49514579679817 264.98103634174913 21.482082723639905 339.89400215167552 1714.2692782031372 1351.7786496351473 8.3311771601438505 105.08656789502129 1153.0976965869777 17.028709049336616 678.22291926015168 90.221567779779434 7.8874241895973674 11.72342498321086
leaf_count=996 1344 122 1570 6602 7495 26 642 7712 116 3931 134 92 46
internal_value=-0.000253817 -0.000104587 8.756e-05 -0.000268814 0.000460924 -0.000543024 0.000431686 -0.000630347 -0.00101324 -0.00104808 -0.000577594 0 -0.00119335
internal_weight=5915.5 4958.92 3427.42 1735.75 1691.67 1531.5 113.418 1418.08 956.579 931.663 241.717 24.9161 689.946
internal_count=30828 25513 15789 6724 9065 9724 668 9056 5315 5107 1130 208 3977
is_linear=0
shrinkage=0.01444


Tree=102
num_leaves=16
num_cat=0
split_feature=26 34 1 13 18 20 5 35 27 27 35 35 5 24 27
split_gain=3.10266 2.07325 2.35375 2.41798 1.38407 1.64297 1.42756 1.0313 0.641753 1.66984 0.577462 0.358119 1.6479 0.392206 0.174047
threshold=0.35757682266353746 0.032758122151732467 0.12312966417910449 1.5276759858866715 0.041441408932786701 0.027385155508647011 0.41108162992270464 6.5444079719934471 0.028045822841289723 0.022980584139356917 2.6379852627415272 5.5372551486009192 0.1923690890098064 8.5000000000000018 0.098302749079358195
decision_type=10 10 2 10 8 10 10 2 10 8 2 2 10 2 10
left_child=4 2 7 -4 8 14 -7 -2 9 -1 -10 13 -13 -3 -6
right_child=1 11 3 -5 5 6 -8 -9 10 -11 -12 12 -14 -15 -16
leaf_value=-0.00025281006188402792 -3.6910845340171483e-05 -0.00022707761982547627 2.0308716885129174e-05 0.00070813269623576185 9.3463315834086419e-05 0.00010012797392780166 -0.00030811663477183925 4.8480169317376211e-05 -3.1149635215725544e-06 0.00028631434400039384 -0.00032436802058451923 -0.00011845083457156906 0.00024074081185477178 -0.00046202335215858343 -0.00060891960869091416
leaf_weight=141.25608522119001 1922.9875202069525 79.697629258036613 522.9948709604796 554.82459215587005 12.090956448344512 245.56764697702602 61.025722267106175 61.427931937854737 160.63273311778903 20.367982081137598 1583.0845566857606 58.166309699416161 21.379638969898224 333.44234448671341 136.55316128279082
leaf_count=1008 12547 684 2171 2766 398 1150 304 356 898 124 6722 138 72 612 878
internal_value=-0.000235968 3.00209e-05 0.000173483 0.000718237 -0.000641993 4.65167e-05 0.00067761 -0.000115919 -0.000813331 0 -0.000894158 -0.000834301 0 -0.00100519 -0.00116511
internal_weight=5915.5 3554.92 3062.23 1077.82 2360.58 455.237 306.593 1984.42 1905.34 161.624 1743.72 492.686 79.5459 413.14 148.644
internal_count=30828 19346 17840 4937 11482 2730 1454 12903 8752 1132 7620 1506 210 1296 1276
is_linear=0
shrinkage=0.01444


Tree=103
num_leaves=13
num_cat=0
split_feature=19 35 9 12 15 35 19 16 5 35 10 35
split_gain=3.45599 1.85319 1.77644 1.90647 1.7092 1.02806 2.05768 0.501185 0.415297 0.343475 1.99063 0.257955
threshold=0.029248812434927638 5.3816699155506251 0.36939844990845516 0.039737489537009084 1.1014962079915429 6.5444079719934471 0.03416528342056032 0.95630313067272288 -0.41889213858308794 5.8263392827835849 0.27954188443108946 2.3504206048856529
decision_type=10 2 8 8 10 2 10 8 8 2 10 2
left_child=8 2 4 -4 -2 7 -7 -3 -1 11 -11 -10
right_child=1 5 3 -5 -6 6 -8 -9 9 10 -12 -13
leaf_value=0.0001991488307936548 -0.00034274208403663723 -5.7216026611276241e-05 0.0012164335933989832 8.4692510885927782e-05 1.5157824586296378e-06 0.00047837723796813656 -0.0001435151025282551 -0.000350173903388217 0.00021590350442298215 -0.00045506833504518895 9.0447564503163218e-05 -0.00036379341889569391
leaf_weight=8.8157277405261976 373.5561345545575 265.13599736057222 48.665720885619521 1167.6782897775993 2353.6759300283156 14.38998190872371 65.422887043096125 436.01471251109615 17.668187730712816 73.635332111269236 17.355832794681191 1073.4849473095965
leaf_count=70 1834 1338 260 4908 12889 44 314 1696 230 418 66 6761
internal_value=-0.000217004 -3.88306e-05 8.55193e-05 0.000546203 -0.000115216 -0.000683116 0.000781871 -0.000869021 -0.000912483 -0.000943509 0 -0.00101489
internal_weight=5915.5 4724.54 3943.58 1216.34 2727.23 780.964 79.8129 701.151 1190.96 1182.14 90.9912 1091.15
internal_count=30828 23283 19891 5168 14723 3392 358 3034 7545 7475 484 6991
is_linear=0
shrinkage=0.01444


Tree=104
num_leaves=16
num_cat=0
split_feature=26 33 0 19 23 17 35 35 35 26 26 16 35 6 35
split_gain=3.46307 2.39744 2.65816 2.11649 1.98695 1.86773 1.97816 1.03519 1.73387 1.01495 0.664209 0.519953 0.316326 0.30936 0.278597
threshold=0.46567929232646349 0.0097496891585894269 0.63555000000000006 0.029248812434927638 0.12369267438068925 1.1971226819323855 4.8066814296568463 4.2639466700478232 4.2413267422193162 0.48515791475977071 0.4306445085591542 0.78024379809176925 2.3504206048856529 1.7666240763829653 5.8263392827835849
decision_type=10 10 2 8 8 8 2 2 2 10 10 8 2 10 2
left_child=3 7 9 12 -4 10 -7 8 -2 -3 -5 -9 13 -1 -14
right_child=1 2 4 5 -6 6 -8 11 -10 -11 -12 -13 14 -15 -16
leaf_value=-2.6752038230872241e-05 -3.6110512730886101e-05 8.9627099979497867e-05 0.00087181486316311612 -0.00027178497324712814 -5.3069783924094261e-05 0.00010679904166858471 -0.00026702716700413207 5.5790130581760214e-05 0.00058630096726790422 -8.4267561596333403e-06 3.9229749893208165e-06 -0.00062484960937183567 -0.00038470586679597516 0.00023175811496650286 -4.6248172908766205e-05
leaf_weight=9.8339558998122794 291.45115644996986 116.48631913214922 432.92960784956813 1470.3157718088478 144.33645501825958 552.09975526761264 231.60216427501291 66.510742736980319 9.4228315204381925 1077.8912197714671 229.39951507747173 348.31084967358038 862.10699743498117 5.3941648146137586 67.40817502560094
leaf_count=148 2146 472 1759 6567 492 3268 1083 375 60 7191 886 1954 4151 28 248
internal_value=-0.000223745 0.000182516 0.000471296 -0.000522312 0.00127678 -0.000293681 0.000278267 -0.000513868 9.19177e-05 7.06224e-05 -0.000565098 -0.000984301 -0.00110893 0.000405167 -0.00114804
internal_weight=5915.5 2487.34 1771.64 3428.16 577.266 2483.42 783.702 715.696 300.874 1194.38 1699.72 414.822 944.743 15.2281 929.515
internal_count=30828 14449 9914 16379 2251 11804 4351 4535 2206 7663 7453 2329 4575 176 4399
is_linear=0
shrinkage=0.01444


Tree=105
num_leaves=16
num_cat=0
split_feature=20 35 10 17 21 34 26 24 20 17 17 17 26 23 19
split_gain=3.4172 1.89478 1.4349 1.39437 4.25852 1.2017 1.13965 1.01693 0.942326 0.924819 0.798683 0.690411 0.606172 0.504101 0.239419
threshold=0.047798360384222811 4.9057561433596852 0.23637691387818935 1.7007213609953944 0.15281661030690466 -0.018181590198530048 0.59799039361533934 10.500000000000002 0.016282477451625175 0.82493806811085524 0.83194134341133552 1.3860069259218528 0.41553966586689112 0.046978165267125956 0.0088578494548245141
decision_type=10 2 8 8 10 10 10 2 8 10 8 10 8 10 8
left_child=2 3 12 6 -5 8 -2 9 -4 -3 -9 -7 14 -14 -1
right_child=1 7 5 4 -6 11 -8 10 -10 -11 -12 -13 13 -15 -16
leaf_value=7.2594809436039723e-05 -6.0555811940812799e-06 -0.00042593657300663695 -0.0002012196707118316 0.00024636052919370366 0.001102463047553707 -0.00026554916143919726 0.00044020574610556946 0.00023821239935461255 3.542075133187025e-05 0.000132382919502398 -0.00016265143602143883 9.5123050340219491e-05 -0.00028911878528132059 8.3038450221242219e-05 -0.00036658487178038349
leaf_weight=24.970171749591827 1276.1781572643667 83.276135476306081 99.722469388041645 164.6340391933918 11.304047498852013 873.27151035889983 619.39139112550765 83.591346621513367 643.94274015165865 220.18288768129423 407.04884266853333 156.65538276545703 378.77777131367475 49.939504401758313 822.61328409751877
leaf_count=380 6082 706 966 1067 56 2704 3331 148 5154 1962 689 442 3141 344 3656
internal_value=-0.000253217 0.000100938 -0.000590221 0.000334601 0.00157413 -0.000313327 0.000212221 -0.000491933 0.000114213 0.000127961 -0.000901697 -0.000634634 -0.000964447 -0.000468883 -0.0011992
internal_weight=5915.5 2865.61 3049.89 2071.51 175.938 1773.59 1895.57 794.099 743.665 303.459 490.64 1029.93 1276.3 428.717 847.583
internal_count=30828 14041 16787 10536 1123 9266 9413 3505 6120 2668 837 3146 7521 3485 4036
is_linear=0
shrinkage=0.01444


Tree=106
num_leaves=15
num_cat=0
split_feature=9 30 26 9 9 18 38 27 21 33 21 26 6 1
split_gain=2.97454 1.59167 1.98363 1.92009 1.03926 1.89832 0.983335 0.851917 0.623247 0.861186 0.959705 0.432934 0.150587 0.101076
threshold=0.21897364567748431 19.815000000000001 0.38934220509884138 0.35360212852558209 0.22542031591312939 0.00035466990201826759 4.5000000000000009 0.17643816071081134 0.021601530534239292 0.087626634249511795 0.05127709444180268 0.44025435798108709 3.6096228548213745 0.026129227053140098
decision_type=8 10 10 10 10 10 2 10 10 10 10 8 10 2
left_child=8 2 7 -4 5 -3 -6 -2 12 11 -11 -10 13 -1
right_child=1 4 3 -5 6 -7 -8 -9 9 10 -12 -13 -14 -15
leaf_value=7.1546541648074749e-05 4.6945035377871177e-05 -0.00022465006497139549 4.5716736203983265e-07 0.0005484742691366835 -0.00016117846450639124 0.00037402621985540798 4.635678155187396e-05 -0.00020725038526158755 -0.00051167211387693752 -5.1112757547059575e-05 0.00075279487196085735 -6.4716355507437462e-05 0.00023258640205003149 -0.00028128930353977133
leaf_weight=13.134268142282961 546.5716269784607 16.106720395386223 1286.8013451069128 617.35650917515159 827.94278793036938 13.200695738196371 322.81713861785829 855.11735062883236 220.97318226564676 201.27673652209342 38.037448870018125 198.65549983922392 19.130291245877743 738.37808030005544
leaf_count=44 3006 86 6849 2485 2330 38 2544 3816 812 1602 270 1639 62 5245
internal_value=-0.000256817 -7.07908e-05 8.83517e-05 0.000394873 -0.000527533 0.00203506 -0.000605119 -0.000318706 -0.000831143 -0.000469231 0.000177376 -0.000868892 -0.00112306 -0.00115547
internal_weight=5915.5 4485.91 3305.85 1904.16 1180.07 29.3074 1150.76 1401.69 1429.59 658.943 239.314 419.629 770.643 751.512
internal_count=30828 21154 16156 9334 4998 124 4874 6822 9674 4323 1872 2451 5351 5289
is_linear=0
shrinkage=0.01444


Tree=107
num_leaves=15
num_cat=0
split_feature=19 26 18 34 0 23 21 19 26 34 26 19 21 10
split_gain=3.21353 1.65986 2.03954 1.75436 2.06174 1.71638 1.19841 0.514476 0.181177 0.509807 0.659882 0.244675 0.099467 0.0363094
threshold=0.026087705778023083 0.35757682266353746 0.041441408932786701 0.032758122151732467 0.64022500000000016 0.10008876646753971 0.022639196674279254 0.051133849656949219 0.39730270980662125 -0.01047015158060227 0.40621711356584983 0.0088578494548245141 0.0057892833168930883 0.46972273111664381
decision_type=8 10 8 10 2 10 8 8 8 8 8 10 10 10
left_child=8 2 7 4 -3 -4 -5 -2 11 10 -10 12 -1 -13
right_child=1 3 5 6 -6 -7 -8 -9 9 -11 -12 13 -14 -15
leaf_value=8.2625000171976544e-05 -0.0003474433055905274 -1.8343412366859682e-06 1.0017556922150106e-05 6.0737096569872058e-05 0.00053704481735648228 0.00042184950244404212 -0.00012820490850749263 -9.2790733579911996e-05 8.9291249532792632e-05 -0.00052001572552623021 -7.6954388668874627e-05 -0.00039577237553663284 -0.00030146164419086568 -0.00055670318684405593
leaf_weight=14.660689997486768 734.06233916804194 1993.9173898650333 312.48986763507128 44.356585994362831 771.72918097581714 31.675372031517327 386.77025933563709 683.91949569201097 16.742674816399813 186.23156203236431 188.76810584589839 517.52833074703813 18.254675887525082 14.393151732161639
leaf_count=450 3096 12093 2123 136 3548 187 1214 3116 74 938 1413 2232 128 80
internal_value=-0.000242039 -9.12667e-05 -0.000448416 0.000101553 0.000238743 0.000526709 -0.000747357 -0.000694435 -0.00100946 -0.000683459 -0.000114292 -0.00121151 0 -0.0012862
internal_weight=5915.5 4958.92 1762.15 3196.77 2765.65 344.165 431.127 1417.98 956.579 391.742 205.511 564.837 32.9154 531.921
internal_count=30828 25513 8522 16991 15641 2310 1350 6212 5315 2425 1487 2890 578 2312
is_linear=0
shrinkage=0.01444


Tree=108
num_leaves=14
num_cat=0
split_feature=19 26 18 33 9 22 35 27 35 7 35 21 24
split_gain=3.1797 1.61611 2.03924 1.73812 1.82075 1.66868 0.838148 0.672328 0.401471 1.34226 0.341955 0.343615 0.227239
threshold=0.026087705778023083 0.35757682266353746 0.041441408932786701 0.011877451648398598 0.32689277023708957 0.024097663710760994 4.1148005574573512 0.028045822841289723 5.8263392827835849 0.25096507352117309 2.3504206048856529 0.013880879511320303 5.5000000000000009
decision_type=8 10 8 8 10 8 2 10 2 10 2 8 2
left_child=8 2 7 6 -5 -4 -3 -2 10 -10 11 -1 -12
right_child=1 3 5 4 -6 -7 -8 -9 9 -11 12 -13 -14
leaf_value=-1.4488853520963676e-05 8.3884164404781386e-05 1.9178583962430527e-05 8.0474886755164729e-05 -3.5095577602765634e-06 0.00046074027149153234 2.4730072005820782e-05 -0.0002464779650709318 -0.00026357980212533968 -0.00049253037569915194 8.8001885439691294e-05 1.6440262148277636e-05 0.00023033907847867677 -0.00038576786985170295
leaf_weight=8.5985603705048526 140.25439138477668 331.53253692295402 10.271862491965292 1514.8185194768012 863.26688880566508 333.89337717462331 487.15547096543014 1277.7274434752762 52.362491466570646 19.191514840349555 29.347026670817286 5.0713029270991692 842.00829478353262
leaf_count=80 866 1952 34 9250 3248 2276 2541 5346 280 52 1714 92 3097
internal_value=-0.000246003 -9.59955e-05 -0.000448343 9.4178e-05 0.000295137 0.000526709 -0.000473384 -0.000694345 -0.00100946 0 -0.00109356 0.000620107 -0.00113584
internal_weight=5915.5 4958.92 1762.15 3196.77 2378.09 344.165 818.688 1417.98 956.579 71.554 885.025 13.6699 871.355
internal_count=30828 25513 8522 16991 12498 2310 4493 6212 5315 332 4983 172 4811
is_linear=0
shrinkage=0.01444


Tree=109
num_leaves=16
num_cat=0
split_feature=20 18 30 8 1 12 26 26 14 16 10 12 10 5 28
split_gain=3.02888 1.85361 2.14454 2.13056 1.17427 1.17512 1.0656 1.61286 1.02239 1.0106 0.886698 0.853442 0.614597 0.611673 0.211592
threshold=0.047798360384222811 0.046956008034970138 18.005000000000006 0.24920966781544976 0.090635080645161306 0.048423565870157441 0.4306445085591542 0.49375668210976481 1.4704558271805677 1.2269171740558213 0.79337145148001331 0.034094220956073361 0.22048365368473186 -0.41889213858308794 -0.041649999999999958
decision_type=10 8 8 10 2 8 8 8 8 10 8 10 10 8 8
left_child=1 6 3 -3 5 11 13 -8 12 -10 -4 -2 -6 -1 -7
right_child=4 2 10 -5 8 14 7 -9 9 -11 -12 -13 -14 -15 -16
leaf_value=0.00020887942363539773 -0.00020573196380676632 -3.4588798071464293e-06 -0.00070082981466279386 0.00047028815029391156 0.00033249422501397232 0.00014051288258060891 3.3485243433849381e-05 -0.00026008437630428574 0.00032127143335619932 -2.1107084019908669e-05 9.5158017636709112e-06 0.00022854531965516174 -7.2282731538402889e-05 -0.00032456226986175894 -0.00048122562674529813
leaf_weight=17.517386684194207 225.24730210239068 72.95601453166455 157.33200921257958 116.66191282588989 72.335961784236133 30.838737464975566 220.83550562895834 815.0350319063291 1272.2891742372885 187.97358490107581 186.7497992948629 148.30592282023281 631.51472685299814 1462.8051741421223 297.10143736656755
leaf_count=68 1978 440 647 570 394 201 1136 5528 5591 906 1738 981 2702 6660 1288
internal_value=-0.000243114 -0.0005604 0.000193233 0.00144106 9.00509e-05 -0.000416047 -0.000725458 -0.000349931 0.000260214 0.000480553 -0.000457658 0.000106423 -0.000178352 -0.000979167 -0.00105021
internal_weight=5915.5 3049.89 533.7 189.618 2865.61 701.493 2516.19 1035.87 2164.11 1460.26 344.082 373.553 703.851 1480.32 327.94
internal_count=30828 16787 3395 1010 14041 4448 13392 6664 9593 6497 2385 2959 3096 6728 1489
is_linear=0
shrinkage=0.01444


Tree=110
num_leaves=15
num_cat=0
split_feature=22 35 1 30 11 20 33 26 27 33 35 30 33 17
split_gain=2.83387 2.06667 1.59185 1.92267 1.5858 2.32538 1.12974 1.12438 0.68561 0.780945 0.461576 0.492079 0.425826 0.226606
threshold=0.046820090451900179 5.0701609893264674 0.089629120879120908 19.815000000000001 0.15552647449292845 0.039213847992001956 0.053805233680929716 0.31477730076009591 1.0549368293682579 0.012569200100554625 2.6379852627415272 18.870000000000001 0.096904240777473408 1.1669369054429266
decision_type=10 2 2 10 8 10 10 10 10 8 2 8 8 8
left_child=7 2 12 -4 5 -3 -6 10 9 -9 11 -1 -2 -12
right_child=1 4 3 -5 6 -7 -8 8 -10 -11 13 -13 -14 -15
leaf_value=0.00021921670293122535 -0.00027133808013707442 0.00012260898052024913 0.00031600700123114527 -3.8824915831468774e-05 -0.00027130156205309227 -2.2857543353696558e-05 0.00010157604427734841 -0.00044607753835367681 3.559586098600157e-05 -5.2135547139567736e-06 -0.00037796763792873679 -0.00034573402614163388 1.6232693465993742e-05 -0.00032389845926665193
leaf_weight=37.520093376748264 400.12419214751571 6.3865535855293301 1540.4050332414918 559.03605754580349 616.36820065649226 13.575761748477815 261.28165514301509 352.71217250265181 13.398572564125059 901.2119818914216 682.77335643349215 36.734045704593882 148.09387707104906 345.87812814395875
leaf_count=282 2218 12 7241 2264 1983 216 1408 2220 42 6042 3206 194 1388 2112
internal_value=-0.000252595 2.17645e-06 0.00020885 0.000393201 -0.000592619 0.00326731 -0.000697335 -0.000639103 -0.000329718 -0.000374207 -0.000982401 0 -0.000472962 -0.00106219
internal_weight=5915.5 3545.27 2647.66 2099.44 897.612 19.9623 877.65 2370.23 1267.32 1253.92 1102.91 74.2541 548.218 1028.65
internal_count=30828 16730 13111 9505 3619 228 3391 14098 8304 8262 5794 476 3606 5318
is_linear=0
shrinkage=0.01444


Tree=111
num_leaves=15
num_cat=0
split_feature=20 35 17 21 17 26 21 21 27 33 20 26 34 12
split_gain=2.84186 2.15832 1.3137 4.32913 1.04913 1.01415 0.981858 1.50075 0.953316 0.794557 0.661337 0.586288 0.48387 0.461574
threshold=0.047798360384222811 4.9057561433596852 1.7007213609953944 0.15281661030690466 1.2017995962665993 0.59799039361533934 0.016948649683197401 0.027171689689460574 1.0549368293682579 0.053805233680929716 0.041338708385930602 0.31477730076009591 -0.052623494783587459 0.077905088274849557
decision_type=10 2 8 10 8 10 8 8 10 10 10 10 8 10
left_child=4 2 5 -4 8 -2 10 -8 11 12 -6 -1 -3 -11
right_child=1 9 3 -5 6 -7 7 -9 -10 13 -12 -13 -14 -15
leaf_value=-0.00033360104698137999 -1.1980309125827983e-05 0.00044980391545343542 0.00022647431109921762 0.0010550132524693285 -0.00032925638085192594 0.00042471745756213696 8.3852510903977513e-05 -0.00023226825603054778 3.508185737133016e-05 0.00013011888183560481 0.00011907094022239889 -0.00020216383993736583 -0.00013523295484716035 -0.00047629702334004006
leaf_weight=880.92263490753248 1276.1781572643667 17.839663984254003 164.6340391933918 11.304047498852013 262.56726468261331 619.39139112550765 285.52746383473277 368.5339331435971 12.96559417247772 208.40133023262024 13.363214977085589 1226.0127285085618 519.1099185035564 48.748299727216363
leaf_count=4106 6082 186 1067 56 1154 3331 1244 3217 20 1344 76 6970 1771 204
internal_value=-0.000260502 6.19131e-05 0.000311379 0.00151409 -0.000567683 0.000192432 -0.000145468 0.000142328 -0.000746647 -0.000572137 -0.000873916 -0.000775923 -0.000889602 4.04459e-05
internal_weight=5915.5 2865.61 2071.51 175.938 3049.89 1895.57 929.992 654.061 2119.9 794.099 275.93 2106.94 536.95 257.15
internal_count=30828 14041 10536 1123 16787 9413 5691 4461 11096 3505 1230 11076 1957 1548
is_linear=0
shrinkage=0.01444


Tree=112
num_leaves=13
num_cat=0
split_feature=19 20 32 9 26 5 5 33 26 33 34 21
split_gain=2.68796 1.47046 1.35879 1.37803 1.1794 2.65847 0.936033 0.89388 0.884328 0.873234 0.75244 0.339267
threshold=0.029248812434927638 0.10423571348233222 0.83839050131926129 0.2135128107132547 0.6579948625170905 0.24838219309332935 -0.41889213858308794 0.070957322571794115 0.46567929232646349 0.10293187436052688 0.012583619509106471 0.0081551253523910114
decision_type=10 10 10 8 8 10 10 10 10 8 10 10
left_child=6 2 3 -2 7 -6 -1 -3 11 -10 -4 -8
right_child=1 4 10 -5 5 -7 8 -9 9 -11 -12 -13
leaf_value=0.0002188061161130256 -0.0001968908464546874 -7.3778844198585505e-05 3.3750006818572806e-05 6.2630732678430442e-06 2.9494433881607291e-05 0.0010775105448637501 -0.00028259731248107432 0.00048262522924852818 -0.00025457482663959828 9.7848902973066438e-05 -0.00020672813800813356 -0.00036415168629644546
leaf_weight=10.890508875250815 640.78080007666722 277.6407350548543 208.34450127091259 2514.8266956293955 173.53270280454308 131.65011735539883 181.3911646893248 137.77884104847908 195.93983530905098 36.716987093444914 639.98526082932949 766.0215317197144
leaf_count=76 4779 1214 1942 11359 808 623 2204 720 1466 512 1838 3287
internal_value=-0.00023982 -8.21654e-05 -0.000192635 -5.0185e-05 0.000513167 0.00119394 -0.00085392 0 -0.000902024 -4.38464e-05 -0.000706717 -0.00109881
internal_weight=5915.5 4724.54 4003.94 3155.61 720.602 305.183 1190.96 415.42 1180.07 232.657 848.33 947.413
internal_count=30828 23283 19918 16138 3365 1431 7545 1934 7469 1978 3780 5491
is_linear=0
shrinkage=0.01444


Tree=113
num_leaves=16
num_cat=0
split_feature=19 35 23 17 17 17 20 33 26 33 22 26 35 6 35
split_gain=2.69217 1.57297 1.91565 1.87506 2.49733 1.81439 1.68177 1.08485 0.839062 0.845665 1.90435 0.88805 0.299259 0.30936 0.247752
threshold=0.029248812434927638 4.8832184157383169 0.016243268215889232 1.2017995962665993 1.2058207513861723 1.0834793642522893 0.062500017671441296 0.053805233680929716 0.46567929232646349 0.10293187436052688 0.048040197784970713 0.47540929341391985 2.3504206048856529 1.7666240763829653 5.8263392827835849
decision_type=8 2 10 8 8 10 10 10 10 8 10 10 2 10 2
left_child=8 3 5 6 -5 -3 -2 -4 12 11 -11 -10 13 -1 -14
right_child=1 2 7 4 -6 -7 -8 -9 9 10 -12 -13 14 -15 -16
leaf_value=-3.0056679447882023e-06 -0.00021715511663914403 -8.5699035794285051e-05 -0.00022394206692641559 0.00099127066459017937 0.00011726111924347694 0.001044435129026299 0.00015910645564520438 5.0238239582687432e-06 6.3524406808541738e-05 9.3265770261054218e-06 0.00012869944594591981 -0.00033844014523151005 -0.00034407595414726782 0.00023767865203340062 -1.693890995594589e-05
leaf_weight=9.8339558998122794 1278.9387950985692 5.853041062364353 942.9570826892741 16.031768262386322 1074.9702422458213 7.0913145542144775 972.84320976072922 443.28989558946341 19.038211885839701 27.832398019265383 8.533689543604849 173.37673986982554 862.10699743498117 5.3941648146137586 67.40817502560094
leaf_count=148 6723 358 3491 78 6310 28 4705 2760 80 316 26 1378 4151 28 248
internal_value=-0.000249224 -9.28407e-05 -0.00050047 7.39202e-05 0.000567756 0.00481407 -0.000159615 -0.000561446 -0.000869645 -2.45699e-05 0.00191284 -0.000463035 -0.00106031 0.000405167 -0.00109862
internal_weight=5915.5 4741.98 1399.19 3342.78 1091 12.9444 2251.78 1386.25 1173.52 228.781 36.3661 192.415 944.743 15.2281 929.515
internal_count=30828 24453 6637 17816 6388 386 11428 6251 6375 1800 342 1458 4575 176 4399
is_linear=0
shrinkage=0.01444


Tree=114
num_leaves=16
num_cat=0
split_feature=21 26 33 9 27 18 26 21 9 26 22 26 19 33 30
split_gain=2.6432 1.56155 2.35676 1.69247 1.56558 1.39847 1.79179 1.00765 0.644918 0.921494 1.41094 0.857432 0.208578 0.570027 0.198789
threshold=0.017713051425618662 0.4306445085591542 0.0097496891585894269 0.37158804893283176 1.0549368293682579 0.09306824128498116 0.30653115340148002 0.018228368122882147 0.21897364567748431 0.13652999436066404 0.030029721621401117 0.39730270980662125 0.0088578494548245141 0.013368024050629536 15.305000000000001
decision_type=10 10 10 10 10 8 10 10 8 8 8 10 8 8 10
left_child=8 5 4 -4 -3 7 -7 -2 12 10 -10 -11 13 -1 -14
right_child=1 2 3 -5 -6 6 -8 -9 9 11 -12 -13 14 -15 -16
leaf_value=0.00010373272855883586 0.00023424657642428904 -0.00023286143389004768 4.7701508301451063e-06 0.00064485443003163122 4.0696142798158489e-05 -1.1595387978463919e-05 0.00071763765742118718 -0.00020060727116990624 -0.00075611160628711118 -0.00041455898612837165 0.0010299044103730455 -1.8301951177607879e-05 -0.00014776961708132651 -0.00027354816139040216 -0.00032008554473869405
leaf_weight=4.1512268241494894 52.876860482618213 659.5581486383453 1310.7748297806829 522.46445903927088 42.504288554191589 114.98554863873869 68.552439784631133 1965.0893957931548 13.269943459890785 305.56156132509932 12.16785672935657 257.62487477832474 29.013297522906214 27.66461381921545 529.24033658578992
leaf_count=38 180 3824 7596 1694 80 536 270 8128 100 2060 186 1727 638 616 3155
internal_value=-0.00023845 -8.30795e-05 0.000157626 0.00043405 -0.000545316 -0.000366196 0.000812795 -0.000480108 -0.000851402 -0.000474652 0.00207329 -0.000614891 -0.00120426 0 -0.00126911
internal_weight=5915.5 4736.81 2535.3 1833.24 702.062 2201.5 183.538 2017.97 1178.69 588.624 25.4378 563.186 590.069 31.8158 558.254
internal_count=30828 22308 13194 9290 3904 9114 806 8308 8520 4073 286 3787 4447 654 3793
is_linear=0
shrinkage=0.01444


Tree=115
num_leaves=16
num_cat=0
split_feature=1 13 26 11 26 35 5 33 11 16 35 13 35 33 5
split_gain=2.51686 1.37581 1.82368 2.20646 1.17881 1.1316 2.9097 1.06595 0.842196 0.507339 0.470637 0.448443 0.400123 0.979204 0.227512
threshold=0.092656862745098059 1.5996456281422577 0.35757682266353746 0.24502126456719911 0.31477730076009591 6.5444079719934471 0.22726071531816275 0.085544725383796996 0.21616198005879428 1.1870624133198049 2.7398713442550884 1.2462676744543597 2.6379852627415272 0.016171703227177984 -0.41889213858308794
decision_type=2 8 10 10 10 2 10 8 10 10 2 10 2 8 8
left_child=4 9 8 -4 12 7 -7 -6 -3 11 -11 -2 13 -1 -14
right_child=1 2 3 -5 5 6 -8 -9 -10 10 -12 -13 14 -15 -16
leaf_value=0.0003738241404679182 -0.0001596280701148835 8.1025432107955921e-05 -0.00026716335135941336 0.00056081837574596346 -0.00018791726097836238 -0.00023878995774821829 5.8999757902657465e-05 1.7126245069378373e-05 -0.0001329306415167992 0.0008378464155973758 -8.5241405711132745e-05 1.6035792212608351e-05 0.00020307534032165534 -0.00071801306685409408 -0.00036216336212634495
leaf_weight=12.019745222292839 403.99124443344772 176.89010200533085 252.74320503859781 762.4102560156025 1124.4627448134124 41.952191613614559 13.781045637559144 387.98792310012504 457.85858575254679 26.289374548941851 342.28111030627042 904.80544766783714 14.777891919016836 30.868160119280219 962.3806535624899
leaf_count=65 1737 1292 1712 3783 6055 228 88 3534 2157 136 1360 3420 66 221 4974
internal_value=-0.000238953 1.99674e-05 0.000319616 0.000702768 -0.000576795 -0.000315528 0.00165084 -0.00039722 -0.000272632 -0.000266981 -0.000747147 -0.000121503 -0.000965242 0.000158147 -0.001028
internal_weight=5915.5 3327.27 1649.9 1015.15 2588.23 1568.18 55.7332 1512.45 634.749 1677.37 368.57 1308.8 1020.05 42.8879 977.159
internal_count=30828 15597 8944 5495 15231 9905 316 9589 3449 6653 1496 5157 5326 286 5040
is_linear=0
shrinkage=0.01444


Tree=116
num_leaves=14
num_cat=0
split_feature=19 35 34 17 35 20 18 35 18 28 10 23 24
split_gain=2.55697 1.45468 1.75353 1.4233 0.950167 2.28093 0.789868 0.646772 0.986524 0.664332 0.978116 0.588138 0.513839
threshold=0.029248812434927638 5.3816699155506251 0.032758122151732467 0.7091153986949339 6.5444079719934471 0.03030428899706911 -0.073522501567933482 2.3504206048856529 -0.019774170133798893 0.003549999999999998 0.32778585530875626 0.10502784379624967 7.5000000000000009
decision_type=10 2 10 8 2 10 8 2 8 10 8 10 2
left_child=7 2 3 -2 6 -6 -3 8 -1 12 -11 -4 -9
right_child=1 4 11 -5 5 -7 -8 9 -10 10 -12 -13 -14
leaf_value=0.00022546604582885494 -0.00031482035341303375 0.00030457757580526886 -0.00029993990025531131 4.4042639675734368e-05 0.0004688841752445549 -0.00010040565653032682 -0.00023378428757581387 4.7999030478641643e-05 -0.00018551718181068793 -0.00027005409038205664 4.1399648915149426e-05 4.8242661099500166e-05 -0.00039786627024071634
leaf_weight=6.1330055370926857 395.12402237672359 27.846298532560468 380.83931322395802 3087.369479988236 13.54416519589722 66.268703755922616 673.3044113391079 47.574007999617606 11.890187189681457 440.15517081785947 123.15088598174043 80.243259657174349 562.05677016079426
leaf_count=66 1989 112 1128 16548 42 316 2922 2132 168 2270 1120 226 1789
internal_value=-0.000227507 -7.36902e-05 3.59583e-05 0.00014996 -0.000643756 0.000762607 -0.000822978 -0.000826392 0.00161496 -0.000875809 -0.000478155 -0.000795869 -0.00122102
internal_weight=5915.5 4724.54 3943.58 3482.49 780.964 79.8129 701.151 1190.96 18.0232 1172.94 563.306 461.083 609.631
internal_count=30828 23283 19891 18537 3392 358 3034 7545 234 7311 3390 1354 3921
is_linear=0
shrinkage=0.01444


Tree=117
num_leaves=14
num_cat=0
split_feature=20 18 32 26 17 21 22 1 16 10 27 22 34
split_gain=2.57966 2.0672 2.65079 2.54693 1.71518 3.57452 1.89712 1.22089 1.09697 0.80065 0.781854 0.806904 0.745436
threshold=0.047798360384222811 0.050208029009964468 0.7071240105540898 0.39440565929986865 1.7007213609953944 0.15281661030690466 0.069706695352323392 0.091883445945945968 1.2269171740558213 0.79337145148001331 1.0549368293682579 0.032744219927502843 -0.049408385806927295
decision_type=10 8 8 10 10 10 10 2 10 8 8 8 8
left_child=1 10 3 -3 7 6 -6 12 -9 -4 11 -1 -2
right_child=4 2 9 -5 5 -7 -8 8 -10 -11 -12 -13 -14
leaf_value=-0.00031066717201401429 9.9054255855758269e-05 2.1846272968307873e-05 -0.00066736418942197207 0.00046211349589414725 0.0012079062845367008 0.001012347179043594 -0.00036470625498731367 0.00016390568274376584 -2.9154244127910638e-05 1.5822060793523487e-05 4.2186038236519852e-05 -0.00017916374483703009 -0.00022569126742870145
leaf_weight=1049.9155426374637 106.81573157664388 99.140985916368663 139.04713188996539 65.091448987834156 57.949999803677201 10.694450041279195 82.629391053691506 1786.4630605699494 229.5690333195962 186.7497992948629 14.831309371627865 1495.1166161284782 591.48518116492778
leaf_count=6202 1459 454 577 404 378 32 513 7746 1046 1738 47 7365 2867
internal_value=-0.000228349 -0.000521179 0.000319709 0.00182717 7.87859e-05 0.00157248 0.000839359 0 0.000175462 -0.000401901 -0.000687295 -0.000710773 -0.000524816
internal_weight=5915.5 3049.89 490.029 164.232 2865.61 151.274 140.579 2714.33 2016.03 325.797 2559.86 2545.03 698.301
internal_count=30828 16787 3173 858 14041 923 891 13118 8792 2315 13614 13567 4326
is_linear=0
shrinkage=0.01444


Tree=118
num_leaves=16
num_cat=0
split_feature=9 17 16 21 19 19 19 26 33 21 20 21 26 24 4
split_gain=2.90556 1.79929 1.2122 1.55894 1.36496 1.10816 2.71264 0.899286 1.23588 1.02138 0.810102 0.951943 0.754724 0.630251 0.0589161
threshold=0.25089106016211965 1.2285795485947675 1.1754050053023362 0.027171689689460574 0.12417154245707264 0.026087705778023083 0.02711344433948772 0.30443371873422181 0.085544725383796996 0.047301417845548394 0.054923779342987901 0.019731980504436419 0.33930834654889014 7.5000000000000009 0.50078287002484967
decision_type=8 10 10 10 10 8 8 8 8 10 10 8 8 2 8
left_child=7 5 3 -3 -4 13 -7 10 12 -10 14 -12 -9 -2 -1
right_child=1 2 4 -5 -6 6 -8 8 9 -11 11 -13 -14 -15 -16
leaf_value=-0.00039424257924542208 0.00025666631111126935 0.0003296719795530632 -0.0001802108117416434 0.00034910629633477059 0.0015968633215934791 0.00011166124380615989 -1.3462401845832091e-05 3.9621272731281175e-05 -7.5935917174375318e-05 0.00040070518314109675 0.0011016749702710651 -0.00015716220737851095 -0.00017891835214816167 -0.00041050427066519681 -7.4848004273520505e-06
leaf_weight=616.87120664259419 22.490990343503654 137.75705421064049 161.65809621475637 544.52026036195457 24.105022374540567 19.295157875865698 2584.386187070515 135.59791947063059 320.40114489896223 100.35321089345962 7.9730711933225384 74.195477809291333 880.11627498082817 231.04384046792984 54.734766947571188
leaf_count=2978 472 753 580 2509 102 94 12029 350 3196 610 72 644 5337 758 344
internal_value=-0.000254003 -5.04376e-06 0.000566852 0.000854844 -0.000420028 -0.000183447 -8.91099e-05 -0.000671358 -0.000443474 0.00019017 -0.00108763 0.000127289 -0.0007188 -0.0010984 -0.00125573
internal_weight=5915.5 3725.26 868.04 682.277 185.763 2857.22 2603.68 2190.24 1436.47 420.754 753.775 82.1685 1015.71 253.535 671.606
internal_count=30828 17297 3944 3262 682 13353 12123 13531 9493 3806 4038 716 5687 1230 3322
is_linear=0
shrinkage=0.01444


Tree=119
num_leaves=15
num_cat=0
split_feature=9 26 34 5 20 17 34 38 35 11 11 34 8 28
split_gain=2.83701 1.47251 2.38418 1.5843 1.50244 0.993402 1.49093 0.809735 0.489724 0.430685 0.785618 0.274243 0.32135 0.0885848
threshold=0.20647695458274853 0.38934220509884138 0.012583619509106471 0.18094795830872787 0.17752023302567727 1.1971226819323855 0.015727904251998773 11.500000000000002 2.6379852627415272 0.21395778590158968 0.19069629777612571 -0.065209590616445476 0.19949294140470719 -0.014749999999999984
decision_type=8 10 8 10 10 8 10 2 2 8 10 10 10 10
left_child=8 5 3 -3 -4 7 -7 -2 9 10 -1 12 -10 -13
right_child=1 2 4 -5 -6 6 -8 -9 11 -11 -12 13 -14 -15
leaf_value=-0.00042525761321851591 -0.00024385563599277276 -4.8837921847270052e-06 -0.00013873131348938941 0.00039040860377224896 0.00098230625255427031 -1.3268004996894106e-05 0.0011135491661106859 0.0010946708023170347 -0.00026114266397000291 -0.00090921458969972014 0.0002273810193052549 -0.00026372470947064641 0.00031788882413179038 -0.0002569925053261332
leaf_weight=7.7294699773192468 1233.9709465159103 830.10606012307107 938.75346002983861 1080.5536586651579 37.034708084538579 598.80082446872257 45.397448778152466 15.932383891195057 91.166829542256892 14.32301249867305 8.5407796725630742 245.14109399076551 12.229896026197819 755.81910949200392
leaf_count=84 5255 4107 3508 6248 96 3359 144 46 2326 114 40 1161 556 3784
internal_value=-0.000240231 -8.30823e-05 0.000118731 0.000418862 -0.00045544 -0.000397483 4.44148e-05 -0.000635624 -0.000890266 0.000670248 0.00244246 -0.000945659 -8.65754e-05 -0.00102123
internal_weight=5915.5 4780.55 2886.45 1910.66 975.788 1894.1 644.198 1249.9 1134.95 30.5933 16.2702 1104.36 103.397 1000.96
internal_count=30828 22763 13959 10355 3604 8804 3503 5301 8065 238 124 7827 2882 4945
is_linear=0
shrinkage=0.01444


Tree=120
num_leaves=16
num_cat=0
split_feature=1 13 17 20 7 26 33 23 16 23 5 7 26 26 21
split_gain=2.6595 1.29701 1.62147 1.6095 1.40002 0.703264 0.837698 0.580532 0.536578 0.709317 0.515693 0.348569 0.403095 0.261577 0.0440805
threshold=0.091883445945945968 1.5996456281422577 1.2374874243499454 0.046061078725830214 0.26368291796985072 0.31477730076009591 0.085544725383796996 0.011048952761073096 1.1870624133198049 0.10205142661149109 0.15267965466752262 0.20487419461724854 0.14738777285816534 0.56505341822309874 0.032369664282455746
decision_type=2 8 10 10 10 10 8 8 10 10 8 8 8 8 8
left_child=5 8 3 -3 -4 11 7 -7 9 -2 -8 14 -13 -10 -1
right_child=1 2 4 -5 -6 6 10 -9 13 -11 -12 12 -14 -15 -16
leaf_value=-0.00044590714204421179 -6.7157696936686904e-05 -0.00020657940406531422 -6.8089858689034447e-05 0.00025601635148390364 0.00085278302028900027 4.2570413391140324e-05 0.00017088777458251875 -0.00016685032640492475 -0.0002143914976866921 0.00053946803883672797 -2.1404227863475678e-05 5.5316976494602487e-05 -0.00029323373427129861 -2.0936512401427887e-06 -0.00042446246546565464
leaf_weight=399.04199552256614 1187.5698158750311 448.63237062492408 170.41454895958304 741.2703667585738 314.89603096572682 37.453366922214627 143.77924295747653 1106.661622626707 192.35369484452531 133.88186012580991 254.94863248080947 57.267921212129295 457.81486604595557 180.80577352968976 88.707572304643691
leaf_count=1684 4683 2775 1023 3738 1544 244 1076 5893 678 545 2540 459 2118 848 980
internal_value=-0.000264161 0 0.000286846 0 0.000989775 -0.000616378 -0.000407171 -0.00060799 -0.00027964 -0.000130895 0.000136317 -0.000924787 -0.000608461 -0.000770377 -0.00123096
internal_weight=5915.5 3369.82 1675.21 1189.9 485.311 2545.68 1542.84 1144.11 1694.61 1321.45 398.728 1002.83 515.083 373.159 487.75
internal_count=30828 15834 9080 6513 2567 14994 9753 6137 6754 5228 3616 5241 2577 1526 2664
is_linear=0
shrinkage=0.01444


Tree=121
num_leaves=16
num_cat=0
split_feature=20 35 13 8 16 26 36 26 28 11 11 8 5 20 35
split_gain=2.22117 1.44196 1.40021 1.4426 1.0614 2.16224 1.01108 0.932465 0.929563 0.859457 1.05711 0.66942 0.443199 0.385769 0.249426
threshold=0.047798360384222811 4.9057561433596852 1.5996456281422577 0.35051242508256242 0.95630313067272288 0.90118864064631643 1.0000000180025095e-35 0.22313856663567641 -0.025050000000000013 0.2936522106407447 0.32625938969132046 0.22533521139930671 -0.25617707079408186 0.052107749015397505 2.3504206048856529
decision_type=10 2 8 8 8 10 2 8 8 8 8 10 8 10 2
left_child=6 2 11 -4 5 -3 9 12 -9 14 -11 -2 -8 -6 -1
right_child=1 4 3 -5 13 -7 7 8 -10 10 -12 -13 -14 -15 -16
leaf_value=0.00021975675547621158 0.00037584495321028172 -5.716435808033029e-05 6.2886165922935961e-05 0.00052781803895599413 1.1838298822436103e-05 0.00053295566751816216 0.00021212807730484236 -0.00061169425539233724 4.1669446980914779e-06 2.5090592925925381e-05 -0.00018155503390203284 -4.7174583417227546e-05 -0.0004520252052863303 -0.00016986505892381174 -0.0003409331432495617
leaf_weight=18.828020496293902 55.649793969932944 292.53265654202551 707.92919327970594 463.126674070023 34.405917014926672 15.767733022570608 10.217973276972769 187.07403766806237 1059.8258573152125 131.44137453846633 549.22440670500509 844.80197376245633 223.27812491776422 451.39290586812422 870.00303930882365
leaf_count=112 484 1406 4716 1894 178 144 36 984 5648 660 3215 3442 1322 1777 4810
internal_value=-0.000247326 3.70994e-05 0.000241872 0.000573643 -0.000480397 0.000146279 -0.000518814 -0.000235129 -6.68557e-05 -0.000777878 -0.000361739 -0.000175162 -0.0010755 -0.00090473 -0.00108141
internal_weight=5915.5 2865.61 2071.51 1171.06 794.099 308.3 3049.89 1480.4 1246.9 1569.5 680.666 900.452 233.496 485.799 888.831
internal_count=30828 14041 10536 6610 3505 1550 16787 7990 6632 8797 3875 3926 1358 1955 4922
is_linear=0
shrinkage=0.01444


Tree=122
num_leaves=14
num_cat=0
split_feature=9 32 26 6 9 18 9 20 20 20 26 35 20
split_gain=2.6134 1.39219 1.542 2.16931 0.992464 1.89832 0.95201 0.841532 0.727356 0.960686 0.585272 0.632029 0.398383
threshold=0.21897364567748431 0.82189973614775735 0.38934220509884138 0.27074135579668462 0.22542031591312939 0.00035466990201826759 0.51444600720543843 0.027071427634698723 0.10423571348233222 0.11818865053522164 0.30238808098089548 2.3504206048856529 0.059253533014546202
decision_type=8 10 10 8 10 10 10 8 10 8 8 2 10
left_child=8 2 7 -4 5 -3 -6 -2 10 -10 12 -12 -1
right_child=1 4 3 -5 6 -7 -8 -9 9 -11 11 -13 -14
leaf_value=-0.00032400858861257289 -0.00038277736022229801 -0.00020974471450991837 0.00089089402263017544 9.331534652607915e-05 -0.00019068279689528651 0.00037041775861082965 7.4237643853228912e-05 -7.4717606890889734e-06 0.0038851140462958372 -0.00025984138801111366 0.0002251586476321585 -8.9055722980057556e-05 5.3610125170173844e-05
leaf_weight=516.23656481364742 298.75009621586651 16.106720395386223 13.934528932906685 1890.2233253491577 1010.3112506382167 13.200695738196371 140.44867591001093 1102.9388813914265 5.2469560676254305 6.7084433203563103 9.6145488815382105 865.75158358085901 26.027410521171987
leaf_count=2676 1388 86 50 9284 4252 38 622 5434 80 220 52 6348 298
internal_value=-0.000220626 -4.61426e-05 0.000102609 0.000372953 -0.000473797 0.00203506 -0.000550016 -0.000255312 -0.000758754 0.00246632 -0.00079614 -0.000536583 -0.00119004
internal_weight=5915.5 4485.91 3305.85 1904.16 1180.07 29.3074 1150.76 1401.69 1429.59 11.9554 1417.63 875.366 542.264
internal_count=30828 21154 16156 9334 4998 124 4874 6822 9674 300 9374 6400 2974
is_linear=0
shrinkage=0.01444


Tree=123
num_leaves=13
num_cat=0
split_feature=22 35 9 35 34 19 27 34 18 18 19 36
split_gain=2.40798 1.64936 1.2687 2.53919 1.22608 1.52009 1.18961 1.00787 0.844239 0.815949 1.40357 0.918368
threshold=0.043607232547333667 4.8832184157383169 0.3402927113402115 4.7751238865433008 -0.021528922489715659 0.033490410109703252 1.0549368293682579 0.0010255930121009229 -0.058060756675740281 0.046956008034970138 0.029248812434927638 1.0000000180025095e-35
decision_type=10 2 8 2 8 10 8 8 8 8 10 2
left_child=6 2 7 -4 5 -3 9 -2 -6 11 -11 -1
right_child=1 4 3 -5 8 -7 -8 -9 -10 10 -12 -13
leaf_value=-0.00036200445550493371 5.2835995893421933e-05 6.8755992732782672e-05 0.00017283331534349985 0.00043053685863620139 0.00029496154508513187 -5.3555606808514296e-06 4.8877148668378511e-05 -0.00021822740031869617 -0.00022234846544052291 -0.00041371513801849962 8.2407692144125379e-05 -0.00012163134320962581
leaf_weight=903.22580894129351 1052.2722449656576 25.41835480928421 1196.8479192228988 52.020637197420001 46.041961658746004 402.0028226133436 10.271707093343137 337.19975111726671 658.9537049154751 157.47149353427812 173.09313908172771 900.68013660563156
leaf_count=5167 6400 108 5197 204 148 2541 42 1474 1933 1745 861 5008
internal_value=-0.000244495 -2.11498e-05 0.000173064 0.000509008 -0.000485053 9.80469e-05 -0.000630956 -0.00011955 -0.000856924 -0.000660293 0 -0.000781117
internal_weight=5915.5 3770.76 2638.34 1248.87 1132.42 427.421 2144.74 1389.47 704.996 2134.47 330.565 1803.91
internal_count=30828 18005 13275 5401 4730 2649 12823 7874 2081 12781 2606 10175
is_linear=0
shrinkage=0.01444


Tree=124
num_leaves=16
num_cat=0
split_feature=22 5 2 8 5 38 34 18 5 5 18 18 5 35 18
split_gain=2.43141 1.40765 1.05962 1.35747 0.9661 0.810034 0.836636 0.794313 1.88554 3.38284 0.837609 1.80395 0.62293 0.486461 0.423905
threshold=0.043196736977941921 0.17499127704117243 0.24885135018094304 0.42732713274306749 0.18857571515166222 4.5000000000000009 -0.048242920180405872 0.046956008034970138 0.14215376355728346 0.10302359619909864 -0.02566706536195695 -0.027890350145055472 -0.013054566765338541 6.3599457673022277 -0.02566706536195695
decision_type=10 8 2 10 8 2 8 8 10 10 10 10 8 2 8
left_child=7 5 4 -4 -3 6 -2 10 9 -9 11 -1 -12 -10 -7
right_child=1 2 3 -5 -6 14 -8 8 13 -11 12 -13 -14 -15 -16
leaf_value=-2.2172972351028417e-05 8.1046253136312851e-05 0.00020619489467460121 2.5076002388188516e-05 0.00095296003027385513 1.1700242653114359e-06 -0.00026674434459843076 -0.00015288452921931084 -8.5538342383648942e-06 -0.00037919739780468628 0.00070597750620860823 5.852498546117646e-06 0.00010375200361885666 -0.00031890368972575518 6.4279504292824837e-05 2.6367765848305177e-05
leaf_weight=321.30239465134218 54.472154816612601 182.24683458171785 135.8040789635852 119.19214802421629 1788.2452898616903 162.43200383707881 855.19317970005795 73.556835009017959 192.72500460036099 46.256129575660452 66.342442183289677 32.221046198625118 1358.6366379926912 7.9312506313435724 518.94225112907588
leaf_count=1864 280 820 704 429 9377 952 2579 621 1553 330 316 222 7639 46 3096
internal_value=-0.000223585 -3.00522e-06 0.000227975 0.00110852 0.000107103 -0.000334284 -0.000616869 -0.00061832 3.85778e-06 0.00147298 -0.000737755 -6.73956e-05 -0.000894791 -0.000809953 2.39793e-05
internal_weight=5915.5 3816.53 2225.49 254.996 1970.49 1591.04 909.665 2098.97 320.469 119.813 1778.5 353.523 1424.98 200.656 681.374
internal_count=30828 18237 11330 1133 10197 6907 2859 12591 2550 951 10041 2086 7955 1599 4048
is_linear=0
shrinkage=0.01444


Tree=125
num_leaves=15
num_cat=0
split_feature=22 15 8 32 8 12 18 5 23 26 33 19 13 32
split_gain=2.22695 1.12447 1.24751 1.32494 0.901792 1.70259 0.744666 0.737556 1.633 0.668451 0.525209 0.208417 0.336021 0.0382336
threshold=0.026915604837319255 1.1308511875982725 0.20954405555492275 0.81530343007915584 0.25197246038145243 0.032565436573383018 0.057777098706278347 -0.013054566765338541 0.031558491065289691 0.56505341822309874 0.087626634249511795 0.0088578494548245141 1.2345844173278511 0.35620052770448557
decision_type=8 8 8 10 8 8 10 8 10 10 10 10 10 10
left_child=4 7 10 -4 11 -6 -7 8 -2 -9 -3 12 -1 -13
right_child=1 2 3 -5 5 6 -8 9 -10 -11 -12 13 -14 -15
leaf_value=0.000123445188199732 6.0169144450959501e-05 -0.00021885512382756935 5.4480071736867227e-05 -7.2585863505028424e-05 4.3017341440202397e-05 -0.00030767982828906618 0.00044779025705808423 -0.00032612380501536881 -0.00045150282670222333 -8.0181782868491452e-07 -7.3271146110385072e-06 -9.4838291324307264e-05 -0.00024817010466967866 -0.00033906463999547825
leaf_weight=6.1395828463137176 12.693889498710631 459.46619135187939 2590.1290905065835 767.74358505662531 9.1072633769363147 176.61987210344523 10.586246967315672 702.34349942207336 23.651714224368334 302.05970187298954 290.93118627555668 23.777477387804538 25.425161554012448 514.82521931175143
leaf_count=50 52 3624 12295 3126 72 1116 98 2861 110 1705 2442 632 556 2089
internal_value=-0.000211178 -0.000100184 4.09038e-06 0.000126212 -0.000939128 -2.4753e-05 -0.00039456 -0.000524152 0.00137696 -0.000606696 -0.000524635 -0.00123069 0 -0.00129764
internal_weight=5915.5 5149.02 4108.27 3357.87 766.481 196.313 187.206 1040.75 36.3456 1004.4 750.397 570.167 31.5647 538.603
internal_count=30828 26215 21487 15421 4613 1286 1214 4728 162 4566 6066 3327 606 2721
is_linear=0
shrinkage=0.01444


Tree=126
num_leaves=16
num_cat=0
split_feature=9 26 33 26 23 12 27 31 28 18 23 19 23 19 23
split_gain=2.41394 1.50667 1.98466 2.21382 1.40147 3.66699 1.39513 0.848754 0.528821 1.33642 1.78019 0.290953 0.388271 0.25498 0.215782
threshold=0.20647695458274853 0.46840619453199672 0.0097496891585894269 0.49375668210976481 0.10008876646753971 0.041546066580402545 1.0549368293682579 4.2750000000000021 -0.016400000000000008 0.0033390715736376646 0.023392045249757135 0.047354635184692122 0.048065990921509656 0.0088578494548245141 0.061524750843249716
decision_type=8 10 10 10 10 10 10 10 10 10 10 10 10 8 10
left_child=8 4 6 -4 7 -6 -3 -2 9 10 -1 13 -13 -10 -11
right_child=1 2 3 -5 5 -7 -8 -9 11 14 -12 12 -14 -15 -16
leaf_value=-0.00056983861973185256 -0.00010210368747807559 -0.00022496325817070715 0.00045498346632795531 0.00011107860534971004 0.00081520430224988661 -0.00023562777956153129 4.953967943483391e-05 -0.00045606244007321444 0.0001095510524820066 -0.00045436536919989015 0.00012524667597147134 3.3464463718685064e-05 -0.0001892411320396303 -0.00030025453944530436 0.0002358889364598197
leaf_weight=51.775584768503904 2111.0177978165448 653.50106766680256 135.93464504182339 1403.1485914615914 44.382568401284516 117.73363126721233 42.682680159807205 272.14850874152035 23.257721349131316 131.91440083971247 64.63424252346158 76.085451246239245 113.76555101340637 662.41408244101331 11.10315701831132
leaf_count=310 9714 3804 558 6852 297 518 82 938 470 822 422 478 1566 3864 133
internal_value=-0.000201069 -5.59545e-05 0.000214177 0.000507369 -0.000298321 0.0009759 -0.000415094 -0.0003907 -0.000800453 -0.000164192 0.000921526 -0.000973818 -0.000362002 -0.00112371 -0.00113924
internal_weight=5915.5 4780.55 2235.27 1539.08 2545.28 162.116 696.184 2383.17 1134.95 259.427 116.41 875.523 189.851 685.672 143.018
internal_count=30828 22763 11296 7410 11467 815 3886 10652 8065 1687 732 6378 2044 4334 955
is_linear=0
shrinkage=0.01444


Tree=127
num_leaves=14
num_cat=0
split_feature=22 31 26 17 8 18 18 8 12 20 18 1 13
split_gain=2.23972 1.11137 1.3642 1.58686 1.42375 1.21206 1.51722 0.901103 1.70259 0.763285 0.744666 0.120989 0.0739073
threshold=0.026915604837319255 3.8299999999999987 0.4306445085591542 1.1971226819323855 0.22871272789544542 -0.023951880168686931 -0.027339399847933706 0.25197246038145243 0.032565436573383018 0.06383745509107118 0.057777098706278347 0.026129227053140098 1.087986798482613
decision_type=8 10 10 8 10 10 10 8 8 10 10 2 10
left_child=7 2 3 -2 -4 6 -3 11 -9 -7 -10 -1 -13
right_child=1 5 4 -5 -6 9 -8 8 10 -11 -12 12 -14
leaf_value=0.00010796913718604148 -0.00020192126705260852 -2.4951149034297004e-05 -0.00010422871908944198 2.2564646544043546e-05 0.00014533493073070071 -0.00044840651271137253 0.0004280199841208629 4.3870547251213311e-05 -0.00030176256143548763 -4.5179593248017323e-05 0.00043972020038723019 -0.00014174811424764934 -0.00032004497755508155
leaf_weight=12.440892009064553 1489.3871690235101 233.59584572445601 468.0821266323328 712.33876237878576 1638.4876421974041 387.31702946871519 34.673530940897763 9.1072633769363147 176.61987210344523 185.13675184268504 10.586246967315672 26.541903911158442 531.18464517965913
leaf_count=40 6597 974 4448 3953 7409 1900 154 72 1116 780 98 106 3181
internal_value=-0.000208838 -9.75436e-05 -7.52204e-07 -0.000255071 0.000258839 -0.000577663 0.000182796 -0.000938807 -2.4753e-05 -0.000956715 -0.00039456 -0.00123025 -0.00126192
internal_weight=5915.5 5149.02 4308.3 2201.73 2106.57 840.723 268.269 766.481 196.313 572.454 187.206 570.167 557.727
internal_count=30828 26215 22407 10550 11857 3808 1128 4613 1286 2680 1214 3327 3287
is_linear=0
shrinkage=0.01444


Tree=128
num_leaves=16
num_cat=0
split_feature=22 9 38 34 15 22 22 8 9 24 17 33 21 23 30
split_gain=2.20653 1.38943 1.66112 1.95836 1.09119 1.33228 1.05219 0.901103 1.54836 2.7957 0.847399 0.490513 0.069018 0.215161 0.0235557
threshold=0.026915604837319255 0.36939844990845516 8.5000000000000018 -0.018767285535426389 1.1308511875982725 0.027730992223660798 0.090543465099206508 0.25197246038145243 0.23483682715422924 10.500000000000002 0.76734947209939397 0.065317173663551623 0.0057892833168930883 0.011048952761073096 15.090000000000002
decision_type=8 8 2 10 10 8 10 8 8 2 10 10 10 10 10
left_child=7 4 6 -4 5 -2 -3 12 9 -9 -6 -10 13 -1 -14
right_child=1 2 3 -5 10 -7 -8 8 11 -11 -12 -13 14 -15 -16
leaf_value=0.00012212756683814853 6.0063269315095436e-06 -9.6329682676581191e-05 -0.00028530032962164502 0.001143691063954343 -0.00042811763703733531 -0.00031057411000134564 0.00018697128580368578 -0.00059706228417849376 -0.00040121216096502068 5.2010049243596565e-05 -1.9579794185728732e-06 2.8630625029919767e-05 -8.4511713787339745e-05 -0.00060192354500540927 -0.00032521143822362189
leaf_weight=12.869923367165027 11.80612971074879 735.45702005783096 84.097290256991982 159.82851669285446 365.91831315960735 624.12092302646488 499.24365856591612 12.414287129417064 143.20989616867155 10.080962777137755 2668.5470067383721 30.608236372470856 22.935124067589641 37.579670681618154 496.7827229835093
leaf_count=476 62 4233 640 407 1918 2845 1788 230 748 18 14322 290 608 292 1951
internal_value=-0.000214114 -0.000103604 0.000265735 0.00135503 -0.000255977 -0.000803911 3.94238e-05 -0.000938807 -2.4753e-05 0.00341791 -0.000136708 -0.000554854 -0.00123025 -0.000288983 -0.00129606
internal_weight=5915.5 5149.02 1478.63 243.926 3670.39 635.927 1234.7 766.481 196.313 22.4952 3034.47 173.818 570.167 50.4496 519.718
internal_count=30828 26215 7068 1047 19147 2907 6021 4613 1286 248 16240 1038 3327 768 2559
is_linear=0
shrinkage=0.01444


Tree=129
num_leaves=16
num_cat=0
split_feature=22 9 35 35 34 23 19 15 7 34 5 21 19 21 26
split_gain=2.26854 1.2733 1.41542 1.92835 1.11371 1.21634 1.09845 1.01699 0.674189 0.816823 0.859021 0.233076 0.205217 0.105591 0.0881875
threshold=0.026915604837319255 0.3402927113402115 4.8832184157383169 4.7751238865433008 -0.002891595339177488 0.020989384891069943 0.022238885811533844 1.4764850893830685 0.24565200207087765 -0.009898753371317735 0.10954091931115544 0.022459528084782365 0.0088578494548245141 0.0057892833168930883 0.67752208110866108
decision_type=8 8 2 2 8 8 8 10 8 8 10 8 10 8 10
left_child=8 4 3 -3 6 -6 -2 -4 12 10 -10 -11 13 -1 -14
right_child=1 2 7 -5 5 -7 -8 -9 9 11 -12 -13 14 -15 -16
leaf_value=0.0001203640468932169 9.8690895124902835e-05 9.0861119231902776e-05 -0.00022225295194381635 0.00035923510379074972 4.1799246444485957e-05 -0.00028173012812207946 -1.7194051244466666e-05 0.00028455267041661684 -0.00033682049336765157 -0.00035587949425464966 4.4937660881004368e-05 7.8728042626459514e-05 -0.00035459323531963341 -0.00023685095652081431 -0.00015079430563239631
leaf_weight=10.803602622821929 106.35625440999866 1377.8096287751105 342.39639251376502 60.014503067359328 43.023809418082237 825.27273670211434 2317.2433045897633 76.902228732593358 33.739682165905833 98.617963282391429 52.617513322271407 30.734412797726691 497.23431022511795 19.671825634781271 23.061513496562839
leaf_count=102 466 6758 1444 304 148 3458 13383 254 180 386 422 312 2497 424 290
internal_value=-0.00020429 -9.23181e-05 0.000206027 0.000426322 -0.000264612 -0.000710718 -9.92599e-05 -0.000517777 -0.000938807 -0.000179897 0.000826208 -0.000953016 -0.00121181 0 -0.00127928
internal_weight=5915.5 5149.02 1857.12 1437.82 3291.9 868.297 2423.6 419.299 766.481 215.71 86.3572 129.352 550.771 30.4754 520.296
internal_count=30828 26215 8760 7062 17455 3606 13849 1698 4613 1300 602 698 3313 526 2787
is_linear=0
shrinkage=0.01444


Tree=130
num_leaves=15
num_cat=0
split_feature=1 26 33 27 5 23 10 5 24 21 21 35 0 35
split_gain=2.14254 1.33386 2.11342 1.4532 1.44066 1.27894 4.22576 0.724389 1.49465 0.676428 1.06718 0.570694 0.325795 0.239159
threshold=0.073762755102040833 0.4306445085591542 0.025999877546902587 0.53552226596340702 0.24494432774462555 0.10008876646753971 0.21754225402977143 -1.0000000180025095e-35 11.500000000000002 0.024333671193497466 0.026776357431741737 2.5277246549430248 0.35152500000000009 4.9341140629585647
decision_type=2 10 10 10 10 10 10 8 2 10 10 2 2 2
left_child=7 5 4 -4 -3 11 -7 8 13 12 -11 -2 -9 -1
right_child=1 2 3 -5 -6 6 -8 9 -10 10 -12 -13 -14 -15
leaf_value=-0.00050316498844248201 2.1079134384324512e-05 -9.471496960498101e-05 0.00028955238071029862 -6.1668422987108982e-05 0.00040971598491675975 0.0010974578842628019 -4.0430749357978769e-05 -0.00040573161836679586 0.00020887365941321836 2.6278048822778639e-05 -0.00027661078859034206 -0.00016553698852185561 -0.00019215620458707636 0.0004435256293360671
leaf_weight=42.427356753498316 167.54841542500071 914.65184204909019 977.35327417869121 160.1804034691304 371.84213199885562 24.198119498323649 109.6592711317353 549.06529374909587 21.954333066940308 88.276124622672796 476.88443611934781 1729.0665068016388 272.52215926581994 9.8700136265251768
leaf_count=274 938 3731 5676 1020 1753 208 577 3600 32 510 3011 7832 1601 65
internal_value=-0.000182639 -2.21821e-05 0.000203297 0.000659194 -0.000189753 -0.000297792 0.00103687 -0.000662713 0.000631433 -0.000741668 -0.000321806 -0.000399165 -0.00101415 -0.000486734
internal_weight=5915.5 4454.5 2424.03 1137.53 1286.49 2030.47 133.857 1461 74.2517 1386.75 565.161 1896.61 821.587 52.2974
internal_count=30828 21735 12180 6696 5484 9555 785 9093 371 8722 3521 8770 5201 339
is_linear=0
shrinkage=0.01444


Tree=131
num_leaves=15
num_cat=0
split_feature=22 8 12 20 30 23 8 5 12 18 12 19 13 30
split_gain=1.8915 1.19285 1.60553 1.07411 1.15195 1.66715 0.970531 2.31865 0.93468 0.882173 0.71916 0.208259 0.336021 0.0412985
threshold=0.026915604837319255 0.25197246038145243 0.032565436573383018 0.10423571348233222 20.240000000000006 0.020989384891069943 0.43568107629434277 0.25558295473729864 0.042097930913720508 0.10842616639931758 0.07974794373600895 0.0088578494548245141 1.2345844173278511 15.090000000000002
decision_type=8 8 8 10 10 8 8 8 10 10 8 10 10 10
left_child=1 11 -3 4 9 -6 8 -8 -5 -2 -4 12 -1 -13
right_child=3 2 10 6 5 -7 7 -9 -10 -11 -12 13 -14 -15
leaf_value=0.00012448474967113513 -7.607793485805548e-06 4.4611866317685012e-05 3.5471232618776698e-05 0.00053992241442647651 4.5770931674206876e-05 -0.0001599444225462687 1.9236150983993967e-05 0.00092478181886647165 -0.00010120125429358883 0.0015104004198934211 -0.00039104700258540747 -7.2312288419911457e-05 -0.00022757207529507399 -0.00031157036847715092
leaf_weight=6.1395828463137176 3440.503422871232 9.1072633769363147 66.556715459562838 145.09677248075604 41.167701246216893 893.7165527259931 175.99911841657013 88.308689071796834 311.19781629415229 53.028785102069378 120.64940361119807 23.777477387804538 25.425161554012448 514.82521931175143
leaf_count=50 18444 72 512 816 198 4000 661 386 1502 208 702 632 556 2089
internal_value=-0.000223809 -0.000895502 1.09795e-05 -0.000121193 -0.000207267 -0.00065938 0.00038937 0.00108482 0 -8.24476e-05 -0.000217652 -0.00123025 0 -0.00129718
internal_weight=5915.5 766.481 196.313 5149.02 4428.42 934.884 720.602 264.308 456.295 3493.53 187.206 570.167 31.5647 538.603
internal_count=30828 4613 1286 26215 22850 4198 3365 1047 2318 18652 1214 3327 606 2721
is_linear=0
shrinkage=0.01444


Tree=132
num_leaves=16
num_cat=0
split_feature=20 13 11 17 34 1 23 36 28 11 11 18 1 35 18
split_gain=1.8844 1.48292 1.403 1.35889 1.33912 0.943333 1.36231 0.917888 1.01075 0.759944 0.684119 1.16278 0.550284 0.426517 0.415899
threshold=0.047798360384222811 1.5996456281422577 0.20798101209845854 1.2099862915274733 0.026045200945584161 0.080504237288135605 0.044803190177269032 1.0000000180025095e-35 -0.025050000000000013 0.36851452906986726 0.23094480858980357 0.01903509711466023 0.11339743589743592 2.3504206048856529 0.041441408932786701
decision_type=10 10 10 8 10 2 10 2 10 10 8 10 2 2 10
left_child=3 10 14 7 -4 9 -7 13 -9 -5 11 -2 -12 -1 -3
right_child=1 2 4 5 -6 6 -8 8 -10 -11 12 -13 -14 -15 -16
leaf_value=4.5668980093708554e-05 -3.191190276413476e-07 -0.00049414617925294701 0.0004122399983370053 -0.00030503724230227923 -3.5546948750418033e-05 9.9766007958923742e-05 -0.0001786461538543247 -0.00044847069560692836 -3.9183781332703727e-06 0.00044556935274886288 -0.00021760292102409928 0.00049463618379654473 -1.2691990637140682e-05 -0.00027305616421858722 0.0010738141411756788
leaf_weight=29.507052507251501 111.98277563787997 196.32818385958672 977.67244885722175 390.52902048593387 202.21762892603874 349.84786581341177 149.41147191543132 214.73809812264517 813.27457748120651 18.702968956902623 532.01994229247794 30.312599953729659 806.30618356075138 1083.8817789438181 8.7670844420790655
leaf_count=252 609 1716 5458 2517 568 2418 538 1116 4188 90 2389 226 2993 5668 82
internal_value=-0.000223026 3.86568e-05 0.000382195 -0.00047315 0.000579918 0 0.000415889 -0.000671646 -0.000340218 -0.000518686 -0.000273876 0.000642862 -0.000381351 -0.000965585 -0.000690117
internal_weight=5915.5 2865.61 1384.99 3049.89 1179.89 908.491 499.259 2141.4 1028.01 409.232 1480.62 142.295 1338.33 1113.39 205.095
internal_count=30828 14041 7824 16787 6026 5563 2956 11224 5304 2607 6217 835 5382 5920 1798
is_linear=0
shrinkage=0.01444


Tree=133
num_leaves=16
num_cat=0
split_feature=9 26 33 9 23 23 11 9 26 14 17 35 19 19 33
split_gain=2.16627 1.54704 1.74771 1.49203 1.14176 2.09415 1.12702 1.10883 0.59992 0.705335 1.64898 0.455051 0.302893 0.102393 0.0190274
threshold=0.20647695458274853 0.46840619453199672 0.06177235953351546 0.37158804893283176 0.14285714285714288 0.14552291921863469 0.32247718637151185 0.21000679817476006 0.30238808098089548 1.2424289909483839 0.74705430284724772 2.434050990843478 0.055575959170075205 0.057139249546424957 0.16827423648086184
decision_type=8 10 10 10 10 10 10 10 8 10 10 2 10 10 8
left_child=8 4 3 -3 6 -6 -2 -4 12 10 -10 -11 14 -14 -1
right_child=1 2 7 -5 5 -7 -8 -9 9 11 -12 -13 13 -15 -16
leaf_value=-0.00033208735226633243 -1.3892752696156576e-05 -5.967448331604725e-05 0.0036448119642643415 0.00028506345612032213 0.0010856238778019977 -0.00041337604863501037 -0.00025501565727538352 0.0003807044058287758 1.6448065649532727e-06 0.00023288845870038228 -0.0002036953020116696 -0.00015651750356608611 0.00011571739670523952 -0.0004309322497524071 -9.0923859664722217e-05
leaf_weight=394.61007922142744 1472.1211347421631 1010.442951941397 11.490830622613428 668.51693461928517 8.1057988032698649 19.264335190877318 1045.7912374902517 544.81626714672893 8.0750103089958412 9.3902367413975281 40.448877859860659 625.36837510997429 5.9639528458937994 31.965070751029998 19.128588361199945
leaf_count=1566 7184 4859 96 2401 34 185 4064 3940 40 64 275 4982 34 456 648
internal_value=-0.000196058 -5.84114e-05 0.000215342 -9.47692e-06 -0.000303958 0.00254563 -0.000340687 0.000916695 -0.000763998 -0.000461318 0.00111709 -0.000603457 -0.00119181 0 -0.00130495
internal_weight=5915.5 4780.55 2235.27 1678.96 2545.28 27.3701 2517.91 556.307 1134.95 683.283 48.5239 634.759 451.668 37.929 413.739
internal_count=30828 22763 11296 7260 11467 219 11248 4036 8065 5361 315 5046 2704 490 2214
is_linear=0
shrinkage=0.01444


Tree=134
num_leaves=16
num_cat=0
split_feature=22 34 26 9 4 7 18 20 11 9 20 18 26 16 21
split_gain=1.99021 1.21927 1.53942 1.56615 1.09412 0.923813 1.22136 2.77256 0.854078 0.905769 0.538457 0.450518 0.084744 0.0834222 0.0185469
threshold=0.026915604837319255 0.032758122151732467 0.35757682266353746 0.35360212852558209 0.17597113209228191 0.24565200207087765 0.050208029009964468 0.019927475591904251 0.22981490318316075 0.2244528673715489 0.019253535859396351 -0.050144634961910343 0.6619804778504389 1.2145532133127268 0.017186651170250398
decision_type=8 10 10 10 8 8 10 8 10 10 10 8 10 10 10
left_child=5 2 4 -4 -2 12 11 -8 9 -3 -10 -7 13 -1 -14
right_child=1 8 3 -5 -6 6 7 -9 10 -11 -12 -13 14 -15 -16
leaf_value=-0.000318531139273066 -0.000156641322336987 -0.00068361049384737724 -2.7041781273537589e-06 0.00034893460731123843 3.0440877620496177e-05 4.4794910188140195e-05 -0.00044130678528535414 0.00042859353227016865 3.9894987767054939e-05 0.00077759594028168971 -0.00014486192819783986 -0.00025115428885162558 -0.00043543981360519529 -0.00054756580634199325 0.00043362175253936072
leaf_weight=479.58958876226097 1489.0625021331944 20.377220820635557 1945.7280406281352 900.54151520878077 245.91865816805512 20.180407713167369 13.950234713032843 10.302252698689697 28.645910747349262 25.795754671096802 492.94925583153963 171.27667644340545 17.000305376015607 45.426270230673254 8.7550876103341562
leaf_count=2447 7162 94 12128 3913 1360 186 94 48 106 72 1380 972 246 520 100
internal_value=-0.000202954 -9.78585e-05 -1.66664e-05 0.000186977 -0.000358244 -0.000891307 -2.63057e-05 0.00291971 -0.000729295 0.00101566 -0.000909752 -0.000475042 -0.00120597 -0.0012487 0
internal_weight=5915.5 5149.02 4581.25 2846.27 1734.98 766.481 215.71 24.2525 567.768 46.173 521.595 191.457 550.771 525.016 25.7554
internal_count=30828 26215 24563 16041 8522 4613 1300 142 1652 166 1486 1158 3313 2967 346
is_linear=0
shrinkage=0.01444


Tree=135
num_leaves=14
num_cat=0
split_feature=22 15 9 33 27 7 12 26 20 4 16 1 26
split_gain=2.07122 1.11932 1.28256 1.3387 1.04797 0.923813 1.55885 0.726766 1.64764 1.12459 0.574111 0.116909 0.0922851
threshold=0.026915604837319255 1.1308511875982725 0.3402927113402115 0.0097496891585894269 0.97291879549105864 0.24565200207087765 0.032565436573383018 0.56505341822309874 0.029350114839672262 0.26111818795396802 1.0767371578976908 0.026129227053140098 0.6619804778504389
decision_type=8 8 10 10 10 8 8 10 8 8 8 2 10
left_child=5 7 4 -4 -3 11 -7 9 -9 -2 -8 -1 -13
right_child=1 2 3 -5 -6 6 10 8 -10 -11 -12 12 -14
leaf_value=0.00011719322201231917 -0.00031582062131683416 -2.2508823159812982e-05 -6.9823991644997181e-05 0.00032525393816026249 4.6067328315972246e-05 4.4148072462691295e-05 4.1030393608148657e-05 0.00083571365098443452 -2.7243899843368899e-05 1.1814898423430547e-06 -0.00023861890701944597 -0.00032269243254364892 -0.00013273860081148878
leaf_weight=12.440892009064553 700.10285420157015 2930.6186710856855 291.50285183358938 835.80227702017874 50.346253251191229 9.6807656940072757 56.348082169890404 39.116892090067267 268.61689252406359 32.912166202440858 149.68072370439768 512.57496698386967 25.755392986349761
leaf_count=40 2805 16900 1297 3138 152 90 358 238 1499 186 852 2927 346
internal_value=-0.000189499 -8.24009e-05 2.1731e-05 0.000439211 -0.000131808 -0.000891307 -2.63057e-05 -0.000505817 4.38661e-05 -0.000754288 -0.000358551 -0.00120597 -0.00123822
internal_weight=5915.5 5149.02 4108.27 1127.31 2980.96 766.481 215.71 1040.75 307.734 733.015 206.029 550.771 538.33
internal_count=30828 26215 21487 4435 17052 4613 1300 4728 1737 2991 1210 3313 3273
is_linear=0
shrinkage=0.01444


Tree=136
num_leaves=14
num_cat=0
split_feature=9 30 26 5 17 17 27 9 18 18 26 26 20
split_gain=1.7326 1.35548 1.69006 2.25675 0.887698 1.97717 0.799211 0.725682 1.20116 0.870081 0.513707 0.663706 0.264932
threshold=0.20647695458274853 19.815000000000001 0.38934220509884138 0.17499127704117243 1.870996280366976 2.0207674731564391 0.14922762945699461 0.60371201669732366 -0.0052885783244999143 -0.023951880168686931 0.30238808098089548 0.31739051936947976 0.059253533014546202
decision_type=8 10 10 10 10 10 10 10 10 10 8 10 10
left_child=4 2 6 -4 10 -6 -2 9 -9 -3 12 -12 -1
right_child=1 7 3 -5 5 -7 -8 8 -10 -11 11 -13 -14
leaf_value=-0.0003092718820280763 2.5494189502402472e-05 3.8610620291326119e-06 -4.7147983198299015e-05 0.00027439507763624414 1.3800033416303783e-05 -0.000326942867013166 -0.00014462642666709968 -6.0485668795010435e-06 0.0012115834833235268 -0.00029596711289253891 1.1644291495311248e-06 -0.00018142448849441169 4.9505517514924002e-05
leaf_weight=421.92993375845253 488.82580522936769 306.35919910669327 854.97209049575031 1168.326738628326 12.502236495725809 20.604410284664482 1053.9985276157968 23.48293748497963 27.182646989822388 857.40154500585049 129.69355683634058 526.24073368078098 23.97932014381513
leaf_count=2270 2716 1192 3884 6225 98 154 4732 76 170 3768 562 4605 376
internal_value=-0.000200363 -7.68382e-05 6.18173e-05 0.000339301 -0.000708841 0.00147192 -0.000293591 -0.000494612 0.0011034 -0.000575921 -0.000786951 -0.000493863 -0.00118761
internal_weight=5915.5 4780.55 3566.12 2023.3 1134.95 33.1066 1542.82 1214.43 50.6656 1163.76 1101.84 655.934 445.909
internal_count=30828 22763 17557 10109 8065 252 7448 5206 246 4960 7813 5167 2646
is_linear=0
shrinkage=0.01444


Tree=137
num_leaves=14
num_cat=0
split_feature=22 13 26 17 33 22 11 27 11 23 10 13 2
split_gain=1.9902 1.17362 1.15847 1.46744 0.966189 0.938337 0.636337 0.635041 1.73328 0.404028 0.372377 0.0753458 0.0890886
threshold=0.026915604837319255 1.2709368249201309 0.32911528106476756 1.7007213609953944 0.017773242667485926 0.027730992223660798 0.24502126456719911 0.29755175303635173 0.25434291049791585 0.01899030616591069 0.32477212390055843 1.087986798482613 0.042802321060394853
decision_type=8 8 10 10 10 8 8 10 8 8 10 10 2
left_child=6 5 4 -4 -3 -2 11 8 -8 -7 -9 -1 -13
right_child=1 2 3 -5 -6 9 7 10 -10 -11 -12 12 -14
leaf_value=-0.00019538774215816846 1.1476148128270849e-06 9.9171820366006626e-06 4.3276267027208686e-06 0.00059460897446847807 -0.00017418224149582024 7.327125928675027e-05 4.588818913421017e-05 -0.00032751023416514359 -0.00023435745574595257 -0.00016810546333540974 9.3208838697332754e-06 -0.00011741512162151318 -0.00031158225781688468
leaf_weight=25.030663702636957 18.179197024554014 423.92620499804616 2675.7589992205612 148.22282197698951 835.82711022160947 16.24554905295372 11.390986574813722 119.33518069237471 68.59831878868863 1030.8589757140726 64.59830938000232 15.946988282259552 461.58037612680346
leaf_count=104 90 2722 14056 950 3941 92 58 736 514 4364 444 98 2659
internal_value=-0.000200805 -9.57169e-05 1.25282e-05 0.000178044 -0.000348036 -0.000522743 -0.000889108 -0.000249309 0.000742385 -0.000589987 -0.000752474 -0.00119844 -0.0012427
internal_weight=5915.5 5149.02 4083.74 2823.98 1259.75 1065.28 766.481 263.923 79.9893 1047.1 183.933 502.558 477.527
internal_count=30828 26215 21669 15006 6663 4546 4613 1752 572 4456 1180 2861 2757
is_linear=0
shrinkage=0.01444


Tree=138
num_leaves=15
num_cat=0
split_feature=22 8 12 15 9 26 27 5 23 12 26 19 21 26
split_gain=1.94071 1.1769 1.60553 1.10349 1.15127 1.25481 1.0658 0.738317 1.633 0.71916 0.697125 0.206994 0.130536 0.0630983
threshold=0.026915604837319255 0.25197246038145243 0.032565436573383018 1.1308511875982725 0.3402927113402115 0.35757682266353746 0.97291879549105864 -0.013054566765338541 0.031558491065289691 0.07974794373600895 0.56505341822309874 0.0088578494548245141 0.0057892833168930883 0.64922945152532741
decision_type=8 8 8 8 10 10 10 8 10 8 10 10 10 10
left_child=1 11 -3 7 6 -6 -5 8 -2 -4 -9 12 -1 -13
right_child=3 2 9 4 5 -7 -8 10 -10 -11 -12 13 -14 -15
leaf_value=0.00014105622511329199 5.0294620358970496e-05 4.5464384751773007e-05 3.5813030624913579e-05 -2.154107912019456e-05 -0.00012381945144740938 0.00035878872225662698 4.528387237172038e-05 -0.00030888849072438675 -0.00042256329694884609 -0.00037371369650723277 -2.4823959209239521e-07 -0.00027989285082248133 -0.00020559098102931794 -0.00012520568519062145
leaf_weight=11.444206640589984 12.693889498710631 9.1072633769363147 66.556715459562838 2930.6186710856855 277.79363702237606 849.51149183139205 50.346253251191229 702.34349942207336 23.651714224368334 120.64940361119807 302.05970187298954 513.01665144367144 20.12053775973618 25.586045255884528
leaf_count=484 52 72 512 16900 1117 3318 152 2861 110 702 1705 2371 122 350
internal_value=-0.000209053 -0.000889007 1.09795e-05 -0.000105208 0 0.000394178 -0.000147438 -0.000525074 0.00137696 -0.000217652 -0.000607653 -0.00122153 0 -0.00128823
internal_weight=5915.5 766.481 196.313 5149.02 4108.27 1127.31 2980.96 1040.75 36.3456 187.206 1004.4 570.167 31.5647 538.603
internal_count=30828 4613 1286 26215 21487 4435 17052 4728 162 1214 4566 3327 606 2721
is_linear=0
shrinkage=0.01444


Tree=139
num_leaves=14
num_cat=0
split_feature=22 8 8 17 16 16 6 18 16 7 16 1 13
split_gain=1.94356 1.17715 1.39344 1.06512 1.12202 1.37351 0.860836 0.605569 0.586978 0.564256 0.33574 0.119504 0.0719293
threshold=0.026915604837319255 0.25197246038145243 0.25898689204545827 0.7091153986949339 1.2333466345025632 1.2269171740558213 1.8119529412284596 -0.050144634961910343 0.62799140913292517 0.28215753104194291 1.1653050110084806 0.026129227053140098 1.087986798482613
decision_type=8 8 8 8 10 10 8 8 10 10 10 2 10
left_child=1 11 -3 8 5 -5 -6 -4 9 -2 -10 -1 -13
right_child=3 2 7 4 6 -7 -8 -9 10 -11 -12 12 -14
leaf_value=0.00011514276246030838 -0.00065221220446723426 3.5295891084426495e-05 4.8585984970607792e-05 4.0478983001581917e-07 0.00058084192827934935 0.00021790775872376124 -8.9593597699341471e-05 -0.00033459883530156676 -0.00038030657137569319 0.0014447733124477711 -2.326352717287034e-05 -9.3684655040403842e-05 -0.00027227029940111519
leaf_weight=12.440892009064553 14.607302270829679 15.206911662593482 14.056449317373334 4044.7770635853522 43.717860240489244 25.508460536599159 516.23895321972668 167.0500214677304 410.80288651026785 11.998636934906243 81.367694910615683 26.541903911158442 531.18464517965913
leaf_count=40 82 98 146 20682 196 72 2716 1042 1895 86 486 106 3181
internal_value=-0.000208669 -0.000889108 1.09795e-05 -0.000104752 -3.2232e-05 4.81878e-05 -0.000639621 -0.000279386 -0.000726078 0.00114865 -0.000855173 -0.00122166 -0.00125314
internal_weight=5915.5 766.481 196.313 5149.02 4630.24 4070.29 559.957 181.106 518.777 26.6059 492.171 570.167 557.727
internal_count=30828 4613 1286 26215 23666 20754 2912 1188 2549 168 2381 3327 3287
is_linear=0
shrinkage=0.01444


Tree=140
num_leaves=15
num_cat=0
split_feature=21 21 19 5 12 16 9 12 31 11 26 21 19 27
split_gain=1.77476 1.97754 2.20509 1.60227 2.27635 3.51163 1.05754 1.58425 0.882786 0.767564 0.326563 0.631138 0.308887 0.0327016
threshold=0.017713051425618662 0.018474100133203185 0.056426713567540178 -1.0000000180025095e-35 0.043122751397825669 1.0903898573666564 0.32689277023708957 0.037857988664036023 2.6700000000000021 0.25434291049791585 0.30653115340148002 0.0081551253523910114 0.04141830220028387 0.12035725491694427
decision_type=10 10 10 10 10 10 10 10 10 8 10 8 10 10
left_child=3 2 9 4 13 -6 8 -8 -3 -2 12 -12 -5 -1
right_child=1 6 -4 10 5 -7 7 -9 -10 -11 11 -13 -14 -15
leaf_value=0.00010260983261744947 0.00043787893983371942 -1.1641496451684362e-05 0.0011190348941317184 -0.00030158997041818488 0.00043877578392985324 -6.0363764708782426e-05 0.00082779406041414642 1.6505033515690902e-06 -0.00016588173339429968 -0.00012629693783228774 4.4198752884772381e-05 -0.00031211077439280139 2.0319984377947183e-05 -0.00018346302545716386
leaf_weight=8.0153317642398161 45.44575550686568 2005.7761315880343 13.989105973392723 466.18527038348839 18.119163010269403 14.154362006578593 117.11645185388625 1605.4129257146269 914.05211684294045 35.013483231887221 94.200440690852702 504.36268032761291 42.884420103859156 30.772042757831514
leaf_count=62 214 11020 66 2884 62 98 660 6444 3738 166 654 3838 730 192
internal_value=-0.000217913 -8.99453e-05 0.00196366 -0.00072079 0.00130225 0.00417465 -0.000134775 0.000143826 -0.000303613 0.000835177 -0.000862981 -0.00058661 -0.00116125 -0.000780271
internal_weight=5915.5 4736.81 94.4483 1178.69 71.0609 32.2735 4642.36 1722.53 2919.83 80.4592 1107.63 598.563 509.07 38.7874
internal_count=30828 22308 446 8520 414 160 21862 7104 14758 380 8106 4492 3614 254
is_linear=0
shrinkage=0.01444


Tree=141
num_leaves=15
num_cat=0
split_feature=22 15 27 34 8 12 18 26 19 34 19 13 34 26
split_gain=1.9683 1.31979 1.01679 0.990817 0.988669 1.66302 0.713125 0.616739 0.993317 0.409233 0.206994 0.334794 0.0633247 0.0630983
threshold=0.026915604837319255 1.1308511875982725 0.0022332274004945273 0.032758122151732467 0.25197246038145243 0.032565436573383018 0.057777098706278347 0.56505341822309874 0.043483437126275733 -0.03626991995889161 0.0088578494548245141 1.2345844173278511 -0.056652014296648338 0.64922945152532741
decision_type=8 8 8 10 8 8 10 10 8 8 10 10 10 10
left_child=4 7 12 -4 10 -6 -7 9 -9 -2 11 -1 -3 -12
right_child=1 2 3 -5 5 6 -8 8 -10 -11 13 -13 -14 -15
leaf_value=0.00013973395123950168 -1.0175012981401297e-05 -4.7990581723102217e-05 8.1427237450674942e-06 -6.9611985939638506e-05 4.3468069821417248e-05 -0.00025038918302628516 0.00043117972958726903 0.00071477290026442368 -2.3205330768090325e-05 -0.00036509215984659421 -0.00027255785374348941 -0.00019932890166021223 -0.00069893741567921225 -0.00011495926470975618
leaf_weight=6.1395828463137176 163.42349742166698 10.113486768212168 3535.1036996422336 436.98705626279116 9.1072633769363147 176.61987210344523 10.586246967315672 64.598250823095441 243.13553379103541 569.59152298234403 513.01665144367144 25.425161554012448 126.06581051740795 25.586045255884528
leaf_count=50 1078 466 19531 1176 72 1116 98 486 1251 1913 2371 556 314 350
internal_value=-0.000232096 -0.000127464 -7.8404e-06 3.10906e-05 -0.000917318 0 -0.000333308 -0.00058684 -5.18949e-07 -0.000814956 -0.00122153 0 -0.00123463 -0.00128823
internal_weight=5915.5 5149.02 4108.27 3972.09 766.481 196.313 187.206 1040.75 307.734 733.015 570.167 31.5647 136.179 538.603
internal_count=30828 26215 21487 20707 4613 1286 1214 4728 1737 2991 3327 606 780 2721
is_linear=0
shrinkage=0.01444


Tree=142
num_leaves=16
num_cat=0
split_feature=9 30 9 5 9 12 36 5 21 28 19 19 19 34 34
split_gain=2.06993 1.49952 1.23339 2.57997 1.18514 0.92064 0.906186 0.796049 0.408546 0.448504 0.704615 0.338504 0.176664 0.159976 0.106722
threshold=0.20647695458274853 19.815000000000001 0.35360212852558209 0.17499127704117243 0.60371201669732366 0.085402269742225659 1.0000000180025095e-35 -0.18061242572475064 0.017713051425618662 -0.014050000000000005 0.041107894054240875 0.065817972428874896 0.0088578494548245141 -0.064949521906592741 -0.010953178603129885
decision_type=8 10 10 10 10 10 2 10 8 10 8 10 10 10 10
left_child=8 2 5 -4 7 -2 -6 -3 12 10 -10 -11 14 -14 -1
right_child=1 4 3 -5 6 -7 -8 -9 9 11 -12 -13 13 -15 -16
leaf_value=-0.00019519104584372361 -3.0165403106096467e-08 0.00021119759121590554 -3.6786725321132328e-05 0.00059823320367806052 3.6827672429502621e-05 -0.00012684540614188488 0.0011898203625537393 -0.00015118118191738718 0.00013125322150942713 -0.00021598404493767604 -0.00031423055769689792 3.9375068396040361e-06 -2.80415471955522e-05 -0.00023126969981935837 0.00013771619540947229
leaf_weight=17.615226335823539 2342.2321319258772 14.091538488864897 494.7373996861279 423.60568320937455 31.72278955578804 305.54794714786112 18.942794919013977 1149.6692056236789 67.817358120344579 417.79978683032095 86.452112351544201 59.050968382507563 34.984435176476836 440.71014919877052 10.520154803991316
leaf_count=136 12867 44 1757 1959 158 974 88 4916 656 3400 638 824 534 1855 22
internal_value=-0.000224822 -9.00685e-05 5.588e-05 0.000514032 -0.000529245 -9.81549e-05 0.00154887 -0.000631659 -0.000780568 -0.000495966 0.000110005 -0.000719329 -0.00111018 -0.00117586 0
internal_weight=5915.5 4780.55 3566.12 918.343 1214.43 2647.78 50.6656 1163.76 1134.95 631.12 154.269 476.851 503.83 475.695 28.1354
internal_count=30828 22763 17557 3716 5206 13841 246 4960 8065 5518 1294 4224 2547 2389 158
is_linear=0
shrinkage=0.01444


Tree=143
num_leaves=14
num_cat=0
split_feature=22 34 26 0 8 8 4 31 8 27 24 1 13
split_gain=2.12288 1.21898 1.42333 1.49099 0.989752 1.46372 0.952836 0.876238 0.662731 0.964357 0.539041 0.11948 0.0718981
threshold=0.026915604837319255 0.032758122151732467 0.32911528106476756 0.69537500000000019 0.25197246038145243 0.25898689204545827 0.17597113209228191 1.6750000000000009 0.27863076177573431 0.38514719608246162 9.5000000000000018 0.026129227053140098 1.087986798482613
decision_type=8 10 10 2 8 8 8 8 10 8 2 2 10
left_child=4 2 6 -4 11 -6 -2 -7 9 -3 -10 -1 -13
right_child=1 8 3 -5 5 7 -8 -9 10 -11 -12 12 -14
leaf_value=0.00010883549844409153 -0.00016598985494311921 0.00026270355638089842 -7.2358256167965606e-07 0.00041646377537298484 3.5796953702786172e-05 4.6618932381086163e-05 4.9029731178443368e-05 -0.0003531801325825976 -6.6423736428890956e-05 -0.0001200449558224765 -0.00014899812827510016 -8.5109210705824168e-05 -0.00025982460733557633
leaf_weight=12.440892009064553 1229.0497407088988 63.376713823527098 2470.0992905120365 657.15364826098084 15.206911662593482 45.375138902105391 224.94803665624931 135.73133188299835 114.90494683757424 51.209393601864576 338.27708780765533 26.541903911158442 531.18464517965913
leaf_count=40 6166 210 14106 3029 98 424 1262 764 822 186 434 106 3181
internal_value=-0.00020637 -9.79322e-05 -1.67494e-05 0.000153804 -0.000917158 0 -0.000392494 -0.000398247 -0.000729295 0.000156735 -0.000982094 -0.00122153 -0.001253
internal_weight=5915.5 5149.02 4581.25 3127.25 766.481 196.313 1454 181.106 567.768 114.586 453.182 570.167 557.727
internal_count=30828 26215 24563 17135 4613 1286 7428 1188 1652 396 1256 3327 3287
is_linear=0
shrinkage=0.01444


Tree=144
num_leaves=13
num_cat=0
split_feature=22 13 9 33 21 22 7 12 31 31 19 21
split_gain=2.03952 1.1148 1.12584 1.92978 0.954716 0.924272 0.922291 1.55757 0.658577 0.402121 0.202105 0.105591
threshold=0.026915604837319255 1.2709368249201309 0.36939844990845516 0.0097496891585894269 0.026776357431741737 0.027730992223660798 0.24565200207087765 0.032565436573383018 1.9350000000000007 1.9350000000000007 0.0088578494548245141 0.0057892833168930883
decision_type=8 8 10 10 8 8 8 8 8 8 10 8
left_child=6 5 4 -4 -3 -2 10 -8 -9 -7 11 -1
right_child=1 2 3 -5 -6 9 7 8 -10 -11 -12 -13
leaf_value=0.00013695655146364188 1.9664964027040644e-06 5.1025274131614708e-06 -0.00014175091318762884 0.00044878991621385072 -7.1573931517570545e-05 -3.9524295093701288e-05 4.2167650661477142e-05 2.7405290193785054e-05 -0.00024167321699933804 -0.00021375991816135621 -0.00030276478274581951 -0.00018988017764816169
leaf_weight=10.803602622821929 18.179197024554014 1071.6937208538875 231.61600113660097 608.70375492610037 2171.7216595006175 421.02202378213406 9.6807656940072757 57.521238873712718 148.50756700057536 626.08250098489225 520.29582372168079 19.671825634781271
leaf_count=102 90 5336 954 2232 13147 2012 90 396 814 2444 2787 424
internal_value=-0.000192167 -8.58569e-05 1.96064e-05 0.000493109 -9.90991e-05 -0.000502229 -0.000888686 -2.44481e-05 -0.000356606 -0.000569117 -0.00120305 0
internal_weight=5915.5 5149.02 4083.74 840.32 3243.42 1065.28 766.481 215.71 206.029 1047.1 550.771 30.4754
internal_count=30828 26215 21669 3186 18483 4546 4613 1300 1210 4456 3313 526
is_linear=0
shrinkage=0.01444


Tree=145
num_leaves=16
num_cat=0
split_feature=21 4 12 16 32 20 21 9 18 18 11 18 32 18 23
split_gain=1.47516 1.61373 2.19865 3.52624 1.09925 1.19361 1.76295 0.807913 1.19934 1.07916 0.464842 0.428535 0.880258 0.407447 0.0626971
threshold=0.016948649683197401 0.99049986375149623 0.043122751397825669 1.0903898573666564 0.83839050131926129 0.020204993222008864 0.018474100133203185 0.60371201669732366 -0.0052885783244999143 -0.023951880168686931 0.31372656665839938 0.057777098706278347 0.72559366754617427 -0.02566706536195695 0.041690091699083255
decision_type=10 8 10 10 10 10 8 10 10 10 10 10 10 8 8
left_child=1 11 14 -4 5 10 -7 9 -9 -6 -2 13 -13 -1 -3
right_child=4 2 3 -5 7 6 -8 8 -10 -11 -12 12 -14 -15 -16
leaf_value=-3.0127755117826657e-05 -0.0002769871121557115 -0.00016541478040204031 0.00043225949213807649 -4.4093070841785088e-05 3.8924253930031918e-05 0.00036533045775043914 4.8773752764181717e-07 -1.2031295496172535e-05 0.0011683103889612292 -0.00031048541945442469 3.4873561461858027e-05 0.0010130235090835128 -0.00064706392520839993 -0.00032691169656956932 0.00010094777132657171
leaf_weight=174.25862011499703 243.33180620986968 32.524026580620557 18.173887664452195 14.552585489116607 258.17870094906539 119.72551168594509 3374.4556566765532 22.039746820926666 26.623212516307831 739.58311686944216 59.138966269791126 24.633321516215801 35.286727709230036 767.33871100610122 5.6550836777314535
leaf_count=1250 1234 246 74 244 1046 540 16102 66 166 3314 284 184 139 5767 172
internal_value=-0.000209118 -0.000695613 0.00133187 0.00411617 -9.86207e-05 1.22556e-05 9.10272e-05 -0.0005132 0.00120705 -0.000610839 -0.00085302 -0.000852879 0.000156917 -0.000931088 -0.000741668
internal_weight=5915.5 1072.42 70.9056 32.7265 4843.08 3796.65 3494.18 1046.42 48.663 997.762 302.471 1001.52 59.92 941.597 38.1791
internal_count=30828 8076 736 318 22752 18160 16642 4592 232 4360 1518 7340 323 7017 418
is_linear=0
shrinkage=0.01444


Tree=146
num_leaves=15
num_cat=0
split_feature=9 15 26 33 24 9 18 31 26 27 9 31 34 31
split_gain=1.98926 1.47856 1.09863 1.49857 0.826476 0.619951 0.48959 0.39363 0.279402 0.457494 1.18773 0.339884 0.0975811 0.00151715
threshold=0.18588624619202479 1.1308511875982725 0.37593263087608786 0.06177235953351546 11.500000000000002 0.42479800198887291 -0.022500659200633873 1.9350000000000007 0.30443371873422181 0.05917923691215618 0.16452114963468259 0.31000000000000055 -0.061614210553239394 2.7750000000000008
decision_type=8 8 10 10 2 10 10 8 10 8 10 8 10 8
left_child=8 5 4 -4 -3 7 -7 -2 12 10 -10 -11 13 -1
right_child=1 2 3 -5 -6 6 -8 -9 9 11 -12 -13 -14 -15
leaf_value=-4.5105244516773239e-05 -9.0942726857350998e-05 -0.00014303123026023452 -9.4016447951092902e-07 0.00027176342400658397 1.3708586054931021e-05 -0.00012059634125510924 0.00015350356927338989 -0.00023125260949633731 -0.00018241771195628899 -8.3122587283930659e-06 0.00073692338878742229 -0.00038093734463128578 -0.00034576512363938464 0.00018079633706815214
leaf_weight=35.001076465006918 349.69366410002112 1116.9884200196248 1732.0067876435351 734.92363310977817 538.84902635216713 72.41504462249577 179.94490117672831 490.92672031372786 23.262204699218273 95.032262170687318 13.031894847750662 208.00324099930003 321.65250343643129 3.7683017998933783
leaf_count=410 1794 7125 7221 4980 778 290 906 2088 290 718 144 2154 1110 820
internal_value=-0.000210789 -0.000110898 1.11996e-05 0.000207336 -0.000273081 -0.000583199 0 -0.000771904 -0.000935969 -0.000561928 0.000795198 -0.000768748 -0.00125045 -0.000111918
internal_weight=5915.5 5215.75 4122.77 2466.93 1655.84 1092.98 252.36 840.62 699.751 339.33 36.2941 303.036 360.422 38.7694
internal_count=30828 25182 20104 12201 7903 5078 1196 3882 5646 3306 434 2872 2340 1230
is_linear=0
shrinkage=0.01444


Tree=147
num_leaves=15
num_cat=0
split_feature=9 13 11 24 9 14 5 9 35 20 31 16 2 31
split_gain=1.72644 1.2131 0.998884 3.38452 1.09338 0.593267 1.59725 0.485539 0.459956 0.344768 0.28035 0.129398 0.101357 0.0994399
threshold=0.18588624619202479 1.2513875976862214 0.15552647449292845 11.500000000000002 0.25089106016211965 1.2373399487647403 -0.013054566765338541 0.4144449645236008 6.5444079719934471 0.029350114839672262 0.31000000000000055 1.0462067602668375 0.042802321060394853 3.2350000000000008
decision_type=8 8 8 2 8 10 10 10 2 8 10 10 2 10
left_child=5 7 3 -3 -4 6 -1 8 -2 -9 11 -7 -12 -8
right_child=1 2 4 -5 -6 10 13 9 -10 -11 12 -13 -14 -15
leaf_value=6.8912304926419917e-07 -0.00023340970150337098 -7.6751960421521403e-05 -6.9490795111021959e-05 0.00012971409418396075 2.6375759302216094e-05 -1.4140928544157776e-05 -0.00054625585572914612 0.00079155608941407294 0.00042464017798393613 -9.9375472650742536e-05 -8.0188643378669038e-05 -0.00021170827827992006 -0.00034077228125673143 0.00014520022910439507
leaf_weight=7.3949923403561106 754.73214353900403 48.525014992803335 1213.2912709321827 13.852215647697447 2895.4294764832594 131.63119389396161 31.94049447029829 29.454516528174281 21.813680426217616 238.64987878873944 14.550896977074443 59.07815014757216 446.85466004535556 8.3010965436696988
leaf_count=24 3243 382 6583 22 13635 928 276 154 84 1079 70 1654 2656 38
internal_value=-0.000200746 -0.000107479 0 0.00180806 -2.48884e-05 -0.000876603 0.000502104 -0.000547411 -0.00073029 0 -0.000997717 -0.000416719 -0.00120873 -0.000360274
internal_weight=5915.5 5215.75 4171.1 62.3772 4108.72 699.751 47.6366 1044.65 776.546 268.104 652.115 190.709 461.406 40.2416
internal_count=30828 25182 20622 404 20218 5646 338 4560 3327 1233 5308 2582 2726 314
is_linear=0
shrinkage=0.01444


Tree=148
num_leaves=16
num_cat=0
split_feature=20 13 20 28 8 10 23 19 35 37 5 35 27 27 31
split_gain=1.69412 1.30927 1.4991 1.25575 1.0405 0.920409 2.00274 3.22615 1.08715 1.01229 0.930914 0.562391 0.465473 0.863196 0.323467
threshold=0.047798360384222811 1.303050639029995 0.048691231086603344 0.0066999999999999985 0.43568107629434277 0.3144005802857826 0.026341683945632913 0.039833118927845267 2.588891148759632 1.0000000180025095e-35 -1.0000000180025095e-35 6.1881304604335368 0.10721560585901273 0.076851917739984343 -1.5100000000000005
decision_type=8 10 8 10 10 8 10 10 2 2 8 2 10 8 8
left_child=5 12 3 -3 -4 9 7 -7 -8 10 -1 -11 13 -2 -14
right_child=1 2 4 -5 -6 6 8 -9 -10 11 -12 -13 14 -15 -16
leaf_value=0.00019482462183176063 -0.00019806644903279459 -0.0011027554276507475 1.4650859482572041e-06 0.0018199218929815988 0.00055080610905985027 2.0970243611671116e-05 0.00078012603322484412 0.00067251154725218323 -0.00013868211069601263 -0.00033108636265857989 -0.00016252710287441126 1.5675829410258344e-05 0.00017978054071202484 0.00021081388485535963 -0.00011923579768743808
leaf_weight=47.469569599721581 44.575024377088994 11.810743211768566 1765.3150916001759 21.658023945055902 361.69151940569282 217.56372946780175 48.717313821893185 33.442945761606097 704.85448514204472 865.81056819530204 1069.7127429149114 44.885784130077809 79.064030392095447 16.122069597942755 582.80604019318707
leaf_count=228 564 80 9737 86 1181 1276 222 218 2850 4850 5705 268 504 139 2920
internal_value=-0.000211227 3.52044e-05 0.000217387 0.00324529 0.000162753 -0.000449796 -7.72367e-05 0.00102256 -0.00046141 -0.00062783 -0.000318767 -0.000992175 -0.000491166 0.000612212 -0.000612543
internal_weight=5915.5 2883.04 2160.48 33.4688 2127.01 3032.46 1004.58 251.007 753.572 2027.88 1117.18 910.696 722.567 60.6971 661.87
internal_count=30828 15211 11084 166 10918 15617 4566 1494 3072 11051 5933 5118 4127 703 3424
is_linear=0
shrinkage=0.01444


Tree=149
num_leaves=16
num_cat=0
split_feature=9 13 38 26 26 26 35 35 19 28 33 26 19 31 18
split_gain=2.23849 1.46719 1.03263 2.30193 1.02227 1.72147 1.00093 0.94846 0.623226 0.650254 0.615966 0.467831 0.481459 0.480324 0.145623
threshold=0.25089106016211965 1.2513875976862214 10.500000000000002 0.82200674252655881 0.31477730076009591 0.3440524064039992 2.5277246549430248 3.7895162734416199 0.054937856000041189 -0.0083999999999999891 0.085544725383796996 0.56505341822309874 0.043483437126275733 1.7750000000000006 -0.050144634961910343
decision_type=8 8 2 10 8 8 2 2 8 8 8 10 8 8 10
left_child=4 11 6 -4 8 7 -3 -6 14 -10 -7 13 -13 -2 -1
right_child=1 2 3 -5 5 10 -8 -9 9 -11 -12 12 -14 -15 -16
leaf_value=4.637462825971806e-05 -6.74303277808336e-05 0.00043371766609909447 0.00030911107196869428 0.0020241166514342124 -0.00063642705810890122 -0.00013581899565540153 -6.9213744898746187e-06 0.00014545042886082867 0.00024530214247096187 -0.00032611677047805451 -2.0273775679570133e-06 0.0004978431108788587 -6.0863042851492479e-05 -0.00043658326823666573 -0.00024529545203354322
leaf_weight=12.783505821600555 209.10158550459892 228.83981952769682 352.92307437304407 37.436430615372956 30.78650909755379 861.5288572832942 2282.7518803467974 131.99633780308068 47.057210022117943 70.109484480693936 351.74347892170772 52.051808006130159 213.83873080182821 348.31327974423766 684.23768940661103
leaf_count=78 996 1182 1519 308 168 5271 10676 490 388 506 3314 308 974 1334 3316
internal_value=-0.000220879 -1.93955e-06 0.000147177 0.000839099 -0.00058719 -0.000332568 3.42637e-05 0.0010327 -0.00100094 0 -0.000526918 -0.000543175 0 -0.00078132 -0.00116466
internal_weight=5915.5 3725.26 2901.95 390.36 2190.24 1376.06 2511.59 162.783 814.188 117.167 1213.27 823.305 265.891 557.415 697.021
internal_count=30828 17297 13685 1827 13531 9243 11858 658 4288 894 8585 3612 1282 2330 3394
is_linear=0
shrinkage=0.01444


Tree=150
num_leaves=15
num_cat=0
split_feature=21 26 18 5 33 21 8 5 24 19 18 21 19 19
split_gain=1.90029 1.24143 1.66128 1.51518 1.16167 2.11765 1.43666 1.06731 2.6503 0.638199 0.310333 0.643847 0.219027 0.108969
threshold=0.016048964956625052 0.4306445085591542 0.09306824128498116 0.30059968464678904 0.025999877546902587 0.025328655113818373 0.22871272789544542 -0.028256143401958051 11.500000000000002 0.050090245903667348 0.057777098706278347 0.011264825004894089 0.016869740032715536 0.028997247685557597
decision_type=10 8 8 10 10 10 10 8 2 10 10 8 10 8
left_child=7 2 9 -4 5 -3 -6 8 13 -2 12 -12 -9 -1
right_child=1 4 3 -5 6 -7 -8 10 -10 -11 11 -13 -14 -15
leaf_value=-3.9658755395559532e-05 -0.00021907900493379015 7.3383375437398643e-05 0.00066290043671255881 -0.00020587091020377331 -0.00011719140718468306 -0.00010905539704821103 0.00025647463789429487 -0.0001979824036968659 0.00020619594068214467 -4.6464151157779857e-05 0.0010021824819728088 -0.00030452043044305112 -0.0003253369948148232 8.7908139960198188e-05
leaf_weight=29.920393526554108 1008.376709449105 250.07735690288246 88.908167790621519 44.204636748880148 340.21223919186741 1231.5508738970384 1016.4687056401744 258.42308827163652 10.781743526458738 980.96974727977067 19.322753176093102 35.777179281692952 591.65205597830936 8.8540310952812415
leaf_count=168 4152 1140 294 202 3489 5021 5192 2890 16 3822 72 221 4055 94
internal_value=-0.000212244 -9.56626e-05 -0.000361113 0.00116971 9.82594e-05 -0.000175121 0.000406413 -0.000803884 0.00113578 -0.000470422 -0.000925162 0 -0.0009937 -0.000339246
internal_weight=5915.5 4960.77 2122.46 133.113 2838.31 1481.63 1356.68 954.731 49.5562 1989.35 905.175 55.0999 850.075 38.7744
internal_count=30828 23312 8470 496 14842 6161 8681 7516 278 7974 7238 293 6945 262
is_linear=0
shrinkage=0.01444


Tree=151
num_leaves=16
num_cat=0
split_feature=21 9 30 14 23 33 25 21 11 11 10 16 30 22 19
split_gain=2.16076 1.14958 1.5387 1.11225 0.918196 0.857822 0.789363 0.688668 0.500252 0.801839 0.905173 0.291828 0.17133 0.169608 0.16365
threshold=0.016048964956625052 0.25089106016211965 19.815000000000001 1.8914509440354943 0.022290482834999018 0.087626634249511795 0.51217769212926723 0.025545513819250822 0.25337709763164123 0.31126553858216388 0.26564900326508267 0.71328216613517803 15.305000000000001 0.027137807786615929 0.0088578494548245141
decision_type=10 8 10 10 10 10 10 10 10 10 10 10 8 10 8
left_child=8 5 3 -3 -4 7 -7 -2 12 10 -10 -11 13 -1 -14
right_child=1 2 4 -5 -6 6 -8 -9 9 11 -12 -13 14 -15 -16
leaf_value=-0.00013416858696734985 -1.4705563324751626e-05 2.5343586832025688e-06 4.0943396271964404e-05 0.0003989698036584905 -8.9088644247385405e-05 -0.0002063876511232515 9.300492689320213e-05 -0.00025671542210277978 -0.00030012316071411933 0.00017717556811362202 9.7075677028847415e-05 -0.00033595394088942941 -3.1535868117210132e-05 0.00039607896763590566 -0.00028875698504006176
leaf_weight=22.011862952262167 438.23887057881802 1843.3204088984057 59.93752091191709 609.66265963669866 880.34218045324087 178.53386577125639 350.28391582332551 600.44901482667774 69.830192820169032 14.847698553465305 70.115100196562707 184.07907725032419 34.64808606961742 7.8404072858393183 551.35881972778589
leaf_count=344 1870 7810 260 2855 3566 1142 2592 3217 374 112 566 1164 536 352 4068
internal_value=-0.00024256 -0.000118385 2.74125e-05 0.000221418 -0.000464623 -0.000442248 7.13204e-06 -0.000683515 -0.00087362 -0.000367401 0.000404827 -0.000975903 -0.00113034 0 -0.00118474
internal_weight=5915.5 4960.77 3393.26 2452.98 940.28 1567.51 528.818 1038.69 954.731 338.872 139.945 198.927 615.859 29.8523 586.007
internal_count=30828 23312 14491 10665 3826 8821 3734 5087 7516 2216 940 1276 5300 696 4604
is_linear=0
shrinkage=0.01444


Tree=152
num_leaves=15
num_cat=0
split_feature=22 30 23 18 9 5 12 9 8 12 31 30 13 10
split_gain=2.06211 0.997348 1.46067 3.49149 1.11441 2.01371 1.07879 0.851905 0.773832 1.73319 0.602988 0.170155 0.0651159 0.0300309
threshold=0.026915604837319255 20.240000000000006 0.020989384891069943 -0.024772901864960669 0.3402927113402115 0.17082704020339157 0.062045375517660796 0.60371201669732366 0.25197246038145243 0.032565436573383018 1.9350000000000007 15.090000000000002 1.087986798482613 0.16314899886338222
decision_type=8 10 8 10 10 10 10 10 8 8 8 10 10 10
left_child=8 4 3 -3 6 -6 -2 -4 11 -10 -11 13 -13 -1
right_child=1 2 7 -5 5 -7 -8 -9 9 10 -12 12 -14 -15
leaf_value=0.00010104234786816255 -4.4533263695334559e-06 5.301667090877171e-05 -0.00015494603768577314 -0.00072466646229479663 -4.9856323559619654e-05 0.0004773540822305134 -0.00012640545870645998 0.00059581086941499204 4.716207081402233e-05 2.4902651580073753e-05 -0.00033466408854824971 -5.9126195943882298e-05 -0.00023446362791251115 -0.00033658607991154038
leaf_weight=8.4546513892710227 2364.4716202006675 12.943277902901171 1003.562845534645 28.224423343315721 526.91022038273513 529.95530437584966 632.28558199387044 50.665584474802017 9.1072633769363147 55.19779880810529 132.00832026265562 25.873257037252188 518.30568454554304 17.533848127815872
leaf_count=226 14587 48 4438 150 1895 2361 2490 246 72 440 774 84 2535 482
internal_value=-0.000222819 -0.000115841 -0.000502559 0.00207772 -8.05545e-06 0.00039154 -0.000153395 -0.000616772 -0.000923801 -6.84492e-05 -0.000440375 -0.00119501 -0.00124953 0
internal_weight=5915.5 5149.02 1095.4 41.1677 4053.62 1056.87 2996.76 1054.23 766.481 196.313 187.206 570.167 544.179 25.9885
internal_count=30828 26215 4882 198 21333 4256 17077 4684 4613 1286 1214 3327 2619 708
is_linear=0
shrinkage=0.01444


Tree=153
num_leaves=14
num_cat=0
split_feature=22 17 12 24 30 7 12 1 12 20 7 1 26
split_gain=2.07253 1.06722 0.81257 1.17274 1.15644 0.752351 1.62244 0.531609 0.360772 0.260207 0.222249 0.115429 0.109893
threshold=0.026915604837319255 0.7091153986949339 0.029566409755134714 10.500000000000002 19.660000000000004 0.24565200207087765 0.032565436573383018 0.14502475247524757 0.34007665986208396 0.062776350579712772 0.42374921699402646 0.026129227053140098 0.6619804778504389
decision_type=8 8 8 2 8 8 8 2 10 10 10 2 10
left_child=5 8 3 -3 -4 11 -7 -8 9 -2 -10 -1 -13
right_child=1 2 4 -5 -6 6 7 -9 10 -11 -12 12 -14
leaf_value=0.00012361199344835684 -0.00042359165982427363 1.6475090061907883e-05 1.9376239923521258e-05 -0.00033041789579837282 -3.7794211256661312e-05 4.6481051330230964e-05 -0.00017655139977657022 0.00012838956889816533 0.0014293215792794691 -6.4337740264750693e-05 -1.4802993252087069e-05 -0.00025540889270858375 -7.0468761903844625e-05
leaf_weight=12.440892009064553 295.72296504490077 345.25855062063783 2773.0072734709829 340.53216016292572 1171.4443533276208 9.6807656940072757 182.61028592893854 23.418519945349544 8.1028878092765826 204.64274266827852 10.307925104163585 512.57496698386967 25.755392986349761
leaf_count=40 1557 4386 12379 619 6282 90 1028 182 54 854 84 2927 346
internal_value=-0.000208466 -0.000101273 -2.86997e-05 -0.000489014 4.80709e-05 -0.000910896 -0.000117973 -0.000454514 -0.00072308 -0.000811507 0.000943294 -0.00119727 -0.00122931
internal_weight=5915.5 5149.02 4630.24 685.791 3944.45 766.481 215.71 206.029 518.777 500.366 18.4108 550.771 538.33
internal_count=30828 26215 23666 5005 18661 4613 1300 1210 2549 2411 138 3313 3273
is_linear=0
shrinkage=0.01444


Tree=154
num_leaves=16
num_cat=0
split_feature=1 17 18 30 16 20 17 36 20 23 35 20 11 11 18
split_gain=1.69329 1.13246 1.82064 1.55279 1.17921 1.1606 1.18128 0.982781 0.615123 1.4193 1.43151 1.14948 0.164996 0.756363 0.0340818
threshold=0.081674917491749197 1.1571765012015083 0.076501412430839424 20.430000000000003 0.96724062001529731 0.051162442334214166 1.0187224494119829 1.0000000180025095e-35 0.018471722543401518 0.009014125660102958 5.2904615902650054 0.019599829044550102 0.16405706855877442 0.16125022469343936 -0.044478221904883868
decision_type=2 10 10 10 10 8 8 2 8 10 2 10 8 10 8
left_child=8 5 4 -4 -3 7 -7 -2 12 10 -10 -11 13 -1 -14
right_child=1 2 3 -5 -6 6 -8 -9 9 11 -12 -13 14 -15 -16
leaf_value=-0.00027470981842001361 -0.00025502577039394013 0.00035078993932898358 0.0017045906771485481 -0.0012822597964568148 -3.6288994100739276e-05 0.00014870683823694638 -3.7508815649927591e-05 -7.5177220192733328e-06 -0.00030424078351412679 7.3667155835295815e-06 0.00010327139809575819 -0.00014443564725119304 -0.00022738987721923683 0.00028513347598875776 -0.00031586032580205526
leaf_weight=85.440470440778881 707.90856962837279 477.2956686289981 76.035692039877176 29.63275608420372 683.01901935506612 1032.5656684176065 464.81710436008871 485.7368024084717 5.0113185036461783 51.786924646236002 5.7549410264473408 1478.2633180776611 11.049888923764227 7.9675961788743725 313.21394303627312
leaf_count=618 3388 2711 348 86 3021 4736 2512 2231 412 204 136 8746 96 40 1543
internal_value=-0.000209319 -3.38878e-05 0.000318172 0.00213673 0.000140337 -0.000204408 5.54747e-05 -0.000541258 -0.000556974 -0.000409459 0.00458263 -0.000454792 -0.0010686 -0.000317253 -0.00124382
internal_weight=5915.5 3957.01 1265.98 105.668 1160.31 2691.03 1497.38 1193.65 1958.49 1540.82 10.7663 1530.05 417.672 93.4081 324.264
internal_count=30828 19033 6166 434 5732 12867 7248 5619 11795 9498 548 8950 2297 658 1639
is_linear=0
shrinkage=0.01444


Tree=155
num_leaves=16
num_cat=0
split_feature=22 17 32 23 17 11 11 26 33 20 19 11 19 13 32
split_gain=1.91067 1.01603 1.03784 1.75269 0.963223 0.468036 0.668508 1.83735 0.799951 0.332405 0.796904 0.334073 0.216262 0.414862 0.20172
threshold=0.026915604837319255 0.7091153986949339 0.83839050131926129 0.020989384891069943 0.77850773646524485 0.24502126456719911 0.25434291049791585 0.32297844984728219 0.065317173663551623 0.062776350579712772 0.066596516941277398 0.66996162382857016 0.0088578494548245141 1.2345844173278511 0.34960422163588395
decision_type=8 8 10 8 8 8 8 10 10 10 10 10 10 10 10
left_child=5 9 4 -4 -3 12 7 -7 -8 11 -11 -2 13 -1 -14
right_child=1 2 3 -5 -6 6 8 -9 -10 10 -12 -13 14 -15 -16
leaf_value=0.00014708892583003668 -0.00046374481108701508 0.00026416945530068737 4.8104438260376732e-05 -0.00012074130030065816 -4.1789136050421013e-07 -5.0023297103219114e-05 -0.00030626449290323699 3.2999454606375378e-05 5.1256647703015522e-05 4.2998047347685489e-05 -0.0002484104862390601 0.00013828362783654011 3.1441372224181478e-06 -0.00016026147509836674 -0.00029984755188199378
leaf_weight=5.1090013775974539 264.23508451320231 235.6267910040915 32.89605238288641 896.3508393894881 3465.3686548057012 16.861386656761173 192.49997152714059 10.525919402018188 44.035517849959433 29.793952769599855 185.35066993255168 39.396813411265612 20.184382201172411 23.666846415493637 453.59779811743647
leaf_count=42 1383 1172 158 3832 18504 88 1126 64 474 124 810 232 492 530 1797
internal_value=-0.000218815 -0.000115716 -4.47605e-05 -0.00047767 6.04535e-05 -0.000893755 -0.000328008 0.00166517 -0.000617369 -0.00072308 -0.000208044 -0.00104394 -0.00116415 0 -0.00123795
internal_weight=5915.5 5149.02 4630.24 929.247 3701 766.481 263.923 27.3873 236.535 518.777 215.145 303.632 502.558 28.7758 473.782
internal_count=30828 26215 23666 3990 19676 4613 1752 152 1600 2549 934 1615 2861 572 2289
is_linear=0
shrinkage=0.01444


Tree=156
num_leaves=13
num_cat=0
split_feature=21 5 26 31 21 19 28 20 31 10 10 1
split_gain=1.93675 1.57971 1.19911 1.45714 1.11222 1.01095 1.13572 0.684732 0.460143 0.450617 0.707697 0.17359
threshold=0.016048964956625052 -0.41889213858308794 0.32046298041491694 4.2750000000000021 0.027171689689460574 0.053434698012225022 0.0077999999999999884 0.064745480923788581 -4.6599999999999984 0.26564900326508267 0.34717700050908989 0.026129227053140098
decision_type=10 10 8 10 10 10 8 10 10 10 10 2
left_child=1 -1 5 4 -4 8 -7 -5 -2 11 -11 -3
right_child=2 9 3 7 -6 6 -8 -9 -10 10 -12 -13
leaf_value=0.00020806196091750466 2.2310282464210237e-05 0.00011558575443033306 6.5550836021943657e-05 -0.00024023972029647283 1.2148739198198728e-06 0.0001347688919709459 -0.00031493658114751762 -5.9849063801842152e-06 -0.00023763041292483345 1.8389852118032615e-05 -0.00030811640058334274 -0.00025972994932961301
leaf_weight=13.154982723295687 59.138502890244126 11.46367665263824 700.10417249519378 392.98953398969024 2377.6944017447531 327.46168174874038 167.27833827305585 277.85813975799829 658.24366600066423 136.80261709960178 137.67002834146842 655.63994003902189
leaf_count=76 182 48 3837 1712 11915 1358 602 942 2764 981 952 5459
internal_value=-0.000227094 -0.000824612 -0.000109379 1.49205e-05 0.000151252 -0.000504419 0 -0.000590665 -0.000850523 -0.000906309 -0.00034076 -0.00111891
internal_weight=5915.5 954.731 4960.77 3748.65 3077.8 1212.12 494.74 670.848 717.382 941.576 274.473 667.104
internal_count=30828 7516 23312 18406 15752 4906 1960 2654 2946 7440 1933 5507
is_linear=0
shrinkage=0.01444


Tree=157
num_leaves=15
num_cat=0
split_feature=22 17 27 16 7 12 16 16 7 16 19 34 27 34
split_gain=1.68222 1.01325 0.964174 0.962683 0.891119 1.54464 0.587775 0.584424 0.564256 0.335732 0.194859 0.187987 0.0815736 0.0295167
threshold=0.026689796254327169 0.7091153986949339 0.0022332274004945273 1.2333466345025632 0.24565200207087765 0.032565436573383018 1.0767371578976908 0.62799140913292517 0.28215753104194291 1.1653050110084806 0.0088578494548245141 -0.0076944797206849871 0.083813237988957776 -0.061190565012580793
decision_type=8 8 8 10 8 8 8 10 10 10 10 8 10 10
left_child=4 7 13 -4 10 -6 -7 8 -2 -9 11 -1 -12 -3
right_child=1 2 3 -5 5 6 -8 9 -10 -11 12 -13 -14 -15
leaf_value=-0.00015419680622094135 -0.00060198761795963388 -8.1199580357954463e-05 4.6950867259953325e-06 -3.0225779230701052e-05 4.5328183952468584e-05 5.070818746008886e-06 -0.00017900471536479358 -0.00037963955116543277 0.0013849744594814542 -5.6755279315446677e-07 -0.00024155485509023774 0.00014871546025385166 -0.00027598166924958784 -0.00070279207906404691
leaf_weight=21.103784548118711 14.607302270829679 9.5284775844775123 3964.1839027600363 554.71917260624468 9.6807656940072757 55.167740982025862 148.27906376868486 410.80288651026785 11.998636934906243 81.930203136056662 71.229374524671584 9.3716437094844895 428.9671805948019 123.92954613175243
leaf_count=206 82 374 20239 2794 90 346 842 1895 86 490 425 320 2268 371
internal_value=-0.000211156 -0.000115831 -4.52538e-05 -6.54093e-06 -0.00085579 -3.65269e-06 -0.000339028 -0.000722172 0.00114865 -0.000850909 -0.00117302 0 -0.00124131 -0.00125292
internal_weight=5915.5 5171.7 4652.36 4518.9 743.8 213.128 203.447 519.339 26.6059 492.733 530.672 30.4754 500.197 133.458
internal_count=30828 26331 23778 23033 4497 1278 1188 2553 168 2385 3219 526 2693 745
is_linear=0
shrinkage=0.01444


Tree=158
num_leaves=15
num_cat=0
split_feature=22 8 12 30 9 5 12 18 9 18 18 30 11 2
split_gain=1.68269 1.14677 1.59558 0.977458 0.947331 1.66303 1.06101 0.771208 1.70133 0.987561 0.702326 0.186664 0.0984661 0.0855319
threshold=0.026689796254327169 0.25197246038145243 0.032565436573383018 20.240000000000006 0.3402927113402115 0.17973425271157867 0.06377993883369372 -0.023951880168686931 0.60371201669732366 -0.044478221904883868 0.057777098706278347 15.090000000000002 0.14838708648280735 0.042802321060394853
decision_type=8 8 8 10 10 10 10 10 10 10 10 10 10 2
left_child=1 11 -3 4 6 -6 -2 9 -9 -5 -4 12 -1 -13
right_child=3 2 10 7 5 -7 -8 8 -10 -11 -12 13 -14 -15
leaf_value=0.00010859947822192482 -2.7956427557880394e-06 4.4673645763120559e-05 -0.00019652701965421619 -6.0098780719802087e-05 -1.48691511757214e-05 0.00055846228725451924 -0.00013055111915207212 -0.00029856451534822918 0.0011222584792179582 5.5612047797311155e-05 0.00040363773632518879 -4.5027567961916838e-05 -0.00031638061259037399 -0.00021204091142419394
leaf_weight=4.9493462163955 2423.2279946585186 9.1072633769363147 174.63690314721316 163.22823326382786 578.7465122230351 478.1190125355497 593.64619928505272 773.72112685255706 34.443627715110779 126.56742140091956 9.9872147999703866 16.391599798109382 18.350374084431678 510.37685239873827
leaf_count=116 14873 72 1102 600 2035 2221 2302 3550 186 564 90 76 564 2477
internal_value=-0.000211169 -0.000855891 3.55894e-05 -0.000115831 -9.4609e-06 0.000358981 -0.000142913 -0.000498372 -0.00072972 0.000101874 -0.00019502 -0.00119336 0 -0.00124934
internal_weight=5915.5 743.8 193.731 5171.7 4073.74 1056.87 3016.87 1097.96 808.165 289.796 184.624 550.068 23.2997 526.768
internal_count=30828 4497 1264 26331 21431 4256 17175 4900 3736 1164 1192 3233 680 2553
is_linear=0
shrinkage=0.01444


Tree=159
num_leaves=15
num_cat=0
split_feature=21 5 38 26 34 35 19 28 21 18 10 11 32 7
split_gain=1.68972 1.89551 3.10264 1.16813 1.55368 1.24927 0.97954 1.10839 0.767707 0.481515 0.298911 1.38386 0.269236 0.052968
threshold=0.016048964956625052 -0.028256143401958051 3.5000000000000004 0.32046298041491694 0.032758122151732467 5.3643391445639788 0.053434698012225022 0.0077999999999999884 0.024539927494253891 0.046956008034970138 0.32778585530875626 0.31126553858216388 0.37598944591029032 0.29189510682066594
decision_type=8 10 2 8 10 2 8 8 8 8 10 10 8 10
left_child=1 2 -1 6 5 -5 9 -8 -6 -2 12 -12 -3 -4
right_child=3 10 13 4 8 -7 7 -9 -10 -11 11 -13 -14 -15
leaf_value=0.00019438760093751218 -0.00024608843039235407 8.7691052285449653e-06 -0.00010933835379642288 6.5220624518768787e-05 3.5289662038957286e-05 -0.00012298636482842954 0.00013279540357260367 -0.00030857154345995119 -0.00013581060366964906 1.6380928808371528e-06 0.00012196669296923332 -0.00029425324892986822 -0.00027759394665993574 4.4277265507909214e-05
leaf_weight=15.879955623298882 605.27086418028921 35.191083715297282 21.446565739810467 2663.4327815063298 77.944623753428459 610.18101377063431 332.25557081634179 172.81933250441216 426.30028741061687 119.51044028904289 32.863968085497618 115.8071878887713 675.80724232923239 10.78876414336264
leaf_count=42 3120 770 120 15316 194 2888 1974 986 1290 428 124 568 2962 46
internal_value=-0.000216113 -0.000791463 0.00189389 -0.000109124 1.33654e-05 0.000131724 -0.000495863 0 -0.000728396 -0.000835872 -0.000958106 -0.000245251 -0.00108846 -0.000325845
internal_weight=5915.5 907.785 48.1153 5007.71 3777.86 3273.61 1229.86 505.075 504.245 724.781 859.669 148.671 710.998 32.2353
internal_count=30828 4632 208 26196 19688 18204 6508 2960 1484 3548 4424 692 3732 166
is_linear=0
shrinkage=0.01444


Tree=160
num_leaves=15
num_cat=0
split_feature=1 34 26 6 19 27 30 15 5 12 7 23 26 7
split_gain=1.68167 0.958395 1.52944 1.4898 1.30474 1.0903 0.492942 0.398077 0.747121 0.803685 0.502941 0.169214 0.176327 0.0378547
threshold=0.074515625000000016 0.012583619509106471 0.37593263087608786 0.27074135579668462 0.20233506899072048 0.028045822841289723 19.600000000000005 1.2683912242132471 0.14734461745193969 0.028371584872009695 0.22308088611092605 0.0096753501888066657 0.63623588435348977 0.19382712376600722
decision_type=2 10 10 8 10 10 10 8 8 8 10 10 10 10
left_child=7 2 5 -4 6 -2 -3 11 9 -9 -10 13 -13 -1
right_child=1 4 3 -5 -6 -7 -8 8 10 -11 -12 12 -14 -15
leaf_value=-0.00075853810266036123 0.00019096987482188362 -1.1213547890580402e-05 0.00081696881611711394 8.4349240251278902e-05 0.00080397869724540118 -0.0001237465917426128 -0.00011593674625399364 -0.00025682267450110582 -0.00029216352941501255 4.4650639411539938e-05 -6.3370365001045259e-06 -0.00032466555533291656 0.00010112563563677411 2.3027939355904928e-05
leaf_weight=8.7414005091413838 95.405904777580872 312.65313895046711 17.960308753885329 1951.0799510763027 21.53125112876296 1245.1815787549131 764.77683924883604 153.07678962359205 502.44550917553715 188.88681417377666 225.29931265674531 396.32986144861206 25.056724043563008 7.0742974346503606
leaf_count=72 804 1010 90 11013 48 6344 2186 1008 3733 1260 1027 1862 315 56
internal_value=-0.000221548 -7.57958e-05 4.33136e-05 0.00030289 -0.000446252 -0.000328156 -0.00052756 -0.000639088 -0.00046561 5.63219e-05 -0.000728693 -0.0010325 -0.00109071 0
internal_weight=5915.5 4408.59 3309.63 1969.04 1098.96 1340.59 1077.43 1506.91 1069.71 341.964 727.745 437.202 421.387 15.8157
internal_count=30828 21495 18251 11103 3244 7148 3196 9333 7028 2268 4760 2305 2177 128
is_linear=0
shrinkage=0.01444


Tree=161
num_leaves=16
num_cat=0
split_feature=9 32 26 5 26 26 5 18 9 9 28 35 19 28 5
split_gain=1.46176 1.45279 1.57097 3.30867 1.24918 1.40381 1.59727 1.13566 1.75543 1.23021 1.00244 0.796852 0.615927 0.598582 0.315067
threshold=0.25089106016211965 0.82189973614775735 0.6579948625170905 0.33029371943064983 0.30238808098089548 0.3440524064039992 0.12035049240608818 -0.023951880168686931 0.60371201669732366 0.27499664427646181 0.041799999999999983 6.146681975418109 0.054937856000041189 -0.0083999999999999891 -0.41889213858308794
decision_type=8 8 10 10 8 8 10 10 10 8 10 2 10 8 8
left_child=4 2 10 -4 12 6 -6 9 -9 -3 -2 -7 14 -14 -1
right_child=1 7 3 -5 5 11 -8 8 -10 -11 -12 -13 13 -15 -16
leaf_value=0.00020691133327575047 1.3659517149170869e-05 4.4005884953600359e-05 0.00026072876268290983 0.0015079046329214058 0.00010547481028825381 -0.00010953020257196001 -3.8455929821433292e-05 -0.00032122689807587075 0.0011096883136235678 -1.8977037735786722e-06 -0.00018391704556815292 3.1663801978703936e-06 0.00024085997868472008 -0.000199327854996542 -0.00026936665859676089
leaf_weight=11.573863945901392 1649.04042883683 28.371395982801914 398.00729373376817 66.735983674414456 79.332926882896572 1129.2486803964712 167.05556641891599 729.00861655734479 34.443627715110779 511.25354852387682 308.39571389555931 84.023655808530748 39.706161243375391 61.369071172550321 617.93314696801826
leaf_count=34 6805 136 2394 388 306 8051 676 3146 186 3114 1128 534 330 472 3128
internal_value=-0.00019657 -1.88341e-05 0.000186616 0.000940917 -0.000492813 -0.000236764 0.000736106 -0.000410686 -0.000770589 7.45342e-05 6.23867e-07 -0.000445363 -0.000985912 0 -0.00115403
internal_weight=5915.5 3725.26 2422.18 464.743 2190.24 1459.66 246.388 1303.08 763.452 539.625 1957.44 1213.27 730.582 101.075 629.507
internal_count=30828 17297 10715 2782 13531 9567 982 6582 3332 3250 7933 8585 3964 802 3162
is_linear=0
shrinkage=0.01444


Tree=162
num_leaves=15
num_cat=0
split_feature=22 17 21 24 26 23 8 8 10 13 33 19 33 30
split_gain=1.75049 1.26858 1.71845 2.37378 1.08109 1.66744 0.923515 1.43069 0.828842 0.812309 0.639792 0.187005 0.524259 0.213257
threshold=0.026689796254327169 1.2017995962665993 0.027171689689460574 11.500000000000002 0.4306445085591542 0.020989384891069943 0.25197246038145243 0.25898689204545827 0.19721844671528868 1.5049350313443373 0.065317173663551623 0.0088578494548245141 0.013368024050629536 15.090000000000002
decision_type=8 10 10 2 10 8 8 8 10 10 10 10 8 10
left_child=6 4 3 -3 8 -6 11 -8 -2 -4 -9 12 -1 -13
right_child=1 2 9 -5 5 -7 7 10 -10 -11 -12 13 -14 -15
leaf_value=0.00015147052155255319 -1.8703009640334801e-06 1.9819359654565743e-05 -0.00018287839135983433 9.8004707709480407e-05 4.3370440738840206e-05 -3.5104447641296656e-06 2.1172361881931718e-05 -0.00029744670130394237 -0.0002206200349005948 0.00017877240706594156 6.8444677172319247e-05 1.1887374917105501e-05 -0.00017741698499841317 -0.00022333531882005867
leaf_weight=4.5650987084954977 546.49555442435667 266.86269570980221 339.30543598532677 143.17034256458282 45.524425564333797 1823.8552862331271 15.206911662593482 147.17748554330319 1302.3229013085365 704.16348614450544 31.34698411822319 21.08869817154482 26.999645691830668 497.41472992580384
leaf_count=42 3571 2044 1357 208 338 9799 98 886 5380 3634 280 604 564 2023
internal_value=-0.000183553 -8.64827e-05 0.00027106 0.00106343 -0.000229792 8.25543e-06 -0.000840336 0 -0.000477495 -2.81639e-05 -0.000349894 -0.00114208 0 -0.0012078
internal_weight=5915.5 5171.7 1453.5 410.033 3718.2 1869.38 743.8 193.731 1848.82 1043.47 178.524 550.068 31.5647 518.503
internal_count=30828 26331 7243 2252 19088 10137 4497 1264 8951 4991 1166 3233 606 2627
is_linear=0
shrinkage=0.01444


Tree=163
num_leaves=13
num_cat=0
split_feature=22 17 17 21 26 23 5 18 20 18 26 24
split_gain=1.78497 1.11751 1.67815 1.16838 1.02716 1.66744 1.13519 0.526753 2.01023 0.416097 0.613311 0.203955
threshold=0.026689796254327169 1.2017995962665993 1.2058207513861723 0.027171689689460574 0.4306445085591542 0.020989384891069943 1.0000000180025095e-35 0.050208029009964468 0.021252585565798208 -0.050144634961910343 0.30899116997081283 3.5000000000000004
decision_type=8 10 10 10 10 8 8 10 10 8 8 2
left_child=7 4 -3 -4 6 -6 -2 9 -9 10 -1 -11
right_child=1 2 3 -5 5 -7 -8 8 -10 11 -12 -13
leaf_value=0.0012792194657928232 4.8734099645902015e-05 0.0009458587768029689 5.4061292987803591e-05 -1.7873213218832553e-05 4.2744172327509504e-05 -3.4597540026792024e-06 -0.00019344556963895362 -0.00036266791928112242 2.9293096245194163e-05 6.3473586720674183e-06 -3.9891528849884566e-06 -0.00019958715176713124
leaf_weight=8.8311013868078607 107.59522862359881 16.774555206298828 398.55219836253673 1038.1752068353817 45.524425564333797 1823.8552862331271 1741.2232271092944 50.383619107306004 20.056908238679171 18.105329931247979 23.028999242465943 623.39359591528773
leaf_count=74 680 92 2204 4947 338 9799 8271 201 102 1248 214 2658
internal_value=-0.000187048 -8.90477e-05 0.000246128 0.000182689 -0.00022361 8.25543e-06 -0.000465065 -0.000850288 0.000190278 -0.000978634 0.00034597 -0.00106505
internal_weight=5915.5 5171.7 1453.5 1436.73 3718.2 1869.38 1848.82 743.8 70.4405 673.359 31.8601 641.499
internal_count=30828 26331 7243 7151 19088 10137 8951 4497 303 4194 288 3906
is_linear=0
shrinkage=0.01444


Tree=164
num_leaves=14
num_cat=0
split_feature=22 30 23 18 20 35 24 35 18 20 24 18 18
split_gain=1.8419 1.03136 1.44081 3.49149 1.14978 0.97181 3.30104 1.06903 0.541655 2.01023 0.378488 0.242423 0.132108
threshold=0.026689796254327169 20.240000000000006 0.020989384891069943 -0.024772901864960669 0.064745480923788581 2.5580019048610416 11.500000000000002 2.9962320237205331 0.050208029009964468 0.021252585565798208 3.5000000000000004 -0.017154318391141895 -0.050144634961910343
decision_type=8 10 8 10 10 2 2 2 10 10 2 10 10
left_child=8 5 3 -3 -4 6 -2 -7 10 -10 11 -1 -12
right_child=1 2 4 -5 -6 7 -8 -9 9 -11 12 -13 -14
leaf_value=0.0012701786617186099 -1.7272402259093134e-06 5.4094615556124879e-05 -0.000273754350702822 -0.0006868331826305734 -8.3091963722590161e-07 -0.00029462483389174179 0.00089945760553094764 9.5005681666745028e-07 -0.00035743100082284571 2.8870104443960126e-05 -7.468784997663625e-06 -0.00023936618780670373 -0.00021154573382980874
leaf_weight=4.6208928744308677 196.73766599781811 12.943277902901171 637.3204735359177 28.224423343315721 419.47223445028067 251.96960222744383 58.084133386611938 3566.9483170902822 50.383619107306004 20.056908238679171 71.119201546534896 15.266195009928195 582.35273704491556
leaf_count=522 1352 48 2960 150 1742 1530 82 18467 201 102 284 872 2516
internal_value=-0.000192682 -9.31671e-05 -0.000486103 0.00207772 -0.000599399 9.57641e-06 0.00087457 -4.48329e-05 -0.000866444 0.000190278 -0.000996479 0.000572708 -0.0010647
internal_weight=5915.5 5171.7 1097.96 41.1677 1056.79 4073.74 254.822 3818.92 743.8 70.4405 673.359 19.8871 653.472
internal_count=30828 26331 4900 198 4702 21431 1434 19997 4497 303 4194 1394 2800
is_linear=0
shrinkage=0.01444


Tree=165
num_leaves=16
num_cat=0
split_feature=22 31 26 7 17 18 38 23 8 9 24 31 19 32 32
split_gain=2.04862 1.02249 0.961175 1.2588 1.16971 0.888124 1.37365 0.630897 0.616024 0.960805 1.82246 0.395547 0.191049 0.21945 0.0855385
threshold=0.026689796254327169 4.2750000000000021 0.4306445085591542 0.21341341048319143 1.1971226819323855 -0.023951880168686931 9.5000000000000018 0.064829374281102928 0.25197246038145243 0.23483682715422924 10.500000000000002 1.6750000000000009 0.0088578494548245141 0.35620052770448557 0.68139841688654368
decision_type=8 10 10 10 8 10 2 10 8 8 2 8 10 10 10
left_child=8 2 4 -4 -2 6 -3 -7 12 10 -10 -11 14 -14 -1
right_child=1 5 3 -5 -6 7 -8 -9 9 11 -12 -13 13 -15 -16
leaf_value=-0.00013162709900028306 -0.00016635302062872979 -2.0594350421251786e-05 -0.00020146754169412685 0.00010530214630187899 1.9214740520194385e-05 -0.00047801503089717076 0.0010441626906955632 -1.2665702420811616e-07 -0.00046036025791175124 7.3393088952688348e-05 2.8453220636992566e-05 -0.00031040468568287719 1.7652473160169716e-05 -0.0002141736089630435 0.0001552200415814525
leaf_weight=19.581642989534888 1521.3924437290989 221.90382722020149 443.6036999700591 1691.329277922865 726.90329661360011 379.0682583488524 21.144190736114979 166.3551333937794 12.414287129417064 42.715555546805263 10.080962777137755 128.52057587075979 21.08869817154482 497.41472992580384 11.983101410791276
leaf_count=514 6837 828 4174 8151 4041 1704 68 528 230 398 18 618 604 2023 92
internal_value=-0.000200676 -9.58881e-05 -6.71722e-06 0.000209586 -0.000217936 -0.000574657 0.000104066 -0.000900879 -0.00091107 -0.00013107 0.00254047 -0.000565322 -0.0011616 -0.00122805 0
internal_weight=5915.5 5171.7 4383.23 2134.93 2248.3 788.471 243.048 545.423 743.8 193.731 22.4952 171.236 550.068 518.503 31.5647
internal_count=30828 26331 23203 12325 10878 3128 896 2232 4497 1264 248 1016 3233 2627 606
is_linear=0
shrinkage=0.01444


Tree=166
num_leaves=13
num_cat=0
split_feature=22 27 16 21 22 8 9 8 33 19 33 32
split_gain=1.8062 0.925356 0.88518 1.35633 0.901861 0.490534 0.990063 1.55813 0.452858 0.170521 0.526196 0.200231
threshold=0.026689796254327169 0.0022332274004945273 1.0103813317803836 0.15281661030690466 0.027730992223660798 0.25197246038145243 0.23483682715422924 0.26576629848289351 0.088687622629002441 0.0088578494548245141 0.013368024050629536 0.35620052770448557
decision_type=8 8 10 10 8 8 8 10 10 10 8 10
left_child=5 -2 4 -4 -3 9 7 -7 -8 10 -1 -11
right_child=1 2 3 -5 -6 6 8 -9 -10 11 -12 -13
leaf_value=0.0001529786668757336 -0.00063252181061333225 0.00011204695700824124 -3.1312802993009489e-05 0.00077906286053807999 4.1317782249180022e-06 2.8042356624960164e-05 -0.00028501335031725863 -0.00045371266377964854 0.00039047379018077792 1.7397571754194865e-05 -0.00016958960594332009 -0.0002110809457678054
leaf_weight=4.5650987084954977 145.69451337354258 37.431373899802566 2170.7678643390536 46.347680781967938 2771.4586955402046 11.027198770083489 149.89072073530406 11.468051136471329 21.34541068226099 21.08869817154482 26.999645691830668 497.41472992580384
leaf_count=42 797 272 9273 170 15819 92 788 156 228 604 564 2023
internal_value=-0.000208341 -0.000109708 -7.39796e-05 -0.00029109 9.27544e-05 -0.000875966 -0.000167029 0.00254047 -0.00060599 -0.00110145 0 -0.00116425
internal_weight=5915.5 5171.7 5026.01 2217.12 2808.89 743.8 193.731 22.4952 171.236 550.068 31.5647 518.503
internal_count=30828 26331 25534 9443 16091 4497 1264 248 1016 3233 606 2627
is_linear=0
shrinkage=0.01444


Tree=167
num_leaves=14
num_cat=0
split_feature=21 5 12 15 11 35 21 31 10 18 30 17 5
split_gain=1.88166 1.70128 2.65859 0.965296 1.08714 1.3536 0.799223 0.744451 0.741756 0.561696 0.241067 0.235918 0.129779
threshold=0.016048964956625052 -0.028256143401958051 0.054023450097541718 1.1308511875982725 0.31223374879601579 4.7966166198741806 0.018474100133203185 -4.6599999999999984 0.32477212390055843 0.10842616639931758 15.305000000000001 1.0034275978103364 0.086688670981678775
decision_type=8 8 10 8 8 2 8 8 10 10 8 10 10
left_child=1 2 -1 7 6 -6 -5 8 -2 -9 12 -12 -3
right_child=3 10 -4 4 5 -7 -8 9 -10 -11 11 -13 -14
leaf_value=-3.0860646661400323e-05 -0.00041165390829422547 0.00037635917190819671 0.0001932706990149209 3.3062345433796126e-05 0.00015670144878042618 -7.2774316502071396e-05 -4.253237949866635e-05 -0.00013165669661796805 0.00030471469021411344 0.00037816315430611833 -0.00035496623433527473 -0.00012727753501020838 -0.00017838445437124421
leaf_weight=28.64373330399394 28.210640892386436 3.2772125750780097 17.894035363569856 212.31890040170401 1331.1402409141883 443.02985899476334 2033.4560850239359 866.71259248675779 44.48348812200129 48.363107395358384 431.3484838148579 388.61748041212559 38.003822055645287
leaf_count=150 190 104 54 946 6680 1766 12249 3864 261 240 1808 1732 784
internal_value=-0.000197891 -0.000804305 0.00177447 -8.52707e-05 1.09542e-05 0.000281137 -0.00019668 -0.00048991 0.000838624 -0.000610192 -0.000959896 -0.0010144 0
internal_weight=5915.5 907.785 46.5378 5007.71 4019.95 1774.17 2245.77 987.77 72.6941 915.076 861.247 819.966 41.281
internal_count=30828 4632 204 26196 21641 8446 13195 4555 451 4104 4428 3540 888
is_linear=0
shrinkage=0.01444


Tree=168
num_leaves=13
num_cat=0
split_feature=20 35 35 22 31 27 12 8 13 24 30 28
split_gain=1.83291 1.46238 1.12366 2.39948 0.973583 0.969951 0.945299 0.767002 0.757462 0.71235 0.244129 0.0347259
threshold=0.047798360384222811 4.9057561433596852 4.7751238865433008 0.10775040048743599 4.8800000000000008 1.0100773160606422 0.07974794373600895 0.24920966781544976 1.5996456281422577 10.500000000000002 24.730000000000004 0.073100000000000068
decision_type=8 2 2 10 10 8 8 8 10 2 10 10
left_child=4 2 8 -4 5 7 9 -1 -2 -3 -8 -6
right_child=1 6 3 -5 11 -7 10 -9 -10 -11 -12 -13
leaf_value=-0.00012418009967728888 -4.1918212677094408e-05 8.8880407976109997e-05 1.2339226008088281e-06 0.0013978643400626794 -0.00027583799165508896 3.7502831741372818e-05 -0.00015052238586646326 -2.9741863199436962e-06 0.00026517832123022008 -0.0001285374670155866 3.8773290929726317e-05 -0.00022631382044186011
leaf_weight=1467.6162050128914 892.64275692007504 208.93267573509365 106.46488365973346 27.318308470770717 292.56679388694465 10.678360707126556 254.06185965100303 1246.0042861774564 1059.8633963307366 309.49857544898987 24.260086506605148 15.591493248939512
leaf_count=8829 4760 2056 536 96 1210 47 1054 5451 5998 541 170 80
internal_value=-0.00019692 5.97768e-05 0.00026475 0.00155448 -0.000445251 -0.000351306 -0.000460336 -0.00037316 0.00016926 -6.83807e-05 -0.0011419 -0.00123125
internal_weight=5915.5 2883.04 2086.29 133.783 3032.46 2724.3 796.753 2713.62 1952.51 518.431 278.322 308.158
internal_count=30828 15211 11390 632 15617 14327 3821 14280 10758 2597 1224 1290
is_linear=0
shrinkage=0.01444


Tree=169
num_leaves=15
num_cat=0
split_feature=9 34 26 11 17 18 18 36 15 12 10 5 18 17
split_gain=1.27938 1.16835 1.2987 2.85407 1.06771 2.0204 1.07836 0.685669 0.52065 0.798892 0.161632 0.419261 0.0286456 0.000640194
threshold=0.18588624619202479 0.013170759605651729 0.37593263087608786 0.1414611722997812 1.5396054913530008 0.030576263404141216 -0.024341235611318675 1.0000000180025095e-35 0.97065836194735378 0.054754129903207445 0.19404130680585052 0.14734461745193969 -0.058060756675740281 0.99158745517458657
decision_type=8 8 8 10 10 10 10 2 10 10 10 8 10 10
left_child=8 2 7 -4 6 -6 -3 -2 9 13 11 -10 -12 -1
right_child=1 4 3 -5 5 -7 -8 -9 10 -11 12 -13 -14 -15
leaf_value=-0.0006625041671731055 -0.00016500120099004596 -1.6206043137682507e-06 0.00014232237271972684 2.0348284400498776e-05 -3.8239011999301154e-05 0.0010640335600461291 -0.00028501433957385367 1.8400511706966919e-06 -3.6639208920617696e-05 1.6409911865361613e-06 -6.7551876568676076e-06 -0.00026512162112457115 -0.0003451637681942182 -0.00044111449129189794
leaf_weight=12.460872175171973 672.82902188319713 587.17736805090681 14.830365842208264 2289.5809734389186 48.266367945820093 14.137926256284116 848.63562538102269 740.29054853972048 158.88778251409531 11.084787485189734 6.0016313432715824 292.58183813234791 209.09384321514517 9.6407295530661923
leaf_count=52 3232 3100 116 12698 222 62 2760 2992 1360 40 116 2262 1738 78
internal_value=-0.000172966 -9.22791e-05 4.17321e-05 0.000256137 -0.000433428 0.00135099 -0.000520591 -0.000298606 -0.00075514 0.000810201 -0.000853308 -0.000632647 -0.00125293 -0.000274952
internal_weight=5915.5 5215.75 3717.53 2304.41 1498.22 62.4043 1435.81 1413.12 699.751 33.1864 666.565 451.47 215.095 22.1016
internal_count=30828 25182 19038 12814 6144 284 5860 6224 5646 170 5476 3622 1854 130
is_linear=0
shrinkage=0.01444


Tree=170
num_leaves=16
num_cat=0
split_feature=7 34 35 20 26 5 23 22 22 20 17 26 30 27 3
split_gain=1.51369 1.43845 1.63248 4.76375 1.34395 1.58307 1.16531 0.900832 1.17033 1.46455 0.814368 0.622142 0.124488 0.200383 0.0818104
threshold=0.21030227905456669 0.013170759605651729 3.3275507771219917 0.16684531547020021 0.39440565929986865 0.10954091931115544 0.011048952761073096 0.026915604837319255 0.027730992223660798 0.022125952191537072 1.5396054913530008 0.33517793336055968 15.115 0.092201388128776596 59.500000000000007
decision_type=8 8 2 8 10 10 10 10 10 10 8 10 10 8 2
left_child=7 4 3 -3 6 -6 -2 12 9 -9 -4 -10 13 -1 -14
right_child=1 2 10 -5 5 -7 -8 8 11 -11 -12 -13 14 -15 -16
leaf_value=0.00011647035053650849 0.00011771933911102273 1.1843629943010652e-06 -0.00023409725453855249 0.00088785918266814532 -6.9843744869924965e-05 0.00018586252642475621 -9.7366766716598132e-05 0.00020099262848483328 -0.00038091498511585504 -0.00066962807197991369 2.1592786902059612e-05 -1.9283317389765658e-06 -0.00025614601381936016 -0.00029370821379568195 -0.00012979179353121793
leaf_weight=4.1216755816712976 27.720419451128691 382.34294215263799 803.06864068470895 13.895550255896522 281.42708203941584 1463.6049721175805 1307.2750899530947 12.852445162832739 419.49066276662052 11.90622735256329 254.05413905833848 524.57279442390427 375.92918032826856 20.25543355662376 12.98242687107995
leaf_count=186 280 1400 2742 270 1296 7862 5390 62 2274 110 2028 4514 1938 380 96
internal_value=-0.000159986 -2.93714e-05 -0.000406117 0.000362404 0.000144194 0.000410405 -0.000194007 -0.000578758 -0.000318726 0.00267838 -0.000706596 -0.000412716 -0.00115544 0 -0.00121871
internal_weight=5915.5 4533.39 1453.36 396.238 3080.03 1745.03 1335 1382.11 968.822 24.7587 1057.12 944.063 413.289 24.3771 388.912
internal_count=30828 21268 6440 1670 14828 9158 5670 9560 6960 172 4770 6788 2600 566 2034
is_linear=0
shrinkage=0.01444


Tree=171
num_leaves=15
num_cat=0
split_feature=9 13 8 28 16 35 27 31 9 27 27 35 10 5
split_gain=1.57091 0.975813 0.924372 1.45638 0.894824 0.537887 0.707499 0.440881 0.546216 0.390497 0.645295 0.302146 0.250613 0.00318729
threshold=0.19775677899704855 1.1933776796371289 0.43568107629434277 0.066499999999999962 1.2333466345025632 2.6379852627415272 0.31196471120345853 -19.944999999999997 0.53073637910281446 0.05917923691215618 0.022980584139356917 6.5444079719934471 0.26864929790803677 0.36166041640223617
decision_type=8 8 10 10 10 2 10 10 10 8 10 2 10 10
left_child=5 7 4 -4 -3 6 13 8 -2 10 -7 -9 -11 -1
right_child=1 2 3 -5 -6 9 -8 11 -10 12 -12 -13 -14 -15
leaf_value=5.6766057468616649e-06 -0.00049462463637733878 -1.5901768525591761e-06 8.8049880306623803e-05 0.00077623574407373211 -9.6969789195660224e-05 -0.00031033331455115009 0.00021862955876711591 -0.00019659251680789738 0.00027544600999532758 -0.00018131087701648031 7.7239655017725942e-05 0.00041506093890834493 1.8687055332121917e-07 -0.00057890242341490596
leaf_weight=6.0219503692351344 18.234222769737247 3276.6303137005307 483.02095041051507 92.582990417256951 323.50441355630755 81.061126294545829 11.126112978905438 747.68644179962575 9.7295441925525648 729.74758349405602 64.085720140021294 13.33843494299799 47.117410243023187 11.612466447055338
leaf_count=120 120 17061 1569 326 1214 724 50 3386 64 4932 554 60 600 48
internal_value=-0.000194925 -8.8905e-05 0 0.00053613 -8.68095e-05 -0.000734402 0.00100627 -0.000554448 0.00104651 -0.000803463 -1.86375e-05 -0.000631186 -0.000933139 -0.000156712
internal_weight=5915.5 4964.73 4175.74 575.604 3600.13 950.772 28.7605 788.989 27.9638 922.012 145.147 761.025 776.865 17.6344
internal_count=30828 23800 20170 1895 18275 7028 218 3630 184 6810 1278 3446 5532 168
is_linear=0
shrinkage=0.01444


Tree=172
num_leaves=15
num_cat=0
split_feature=20 15 20 15 36 18 11 9 35 11 34 19 19 16
split_gain=1.44728 1.20055 1.23415 2.09768 0.876043 0.90107 0.85969 0.829594 1.44875 0.713507 0.626809 0.467105 0.631097 0.23937
threshold=0.047798360384222811 1.1308511875982725 0.048691231086603344 1.6345593084747654 1.0000000180025095e-35 0.12501027551355928 0.19274202538999768 0.4612562063946774 4.8166458505458118 0.3397019608358447 -0.022603338147619109 0.092897884110164988 0.094830263104469389 1.1563399528528178
decision_type=8 10 8 10 2 10 10 8 2 10 10 8 8 10
left_child=4 11 3 -3 5 10 -4 9 -9 -6 -1 13 -13 -2
right_child=1 2 6 -5 7 -7 -8 8 -10 -11 -12 12 -14 -15
leaf_value=-2.9481082961418847e-05 -0.00035207351286434073 -2.1268101296581427e-05 -0.0003576069706620148 0.0041994773585349249 -9.4738424392993983e-06 0.00052191502841135407 0.00010556863659783692 0.00053761488507713458 -0.00030097848835785842 -0.0002497770817920489 -0.0002079078899268613 0.00061249833820554306 -1.9757935849230512e-05 -2.3313937583724394e-06
leaf_weight=614.93061367422342 337.4732402106747 17.455664329230785 200.98842459591106 16.764950311742723 1074.8824178134091 16.653210014104843 2019.3935318831354 46.134622766636312 27.399007547646761 319.75983397755772 932.69743323978037 5.9955358430743209 176.66375061077997 108.3074449384585
leaf_count=5266 1510 74 1840 86 5710 48 9303 230 88 1426 2849 24 1866 508
internal_value=-0.000180167 4.74363e-05 0.000207152 0.00292849 -0.000400841 -0.000640938 0.000158593 -0.000135968 0.00132828 -0.000223054 -0.000683943 -0.000504426 4.55979e-05 -0.000758905
internal_weight=5915.5 2883.04 2254.6 34.2206 3032.46 1564.28 2220.38 1468.18 73.5336 1394.64 1547.63 628.44 182.659 445.781
internal_count=30828 15211 11303 160 15617 8163 11143 7454 318 7136 8115 3908 1890 2018
is_linear=0
shrinkage=0.01444


Tree=173
num_leaves=15
num_cat=0
split_feature=9 32 28 27 28 9 18 18 35 27 10 15 34 5
split_gain=1.42884 1.22041 1.0873 2.26204 0.950872 0.877025 1.0746 0.976657 0.516801 0.707499 0.424292 0.903798 0.318088 0.00318729
threshold=0.19775677899704855 0.81530343007915584 0.064649999999999999 0.17238392229950586 0.041799999999999983 0.60371201669732366 -0.023951880168686931 -0.0052885783244999143 2.6379852627415272 0.31196471120345853 0.18514926208881577 0.97065836194735378 -0.061697511403567544 0.36166041640223617
decision_type=8 8 10 10 10 10 10 10 2 10 10 10 10 10
left_child=8 2 4 -4 -2 6 -3 -7 9 13 11 -10 -12 -1
right_child=1 5 3 -5 -6 7 -8 -9 10 -11 12 -13 -14 -15
leaf_value=8.5968219795587866e-06 2.7833417888602137e-06 -1.4603338313163103e-06 -0.00031948212883576248 0.00086230527153599048 -0.0004424339240084186 -1.1660080822366265e-06 -0.00021260849819512278 0.0011189304454747625 1.4698932731273664e-06 0.00021847473805519757 3.9205587960608004e-05 -0.0001158383827519116 -0.00025483959748871516 -0.00056754089614977174
leaf_weight=6.0219503692351344 2866.2637893231586 582.68400891451165 98.390414915047586 225.31009132508188 241.25429997593164 23.48293748497963 900.12994233053178 27.211827520281076 13.753377308137713 11.126112978905438 31.160435121972114 497.99249129369855 379.10553644783795 11.612466447055338
leaf_count=120 13116 3680 418 994 924 76 4418 174 62 50 1146 3867 1735 48
internal_value=-0.000186089 -8.48372e-05 6.32164e-05 0.000859723 -1.56803e-05 -0.000424543 -0.000495102 0.00136686 -0.000700684 0.00100627 -0.000768694 -0.000446722 -0.00113729 -0.000156712
internal_weight=5915.5 4964.73 3431.22 323.701 3107.52 1533.51 1482.81 50.6948 950.772 28.7605 922.012 511.746 410.266 17.6344
internal_count=30828 23800 15452 1412 14040 8348 8098 250 7028 218 6810 3929 2881 168
is_linear=0
shrinkage=0.01444


Tree=174
num_leaves=15
num_cat=0
split_feature=7 34 26 5 19 23 18 5 13 23 19 16 17 17
split_gain=1.18225 1.58121 1.31446 1.46548 1.27786 1.19475 1.04093 0.559804 1.23655 2.30805 0.501961 0.4333 0.275988 0.0572276
threshold=0.21030227905456669 0.012583619509106471 0.39440565929986865 0.10954091931115544 0.20233506899072048 0.011048952761073096 -0.024341235611318675 0.092129616201375622 1.4761848689849233 0.046978165267125956 0.06408186776056006 0.85605218372682923 1.4842884155315736 1.2832425770925833
decision_type=8 8 10 10 10 10 10 8 10 10 10 10 10 10
left_child=7 2 5 -4 6 -2 -3 8 9 -1 12 -12 -9 -10
right_child=1 4 3 -5 -6 -7 -8 10 13 -11 11 -13 -14 -15
leaf_value=1.4486680397816958e-06 0.00012044710617065061 -1.4392466361443832e-06 -7.1279677051131705e-05 0.00018600308573390756 0.00075989307045179683 -0.00010221352782095499 -0.00024310024204433791 -0.00029208029972878537 -0.0003752950065043197 0.00056583442171420574 -0.00044667654201744603 0.0001026439819685115 -5.0971644994403655e-05 -0.00028333958681407587
leaf_weight=99.244113634340465 27.720419451128691 611.18947885930538 281.42708203941584 1456.2362096244469 22.103905729018152 1307.2750899530947 827.43665005639195 889.73988689435646 77.683230207301676 10.455063370987771 98.952809293754399 101.70976040372625 81.306088070385158 23.019894168712199
leaf_count=543 280 3420 1296 7854 110 5390 2918 6035 692 70 729 804 503 184
internal_value=-0.000189849 -7.37686e-05 0.000108736 0.000373337 -0.000466523 -0.000225885 -0.000527631 -0.000560946 7.02495e-05 0.0011846 -0.000685436 0 -0.000821327 -0.00101421
internal_weight=5915.5 4533.39 3072.66 1737.66 1460.73 1335 1438.63 1382.11 210.402 109.699 1171.71 200.663 971.046 100.703
internal_count=30828 21268 14820 9150 6448 5670 6338 9560 1489 613 8071 1533 6538 876
is_linear=0
shrinkage=0.01444


Tree=175
num_leaves=15
num_cat=0
split_feature=21 5 8 26 26 35 33 18 33 18 22 21 35 28
split_gain=1.43034 2.08939 2.01196 2.30811 1.00638 1.44509 1.81542 1.41945 0.759462 0.896194 0.636208 0.309971 0.637992 0.363729
threshold=0.016048964956625052 -0.028256143401958051 0.18847101329701943 0.30443371873422181 0.46567929232646349 4.1228508703095761 0.034279251457839617 0.026174980922605954 0.081846075354125816 0.025867042570492885 0.044428362816158029 0.0081551253523910114 5.7670076097225325 -0.064099999999999921
decision_type=10 10 10 8 8 2 10 10 8 8 10 10 2 8
left_child=1 2 -1 -4 8 7 -7 -6 10 -10 -2 12 -3 -13
right_child=4 11 3 -5 5 6 -8 -9 9 -11 -12 13 -14 -15
leaf_value=-0.00010738041517272151 -0.00029265550590338126 -0.00015618456335982902 0.00019835822491068105 -1.2048405546338985e-05 2.334903191035271e-05 -7.0641964537247479e-05 6.6106962812209931e-05 0.00079018412720710681 -0.00010084636514588501 0.00016929567813062939 -2.4138225129633423e-05 0.0010051795234698911 8.6821037521234357e-05 -0.00026538411571580404
leaf_weight=21.599471561610699 638.76345120649785 239.86192322243005 17.424739254638556 12.109474170953034 832.07398531306535 846.23818513937294 555.37230499368161 271.85662070754915 528.50217348802835 262.67853864375502 1025.2831774083897 22.544985361397266 20.969180883374065 620.22147040162235
leaf_count=146 2068 3724 68 68 4433 3438 4282 1399 2940 1470 3282 144 268 3098
internal_value=-0.000194132 -0.000707896 0.00204206 0.00454089 -9.25479e-05 0.000107204 -0.000193843 0.000501188 -0.000301702 5.18793e-05 -0.00047764 -0.000879153 -0.000375203 -0.0010628
internal_weight=5915.5 954.731 51.1337 29.5342 4960.77 2505.54 1401.61 1103.93 2455.23 791.181 1664.05 903.598 260.831 642.766
internal_count=30828 7516 282 136 23312 13552 7720 5832 9760 4410 5350 7234 3992 3242
is_linear=0
shrinkage=0.01444


Tree=176
num_leaves=16
num_cat=0
split_feature=8 15 16 16 18 35 35 31 32 28 35 28 28 33 19
split_gain=1.15216 1.19927 0.971123 2.39881 0.812987 0.809288 3.12735 0.568042 0.432156 0.554639 0.719471 0.548904 0.970938 0.326827 0.169604
threshold=0.19586874990529354 1.1308511875982725 1.2333466345025632 1.2145532133127268 -0.064326043116764361 4.2485666655192338 4.2413267422193162 1.9350000000000007 0.77374670184696581 0.022300000000000018 5.0267382105858927 0.0041000000000000212 0.0028000000000000112 0.1074556869535699 0.049236887186443777
decision_type=8 10 10 10 10 2 2 8 10 10 2 10 10 8 10
left_child=8 5 3 -3 -4 6 -2 -7 9 13 -11 12 -10 -1 -13
right_child=1 2 4 -5 -6 7 -8 -9 11 10 -12 14 -14 -15 -16
leaf_value=-0.00024185587057447798 -5.4164101180082906e-05 3.571729100671544e-06 0.00045558945887715188 0.00021645876858235105 -0.00011169530639009534 -7.3134389600225489e-06 0.00068161561662426489 -0.00027899650935164902 1.1017051798900611e-05 -0.00036961035757468886 0.00036422277316382906 -0.00014717792189433292 0.00021146937596561884 -0.00018231444132207471 8.5405331151468754e-05
leaf_weight=453.62779741175473 591.35766935395077 3184.2959256283939 44.783002628944814 63.582710220478475 355.25457550724968 267.08985207928345 14.402467801002784 515.16913443547674 68.57206872291863 85.469500717706978 20.71066501038149 61.82595244422555 7.7903706282377234 165.56320968316868 16.004779483191669
leaf_count=2548 3489 14268 202 202 1680 1179 62 2616 608 780 208 510 44 2178 254
internal_value=-0.000201569 -0.000114184 1.98554e-05 0.000106048 -0.000646432 -0.000475752 -5.57558e-05 -0.000783992 -0.000686632 -0.000834109 1.51765e-05 0 0.000874203 -0.00100075 -0.00084273
internal_weight=5915.5 5035.94 3647.92 3247.88 400.038 1388.02 605.76 782.259 879.564 725.371 106.18 154.193 76.3624 619.191 77.8307
internal_count=30828 23698 16352 14470 1882 7346 3551 3795 7130 5714 988 1416 652 4726 764
is_linear=0
shrinkage=0.01444


Tree=177
num_leaves=15
num_cat=0
split_feature=21 4 12 12 27 15 9 18 18 32 21 9 34 34
split_gain=1.34269 1.55778 2.27981 2.69889 0.943693 0.810398 0.960665 0.588064 0.446646 0.874748 0.261928 0.0645598 0.0270644 0.00226064
threshold=0.016048964956625052 0.99049986375149623 0.043122751397825669 0.058341535834945654 0.0022332274004945273 1.1308511875982725 0.3402927113402115 0.10842616639931758 0.057777098706278347 0.72559366754617427 0.007739790356879387 0.21702649579355365 -0.049913815428182177 -0.088533299374534843
decision_type=10 8 10 10 8 8 10 10 10 10 10 8 10 8
left_child=1 8 11 -4 12 7 -7 -6 10 -10 -1 -3 13 -2
right_child=4 2 3 -5 5 6 -8 -9 9 -11 -12 -13 -14 -15
leaf_value=-0.0001239770585620512 0.00043341548431431531 -0.00010598892987853203 0.00019244032146889154 6.9167542738093375e-06 -0.00010304461670986232 -6.6583144413908799e-06 0.00021150255182454523 0.00036347471167035299 0.00099061317289532674 -0.00057411653347270661 -0.00027219084801540118 9.014219149940835e-05 -0.00058303223408090899 -0.00059196072236741696
leaf_weight=223.95376449311152 2.8499498795717955 30.236996372696012 13.094445324968548 14.319074356462805 920.81470270920545 2793.3993073254824 1055.6133542601019 49.145107991993427 22.829718988388777 31.905304921325296 613.49167469609529 4.9002657029777756 127.53801169991493 11.408003034070132
leaf_count=3418 82 244 112 192 4199 14081 4206 247 160 121 3103 166 293 204
internal_value=-0.00017857 -0.000676188 0.00144277 0.00459338 -8.00966e-05 -4.30455e-05 4.79321e-05 -0.000417373 -0.000840218 0.000245887 -0.000926943 -0.000681814 -0.00124224 0
internal_weight=5915.5 954.731 62.5508 27.4135 4960.77 4818.97 3849.01 969.96 892.18 54.735 837.445 35.1373 141.796 14.258
internal_count=30828 7516 714 304 23312 22733 18287 4446 6802 281 6521 410 579 286
is_linear=0
shrinkage=0.01444


Tree=178
num_leaves=10
num_cat=0
split_feature=21 5 27 31 20 35 17 17 30
split_gain=2.02018 1.40259 0.945442 0.820338 1.15285 0.948478 0.326251 1.34003 0.162694
threshold=0.016048964956625052 -0.41889213858308794 0.0022332274004945273 5.1250000000000009 0.064745480923788581 2.588891148759632 0.99158745517458657 1.0135318737377059 15.035000000000002
decision_type=8 10 8 10 10 2 10 10 8
left_child=1 -1 -2 5 -5 -4 8 -8 -3
right_child=2 6 3 4 -6 -7 7 -9 -10
leaf_value=0.00018966148656776545 -0.00052553293907836075 0.00038487402763079116 0.00035272615592676579 -0.00035223056966565632 0.00012505387297448881 -1.8724703360007418e-06 0.00011962772014488516 -0.0001342972618105766 -0.00028430538889387456
leaf_weight=12.77885405346751 144.178210854996 20.780452924780548 316.27563898940571 306.91888056695461 178.58980202674866 4061.7523817929905 26.246108194813132 399.39976347051561 448.57958888169378
leaf_count=64 885 456 1826 1184 566 21735 124 2120 1868
internal_value=-0.000199598 -0.00082777 -8.30316e-05 -4.60016e-05 -0.00060945 1.35627e-05 -0.000908297 -0.000556568 -0.00119837
internal_weight=5915.5 907.785 5007.71 4863.54 485.509 4378.03 895.006 425.646 469.36
internal_count=30828 4632 26196 25311 1750 23561 4568 2244 2324
is_linear=0
shrinkage=0.01444


Tree=179
num_leaves=16
num_cat=0
split_feature=20 13 11 11 36 9 25 11 25 12 30 10 33 24 33
split_gain=1.32761 1.17544 1.19431 1.19631 1.04699 0.814159 1.06969 0.681656 0.564138 0.57535 0.556413 0.95009 0.537566 0.255052 0.214246
threshold=0.047798360384222811 1.5996456281422577 0.20798101209845854 0.21616198005879428 1.0000000180025095e-35 0.4612562063946774 0.30323759664712902 0.3397019608358447 0.7144744439572831 0.11076649210384983 19.565000000000001 0.3093719006688132 0.097350357753504549 10.500000000000002 0.064611458215552489
decision_type=8 10 10 10 2 8 10 10 10 8 10 10 10 2 8
left_child=4 8 13 -4 10 7 -7 -6 9 -2 11 -1 -10 -3 -12
right_child=1 2 3 -5 5 6 -8 -9 12 -11 14 -13 -14 -15 -16
leaf_value=-0.00021691564202720948 2.1811512794350238e-05 -2.1653438082307492e-05 0.00055703571673374613 0.00021012495089739374 -6.9011522764257706e-06 0.00073571031780949269 -3.6975010212295234e-05 -0.00023150150872351644 -0.00020451929707870778 -5.3212056346061522e-05 -0.00028992444154988172 9.7619548549920427e-07 0.00015386730132006991 -0.00050330468726577369 7.5388591588498245e-05
leaf_weight=844.51613500481471 508.04177953256294 93.903515031561255 30.769673779606819 1154.1888721990399 1074.8824178134091 33.970802124589682 39.562828189693391 319.75983397755772 606.75287848571315 294.0978152374737 397.24918272998184 297.90134934848174 83.982235198840499 111.30577325820923 24.614589844830334
leaf_count=4635 1861 1622 230 5840 5710 118 200 1426 2518 2286 1674 1402 648 206 452
internal_value=-0.000190619 2.70119e-05 0.000333158 0.000515558 -0.000401809 -0.000113907 0.00133879 -0.000200387 -0.000249325 0 -0.000663522 -0.000477375 -0.000551773 -0.000655015 -0.00113533
internal_weight=5915.5 2883.04 1390.17 1184.96 3032.46 1468.18 73.5336 1394.64 1492.87 802.14 1564.28 1142.42 690.735 205.209 421.864
internal_count=30828 15211 7898 6070 15617 7454 318 7136 7313 4147 8163 6037 3166 1828 2126
is_linear=0
shrinkage=0.01444


Tree=180
num_leaves=13
num_cat=0
split_feature=21 33 35 21 26 31 18 17 35 18 20 28
split_gain=1.60915 0.926292 1.81206 1.39718 1.20682 1.09917 0.902009 0.594726 0.55551 0.50246 0.80174 0.351302
threshold=0.016048964956625052 0.051517802760290173 4.0945112011171618 0.027171689689460574 0.32046298041491694 3.9900000000000015 0.025373013021234406 0.81497058780509046 1.9733860988774827 0.015206347001610722 0.019599829044550102 -0.064099999999999921
decision_type=10 8 2 10 10 10 8 10 2 8 10 8
left_child=8 2 5 -4 6 -2 -3 -6 -1 10 -10 -11
right_child=1 4 3 -5 7 -7 -8 -9 9 11 -12 -13
leaf_value=5.1292479516416384e-05 0.0001504060386877351 -0.00018335232906308688 9.4388382743427344e-07 -0.00018031320870166595 -5.2181929449938001e-05 -3.9839451273540152e-05 2.8884840498764795e-05 0.00015913127144475821 3.4820370445205877e-06 0.00097823388975958134 -0.00015124120528189046 -0.00030039725185430368
leaf_weight=7.1148531842045477 887.07008271943778 488.69291757140309 487.97207480855286 1183.0330028133467 298.51811716146767 387.27504183165729 235.20478831976652 993.00241167470813 237.58646977040917 18.638513911515474 337.78389382036403 353.60751416953281
leaf_count=96 3884 2604 1884 4300 1822 1350 1292 6176 1622 190 2644 2964
internal_value=-0.000175891 -6.84537e-05 -0.000233523 -0.000548108 0.000166285 0.000168772 -0.00029487 0.000434909 -0.000720065 -0.000762009 -0.0004559 -0.00119865
internal_weight=5915.5 4960.77 2945.35 1671.01 2015.42 1274.35 723.898 1291.52 954.731 947.616 575.37 372.246
internal_count=30828 23312 11418 6184 11894 5234 3896 7998 7516 7420 4266 3154
is_linear=0
shrinkage=0.01444


Tree=181
num_leaves=15
num_cat=0
split_feature=9 38 9 34 35 35 9 35 5 14 31 35 5 27
split_gain=1.11784 1.01769 1.26649 2.00088 1.1054 1.44431 1.16373 1.02482 0.473149 0.92784 2.12831 0.600657 0.53001 0.394164
threshold=0.19775677899704855 5.5000000000000009 0.35555447898040465 -0.00088008155206426009 4.0688557409938628 3.7358822437053774 0.20121304316853364 3.9982006848355987 0.14578663667196462 1.2489472054169075 2.720000000000002 2.3504206048856529 0.1438438624002247 0.05917923691215618
decision_type=8 2 10 8 2 2 8 2 8 10 10 2 10 8
left_child=8 4 7 -4 5 -2 -6 -3 9 10 -1 -10 -11 -13
right_child=1 2 3 -5 6 -7 -8 -9 11 12 -12 13 -14 -15
leaf_value=-0.00013689942111058987 -1.686158929505e-05 -0.00012263570012885323 0.00014921935848352032 0.0010975344779192223 0.00015121503980058344 0.00026428993926477014 -0.00010993590655898874 5.6370875846338398e-05 0.00020929629161636176 -0.00010373228827167839 0.00015516010179838642 -0.00010042149843586779 0.00045723576445827886 -0.00026612897756838461
leaf_weight=21.739388726651672 1091.7683252885472 587.57887436635792 414.3822203874588 14.974705511704085 13.784256458282469 270.44709161366336 1708.6667342381552 863.12510392535478 8.9610618511214835 311.7068238966167 9.2049344405531865 94.388670549262315 7.5348728811368337 497.23661762150005
leaf_count=196 4830 3891 2149 104 88 1261 6599 4878 60 2282 38 828 66 3558
internal_value=-0.000183992 -9.39923e-05 0.000166596 0.00085609 -0.000257062 4.15197e-05 -0.000500732 -2.86996e-05 -0.00063986 -0.000169806 0.00212752 -0.000891749 -0.000436736 -0.000964897
internal_weight=5915.5 4964.73 1880.06 429.357 3084.67 1362.22 1722.45 1450.7 950.772 350.186 30.9443 600.586 319.242 591.625
internal_count=30828 23800 11022 2253 12778 6091 6687 8769 7028 2582 234 4446 2348 4386
is_linear=0
shrinkage=0.01444


Tree=182
num_leaves=16
num_cat=0
split_feature=21 4 23 23 21 26 0 38 9 35 11 35 28 27 25
split_gain=1.75313 1.77083 1.43498 2.3816 1.13996 1.63487 3.16338 0.978166 1.26351 1.25604 0.946792 0.470989 0.219265 0.319851 0.214731
threshold=0.016948649683197401 0.99049986375149623 0.026567180875914146 0.031265784948467386 0.018474100133203185 0.46567929232646349 0.40997500000000009 5.5000000000000009 0.35555447898040465 4.0688557409938628 0.25434291049791585 2.9436491590029887 -0.064099999999999921 0.2562486025080607 0.072895762542822914
decision_type=10 8 8 10 10 10 2 2 10 2 8 2 8 8 10
left_child=1 12 11 -4 5 10 -7 9 -9 -6 -2 -3 13 -1 -14
right_child=4 2 3 -5 7 6 -8 8 -10 -11 -12 -13 14 -15 -16
leaf_value=0.0009690303423397972 9.4897148055924952e-05 9.0489796125183505e-06 0.00019913124820324099 0.00041229618470702527 1.9840630740760921e-05 -9.3866197251898729e-06 0.00060985633506808416 -2.134526390925453e-05 0.00031649303761158479 -0.00010834843397683312 -0.00032382779185415538 -0.00010341569480503948 1.1341865147657829e-06 -0.00046333753675842452 -0.0002145472841563269
leaf_weight=10.361507040914146 85.277242453768849 5.3908867868594816 8.6626985827460903 22.118070667143911 1193.6033996418118 27.482494749128819 22.147884858772159 1471.4840754661709 407.18930818233639 1570.0808427091688 65.811469936743379 34.733927375171334 45.412839855998755 21.310026328079406 924.43300712155178
leaf_count=116 310 96 138 220 5004 208 120 9057 2067 5734 252 282 1513 154 5557
internal_value=-0.000168328 -0.000697378 0.00143231 0.00377102 -4.84092e-05 0.00100988 0.00328616 -9.71008e-05 0.000152668 -0.000271619 0.000166514 -6.70266e-05 -0.000861931 0 -0.000902378
internal_weight=5915.5 1072.42 70.9056 30.7808 4843.08 200.719 49.6304 4642.36 1878.67 2763.68 151.089 40.1248 1001.52 31.6715 969.846
internal_count=30828 8076 736 358 22752 890 328 21862 11124 10738 562 378 7340 270 7070
is_linear=0
shrinkage=0.01444


Tree=183
num_leaves=15
num_cat=0
split_feature=26 35 35 33 10 16 8 33 35 18 23 35 23 9
split_gain=1.46171 1.49051 2.12767 1.7001 1.4007 1.29526 1.19341 0.635025 1.64534 1.64795 0.680445 0.658153 0.946385 0.474059
threshold=0.4306445085591542 6.146681975418109 6.1881304604335368 0.06177235953351546 0.3160883201668051 1.0047692289357761 0.23322582083745583 0.017773242667485926 4.2485666655192338 -0.018266537054394735 0.0096753501888066657 4.4596236710756019 0.10008876646753971 0.33476970195712863
decision_type=10 2 2 10 10 8 10 10 2 8 8 2 8 10
left_child=7 3 -3 4 -2 -4 -5 8 9 -1 -10 13 -13 -9
right_child=1 2 5 6 -6 -7 -8 11 10 -11 -12 12 -14 -15
leaf_value=0.00034238371782140738 -0.00016500060109961003 0.0002921004756896217 0.00041825490585682722 -8.1870534592693722e-05 3.5414640119609926e-06 -1.3896601051353518e-05 0.00037816818597567205 -0.00022236952532752387 4.2058897727670782e-05 8.9183125040096183e-06 -0.00022670846613960825 -9.5873354683292212e-05 0.00078620799287201174 -3.6486473511031074e-05
leaf_weight=87.615552506875247 925.12380785495043 11.628384911920874 42.796073174104095 243.84279542136937 1046.7952778576873 65.911439305637032 515.96332132909447 978.70498855318874 16.311860100366175 514.39184331777506 445.09700084547512 719.93809662293643 25.191695515066385 276.18754443991929
leaf_count=742 5505 78 330 2604 3972 302 3250 4836 154 2841 2059 2817 72 1266
internal_value=-0.000160014 7.13853e-05 0.00164044 0 -0.000221666 0.000856787 0.000582023 -0.000379694 -7.97933e-05 0.000403393 -0.000738278 -0.000532542 -0.000169135 -0.000737727
internal_weight=5915.5 2852.06 120.336 2731.73 1971.92 108.708 759.806 3063.44 1063.42 602.007 461.409 2000.02 745.13 1254.89
internal_count=30828 16041 710 15331 9477 632 5854 14787 5796 3583 2213 8991 2889 6102
is_linear=0
shrinkage=0.01444


Tree=184
num_leaves=15
num_cat=0
split_feature=21 5 14 21 18 0 22 34 10 18 30 21 17 7
split_gain=1.53688 1.9114 1.82725 0.909602 1.34507 1.77604 1.23435 2.91444 1.30896 0.420973 0.878898 0.250467 0.212379 0.0456403
threshold=0.016948649683197401 -1.0000000180025095e-35 1.2996669841501991 0.018474100133203185 0.021397056663417627 0.28707500000000008 0.018042515943688584 -0.03517115764150313 0.32945417800255861 0.057777098706278347 18.225000000000005 0.007739790356879387 1.330757515619253 0.20487419461724854
decision_type=10 10 8 10 10 2 10 8 10 10 10 10 8 10
left_child=1 2 -1 4 5 -2 7 -5 -8 11 -11 -3 -4 -6
right_child=3 9 12 6 13 -7 8 -9 -10 10 -12 -13 -14 -15
leaf_value=0.00040772704453478117 -0.0002747724611057764 -0.00011209954181445558 -0.00013478759413392905 0.00012772109251487008 -0.00028723662830543325 0.00030418698508733399 -6.8894356518151787e-05 -0.00062591312127758744 9.575795168151331e-06 0.0009461703056413205 -0.00054350216362390735 -0.00022279858612998983 8.0835076587545409e-05 -5.0586589929443857e-05
leaf_weight=22.834384744055569 40.167630066163838 224.78571826126426 38.055710404645652 10.925624325871466 15.480842526070772 103.79791650827974 2775.8887594621629 14.173413978889586 1841.369828232564 24.656583869829774 35.286727709230036 718.19365578982979 8.6101829796098155 41.272702897898853
leaf_count=88 206 3726 230 146 76 418 14222 66 7428 192 139 3619 82 190
internal_value=-0.000178103 -0.00067392 0.00156894 -6.55448e-05 0.000877715 0.00165092 -0.000109248 0.00302876 -0.000129503 -0.000843174 0.000156302 -0.000920638 0 -0.000852226
internal_weight=5915.5 1072.42 69.5003 4843.08 200.719 143.966 4642.36 25.099 4617.26 1002.92 59.9433 942.979 46.6659 56.7535
internal_count=30828 8076 400 22752 890 624 21862 212 21650 7676 331 7345 312 266
is_linear=0
shrinkage=0.01444


Tree=185
num_leaves=16
num_cat=0
split_feature=21 26 33 27 21 22 35 33 9 8 27 12 34 19 34
split_gain=2.16405 1.10056 1.47049 1.33144 1.05593 0.750078 4.16424 0.623822 0.340686 0.5549 0.858684 0.423316 0.245692 0.155278 0.0541302
threshold=0.016948649683197401 0.4306445085591542 0.0097496891585894269 0.558222466830122 0.01737697726307201 0.018042515943688584 5.2904615902650054 0.017773242667485926 0.21078495100108532 0.19586874990529354 0.23313701218479807 0.042761785398067527 -0.065209590616445476 0.0088578494548245141 -0.066415173021945481
decision_type=8 10 10 10 10 10 2 10 10 10 8 10 8 10 10
left_child=8 5 4 -4 -3 6 -2 -7 12 10 -10 -11 14 -14 -1
right_child=1 2 3 -5 -6 7 -8 -9 9 11 -12 -13 13 -15 -16
leaf_value=-0.00034252505566761569 -0.00014716901221308148 6.766007708943706e-05 0.00012186715639222167 -0.0002359614025848738 -0.00011671036728837221 1.1425938456811446e-06 0.00012155357852735905 -0.00013934062719798873 0.00088231243227943643 2.2665101040408585e-05 -0.00030712537186445578 -0.0001571329236222341 -3.3932823645649805e-07 -0.00018606485961616308 0.00039223170835238141
leaf_weight=17.951120220124722 44.203699897043407 11.22571384673938 1607.1447766907513 259.23478490300477 702.66213937941939 751.88950049830601 9.6156623507849854 1504.0469177626073 7.6819070260971785 125.12630461249501 10.818564324639739 321.45462823379785 31.370173720642924 491.93921584356576 19.134572446346283
leaf_count=428 1356 608 8200 1288 3916 3473 202 6593 100 713 114 1544 146 2021 126
internal_value=-0.00018367 -5.42776e-05 0.000147341 0.000364218 -0.000401179 -0.000285157 0.0013445 -0.000330159 -0.000787562 -0.000446123 0.00181177 -0.000571076 -0.00104687 -0.00112752 0
internal_weight=5915.5 4890.02 2580.27 1866.38 713.888 2309.76 53.8194 2255.94 1025.48 465.081 18.5005 446.581 560.395 523.309 37.0857
internal_count=30828 25636 14012 9488 4524 11624 1558 10066 5192 2471 214 2257 2721 2167 554
is_linear=0
shrinkage=0.01444


Tree=186
num_leaves=16
num_cat=0
split_feature=26 11 26 35 31 17 27 27 35 1 19 27 25 19 17
split_gain=1.35742 1.51607 1.60947 3.55078 1.16467 0.867832 0.915716 1.56883 0.831087 0.799371 1.05258 0.714152 0.885158 0.389965 0.170083
threshold=0.46567929232646349 0.28976615611153245 0.49077346535208072 5.5372551486009192 3.7850000000000006 1.1971226819323855 0.27054674913786969 0.23577245554613036 3.1018915595878069 0.079384469696969703 0.06067083299278745 0.36794817500404559 0.29978689644873485 0.033490410109703252 1.4842884155315736
decision_type=10 10 10 2 8 8 10 8 2 2 8 10 10 8 10
left_child=5 11 3 -3 -4 6 7 -1 -8 13 -11 12 -2 -7 -13
right_child=1 2 4 -5 -6 9 8 -9 -10 10 -12 14 -14 -15 -16
leaf_value=-0.00012166889519525576 0.00011625849347384098 0.00030946567723918371 0.00018428704609505244 0.00028461053463897407 -2.5312335305795795e-05 -0.00028310543541460641 1.1260948103857207e-06 4.8328119149208446e-05 -0.00030893680719730709 0.0001324255212558727 -2.7928513683981017e-05 -0.00033594633023867354 -4.1399325907604819e-05 -1.2838309842604349e-05 3.2871445991938927e-05
leaf_weight=1201.6911545256153 45.560042292810977 85.777127269655466 1038.0149753708392 13.955811977386473 427.95428201649338 191.17070954432711 175.4159416235052 183.71672564558685 827.30025397380814 344.86763689573854 288.17662182194181 215.27998782275245 639.37294225534424 215.82145557343028 21.424013147130609
leaf_count=5533 519 442 4893 44 1916 906 1032 753 3434 1571 1800 1642 4803 1350 190
internal_value=-0.000180883 7.15254e-05 0.00034942 0.00213456 0.000218284 -0.00036782 -0.00051955 -0.000264965 -0.00085791 -6.74514e-06 0.000301254 -0.000386301 -0.000127733 -0.000517692 -0.00107727
internal_weight=5915.5 2487.34 1565.7 99.7329 1465.97 3428.16 2388.12 1385.41 1002.72 1040.04 633.044 921.637 684.933 406.992 236.704
internal_count=30828 14449 7295 486 6809 16379 10752 6286 4466 5627 3371 7154 5322 2256 1832
is_linear=0
shrinkage=0.01444


Tree=187
num_leaves=15
num_cat=0
split_feature=21 5 33 33 35 22 31 20 20 28 19 32 24 7
split_gain=1.54995 2.01379 2.56919 0.724031 1.57117 1.76321 1.07451 0.703161 0.788319 0.267697 0.412172 0.270864 0.234036 0.0465745
threshold=0.016048964956625052 -0.028256143401958051 0.023196518141403336 0.051517802760290173 4.0945112011171618 0.018042515943688584 3.9900000000000015 0.020750518452439779 0.02098820571270316 -0.064099999999999921 0.029902355225524261 0.37598944591029032 3.5000000000000004 0.2128004192335379
decision_type=8 10 8 8 2 8 10 8 8 8 10 8 2 10
left_child=1 2 -1 4 6 -6 -2 12 -9 10 -3 -11 -5 -4
right_child=3 9 13 7 5 -7 -8 8 -10 11 -12 -13 -14 -15
leaf_value=0.00017111422682852503 0.00014833509620191263 -0.00037097942080184445 -0.00056212785441008581 0.0012387161323251356 3.7154188850859047e-05 -0.00010782730671265425 -4.0269813709154551e-05 0.00077455785248080886 3.0281036480559412e-05 2.8777834627243114e-05 0.00094267571102313254 -0.00020879349005122836 -0.00020998389871842836 4.1108728330196087e-05
leaf_weight=17.098898762837052 893.49575298558921 19.575962694361809 18.541553620249037 6.9895632229745379 19.386877327226102 1658.3043862581253 395.09781515412033 9.3300671651959401 1831.5071196411736 39.725631359033287 8.7294823601841909 791.6384056052193 193.60333247669041 12.474833123385904
leaf_count=58 3924 102 106 710 90 6132 1372 38 12902 852 80 3390 1028 44
internal_value=-0.000184806 -0.000735452 0.00204223 -8.2302e-05 -0.000227891 -0.000520799 0.000143366 0.000122839 0.000216767 -0.000907356 0.000118605 -0.000958079 -0.000672266 -5.39997e-05
internal_weight=5915.5 907.785 48.1153 5007.71 2966.28 1677.69 1288.59 2041.43 1840.84 859.669 28.3054 831.364 200.593 31.0164
internal_count=30828 4632 208 26196 11518 6222 5296 14678 12940 4424 182 4242 1738 150
is_linear=0
shrinkage=0.01444


Tree=188
num_leaves=15
num_cat=0
split_feature=21 21 33 18 22 34 20 9 20 22 18 21 25 21
split_gain=1.54646 0.902299 2.60398 2.83518 1.23097 2.91444 1.14168 0.384009 0.545909 1.09787 0.381765 0.333285 0.181559 0.0885875
threshold=0.016948649683197401 0.018474100133203185 0.018153217483829923 0.023147515659373012 0.018042515943688584 -0.03517115764150313 0.047798360384222811 0.16452114963468259 0.021625041237203022 0.026323184543081964 0.058698350508818893 0.017713051425618662 0.8741409398925496 0.016281390821798501
decision_type=10 10 10 10 10 8 10 10 10 8 10 10 8 10
left_child=7 2 3 -2 5 -3 -6 12 9 -9 -10 -4 -1 -14
right_child=1 4 11 -5 6 -7 -8 8 10 -11 -12 -13 13 -15
leaf_value=-0.00039361714804004596 0.00031320853908284009 0.00012544120968587466 -0.00031100098437485487 -5.2712432899846266e-05 -7.1971592188836182e-05 -0.00061352943779878857 4.7863519528800967e-06 -0.00020577851567967468 -0.00013251510941364507 6.2803452751156649e-05 0.00049235508717280954 5.9340010028475708e-05 -0.00036290639842180604 1.6965223201201924e-05
leaf_weight=209.38322252640501 55.03631136752665 10.925624325871466 60.381442969664931 25.092554052360356 1884.5954056940973 14.173413978889586 2732.6631820006296 250.71698349667713 443.76265600323677 118.21485816314816 27.741781255230308 60.208783608861268 21.147977685090158 1.4554846286773671
leaf_count=1426 186 146 280 104 9180 66 12470 1363 2527 542 186 320 2030 2
internal_value=-0.000174823 -6.19414e-05 0.000877715 0.00290627 -0.000105489 0.00302876 -0.000125724 -0.000672101 -0.000500885 -4.61244e-05 -0.00082851 -0.000369303 -0.0012334 0
internal_weight=5915.5 4843.08 200.719 80.1289 4642.36 25.099 4617.26 1072.42 840.436 368.932 471.504 120.59 231.987 22.6035
internal_count=30828 22752 890 290 21862 212 21650 8076 4618 1905 2713 600 3458 2032
is_linear=0
shrinkage=0.01444


Tree=189
num_leaves=16
num_cat=0
split_feature=9 17 33 9 35 27 9 35 31 35 23 35 2 12 24
split_gain=1.25314 0.852745 0.940969 1.08834 1.02869 0.421314 0.962125 3.4291 0.394466 0.362233 0.442553 0.357492 0.250221 0.195914 0.0677084
threshold=0.18588624619202479 0.7091153986949339 0.0076844477678003073 0.36939844990845516 4.3546554048693595 0.05917923691215618 0.16452114963468259 4.8524207364111538 0.31000000000000055 2.8329191398700289 0.083159212797056556 2.4655535603469612 0.042802321060394853 0.019425540337100079 8.5000000000000018
decision_type=8 8 10 10 2 8 10 2 10 2 10 2 2 10 2
left_child=5 9 4 -4 -3 6 14 -8 13 11 -11 -2 -10 -7 -1
right_child=1 2 3 -5 -6 8 7 -9 12 10 -12 -13 -14 -15 -16
leaf_value=7.6532473089330059e-06 -0.00051278228843461531 -4.8061138447293592e-06 -2.8894048025670776e-06 0.00027753506202992664 -0.00040338622250731074 -0.00035640648639188833 -0.0004494700993237705 0.00076251638182316518 0.00013178376576141411 -0.00037152191649605449 4.8536606785459124e-06 2.1180836119213898e-05 -0.00023918657792174595 3.398928333193904e-06 -0.00027669920678917339
leaf_weight=9.3717513820156437 46.354827274568379 544.58164342888631 2963.7321157595143 733.57266718894243 442.81016595871188 60.665762100834399 30.373482817783952 14.543454146012662 11.696009292267261 371.36255628243089 76.577817469835281 36.756403975188732 394.92365035414696 119.31540893716738 58.861965388059616
leaf_count=660 256 4121 13169 2529 2756 418 208 112 64 1819 310 222 2428 1618 138
internal_value=-0.000183771 -0.000103837 -3.86604e-05 6.40356e-05 -0.000436277 -0.00076033 0 0.00167589 -0.000916037 -0.000653527 -0.000820467 8.92287e-05 -0.0011762 -0.000253943 -0.00102943
internal_weight=5915.5 5215.75 4684.7 3697.3 987.392 699.751 113.151 44.9169 586.601 531.052 447.94 83.1112 406.62 179.981 68.2337
internal_count=30828 25182 22575 15698 6877 5646 1118 320 4528 2607 2129 478 2492 2036 798
is_linear=0
shrinkage=0.01444


Tree=190
num_leaves=14
num_cat=0
split_feature=26 6 16 16 5 17 26 5 36 34 34 5 9
split_gain=1.20175 1.21481 1.20621 1.16549 0.946864 0.868497 0.920376 1.94942 0.802613 0.786707 0.650576 0.623691 0.474877
threshold=0.4306445085591542 0.27074135579668462 1.2699808942036082 1.1383142419841579 0.32693132795403768 1.1971226819323855 0.38934220509884138 0.29744584101978461 1.0000000180025095e-35 0.031791022825298672 0.0017102978584755404 1.0000000180025095e-35 0.1759991043051552
decision_type=10 8 8 10 8 8 10 10 2 10 10 8 10
left_child=5 4 3 -3 -2 10 9 -8 -4 -7 11 -1 -12
right_child=1 2 8 -5 -6 6 7 -9 -10 -11 12 -13 -14
leaf_value=3.8421033408639533e-05 0.0009157800937048768 4.5467199708130105e-07 -0.00023235989462600407 5.1961058593867482e-05 4.510305020341737e-06 -1.5663974590328588e-05 0.00089377678548025169 -0.00025553964636305574 3.4788941981320086e-06 0.001058633915848328 2.6607571212381331e-05 -0.00015286209561039956 -0.00021695932352496552
leaf_weight=99.390338147059083 10.491558015346525 2054.3600182840601 274.59990646247752 351.19643316045403 12.056639351882042 803.79751011240296 55.553556234808639 36.258527417201549 149.35654458054341 49.255495861172676 51.838185884058475 1500.5424387273379 466.8025295175612
leaf_count=714 52 11889 1410 1562 80 4443 370 172 1048 116 122 7628 1222
internal_value=-0.000170314 3.88625e-05 7.29387e-06 0.00013706 0.00333817 -0.000369301 0 0.00136395 -0.000697385 -0.00015334 -0.000531648 -0.000373999 -0.000991838
internal_weight=5915.5 2852.06 2829.51 2405.56 22.5482 3063.44 944.865 91.8121 423.956 853.053 2118.57 1599.93 518.641
internal_count=30828 16041 15909 13451 132 14787 5101 542 2458 4559 9686 8342 1344
is_linear=0
shrinkage=0.01444


Tree=191
num_leaves=13
num_cat=0
split_feature=20 31 18 30 35 20 16 16 26 26 31 28
split_gain=1.29565 1.13333 0.963033 0.892786 0.802541 0.91896 1.48219 1.35358 0.790678 1.59038 0.359514 0.0217599
threshold=0.054090177454443007 5.1250000000000009 0.13485725185042699 24.730000000000004 4.9057561433596852 0.058138025942032136 0.95630313067272288 1.0582348004464681 0.90118864064631643 0.6579948625170905 -1.9999999999999998 0.073100000000000068
decision_type=8 10 10 10 2 10 8 10 8 10 10 10
left_child=1 2 3 -1 8 7 -7 -6 9 -2 -10 -3
right_child=4 11 -4 -5 5 6 -8 -9 10 -11 -12 -13
leaf_value=-4.6272721318993854e-05 2.3082311220197525e-05 -0.00027560701802303855 0.00096091014583083486 9.4099466038436434e-05 -0.00021522742474808606 7.4259772379239487e-05 -0.00031728903973204318 9.2410305524133944e-06 0.00021316786747463401 0.00072919666396757286 -0.000321299919848656 -0.00020401794630291661
leaf_weight=3050.0977706830017 1246.0927571954671 302.11735966801643 10.939985729753969 34.814300239086151 37.233514572028071 224.29315796587616 376.13783616712317 43.83144722180441 38.433938642032444 355.98284137086011 179.14752958714962 16.377242714166641
leaf_count=16074 6758 1218 40 174 494 1130 1507 144 405 2044 754 86
internal_value=-0.000173074 -0.000356621 -0.00026664 -0.000286089 7.22791e-05 -0.000342487 -0.000551923 0.00104156 0.000234866 0.00035089 -0.00055813 -0.00118824
internal_weight=5915.5 3414.35 3095.85 3084.91 2501.15 681.496 600.431 81.065 1819.66 1602.08 217.581 318.495
internal_count=30828 17592 16288 16248 13236 3275 2637 638 9961 8802 1159 1304
is_linear=0
shrinkage=0.01444


Tree=192
num_leaves=16
num_cat=0
split_feature=26 33 35 10 5 9 37 33 17 22 22 34 12 9 35
split_gain=1.18125 1.37749 1.39032 1.7816 1.56542 1.29401 1.57079 0.964338 0.714657 0.902911 1.64882 0.705669 0.655286 0.474877 0.186038
threshold=0.4306445085591542 0.025999877546902587 6.146681975418109 0.30773680292784417 0.24494432774462555 0.25342832910621521 1.0000000180025095e-35 0.10202432517984374 1.1971226819323855 0.028526271417641157 0.031842508114372801 0.0017102978584755404 0.027827199121432278 0.1759991043051552 3.401364020557216
decision_type=10 10 2 8 10 10 2 10 8 10 10 10 10 10 2
left_child=8 2 4 -4 -2 7 -7 -3 11 14 -11 12 -1 -13 -10
right_child=1 5 3 -5 -6 6 -8 -9 9 10 -12 13 -14 -15 -16
leaf_value=-0.00024071651505279615 -0.00012951425395463231 -0.00012126362841011064 0.00041487162856058458 -3.1142011965533478e-05 6.0731654936682244e-05 0.00036028892617198275 5.6574395767573767e-05 0.00014736482913285914 -1.4659268787120594e-06 0.00066109880801207906 1.5466827809427411e-06 2.6891535638521429e-05 -7.8309996554156604e-05 -0.0002131582573672924 -0.00027180931023313901
leaf_weight=340.51515028905123 977.86216052668169 392.46935930941254 29.451400871388614 25.066048446111381 441.04040844645351 378.12347331549972 482.82642001658678 125.22182892262936 47.570604541804641 53.028165556490421 693.09238752909005 51.838185884058475 1259.4176265853457 466.8025295175612 151.17393199820071
leaf_count=2179 4431 3294 148 110 2146 2146 2604 1162 442 176 3061 122 6163 1222 1422
internal_value=-0.00016984 3.74981e-05 -0.000264277 0.00195068 -0.000359334 0.000369488 0.000715578 -0.00018097 -0.000367115 -2.21376e-05 0.000194053 -0.000514749 -0.000351623 -0.000991838 -0.000897714
internal_weight=5915.5 2852.06 1473.42 54.5174 1418.9 1378.64 860.95 517.691 3063.44 944.865 746.121 2118.57 1599.93 518.641 198.745
internal_count=30828 16041 6835 258 6577 9206 4750 4456 14787 5101 3237 9686 8342 1344 1864
is_linear=0
shrinkage=0.01444


Tree=193
num_leaves=16
num_cat=0
split_feature=26 34 35 35 33 5 23 35 31 18 7 18 35 7 30
split_gain=0.968841 1.31594 1.30979 1.813 1.28153 0.668601 1.6615 3.15881 1.49739 0.81403 1.167 0.910915 0.570436 1.68429 0.442836
threshold=0.4306445085591542 0.032758122151732467 4.0825249818614795 3.9720827219491577 0.029755976761547513 0.13154763208389517 0.011048952761073096 5.2904615902650054 -4.3999999999999986 -0.018667339387823719 0.2695995447013419 0.09306824128498116 5.5372551486009192 0.31544041732726108 19.440000000000001
decision_type=10 8 2 2 10 10 10 2 10 8 10 10 2 8 10
left_child=5 2 3 -2 -4 6 7 -1 -8 10 -7 -11 14 -14 -3
right_child=1 12 4 -5 -6 9 8 -9 -10 11 -12 -13 13 -15 -16
leaf_value=0.00012977646159004205 0.00023256709512425329 -1.3792143876928913e-05 -6.8725799012550774e-05 0.00094621768671432436 3.6226507053644977e-05 -2.7449140273380155e-05 0.00016986828754699459 0.00012284685723619831 -0.00010362162680279312 -0.00019247415975944763 0.0002097504508743122 0.001148902816124832 0.0002771811534060448 -0.00025174396444887587 -0.00022077497274966218
leaf_weight=27.308951779268682 772.70927947200835 98.015543822199106 708.90460930485278 73.445266040042043 775.62790912110358 238.51740413997322 103.46657439274713 9.4313124814070743 874.04095525015146 1517.6805019909516 251.81497958581895 41.177902281284332 23.64873520610854 67.91301457863301 331.79674230981618
leaf_count=734 4574 1194 3069 456 5612 1192 854 74 3220 7533 976 204 82 212 842
internal_value=-0.000193046 0 0.000145223 0.000600829 -0.000105776 -0.000371333 -5.34541e-05 0.00291819 -0.000180126 -0.000522223 0 -0.000683604 -0.000656905 0.000272229 -0.00088535
internal_weight=5915.5 2852.06 2330.69 846.155 1484.53 3063.44 1014.25 36.7403 977.508 2049.19 490.332 1558.86 521.374 91.5617 429.812
internal_count=30828 16041 13711 5030 8681 14787 4882 808 4074 9905 2168 7737 2330 294 2036
is_linear=0
shrinkage=0.01444


Tree=194
num_leaves=15
num_cat=0
split_feature=21 5 14 21 33 15 38 9 10 21 9 21 24 9
split_gain=1.58615 1.37976 2.20266 0.936184 2.59734 2.32047 0.953378 1.07746 0.922958 0.341628 0.561693 0.336435 0.222522 0.0996148
threshold=0.016948649683197401 -1.0000000180025095e-35 1.2996669841501991 0.018474100133203185 0.018153217483829923 1.3176592175935713 5.5000000000000009 0.35555447898040465 0.33110972504190606 0.0081551253523910114 0.17517005890460594 0.017713051425618662 5.5000000000000009 0.21897364567748431
decision_type=10 8 8 10 10 8 2 10 8 10 10 8 2 10
left_child=1 2 -1 4 5 -2 8 -8 -5 10 -3 -6 -11 -4
right_child=3 9 13 6 11 -7 7 -9 -10 12 -12 -13 -14 -15
leaf_value=0.00041282796082530289 -6.7563330097935941e-05 -0.00019411205813426514 -8.2017207566733981e-05 -0.00014821636417076484 -0.00030270630693876761 0.00031014040403245667 -1.1453130715104029e-05 0.00029562712335030867 -1.5631804074612093e-06 3.1694433190581434e-05 1.1280626872627967e-05 5.6368102140971103e-05 -0.0002054680290596529 7.6235906742730397e-05
leaf_weight=22.834384744055569 25.62917857337743 99.280218326952308 29.138378413394094 1384.3655316438526 60.381442969664931 54.499686846509576 1471.4840754661709 407.18930818233639 1379.318710707128 17.209335808642209 159.44381299708039 60.208783608861268 728.56683533638716 15.949998131953178
leaf_count=88 134 2728 244 6065 280 156 9057 2067 4673 1002 1194 320 2756 64
internal_value=-0.000190303 -0.000694169 0.001214 -7.59601e-05 0.000880475 0.00290627 -0.000120233 0.000125893 -0.00029227 -0.000836822 -0.000306421 -0.000364716 -0.00100292 -0.000384599
internal_weight=5915.5 1072.42 67.9228 4843.08 200.719 80.1289 4642.36 1878.67 2763.68 1004.5 258.724 120.59 745.776 45.0884
internal_count=30828 8076 396 22752 890 290 21862 11124 10738 7680 3922 600 3758 308
is_linear=0
shrinkage=0.01444


Tree=195
num_leaves=15
num_cat=0
split_feature=22 34 19 34 8 13 12 35 23 23 7 31 35 10
split_gain=1.21301 1.07704 1.24698 1.63417 0.934959 1.97644 1.72902 0.931073 2.42492 0.96296 1.17871 0.961328 0.529481 0.517877
threshold=0.043196736977941921 0.012583619509106471 0.20233506899072048 0.029190496684817661 0.35051242508256242 1.7223550606256135 0.051217332832167041 5.2183808207283642 0.011048952761073096 0.046831042589156942 0.25300665315997189 3.4850000000000008 4.8166458505458118 0.32778585530875626
decision_type=8 8 10 8 10 10 10 2 10 10 8 10 2 8
left_child=7 4 12 -4 6 -6 -2 9 -9 13 -11 -10 -3 -1
right_child=1 2 3 -5 5 -7 -8 8 11 10 -12 -13 -14 -15
leaf_value=-0.00016727125465042215 4.1146433620984987e-05 -1.1134039825840543e-05 0.00073577274562254872 -0.00067323627184746719 1.1992745452886642e-05 0.00075620541605460724 -0.00017630287650207722 3.9220670603725064e-05 -7.2452133927739602e-05 0.00019043480889776595 -0.00093086951682527872 5.6504298988000678e-05 -0.00032403866432002772 -1.4926050146544741e-05
leaf_weight=1178.1950801503845 1165.0701520340517 747.27343487972394 11.492511212825773 10.637816457077863 645.234365766868 248.45293643139303 675.30981422774494 12.370293591637163 377.01389217469841 10.339485233649613 9.9055960513651353 71.194309949874878 330.49260509759188 422.51738849747926
leaf_count=6894 7590 3650 20 100 2552 1151 2898 114 1786 108 58 340 1446 2121
internal_value=-0.00019511 -3.8996e-05 -0.000422968 0.00284325 0.000110741 0.000495646 -6.91513e-05 -0.000476281 7.14684e-05 -0.000639963 0.0023085 -7.74822e-05 -0.000503607 -0.000686218
internal_weight=5915.5 3833.96 1099.9 22.1303 2734.07 893.687 1840.38 2081.54 460.578 1620.96 20.2451 448.208 1077.77 1600.71
internal_count=30828 19407 5216 120 14191 3703 10488 11421 2240 9181 166 2126 5096 9015
is_linear=0
shrinkage=0.01444


Tree=196
num_leaves=15
num_cat=0
split_feature=20 34 27 33 25 27 16 12 12 8 17 20 17 32
split_gain=1.12774 0.872838 0.994206 1.06545 0.82379 0.947858 1.12346 0.657398 1.68409 0.645302 0.417608 0.277914 0.829764 0.0678864
threshold=0.054090177454443007 0.032758122151732467 1.0549368293682579 0.011877451648398598 0.73602824415938239 0.56606393494717722 1.102613427582759 0.048423565870157441 0.044441621377179566 0.43568107629434277 0.93578751655899028 0.021252585565798208 1.0456256054594892 0.99142480211081807
decision_type=8 10 8 8 10 8 10 8 10 10 8 10 10 10
left_child=1 2 3 -1 5 6 -2 8 -6 -9 -7 12 -3 -13
right_child=4 11 -4 -5 7 10 -8 9 -10 -11 -12 13 -14 -15
leaf_value=-0.00039292449049094664 0.00010226938434940443 -0.00036486289912294095 2.9974604962946838e-05 -1.4193424302359086e-05 -3.5933227701340831e-05 1.3911745662982985e-05 0.00034114276386300785 -0.0001983770704689574 0.00063665831721411079 0.0001161532125120196 -0.00058124114379283433 -0.00041913513057197197 4.7179135777260247e-05 -9.941731735718487e-05
leaf_weight=522.70191256795079 665.60457718069665 52.464079521596432 10.099475854076443 2527.2543510212563 474.00629530567676 101.29445821605623 235.28069438552484 606.76647681184113 83.226734571158886 229.69762903824449 105.27615721314214 258.82053221389651 21.091697856783867 21.914609998464584
leaf_count=3305 3961 146 31 13316 3313 516 898 2720 386 890 552 556 80 158
internal_value=-0.000174148 -0.00034531 -0.000260889 -0.000280242 5.43e-05 0.000352148 0.000561359 -0.000173032 0.000195125 -0.000433897 -0.000496104 -0.00103602 -4.39962e-05 -0.00124881
internal_weight=5915.5 3414.35 3060.06 3049.96 2501.15 1107.46 900.885 1393.7 557.233 836.464 206.571 354.291 73.5558 280.735
internal_count=30828 17592 16652 16621 13236 5927 4859 7309 3699 3610 1068 940 226 714
is_linear=0
shrinkage=0.01444


Tree=197
num_leaves=15
num_cat=0
split_feature=9 17 33 18 18 16 5 14 35 35 5 33 16 6
split_gain=1.08981 0.959036 1.09314 2.03234 1.63616 0.684501 0.498423 0.900014 1.44335 0.593635 0.516483 0.381798 0.338414 0.274112
threshold=0.19775677899704855 0.7091153986949339 0.011877451648398598 0.047914366268189686 -0.025206016586590881 0.61941167342969439 0.14578663667196462 1.2489472054169075 4.4507361054433732 2.3504206048856529 0.1438438624002247 -0.067593862194708573 0.89866006404399645 0.66840378351885466
decision_type=8 8 10 10 8 10 8 10 2 2 10 8 10 10
left_child=6 5 4 -4 -3 11 7 8 -1 -8 -9 -2 -11 -7
right_child=1 2 3 -5 -6 13 9 10 -10 12 -12 -13 -14 -15
leaf_value=0.00016918878209063763 0.0012885705608271477 0.0002360510226067393 -2.4256677447475212e-06 0.00019181996466855454 -0.00018243966543627583 -0.00025422144198031433 0.00019145614311574945 -7.5760170786504601e-05 -0.00037073141509848869 -1.2419861743008542e-05 0.00045298431058138599 -0.00053597236120127745 -0.00029561178589280975 9.4178482877019008e-06
leaf_weight=16.816067372448746 9.5722539424896222 228.84506642911583 2729.438113220036 469.20698001794517 1017.292998875957 448.12693331111223 8.9610618511214835 311.7068238966167 14.128255794756113 139.62158294115216 7.5348728811368337 8.7478614151477831 452.0037052296102 53.497104577720165
leaf_count=98 64 1382 11962 2016 5913 2111 60 2282 136 1100 66 72 3286 280
internal_value=-0.000168034 -7.91992e-05 -7.53769e-06 0.000130792 -0.000373008 -0.00066599 -0.000617832 -0.000138644 0.00212752 -0.00087507 -0.000402559 0.00183817 -0.000947966 -0.000785449
internal_weight=5915.5 4964.73 4444.78 3198.65 1246.14 519.944 950.772 350.186 30.9443 600.586 319.242 18.3201 591.625 501.624
internal_count=30828 23800 21273 13978 7295 2527 7028 2582 234 4446 2348 136 4386 2391
is_linear=0
shrinkage=0.01444


Tree=198
num_leaves=16
num_cat=0
split_feature=9 15 30 9 26 9 18 26 9 22 5 5 23 17 19
split_gain=1.34445 0.956483 0.815753 2.00901 1.037 0.417217 0.466258 0.386153 0.980583 1.48312 0.450079 0.527228 0.382278 0.123513 0.0678222
threshold=0.19775677899704855 1.1308511875982725 19.660000000000004 0.60371201669732366 0.4306445085591542 0.42852950522159833 -0.022500659200633873 0.90118864064631643 0.18588624619202479 0.03549253524841034 0.14578663667196462 0.11704983253465666 0.011048952761073096 1.870996280366976 0.016869740032715536
decision_type=8 8 8 10 10 10 10 8 10 10 8 10 10 10 8
left_child=7 5 4 -4 -3 12 -7 10 14 -10 11 -1 -2 -12 -9
right_child=1 2 3 -5 -6 6 -8 8 9 -11 13 -13 -14 -15 -16
leaf_value=-0.00010734743919196695 3.6089400641922984e-05 -1.5864333471655846e-05 -3.369539105974052e-05 0.0010858900886146655 0.00015730842554567435 -0.00013402606305102066 0.0001203986214660139 4.0505441322179429e-05 -0.00050017788564880145 0.00036369162382281277 -0.00026729075530861535 5.5727756306006541e-05 -0.00010783900481025238 4.6614637466400661e-06 -0.00033344502040922783
leaf_weight=237.47352688247338 13.541502750478683 1361.0180228659883 1118.4846534715034 18.159296426922083 1397.7017529988661 71.312100993469357 174.79204651061445 12.662741567939518 10.823893217369916 10.358889386989174 508.9042179514654 108.29133133636788 809.71793577168137 20.813731015194207 41.444038609042764
leaf_count=1728 124 5880 5962 78 6926 286 868 56 64 102 3804 780 3676 128 366
internal_value=-0.000187498 -8.91603e-05 1.2611e-05 -0.000309127 0.000149953 -0.000471931 0 -0.000686884 0.000171499 0.00289291 -0.000775708 -0.000313494 -0.000628374 -0.00105208 -0.000673048
internal_weight=5915.5 4964.73 3895.36 1136.64 2758.72 1069.36 246.104 950.772 75.2896 21.1828 875.483 345.765 823.259 529.718 54.1068
internal_count=30828 23800 18846 6040 12806 4954 1154 7028 588 166 6440 2508 3800 3932 422
is_linear=0
shrinkage=0.01444


Tree=199
num_leaves=13
num_cat=0
split_feature=20 15 9 26 30 18 37 28 30 22 28 12
split_gain=1.17051 0.9954 0.99718 1.4667 1.0194 0.850769 0.683924 0.901785 0.759527 0.51902 0.590863 0.438185
threshold=0.047798360384222811 1.1308511875982725 0.3402927113402115 0.35757682266353746 16.170000000000005 0.13485725185042699 1.0000000180025095e-35 -0.028899999999999992 18.225000000000005 0.070681541043075793 -0.051499999999999983 0.068211130586371835
decision_type=8 10 10 10 10 10 2 10 10 8 8 8
left_child=5 9 4 -4 -3 6 7 -1 -8 10 -2 -11
right_child=1 2 3 -5 -6 -7 8 -9 -10 11 -12 -13
leaf_value=-0.00033026233052884101 5.926205271513908e-05 0.00023287153063820766 -0.000141730833459556 0.00034534546596012833 -3.229336605359466e-05 0.00091252942104348255 -1.5821318399894635e-05 -3.0085307184340721e-06 -0.00022794231584800508 0.00034152275707127798 -0.00040270416847201882 -1.7809827547943737e-05
leaf_weight=294.3684963658452 27.369283326901495 293.02415746729821 210.75329728703946 701.97887955140322 1048.8462368142791 12.601715847849844 874.83890789095312 1309.0591222806834 541.588896648027 36.374234428629279 303.28989371471107 261.40656013274565
leaf_count=1592 178 2915 833 2706 4849 48 4719 6574 2684 209 1300 2221
internal_value=-0.000192739 1.11978e-05 0.000157289 0.000527424 -8.48378e-05 -0.000390911 -0.000410649 -0.000194447 -0.000645985 -0.000491784 -0.000886546 -8.71981e-06
internal_weight=5915.5 2883.04 2254.6 912.732 1341.87 3032.46 3019.86 1603.43 1416.43 628.44 330.659 297.781
internal_count=30828 15211 11303 3539 7764 15617 15569 8166 7403 3908 1478 2430
is_linear=0
shrinkage=0.01444


Tree=200
num_leaves=13
num_cat=0
split_feature=22 35 33 8 20 27 35 23 23 16 17 23
split_gain=1.06899 1.34939 1.57869 1.26197 2.91297 1.08298 0.95213 2.42314 0.966738 0.683024 0.638144 0.51747
threshold=0.043196736977941921 4.8832184157383169 0.053805233680929716 0.43568107629434277 0.029556435294775033 1.0549368293682579 5.2183808207283642 0.011048952761073096 0.046831042589156942 0.95630313067272288 1.2017995962665993 0.036681455714653512
decision_type=10 2 10 8 10 8 2 8 10 10 10 10
left_child=5 3 11 10 -5 6 8 -8 -1 -4 -2 -3
right_child=1 2 9 4 -6 -7 7 -9 -10 -11 -12 -13
leaf_value=-0.00012662352351266551 -3.919907761003287e-05 4.6933548865007429e-06 0.00035890623873390703 0.00071337144385586534 0.00017822768756463531 2.6663203512486335e-05 3.5611713454532522e-05 -5.0167659389541274e-06 0.00015508033774311208 -3.2529404999715079e-05 0.00015237315066348679 -0.00020112298665356915
leaf_weight=1608.0556306873914 1281.7872311188839 58.191367193125188 173.28212418686599 35.651193665340543 673.52450057212263 10.271707093343137 12.370293591637163 448.02902818494476 20.245081285014749 190.28725464269519 673.34463424235582 730.45963529264554
leaf_count=9945 6835 206 1114 142 2807 42 114 2324 166 966 3647 2520
internal_value=-0.000189012 -4.12447e-05 -0.000456608 0.000133531 0.000656453 -0.000451376 -0.000480473 7.42019e-05 -0.000645315 0.000304331 -4.95848e-05 -0.000823957
internal_weight=5915.5 3816.53 1152.22 2664.31 709.176 2098.97 2088.7 460.399 1628.3 363.569 1955.13 788.651
internal_count=30828 18237 4806 13431 2949 12591 12549 2438 10111 2080 10482 2726
is_linear=0
shrinkage=0.01444


Tree=201
num_leaves=15
num_cat=0
split_feature=21 21 33 11 5 14 22 35 33 26 10 11 5 11
split_gain=1.26431 1.4809 1.96919 2.37667 1.3892 1.95722 1.28061 2.60589 0.969096 0.411774 0.3426 0.665225 0.2661 0.106327
threshold=0.01737697726307201 0.018474100133203185 0.017773242667485926 0.26747055561091782 -1.0000000180025095e-35 1.2996669841501991 0.018042515943688584 5.2904615902650054 0.051517802760290173 0.33517793336055968 0.26564900326508267 0.30705862849376742 0.084298120138746144 0.24999051393121377
decision_type=10 10 8 10 8 8 8 2 8 10 8 8 8 10
left_child=4 2 3 -2 5 -1 7 -3 -8 -4 12 -12 -6 -7
right_child=1 6 9 -5 10 13 8 -9 -10 -11 11 -13 -14 -15
leaf_value=0.00040474244608932177 0.00038446717609268974 -0.00058359546618551436 -0.00030792300750387267 0.00023714338019966566 -0.00013518134163307641 -6.7849227169282606e-05 -3.0919281310083768e-05 0.00012323523850520617 1.848980516867474e-05 0.00076758771176922854 1.0129000489355002e-05 -0.00017432234790191453 -0.00017410734711247814 7.0352533733502036e-05
leaf_weight=23.760534469969571 30.104207306168973 16.290279012173418 56.862849070690572 26.937285710126162 63.087878325022757 27.311034901067615 2757.9385631317273 8.8087592925876361 1859.3200245629996 28.31933905929327 136.16694189794362 263.43510607630014 599.37953729601577 17.777341644279659
leaf_count=92 110 176 206 96 660 230 10670 36 10980 258 961 2454 3821 78
internal_value=-0.000192721 -8.68708e-05 0.00135349 0.00341613 -0.00062871 0.00128255 -0.000133974 0.0030591 -0.000154533 0 -0.000765534 -0.000374924 -0.000980894 -0.000226422
internal_weight=5915.5 4784.58 142.224 57.0415 1130.92 68.8489 4642.36 25.099 4617.26 85.1822 1062.07 399.602 662.467 45.0884
internal_count=30828 22532 670 206 8296 400 21862 212 21650 464 7896 3415 4481 308
is_linear=0
shrinkage=0.01444


Tree=202
num_leaves=16
num_cat=0
split_feature=9 30 26 5 9 19 36 18 27 18 7 35 16 33 30
split_gain=1.34394 1.20712 1.30267 1.81561 1.25136 0.842887 0.757097 0.6775 0.436722 0.744055 1.11508 0.43753 0.711707 0.30473 0.196279
threshold=0.19775677899704855 19.660000000000004 0.4306445085591542 0.17574011266013317 0.60371201669732366 0.01918780783131287 1.0000000180025095e-35 -0.023951880168686931 0.05917923691215618 -0.0032095457654493505 0.15542128598756147 2.7896301409026711 1.1233729839897175 0.085544725383796996 18.155000000000005
decision_type=8 8 10 10 10 8 2 10 8 10 10 2 10 8 10
left_child=8 2 5 -4 7 -2 -6 -3 9 10 -1 12 -10 -13 -11
right_child=1 4 3 -5 6 -7 -8 -9 11 14 -12 13 -14 -15 -16
leaf_value=-5.8560189244286605e-05 6.1770973936008427e-06 -7.1281761464858228e-06 -3.2222271795142298e-05 0.00028003220154875646 2.5438521385559168e-06 -8.3465441274291075e-05 0.0010630959412248032 -0.00020473509567049298 -0.00048783665137533367 -0.00029173801405238333 0.00013614388508860964 -0.0001715932400427868 0.00017994502069496857 -7.7405414595743474e-05 0.00015381132755399999
leaf_weight=23.969578307587653 90.534702732227743 582.68400891451165 745.25336519721895 952.86666680779308 31.751970086246729 1642.5638608019799 18.942794919013977 900.12994233053178 20.822228111326698 79.292498362250626 25.035306490492076 526.14093116018921 7.4458175054751328 248.48597204079852 19.580037988722324
leaf_count=234 538 3680 3213 5034 162 6667 88 4418 80 634 314 2776 146 2706 138
internal_value=-0.000189064 -9.07365e-05 5.64411e-05 0.000343641 -0.00042848 -0.000217431 0.00173326 -0.000511834 -0.000688393 0 0.00147777 -0.000821245 0.000692186 -0.000893818 -0.000686898
internal_weight=5915.5 4964.73 3431.22 1698.12 1533.51 1733.1 50.6948 1482.81 950.772 147.877 49.0049 802.895 28.268 774.627 98.8725
internal_count=30828 23800 15452 8247 8348 7205 250 8098 7028 1320 548 5708 226 5482 772
is_linear=0
shrinkage=0.01444


Tree=203
num_leaves=16
num_cat=0
split_feature=21 21 33 18 22 34 20 5 9 10 26 18 30 18 21
split_gain=1.64895 1.42806 2.00359 2.56411 1.27344 2.88818 1.10381 0.383828 0.707345 1.96219 0.37803 0.366705 0.793885 0.382032 0.0544713
threshold=0.01737697726307201 0.018474100133203185 0.017773242667485926 0.023147515659373012 0.018042515943688584 -0.03517115764150313 0.047798360384222811 0.024825177529897709 0.20522781535261578 0.24881508279245942 0.33517793336055968 0.057777098706278347 18.225000000000005 -0.016703831569734148 0.0023464314959447973
decision_type=10 10 8 10 10 8 10 8 10 10 10 10 10 10 10
left_child=7 2 3 -2 5 -3 -6 8 14 -10 -4 13 -13 -9 -1
right_child=1 4 10 -5 6 -7 -8 11 9 -11 -12 12 -14 -15 -16
leaf_value=3.9948000105749542e-06 0.00055484782688751161 0.00012689668027250287 -0.00030235887177829741 -0.00027238785989789629 -6.2881409174034834e-05 -0.00057269055437812755 2.7464233644484431e-06 -5.8949033409553181e-05 0.00040010321171736333 -3.7031383121743936e-05 0.00075428272563746678 0.00092272225304160151 -0.00048436640036571922 -0.00021497769328718294 -1.2505338347960778e-07
leaf_weight=4.1561137742828569 38.679054023697972 10.925624325871466 56.862849070690572 18.362438992597163 1884.5954056940973 14.173413978889586 2732.6631820006296 357.38348081684671 11.998640920966862 29.998496659100056 28.31933905929327 26.028534792363644 34.438329262193292 623.94787957472727 42.966898810118437
leaf_count=442 122 146 206 84 9180 66 12470 2982 96 154 258 190 133 4085 214
internal_value=-0.000200166 -7.98233e-05 0.0013348 0.00341613 -0.000126136 0.0030591 -0.000146652 -0.000697439 8.85777e-05 0.00156702 0 -0.000777248 0.000142572 -0.000847306 -0.00095739
internal_weight=5915.5 4784.58 142.224 57.0415 4642.36 25.099 4617.26 1130.92 89.1202 41.9971 85.1822 1041.8 60.4669 981.331 47.123
internal_count=30828 22532 670 206 21862 212 21650 8296 906 250 464 7390 323 7067 656
is_linear=0
shrinkage=0.01444


Tree=204
num_leaves=13
num_cat=0
split_feature=21 5 34 8 23 1 5 23 12 28 20 24
split_gain=1.69613 1.08234 0.732508 1.00446 1.62281 0.80806 1.06495 0.74249 0.527856 0.276599 0.699971 0.280672
threshold=0.016048964956625052 -0.41889213858308794 0.032758122151732467 0.27863076177573431 0.064829374281102928 0.084508064516129064 0.17574011266013317 0.009014125660102958 0.19983697516237667 -0.064099999999999921 0.042301445220926305 7.5000000000000009
decision_type=10 10 10 10 10 2 8 10 10 8 8 2
left_child=1 -1 5 4 -4 7 -7 -2 -5 10 -3 -11
right_child=2 9 3 8 -6 6 -8 -9 -10 11 -12 -13
leaf_value=0.0001705946224202621 3.2690819888775965e-05 -0.00042378809295491674 -0.00012046294462355059 -0.00013258251811702895 0.00076990709156940756 -3.3715359510486537e-05 0.00014956145001821514 -6.7481540694551943e-05 0.0010233595103179797 -0.00012632262403077256 0.00091813663482705253 -0.00015361676901130402
leaf_weight=13.154982723295687 13.408127841539679 22.838235395029191 113.60650653392076 393.14666267111897 22.155901968479156 1252.770108545199 1719.4420233191922 1410.5465520983562 35.692553922533989 110.19046177808195 6.4039572090841821 802.14360775053501
leaf_count=76 132 180 342 1018 78 5018 8641 7915 168 4680 148 2432
internal_value=-0.000205084 -0.000764235 -9.47592e-05 -0.000585382 0.000431432 -2.87048e-05 0.000103507 -0.000313792 -0.000937915 -0.000833468 0.000235819 -0.000882203
internal_weight=5915.5 954.731 4960.77 564.602 135.762 4396.17 2972.21 1423.95 428.839 941.576 29.2422 912.334
internal_count=30828 7516 23312 1606 420 21706 13659 8047 1186 7440 328 7112
is_linear=0
shrinkage=0.01444


Tree=205
num_leaves=16
num_cat=0
split_feature=21 5 12 7 21 33 15 38 21 7 10 34 5 27 10
split_gain=1.10932 1.4859 2.45072 3.02913 1.1765 1.62012 2.36875 1.02827 1.11516 0.938082 0.368739 0.70899 0.305144 0.262217 0.134672
threshold=0.01737697726307201 -1.0000000180025095e-35 0.054023450097541718 0.30089722960756488 0.018474100133203185 0.017773242667485926 1.3176592175935713 4.5000000000000009 0.027478967699200062 0.32814356925957255 0.26564900326508267 -0.01047015158060227 0.12035049240608818 0.13215132095398932 0.27527261167114225
decision_type=10 8 10 10 10 8 10 2 10 10 8 8 8 10 10
left_child=1 2 14 -4 5 6 -2 8 -6 -9 12 -12 -3 -7 -1
right_child=4 10 3 -5 7 13 -8 9 -10 -11 11 -13 -14 -15 -16
leaf_value=-0.00010292949196881213 -7.5458813136478948e-05 -0.00011715415752457891 0.00039530016056231514 -3.1613596198120158e-06 3.5039685489542128e-06 0.00074436532845019074 0.00054732268310577435 -1.4251485191105955e-05 -7.315661080845758e-05 0.00020269029539995133 2.9772648938170589e-06 -0.00016558008132366286 -0.00020555118524983145 -0.00017241952488437022 7.2554889420107006e-05
leaf_weight=34.266128605231643 21.590787130407989 169.84048681380227 13.251381233334543 12.766183277592061 594.58942717500031 22.903508909977973 35.450705885887146 1535.5261802468449 1923.584851026535 588.6571675511077 178.65988426236436 220.9421637118794 492.62692880723625 62.27867922000587 8.5652178991585952
leaf_count=244 110 1310 42 70 2088 104 96 10245 6306 3223 1091 2324 3171 360 44
internal_value=-0.000188377 -0.000597066 0.00138658 0.00488723 -8.89831e-05 0.00119314 0.00306496 -0.00013122 -0.000329784 9.80366e-05 -0.000738634 -0.000338419 -0.000959813 0 -0.000473542
internal_weight=5915.5 1130.92 68.8489 26.0176 4784.58 142.224 57.0415 4642.36 2518.17 2124.18 1062.07 399.602 662.467 85.1822 42.8313
internal_count=30828 8296 400 112 22532 670 206 21862 8394 13468 7896 3415 4481 464 288
is_linear=0
shrinkage=0.01444


Tree=206
num_leaves=13
num_cat=0
split_feature=19 17 27 9 9 11 28 28 9 7 23 9
split_gain=1.35637 0.935008 0.752347 0.85884 0.430463 0.756969 1.0949 0.575876 0.370519 0.351051 0.142303 0.136428
threshold=0.026087705778023083 0.7091153986949339 0.0022332274004945273 0.25089106016211965 0.16452114963468259 0.16405706855877442 0.0013000000000000513 0.093999999999999986 0.34483924659434212 0.46909518467980255 0.083159212797056556 0.16675491778581278
decision_type=8 8 8 8 10 10 10 8 10 10 10 8
left_child=4 8 11 -4 -1 6 -6 -7 10 -10 -2 -3
right_child=1 2 3 -5 5 7 -8 -9 9 -11 -12 -13
leaf_value=-0.00025413513493645324 -0.00049991627195016431 8.6537087395633822e-06 -2.2863931873061017e-05 2.0157584930743151e-05 -0.0002108162791688356 -0.00011546245352379361 0.00017981898790777294 3.0731608649162004e-06 1.7107430862176694e-05 -6.0546684725876713e-05 -0.0007311659149422747 -0.00057247525441730235
leaf_weight=219.36072309827432 223.79495471250266 12.13940138928592 1393.8582831686363 2924.6045857695863 29.197967974469066 603.22267852863297 22.88465035893023 81.913171098567545 142.56066837161779 100.69366660807282 34.569681076332927 126.69924960145727
leaf_count=1564 1248 188 8678 13581 160 3055 110 426 727 344 172 575
internal_value=-0.00019902 -9.98615e-05 -3.02292e-05 4.48123e-07 -0.000699027 -0.000501488 0.00107854 -0.000641468 -0.000691815 -0.000216387 -0.00108745 -0.00107453
internal_weight=5915.5 4958.92 4457.3 4318.46 956.579 737.218 52.0826 685.136 501.619 243.254 258.365 138.839
internal_count=30828 25513 23022 22259 5315 3751 270 3481 2491 1071 1420 763
is_linear=0
shrinkage=0.01444


Tree=207
num_leaves=15
num_cat=0
split_feature=17 20 35 24 20 18 30 8 8 38 35 22 28 22
split_gain=1.12943 1.01049 1.2288 1.13055 1.08758 1.07911 1.51431 0.806683 0.461805 0.366703 0.324841 0.113727 0.0554741 0.0247554
threshold=0.7091153986949339 0.047798360384222811 4.9341140629585647 10.500000000000002 0.04820986316399687 0.050208029009964468 18.005000000000006 0.33477018974343264 0.37213132490807016 4.5000000000000009 2.5277246549430248 0.12240448092700522 -0.093399999999999997 0.10090933628590192
decision_type=8 8 2 2 8 10 10 10 10 2 2 10 8 10
left_child=8 5 4 -4 -3 7 -7 -2 12 11 -11 -10 -1 -14
right_child=1 2 3 -5 -6 6 -8 -9 9 10 -12 -13 13 -15
leaf_value=-4.5303563166031266e-06 -2.953168047554788e-05 0.0040454577023697211 1.8989302536302973e-05 -0.00014110412878073691 0.00010959630811223401 0.00012011758966641383 -0.00020742030676336088 -0.00032726389351262061 -0.00027716422085219666 0.0024216827242235562 -4.1879462243413807e-06 -3.2419161119099422e-05 -0.00035508156464947007 -0.00052624387741248687
leaf_weight=12.259809104725717 2073.8344705449417 10.673536399379371 253.77534495992586 448.4537987112999 1842.6687066103332 156.92894280143082 137.88521842798218 399.53558604512364 110.37019240111113 14.733466711826621 118.42419232241809 31.61156003549695 271.42988509032875 32.914971590042114
leaf_count=90 11119 70 2610 757 10316 784 491 1696 399 120 680 62 1508 126
internal_value=-0.000189262 -0.000119794 8.32289e-05 -0.000423576 0.000282388 -0.000311932 0.000493225 -0.000413283 -0.000791445 -0.000292034 0.000174386 -0.000820282 -0.0011829 -0.00122207
internal_weight=5915.5 5323.76 2555.57 702.229 1853.34 2768.18 294.814 2473.37 591.744 275.139 133.158 141.982 316.605 304.345
internal_count=30828 27843 13753 3367 10386 14090 1275 12815 2985 1261 800 461 1724 1634
is_linear=0
shrinkage=0.01444


Tree=208
num_leaves=13
num_cat=0
split_feature=21 21 28 22 34 8 5 26 19 19 10 30
split_gain=1.46693 1.52197 2.09503 1.27404 2.88818 1.1006 1.08061 0.952487 0.640472 0.305672 1.40542 0.300603
threshold=0.017713051425618662 0.018474100133203185 0.018600000000000037 0.018042515943688584 -0.03517115764150313 0.20954405555492275 -0.41889213858308794 0.4306445085591542 0.03718444424682691 0.016869740032715536 0.32477212390055843 16.030000000000005
decision_type=10 10 8 10 8 10 10 8 10 10 10 10
left_child=6 2 8 4 -3 -4 -1 -5 -2 10 -8 -11
right_child=1 3 5 7 -6 -7 9 -9 -10 11 -12 -13
leaf_value=0.00016404002731976237 -0.00018960525813184554 0.00012262788462921874 0.00072073401470805888 -8.0401929407759228e-05 -0.00055469999911844669 0.0010160636359580204 -0.00011481212917597375 1.8266791652541786e-06 0.00053885407268818269 -5.2482374521210563e-05 7.6571431318805158e-05 -0.0001306286045394583
leaf_weight=16.708606190979481 43.829918631352484 10.925624325871466 12.165998211130502 1909.85676375404 14.173413978889586 18.264480970799923 254.28175758616999 2707.4018239406869 20.18794689886272 165.55855713039637 35.247180053964257 706.89761008322239
leaf_count=90 208 146 72 7618 66 70 2800 14032 96 1528 328 3774
internal_value=-0.000203803 -8.71465e-05 0.00171274 -0.000126785 0.0030591 0.00480535 -0.000661246 -0.000147305 1.12332e-05 -0.000723213 -0.00024873 -0.000865419
internal_weight=5915.5 4736.81 94.4483 4642.36 25.099 30.4305 1178.69 4617.26 64.0179 1161.99 289.529 872.456
internal_count=30828 22308 446 21862 212 142 8520 21650 304 8430 3128 5302
is_linear=0
shrinkage=0.01444


Tree=209
num_leaves=14
num_cat=0
split_feature=17 12 16 16 9 12 24 23 16 19 18 26 11
split_gain=1.31189 1.15676 1.05388 1.02354 0.984731 0.619939 0.537009 0.334684 0.757667 0.303479 0.186546 0.143349 0.0854298
threshold=0.7091153986949339 0.024034371954582655 1.2333466345025632 1.2145532133127268 0.3847332318710262 0.34007665986208396 10.500000000000002 0.073709806786430646 1.1417770452367115 0.067482622267422923 0.028908218192963079 0.68566075697469298 0.69121820874479567
decision_type=8 8 8 10 8 10 2 10 10 10 8 8 10
left_child=5 6 3 -3 -4 7 9 12 -9 -2 -7 -8 -1
right_child=1 2 4 -5 -6 10 11 8 -10 -11 -12 -13 -14
leaf_value=-0.00033939152564418235 -0.00016031127222019219 1.4355188829483175e-06 -0.00025299142712805655 0.00014811584626637746 7.6155359719874343e-07 0.0012609792781428152 -0.00015707318552261458 -0.00027138912586012357 0.00064434738186283939 0.00031714945392765493 -0.00023414255965187287 -0.00023210179731416997 -0.00014175374090069233
leaf_weight=396.56875537056476 225.61272349860519 3791.5591658018529 483.40807437431067 85.266976078040898 422.16861746506765 12.04909365903586 238.44934159517288 116.79821932781488 16.535802721045911 46.922839528881013 8.0081720389425772 30.367866158485413 41.784034138545394
leaf_count=2055 2907 17710 3092 274 2742 84 463 436 122 603 58 52 230
internal_value=-0.000184309 -0.000109734 -3.52042e-05 6.54505e-05 -0.000480335 -0.000832401 -0.000743279 -0.000934554 -0.000175709 -0.000229571 0.0013908 -0.00121394 -0.00113503
internal_weight=5915.5 5323.76 4782.4 3876.83 905.577 591.744 541.353 571.687 133.334 272.536 20.0573 268.817 438.353
internal_count=30828 27843 23818 17984 5834 2985 4025 2843 558 3510 142 515 2285
is_linear=0
shrinkage=0.01444


Tree=210
num_leaves=15
num_cat=0
split_feature=21 5 22 8 21 33 15 33 10 23 28 10 34 21
split_gain=1.03764 1.10773 1.81335 2.48119 1.0322 1.73772 2.36875 0.8442 0.859265 0.722158 0.363878 0.327901 0.763499 0.3658
threshold=0.01737697726307201 -1.0000000180025095e-35 0.026915604837319255 0.21130281746912719 0.018474100133203185 0.017773242667485926 1.3176592175935713 0.06177235953351546 0.33110972504190606 0.11902706091959021 0.026200000000000018 0.26564900326508267 -0.01047015158060227 0.011825359422716062
decision_type=10 8 8 8 10 8 10 10 8 10 10 8 8 10
left_child=1 2 -1 -4 5 6 -2 8 -6 -9 -7 13 -13 -3
right_child=4 11 3 -5 7 10 -8 9 -10 -11 -12 12 -14 -15
leaf_value=-5.3259932451349423e-05 -8.4044605470253291e-05 -6.091973973128645e-05 0.00039221417075315396 -1.0705638918289875e-06 -0.00012987863846374665 -0.00015307946908554106 0.00053105230036566166 1.8165480268990474e-05 -1.6680379979134241e-07 0.00023573219988355632 0.0007210184443920424 2.8052246792829828e-06 -0.00015493060114471767 -0.00030142053763946669
leaf_weight=33.413022840861231 21.590787130407989 332.76078159036115 15.838498668745158 19.597389505710453 1622.9154020780697 71.098460207693279 35.450705885887146 1377.6762173017487 1542.0452103698626 99.720796249806881 14.083727922290562 178.65988426236436 220.9421637118794 329.70663403067738
leaf_count=186 110 2769 94 120 6980 388 96 8924 5366 592 76 1091 2324 1712
internal_value=-0.000177379 -0.000572596 0.0011254 0.00346755 -8.11707e-05 0.00111934 0.00306496 -0.000120899 -0.000255529 0.000158644 -4.22859e-05 -0.000695521 -0.000315304 -0.000904667
internal_weight=5915.5 1130.92 68.8489 35.4359 4784.58 142.224 57.0415 4642.36 3164.96 1477.4 85.1822 1062.07 399.602 662.467
internal_count=30828 8296 400 214 22532 670 206 21862 12346 9516 464 7896 3415 4481
is_linear=0
shrinkage=0.01444


Tree=211
num_leaves=13
num_cat=0
split_feature=21 21 33 22 35 33 33 5 27 21 21 16
split_gain=1.28343 1.67939 1.54533 1.25931 2.60589 1.10491 0.793039 0.714537 0.385427 0.360705 0.93694 0.30933
threshold=0.017713051425618662 0.018474100133203185 0.017773242667485926 0.018042515943688584 5.2904615902650054 0.011057711898717406 0.06177235953351546 -0.41889213858308794 0.13402518146721124 0.011264825004894089 0.01092520584308284 0.77226928789522475
decision_type=10 10 8 10 2 10 10 10 10 10 10 10
left_child=7 2 5 4 -3 -2 -5 -1 -4 10 -9 -11
right_child=1 3 8 6 -6 -7 -8 9 -10 11 -12 -13
leaf_value=0.00015598699748876332 0.00086175672845410561 -0.00053991388773822261 0.0010467333814275768 -2.5346158443591347e-05 0.00011858649924319033 0.00033256212875166965 4.2264465843310609e-05 -6.8178867484459249e-05 -0.0001508690042095016 -1.0082260652927462e-06 0.00014269330604291047 -0.00013836618235214303
leaf_weight=16.708606190979481 17.252548471093178 16.290279012173418 16.896907650865614 3147.2312860842794 8.8087592925876361 16.253550291061401 1470.0273016104475 466.00165297044441 44.045338299125433 98.80611240491271 29.363962909206748 567.81337656918913
leaf_count=90 90 176 78 12254 36 24 9396 5107 254 504 114 2705
internal_value=-0.000178352 -6.90944e-05 0.00182366 -0.000110636 0.0030591 0.00431907 -0.000131067 -0.000606083 0.000212153 -0.000657839 -0.000319137 -0.000889432
internal_weight=5915.5 4736.81 94.4483 4642.36 25.099 33.5061 4617.26 1178.69 60.9422 1161.99 495.366 666.619
internal_count=30828 22308 446 21862 212 114 21650 8520 332 8430 5221 3209
is_linear=0
shrinkage=0.01444


Tree=212
num_leaves=14
num_cat=0
split_feature=17 28 10 17 19 23 16 30 28 10 31 23 8
split_gain=1.57798 1.22196 2.50582 1.18374 0.893501 0.702597 0.541584 0.562553 0.374504 0.129578 0.15397 0.0391319 0.0190368
threshold=0.7091153986949339 0.058549999999999998 0.75214533939600769 0.90029726332297833 0.026087705778023083 0.017682828359345096 0.62799140913292517 19.385000000000002 -1.0000000180025095e-35 0.70575970242821673 0.40000000000000041 0.049410731675749699 0.56590688636334174
decision_type=8 10 10 8 8 8 10 10 8 10 10 10 10
left_child=6 4 3 -3 8 -6 7 -1 -2 10 -8 -9 -11
right_child=1 2 -4 -5 5 -7 9 11 -10 12 -12 -13 -14
leaf_value=-0.00084713360181313613 -0.00017434339112630564 0.00047758230014883731 0.00088234664255113307 -1.3678821575888164e-05 2.9116095855323059e-05 -7.7491034379974505e-06 -0.00023638827677244416 5.0245437033588054e-05 -4.8781522976548758e-05 0.0023789387119165692 -0.00027223664404020796 0.0012682690831847588 -0.00021425519786525803
leaf_weight=16.382505834102631 319.65319862728938 84.178231352008879 33.450163012370467 368.9834200241603 83.314214419573545 3936.0749200801365 125.70561910048127 7.5033433139324215 498.10145698487759 11.036355759948494 409.77946392539889 8.7561935186386091 12.580595803447066
leaf_count=78 1969 470 100 1838 534 20428 895 54 2504 56 1766 60 76
internal_value=-0.000181541 -0.000100093 0.000583189 0.000268257 -0.000171595 -7.92774e-05 -0.000891424 0.000684962 -0.000608991 -0.00100744 -0.00105359 0.00274384 0
internal_weight=5915.5 5323.76 486.612 453.162 4837.14 4019.39 591.744 32.642 817.755 559.102 535.485 16.2595 23.617
internal_count=30828 27843 2408 2308 25435 20962 2985 192 4473 2793 2661 114 132
is_linear=0
shrinkage=0.01444


Tree=213
num_leaves=13
num_cat=0
split_feature=21 17 21 24 38 5 17 17 12 18 2 18
split_gain=1.26613 0.941423 1.01596 1.49365 1.42272 0.887011 0.465407 1.15666 0.388508 0.242831 0.201846 0.154245
threshold=0.016048964956625052 0.7091153986949339 0.027478967699200062 11.500000000000002 5.5000000000000009 -0.41889213858308794 0.99158745517458657 1.0135318737377059 0.34007665986208396 0.052828168545281169 0.33605388458429092 0.028908218192963079
decision_type=8 8 8 2 2 10 10 10 10 10 2 8
left_child=5 8 3 -3 -4 -1 9 -8 10 -7 -2 -10
right_child=1 2 4 -5 -6 6 7 -9 11 -11 -12 -13
leaf_value=0.00015443895229796118 -0.00026501631212999912 -1.8118510228244757e-05 -6.8450290446952551e-05 2.8695659936645945e-05 4.309347606722844e-05 -0.0002117179201136522 0.00014444474572444644 -6.708246890249621e-05 0.0012499552996415183 3.4858403715061358e-06 7.1412328469809443e-07 -0.00024412825774373275
leaf_weight=12.77885405346751 448.76042942143977 725.62235308531672 1923.7063526930287 512.22295320034027 1347.7823481005616 437.57670703902841 26.246108194813132 399.39976347051561 8.9321696115657669 31.783334767445922 32.680136079899967 8.0081720389425772
leaf_count=64 2290 5079 9790 729 8061 2169 124 2120 70 155 119 58
internal_value=-0.000188864 -9.58365e-05 -2.69514e-05 0.000321799 -0.000162943 -0.000687256 -0.000753552 -0.000359249 -0.000692144 -0.00108242 -0.000785155 0.00114393
internal_weight=5915.5 5007.71 4509.33 1237.85 3271.49 907.785 895.006 425.646 498.381 469.36 481.441 16.9403
internal_count=30828 26196 23659 5808 17851 4632 4568 2244 2537 2324 2409 128
is_linear=0
shrinkage=0.01444


Tree=214
num_leaves=15
num_cat=0
split_feature=21 5 38 26 21 28 32 17 27 38 18 18 32 7
split_gain=1.05773 1.54598 3.84195 0.88983 1.39507 3.21341 1.62886 1.14494 1.05944 0.720637 0.422977 1.00627 0.339192 0.0677282
threshold=0.016048964956625052 -0.028256143401958051 1.5000000000000002 0.4306445085591542 0.025750767352170658 0.0041000000000000212 0.82189973614775735 1.2017995962665993 0.30827294012907713 11.500000000000002 -0.024341235611318675 -0.028260527188328884 0.37598944591029032 0.2128004192335379
decision_type=10 8 2 8 10 8 8 8 10 2 8 10 8 8
left_child=1 2 -1 7 5 -5 -6 9 -9 -2 11 -3 -12 -4
right_child=3 10 13 4 6 -7 -8 8 -10 -11 12 -13 -14 -15
leaf_value=0.0001526856535442172 -0.00013930929351365306 -0.00010590546584366002 -6.8312544888487892e-05 -9.5577222936764315e-05 4.1501664003378033e-05 0.00013889645012287759 -9.591576922922721e-05 -1.1452527058968407e-05 0.00061805750966629201 0.0010408533766023112 0.00041913643252843692 7.8062080610582498e-05 -0.00020921970138380918 5.8325262414079695e-06
leaf_weight=11.15511207282543 1490.8620693329722 143.63574811303988 21.347482098266482 166.08052285388112 1575.4766617389396 318.20355087518692 778.54844016395509 470.10392685700208 143.64141373801976 17.851851340383291 30.531139983329922 36.878940003924072 694.12924860743806 17.053573977202177
leaf_count=26 6006 1036 126 1198 8273 1839 3532 1816 598 50 872 288 5042 126
internal_value=-0.000166204 -0.000608278 0.00178565 -7.84272e-05 8.52264e-05 0.000792396 -5.48499e-05 -0.000303408 0.000207213 -0.000519802 -0.00075481 -4.88081e-05 -0.000912454 -8.95857e-05
internal_weight=5915.5 954.731 49.5562 4960.77 2838.31 484.284 2354.03 2122.46 613.745 1508.71 905.175 180.515 724.66 38.4011
internal_count=30828 7516 278 23312 14842 3037 11805 8470 2414 6056 7238 1324 5914 252
is_linear=0
shrinkage=0.01444


Tree=215
num_leaves=12
num_cat=0
split_feature=20 17 21 22 18 13 7 8 11 3 31
split_gain=1.064 1.08433 2.92562 1.84601 0.834656 0.806996 0.982985 0.78639 0.818859 0.510113 0.438436
threshold=0.047798360384222811 1.7007213609953944 0.15281661030690466 0.069706695352323392 0.13485725185042699 1.6588610346049488 0.21030227905456669 0.33477018974343264 0.28561349076731618 45.500000000000007 -4.089999999999999
decision_type=8 10 10 10 10 10 10 10 8 2 8
left_child=4 5 3 -3 7 9 -7 8 -1 -2 -9
right_child=1 2 -4 -5 -6 6 -8 10 -10 -11 -12
leaf_value=-5.5287418835263273e-05 -6.1321395758199247e-05 0.0011018596908006892 0.00068889931847102535 -0.00056688020560819667 0.00086926792001621941 -0.00029224584205111883 0.00021956035490746064 3.3900518761268233e-05 4.7929768117382794e-06 1.3342133615245247e-06 -0.00022074353478636932
leaf_weight=1695.7432217733003 955.03792033460923 57.949999803677201 10.694450041279195 82.629391053691506 12.601715847849844 232.45179616985843 957.99357208237052 51.784058002755046 705.00420454703271 586.28541323752142 567.32393886242062
leaf_count=9416 4325 378 32 513 48 1984 4751 309 3396 3228 2448
internal_value=-0.000173709 2.06402e-05 0.00121135 0.000541813 -0.000362767 -4.07385e-05 0.000235864 -0.000382389 -0.000256068 -0.000262872 -0.000850435
internal_weight=5915.5 2883.04 151.274 140.579 3032.46 2731.77 1190.45 3019.86 2400.75 1541.32 619.108
internal_count=30828 15211 923 891 15617 14288 6735 15569 12812 7553 2757
is_linear=0
shrinkage=0.01444


Tree=216
num_leaves=15
num_cat=0
split_feature=21 5 8 8 26 34 21 26 18 5 11 10 11 5
split_gain=1.05175 2.0456 2.09644 1.81244 0.878341 1.19647 1.74737 1.18212 0.990916 1.08134 0.82535 0.37819 1.02135 0.299089
threshold=0.016048964956625052 -0.028256143401958051 0.18847101329701943 0.20526990866080561 0.4306445085591542 0.032758122151732467 0.024539927494253891 0.43458006512813258 0.09306824128498116 0.30059968464678904 0.25122564067706737 0.26564900326508267 0.31126553858216388 0.12035049240608818
decision_type=10 10 10 10 8 8 10 8 8 10 10 10 10 10
left_child=1 2 -1 -4 8 7 -7 -6 10 -10 -2 13 -13 -3
right_child=4 11 3 -5 5 6 -8 -9 9 -11 -12 12 -14 -15
leaf_value=-6.6527763558090015e-05 -1.4423867565206961e-06 -0.00010357784338730609 0.0001512792247259143 2.8517433520374043e-05 0.00016997369586251807 4.8360960831176074e-05 -0.00012775745895830118 1.1570755295643467e-05 0.00062433967038736456 -0.00019421901772880367 -0.00014696548575797406 6.067615924964384e-05 -0.00020556893205067828 -0.00021183527207922114
leaf_weight=21.599471561610699 763.49371000472456 172.11522175348364 12.157988669350745 17.376224756240845 37.754991875961423 90.084391299635172 471.95994269568473 2238.5098497606814 88.908167790621519 44.204636748880148 1225.8527467241511 104.78650719113648 156.94936363771558 469.74646728648804
leaf_count=146 3366 1640 40 96 166 290 1748 12638 294 202 4608 879 992 3723
internal_value=-0.000176483 -0.000617592 0.00210959 0.00465689 -8.88909e-05 7.355e-05 -0.000515782 0.000224905 -0.000312247 0.000861064 -0.000397555 -0.000787602 -0.000253325 -0.000984681
internal_weight=5915.5 954.731 51.1337 29.5342 4960.77 2838.31 562.044 2276.26 2122.46 133.113 1989.35 903.598 261.736 641.862
internal_count=30828 7516 282 136 23312 14842 2038 12804 8470 496 7974 7234 1871 5363
is_linear=0
shrinkage=0.01444


Tree=217
num_leaves=15
num_cat=0
split_feature=9 30 26 5 5 26 9 23 35 27 27 10 33 5
split_gain=1.39354 0.996637 1.43915 1.98636 1.42537 1.81466 1.03005 0.828889 0.523993 0.707398 0.517382 0.864654 0.29659 0.00345199
threshold=0.19775677899704855 19.660000000000004 0.39440565929986865 0.17574011266013317 -0.12836716896997363 0.30238808098089548 0.60371201669732366 0.011048952761073096 2.6379852627415272 0.29520296215890629 0.05917923691215618 0.13036969084779251 0.085544725383796996 0.36166041640223617
decision_type=8 8 10 10 10 10 10 10 2 10 8 10 8 10
left_child=8 2 7 -4 5 -3 -6 -2 9 13 11 -10 -12 -1
right_child=1 4 3 -5 6 -7 -8 -9 10 -11 12 -13 -14 -15
leaf_value=2.9891334981975358e-05 1.6696109517400683e-05 0.00021647949586080668 -5.9563007981047456e-05 0.00024453970695697717 -9.3478691112260995e-05 -0.00079288613091805398 0.00057801820417135313 -7.3692781932655979e-05 -0.00039559377311535479 0.00013242212370182099 -0.00014156280509270517 0.00011181434026869092 -7.0854764803562897e-05 -0.00044977784932861921
leaf_weight=5.9995798333548072 29.847117839381099 14.636200915090742 853.72136608604342 1076.3881458332762 1455.7813241663389 12.396426163613794 50.694765005260706 1471.2619657805189 78.175370718352497 11.148483514785765 527.95642145071179 66.971475716214627 248.90857228636742 11.612466447055338
leaf_count=112 282 62 3590 5510 7956 80 250 6070 556 58 2788 722 2744 48
internal_value=-0.00019517 -9.50884e-05 3.82279e-05 0.000302349 -0.000401822 0.00278416 -0.000468686 -0.000292645 -0.000703651 0.00101694 -0.000772092 0 -0.000919887 -0.000146803
internal_weight=5915.5 4964.73 3431.22 1930.11 1533.51 27.0326 1506.48 1501.11 950.772 28.7605 922.012 145.147 776.865 17.612
internal_count=30828 23800 15452 9100 8348 142 8206 6352 7028 218 6810 1278 5532 160
is_linear=0
shrinkage=0.01444


Tree=218
num_leaves=14
num_cat=0
split_feature=21 5 38 34 35 5 35 32 35 35 5 28 11
split_gain=1.07035 1.40812 3.97324 0.718067 0.906366 0.924574 0.617139 0.537664 0.514497 0.336234 0.699965 0.269905 0.0731265
threshold=0.016048964956625052 -0.028256143401958051 1.5000000000000002 0.032758122151732467 5.3816699155506251 0.066387098498617861 6.146681975418109 0.80408970976253313 6.5444079719934471 5.3288223156361374 0.19674690045131515 -0.064099999999999921 0.23321497439500405
decision_type=10 8 2 10 2 8 2 10 2 2 10 8 8
left_child=1 2 -1 4 5 -2 7 -5 -6 11 -11 -3 -4
right_child=3 9 12 6 8 -7 -8 -9 -10 10 -12 -13 -14
leaf_value=0.00014596879518516441 -0.00027533545984478598 0.00089805671434115496 -6.3522939359355525e-05 0.00061290701366393185 -0.00014675665664369049 1.1667272108838283e-05 0.00027477237190041986 -0.00010616775792814326 1.2271052744902793e-06 -4.6405312171807854e-05 7.2458343210535394e-05 -0.00016977750923469702 2.9169764767174957e-05
leaf_weight=11.15511207282543 377.60836272407323 26.627658255398273 23.576017269864678 38.252744372934103 653.08635250106454 3294.0232331398875 20.058767080307007 506.29011364281178 71.448863439261913 174.65618725842796 41.008306047646329 662.88292514625937 14.825038805603979
leaf_count=26 1794 298 160 450 2704 16876 50 1106 332 958 366 5616 92
internal_value=-0.00018874 -0.000633988 0.00164158 -0.000100349 -3.48821e-05 5.40344e-05 -0.000586399 -0.000695967 -0.000503223 -0.000773955 -0.000194491 -0.000935926 -0.000274915
internal_weight=5915.5 954.731 49.5562 4960.77 4396.17 3671.63 564.602 544.543 724.535 905.175 215.664 689.511 38.4011
internal_count=30828 7516 278 23312 21706 18670 1606 1556 3036 7238 1324 5914 252
is_linear=0
shrinkage=0.01444


Tree=219
num_leaves=16
num_cat=0
split_feature=21 26 33 27 23 11 11 22 10 11 8 30 30 22 18
split_gain=1.45077 0.791533 1.22479 1.18456 0.903395 0.846541 2.62051 0.85566 0.419424 0.769735 1.85022 0.257732 0.181392 0.101741 0.101012
threshold=0.016048964956625052 0.4306445085591542 0.0097496891585894269 0.54868234320300446 0.02214612938630928 0.24618473610536118 0.24502126456719911 0.046820090451900179 0.26564900326508267 0.30705862849376742 0.24530131367329036 15.305000000000001 17.500000000000004 0.027137807786615929 0.07026631385153094
decision_type=8 8 10 8 10 10 10 8 10 10 10 8 10 10 10
left_child=8 5 4 -4 -3 6 -2 -7 11 10 -10 13 -13 -1 -11
right_child=1 2 3 -5 -6 7 -8 -9 9 14 -12 12 -14 -15 -16
leaf_value=-9.913878760353698e-05 -1.4206346275541372e-05 9.1415178884309605e-05 8.5652112602150259e-05 -8.4536006598458669e-05 -0.00010859863925681683 -0.00028355919117337516 3.0721845242813152e-05 -3.0994281528392533e-05 -0.00039128435968498301 -0.00018089011447035649 9.7683249931007456e-05 -0.00017339325022565778 -6.26056692178046e-05 0.00046719290918880552 3.0254672209289027e-06
leaf_weight=23.320213632658128 824.15012254589237 56.982917228946462 1749.2989233676344 290.22671351023018 763.89700408885255 446.28545309929177 9.9453623360022885 866.92841805424541 64.539479032158852 140.99581222422421 37.105509508401155 328.90525892190635 290.71877463161945 8.6332977563142759 13.566421817988155
leaf_count=370 5202 796 8914 1459 4471 2020 48 3286 335 692 188 1256 1379 326 86
internal_value=-0.000202411 -0.000103045 5.03316e-05 0.000243952 -0.000414632 -0.00031341 3.17107e-05 -0.000542501 -0.000735748 -0.000174547 0.000732018 -0.000936007 -0.00100394 0 -0.000855612
internal_weight=5915.5 5007.71 2860.41 2039.53 820.88 2147.31 834.095 1313.21 907.785 256.207 101.645 651.578 619.624 31.9535 154.562
internal_count=30828 26196 15640 10373 5267 10556 5250 5306 4632 1301 523 3331 2635 696 778
is_linear=0
shrinkage=0.01444


Tree=220
num_leaves=15
num_cat=0
split_feature=21 5 38 15 23 35 21 33 33 35 10 11 30 10
split_gain=0.906929 1.3717 2.51838 0.821678 1.30387 1.88774 0.847675 2.106 1.06782 0.53783 0.407836 0.739728 0.267983 0.228793
threshold=0.016048964956625052 -0.028256143401958051 1.5000000000000002 1.2583259128346922 0.017682828359345096 5.2904615902650054 0.018474100133203185 0.017773242667485926 0.06177235953351546 4.1678273120030385 0.26564900326508267 0.31126553858216388 15.305000000000001 0.27527261167114225
decision_type=10 8 2 8 10 2 10 8 10 2 10 10 8 10
left_child=1 2 -1 4 5 -2 7 -5 -8 -6 12 -12 -3 -4
right_child=3 10 13 6 9 -7 8 -9 -10 -11 11 -13 -14 -15
leaf_value=0.00014476503309343184 2.3255863227961991e-06 3.8816263093995051e-05 -9.7777876692941112e-05 0.00021128638633991192 -8.5446861693103527e-06 0.00022634497681084295 -2.0167646702931934e-05 -1.319821540191431e-06 8.0697977746364724e-05 -0.00013756543083136212 6.1905158907953336e-05 -0.00020766495105942637 -0.00016293001597184254 3.1360603982928339e-05
leaf_weight=11.15511207282543 52.957612482830882 31.31467636488378 25.792218523100019 73.670490969903767 574.15237318538129 10.304058217443524 2122.2695708377287 155.25921279005706 1132.2323066107929 839.92281180620193 106.29890316911042 156.94936363771558 610.61213353602216 12.608837552368639
leaf_count=26 336 760 178 210 2701 68 8405 782 7360 3450 881 992 4605 74
internal_value=-0.000194041 -0.000604663 0.00164243 -0.000112316 -0.000397766 0.00157336 5.03068e-06 0.000856575 -5.09835e-05 -0.000495787 -0.000743073 -0.000197993 -0.000945864 0
internal_weight=5915.5 954.731 49.5562 4960.77 1477.34 63.2617 3483.43 228.93 3254.5 1414.08 905.175 263.248 641.927 38.4011
internal_count=30828 7516 278 23312 6555 404 16757 992 15765 6151 7238 1873 5365 252
is_linear=0
shrinkage=0.01444


Tree=221
num_leaves=13
num_cat=0
split_feature=21 26 21 34 21 26 8 5 10 11 30 34
split_gain=1.49287 0.817828 1.43085 1.88219 1.74252 0.683324 0.775588 0.679433 0.30494 0.638448 0.273208 0.260085
threshold=0.016048964956625052 0.32046298041491694 0.025545513819250822 0.032758122151732467 0.025166385987511669 0.29444317845525037 0.20094356907896929 -0.41889213858308794 0.26564900326508267 0.30705862849376742 15.305000000000001 -0.048819085427464708
decision_type=8 8 8 8 10 10 8 8 10 10 8 10
left_child=7 5 4 -4 -3 6 -2 -1 10 -10 -9 -7
right_child=1 2 3 -5 -6 11 -8 8 9 -11 -12 -13
leaf_value=0.00014267462852877449 -0.00023536841233072356 3.0906133133104264e-05 2.4832742721202938e-06 -0.00019715478402068394 2.619188311165923e-05 -3.0339956438814912e-06 -9.9061703465444142e-07 3.8255756928792355e-05 6.593776215251184e-05 -0.00017527938606966636 -0.00013381032498018327 -0.00033203381157275726
leaf_weight=11.201337214559315 226.0911082085222 693.60683600790799 2510.7119804453105 537.06159480684437 36.478295180946589 42.990394149208441 769.17309402674437 31.86157019995153 101.64498854056001 151.1865868549794 611.89028471522033 191.60161140561104
leaf_count=60 1772 3722 12773 3004 189 424 3782 686 523 764 2599 530
internal_value=-0.000195523 -9.48102e-05 7.10182e-06 -0.000126944 0.000584268 -0.000418363 -0.000236004 -0.000736289 -0.000792273 -0.000288044 -0.00096957 -0.00113397
internal_weight=5915.5 5007.71 3777.86 3047.77 730.085 1229.86 995.264 907.785 896.583 252.832 643.752 234.592
internal_count=30828 26196 19688 15777 3911 6508 5554 4632 4572 1287 3285 954
is_linear=0
shrinkage=0.01444


Tree=222
num_leaves=15
num_cat=0
split_feature=21 5 38 0 27 27 34 1 22 31 9 19 10 19
split_gain=1.22474 1.16999 2.6809 0.853554 1.05578 1.35642 0.678506 0.860741 0.775476 0.549547 0.27369 0.451124 0.12406 0.037655
threshold=0.016048964956625052 -0.028256143401958051 1.5000000000000002 0.69537500000000019 0.16485726015769062 0.18335172565220859 0.0017102978584755404 0.14876388888888895 0.018042515943688584 0.65000000000000047 0.16452114963468259 0.017281585099924116 0.27527261167114225 1.0000000180025095e-35
decision_type=10 8 2 2 10 10 10 2 10 8 10 10 10 10
left_child=1 2 -1 6 9 -6 8 -8 -2 -5 13 -12 -4 -3
right_child=3 10 12 4 5 -7 7 -9 -10 -11 11 -13 -14 -15
leaf_value=0.00014061440936973999 2.6631594457774787e-05 -0.00029451467114819524 -9.8426185010014737e-05 0.00025862269878733428 0.0014711910272624206 4.1875601653888177e-05 -0.0001671238929700753 2.2606362619290796e-05 -5.3220796212237555e-06 -0.00022940170328279873 2.422133466722803e-06 -0.00012400043391963618 2.8847538246820154e-05 -0.00032730437534617861
leaf_weight=11.15511207282543 21.176318067125976 10.120211237110196 25.792218523100019 111.79427060857415 41.211003854870796 800.56750842370093 825.65662147477269 163.74280856922269 2779.518628904596 217.10127699747682 188.98640605388209 517.47583898715675 12.608837552368639 188.59262042958289
leaf_count=26 248 1510 178 620 204 3361 2760 462 14865 792 1136 2858 74 1734
internal_value=-0.000161054 -0.000636167 0.00142393 -6.69161e-05 0.000269459 0.00054713 -0.000174292 -0.000500935 -5.41499e-05 -0.000401204 -0.000764211 -0.000594352 -8.95857e-05 -0.00129905
internal_weight=5915.5 954.731 49.5562 4960.77 1170.67 841.779 3790.09 989.399 2800.69 328.896 905.175 706.462 38.4011 198.713
internal_count=30828 7516 278 23312 4977 3565 18335 3222 15113 1412 7238 3994 252 3244
is_linear=0
shrinkage=0.01444


Tree=223
num_leaves=16
num_cat=0
split_feature=7 26 26 38 35 7 26 20 5 5 25 12 35 35 34
split_gain=1.18964 0.955581 1.48422 1.72835 1.65083 1.00471 1.66485 0.680318 1.35496 1.21844 1.10895 0.672704 0.435345 1.02743 0.357782
threshold=0.21030227905456669 0.46567929232646349 0.49375668210976481 10.500000000000002 4.1228508703095761 0.21428951249811054 0.31739051936947976 0.028255502775772299 0.10556786239026743 0.100960686205814 0.3302981623055728 0.048423565870157441 5.055194296785233 5.3472027597435643 -0.061697511403567544
decision_type=10 10 10 2 2 8 8 10 8 10 10 10 2 2 8
left_child=7 5 3 -3 -4 6 -2 12 9 -9 -10 -7 14 -14 -1
right_child=1 2 4 -5 -6 11 -8 8 10 -11 -12 -13 13 -15 -16
leaf_value=6.2899338161314863e-05 0.00016830291787426539 3.3742781402087326e-05 0.00032744234916020129 0.0007257664181827112 -3.179164370387189e-05 -3.1916594092275675e-07 -1.7993776921575551e-05 6.4047864494746017e-05 0.00014256618538045884 0.00064834223369451447 -0.00017352086930720628 -0.00012667911914619319 0.00015778400660052235 -0.00022346789861553927 -0.00022290612621947065
leaf_weight=53.161942727863789 31.138079721946269 147.70628259005025 791.94740659184754 25.819505119696259 1068.5809991033748 862.16672464599833 39.3426119890064 142.28226579725742 46.431761073414236 8.8791881450451893 780.00837286841124 1296.0785562559031 50.715656307758763 144.7610128512606 426.47931596753187
leaf_count=700 170 677 4170 110 5062 3599 150 993 204 66 5453 5102 408 938 3026
internal_value=-0.00017477 -4.38653e-05 0.000178671 0.00145669 5.20409e-05 -0.00025283 0.00140401 -0.000504358 -0.000241757 0.000984959 -0.000482472 -0.000313349 -0.00086473 -0.00020329 -0.00110649
internal_weight=5915.5 4262.78 2034.05 173.526 1860.53 2228.73 70.4807 1652.72 977.602 151.161 826.44 2158.25 675.118 195.477 479.641
internal_count=30828 19040 10019 787 9232 9021 320 11788 6716 1059 5657 8701 5072 1346 3726
is_linear=0
shrinkage=0.01444


Tree=224
num_leaves=14
num_cat=0
split_feature=22 17 20 8 12 21 33 16 7 26 18 7 32
split_gain=1.10734 0.835561 0.76839 1.44631 0.753714 1.15598 0.710697 0.518284 0.574969 0.334845 0.309245 0.347812 0.173953
threshold=0.023589795512798484 0.7091153986949339 0.027071427634698723 0.23979965828978209 0.029566409755134714 0.027478967699200062 0.03182104562178812 0.62799140913292517 0.28215753104194291 0.20047125496467152 -0.050144634961910343 0.2741504691772656 0.34960422163588395
decision_type=8 8 10 10 8 8 10 10 10 8 8 10 8
left_child=2 7 10 -4 6 -6 -3 8 -2 -9 11 -1 -12
right_child=1 4 3 -5 5 -7 -8 9 -10 -11 12 -13 -14
leaf_value=-8.8634949344984005e-05 -0.00048270970116634135 -0.0002434713210188526 -9.7929762658603483e-05 0.00033566904221824103 8.4878219358685085e-06 -9.5306335054580209e-06 -2.3474802569578655e-05 2.2696335384829407e-06 0.0012044190899881851 -0.0002694066838897985 4.0895241474140035e-05 0.0012491035556464686 -0.00022768868790626923
leaf_weight=8.675555529072879 15.229259666055443 264.64581035077572 21.869393771514297 11.440278450027106 1247.6431588009 2858.5302141187713 494.4739744849503 35.359190217219293 11.998636934906243 477.43371258024126 21.277663968969136 4.3519626278430215 442.5708702551201
leaf_count=96 90 1314 94 62 5288 14081 4161 212 86 2277 638 92 2337
internal_value=-0.000164663 -0.000101152 -0.000811078 0.00112216 -3.84369e-05 3.59126e-05 -0.000457567 -0.000641338 0.00109982 -0.000760382 -0.000974684 0.000672689 -0.00104989
internal_weight=5915.5 5405.31 510.186 33.3097 4865.29 4106.17 759.12 540.021 27.2279 512.793 476.876 13.0275 463.849
internal_count=30828 27509 3319 156 24844 19369 5475 2665 176 2489 3163 188 2975
is_linear=0
shrinkage=0.01444


Tree=225
num_leaves=13
num_cat=0
split_feature=20 17 21 12 31 27 30 22 0 5 26 21
split_gain=1.03337 0.979724 2.97211 1.71797 0.826044 0.919694 0.804689 1.04896 1.01809 0.694638 0.24832 0.100361
threshold=0.047798360384222811 1.7007213609953944 0.15281661030690466 0.056496249777709229 5.1250000000000009 1.0100773160606422 16.305000000000003 0.054702047854262713 0.47867500000000007 0.56574030538961073 0.85568335430538667 0.0067513730272032698
decision_type=8 10 10 10 10 8 8 8 2 8 8 10
left_child=4 6 3 -3 5 9 7 -2 -8 -1 11 -6
right_child=1 2 -4 -5 10 -7 8 -9 -10 -11 -12 -13
leaf_value=-9.7898269040474432e-06 0.00024446958764711536 0.0009975861371511398 0.00066890814283272434 -0.00059894516944760626 6.0207707018250689e-05 2.3376113048678032e-05 -0.00015814439758663604 1.5551219858137058e-05 9.8222611515869229e-06 -0.00023949787125565429 4.1270572998387397e-06 -0.00028476556932871902
leaf_weight=2482.3130335202441 93.422476228326559 73.913285996764898 10.694450041279195 66.666104860603809 9.9242940247058851 10.678360707126556 770.01097670081072 344.25090738199651 1524.0843415132258 258.5490067130886 26.684678450226784 244.30776561796665
leaf_count=13146 791 543 32 348 44 47 4427 3307 5763 1270 120 990
internal_value=-0.000158816 3.27986e-05 0.0011638 0.000490657 -0.000345279 -0.00026272 -2.52645e-05 0.00053572 -0.000138099 -0.000284013 -0.0011053 -0.00124614
internal_weight=5915.5 2883.04 151.274 140.579 3032.46 2751.54 2731.77 437.673 2294.1 2740.86 280.917 254.232
internal_count=30828 15211 923 891 15617 14463 14288 4098 10190 14416 1154 1034
is_linear=0
shrinkage=0.01444


Tree=226
num_leaves=14
num_cat=0
split_feature=9 33 35 31 9 8 23 18 28 21 31 13 7
split_gain=1.01956 0.867287 1.17523 1.3366 1.04509 1.29206 0.844056 0.772134 0.43951 1.97993 0.147653 0.0147058 0.0007568
threshold=0.16452114963468259 0.05585621624966209 2.6703482740115612 3.4700000000000011 0.16777991136621401 0.17097860125361239 0.13935834733737343 0.10842616639931758 -0.013050000000000004 0.025750767352170658 -4.089999999999999 1.1388435399119257 0.18652925745674007
decision_type=8 10 2 8 10 10 8 10 8 10 10 10 10
left_child=8 2 3 -2 5 -3 -6 -4 9 -1 12 -12 -10
right_child=1 4 7 -5 6 -7 -8 -9 10 -11 11 -13 -14
leaf_value=-0.00039375999223727166 0.00065309754120589742 0.00034375661007130133 -3.8040455827440086e-05 -0.00022075784666771036 1.1246293210026378e-06 -0.00014443713524496217 0.00026671936194189665 0.00046757327674630463 -0.00027699685773117586 0.00021601702883404953 -0.00022631075692409666 -0.00027204448335945157 8.8252269489332699e-05
leaf_weight=46.719969673547894 152.68273074366152 17.590819006785754 3488.5670405481942 114.2049184110947 1686.2378064552322 9.8452763482928258 55.716320153325796 80.844575464725494 5.4178000302053979 10.393174368888138 7.4043431133031836 237.52210814971477 2.35279928939417
leaf_count=630 840 174 14484 538 10862 52 374 284 360 72 42 1578 538
internal_value=-0.000165938 -0.000118657 -0.000241899 0.000665955 0.000141144 0.00292451 8.88732e-05 -0.00031354 -0.000977502 0 -0.00123809 -0.00130645 0
internal_weight=5915.5 5605.69 3836.3 266.888 1769.39 27.4361 1741.95 3569.41 309.81 57.1131 252.697 244.926 7.7706
internal_count=30828 27608 16146 1378 11462 226 11236 14768 3220 702 2518 1620 898
is_linear=0
shrinkage=0.01444


Tree=227
num_leaves=15
num_cat=0
split_feature=8 30 5 26 26 6 0 27 21 23 18 26 22 30
split_gain=1.06824 1.01552 1.22182 1.34971 1.14039 2.3249 1.02511 0.75293 0.473993 0.763271 0.828442 0.520227 0.341721 0.208966
threshold=0.18847101329701943 19.660000000000004 -0.12836716896997363 0.30238808098089548 0.4306445085591542 0.27074135579668462 0.22477500000000003 1.0549368293682579 0.025750767352170658 0.049410731675749699 -0.0019351939406990202 0.95780764219871772 0.026323184543081964 15.035000000000002
decision_type=8 8 10 10 10 8 2 10 10 10 10 8 10 10
left_child=8 4 3 -3 6 -6 -2 -4 11 10 -10 13 -13 -1
right_child=1 2 7 -5 5 -7 -8 -9 9 -11 -12 12 -14 -15
leaf_value=1.1251854433609607e-05 6.8096653360277915e-05 0.00022173276266081979 -8.5955703906095981e-05 -0.00077041693762081628 0.0008799627376005622 3.0017646403539613e-05 -3.475858652968598e-05 2.3587865903821149e-05 0.0001556055753740305 -0.00061365988134815289 -6.966163656332107e-06 -0.00026093107017061411 0.00023136406839336409 -0.00022027654749111071
leaf_weight=30.21702239010483 26.779720211401582 17.44655453693122 1472.1559831625782 12.196731530129908 14.124074810184537 1721.6800439613871 1870.5000898013823 46.046762406826019 56.429841382429004 93.198812527582049 92.976118729449809 16.653656840324402 17.185934009961784 427.9083354556933
leaf_count=786 94 62 8180 76 58 8451 7607 90 542 854 731 72 125 3100
internal_value=-0.000155983 -8.0008e-05 -0.000390632 0.00241865 4.87675e-05 0.00031904 -0.000191625 -0.000454969 -0.000673561 -8.89706e-05 0.000490375 -0.000934836 0.000548386 -0.00107347
internal_weight=5915.5 5180.93 1547.85 29.6433 3633.08 1735.8 1897.28 1518.2 734.57 242.605 149.406 491.965 33.8396 458.125
internal_count=30828 24618 8408 138 16210 8509 7701 8270 6210 2127 1273 4083 197 3886
is_linear=0
shrinkage=0.01444


Tree=228
num_leaves=15
num_cat=0
split_feature=21 5 38 21 38 18 22 34 38 18 5 28 19 19
split_gain=0.836136 1.36234 2.44171 1.33373 1.695 2.84847 1.26627 2.88818 0.899696 0.662128 1.55639 0.503282 0.466234 0.455607
threshold=0.01737697726307201 -1.0000000180025095e-35 1.5000000000000002 0.018474100133203185 3.5000000000000004 0.021397056663417627 0.018042515943688584 -0.03517115764150313 5.5000000000000009 0.057777098706278347 0.12483369891179068 0.023550000000000019 0.016869740032715536 0.03416528342056032
decision_type=10 8 2 10 2 8 10 8 2 10 10 10 10 8
left_child=1 2 -1 4 5 -2 7 -5 -8 12 -11 -6 -3 -4
right_child=3 9 13 6 11 -7 8 -9 -10 10 -12 -13 -14 -15
leaf_value=0.00013777947122831373 0.00051535422603683366 -1.1634804586788493e-05 -8.8673555665163292e-05 0.00012034829540301381 -6.4123994396520932e-05 -0.00026619492615796128 -2.4233592194759908e-05 -0.0004981549637175308 2.0235370770107398e-05 0.00089343586278404726 -0.00019973533511677709 0.001003763008904728 -0.00015379918580692617 0.00039403980978587258
leaf_weight=15.134042410645632 39.650419060140848 260.58300886116922 42.751149466726929 10.925624325871466 67.773515451699495 22.259799793362617 2747.2981670293957 14.173413978889586 1869.9604206653312 13.270513588096945 49.592883808538318 12.539946841076015 738.6230573374778 10.963719137944279
leaf_count=50 126 2908 226 146 402 66 10656 66 10994 80 261 76 4647 124
internal_value=-0.000160116 -0.000515108 0.00138658 -7.34223e-05 0.00129365 0.00307947 -0.000118274 0.0030591 -0.000138747 -0.000651366 0.000676617 0 -0.000748338 0
internal_weight=5915.5 1130.92 68.8489 4784.58 142.224 61.9102 4642.36 25.099 4617.26 1062.07 62.8634 80.3135 999.206 53.7149
internal_count=30828 8296 400 22532 670 192 21862 212 21650 7896 341 478 7555 350
is_linear=0
shrinkage=0.01444


Tree=229
num_leaves=16
num_cat=0
split_feature=19 17 27 35 15 25 11 0 18 6 7 35 7 22 38
split_gain=1.25718 0.880287 0.76596 0.689856 0.8854 1.02388 0.575019 0.52912 0.515982 1.43804 0.359992 0.333063 0.249959 0.151616 0.12755
threshold=0.026087705778023083 0.7091153986949339 0.0022332274004945273 5.2904615902650054 1.568681557363979 0.2281404723666873 0.24502126456719911 0.27472500000000005 -0.050144634961910343 1.0584846732458681 0.37051334479810955 2.3504206048856529 0.46909518467980255 0.084104892016822516 9.5000000000000018
decision_type=8 8 8 2 10 10 10 2 8 10 10 2 10 10 2
left_child=3 10 14 8 6 -6 -5 -4 9 -1 13 -10 -12 -2 -3
right_child=1 2 7 4 5 -7 -8 -9 11 -11 12 -13 -14 -15 -16
leaf_value=-4.0283370427202198e-05 -0.00043901452053773596 -0.00057709677869630886 -0.00010626926134352303 -0.0002402149269258069 7.5510042686831324e-05 4.2488221190205702e-05 7.0865640225158433e-06 3.439560166125976e-06 0.00011197260157579828 4.278675393936561e-05 6.9310384339131695e-06 -0.0001515783282339245 -3.7481828029266995e-05 -0.00022503836108325211 -0.00016749317849331218
leaf_weight=36.665548200719059 241.54193301964551 111.30137070873752 294.9301162448246 90.408058609813452 11.213644500821827 40.765299042221159 53.925906677730381 4023.5327526933979 11.67522034794092 9.8627074584364873 84.573296358808875 702.06280622119084 106.17977460194379 69.323966788128018 27.537280282005668
leaf_count=255 1372 627 2274 367 70 229 208 19985 150 35 403 4001 378 338 136
internal_value=-0.000182366 -8.68304e-05 -1.92225e-05 -0.000663607 3.77101e-05 0.00170178 -0.000475452 1.17884e-05 -0.000861799 0.000424788 -0.000660827 -0.000964264 -8.75245e-05 -0.000969796 -0.0010739
internal_weight=5915.5 4958.92 4457.3 956.579 196.313 51.9789 144.334 4318.46 760.266 46.5283 501.619 713.738 190.753 310.866 138.839
internal_count=30828 25513 23022 5315 874 299 575 22259 4441 290 2491 4151 781 1710 763
is_linear=0
shrinkage=0.01444


Tree=230
num_leaves=15
num_cat=0
split_feature=17 22 20 11 27 26 23 22 18 18 0 11 21 20
split_gain=1.06739 0.959059 0.737706 1.20216 0.730041 0.67907 0.5272 0.397992 0.395431 0.291543 0.153922 0.150078 0.102497 0.0902286
threshold=0.7091153986949339 0.023589795512798484 0.027071427634698723 0.24502126456719911 0.0022332274004945273 0.32911528106476756 0.073709806786430646 0.12689134417752548 0.0043632414720927723 -0.050144634961910343 0.27107500000000007 0.66996162382857016 0.040738466307403749 0.068509725700540439
decision_type=8 8 10 10 8 8 10 10 10 8 2 10 10 10
left_child=6 2 9 -4 10 -6 11 8 -8 -2 -3 13 -13 -1
right_child=1 4 3 -5 5 -7 7 -9 -10 -11 -12 12 -14 -15
leaf_value=-0.00030103934840238259 4.709542661976297e-05 1.0891061741995342e-05 -8.7442778249872892e-05 0.00031756279254867889 -1.4480961425458406e-05 4.497518200647553e-06 -4.1066076922611108e-06 -0.00034571588963557177 0.0013417552740182114 -0.00019695349020667954 -0.00052875376669901187 -0.00022832930634447354 0.00055401918498035709 -0.00013351504268412673
leaf_weight=342.0980508485809 12.989076381549237 13.659242530353366 20.051681300625205 12.59736065007746 1221.2677484781016 3505.2976499942597 50.350687006488442 51.306846621446311 39.460026295855641 412.8243284127675 125.06851675268263 37.457914909347892 17.207204911857843 53.863346662372351
leaf_count=1843 180 156 74 74 5638 18421 246 184 186 2671 629 200 118 208
internal_value=-0.000172289 -0.000104721 -0.000737476 0.00117321 -4.23273e-05 -9.16645e-06 -0.00075741 0 0.000591478 -0.00091602 -0.00107361 -0.00099837 -1.15204e-05 -0.00110139
internal_weight=5915.5 5323.76 458.462 32.649 4865.29 4726.57 591.744 141.118 89.8107 425.813 138.728 450.627 54.6651 395.961
internal_count=30828 27843 2999 148 24844 24059 2985 616 432 2851 785 2369 318 2051
is_linear=0
shrinkage=0.01444


Tree=231
num_leaves=14
num_cat=0
split_feature=17 12 16 38 6 28 27 28 5 23 12 35 31
split_gain=1.1358 1.22562 1.06119 0.923701 0.696229 0.394926 0.44453 0.388215 0.773102 0.270768 0.243533 0.298399 0.16599
threshold=0.7091153986949339 0.024034371954582655 1.2333466345025632 5.5000000000000009 0.62880940357579473 0.043999999999999963 0.043418374570675773 -0.093399999999999997 0.48298426046104087 0.065166860090030046 0.10037403771249019 2.7398713442550884 0.40000000000000041
decision_type=8 8 10 2 8 8 8 8 10 10 10 2 10
left_child=7 5 3 -3 -4 9 -7 8 -1 -2 12 -12 -9
right_child=1 2 4 -5 -6 6 -8 10 -10 -11 11 -13 -14
leaf_value=-0.00062820585433508397 -0.00013265990810962082 -5.5760799203667694e-06 0.00035258872944804313 5.2388177353863753e-05 -6.1970922474159659e-05 0.00014794159439352722 -0.00019369265304330902 -0.00021017063128096704 0.0013223803511551019 7.3945555437357049e-05 0.00092443522685498102 -0.00013044989550833834 -0.00034261202372131626
leaf_weight=21.147517052479092 440.50787769723684 2494.5767030962743 15.064817430451511 1652.8581084785983 619.90320471394807 11.928325541317461 44.93837808445096 84.796615205705166 8.2537575978785735 43.978189458139241 27.141830751672387 180.84161452762783 269.56274212058634
leaf_count=154 3119 10432 90 9780 3516 62 358 617 48 486 150 968 1048
internal_value=-0.000167531 -9.796e-05 -2.13859e-05 5.99519e-05 -0.000572848 -0.000749555 0.000215473 -0.000770664 0.000596483 -0.000889932 -0.000865919 -0.000370523 -0.00111876
internal_weight=5915.5 5323.76 4782.4 4147.43 634.968 541.353 56.8667 591.744 29.4013 484.486 562.343 207.983 354.359
internal_count=30828 27843 23818 20212 3606 4025 420 2985 202 3605 2783 1118 1665
is_linear=0
shrinkage=0.01444


Tree=232
num_leaves=15
num_cat=0
split_feature=17 20 35 35 34 18 36 23 16 16 15 11 15 31
split_gain=1.23729 0.811139 0.912414 2.03194 1.06296 0.839937 0.842318 0.368957 0.29637 0.355163 0.165107 0.151854 0.109122 0.100352
threshold=0.7091153986949339 0.047798360384222811 4.0945112011171618 4.0582854191093185 -0.049408385806927295 0.13485725185042699 1.0000000180025095e-35 0.073709806786430646 1.1614448679189895 0.65811541781887761 1.1532360742112946 0.66996162382857016 6.9225440122112536 0.055000000000001499
decision_type=8 8 2 2 8 10 2 10 10 10 10 10 10 10
left_child=7 5 3 -3 -4 6 -2 11 9 -9 -10 12 -1 -13
right_child=1 2 4 -5 -6 -7 -8 8 10 -11 -12 13 -14 -15
leaf_value=-0.00029365748517068115 -8.7060091272513402e-05 0.00017796123733427276 0.00019636712431075461 0.0010225275826986661 -4.6808327763845968e-05 0.00084594143130166367 -2.4761886099804425e-06 0.00092643090577184978 0.0004429813827907435 -0.00025777544483564924 0.0023273461968505585 0.0005490540178343644 1.557204627182145e-06 -0.00019765957347489562
leaf_weight=384.45520020183176 1385.3793959738687 1161.3802923657931 159.2056461693719 26.974141655955464 1208.0113064898178 12.020406827330588 1370.7844150182791 12.419777892529963 6.7510489681735617 115.20012207981199 6.7466109832748771 15.176834270358084 11.506197309121488 39.48828555084765
leaf_count=1995 7174 6466 1884 166 5237 44 6872 76 34 428 78 106 56 212
internal_value=-0.000168355 -9.58883e-05 8.5752e-05 0.000381662 -0.000161926 -0.000268289 -0.000289603 -0.000797511 -4.96558e-05 -0.000355309 0.00180848 -0.00100234 -0.00110591 -1.15204e-05
internal_weight=5915.5 5323.76 2555.57 1188.35 1367.22 2768.18 2756.16 591.744 141.118 127.62 13.4977 450.627 395.961 54.6651
internal_count=30828 27843 13753 6632 7121 14090 14046 2985 616 504 112 2369 2051 318
is_linear=0
shrinkage=0.01444


Tree=233
num_leaves=14
num_cat=0
split_feature=17 12 33 12 35 24 26 26 4 8 12 34 23
split_gain=1.47156 1.26272 0.844683 1.57899 1.0751 0.46573 0.324392 0.287923 0.233923 0.120557 0.0891444 0.076347 0.000609738
threshold=0.66864736335364217 0.024034371954582655 0.06177235953351546 0.025104526491558751 4.0945112011171618 10.500000000000002 0.080597773483549517 0.25588084962073993 0.21478217383670503 0.27863076177573431 0.3142305305189374 0.043753692437082499 0.050304907880874945
decision_type=8 8 10 10 2 2 10 8 10 10 10 8 10
left_child=8 5 4 -4 -3 7 -7 -2 10 -10 11 -1 -12
right_child=1 2 3 -5 -6 6 -8 -9 9 -11 12 -13 -14
leaf_value=-0.00028016693940220006 -0.00015236489697165642 7.8769541868956177e-06 0.0003384979233356338 3.807867212302056e-05 -4.2546050031567975e-05 1.5347186193996793e-06 -0.00016063915472718795 1.4595682664930608e-05 -0.00074301618913809883 0.0022732282497265719 -0.00030002038065167925 2.1320270331938796e-05 0.0007150722400144459
leaf_weight=369.03449492808431 83.665987923741341 1458.6109378584661 21.899026479572058 1461.2440569112077 1989.6795256333426 35.749953031539917 250.38729792833328 191.6638208925724 11.819703940302135 10.760351192206143 9.8628107942640799 10.591321850195525 10.530392392538486
leaf_count=1705 866 7158 218 8960 8184 62 485 2716 64 66 66 198 80
internal_value=-0.000152187 -8.63482e-05 -9.74444e-06 0.000275465 -0.000136236 -0.0007352 -0.00115729 -0.000247639 -0.000975774 0 -0.00106187 -0.00111218 0
internal_weight=5915.5 5492.9 4931.43 1483.14 3448.29 561.467 286.137 275.33 422.599 22.5801 400.019 379.626 20.3932
internal_count=30828 28649 24520 9178 15342 4129 547 3582 2179 130 2049 1903 146
is_linear=0
shrinkage=0.01444


Tree=234
num_leaves=14
num_cat=0
split_feature=17 12 26 33 11 32 12 26 23 22 19 27 31
split_gain=1.25402 1.16775 0.735088 1.54567 1.09698 0.308788 0.63024 0.283675 0.190402 0.499274 0.248924 0.16753 0.0867506
threshold=0.66864736335364217 0.024034371954582655 0.4306445085591542 0.025999877546902587 0.32247718637151185 0.42875989445910295 0.021444230607302227 0.91784879341204506 0.073709806786430646 0.10855306500535759 0.083247627876180411 0.96116808948598387 0.055000000000001499
decision_type=8 8 10 10 10 10 10 8 10 10 10 10 10
left_child=8 5 4 -4 -3 6 -2 -7 11 10 -10 -1 -13
right_child=1 2 3 -5 -6 7 -8 -9 9 -11 -12 12 -14
leaf_value=-0.00035084824536223754 -0.00015298106917855734 5.8400084849392645e-07 -2.6203295356273753e-05 7.6530172915865058e-05 -0.00013395272762963299 -0.00011714912856377601 0.00093848862684180309 0.00013134344133923354 -0.00034172651790201179 -7.6400131172552042e-05 0.0020873709561297321 0.00047770048023270404 -0.0001942427923638319
leaf_weight=305.22259171586484 41.141157263889909 1663.7841364936903 1307.4021892971359 1178.79383301083 781.4533880809322 462.14248458389193 18.816664722748101 39.366753205657005 10.784251887351276 46.511751436628401 18.575297759845853 12.259267538785933 29.245914759114385
leaf_count=1477 979 8399 5858 7248 3015 2463 399 288 76 194 128 80 224
internal_value=-0.000151617 -9.06048e-05 -1.68052e-05 0.000155093 -0.000196931 -0.000714845 8.32601e-05 -0.000836323 -0.000912547 -5.4453e-05 0.00120881 -0.00106223 0
internal_weight=5915.5 5492.9 4931.43 2486.2 2445.24 561.467 59.9578 501.509 422.599 75.8713 29.3595 346.728 41.5052
internal_count=30828 28649 24520 13106 11414 4129 1378 2751 2179 398 204 1781 304
is_linear=0
shrinkage=0.01444


Tree=235
num_leaves=15
num_cat=0
split_feature=17 12 16 16 8 1 30 20 34 18 4 11 11 11
split_gain=1.27388 0.912298 0.970612 1.07057 0.718876 0.340125 0.508731 0.337448 0.30956 0.789301 0.125267 0.0311717 0.0675401 0.0281219
threshold=0.66864736335364217 0.024034371954582655 1.2333466345025632 1.2145532133127268 0.4316378252779951 0.077943802521008423 15.780000000000001 0.066644571531428734 0.0017102978584755404 0.0058152430551371434 0.1806674387548371 0.69121820874479567 0.79513029228391607 0.37527307994518111
decision_type=8 8 10 10 10 2 10 10 8 10 10 10 10 10
left_child=7 5 3 -3 -4 10 -7 11 9 -9 -2 -1 -13 -10
right_child=1 2 4 -5 -6 6 -8 8 13 -11 -12 12 -14 -15
leaf_value=-0.00027764473309416183 -0.00020421107135713994 6.2733312235175551e-07 -0.00019760046331623773 0.00016456883958950456 4.0906065266036842e-06 0.00092493686736295881 -4.173802142297359e-05 -0.00047057439913669166 -0.00057103777520117901 0.0020572293557612887 0.0001162844418510301 0.00025441705643284359 -0.00018247297311095503 -0.00032521250287195156
leaf_weight=277.23431004490703 358.77352459356189 4190.3389607560821 456.9901934908703 87.136698179878294 196.96769445575774 19.86828647647053 175.04144814424217 29.819513186812401 15.317129593342541 19.483781141228974 7.7838005619123569 13.859578356146811 25.269948380067945 41.614814395084977
leaf_count=1401 2682 20510 2938 288 784 422 985 180 64 144 40 80 156 154
internal_value=-0.000154983 -9.35043e-05 -2.78995e-05 4.85301e-05 -0.000547436 -0.000645828 -8.07031e-05 -0.000921968 -7.61462e-05 0.000611543 -0.000910086 -0.00116406 -0.000215917 -0.000899558
internal_weight=5915.5 5492.9 4931.43 4277.48 653.958 561.467 194.91 422.599 106.235 49.3033 366.557 316.364 39.1295 56.9319
internal_count=30828 28649 24520 20798 3722 4129 1407 2179 542 324 2722 1637 236 218
is_linear=0
shrinkage=0.01444


Tree=236
num_leaves=15
num_cat=0
split_feature=17 11 34 19 23 11 8 5 6 23 10 11 31 35
split_gain=1.31979 0.931468 0.825572 1.81415 0.737404 0.529723 1.17265 0.704739 0.231129 0.256357 0.129413 0.151427 0.0815488 0.0589474
threshold=0.66864736335364217 0.2037809384993802 0.0051423744002194747 0.20233506899072048 0.0081383771379604525 0.16405706855877442 0.15301017643440232 0.08222809834695792 0.74935124396865593 0.063783887396792457 0.17457048133936356 0.25122564067706737 -6.3099999999999996 3.1505968924092183
decision_type=8 8 8 10 10 10 10 8 10 8 10 10 8 2
left_child=8 5 4 -4 -3 6 -2 -7 10 13 11 -1 -12 -10
right_child=1 2 3 -5 -6 7 -8 -9 9 -11 12 -13 -14 -15
leaf_value=-2.1007809060863197e-05 -0.00024626534991096263 1.693722164633101e-05 -2.5516215160923127e-05 0.00071070311651640376 4.3236088049528864e-06 0.00016370348339255433 4.5313420386980751e-05 -0.00020126226703197524 7.8982033715929579e-07 0.0021805549167143458 -7.1445003023336526e-06 0.0017260328624252074 -0.00027175027543472149 -0.00040601940141670622
leaf_weight=21.479096477851275 149.7282784236595 17.037618783302605 1534.2243010271341 15.978068129159508 2952.4963591746055 64.251833213493228 226.08882531104609 533.0953225963749 11.760737776756285 11.245362738147376 27.116648972034454 9.579855300486086 314.12104986421764 27.296323968097568
leaf_count=148 1798 316 6450 92 15121 435 1430 3007 86 74 151 64 1554 102
internal_value=-0.000146017 -8.35216e-05 8.70182e-07 -0.000266238 0.000144742 -0.000488689 -2.67782e-05 -0.000757108 -0.000926205 0 -0.00105017 0 -0.00113226 -0.000563749
internal_weight=5915.5 5492.9 4519.74 1550.2 2969.53 973.164 375.817 597.347 422.599 50.3024 372.297 31.059 341.238 39.0571
internal_count=30828 28649 21979 6542 15437 6670 3228 3442 2179 262 1917 212 1705 188
is_linear=0
shrinkage=0.01444


Tree=237
num_leaves=15
num_cat=0
split_feature=21 5 38 21 18 0 38 10 21 5 18 30 12 10
split_gain=0.841017 1.61173 3.7118 0.783159 1.34071 1.30224 1.15851 1.33826 1.09049 0.658651 0.327431 0.852206 0.446747 0.183822
threshold=0.016048964956625052 -0.028256143401958051 1.5000000000000002 0.027675680301326711 -0.026998531913717035 0.30162500000000003 4.5000000000000009 0.43411701329104668 0.02414710238452163 0.046123126782475092 0.057777098706278347 18.225000000000005 0.03959794092362879 0.27527261167114225
decision_type=10 8 2 10 10 2 2 10 10 8 10 10 8 10
left_child=1 2 -1 4 5 -2 7 -5 -6 -8 12 -12 -3 -4
right_child=3 10 13 6 8 -7 9 -9 -10 -11 11 -13 -14 -15
leaf_value=0.00013811043837398638 -0.00036590153217353302 -8.2575447880614962e-05 -8.1978664324723643e-05 -0.00016083750171879137 -2.5147761456976952e-05 0.00020395604416531749 -0.00038946947806218731 4.5714219165170021e-06 1.6692648459798735e-05 4.9212826164292484e-05 0.00087309962412271879 -0.00042312553267962686 -0.00015624334703138925 1.8069433664262459e-05
leaf_weight=11.15511207282543 47.15578056126833 402.89435856090859 25.792218523100019 1361.8012729119509 802.88778740912676 272.20575012825429 107.68377437070012 547.43697958812118 264.83880685083568 1556.7582850800827 23.194627536460757 31.905304921325296 447.18078568903729 12.608837552368639
leaf_count=26 240 3009 178 4846 3710 1150 698 1414 1471 9783 172 121 3936 74
internal_value=-0.000131589 -0.000525519 0.00192973 -5.30859e-05 0.000234164 0.00105436 -0.000168261 -0.000412377 0 0.00010394 -0.000675495 0.000234808 -0.000750003 0
internal_weight=5915.5 954.731 49.5562 4960.77 1387.09 319.362 3573.68 1909.24 1067.73 1664.44 905.175 55.0999 850.075 38.4011
internal_count=30828 7516 278 23312 6571 1390 16741 6260 5181 10481 7238 293 6945 252
is_linear=0
shrinkage=0.01444


Tree=238
num_leaves=14
num_cat=0
split_feature=17 12 4 2 6 26 24 26 19 16 27 16 19
split_gain=1.11482 0.824378 0.77238 0.894463 0.363971 0.591832 0.33146 0.299998 0.281212 0.148723 0.206812 0.105322 0.0270355
threshold=0.66864736335364217 0.024034371954582655 0.24136743790152945 0.22937465752575736 0.66840378351885466 0.20047125496467152 10.500000000000002 0.088357302698598469 0.067482622267422923 0.60968775943710207 0.96116808948598387 0.76405879210035132 0.064674984114659037
decision_type=8 8 10 2 10 8 2 10 10 10 10 8 8
left_child=4 6 3 -3 9 -6 8 -8 -2 -1 -11 -4 -7
right_child=1 2 11 -5 5 12 7 -9 -10 10 -12 -13 -14
leaf_value=0.00065799630418277044 -0.00014068473713110301 -3.6847143703970775e-06 -0.00046667865956686482 0.00019956574699795339 0.0011821363342808329 -0.00040039752986296517 4.1075853993821486e-06 -0.00014993926465461404 0.00032716357289075377 -0.00027110906062014146 -3.3125690957846425e-05 -0.00031429087565066098 -0.00063671321697160183
leaf_weight=12.657834116369484 228.40696928743273 4252.377878858475 15.305230174213646 550.65566445863806 15.912352133542297 27.87277807854116 42.554207384586334 243.58304357528687 46.922839528881013 317.13002811186016 38.685153158381581 113.0947733912617 10.340929498896001
leaf_count=80 2979 21740 92 2188 62 142 76 471 603 1539 288 500 68
internal_value=-0.000150161 -9.24609e-05 -2.99438e-05 0 -0.0008681 2.2723e-05 -0.00061769 -0.000975514 -0.000197153 -0.00103427 -0.00109303 -0.00113277 -0.000699987
internal_weight=5915.5 5492.9 4931.43 4803.03 422.599 54.1261 561.467 286.137 275.33 368.473 355.815 128.4 38.2137
internal_count=30828 28649 24520 23928 2179 272 4129 547 3582 1907 1827 592 210
is_linear=0
shrinkage=0.01444


Tree=239
num_leaves=14
num_cat=0
split_feature=17 21 4 22 26 21 17 12 2 28 12 21 31
split_gain=1.19858 0.893866 1.03589 2.29451 0.846084 1.57729 1.09333 0.709446 0.389183 0.377384 0.221518 0.111712 0.0856172
threshold=0.7091153986949339 0.016048964956625052 0.99049986375149623 0.027393394941179997 0.32046298041491694 0.025750767352170658 0.80179774794646597 0.042761785398067527 0.33605388458429092 0.0183 0.29743736961013356 0.0092952771143661791 -6.3099999999999996
decision_type=8 8 8 10 8 8 10 8 2 8 10 8 8
left_child=8 2 7 -4 6 -6 -3 -2 10 -10 11 -1 -12
right_child=1 4 3 -5 5 -7 -8 -9 9 -11 12 -13 -14
leaf_value=6.2408893037198601e-07 -6.6285641215043349e-05 9.7679222560182751e-06 -5.6587616004023199e-06 0.00013569253621680818 3.6010995267207295e-05 -3.2945118458829984e-06 -0.00012083259051958498 -0.00014625136511265107 0.0011650663061364465 -0.00038346222354841963 0.00066801313496619443 -0.00026133343484144718 -0.00016974303594017413
leaf_weight=19.13080733269453 411.88491864036769 213.74561437708326 28.28170202113688 22.055145148187876 689.58213369175792 2729.187466945732 876.8187920646742 352.19983161147684 21.068167169578373 17.236743316985667 13.629052966833113 502.40585534274578 18.273451127111915
leaf_count=110 2386 1392 170 92 3640 14217 4410 1536 88 69 90 2502 126
internal_value=-0.000156881 -8.55456e-05 -0.000525789 0.00138849 -3.07642e-06 0.000105704 -0.000355965 -0.000669937 -0.000775882 0.000412889 -0.000882121 -0.000956115 0
internal_weight=5915.5 5323.76 814.422 50.3368 4509.33 3418.77 1090.56 764.085 591.744 38.3049 553.439 521.537 31.9025
internal_count=30828 27843 4184 262 23659 17857 5802 3922 2985 157 2828 2612 216
is_linear=0
shrinkage=0.01444


Tree=240
num_leaves=12
num_cat=0
split_feature=19 33 35 35 19 33 18 35 35 33 12
split_gain=1.09449 0.849957 1.00263 1.46335 1.07328 0.77402 0.671626 0.65864 1.14991 0.701205 0.584403
threshold=0.026087705778023083 0.051517802760290173 4.0945112011171618 3.9357393603840563 0.027578229844803129 0.053447873967158895 0.029452392575179735 5.2904615902650054 5.9739847924122325 0.018153217483829923 0.024323895322533831
decision_type=8 8 2 2 8 8 8 2 2 10 8
left_child=6 2 3 -2 -4 -3 7 9 -9 -1 -7
right_child=1 5 4 -5 -6 10 -8 8 -10 -11 -12
leaf_value=3.2911418084052665e-06 -3.2469391520231976e-06 0.00049303006483353133 3.1873187750218555e-05 0.00083958494459915464 -6.9052276680466314e-05 -0.00012759688971319329 -0.0002166927558670463 7.106127472482308e-05 -0.00021427880303968066 -0.0001052877972932381 2.1373635396735695e-05
leaf_weight=169.56888202391565 1151.7065890161321 22.965324312448502 28.752424528822303 103.60504289530218 1647.6542425807565 215.91381681058556 243.82835087785497 90.667496459558606 49.67664040857926 402.83782128896564 1788.3230505534448
leaf_count=1316 4758 96 122 472 6171 1986 1111 454 244 2190 11908
internal_value=-0.000181273 -9.18739e-05 -0.000250611 4.8597e-05 -0.000482409 0.000131239 -0.000630718 -0.00038 0.000453294 -0.000607398 9.38784e-05
internal_weight=5915.5 4958.92 2931.72 1255.31 1676.41 2027.2 956.579 712.751 140.344 572.407 2004.24
internal_count=30828 25513 11523 5230 6293 13990 5315 4204 698 3506 13894
is_linear=0
shrinkage=0.01444


Tree=241
num_leaves=14
num_cat=0
split_feature=17 12 16 16 6 23 22 26 28 22 24 21 12
split_gain=1.19538 0.900584 0.799528 1.04096 0.622079 0.394763 0.357606 0.544181 0.329519 0.917703 0.185287 0.15506 0.057503
threshold=0.66864736335364217 0.024034371954582655 1.2333466345025632 1.2145532133127268 0.27074135579668462 0.073709806786430646 0.12367655407842253 0.51170334000415274 0.043999999999999963 0.041382798131205288 10.500000000000002 0.0092952771143661791 0.3142305305189374
decision_type=8 8 8 10 8 10 10 8 8 10 2 8 10
left_child=5 8 3 -3 -4 11 7 -7 10 -10 -2 -1 -13
right_child=1 2 4 -5 -6 6 -8 -9 9 -11 -12 12 -14
leaf_value=4.5057066610982264e-06 -9.5067737821965081e-05 4.2528910610171087e-07 0.00034221744932707448 0.00016369337812231378 -3.6040054997571344e-05 0.0020092683081218963 -0.00035921768874538624 -1.0466862243758084e-05 -0.00024231347841388321 0.00020637623030319541 -0.00010376744332818595 -0.00030537113556047639 -2.6852633733416703e-05
leaf_weight=17.681850399821997 242.63673670962453 3919.7302910611033 10.112186712212859 87.136698179878294 914.45437092939392 17.831106094643474 34.107014105655253 23.933180883526802 39.123611347749829 22.351883420720696 257.35482829809189 314.47644931171089 14.569474302232264
leaf_count=100 3202 18282 50 288 5900 108 136 154 226 212 489 1575 106
internal_value=-0.000140526 -8.09177e-05 -1.57709e-05 6.97897e-05 -0.000400541 -0.000883243 0 0.000950106 -0.000629236 0.000213121 -0.000759081 -0.00108976 -0.00116162
internal_weight=5915.5 5492.9 4931.43 4006.87 924.567 422.599 75.8713 41.7643 561.467 61.4755 499.992 346.728 329.046
internal_count=30828 28649 24520 18570 5950 2179 398 262 4129 438 3691 1781 1681
is_linear=0
shrinkage=0.01444


Tree=242
num_leaves=14
num_cat=0
split_feature=17 21 4 11 21 28 26 33 4 10 26 19 16
split_gain=1.19835 0.811192 1.80251 1.75544 1.46385 2.38511 0.921086 0.361765 0.202277 0.184922 0.407043 0.139625 0.0671654
threshold=0.66864736335364217 0.017713051425618662 0.99049986375149623 0.22981490318316075 0.018474100133203185 0.018600000000000037 0.32046298041491694 0.10202432517984374 0.21478217383670503 0.17457048133936356 0.43724930216926566 0.083247627876180411 0.75733260841933581
decision_type=8 10 8 10 10 8 8 10 10 10 10 10 10
left_child=8 2 7 -4 5 -3 -6 -2 9 10 -1 -10 -11
right_child=1 4 3 -5 6 -7 -8 -9 11 12 -12 -13 -14
leaf_value=-0.00047615203211818987 -9.7633728379611635e-05 4.349122448759371e-05 -5.4146639272784459e-07 0.0001336794731516592 -5.9310540634866905e-05 0.00082745521140755568 2.9322798985760256e-06 -1.3155249842412968e-06 -0.00072248347400239127 -0.00011684085548803969 0.0016787643714810934 0.0020851411094274411 -0.00025240858747915698
leaf_weight=26.534927926957607 840.31951495725662 63.811496472917497 33.578710735309869 28.481588901951909 1000.7756368583068 28.343098415061831 3313.8738880772144 183.71667224075645 12.343877842649819 57.181492136791348 9.7538216412067396 10.236177289858459 306.54877826012671
leaf_count=172 5990 300 494 186 4076 134 16175 1294 86 410 62 44 1405
internal_value=-0.000138797 -7.91238e-05 -0.000432667 0.00189762 5.08348e-06 0.00180283 -3.05076e-05 -0.000587621 -0.000882357 -0.000963189 0 0 -0.00106113
internal_weight=5915.5 5492.9 1086.1 62.0603 4406.8 92.1546 4314.65 1024.04 422.599 400.019 36.2887 22.5801 363.73
internal_count=30828 28649 7964 680 20685 434 20251 7284 2179 2049 234 130 1815
is_linear=0
shrinkage=0.01444


Tree=243
num_leaves=16
num_cat=0
split_feature=17 21 26 21 17 27 19 22 35 35 2 26 27 27 19
split_gain=1.25104 1.15145 0.940931 1.65044 0.806367 0.601897 0.703905 0.186063 0.263996 0.318467 0.218551 0.102529 0.0749287 0.00186018 0.00104962
threshold=0.66864736335364217 0.016048964956625052 0.32046298041491694 0.025750767352170658 0.7826191665733927 0.37743207092803893 0.0088578494548245141 0.064171766790671561 4.7751238865433008 5.055194296785233 0.2920177192593415 0.79732500902240122 0.97730760721001941 0.99037750086078702 0.012748299797903708
decision_type=8 8 8 8 10 10 10 10 2 2 2 10 10 10 8
left_child=7 5 4 -4 -3 6 -2 12 10 -10 -9 -7 14 -14 -1
right_child=1 2 3 -5 -6 11 -8 8 9 -11 -12 -13 13 -15 -16
leaf_value=-0.00026879427773904724 0.00016273947792686601 6.9125974287171117e-06 3.136445623430576e-05 -2.9039672923853928e-06 -0.00011166939417888233 -0.00014401966910296035 -2.9284422060505685e-05 -0.00057458696525618388 0.0011221828777906993 -0.00041690017118552121 0.0010888109330701543 6.3615744951022594e-06 2.1956762536889793e-05 -0.00047782304453745098 -0.00023448775884316001
leaf_weight=10.699622603133319 20.754799351096153 222.04735050839372 704.36185373552144 2826.1128474196885 910.15890130307525 258.76427641510963 539.43065581284463 98.867932855151594 18.019391670823101 12.601112999022005 15.952734811231492 11.269922113046048 12.42990204319358 10.499860750511287 243.5285173645243
leaf_count=98 192 1448 3744 14635 4556 1402 2534 458 80 78 70 138 90 86 1219
internal_value=-0.000151763 -9.08199e-05 0 0.000113593 -0.000364664 -0.000586122 -0.000284075 -0.000911804 -0.000349183 0.000626874 -0.000724708 -0.00116247 -0.00115862 0 -0.00123472
internal_weight=5915.5 5492.9 4662.68 3530.47 1132.21 830.22 560.185 422.599 145.441 30.6205 114.821 270.034 277.158 22.9298 254.228
internal_count=30828 28649 24383 18379 6004 4266 2726 2179 686 158 528 1540 1493 176 1317
is_linear=0
shrinkage=0.01444


Tree=244
num_leaves=13
num_cat=0
split_feature=17 22 8 12 27 26 4 30 8 16 27 19
split_gain=1.29816 0.855645 0.891801 2.20011 0.763349 0.744386 0.21341 0.183247 0.15293 0.13986 0.179647 0.139625
threshold=0.66864736335364217 0.023589795512798484 0.24145755974646049 0.032770789484965243 0.0022332274004945273 0.32911528106476756 0.21478217383670503 15.035000000000002 0.17097860125361239 0.60968775943710207 0.96116808948598387 0.083247627876180411
decision_type=8 8 10 10 8 8 10 8 8 10 10 10
left_child=6 2 7 -4 8 -6 9 -2 -3 -1 -11 -8
right_child=1 4 3 -5 5 -7 11 -9 -10 10 -12 -13
leaf_value=0.00062801330710806941 4.5610043535817358e-05 1.3254351389440017e-05 4.6276480052477298e-05 -1.89613852104145e-05 -1.6960868730160613e-05 4.6345688912188271e-06 -0.00070816944047644896 -0.00018532761921159833 -0.00054325832013958945 -0.00024537781269108887 -2.7720558118927426e-05 0.0020393092970355754
leaf_weight=12.773283220827578 17.893804979044944 19.190827913582325 9.6507320981472713 92.422673569992185 1261.5140976321418 3616.5393909958657 12.343877842649819 352.26405139360577 123.42502807639539 347.6980204526335 39.547716291621327 10.236177289858459
leaf_count=86 490 268 72 714 5818 18951 86 1793 543 1669 294 44
internal_value=-0.000142201 -8.02063e-05 -0.00066849 0.00043811 -2.21988e-05 5.63652e-06 -0.000915899 -0.00100915 -0.00106204 -0.000998621 -0.00105133 0
internal_weight=5915.5 5492.9 472.231 102.073 5020.67 4878.05 422.599 370.158 142.616 400.019 387.246 22.5801
internal_count=30828 28649 3069 786 25580 24769 2179 2283 811 2049 1963 130
is_linear=0
shrinkage=0.01444


Tree=245
num_leaves=14
num_cat=0
split_feature=22 22 25 14 20 33 8 12 30 7 8 18 30
split_gain=0.769445 0.913081 1.04994 0.862122 0.636474 0.697761 0.467005 1.18835 0.335138 0.31935 0.314699 0.217918 0.184551
threshold=0.023589795512798484 0.024476849003683816 0.26957768455422632 1.6538210921324643 0.0065490920532978456 0.05585621624966209 0.24145755974646049 0.032770789484965243 17.745000000000001 0.12447953629451902 0.1278130509756871 0.011940391501657934 15.035000000000002
decision_type=8 8 10 8 8 10 10 10 10 8 10 10 8
left_child=6 2 3 -2 -3 -6 9 -8 -9 10 -1 -4 -11
right_child=1 4 11 -5 5 -7 7 8 -10 12 -12 -13 -14
leaf_value=-0.00053674904393010174 3.2375967564723918e-06 4.8481831345213128e-06 -2.8616640864335892e-05 0.00013914335324076649 -1.8636204023827027e-05 1.3062958785480425e-05 4.5608248483908201e-05 9.6250363510442418e-06 -0.00016636202613212089 4.4951435298979165e-05 1.567983373146225e-06 3.9956940625111094e-05 -0.00020941024372244778
leaf_weight=8.711931524332611 10.965962879359724 19.421338677406311 34.957431049086154 10.067389394156633 3582.2531939530745 1736.8732802849263 9.925881499424575 29.013019125908613 80.286406001076102 17.863539096433669 4.8671918474137774 10.775360915809868 359.51775550795719
leaf_count=144 72 110 162 54 15929 11116 84 366 476 478 42 66 1729
internal_value=-0.000135241 -8.18468e-05 0.00157736 0.00423032 -0.000105212 -0.000117212 -0.000674599 1.41061e-05 -0.000318823 -0.000917782 0.00075504 3.82232e-05 -0.00101363
internal_weight=5915.5 5405.31 66.7661 21.0334 5338.55 5319.13 510.186 119.225 109.299 390.96 13.5791 45.7328 377.381
internal_count=30828 27509 354 126 27155 27045 3319 926 842 2393 186 228 2207
is_linear=0
shrinkage=0.01444


Tree=246
num_leaves=15
num_cat=0
split_feature=22 22 25 34 27 26 26 26 8 21 18 18 26 16
split_gain=0.745895 0.899661 1.04994 1.45533 0.708475 0.616102 0.465841 1.02432 2.05062 0.32413 0.217918 0.152965 0.157755 0.148807
threshold=0.023589795512798484 0.024476849003683816 0.26957768455422632 -0.012296359486401785 0.0022332274004945273 0.4306445085591542 0.27510865821827718 0.33307181326823093 0.24145755974646049 0.016628589592754119 0.011940391501657934 -0.042733336064006915 0.10361132264993124 1.1055688008521116
decision_type=8 8 10 8 8 10 10 10 10 8 10 8 8 10
left_child=6 2 3 -2 13 -6 11 8 -8 -9 -4 -1 -13 -3
right_child=1 4 10 -5 5 -7 7 9 -10 -11 -12 12 -14 -15
leaf_value=1.4229061126203872e-06 5.183679092235886e-06 -0.00049182464211449078 -2.8203417067057825e-05 0.0001371341256355858 -2.2202241530837213e-05 4.1556604351234521e-06 -4.4300000759356668e-05 -0.00022819774694827772 4.4949666167588465e-05 0.00014092938416234905 3.9379963096162029e-05 8.7337598408982269e-06 -0.00019261353723567246 1.2874329887399318e-05
leaf_weight=9.69921683706343 9.9401099709793908 140.12592491554096 34.957431049086154 11.093242302536966 2514.0730734788813 2673.5268149692565 74.7350311181508 136.97138511948287 16.664914454333484 46.953625538852066 10.775360915809868 17.386778895743191 207.77477263892069 10.821999551728366
leaf_count=94 90 689 162 36 11572 14752 308 843 110 598 66 206 1160 142
internal_value=-0.000123307 -7.07361e-05 0.00157736 0.00423032 -9.39619e-05 -6.28439e-05 -0.000653968 -0.000191198 0.000990423 -0.000850571 3.82232e-05 -0.00113913 -0.00122257 -0.00107283
internal_weight=5915.5 5405.31 66.7661 21.0334 5338.55 5187.6 510.186 275.325 91.3999 183.925 45.7328 234.861 225.162 150.948
internal_count=30828 27509 354 126 27155 26324 3319 1859 418 1441 228 1460 1366 831
is_linear=0
shrinkage=0.01444


Tree=247
num_leaves=15
num_cat=0
split_feature=17 33 18 17 26 11 35 35 20 20 18 5 12 27
split_gain=1.19943 0.851697 1.70121 2.14404 1.19969 1.18885 0.735028 0.693626 0.475311 0.520583 0.599212 0.308062 0.108766 0.0942273
threshold=0.69437572633929967 0.011877451648398598 -0.025206016586590881 0.97552265569739072 0.32911528106476756 0.13064590677785523 4.3546554048693595 4.4403544598720677 0.066644571531428734 0.074538111725360942 0.013906757455858123 0.36166041640223617 0.017929302855062161 0.96116808948598387
decision_type=8 10 8 10 10 8 2 2 10 10 8 10 10 10
left_child=8 2 3 -2 7 -6 -4 -3 12 10 -10 -11 -1 -14
right_child=1 4 6 -5 5 -7 -8 -9 9 11 -12 -13 13 -15
leaf_value=5.9247398783245807e-07 0.0003183789886739247 -6.6433970903507825e-05 -3.8882400386753975e-05 -7.6784173481737834e-05 3.8811317112714294e-05 8.5700939314304567e-06 -0.00023586608809978012 1.3761528227150945e-06 0.0017259028968594221 -0.00032745778168524986 -0.00040430099833353554 0.00059770010105828517 -0.00025618604077659644 -3.0251105530733368e-05
leaf_weight=11.13221902400255 97.980687030125409 969.30996275041252 547.0177271689754 136.8328566015698 30.916424125432968 2553.9736831923947 573.21544102835469 484.579693893902 13.337462805211542 110.54723850172013 14.796397279947998 22.004464492201805 308.7177511677146 41.137672694399953
leaf_count=78 648 4282 4317 1210 344 12470 3191 1727 74 478 44 130 1533 302
internal_value=-0.000123014 -5.64123e-05 -0.000370689 0.000720397 4.58261e-05 0.000235233 -0.000611317 -0.000281884 -0.000785784 -4.34638e-05 0.00162212 -0.000500632 -0.00107943 -0.00112557
internal_weight=5915.5 5393.83 1355.05 234.814 4038.78 2584.89 1120.23 1453.89 521.673 160.686 28.1339 132.552 360.988 349.855
internal_count=30828 28189 9366 1858 18823 12814 7508 6009 2639 726 118 608 1913 1835
is_linear=0
shrinkage=0.01444


Tree=248
num_leaves=13
num_cat=0
split_feature=12 30 20 12 8 8 23 24 33 12 12 28
split_gain=0.777706 0.882194 0.788944 0.971994 0.770961 1.17338 0.544861 0.280204 0.579446 0.232648 0.514728 0.132132
threshold=0.024034371954582655 20.835000000000004 0.064745480923788581 0.04515785058493612 0.59737366791721336 0.57408018849241438 0.017682828359345096 10.500000000000002 0.017367441251253227 0.016957733340093987 0.017337193194237162 0.043999999999999963
decision_type=8 10 10 10 10 10 10 2 10 10 10 10
left_child=7 4 6 -4 5 -2 -3 9 -9 11 -11 -1
right_child=1 2 3 -5 -6 -7 -8 8 -10 10 -12 -13
leaf_value=-0.0003366421417387928 2.9383542032012938e-07 7.0561169475182245e-07 0.00078580859555694993 -5.2886545587845228e-05 -9.9544980021516353e-05 0.00070243171108930495 -0.00020472669793894551 5.8391867373393045e-07 -0.00017630722126351213 9.64366098002868e-05 -3.1666326331961079e-05 1.9977239596928235e-06
leaf_weight=87.12155176885426 4261.6880110953934 55.169395491480827 61.77152968943119 272.81767918169498 98.810588187538087 27.492331189103425 548.06933158636093 70.06319785118103 235.26253706216812 9.6327796261757594 181.561293868348 6.039455158635973
leaf_count=1128 22117 292 170 1122 302 90 2468 91 488 114 2384 62
internal_value=-0.000118904 -6.10465e-05 -0.00046358 6.33521e-05 2.20503e-05 5.41015e-05 -0.000777316 -0.000618724 -0.000938778 -0.000227957 0 -0.000821949
internal_weight=5915.5 5325.82 937.828 334.589 4387.99 4289.18 603.239 589.681 305.326 284.355 191.194 93.161
internal_count=30828 26561 4052 1292 22509 22207 2760 4267 579 3688 2498 1190
is_linear=0
shrinkage=0.01444


Tree=249
num_leaves=15
num_cat=0
split_feature=22 33 23 24 26 27 28 20 26 26 8 21 18 26
split_gain=0.786699 0.842585 0.939057 0.982194 0.898682 1.34327 1.13759 0.591784 0.465841 1.02432 2.05062 0.32413 0.152965 0.157755
threshold=0.023589795512798484 0.0076844477678003073 0.017682828359345096 11.500000000000002 0.4306445085591542 0.558222466830122 0.0077999999999999884 0.069488736806295845 0.27510865821827718 0.33307181326823093 0.24145755974646049 0.016628589592754119 -0.042733336064006915 0.10361132264993124
decision_type=8 8 8 2 10 8 10 10 10 10 10 8 8 8
left_child=8 2 3 -2 6 -6 -3 -4 12 10 -10 -11 -1 -14
right_child=1 4 7 -5 5 -7 -8 -9 9 11 -12 -13 13 -15
leaf_value=1.3782447718192133e-06 0.0001145564885037599 6.9542267412943619e-07 -0.00025409872712971128 1.5891067842422046e-05 2.9177941280937938e-05 -0.00025763222450528019 -0.00012282872179669399 -7.2702175626001373e-07 -4.1134307926095425e-05 -0.00022248045423734728 4.4276479167245766e-05 0.00013944563846760672 9.5585181114189673e-06 -0.00018883164114302491
leaf_weight=9.69921683706343 13.837387580424549 1571.6139166944195 548.71845979336649 6.5319256782531729 1806.4519376000389 317.5615695733577 878.88736923760734 261.71139099635184 74.7350311181508 136.97138511948287 16.664914454333484 46.953625538852066 17.386778895743191 207.77477263892069
leaf_count=94 180 7378 3571 8 9664 1650 3474 1584 308 843 110 598 206 1160
internal_value=-0.000109793 -5.59464e-05 -0.000479446 0.00242641 1.8155e-05 0.000238079 -0.000167138 -0.000570238 -0.000653968 -0.000191198 0.000990423 -0.000850571 -0.00113913 -0.00122257
internal_weight=5915.5 5405.31 830.799 20.3693 4574.51 2124.01 2450.5 810.43 510.186 275.325 91.3999 183.925 234.861 225.162
internal_count=30828 27509 5343 188 22166 11314 10852 5155 3319 1859 418 1441 1460 1366
is_linear=0
shrinkage=0.01444


Tree=250
num_leaves=16
num_cat=0
split_feature=17 33 18 17 28 17 37 8 31 21 34 35 26 34 19
split_gain=1.38823 0.877751 1.43895 1.5847 1.14604 2.24034 0.721756 0.376263 0.235069 0.468961 0.362727 0.197419 0.0844592 0.0687996 0.031375
threshold=0.69437572633929967 0.011877451648398598 -0.025206016586590881 0.85408272544887365 0.058549999999999998 0.90029726332297833 1.0000000180025095e-35 0.66593701033710373 0.40000000000000041 0.03770239227689532 -0.037005387898117019 2.8329191398700289 0.24122168248564305 -0.04159386560757216 0.015148075876988234
decision_type=8 8 10 10 10 8 2 10 10 10 10 2 10 8 8
left_child=8 2 3 -2 6 -6 -3 -4 9 14 -11 12 -10 -13 -1
right_child=1 4 7 -5 5 -7 -8 -9 11 10 -12 13 -14 -15 -16
leaf_value=-0.00024021474816697264 0.00067119632198560169 6.5687821282280036e-06 -0.00017227371436975153 -6.0298238662229342e-08 0.00097055237420907851 0.00010142991133939769 -3.1386407908719688e-05 0.00014814040703384546 0.0020018063486823565 -0.00025580107402301504 0.0016459162693592828 -0.0001694686074302108 -4.2480605251098108e-05 -0.00023425534616059002 -0.00059342901586485113
leaf_weight=7.2100791707634917 45.756744114682078 2033.2343482291326 815.66685797739774 188.11613655276597 79.380818131379783 331.34113667020574 1869.1743663102388 31.156067805364728 13.32545551843941 31.035470865666866 31.699847926385701 15.820669070817528 36.062810340896249 325.97122154105455 60.547651531174779
leaf_count=90 232 10591 4032 1286 404 1542 9898 204 76 198 190 396 164 1064 461
internal_value=-0.00013338 -6.19227e-05 -0.000430572 0.000539736 2.74547e-05 0.000754343 -4.57916e-05 -0.000714175 -0.000846294 -0.000182213 0.000586544 -0.00103383 0 -0.00115898 -0.0010846
internal_weight=5915.5 5393.83 1080.7 233.873 4313.13 410.722 3902.41 846.823 521.673 130.493 62.7353 391.18 49.3883 341.792 67.7577
internal_count=30828 28189 5754 1518 22435 1946 20489 4236 2639 939 388 1700 240 1460 551
is_linear=0
shrinkage=0.01444


Tree=251
num_leaves=15
num_cat=0
split_feature=20 13 20 33 32 32 26 11 23 12 28 28 21 33
split_gain=0.778235 0.823231 1.41608 1.93159 0.938735 0.819159 0.889672 0.8426 0.802217 0.980669 0.793757 0.719643 0.535166 0.487686
threshold=0.047798360384222811 1.4761848689849233 0.048691231086603344 0.044409802201472399 0.49538258575197897 0.81200527704485503 0.20307383029408946 0.13352861030426819 0.090909090909090898 0.077074718780934137 0.019050000000000001 0.037499999999999999 0.0098343182765578078 0.018153217483829923
decision_type=8 10 8 8 10 10 8 10 8 10 10 8 10 10
left_child=5 8 3 -3 -4 6 13 -7 10 -10 -2 -8 -9 -1
right_child=1 2 4 -5 -6 7 11 12 9 -11 -12 -13 -14 -15
leaf_value=2.1464802598435191e-09 -0.00013255429074584261 0.0039586781775006914 0.00021858991224042582 -7.3584562628171664e-05 1.8632610791888023e-06 0.00014159484532612186 1.2634898413479255e-06 3.3576939321911843e-06 0.00028172228463183702 -2.8506471994656427e-05 3.999548004394025e-06 -5.2060981333312726e-05 -0.00018972998599644825 -0.00014058192033281587
leaf_weight=66.05285172117874 668.11636146903038 13.003485461696981 299.3764473143965 11.146846986375751 1390.6237835357897 10.175511963665484 1584.4271198739298 75.719945078715682 81.728264539968222 165.3468152070418 253.70053820870817 425.93651605816558 641.63965927902609 228.5055350586772
leaf_count=406 2898 46 3172 80 5985 102 7914 402 1485 581 964 2083 3338 1372
internal_value=-0.000135168 3.06058e-05 0.000236105 0.00369578 0.000177722 -0.000297067 -0.000156351 -0.000724435 -0.000259528 0.000443937 -0.000462425 -4.08074e-05 -0.000798565 -0.000899012
internal_weight=5915.5 2883.04 1714.15 24.1503 1690 3032.46 2304.92 727.535 1168.89 247.075 921.817 2010.36 717.36 294.558
internal_count=30828 15211 9283 126 9157 15617 11775 3842 5928 2066 3862 9997 3740 1778
is_linear=0
shrinkage=0.01444


Tree=252
num_leaves=13
num_cat=0
split_feature=17 10 10 34 5 37 38 28 16 7 2 34
split_gain=1.49283 0.755955 3.41467 3.65983 1.07 0.804573 1.48584 0.901105 0.328658 0.279709 0.164957 0.0756894
threshold=0.69437572633929967 0.32945417800255861 0.34223842078417516 -0.01147747068267879 0.17662157767409581 1.0000000180025095e-35 5.5000000000000009 -0.01105000000000003 0.62799140913292517 0.22096397593127393 0.36771542930754175 -0.066415173021945481
decision_type=8 10 10 8 8 2 2 8 10 10 2 10
left_child=8 5 3 -3 -4 6 -2 -7 9 -1 11 -10
right_child=1 2 4 -5 -6 7 -8 -9 10 -11 -12 -13
leaf_value=-0.00047670961656160127 -4.715205473844869e-05 2.33152929677011e-05 -4.642995729840145e-05 0.00092357142048901978 9.6796669790321201e-05 -0.00027725338764325157 6.8707927207397305e-05 -1.7452161620186657e-05 9.048866210967391e-05 0.00094634177671821379 0.0010258028090520002 -0.00021165543151400532
leaf_weight=14.972833447158338 1106.6698686180171 88.055260522291064 809.39059726847336 54.221492466516793 869.01294097397476 415.87854608171619 862.1598025970161 1188.4379672631621 10.814296137541531 15.356057200580834 21.111575034447014 459.41844414547086
leaf_count=74 5566 490 3094 223 3918 2521 5294 7083 382 100 98 1985
internal_value=-0.000138879 -6.48731e-05 0.000170832 0.00231448 -3.7929e-06 -0.000188646 3.77898e-07 -0.000428695 -0.000878108 0.000277262 -0.000976271 -0.00103388
internal_weight=5915.5 5393.83 1820.68 142.277 1678.4 3573.15 1968.83 1604.32 521.673 30.3289 491.344 470.233
internal_count=30828 28189 7725 713 7012 20464 10860 9604 2639 174 2465 2367
is_linear=0
shrinkage=0.01444


Tree=253
num_leaves=14
num_cat=0
split_feature=17 33 9 26 11 22 22 24 16 33 4 33 20
split_gain=1.47099 0.88711 1.36003 2.05748 1.05694 0.742629 1.07642 0.472126 0.291238 0.35054 0.169261 0.0740686 0.0668567
threshold=0.69437572633929967 0.0076844477678003073 0.32421699333188475 0.47990276103125468 0.34206097716348743 0.15140136859304013 0.16670123680376905 10.500000000000002 0.61941167342969439 -0.0053557576028197542 0.21478217383670503 0.088461903506990028 0.060604586723263749
decision_type=8 8 10 10 10 10 8 2 10 8 10 8 10
left_child=8 5 4 -4 -3 7 -7 -2 9 -1 11 -10 -12
right_child=1 2 3 -5 -6 6 -8 -9 10 -11 12 -13 -14
leaf_value=0.001065601309506221 -0.00013703550855242712 -2.257763897242885e-06 -6.4224448367204559e-06 0.00036709068929313812 -0.00012606031271479194 0.0019895907069729583 -0.00036309598640105759 -0.00033930647893738676 -0.00018053624320173265 -0.00078140042348936415 -0.0006959217044679363 -0.00024350312651173531 0.0019580608195482315
leaf_weight=10.606933653354643 447.38148551713675 2987.0988082089461 564.47190896235406 642.64237050805241 461.48441522754729 6.6115202000364635 8.1871664244681597 275.94880074262619 389.20332931820303 14.900759126991035 11.26037201844156 87.159964486956596 8.5418473612517101
leaf_count=74 4526 16963 2073 2440 1730 38 98 321 1625 68 82 742 48
internal_value=-0.000152196 -7.86695e-05 -2.07905e-06 0.000412083 -0.000150887 -0.000543671 0.00243297 -0.000624477 -0.000886459 0.000261003 -0.000972031 -0.00102863 0
internal_weight=5915.5 5393.83 4655.7 1207.11 3448.58 738.129 14.7987 723.33 521.673 25.5077 496.166 476.363 19.8022
internal_count=30828 28189 23206 4513 18693 4983 136 4847 2639 142 2497 2367 130
is_linear=0
shrinkage=0.01444


Tree=254
num_leaves=13
num_cat=0
split_feature=17 16 16 30 18 6 8 16 30 4 27 20
split_gain=1.27799 0.783823 1.23623 2.23372 0.993803 0.951347 0.859362 0.274008 0.334952 0.157905 0.131822 0.0668567
threshold=0.69437572633929967 1.2333466345025632 1.2145532133127268 18.155000000000005 0.10842616639931758 1.8119529412284596 0.23913703176301673 0.61941167342969439 19.385000000000002 0.21478217383670503 0.96116808948598387 0.060604586723263749
decision_type=8 10 10 10 10 8 10 10 10 10 10 10
left_child=7 2 6 -4 5 -3 -2 8 -1 10 -9 -11
right_child=1 4 3 -5 -6 -7 -8 9 -10 11 -12 -13
leaf_value=-0.00077011701493977952 -3.7323000649835751e-05 6.1667618007477541e-05 0.0014017396063713036 -0.00013371657755757474 0.0023222389437970625 -9.5179826470927033e-05 7.4683370240740127e-06 -0.00023998694559227292 0.0010502140450964587 -0.00068587260713705691 -8.3184174521047043e-06 0.0019297864553071201
leaf_weight=14.676711674779655 1917.407857014332 55.891579447314143 40.462935397401452 45.089464769698679 22.804929234087467 578.75722505617887 2733.4124848721549 430.16037089284509 10.830981105566023 11.26037201844156 46.202922912314534 8.5418473612517101
leaf_count=64 12549 260 168 118 100 3508 11486 2051 78 82 316 48
internal_value=-0.000160572 -9.17956e-05 -2.40188e-05 0.0016854 -0.00055974 -0.000682825 -5.8476e-05 -0.000845764 0.000261003 -0.000929246 -0.000984067 0
internal_weight=5915.5 5393.83 4736.37 85.5524 657.454 634.649 4650.82 521.673 25.5077 496.166 476.363 19.8022
internal_count=30828 28189 24321 286 3868 3768 24035 2639 142 2497 2367 130
is_linear=0
shrinkage=0.01444


Tree=255
num_leaves=14
num_cat=0
split_feature=16 33 35 11 26 36 21 18 24 28 18 4 26
split_gain=0.86621 0.841105 1.22632 1.27493 1.02824 1.14065 0.730599 1.30365 0.688107 0.558102 0.358056 0.357569 0.00320789
threshold=1.2333466345025632 0.011877451648398598 4.0582854191093185 0.42476043059574015 0.30238808098089548 1.0000000180025095e-35 0.15281661030690466 -0.11060536661704627 10.500000000000002 0.0064000000000000038 0.11796264546761627 0.089373370772000263 0.33930834654889014
decision_type=10 8 2 10 10 2 8 8 2 10 10 10 8
left_child=1 2 3 -1 9 -6 10 -8 -4 -3 11 -2 -9
right_child=6 4 8 -5 5 -7 7 12 -10 -11 -12 -13 -14
leaf_value=0.00025066025261519568 -0.00010244808701048205 -1.9211986608385192e-05 -5.8587127884636095e-05 -0.00035538482289285296 -8.5644205628452368e-06 4.7220313005027122e-05 0.00032778772185683582 3.5308979689157471e-05 -0.00014089637512789942 -0.0001793461128968516 0.0022887058537641586 1.2706092974768748e-06 -0.00015127444003097226
leaf_weight=238.54168426059186 615.00347381550819 965.69945142138749 247.44202333502471 200.39646778814495 1410.6185176649597 1376.0589649935719 4.1111785294488072 3.5533392126672032 386.40619218349457 369.29707168508321 16.914485961198807 68.975668726488948 12.481162178795783
leaf_count=1574 2406 4817 2327 1085 7420 7082 22 970 529 1716 60 272 548
internal_value=-0.000173354 -0.000105197 -0.000465512 9.46223e-05 -8.18862e-06 0.000146399 -0.000645763 0.00185748 -0.000873782 -0.000340604 -0.000737792 -0.000800741 0
internal_weight=5915.5 5194.46 1072.79 438.938 4121.67 2786.68 721.039 20.1457 633.848 1335 700.894 683.979 16.0345
internal_count=30828 26550 5515 2659 21035 14502 4278 1540 2856 6533 2738 2678 1518
is_linear=0
shrinkage=0.01444


Tree=256
num_leaves=14
num_cat=0
split_feature=17 16 35 24 7 6 34 18 16 7 4 10 20
split_gain=1.19368 0.836986 0.85716 3.74222 0.950819 0.831688 1.7773 0.388123 0.30856 0.279709 0.158775 0.113797 0.0668567
threshold=0.69437572633929967 1.2333466345025632 2.5277246549430248 11.500000000000002 0.64181387998260819 1.8119529412284596 -0.030417158266820784 0.11796264546761627 0.62799140913292517 0.22096397593127393 0.21478217383670503 0.17457048133936356 0.060604586723263749
decision_type=8 10 2 2 10 8 8 10 10 10 10 10 10
left_child=8 2 3 -2 -4 6 -3 -7 9 -1 11 -10 -12
right_child=1 5 4 -5 -6 7 -8 -9 10 -11 12 -13 -14
leaf_value=-0.00044714463234573655 -4.9228558142264635e-05 0.00031247589014865823 -7.8420147650528046e-06 0.0007525469675409459 0.00097526917669399067 -6.9908120690581846e-05 -0.00034007172277246184 0.0022556569809691739 -1.0506689794421941e-05 0.0008985047512067659 -0.00067569119784408375 -0.00021036506450969572 0.0019019020248185927
leaf_weight=14.972833447158338 202.79758784035221 16.333691697567701 4450.8218550570309 56.792719155550003 25.960580000653863 584.55811239499599 40.117645021528006 16.444284623488784 38.815743068233132 15.356057200580834 11.26037201844156 432.726352869533 8.5418473612517101
leaf_count=74 1378 72 22801 80 62 3532 196 68 258 100 82 2077 48
internal_value=-0.000173749 -0.000107124 -3.71204e-05 0.000763642 -8.65663e-05 -0.000591089 0.000980088 -0.000761199 -0.000836696 0.000277262 -0.000932305 -0.000987815 0
internal_weight=5915.5 5393.83 4736.37 259.59 4476.78 657.454 56.4513 601.002 521.673 30.3289 491.344 471.542 19.8022
internal_count=30828 28189 24321 1458 22863 3868 268 3600 2639 174 2465 2335 130
is_linear=0
shrinkage=0.01444


Tree=257
num_leaves=15
num_cat=0
split_feature=17 33 8 28 35 30 36 12 23 31 34 10 26 26
split_gain=1.21963 1.08012 1.05199 1.69163 0.891531 1.08314 0.802344 0.332293 0.241894 0.431781 0.368495 0.161562 0.143484 0.104527
threshold=0.69437572633929967 0.011877451648398598 0.43568107629434277 0.058549999999999998 4.0582854191093185 16.345000000000002 1.0000000180025095e-35 0.11962320691136825 0.048303150734282464 0.31000000000000055 -0.037685357726686346 0.60041701791136315 0.59438869211596501 0.70496652430756657
decision_type=8 8 10 10 2 10 2 10 10 8 10 10 10 10
left_child=8 4 6 -4 5 -2 -3 -6 12 10 -10 -11 -1 -14
right_child=1 2 3 -5 7 -7 -8 -9 9 11 -12 -13 13 -15
leaf_value=-0.00023705168234603401 0.00033227419396672449 -2.8232117579649518e-05 1.6502368437982877e-05 0.00096118630671381444 -0.00015866779636280955 -3.2982595211699681e-05 5.2484878331964092e-06 -5.5333685235804791e-05 -0.00086719502286065322 -0.00022773677987769856 0.00099847219312153767 1.754390042104805e-05 0.00052316833823639545 -0.00046765831962957696
leaf_weight=238.06551554705948 57.326967237517238 1981.8086861043703 333.73590087331831 85.872937555424869 495.86964061670005 381.25659372191876 1911.7131448078435 146.24260487407446 19.507256651297212 152.93063129205257 42.709948704577982 36.375960066914558 11.083572620525954 21.000321082770824
leaf_count=1229 354 10990 882 230 2043 2375 10333 982 114 682 256 92 116 150
internal_value=-0.000166486 -9.92021e-05 7.78313e-08 0.000689501 -0.000507338 0 -7.09482e-05 -0.000849885 -0.000836248 -0.000424753 0.000492919 -0.000795864 -0.00116935 0
internal_weight=5915.5 5393.83 4313.13 419.609 1080.7 438.584 3893.52 642.112 521.673 251.524 62.2172 189.307 270.149 32.0839
internal_count=30828 28189 22435 1112 5754 2729 21323 3025 2639 1144 370 774 1495 266
is_linear=0
shrinkage=0.01444


Tree=258
num_leaves=15
num_cat=0
split_feature=17 33 18 17 9 14 16 23 28 6 18 27 23 33
split_gain=1.10098 0.868635 1.54473 1.5847 0.894488 1.46613 0.998186 0.37021 0.379444 0.353686 0.310717 0.158198 0.206374 0.0345621
threshold=0.69437572633929967 0.011877451648398598 -0.025206016586590881 0.85408272544887365 0.36939844990845516 1.5252307330193371 1.2333466345025632 0.073709806786430646 0.0183 0.41225413432727509 0.0010973245616217044 0.52589485704197181 0.049952660198300171 -0.055880948651539468
decision_type=8 8 10 10 10 10 10 10 8 8 10 10 10 10
left_child=7 2 3 -2 6 -6 -3 11 10 -4 -9 13 -13 -1
right_child=1 4 9 -5 5 -7 -8 8 -10 -11 -12 12 -14 -15
leaf_value=-5.1414947747860199e-05 0.00061723208639395373 -1.5869193000161067e-06 0.00069339603389566903 -2.5617709510431813e-06 -1.2479672170232115e-05 0.0005293438754867592 -9.955159507576767e-05 -8.9135969713343644e-06 -0.0006295849444207948 -0.00016247805540781939 0.00098405427198696642 -0.00035231483272862987 8.7838173515464968e-06 -0.00025747974031899558
leaf_weight=12.863846542313693 45.756744114682078 3233.2758676414378 13.691536777652798 188.11613655276597 332.3194614239037 367.23852203972638 380.29681823588908 30.975744192488492 52.021643259562552 833.13138900510967 37.195666906423867 103.17158945091069 48.987375106662512 236.45734050683677
leaf_count=168 232 17397 100 1286 1201 1283 2554 142 192 4136 212 705 270 950
internal_value=-0.000163868 -9.97836e-05 -0.000465926 0.000539736 -4.96003e-06 0.000464201 -9.94654e-05 -0.000800593 0 -0.000759288 0.000609898 -0.00101221 -0.000486151 -0.00127908
internal_weight=5915.5 5393.83 1080.7 233.873 4313.13 699.558 3613.57 521.673 120.193 846.823 68.1714 401.48 152.159 249.321
internal_count=30828 28189 5754 1518 22435 2484 19951 2639 546 4236 354 2093 975 1118
is_linear=0
shrinkage=0.01444


Tree=259
num_leaves=16
num_cat=0
split_feature=17 16 27 7 21 18 18 8 11 5 22 9 21 28 21
split_gain=0.908562 0.721956 0.774485 0.779306 0.767854 1.21818 0.321198 0.273955 0.540802 0.244308 0.170127 0.140486 0.0600115 0.131092 0.0777234
threshold=0.69437572633929967 1.2333466345025632 0.0022332274004945273 0.21030227905456669 0.15281661030690466 -0.11060536661704627 0.11796264546761627 0.37213132490807016 0.39437221202344092 0.22614891228094028 0.064171766790671561 0.16675491778581278 0.068365401990186023 0.018600000000000037 0.0092952771143661791
decision_type=8 10 8 10 8 8 10 10 10 8 10 8 10 8 8
left_child=7 2 11 -4 6 -6 -3 12 9 -9 -10 -2 14 -14 -1
right_child=1 4 3 -5 5 -7 -8 8 10 -11 -12 -13 13 -15 -16
leaf_value=-7.1932963984764366e-06 1.4734042857444151e-05 -6.2985644440217533e-05 -4.9719014937818021e-05 8.6203581519431619e-06 0.00029701909646041803 1.316968621209556e-05 0.0022015621033691633 0.0013169140121637494 -0.00033701129297930972 0.00021617235036981475 -8.7848847858139586e-06 -0.0004718213590316508 0.00093082690455375736 -0.0010821307912978731 -0.00026478122551610895
leaf_weight=18.370123816654086 11.273689128458498 622.3218178441748 1496.6663314010948 3094.8412172831595 4.1111785294488072 14.106251402758064 16.914485961198807 8.8849980272352678 111.89552205242217 9.9759960211813468 117.58578967023641 133.5915042408742 15.952405601739882 27.422111801803112 211.58625897392631
leaf_count=96 86 2396 9958 13629 22 1390 60 58 587 56 464 648 86 74 1218
internal_value=-0.000155324 -9.6829e-05 -3.16177e-05 0 -0.0005463 0.00218032 -0.000646295 -0.000734319 -0.000307744 0.00186385 -0.00054721 -0.00106914 -0.00107269 -0.000142246 -0.00119063
internal_weight=5915.5 5393.83 4736.37 4591.51 657.454 18.2174 639.236 521.673 248.342 18.861 229.481 144.865 273.331 43.3745 229.956
internal_count=30828 28189 24321 23587 3868 1412 2456 2639 1165 114 1051 734 1474 160 1314
is_linear=0
shrinkage=0.01444


Tree=260
num_leaves=14
num_cat=0
split_feature=17 33 18 17 36 12 23 12 12 35 16 33 21
split_gain=0.989206 0.917892 1.56402 1.5847 0.946769 0.973419 0.880555 0.353854 0.314027 0.28176 0.2292 0.126421 0.400515
threshold=0.69437572633929967 0.011877451648398598 -0.025206016586590881 0.85408272544887365 1.0000000180025095e-35 0.032392873083715114 0.097245474545194402 0.13407263066309114 0.14880513573163284 3.9982006848355987 0.61941167342969439 0.081846075354125816 0.040738466307403749
decision_type=8 8 10 10 2 10 8 10 10 2 10 8 10
left_child=7 2 3 -2 6 -6 -3 11 -9 -4 -10 -1 -13
right_child=1 4 9 -5 5 -7 -8 8 10 -11 -12 12 -14
leaf_value=-0.00021805386126478638 0.00060819478795990235 -2.9951296831996901e-05 -0.00013983337539009603 -2.6492568450433332e-06 -3.9660743424049219e-05 4.8376313822809027e-05 0.00025623152638025931 0.001860102385961022 0.00096997139896707045 -0.0001541549336605943 -0.00017163949045285217 -0.0005455719017233684 0.001590366864972512
leaf_weight=281.73274015821517 45.756744114682078 1931.8649247647263 304.94324894901365 188.11613655276597 675.77298791822977 1401.6605065339245 303.83225012407638 14.989057071506975 13.811242163181303 541.87967683374882 121.54311402793974 61.833435516804457 27.763617027550936
leaf_count=973 232 9706 1905 1286 4699 6038 1992 76 84 2331 782 528 196
internal_value=-0.000156928 -9.60324e-05 -0.00047225 0.000539736 0 0.000220183 -0.000207916 -0.000760711 -7.0345e-05 -0.000767356 -0.000373802 -0.0010045 -0.000302089
internal_weight=5915.5 5393.83 1080.7 233.873 4313.13 2077.43 2235.7 521.673 150.343 846.823 135.354 371.33 89.5971
internal_count=30828 28189 5754 1518 22435 10737 11698 2639 942 4236 866 1697 724
is_linear=0
shrinkage=0.01444


Tree=261
num_leaves=14
num_cat=0
split_feature=17 33 35 11 36 9 26 7 16 33 27 2 31
split_gain=1.13215 0.927343 0.954974 1.19069 0.92633 1.2393 0.752102 0.473167 0.256932 0.35054 0.212128 0.172348 0.0914161
threshold=0.69437572633929967 0.011877451648398598 4.0582854191093185 0.42476043059574015 1.0000000180025095e-35 0.36939844990845516 0.37912662267949365 0.37554897260979581 0.61941167342969439 -0.0053557576028197542 0.96116808948598387 0.36771542930754175 0.055000000000001499
decision_type=8 8 2 10 2 10 8 10 10 8 10 2 10
left_child=8 2 3 -2 6 -6 -3 -4 9 -1 11 -10 -12
right_child=1 4 7 -5 5 -7 -8 -9 10 -11 12 -13 -14
leaf_value=0.00098041341230212741 0.00020165766298664239 -0.00010137250237099156 -0.000158030358364678 -0.00036035738498646535 1.8792125154014497e-06 0.0005208771281606545 5.1351254757085206e-07 -2.6110016221937362e-06 -0.00021820917209902757 -0.00073583686770003034 0.0004824415235809309 0.00086263013367663636 -2.6441855801896644e-05
leaf_weight=10.606933653354643 233.60643163789064 878.62202140968293 516.57057576626539 204.97712932154536 1787.220556990942 290.21293746121228 1357.0751534791198 125.54166972450912 429.22344063036144 14.900759126991035 10.136219814419745 20.549066809006035 36.256785931065679
leaf_count=74 1584 4454 2397 1145 9779 958 7244 628 2081 68 76 94 246
internal_value=-0.000159033 -9.41111e-05 -0.00047225 1.84966e-05 0 0.000220183 -0.000203281 -0.000827541 -0.000804404 0.000261003 -0.000885762 -0.000981642 0
internal_weight=5915.5 5393.83 1080.7 438.584 4313.13 2077.43 2235.7 642.112 521.673 25.5077 496.166 449.773 46.393
internal_count=30828 28189 5754 2729 22435 10737 11698 3025 2639 142 2497 2175 322
is_linear=0
shrinkage=0.01444


Tree=262
num_leaves=14
num_cat=0
split_feature=17 33 18 10 36 9 18 9 16 7 18 11 28
split_gain=1.07353 0.903031 1.25954 2.08436 0.824468 1.06776 0.708727 0.310265 0.221147 0.234575 0.217825 0.233576 0.183529
threshold=0.69437572633929967 0.011877451648398598 -0.025206016586590881 0.20156879151069898 1.0000000180025095e-35 0.36939844990845516 0.051398069569419953 0.51444600720543843 0.60968775943710207 0.19453973112069961 0.073597032183095115 0.64688129378796999 -0.083850000000000022
decision_type=8 8 10 8 2 10 10 10 10 10 10 10 8
left_child=8 2 3 -2 6 -6 -3 -4 9 -1 12 -12 -10
right_child=1 4 7 -5 5 -7 -8 -9 10 -11 11 -13 -14
leaf_value=-0.00072521139610503172 0.00032689857895462795 -4.835020347726963e-05 -0.00015574840273339829 7.4093390521770394e-06 1.8520767193033197e-06 0.00051335567147276818 4.827164239065527e-05 0.00010793902152790237 1.367194109722987e-06 0.00096625625964907684 0.0018207861756457998 -0.00016643485912698651 -0.00021140692784147125
leaf_weight=12.832193661481144 12.547714017331598 1986.0538568582851 776.87785866763443 221.32516665011644 1787.220556990942 290.21293746121228 249.64331803051755 69.94506711512804 34.63748515676707 10.865195009857414 8.3911716863513011 16.092384614050388 438.85477583669126
leaf_count=58 174 10576 3894 1344 9779 958 1122 342 170 68 64 120 2159
internal_value=-0.000153884 -9.05969e-05 -0.000463781 0.00043915 0 0.000210014 -0.000189449 -0.000728724 -0.000782375 0.000197899 -0.000855452 5.55578e-05 -0.000930184
internal_weight=5915.5 5393.83 1080.7 233.873 4313.13 2077.43 2235.7 846.823 521.673 23.6974 497.976 24.4836 473.492
internal_count=30828 28189 5754 1518 22435 10737 11698 4236 2639 126 2513 184 2329
is_linear=0
shrinkage=0.01444


Tree=263
num_leaves=14
num_cat=0
split_feature=27 27 8 19 1 31 19 5 13 34 18 34 30
split_gain=0.876469 0.822265 0.731365 1.04391 0.812577 0.684667 0.630082 0.590409 1.33922 0.517911 0.403169 0.128933 0.101696
threshold=0.58095999695359968 0.0022332274004945273 0.18746219676427586 0.021966859819589599 0.12484969053934572 -6.4699999999999989 0.14285714285714288 0.10421719730321187 1.7793148557194149 -0.038114319710983606 0.13485725185042699 -0.065749298569986445 15.975000000000003
decision_type=10 8 10 10 2 10 10 10 8 10 10 10 10
left_child=1 11 4 -4 -3 7 10 8 -2 -9 -7 -1 -13
right_child=5 2 3 -5 -6 6 -8 9 -10 -11 -12 12 -14
leaf_value=0.00011455973120858402 -7.8678782100463624e-05 -0.00012297094835455878 5.6677355143800339e-06 -9.4767519578778316e-07 0.0001347816209681845 -0.0001356816422914121 0.00093172966475555438 -0.00047534689604216871 0.0057840479767921997 0.00059582787137460512 0.00080268386669054062 -0.00011453548619151457 -0.00046397507079150573
leaf_weight=9.4056376158259791 8.910738138481971 796.03799195494503 285.93496153363958 3625.2871881714091 83.011017617071047 829.3172955987975 27.829820344224572 43.697342690778896 5.4987962595187136 31.462723709642887 14.70011120662093 20.40484678838402 134.00121012702584
leaf_count=454 47 6530 1478 15765 630 4608 80 296 106 212 76 268 278
internal_value=-0.000158869 -7.83265e-05 -4.10191e-05 4.05434e-05 -0.000418601 -0.00056 -0.000690535 0.000561759 0.00318219 0 -0.000771162 -0.00108582 -0.00119333
internal_weight=5915.5 4954.08 4790.27 3911.22 879.049 961.417 871.847 89.5696 14.4095 75.1601 844.017 163.812 154.406
internal_count=30828 25403 24403 17243 7160 5425 4764 661 153 508 4684 1000 546
is_linear=0
shrinkage=0.01444


Tree=264
num_leaves=15
num_cat=0
split_feature=33 18 10 35 21 36 30 26 18 33 18 9 6 26
split_gain=0.788344 1.10054 2.16036 1.88243 0.925501 0.751197 1.54915 0.915439 0.868149 2.36628 0.722081 0.472306 0.315248 0.249408
threshold=0.011877451648398598 -0.025206016586590881 0.20235271583259923 2.5277246549430248 0.033684577500034542 1.0000000180025095e-35 23.650000000000002 0.30238808098089548 0.051398069569419953 0.016171703227177984 -0.031335061610468555 0.51444600720543843 0.41225413432727509 0.70864261802999506
decision_type=8 10 10 2 10 2 10 10 10 10 8 10 8 10
left_child=1 2 4 -4 -1 8 7 -7 10 -10 -2 12 -3 -13
right_child=5 11 3 -5 -6 6 -8 -9 9 -11 -12 13 -14 -15
leaf_value=0.00011554804228040055 5.1340574796518708e-06 0.00068462887638731597 0.00078629735188767171 -2.1005305890704594e-05 0.00071098315853778055 -2.9256348610874725e-05 0.00084955616533307558 2.0888675603494529e-05 0.001348849431780813 -1.2872097615521092e-05 -0.00011394053153024814 0.00018125149163496313 -0.00017036556956104987 -0.00070551240623900743
leaf_weight=3.9634196665137997 456.8780707931146 14.177919412963091 18.154397396370769 221.52760723419487 8.5842943508177978 688.24611782236025 20.766503274440765 1503.6460519351531 53.229883454274386 204.43203458562493 1738.1114943802822 68.251885689795017 885.65221485868096 29.877786901779473
leaf_count=106 2056 106 142 1328 68 3559 50 7732 118 1064 9498 427 4478 96
internal_value=-0.000155734 -0.000479396 0.000337862 0 0.00604797 -6.6148e-05 0.000122853 7.90546e-05 -0.000241981 0.000530677 -0.000338754 -0.000699138 -0.000805702 0.000144422
internal_weight=5915.5 1250.19 252.23 239.682 12.5477 4665.31 2212.66 2191.89 2452.65 257.662 2194.99 997.96 899.83 98.1297
internal_count=30828 6751 1644 1470 174 24077 11341 11291 12736 1182 11554 5107 4584 523
is_linear=0
shrinkage=0.01444


Tree=265
num_leaves=15
num_cat=0
split_feature=16 6 34 17 33 9 35 28 27 33 2 35 18 28
split_gain=1.04409 1.10748 1.65811 1.0261 0.847631 1.03637 1.02576 0.403354 0.618696 0.254406 0.227901 0.215947 0.211206 0.138246
threshold=1.2333466345025632 1.8119529412284596 -0.030417158266820784 0.69437572633929967 0.0076844477678003073 0.32421699333188475 4.8166458505458118 -0.083850000000000022 0.27201085207092257 -0.089167262209483608 0.25193848278781145 4.4205259048903924 0.10842616639931758 0.012300000000000063
decision_type=10 8 8 8 10 10 2 8 10 10 2 2 10 10
left_child=3 2 -2 7 6 -6 -5 8 -1 13 -4 -9 -11 -3
right_child=1 9 10 4 5 -7 -8 11 -10 12 -12 -13 -14 -15
leaf_value=0.00085181301097352979 0.00027908189407525945 -0.0002285879350519561 -0.00045367384641421886 -1.3142746452585796e-06 -4.3548946570226514e-06 0.00017432545666583535 -0.00042482883420120793 -0.00034660662870400575 -0.00042255135305774505 -0.00011420991395910355 0.00077494323177702915 -1.2160950799943927e-05 0.0021538507803137794 0.00023724887086854179
leaf_weight=9.4274539481848461 16.48821297287941 67.196751737967134 32.510131951421499 596.29405562579632 2840.2662035804242 1023.0297390893102 276.78274375805631 278.82830333150923 25.20455904956907 537.89943133108318 15.241614356636999 144.62731494940817 20.603032955899835 31.100133118219674
leaf_count=56 80 1356 162 4555 13991 4119 1656 1271 136 1772 74 766 74 760
internal_value=-0.000167977 -0.000685596 0.00102667 -9.35414e-05 -2.75113e-05 6.13759e-05 -0.000435604 -0.000746852 0.000526629 -0.000873711 -9.007e-05 -0.000882431 -0.000996056 -4.4449e-05
internal_weight=5915.5 721.039 64.24 5194.46 4736.37 3863.3 873.077 458.088 34.632 656.799 47.7517 423.456 558.502 98.2969
internal_count=30828 4278 316 26550 24321 18110 6211 2229 192 3962 236 2037 1846 2116
is_linear=0
shrinkage=0.01444


Tree=266
num_leaves=15
num_cat=0
split_feature=27 27 15 9 34 9 18 18 25 16 34 24 25 8
split_gain=0.807804 0.799474 0.87262 1.0211 0.895573 0.572024 0.694764 0.648398 0.585467 0.158765 0.15256 0.135735 0.0420422 0.0154365
threshold=0.58095999695359968 0.0022332274004945273 1.2583259128346922 0.32421699333188475 -0.013851292772250166 0.4612562063946774 -0.0056789239359098511 0.056338717878138052 1.2889556058833997 1.1055688008521116 0.049918214726153216 7.5000000000000009 0.31784847518634524 0.23322582083745583
decision_type=10 8 10 10 10 8 8 8 10 10 8 2 10 8
left_child=1 9 4 -4 -3 8 12 -8 10 11 -2 -1 -7 -11
right_child=5 2 3 -5 -6 6 7 -9 -10 13 -12 -13 -14 -15
leaf_value=9.7339731730584407e-05 -0.00015943662230619895 -1.8250430696950972e-06 -5.1762778620632541e-06 0.00017989677807152334 -8.382748085040204e-05 -6.3106589060628524e-05 0.00067583003878306182 -0.00018262522760367607 0.00058513182231057241 2.8547867729425741e-05 4.9813680362643869e-06 -0.00045652657208264543 -0.00035296808345798146 -0.00080789792650946791
leaf_weight=12.312589070294051 673.70509040914476 799.44469953258522 2478.0601241444238 913.26254932675511 599.50378627330065 13.973610788583754 62.747361451387405 91.937143015442416 13.744344999548046 4.7157911784015569 43.247069303877652 140.4195556640625 62.062207980081439 6.3637586184777328
leaf_count=494 3803 5257 13880 3873 1393 63 334 508 61 202 438 274 218 30
internal_value=-0.000168798 -9.12578e-05 -5.43925e-05 6.75535e-05 -0.000359277 -0.000554465 1.88735e-05 0.000628177 -0.000753278 -0.00108582 -0.000823417 -0.00121662 -0.00104531 0
internal_weight=5915.5 4954.08 4790.27 3391.32 1398.95 961.417 230.72 154.685 730.697 163.812 716.952 152.732 76.0358 11.0795
internal_count=30828 25403 24403 17753 6650 5425 1123 842 4302 1000 4241 768 281 232
is_linear=0
shrinkage=0.01444


Tree=267
num_leaves=15
num_cat=0
split_feature=16 6 34 27 22 13 26 33 2 33 26 16 24 7
split_gain=1.00755 1.12299 1.64806 0.7377 0.698055 0.636279 0.500426 0.254406 0.219776 0.201039 0.129323 0.129154 0.0971377 0.00106657
threshold=1.2333466345025632 1.8119529412284596 -0.030417158266820784 0.0022332274004945273 0.023799800162284283 1.2513875976862214 0.27510865821827718 -0.089167262209483608 0.25193848278781145 0.05585621624966209 0.56505341822309874 1.001299308371939 9.5000000000000018 0.26083720559382567
decision_type=10 8 8 8 8 8 10 10 2 10 10 8 2 10
left_child=3 2 -2 11 6 -6 -5 10 -4 -9 -3 12 -1 -13
right_child=1 7 8 4 5 -7 -8 9 -10 -11 -12 13 -14 -15
leaf_value=-6.9684785353862989e-05 0.00027245425001761771 -0.00026394197312054699 -0.00044704805858559554 -0.00018075786898453123 -8.0972414496116598e-05 3.208524603003745e-06 -3.6857076828872359e-06 -0.00011135025741610781 0.00076466432301413526 -2.1066762350170057e-05 9.2511083978406934e-05 2.8135637015021821e-05 -0.00044993433630735987 -0.00056388181125412011
leaf_weight=14.500555873848496 16.48821297287941 44.382018076255918 32.510131951421499 212.11788744758815 755.59806972835213 3836.6038557309657 232.66142956074327 444.46977420151234 15.241614356636999 114.03269008547068 53.91486677993089 6.7010967335663718 128.9179510474205 7.3595272097736597
leaf_count=430 80 1630 162 1090 3265 19963 1452 1202 74 644 486 108 226 16
internal_value=-0.000175436 -0.000684293 0.00104118 -0.000102216 -6.89482e-05 -1.30927e-05 -0.000615505 -0.000873711 -7.06044e-05 -0.000996056 -4.4449e-05 -0.00107947 -0.00121082 0
internal_weight=5915.5 721.039 64.24 5194.46 5036.98 4592.2 444.779 656.799 47.7517 558.502 98.2969 157.479 143.419 14.0606
internal_count=30828 4278 316 26550 25770 23228 2542 3962 236 1846 2116 780 656 124
is_linear=0
shrinkage=0.01444


Tree=268
num_leaves=15
num_cat=0
split_feature=17 20 35 13 36 11 5 17 23 38 23 10 21 34
split_gain=1.23217 0.915173 1.33981 1.11711 1.0868 1.12095 0.916818 0.904608 0.212426 0.327455 0.340463 0.0762103 0.0335919 0.0224912
threshold=0.69437572633929967 0.047798360384222811 4.9057561433596852 1.2709368249201309 1.0000000180025095e-35 0.3397019608358447 0.092129616201375622 1.3860069259218528 0.048303150734282464 4.5000000000000009 0.054279885389743161 0.60041701791136315 0.0092952771143661791 0.033372308812263836
decision_type=8 8 2 8 2 10 10 10 10 2 10 10 8 8
left_child=8 4 3 -3 7 -6 -4 -2 12 11 -11 -10 -1 -14
right_child=1 2 6 -5 5 -7 -8 -9 9 10 -12 -13 13 -15
leaf_value=-9.1412204779473108e-05 -9.8084132078434254e-05 -9.4528030916653501e-05 0.00028530303844849373 0.00017169235659861854 8.0364928978629843e-06 -0.00016224546459305534 -8.1033004284093339e-05 4.5616408604741335e-05 -0.00036232694797084137 0.0016605652718193898 -0.00011350481125477823 -5.9967358605224293e-06 -0.00023933036523276973 -1.1876496087169912e-05
leaf_weight=16.849629692733288 1221.627895376645 261.29708492383361 51.604875494260341 1600.7574506769888 1079.700534993317 305.61184472497553 681.65302234143019 191.57376725971699 99.673334142193198 18.621855854988098 108.5359449852258 24.692661732435226 241.88154052849859 11.418239029124377
leaf_count=102 6314 1170 250 9232 5636 1330 3281 976 306 126 658 54 1255 138
internal_value=-0.000163806 -9.62039e-05 9.53675e-05 0.000305333 -0.000278526 0 -0.000419812 -0.000560253 -0.000836865 -0.000442054 0 -0.000969994 -0.00115443 -0.00120365
internal_weight=5915.5 5393.83 2595.31 1862.05 2798.51 1385.31 733.258 1413.2 521.673 251.524 127.158 124.366 270.149 253.3
internal_count=30828 28189 13933 10402 14256 6966 3531 7290 2639 1144 784 360 1495 1393
is_linear=0
shrinkage=0.01444


Tree=269
num_leaves=13
num_cat=0
split_feature=20 18 35 36 34 25 34 12 12 23 18 18
split_gain=0.65668 0.945835 0.921588 0.903557 0.993818 0.830357 0.739139 0.923821 0.677382 1.41912 0.781352 0.499027
threshold=0.054090177454443007 0.13485725185042699 4.9057561433596852 1.0000000180025095e-35 -0.022603338147619109 0.43142271569227592 0.026045200945584161 0.035376763535842702 0.048423565870157441 0.064829374281102928 -0.058060756675740281 0.030576263404141216
decision_type=8 10 2 2 10 10 10 8 8 10 8 10
left_child=1 3 6 4 -1 -5 7 -2 9 -4 -10 -8
right_child=2 -3 8 5 -6 -7 11 -9 10 -11 -12 -13
leaf_value=-4.5576236738748546e-06 -0.00010519205399548009 0.00079069381581709007 -0.00028530452470860231 6.6507101887594606e-06 -0.00013195283756031747 -3.3765489648009482e-05 -5.6226219816956643e-05 0.00019481056797488835 0.00019093654620678743 0.00036101316991669322 -0.00013207282947686779 0.00029097818283731235
leaf_weight=706.11438690219074 231.50054117850959 12.683912791311739 134.35419327626005 795.23020070698112 1042.19888806995 858.11927056359127 308.73427496105433 1204.3502800459974 29.892701445147395 100.91859600087628 416.33046520454809 75.071970609948039
leaf_count=5974 2147 52 704 3955 3191 4420 826 6814 134 725 1712 174
internal_value=-0.000186111 -0.000316381 -3.01585e-06 -0.000334835 -0.000565028 -8.33964e-05 0.000161323 0.000316848 -0.000460784 0.000118895 -0.00079549 -0.000386063
internal_weight=5915.5 3414.35 2501.15 3401.66 1748.31 1653.35 1819.66 1435.85 681.496 235.273 446.223 383.806
internal_count=30828 17592 13236 17540 9165 8375 9961 8961 3275 1429 1846 1000
is_linear=0
shrinkage=0.01444


Tree=270
num_leaves=13
num_cat=0
split_feature=16 17 16 33 6 1 26 28 33 16 30 31
split_gain=1.31546 1.38707 1.24171 2.29693 0.837798 0.712322 0.398231 0.462598 0.287845 0.253516 0.233075 0.178765
threshold=1.2333466345025632 0.69437572633929967 1.2145532133127268 0.018153217483829923 0.28256617034887682 0.073762755102040833 0.2381294876700705 0.0025499999999999971 -0.089167262209483608 0.60968775943710207 18.990000000000006 0.40000000000000041
decision_type=10 8 10 10 8 2 8 10 10 10 10 10
left_child=1 9 5 -4 -2 -3 7 -6 -8 10 -1 -11
right_child=4 2 3 -5 6 -7 8 -9 -10 11 -12 -13
leaf_value=-0.00068557933011707502 0.00027643036214685903 -4.9182396124231423e-05 0.0013221673247905455 -2.2177355226775971e-05 -0.00037396881155226823 2.0664521474283172e-06 -3.588526743988362e-05 0.00011320461230657439 -8.7154705919669439e-05 -0.00013466554869042655 0.00093149433995859496 -0.00017426033459014449
leaf_weight=12.803892679512503 9.7478508409112674 1209.9516651513986 35.687602476216853 49.864797690883279 24.006368514616042 3440.8686767350882 105.35377893969417 22.448499770369381 559.48281035851687 116.54713478591293 10.893495991826056 317.84310782141984
leaf_count=52 56 7369 102 184 478 16666 1584 294 1866 743 74 1360
internal_value=-0.000186992 -0.000103805 -2.75178e-05 0.0016854 -0.000767603 -6.20393e-05 -0.000840825 0.000244064 -0.000936445 -0.000863038 0.000197899 -0.000951192
internal_weight=5915.5 5194.46 4736.37 85.5524 721.039 4650.82 711.291 46.4549 664.837 458.088 23.6974 434.39
internal_count=30828 26550 24321 286 4278 24035 4222 772 3450 2229 126 2103
is_linear=0
shrinkage=0.01444


Tree=271
num_leaves=13
num_cat=0
split_feature=16 17 6 33 35 26 26 38 33 16 30 31
split_gain=1.28884 1.29575 0.837798 0.765943 1.46782 1.141 0.398231 0.564306 0.287845 0.246351 0.233075 0.163886
threshold=1.2333466345025632 0.69437572633929967 0.28256617034887682 0.011877451648398598 4.3546554048693595 0.4306445085591542 0.2381294876700705 9.5000000000000018 -0.089167262209483608 0.60968775943710207 18.990000000000006 0.40000000000000041
decision_type=10 8 8 10 2 10 8 2 10 10 10 10
left_child=1 9 -2 4 -3 -5 7 -4 -8 10 -1 -11
right_child=2 3 6 5 -6 -7 8 -9 -10 11 -12 -13
leaf_value=-0.00067567957649227188 0.00027243871251646294 1.4903222565590535e-05 -0.00036856870840578672 -1.3980671951626595e-05 -0.00020040438681828536 9.8839088344827812e-05 -3.5367084801042384e-05 0.0001115699396701706 -8.589619347924992e-05 -0.00013272098050521515 0.00091804357786091928 -0.00017174401838393163
leaf_weight=12.803892679512503 9.7478508409112674 602.53410729882307 26.196654337458313 1993.7353693889454 592.31026384257711 1547.7930015232414 105.35377893969417 20.258213947527111 559.48281035851687 116.54713478591293 10.893495991826056 317.84310782141984
leaf_count=52 56 4005 702 8285 2945 9086 1584 70 1866 743 74 1360
internal_value=-0.000192659 -0.000110258 -0.000767603 -3.63939e-05 -0.000354229 6.71807e-05 -0.000840825 0.000244064 -0.000936445 -0.000844457 0.000197899 -0.000931599
internal_weight=5915.5 5194.46 721.039 4736.37 1194.84 3541.53 711.291 46.4549 664.837 458.088 23.6974 434.39
internal_count=30828 26550 4278 24321 6950 17371 4222 772 3450 2229 126 2103
is_linear=0
shrinkage=0.01444


Tree=272
num_leaves=14
num_cat=0
split_feature=17 36 33 26 23 26 32 12 16 7 26 4 27
split_gain=1.14506 0.827584 1.00427 1.02202 0.981389 1.84423 1.11575 0.969894 0.23302 0.234575 0.187956 0.243089 0.209503
threshold=0.69437572633929967 1.0000000180025095e-35 0.011877451648398598 0.15728353771832035 0.097245474545194402 0.51170334000415274 0.50527704485488134 0.032392873083715114 0.60968775943710207 0.19453973112069961 0.20047125496467152 0.052073329181710024 0.96116808948598387
decision_type=8 2 10 8 8 10 8 10 10 10 8 10 10
left_child=8 4 3 -3 6 -6 -2 -4 9 -1 11 -10 -12
right_child=1 2 7 -5 5 -7 -8 -9 10 -11 12 -13 -14
leaf_value=-0.00066592277513794504 5.0599020176419972e-06 0.00029913767186163896 -3.8093846934047629e-05 -0.000108717004414659 0.00055757127763741206 -7.5938134764818164e-05 -9.582033286783799e-05 4.8198065912667998e-05 -9.4589325633099666e-05 0.00090478704453442009 -0.00023715970244469152 0.0017654442051002412 -4.2173777336365124e-07
leaf_weight=12.832193661481144 604.67971179494634 9.7299692605156434 567.42223309259862 670.2818825696595 108.28617807291448 270.41658735391684 1762.5583264566958 1400.4515871899202 22.42759919539094 10.865195009857414 414.36396144982427 14.685384411364792 46.498872237280011
leaf_count=58 4184 258 3599 4101 1242 1112 8097 5596 174 68 1953 64 322
internal_value=-0.000165267 -9.99737e-05 7.83366e-05 -0.000392482 -0.000276664 0.000388375 -0.00038865 0.000247746 -0.000814474 0.000197899 -0.000889077 0 -0.000969006
internal_weight=5915.5 5393.83 2647.89 680.012 2745.94 378.703 2367.24 1967.87 521.673 23.6974 497.976 37.113 460.863
internal_count=30828 28189 13554 4359 14635 2354 12281 9195 2639 126 2513 238 2275
is_linear=0
shrinkage=0.01444


Tree=273
num_leaves=14
num_cat=0
split_feature=17 35 24 39 28 16 7 21 16 7 18 27 18
split_gain=1.24542 0.866705 1.62007 2.51361 1.29522 1.05082 1.17227 0.974197 0.244717 0.234575 0.184796 0.152985 0.0922235
threshold=0.69437572633929967 2.6379852627415272 11.500000000000002 3.5000000000000004 0.023550000000000019 1.2269171740558213 0.64181387998260819 0.15281661030690466 0.60968775943710207 0.19453973112069961 0.078671485423858614 0.84284963196635132 0.09306824128498116
decision_type=8 2 2 2 10 10 10 8 10 10 10 10 8
left_child=8 2 3 -2 -4 6 -3 -7 9 -1 11 -10 -12
right_child=1 5 4 -5 -6 7 -8 -9 10 -11 12 -13 -14
leaf_value=-0.00065630686182579048 -0.0001856424331964873 -8.1622527403965612e-06 0.00067172861884023992 0.00085107869284824049 0.00057894678275577231 -5.2211592271478835e-05 0.00089681730277904907 0.00026960124758510222 -0.00019846633828247477 0.00089172193531901402 0.0017399512214278129 -7.3475711140865632e-06 -0.00035008358565990501
leaf_weight=12.832193661481144 244.14919972559437 4383.1421275790781 46.050872832536697 26.727585735265166 44.581738710403442 609.77782415878028 23.033616432920098 16.363510616589338 398.69202612992376 10.865195009857414 7.9714329764246941 77.380750136449933 13.931608051061632
leaf_count=58 1658 22423 66 250 60 2390 58 1284 1835 68 58 518 102
internal_value=-0.000168683 -0.00010072 0.000574194 0 0.00223909 -0.000151863 -6.98575e-05 -0.000707475 -0.000845471 0.000197899 -0.000921546 -0.000984438 0
internal_weight=5915.5 5393.83 361.509 270.877 90.6326 5032.32 4406.18 626.141 521.673 23.6974 497.976 476.073 21.903
internal_count=30828 28189 2034 1908 126 26155 22481 3674 2639 126 2513 2353 160
is_linear=0
shrinkage=0.01444


Tree=274
num_leaves=15
num_cat=0
split_feature=17 27 27 22 7 21 18 7 0 24 0 24 21 21
split_gain=1.01314 0.698502 0.868589 1.47322 0.772554 0.234169 0.343925 0.355585 0.113176 0.0922273 0.0250034 0.018524 0.00391371 0.0011702
threshold=0.69437572633929967 0.0022332274004945273 0.05917923691215618 0.055956307314043184 0.17018455887048881 0.027675680301326711 -0.017911601550751274 0.37051334479810955 0.27107500000000007 7.5000000000000009 0.25207500000000005 8.5000000000000018 0.0092952771143661791 0.0063359607587327163
decision_type=8 8 10 10 8 10 10 10 2 2 2 2 8 10
left_child=5 8 3 -3 -4 12 11 -8 10 -10 -2 -7 13 -1
right_child=1 2 4 -5 -6 6 7 -9 9 -11 -12 -13 -14 -15
leaf_value=-2.1991187248230603e-05 -9.9245702853304111e-05 0.00012709712481509186 -8.5476503683404195e-05 -0.00010380601571214437 -5.1282845546795061e-06 -7.7555586059494783e-05 -0.0001835318470932294 2.2730362905694354e-05 6.1044428805385013e-06 -0.00049672275056520971 3.2007960250017109e-05 -0.00063303749783616935 -0.00027966681419491898 1.9107691277313266e-05
leaf_weight=10.186998669058086 12.763961826683955 187.33454000065103 387.53561688773334 183.39597495924681 4484.3733512754552 15.521185835823415 136.2438400387764 82.578072219155729 9.8518893267028016 122.85463148355484 5.7165100311394772 86.378581583499908 180.21017230674624 10.554355312138794
leaf_count=54 134 1453 3110 1159 21517 180 754 378 526 230 60 194 1013 66
internal_value=-0.00016606 -0.000104439 -7.37914e-05 0.000593308 -0.000127303 -0.000777332 -0.0004634 -7.40118e-05 -0.00107677 -0.00122364 0 -0.00116687 -0.00121074 0
internal_weight=5915.5 5393.83 5242.64 370.731 4871.91 521.673 320.722 218.822 151.187 132.707 18.4805 101.9 200.952 20.7414
internal_count=30828 28189 27239 2612 24627 2639 1506 1132 950 756 194 374 1133 120
is_linear=0
shrinkage=0.01444


Tree=275
num_leaves=16
num_cat=0
split_feature=17 34 26 23 26 35 17 35 23 19 35 35 22 12 11
split_gain=0.843301 0.64082 0.822532 0.839712 0.743409 1.33151 1.00784 0.70742 0.453174 0.666818 0.39903 0.435311 0.398686 0.140748 0.107873
threshold=0.69437572633929967 0.032758122151732467 0.27220907263909155 0.050999355150520238 0.32911528106476756 4.2639466700478232 0.79873212016552053 5.5372551486009192 0.083159212797056556 0.10003736579503222 2.5277246549430248 2.3504206048856529 0.09783800212566883 0.18868555336815843 0.69121820874479567
decision_type=8 10 10 10 10 2 8 2 10 10 2 2 10 10 10
left_child=8 4 3 -3 6 -6 -2 -4 10 12 11 -1 -10 -11 -12
right_child=1 2 7 -5 5 -7 -8 -9 9 13 14 -13 -14 -15 -16
leaf_value=-0.00065600895982923998 1.7137918070011833e-05 -5.071033103246684e-05 -0.00011645509736825336 0.00075755416090804537 0.00016794564717130707 -1.2051048561383488e-05 -3.7884897710821178e-05 1.7005100803301664e-05 0.00046322397921226067 -0.00059849903980896857 -0.00024579426362342639 0.0017144981299512957 0.00094103811596905646 0.00030366763940593914 -9.3685063708738245e-05
leaf_weight=17.215661829337481 215.05292380833998 45.832584317773581 443.75971508026123 31.368328437209129 1288.6835036892444 1798.0490250647999 1499.434033208061 71.64636218547821 14.930353842675684 50.512483164668083 348.26460181176662 8.120834128931163 17.836261056363583 13.480457867495714 51.312552263960242
leaf_count=138 1004 108 1322 70 7923 9606 7980 176 92 184 1721 58 56 100 290
internal_value=-0.00016243 -0.00010592 -0.000555833 0.000746656 -4.76041e-05 8.30282e-05 -0.000290376 -0.000776895 -0.000720905 4.99535e-05 -0.000927046 0.00050683 0.00182401 -0.00066351 -0.00105126
internal_weight=5915.5 5393.83 592.607 77.2009 4801.22 3086.73 1714.49 515.406 521.673 96.7596 424.914 25.3365 32.7666 63.9929 399.577
internal_count=30828 28189 1676 178 26513 17529 8984 1498 2639 432 2207 196 148 284 2011
is_linear=0
shrinkage=0.01444


Tree=276
num_leaves=12
num_cat=0
split_feature=17 16 26 26 19 6 9 16 7 7 34
split_gain=1.25418 0.773292 0.670751 1.3157 0.746102 0.665477 0.415398 0.250779 0.234575 0.110616 0.102553
threshold=0.69437572633929967 1.2333466345025632 0.46567929232646349 0.49375668210976481 0.0088578494548245141 0.27074135579668462 0.38201858953392098 0.60968775943710207 0.19453973112069961 0.6164947115598729 -0.019814375252701962
decision_type=8 8 10 10 8 8 8 10 10 10 10
left_child=7 2 4 -4 -2 -3 -7 8 -1 10 -9
right_child=1 5 3 -5 -6 6 -8 9 -10 -11 -12
leaf_value=-0.00063924215329356224 0.00013040454310885092 0.00026335713036084715 0.00019133628929024599 3.6067530497709514e-06 -1.9201334454684686e-05 -0.00016631703727470519 -5.3273974980701098e-06 -0.00018801283896181323 0.00087413230456695403 6.5008218797163747e-06 -0.00011117306271991601
leaf_weight=12.832193661481144 21.98339687846601 10.117568896152077 189.53343464341015 1646.2502480242401 2607.996992812492 494.43207626324147 423.51275827316567 138.37600721791387 10.865195009857414 19.308988702483475 340.29082137346268
leaf_count=58 216 52 905 10039 10933 3286 2758 1317 68 104 1092
internal_value=-0.000181731 -0.000113496 -3.15112e-05 0.000176691 -0.000181824 -0.000493648 -0.000547106 -0.000861299 0.000197899 -0.000938127 -0.000981669
internal_weight=5915.5 5393.83 4465.76 1835.78 2629.98 928.062 917.945 521.673 23.6974 497.976 478.667
internal_count=30828 28189 22093 10944 11149 6096 6044 2639 126 2513 2409
is_linear=0
shrinkage=0.01444


Tree=277
num_leaves=13
num_cat=0
split_feature=27 27 18 35 8 8 21 33 16 24 8 11
split_gain=0.642801 0.713413 1.80622 2.28012 0.779965 0.848077 0.745134 0.328532 0.158765 0.135735 0.0154365 0.119857
threshold=0.0022332274004945273 0.038484504757594816 -0.0012522703329465033 5.3472027597435643 0.18746219676427586 0.19118237992031673 0.025750767352170658 0.038712463141247884 1.1055688008521116 7.5000000000000009 0.23322582083745583 0.13538968039025737
decision_type=8 10 8 2 8 8 8 10 10 2 8 10
left_child=8 2 3 -2 6 -6 -3 -4 9 -1 11 -10
right_child=1 4 7 -5 5 -7 -8 -9 10 -11 -12 -13
leaf_value=0.0001000851772921233 0.00016439433223375269 -0.00015773985413695707 -0.00041752854935877691 8.6611414283771176e-05 2.7293632783048966e-05 -9.3095633265796059e-06 1.2881200548228786e-05 2.5598955277318567e-05 -0.0010177898758005693 -0.00043463512280177889 -0.00080213226745108016 3.2370090061102215e-05
leaf_weight=12.312589070294051 100.36161880753934 408.99323417712003 74.144960523117334 16.597918021958321 70.038262218236923 4842.2851432496682 180.41984496545047 58.847005262039602 2.9600128526799354 140.4195556640625 6.3637586184777328 1.7557783257216213
leaf_count=494 627 2678 463 100 421 22619 2346 574 138 274 30 64
internal_value=-0.000182006 -0.000153886 0.000587166 0.00191594 -0.000189988 -0.000127114 -0.000691196 -0.000486506 -0.00108582 -0.00121662 0 0.000781356
internal_weight=5915.5 5751.69 249.952 116.96 5501.74 4912.32 589.413 132.992 163.812 152.732 11.0795 4.71579
internal_count=30828 29828 1764 727 28064 23040 5024 1037 1000 768 232 202
is_linear=0
shrinkage=0.01444


Tree=278
num_leaves=14
num_cat=0
split_feature=17 27 16 7 27 16 7 16 4 27 34 21 8
split_gain=1.25592 0.684239 0.775999 0.756266 0.632617 0.250779 0.234575 0.158929 0.154756 0.155683 0.0958535 0.0645599 0.0161764
threshold=0.69437572633929967 0.0022332274004945273 1.2333466345025632 0.21030227905456669 0.33202560584536178 0.60968775943710207 0.19453973112069961 1.1055688008521116 0.21478217383670503 0.84284963196635132 -0.056652014296648338 0.038495622045231929 0.23586565071275806
decision_type=8 8 8 10 8 10 10 10 10 10 10 10 10
left_child=5 7 3 -3 -4 6 -1 10 9 -7 -2 -10 -9
right_child=1 2 4 -5 -6 8 -8 12 11 -11 -12 -13 -14
leaf_value=-0.00062373538406992901 2.0938529278282953e-06 -5.2693289849745827e-05 3.9294281911527836e-07 8.582359557248328e-06 -9.7589571146394086e-05 -0.00018302017607595077 0.00086164427919730878 3.1902666522584996e-05 -0.00062918010619631532 -1.3070008244586913e-05 -0.0004260084835490925 0.0016897813648972938 -0.00079054949143460632
leaf_weight=12.832193661481144 10.544915934558956 1229.1469190968201 350.5748618687503 3094.8412172831595 568.07648487435654 385.56536782439798 10.865195009857414 4.7050268105231208 11.69562201946974 92.004191135987639 129.57329130452126 8.7106363140046579 6.3637586184777319
leaf_count=58 412 7822 3112 13629 2676 1765 68 198 68 614 310 66 30
internal_value=-0.000181279 -0.000113001 -8.26148e-05 0 -0.000463637 -0.000861299 0.000197899 -0.00107626 -0.000938127 -0.000992539 -0.00121862 0 0
internal_weight=5915.5 5393.83 5242.64 4323.99 918.651 521.673 23.6974 151.187 497.976 477.57 140.118 20.4063 11.0688
internal_count=30828 28189 27239 21451 5788 2639 126 950 2513 2379 722 134 228
is_linear=0
shrinkage=0.01444


Tree=279
num_leaves=14
num_cat=0
split_feature=17 16 27 27 27 11 27 16 30 4 27 0 21
split_gain=1.18513 0.697576 0.760155 0.736045 0.593096 2.24551 0.360325 0.241392 0.233075 0.148124 0.138495 0.136804 0.0645599
threshold=0.69437572633929967 1.2333466345025632 0.0022332274004945273 0.038484504757594816 0.33202560584536178 0.54740312228010024 0.90069488353675287 0.60968775943710207 18.990000000000006 0.21478217383670503 0.84284963196635132 0.27107500000000007 0.038495622045231929
decision_type=8 8 8 10 8 10 10 10 10 10 10 2 10
left_child=7 2 11 -4 5 -3 -6 8 -1 10 -9 -2 -11
right_child=1 4 3 -5 6 -7 -8 9 -10 12 -12 -13 -14
leaf_value=-0.00061472865595239704 2.2631939709576308e-05 -1.2417720380518653e-05 0.00011393300727588005 -2.4379714911592149e-06 -0.00015091214713638932 0.0021194776658805346 -1.1014597524044344e-05 -0.00018037736791075913 0.00084920215076438532 -0.00062009475638580215 -1.2881277552438588e-05 -0.00041985692844241824 0.0016653809513238421
leaf_weight=12.803892679512503 15.740970361977814 335.21951144747436 221.17363808862865 4102.8144982913509 442.66776591911912 24.766407110728323 125.40871895523742 385.56536782439798 10.893495991826056 11.69562201946974 92.004191135987639 126.03496561665088 8.7106363140046579
leaf_count=52 134 3366 1308 20143 1968 54 708 1765 74 68 614 508 66
internal_value=-0.000176039 -0.000109633 -3.15959e-05 0 -0.000470802 0 -0.000761224 -0.000836722 0.000197899 -0.000912381 -0.000965695 -0.00107002 0
internal_weight=5915.5 5393.83 4465.76 4323.99 928.062 359.986 568.076 521.673 23.6974 497.976 477.57 141.776 20.4063
internal_count=30828 28189 22093 21451 6096 3420 2676 2639 126 2513 2379 642 134
is_linear=0
shrinkage=0.01444


Tree=280
num_leaves=14
num_cat=0
split_feature=17 12 27 8 26 17 16 18 4 26 16 30 27
split_gain=1.15587 0.710569 0.900522 0.906126 0.602747 0.505541 1.2986 0.402176 0.385839 0.93609 0.305892 0.24011 0.14497
threshold=0.7091153986949339 0.028371584872009695 0.558222466830122 0.18847101329701943 0.50285312320615605 1.7262829720961059 0.86754800254434916 0.0047581268212488767 0.21478217383670503 0.20047125496467152 0.60968775943710207 18.990000000000006 0.76101487006199142
decision_type=8 10 10 10 10 10 10 10 10 8 10 10 10
left_child=8 5 3 -3 -4 7 -7 -2 10 -10 11 -1 -12
right_child=1 2 4 -5 -6 6 -8 -9 9 -11 12 -13 -14
leaf_value=-0.0006058519848325197 -1.0323367913857675e-05 -0.00014664122947645168 -0.00029767827537328109 8.3495016898583874e-06 -2.414029885630862e-05 0.0003326058665012318 -4.6769664029593104e-05 -0.00023061534335452544 0.0016413328792987843 -0.00037478113053173264 -0.00017840468392475714 0.00083693968645002972 -1.4680073063445422e-05
leaf_weight=10.219917453825476 674.53512311447412 237.7526456178166 295.11262176465243 3221.2810028390959 466.94586151139811 5.5629592835903194 16.325553337112069 406.23983703227714 11.338113769888876 21.557157505303621 425.31319682858884 10.270981043577192 113.04471065476537
leaf_count=54 5383 1962 1580 13589 2488 58 196 2587 44 126 1949 66 746
internal_value=-0.000183971 -0.000113756 -2.51686e-05 7.05609e-05 -0.000476592 -0.000440828 0.00157125 -0.000494471 -0.000792869 0.000484271 -0.000891853 0.000448038 -0.000967553
internal_weight=5915.5 5323.76 4221.09 3459.03 762.058 1102.66 21.8885 1080.77 591.744 32.8953 558.849 20.4909 538.358
internal_count=30828 27843 19619 15551 4068 8224 254 7970 2985 170 2815 120 2695
is_linear=0
shrinkage=0.01444


Tree=281
num_leaves=15
num_cat=0
split_feature=17 22 18 23 16 6 27 13 24 4 16 23 11 35
split_gain=1.24792 0.981035 0.721404 0.802283 0.720926 1.08509 0.763774 0.318519 0.20691 0.330483 0.247562 0.154889 0.1394 0.0955241
threshold=0.7091153986949339 0.023799800162284283 -0.043662552816705107 0.016615629436988442 1.2333466345025632 1.8119529412284596 0.0022332274004945273 1.2289294169704241 9.5000000000000018 0.19682640784313257 0.60968775943710207 0.046978165267125956 0.69121820874479567 4.5681949014092877
decision_type=8 8 8 10 10 8 8 8 2 10 10 10 10 2
left_child=8 2 3 -2 6 -6 -3 -4 10 13 11 -1 -12 -10
right_child=1 4 7 -5 5 -7 -8 -9 9 -11 12 -13 -14 -15
leaf_value=-0.00023536237017729615 -4.6094310892956442e-05 -0.00041227843746603321 -2.1646954107344687e-07 0.00016566126064517837 0.00011451214719135019 -4.8948379932167304e-05 3.6458419169302864e-06 -0.00012695241462159579 -0.00033752512225448608 3.9947893736403219e-06 -0.00022636569468929507 0.00087817152925201154 2.8725529430367832e-05 -1.4468093063264727e-05
leaf_weight=7.4525833129882795 10.922565286047758 132.63464224571362 88.127250015735626 10.550647915340958 46.832446325570345 534.97228721668944 4128.9593868358061 370.75637865951285 237.90467151999474 28.466475069522858 164.42390946205705 7.1463371440768242 40.70840900298208 105.64169174432755
leaf_count=46 188 655 432 92 212 2844 21021 2399 479 64 1782 66 318 230
internal_value=-0.000176101 -0.000103311 -0.000726945 0.00163199 -3.86814e-05 -0.000516263 2.35068e-05 -0.000867666 -0.000808162 -0.00103867 -0.000356843 0.00118361 -0.000533024 -0.00116952
internal_weight=5915.5 5323.76 480.357 21.4732 4843.4 581.805 4261.59 458.884 591.744 372.013 219.731 14.5989 205.132 343.546
internal_count=30828 27843 3111 280 24732 3056 21676 2831 2985 773 2212 112 2100 709
is_linear=0
shrinkage=0.01444


Tree=282
num_leaves=13
num_cat=0
split_feature=17 22 16 6 27 18 23 23 28 23 8 27
split_gain=1.14995 0.787462 0.720957 1.08509 0.76323 0.675876 0.802283 0.434732 0.20726 0.273865 0.434697 0.343202
threshold=0.7091153986949339 0.023799800162284283 1.2333466345025632 1.8119529412284596 0.0022332274004945273 -0.043662552816705107 0.016615629436988442 0.012055865673479523 0.040800000000000038 0.073709806786430646 0.53358217966515109 0.52589485704197181
decision_type=8 8 10 8 8 8 10 10 8 10 10 10
left_child=8 5 4 -4 -3 6 -2 -7 9 11 -11 -1
right_child=1 2 3 -5 -6 7 -8 -9 -10 10 -12 -13
leaf_value=-0.00020214111523379465 -4.5428709843888258e-05 -0.00040632514398643608 0.0001128585937739098 -4.824156617572148e-05 3.5931960229440419e-06 -2.1334372465844287e-07 0.00016326911491744536 -0.00017158532415367079 -0.00050725644807891315 0.00062138724180490026 -3.9958122995504561e-05 -8.3520691804368332e-06
leaf_weight=216.07474743947387 10.922565286047758 132.63464224571362 46.832446325570345 534.97228721668944 4128.9593868358061 116.48568033613265 10.550647915340958 342.39794833911583 138.66136943269521 51.855848714709282 48.052999299950898 137.09911236912012
leaf_count=1060 188 655 212 2844 21021 1146 92 1685 552 316 162 895
internal_value=-0.00016687 -9.68902e-05 -3.86704e-05 -0.000516263 2.35192e-05 -0.00065597 0.00163199 -0.000793374 -0.000773671 -0.000569565 0 -0.000759912
internal_weight=5915.5 5323.76 4843.4 581.805 4261.59 480.357 21.4732 458.884 591.744 453.083 99.9088 353.174
internal_count=30828 27843 24732 3056 21676 3111 280 2831 2985 2433 478 1955
is_linear=0
shrinkage=0.01444


Tree=283
num_leaves=15
num_cat=0
split_feature=17 22 19 18 27 18 23 19 28 10 27 18 33 12
split_gain=1.06807 0.824819 0.859571 2.10022 0.672612 0.532695 0.619907 0.443336 0.272381 0.646171 0.147507 0.189885 0.169284 0.0332087
threshold=0.7091153986949339 0.023799800162284283 0.018308165554897522 0.0050568270819674197 0.0022332274004945273 -0.043662552816705107 0.016615629436988442 0.0088578494548245141 -0.083850000000000022 0.27788812535029023 0.40925356278483488 0.031405261800766422 0.0030308381064733107 0.18868555336815843
decision_type=8 8 8 8 8 8 10 10 8 10 10 10 10 10
left_child=8 5 3 -3 -4 6 -2 -7 9 -1 12 -12 -10 -11
right_child=1 2 4 -5 -6 7 -8 -9 10 13 11 -13 -14 -15
leaf_value=0.00073723190311394515 -4.4772720062413366e-05 7.0381262100694612e-05 -0.00040045781596133149 -8.2833401136152803e-05 -2.5189162724751223e-06 1.6348236457512669e-06 0.00016091151173249179 -0.00012761159504745239 3.9373279845597776e-05 -0.00062512097586012064 -0.0001498715449419989 4.05770841840529e-06 -0.00020523513490332666 0.00020043175493040743
leaf_weight=10.050552038475869 10.922565286047758 57.949834086000919 138.72775928303599 45.387566022574902 4601.3336032321677 38.776291412767023 10.550647915340958 420.10733726248145 17.957469837740064 22.891673682257533 173.63805950060487 75.766963673755527 280.12034047674388 11.319018046371637
leaf_count=82 188 254 785 204 23489 648 92 2183 252 82 909 454 1122 84
internal_value=-0.000165948 -9.83835e-05 -3.88695e-05 0.0012539 -6.99583e-05 -0.000670498 0.00131485 -0.000793374 -0.000751037 0.000103232 -0.000844022 -0.000479833 -0.00110345 -0.000538298
internal_weight=5915.5 5323.76 4843.4 103.337 4740.06 480.357 21.4732 458.884 591.744 44.2612 547.483 249.405 298.078 34.2107
internal_count=30828 27843 24732 458 24274 3111 280 2831 2985 248 2737 1363 1374 166
is_linear=0
shrinkage=0.01444


Tree=284
num_leaves=13
num_cat=0
split_feature=17 16 37 7 10 6 23 16 4 7 18 10
split_gain=1.27691 0.853208 0.810545 1.24812 1.22526 0.688405 0.406794 0.203081 0.256305 0.232886 0.157581 0.121841
threshold=0.7091153986949339 1.2333466345025632 1.0000000180025095e-35 0.64181387998260819 0.32945417800255861 0.27074135579668462 0.026341683945632913 0.60968775943710207 0.21478217383670503 0.22096397593127393 0.020385146779905331 0.17457048133936356
decision_type=8 8 2 10 10 8 10 10 10 10 10 10
left_child=7 2 3 -2 -4 -3 -7 9 11 -1 -10 -9
right_child=1 5 4 -5 -6 6 -8 8 10 -11 -12 -13
leaf_value=-0.00058194126969483948 5.9846081999689846e-06 0.00022571037001151411 -7.4670758867319259e-05 0.00088589698906628444 3.0714817399624763e-05 6.7576396015713211e-07 -5.1719357017578015e-05 -6.0673229393699558e-06 -0.00032352478081245387 0.00079046626388332608 0.0016085429621039685 -0.00015467333861573498
leaf_weight=14.772973258048298 2343.0620115902275 9.8363147834315878 1365.0320796817541 22.137412847951055 673.48954028170556 196.37915276782587 713.819092547521 47.30962741933763 12.540517421439292 11.219648990780113 14.853030102327464 491.04828006401658
leaf_count=68 11366 50 7438 64 2941 2430 3554 334 78 72 72 2361
internal_value=-0.000162451 -8.89088e-05 -2.33549e-06 0.000176493 -0.000216233 -0.000488818 -0.000542972 -0.000801287 -0.000863805 5.59526e-05 0.000140173 -0.000939274
internal_weight=5915.5 5323.76 4403.72 2365.2 2038.52 920.035 910.198 591.744 565.751 25.9926 27.3935 538.358
internal_count=30828 27843 21809 11430 10379 6034 5984 2985 2845 140 150 2695
is_linear=0
shrinkage=0.01444


Tree=285
num_leaves=15
num_cat=0
split_feature=36 20 28 20 7 24 7 8 35 35 24 30 16 26
split_gain=0.854249 0.836408 0.900329 1.20716 0.758319 1.75924 0.653579 1.03707 0.814686 0.617118 1.39567 0.607604 0.532311 0.0662526
threshold=1.0000000180025095e-35 0.047798360384222811 -0.00054999999999999483 0.051571230996888047 0.6164947115598729 11.500000000000002 0.34388159176704797 0.35051242508256242 3.0645584372525447 6.5444079719934471 11.500000000000002 15.795000000000002 0.98473107782434466 0.68566075697469298
decision_type=2 8 8 10 10 2 8 10 2 2 2 8 10 10
left_child=1 9 11 -4 6 13 7 -2 -8 12 -11 -3 -1 -6
right_child=4 2 3 -5 5 -7 8 -9 -10 10 -12 -13 -14 -15
leaf_value=-3.7464448629069453e-05 6.7561227693732126e-07 0.00027417946664408594 0.00094817275554502796 1.1212473872529106e-05 -0.00059933094926022958 0.00087310465192389484 0.00016556834418089299 0.00060043155221599961 -7.8666588191904317e-05 -0.00013264771473669773 0.00041746864581850598 -0.0002050538081325372 -9.8909792644522146e-05 0.00013052648897809706
leaf_weight=675.01192933320999 1911.4790671216324 70.796322287991643 63.554641414899379 868.33844879735261 31.033335123211145 27.060493469238281 141.05775028257631 156.65617570653558 589.30747455451638 31.838231137022376 24.73102855682373 480.06823836290278 832.70006790105253 11.866477707400916
leaf_count=4265 10267 838 736 4147 144 36 750 812 2511 208 36 2362 3654 62
internal_value=-0.000162349 -0.000330868 -7.47998e-05 0.00018842 1.21272e-05 0.00149384 -2.0527e-05 0.000105659 -0.000395559 -0.000565113 0.000813094 -0.000543567 -0.000625783 -4.31944e-05
internal_weight=5915.5 3047.04 1482.76 931.893 2868.46 69.9603 2798.5 2068.14 730.365 1564.28 56.5693 550.865 1507.71 42.8998
internal_count=30828 16246 8083 4883 14582 242 14340 11079 3261 8163 244 3200 7919 206
is_linear=0
shrinkage=0.01444


Tree=286
num_leaves=15
num_cat=0
split_feature=17 27 20 27 7 21 31 8 35 31 16 16 21 1
split_gain=1.16828 0.792452 0.931969 0.832044 0.800551 0.63137 0.543787 0.369411 0.325554 0.573425 0.158988 0.155891 0.12833 0.0583681
threshold=0.7091153986949339 0.56606393494717722 0.13400329748526446 0.0022332274004945273 0.21030227905456669 0.080001036651413435 -6.4699999999999989 0.40253035720106184 4.4403544598720677 0.43000000000000155 1.1055688008521116 0.71681825823448453 0.0092952771143661791 0.21366910866910868
decision_type=8 10 10 8 10 10 10 10 2 10 10 10 8 2
left_child=7 3 6 10 -5 -4 -3 12 11 -10 -2 -9 -1 -14
right_child=1 2 5 4 -6 -7 -8 8 9 -11 -12 -13 13 -15
leaf_value=9.8608088489511761e-06 -0.00039422064370176244 0.00044200360934691565 -0.00049378434970150553 -3.9935376491957276e-05 8.1194122063180644e-06 0.00088393797566565775 -0.00013464784511474896 0.00026810334564414319 0.0016623843895404945 -6.8065934583059212e-06 4.2563929711878602e-05 -0.00026159266210355845 -0.00028377764986650244 -0.00059524200817112508
leaf_weight=20.527270449325442 140.08323257090524 83.4520660454873 13.589451394975187 1356.2818570218515 2978.5019775368273 13.119044946506618 727.6747285136953 25.052588690072298 14.014100834727286 59.103787278756499 11.053246470168231 128.26385675091296 334.0882675005123 10.694205751642583
leaf_count=108 714 602 74 9424 12955 38 3814 170 72 264 222 567 1756 48
internal_value=-0.000173419 -0.000102887 -0.000511193 -2.36554e-05 1.0142e-05 0.00200713 -0.000611563 -0.000785181 -0.000247195 0.000442338 -0.00107579 -0.000661526 -0.00108198 -0.00114794
internal_weight=5915.5 5323.76 837.835 4485.92 4334.78 26.7085 811.127 591.744 226.434 73.1179 151.136 153.316 365.31 344.782
internal_count=30828 27843 4528 23315 22379 112 4416 2985 1073 336 936 737 1912 1804
is_linear=0
shrinkage=0.01444


Tree=287
num_leaves=15
num_cat=0
split_feature=17 37 35 4 33 35 22 17 8 11 11 35 28 27
split_gain=1.00504 0.829379 1.05048 1.20598 0.833721 1.25334 0.887075 0.652171 0.253696 0.335746 0.356531 0.298656 0.260783 0.0242827
threshold=0.7091153986949339 1.0000000180025095e-35 1.7850578125684964 0.059039972232384517 0.011877451648398598 4.3546554048693595 0.068187013184140208 1.379297909658362 0.37213132490807016 0.39437221202344092 0.35505198813711253 4.4403544598720677 -0.093399999999999997 0.86297535426168215
decision_type=8 2 2 10 10 2 8 10 10 10 10 2 8 10
left_child=8 4 3 -3 5 -2 -6 -4 12 10 -10 -11 -1 -14
right_child=1 2 7 -5 6 -7 -8 -9 9 11 -12 -13 13 -15
leaf_value=4.2731124095023563e-07 1.5894787782624681e-05 0.0012914028243764758 -4.2221360980901903e-05 -0.000431213229109994 4.4919838005132223e-07 -0.00032268648199016103 0.00028312737318703215 9.2613418238475271e-06 -0.00028963490808785755 -0.00025781526860419569 0.00065581008761188579 1.0256962032489157e-06 -0.00019867430214865419 -0.00025262246829771715
leaf_weight=12.259809104725717 330.33335397695191 12.342501237522812 2093.6407820770983 8.9997789897024614 1436.7887211190537 379.80191746447235 644.59132430236787 417.25722533324733 11.362950120121242 171.13771519903094 10.910168860107659 81.728577291592956 288.82979563903064 15.51506104134023
leaf_count=90 2485 86 11324 46 7015 2154 2688 2045 50 771 72 368 1496 138
internal_value=-0.000165143 -9.95018e-05 -0.000289718 0.00279899 6.8382e-05 -0.000351702 0.000218052 -0.000321798 -0.000732951 -0.000336193 0.00117842 -0.000523555 -0.00103528 -0.00113485
internal_weight=5915.5 5323.76 2532.24 21.3423 2791.52 710.135 2081.38 2510.9 591.744 275.139 22.2731 252.866 316.605 304.345
internal_count=30828 27843 13501 132 14342 4639 9703 13369 2985 1261 122 1139 1724 1634
is_linear=0
shrinkage=0.01444


Tree=288
num_leaves=16
num_cat=0
split_feature=17 36 23 26 9 18 28 25 23 35 9 28 26 12 28
split_gain=1.01547 0.794666 1.08441 1.76793 1.0656 2.13722 0.940187 0.838275 0.277266 0.368381 0.322229 0.181428 0.124958 0.129634 0.113675
threshold=0.7091153986949339 1.0000000180025095e-35 0.097245474545194402 0.51170334000415274 0.53073637910281446 0.0027660885828446617 0.070450000000000026 0.45644742195682708 0.048303150734282464 4.5681949014092877 0.5227476057905095 -0.031949999999999999 0.53682541538978168 0.13407263066309114 -0.093399999999999997
decision_type=8 2 8 10 10 10 10 10 10 2 10 8 10 10 8
left_child=8 2 6 -4 7 -6 -2 -3 12 11 -11 -10 14 -14 -1
right_child=1 4 3 -5 5 -7 -8 -9 9 10 -12 -13 13 -15 -16
leaf_value=4.2114087404935276e-07 -6.0200009296788003e-05 1.0392680339893105e-05 0.00052498337656856477 -3.6128836700433612e-05 -0.00042217288073474437 0.00088593186282560205 0.00038551115894508165 -2.1646774854914348e-05 1.8610152504522241e-05 -3.2630031656810622e-06 0.0004601131810431116 -0.0003863008639898635 -0.00038507825787703989 0.00029061391575784862 -0.0001928204391955731
leaf_weight=13.592179289087651 2196.1706317127682 886.16720586852171 108.21005085669458 263.1898518030066 31.642289815470576 31.65036176610738 137.98808323312551 1668.7371294447221 52.425516842864454 76.584136666730046 13.782625228166578 145.72290865890682 39.826047070324421 15.285068545490502 234.5255949543789
leaf_count=96 11319 4753 1238 1092 112 130 786 8413 260 396 60 598 285 116 1174
internal_value=-0.000167542 -0.000101569 -0.000276137 0.000431511 7.38445e-05 0.00191916 -0.000394417 2.26e-05 -0.000738326 -0.00034577 0.000322052 -0.000716264 -0.00106742 -0.000131997 -0.00122179
internal_weight=5915.5 5323.76 2705.56 371.4 2618.2 63.2927 2334.16 2554.9 591.744 288.515 90.3668 198.148 303.229 55.1111 248.118
internal_count=30828 27843 14435 2330 13408 242 12105 13166 2985 1314 456 858 1671 401 1270
is_linear=0
shrinkage=0.01444


Tree=289
num_leaves=15
num_cat=0
split_feature=17 37 9 18 38 23 21 30 24 9 35 26 35 35
split_gain=0.991203 0.932415 0.850591 2.39268 0.918295 0.758397 1.30714 0.784566 0.254938 0.272674 0.263312 0.23078 0.106072 0.0726685
threshold=0.7091153986949339 1.0000000180025095e-35 0.53073637910281446 0.0027660885828446617 7.5000000000000009 0.097245474545194402 0.15281661030690466 19.440000000000001 9.5000000000000018 0.4473126472362195 4.4403544598720677 0.20047125496467152 5.3288223156361374 4.5681949014092877
decision_type=8 2 10 10 2 8 10 8 2 8 2 8 2 2
left_child=8 2 4 -4 -2 7 -7 -3 9 12 -11 -10 -1 -13
right_child=1 5 3 -5 -6 6 -8 -9 11 10 -12 13 -14 -15
leaf_value=-0.0002859714818074018 -1.3245151709293827e-05 -8.0669153275805733e-06 -0.0004827479985618247 0.00085429273157034335 5.5790864272157212e-05 1.0874974976488646e-05 0.00053093020832626963 -0.0002179935344194876 4.1505960713935525e-07 -2.1696198474108585e-05 0.00045346915469670273 -0.00037804879153559263 2.4358562273844404e-07 -6.675999693238049e-06
leaf_weight=134.76780525036156 1827.147062441567 1479.8296467089094 38.650083776563406 33.909983213059604 891.80818743165582 334.17316766805016 21.734376071952283 696.50309718865901 36.478154897689819 43.169152242131531 15.39378549158573 234.28565242886543 26.400495938025415 101.24903100728989
leaf_count=1504 9066 8015 144 152 4980 2042 148 3296 86 356 100 465 252 222
internal_value=-0.000178197 -0.000112932 6.5213e-05 0.00160458 1.89987e-05 -0.000314457 0.000281551 -0.000417986 -0.000742608 -0.000264735 0.000457359 -0.000988912 -0.000608736 -0.00110782
internal_weight=5915.5 5323.76 2791.52 72.5601 2718.96 2532.24 355.908 2176.33 591.744 219.731 58.5629 372.013 161.168 335.535
internal_count=30828 27843 14342 296 14046 13501 2190 11311 2985 2212 456 773 1756 687
is_linear=0
shrinkage=0.01444


Tree=290
num_leaves=16
num_cat=0
split_feature=17 34 35 33 24 35 33 26 9 16 16 24 28 18 35
split_gain=0.928512 0.965963 0.859284 1.12622 1.06441 0.57262 0.831859 0.547276 0.237692 0.566751 0.408679 0.315637 0.244992 0.119588 0.062125
threshold=0.7091153986949339 0.032758122151732467 5.3816699155506251 0.053805233680929716 11.500000000000002 5.5372551486009192 0.020061510252349927 0.27220907263909155 0.34483924659434212 1.1563399528528178 1.4039147729611445 9.5000000000000018 -0.067849999999999952 0.020385146779905331 4.9057561433596852
decision_type=8 10 2 10 2 2 10 10 10 10 10 2 8 10 2
left_child=8 2 4 -4 -2 7 -7 -3 12 11 -11 -10 13 -1 -14
right_child=1 5 3 -5 -6 6 -8 -9 9 10 -12 -13 14 -15 -16
leaf_value=-0.00060344295365087662 -7.4480319067435374e-06 1.5315835959844633e-05 -0.00013941745862148012 8.7008784480565409e-06 1.5133655767314507e-05 -0.00058140496349520397 0.00027268125823534455 -0.00010461037627659189 -1.8190417947262828e-05 0.0015982261475466788 -0.00042793095488633312 -0.00032448197966826627 -0.00028077282115648861 0.00071463431837860637 -6.1891343967053686e-05
leaf_weight=10.728713034652175 2718.6014551392291 77.20091275498271 586.46656470024027 290.31620182469487 1147.4327747523785 41.198220893740654 29.888706818223 432.65076761692762 107.37927494291216 17.182714451104406 13.356963053345678 121.87703433632851 249.04695402178913 9.9384825769811851 62.233940838836133
leaf_count=74 20596 178 2260 1698 1649 126 46 1290 766 58 82 241 1260 74 430
internal_value=-0.000159507 -9.63e-05 -2.53151e-05 -0.000435263 6.4321e-05 -0.000652733 0.000444218 -0.000831643 -0.000705432 -0.00029995 0.00141353 -0.000588039 -0.000982375 3.90935e-05 -0.00109212
internal_weight=5915.5 5323.76 4742.82 876.783 3866.03 580.939 71.0869 509.852 591.744 259.796 30.5397 229.256 331.948 20.6672 311.281
internal_count=30828 27843 26203 3958 22245 1640 172 1468 2985 1147 140 1007 1838 148 1690
is_linear=0
shrinkage=0.01444


Tree=291
num_leaves=14
num_cat=0
split_feature=17 34 35 27 26 35 5 26 10 16 16 11 32
split_gain=1.44255 0.861102 0.865504 1.32361 1.00676 0.536868 1.2955 0.506493 0.18284 0.234847 0.333205 0.0642804 0.0171489
threshold=0.7091153986949339 0.032758122151732467 5.3816699155506251 0.076851917739984343 0.32297844984728219 5.5372551486009192 0.18221401225918418 0.27220907263909155 0.70575970242821673 0.95020808294061632 0.90808275086328893 0.79513029228391607 0.5283641160949869
decision_type=8 10 2 10 10 2 10 10 10 10 10 10 10
left_child=8 2 4 -4 -2 7 -7 -3 9 10 -1 -10 -11
right_child=1 5 3 -5 -6 6 -8 -9 11 12 -12 -13 -14
leaf_value=-0.00015802068978350701 -2.4762656386344476e-05 1.5094675554477e-05 3.0445170235122847e-05 -9.6069773078107543e-05 2.4173678260165684e-05 -0.00031866222358067464 0.00026874374560034394 -0.0001030998042592596 0.0015751477897223136 -0.00015575756459669941 2.6460734570614613e-05 -0.00018250884778993654 -0.00013854793653219128
leaf_weight=232.9880152111873 1424.3402397497557 77.20091275498271 107.49210355710238 769.29066296783276 2441.6939901418518 47.469688847661018 23.617238864302635 432.65076761692762 12.08556520752609 53.595773697830737 39.113370642997324 13.157563219778238 240.80378927662969
leaf_count=1399 7796 178 588 3370 14449 106 66 1290 66 416 192 76 836
internal_value=-0.000168955 -9.09748e-05 -2.3793e-05 -0.000435263 6.61883e-05 -0.000616391 0.000444218 -0.000790239 -0.000847679 -0.000904311 -0.000507941 0 -0.00122463
internal_weight=5915.5 5323.76 4742.82 876.783 3866.03 580.939 71.0869 509.852 591.744 566.501 272.101 25.2431 294.4
internal_count=30828 27843 26203 3958 22245 1640 172 1468 2985 2843 1591 142 1252
is_linear=0
shrinkage=0.01444


Tree=292
num_leaves=15
num_cat=0
split_feature=17 37 33 35 28 32 20 7 23 38 23 35 26 26
split_gain=1.35564 0.803632 0.865646 1.25334 0.899351 0.78091 1.18435 1.01657 0.283897 0.308919 0.337578 0.225001 0.121461 0.0976352
threshold=0.7091153986949339 1.0000000180025095e-35 0.011877451648398598 4.3546554048693595 -0.038699999999999977 0.80408970976253313 0.17752023302567727 0.26834961340942814 0.048303150734282464 4.5000000000000009 0.054523745066335901 5.0119675176991736 0.59438869211596501 0.70496652430756657
decision_type=8 2 10 2 10 10 10 8 10 2 10 2 10 10
left_child=8 2 3 -2 -4 7 -7 -3 12 11 -11 -10 -1 -14
right_child=1 5 4 -5 -6 6 -8 -9 9 10 -12 -13 13 -15
leaf_value=-0.0001731284044293381 1.6308148738602086e-05 -6.3763546458704898e-05 -0.00016310633576488112 -0.00031412262444088551 1.5019493551214634e-05 -0.00019637947424942367 0.00056772469015819364 1.3513812952649071e-05 -0.00023608789467485377 0.0016454429464908599 -3.3009160571911943e-05 1.2064502211146205e-07 0.00034872529893662917 -0.00036905214060559865
leaf_weight=269.43341809976846 330.33335397695191 899.22248634323478 254.13043313380331 379.80191746447235 1827.2496122876182 650.22588345967233 17.93298408202827 964.85893375263549 130.01268714293838 21.619302041828632 117.72736705746502 19.155831154435873 12.073061997070907 21.722409762442112
leaf_count=1377 2485 5562 1091 2154 8612 2986 46 4907 358 166 704 86 128 166
internal_value=-0.000164722 -8.90394e-05 7.62757e-05 -0.000351702 0.000228638 -0.000276426 -0.000703817 -0.000116048 -0.000822794 -0.000421475 0 -0.000879308 -0.00116007 0
internal_weight=5915.5 5323.76 2791.52 710.135 2081.38 2532.24 668.159 1864.08 591.744 288.515 139.347 149.169 303.229 33.7955
internal_count=30828 27843 14342 4639 9703 13501 3032 10469 2985 1314 870 444 1671 294
is_linear=0
shrinkage=0.01444


Tree=293
num_leaves=15
num_cat=0
split_feature=17 16 6 34 27 7 33 35 38 31 20 4 9 28
split_gain=1.29009 0.863867 0.892213 1.71409 0.802121 0.78256 0.304412 0.20263 0.260657 0.2339 0.410934 0.223 0.140471 0.00218409
threshold=0.7091153986949339 1.2333466345025632 1.8119529412284596 -0.030417158266820784 0.0022332274004945273 0.21030227905456669 -0.089167262209483608 5.7188347252648075 3.5000000000000004 0.40000000000000041 0.066644571531428734 0.21478217383670503 0.16675491778581278 -0.033400000000000034
decision_type=8 10 8 8 8 10 10 2 2 10 8 10 8 10
left_child=7 4 3 -3 12 -6 -4 9 -9 10 -1 -11 -2 -10
right_child=1 2 6 -5 5 -7 -8 8 13 11 -12 -13 -14 -15
leaf_value=-0.00021888387531726296 4.4930622515412819e-05 0.00020125400735124482 5.0323834255591467e-05 -0.00031164828769948325 -4.0465106938011966e-05 8.8917944283427949e-06 -8.0460642484078999e-05 1.4288481994524401e-06 -5.0518788744581204e-06 -0.00018138475846570716 0.00070440957038549396 4.9992218857657934e-07 -0.00038779352484328308 -0.00024749908440776087
leaf_weight=97.94734925031662 11.273689128458498 16.333691697567701 78.101177125237882 37.959521736949682 1479.1750794909894 3050.3244159044698 517.03149984404445 8.5013623535633105 8.7290720045566594 399.35182682052255 39.67594891320914 23.005478361621499 133.55652957269922 14.533039552159604
leaf_count=673 86 72 1834 184 9866 13445 1716 22 56 1670 316 110 640 138
internal_value=-0.000156902 -8.3018e-05 -0.000576733 0.00109261 -1.15632e-05 1.94871e-05 -0.000751879 -0.000798813 0 -0.000865816 -0.000216992 -0.00104571 -0.00106905 -0.000388622
internal_weight=5915.5 5323.76 649.426 54.2932 4674.33 4529.5 595.133 591.744 31.7635 559.981 137.623 422.357 144.83 23.2621
internal_count=30828 27843 3806 256 24037 23311 3550 2985 216 2769 989 1780 726 194
is_linear=0
shrinkage=0.01444


Tree=294
num_leaves=15
num_cat=0
split_feature=17 34 8 9 28 21 37 21 24 9 8 26 38 20
split_gain=1.29617 0.87128 0.711655 1.59977 0.710694 1.22353 0.738237 0.330136 0.233842 0.27606 0.373973 0.253558 0.104126 0.0338955
threshold=0.7091153986949339 0.032758122151732467 0.27863076177573431 0.26513910301175486 0.066499999999999962 0.1205845697982945 1.0000000180025095e-35 0.10230886473514715 9.5000000000000018 0.4612562063946774 0.61119887711725063 0.20047125496467152 1.5000000000000002 0.07160959282899497
decision_type=8 10 10 10 10 8 2 10 2 10 10 8 2 10
left_child=8 4 3 -3 6 -6 -2 -4 9 12 -11 -10 -1 -13
right_child=1 2 7 -5 5 -7 -8 -9 11 10 -12 13 -14 -15
leaf_value=9.8270366892248688e-08 4.1609817910909868e-06 -3.9880791496326648e-05 -8.8974345819224391e-05 0.00074194510389087023 0.00016318235461094293 0.0012664135678843113 -2.8080858509612832e-05 0.00082116987241727575 4.9270332085249719e-07 0.00059288429078852315 -6.151917941002444e-05 -0.00017876556570241549 -0.00027115637498091751 -0.00017384512533255529
leaf_weight=8.5958081241697055 2377.1048041668255 146.892174012959 387.47559532895684 22.844086363911629 326.00119904987514 21.637637620558962 2018.0733555792831 23.726752378046513 36.478154897689819 17.1916613727808 35.520657618530095 238.13725459575653 158.42311180662364 97.397428840398788
leaf_count=72 12708 416 1070 76 1532 274 11689 78 86 146 256 503 1738 184
internal_value=-0.000156922 -8.28711e-05 -0.000611052 0.000108445 -1.53514e-05 0.000608939 -6.77788e-05 -0.000939583 -0.000800328 -0.00033139 0.000438714 -0.00104126 -0.000653209 -0.00116585
internal_weight=5915.5 5323.76 580.939 169.736 4742.82 347.639 4395.18 411.202 591.744 219.731 52.7123 372.013 167.019 335.535
internal_count=30828 27843 1640 492 26203 1806 24397 1148 2985 2212 402 773 1810 687
is_linear=0
shrinkage=0.01444


Tree=295
num_leaves=12
num_cat=0
split_feature=17 27 27 17 19 18 28 21 21 28 16
split_gain=1.11943 0.820203 0.858204 0.765369 0.61917 0.524137 0.271073 0.325229 0.44557 0.176684 0.158988
threshold=0.7091153986949339 0.56606393494717722 0.0022332274004945273 0.77141331328542473 0.14285714285714288 0.10222951788786951 0.038550000000000008 0.03770239227689532 0.045134573997440801 0.014600000000000031 1.1055688008521116
decision_type=8 10 8 8 10 8 8 10 10 10 10
left_child=6 2 10 -4 5 -3 7 9 -9 -1 -2
right_child=1 4 3 -5 -6 -7 -8 8 -10 -11 -12
leaf_value=-0.00020623601492024995 -0.00038225387758171128 -0.00013044314732707106 0.00015019705010207405 -1.392520545947362e-06 0.00080931219371559453 0.00056044613795914263 -0.00040408938412183205 0.00041263144698888281 -7.7629431259378589e-05 4.8558869345305168e-07 4.4687312215691507e-05
leaf_weight=207.6106123290956 140.08323257090524 734.43774869898334 252.32805698318407 4082.4557775754947 24.729328941553831 78.668213260127231 149.32769994903356 43.227679623290896 155.61794546525925 35.960139889270067 11.053246470168231
leaf_count=1233 714 4024 1202 21177 76 428 572 200 730 250 222
internal_value=-0.000155322 -8.62757e-05 -5.8328e-06 2.85859e-05 -0.000501077 -0.00058188 -0.000753751 -0.000522333 -1.86157e-05 -0.000878953 -0.00107579
internal_weight=5915.5 5323.76 4485.92 4334.78 837.835 813.106 591.744 442.416 198.846 243.571 151.136
internal_count=30828 27843 23315 22379 4528 4452 2985 2413 930 1483 936
is_linear=0
shrinkage=0.01444


Tree=296
num_leaves=16
num_cat=0
split_feature=17 34 27 27 20 11 26 27 9 4 26 16 16 11 9
split_gain=1.03249 0.740367 0.704437 0.794787 0.697183 0.95318 0.559972 0.238727 0.324639 0.195442 0.365179 0.236039 0.168052 0.139536 0.0969443
threshold=0.7091153986949339 0.032758122151732467 0.0022332274004945273 0.51288164558940941 0.057787891526887465 0.22981490318316075 0.15728353771832035 0.94135551221020375 0.4473126472362195 0.21478217383670503 0.20047125496467152 0.61941167342969439 1.0961285275527393 0.82285939857288015 0.2782524686690403
decision_type=8 10 8 10 10 10 10 10 10 10 8 10 8 10 10
left_child=7 2 12 -4 6 -6 -3 9 14 11 -11 -1 -2 -10 -9
right_child=1 4 3 -5 5 -7 -8 8 13 10 -12 -13 -14 -15 -16
leaf_value=0.00059512831598872412 -0.00037408305726788064 1.8180013452595915e-05 2.897392841370035e-06 -7.9771545788262044e-05 0.00073125153744382743 -1.7306832711430493e-05 -0.00020981371475353489 6.3454599072890774e-05 0.00037174440379800217 0.0015469066102637744 -0.00035629329192067859 -0.0001452734177810532 4.4042028203096796e-05 0.000602540526797678 -0.00030759698736861481
leaf_weight=14.381711408495901 125.87545611243695 20.198239266872406 3823.9817139457446 781.9776570845861 22.008359134197235 217.84894793853164 320.88306174427271 10.885751741006969 9.1063174754381198 11.338113769888876 21.36707467213273 472.1930314861238 10.982169273775069 11.474782712757586 40.997293990105391
leaf_count=96 602 54 20715 4576 64 682 840 94 42 44 120 2231 310 86 272
internal_value=-0.000146593 -8.01816e-05 -1.77e-05 9.88205e-06 -0.000567267 0 -0.000986525 -0.000721338 0 -0.00082983 0 -0.000904714 -0.00103753 0.00156428 -0.000551835
internal_weight=5915.5 5323.76 4742.82 4605.96 580.939 239.857 341.081 591.744 72.4641 519.28 32.7052 486.575 136.858 20.5811 51.883
internal_count=30828 27843 26203 25291 1640 746 894 2985 494 2491 164 2327 912 128 366
is_linear=0
shrinkage=0.01444


Tree=297
num_leaves=14
num_cat=0
split_feature=17 27 16 6 5 28 11 38 8 16 18 12 8
split_gain=1.22577 0.742676 0.763167 0.899376 0.791466 0.28526 0.564471 0.189254 0.279947 0.158988 0.0405486 0.0310938 0.0163977
threshold=0.7091153986949339 0.0022332274004945273 1.2333466345025632 1.8119529412284596 -0.028256143401958051 -0.083850000000000022 0.38458976619731361 4.5000000000000009 0.37903696823108984 1.1055688008521116 -0.04094996353534696 0.21223543140244597 0.23322582083745583
decision_type=8 8 10 8 10 8 10 2 10 10 10 10 8
left_child=5 9 4 -4 -3 6 -1 10 -9 -2 -7 -8 -11
right_child=1 2 3 -5 -6 7 11 8 -10 12 -12 -13 -14
leaf_value=0.0006289118212394598 -0.00037133238537296703 1.2731784105500119e-05 0.00010972067736400641 -4.4302875307062858e-05 -1.4142508757676392e-06 -0.00042935195998868004 -0.00071375721144632158 -0.00017976935084375512 2.3599526136237532e-06 5.2216114942714116e-05 -0.00011402506081403588 0.00016226537755785467 -0.00075142405199138255
leaf_weight=10.875064140185712 140.08323257090524 155.07415413623676 51.673631489276886 591.44599857460707 4374.4253412592225 19.827654773369431 22.038898965343833 161.31714106258005 116.31683375313878 4.6894878516904983 250.02120389975607 11.347280661575494 6.3637586184777328
leaf_count=84 714 730 248 3348 22581 104 80 1166 688 192 779 84 30
internal_value=-0.00014815 -7.60798e-05 -4.42267e-05 -0.000510266 1.91085e-05 -0.000773767 0.000105034 -0.000868735 -0.000511773 -0.00107579 -0.00118577 -0.000516297 0
internal_weight=5915.5 5323.76 5172.62 643.12 4529.5 591.744 44.2612 547.483 277.634 151.136 269.849 33.3862 11.0532
internal_count=30828 27843 26907 3596 23311 2985 248 2737 1854 936 883 164 222
is_linear=0
shrinkage=0.01444


Tree=298
num_leaves=15
num_cat=0
split_feature=17 27 16 5 21 23 31 16 16 16 24 18 24 10
split_gain=1.20043 0.742676 0.763167 0.791466 0.778607 0.283132 0.356702 0.287501 0.23265 0.158988 0.108231 0.0787686 0.0243425 0.0163854
threshold=0.7091153986949339 0.0022332274004945273 1.2333466345025632 -0.028256143401958051 0.15281661030690466 0.048303150734282464 0.31000000000000055 0.87827695900061464 1.1563399528528178 1.1055688008521116 7.5000000000000009 0.078671485423858614 7.5000000000000009 0.2910083342190391
decision_type=8 8 10 10 8 10 8 10 10 10 2 8 2 8
left_child=5 9 3 -3 -4 11 7 -7 -8 10 -2 12 -1 -11
right_child=1 2 4 -5 -6 6 8 -9 -10 13 -12 -13 -14 -15
leaf_value=-0.00033561564267669516 0.00010068405740595529 1.2547937364048395e-05 -4.3188735065029773e-05 -1.393829117673807e-06 0.00017845481803833573 -5.2732131879930996e-05 -0.00019684235230678089 0.0015821577064420507 2.9371432534030223e-07 5.1462115149445829e-05 -0.0003943924602157889 2.6448445807335801e-06 -0.00017131896086813652 -0.00074057350172582019
leaf_weight=28.058124030940235 11.194196392316369 155.07415413623676 626.05283935274929 4374.4253412592225 17.066790711134672 42.130028589628637 179.99439258500934 28.48161937482655 37.909146847203374 4.6903461101464901 128.88903617858887 9.0488755963742715 266.12189023196697 6.3629003600217411
leaf_count=678 462 730 2410 22581 1186 250 686 176 202 192 252 74 919 30
internal_value=-0.000147433 -7.60798e-05 -4.42267e-05 1.91085e-05 -0.000510266 -0.000766603 -0.000369289 0.000411172 -0.000682524 -0.00107579 -0.00121819 -0.00110018 -0.00114161 0
internal_weight=5915.5 5323.76 5172.62 4529.5 643.12 591.744 288.515 70.6116 217.904 151.136 140.083 303.229 294.18 11.0532
internal_count=30828 27843 26907 23311 3596 2985 1314 426 888 936 714 1671 1597 222
is_linear=0
shrinkage=0.01444


Tree=299
num_leaves=15
num_cat=0
split_feature=17 27 16 6 5 23 35 25 16 16 24 18 24 8
split_gain=1.10554 0.742676 0.763167 0.899376 0.791466 0.316967 0.35091 0.351171 0.290168 0.158988 0.108231 0.0771395 0.02264 0.0163977
threshold=0.7091153986949339 0.0022332274004945273 1.2333466345025632 1.8119529412284596 -0.028256143401958051 0.048303150734282464 4.5681949014092877 0.44655344882065651 1.1563399528528178 1.1055688008521116 7.5000000000000009 0.078671485423858614 7.5000000000000009 0.23322582083745583
decision_type=8 8 10 8 10 10 2 10 10 10 2 8 2 8
left_child=5 9 4 -4 -3 11 8 -8 -7 10 -2 12 -1 -11
right_child=1 2 3 -5 -6 6 7 -9 -10 13 -12 -13 -14 -15
leaf_value=-0.0003307693586229418 9.9230181364951672e-05 1.2366745366351593e-05 0.00010875995727224556 -4.3039497972198869e-05 -1.373702249412262e-06 -0.00039115637331211514 0.00034349601357233227 -7.7964141277394874e-06 0.00059842493464176314 5.0719003100102423e-05 -0.00038869743993717357 2.6066530709039317e-06 -0.00016884511804740528 -0.00072987963321772013
leaf_weight=28.058124030940235 11.194196392316369 155.07415413623676 51.673631489276886 591.44599857460707 4374.4253412592225 178.25175181310624 12.879510164260862 77.487251730635762 19.896673688665032 4.6894878516904983 128.88903617858887 9.0488755963742715 266.12189023196697 6.3637586184777328
leaf_count=678 462 730 248 3348 22581 724 48 408 134 192 252 74 919 30
internal_value=-0.000144677 -7.60798e-05 -4.42267e-05 -0.000510266 1.91085e-05 -0.000739074 -0.000327135 0.000323697 -0.000689908 -0.00107579 -0.00121819 -0.00108661 -0.00112763 0
internal_weight=5915.5 5323.76 5172.62 643.12 4529.5 591.744 288.515 90.3668 198.148 151.136 140.083 303.229 294.18 11.0532
internal_count=30828 27843 26907 3596 23311 2985 1314 456 858 936 714 1671 1597 222
is_linear=0
shrinkage=0.01444


Tree=300
num_leaves=14
num_cat=0
split_feature=17 35 4 18 34 18 35 24 9 18 4 10 35
split_gain=1.46133 0.980934 1.61845 1.89768 0.699652 0.782758 0.647508 0.380757 0.235349 0.231772 0.144029 0.105007 0.101714
threshold=0.7091153986949339 2.588891148759632 0.17860266298547428 -0.018266537054394735 0.031791022825298672 0.09306824128498116 6.146681975418109 9.5000000000000018 0.4473126472362195 0.053720903863787035 0.21088090075844765 0.1757126561507977 5.3288223156361374
decision_type=8 2 10 8 10 10 2 2 10 10 8 10 2
left_child=7 2 3 -2 5 -3 -6 8 12 -10 11 -9 -1
right_child=1 4 -4 -5 6 -7 -8 10 9 -11 -12 -13 -14
leaf_value=-0.00025890982879375816 0.00028270488329154082 -4.2447656281921476e-06 -0.00034963497622042788 0.00049569664350175287 -5.5633241258895708e-05 0.001080292652738662 0.00025838023348665634 -7.6838340430856155e-06 0.0004104474444389695 -0.0002966773699063985 -1.530024450310289e-05 -0.00016505823875255374 8.3770617750757317e-07
leaf_weight=134.76780525036156 96.588339333422482 4183.0459771058522 69.133765757083893 168.46948890853673 656.28008960559964 120.40993609186262 29.828007698059082 33.553614377975464 42.229436189867556 16.333501543849707 40.274171113967896 298.18505284190178 26.400495938025415
leaf_count=1504 500 23687 362 1018 1646 572 58 70 318 138 102 601 252
internal_value=-0.00014523 -6.6844e-05 0.000684114 0.0012219 -0.000119836 -4.81841e-05 -0.000549787 -0.000827617 -0.000267629 0.000389428 -0.00112235 -0.00122585 -0.000587844
internal_weight=5915.5 5323.76 334.192 265.058 4989.56 4303.46 686.108 591.744 219.731 58.5629 372.013 331.739 161.168
internal_count=30828 27843 1880 1518 25963 24259 1704 2985 2212 456 773 671 1756
is_linear=0
shrinkage=0.01444


Tree=301
num_leaves=15
num_cat=0
split_feature=17 16 21 6 35 16 33 26 35 38 16 33 38 28
split_gain=1.14805 0.768998 0.812345 1.16754 0.637146 0.87954 0.825948 0.401327 0.268245 0.235044 0.195969 0.167162 0.152246 0.018941
threshold=0.7091153986949339 1.2333466345025632 0.15281661030690466 0.27074135579668462 5.3816699155506251 1.2145532133127268 0.020061510252349927 0.56505341822309874 5.7188347252648075 3.5000000000000004 0.60968775943710207 -0.0030040070543069781 4.5000000000000009 -0.033400000000000034
decision_type=8 10 8 8 2 10 10 10 2 2 10 8 2 10
left_child=8 4 7 -4 5 -2 -6 -3 10 -10 11 -1 -12 -11
right_child=1 2 3 -5 6 -7 -8 -9 9 13 12 -13 -14 -15
leaf_value=0.00074324142064085283 6.333202107010829e-07 -0.00020146823414083403 0.00018757137864869886 7.8735590594630222e-06 -0.00016042469294007998 0.0012377585363408548 9.7156416633790174e-07 -3.5441407923034371e-06 1.583802828567531e-06 2.5569165831530717e-06 -0.00021180991355834909 -0.00054844381670670532 -3.6839356482349801e-05 -0.00022509423570909161
leaf_weight=10.823484539985655 3763.4377857728396 393.12989158648998 4.0915931472554803 13.512305739335718 392.03497927659191 58.593075255863369 460.26387379132211 238.69209993071854 8.5013623535633105 8.7290720045566594 274.67318266816437 13.607994191348554 260.87594194617122 14.533039552159604
leaf_count=74 20161 1288 14 1374 1213 220 2443 1130 22 56 867 58 1770 138
internal_value=-0.000162717 -9.28078e-05 -0.000559195 0.00229849 -2.51515e-05 5.14652e-05 -0.000383889 -0.000661469 -0.000768888 0.000233985 -0.000849304 0 -0.000911268 -3.30615e-05
internal_weight=5915.5 5323.76 649.426 17.6039 4674.33 3822.03 852.299 631.822 591.744 31.7635 559.981 24.4315 535.549 23.2621
internal_count=30828 27843 3806 1388 24037 20381 3656 2418 2985 216 2769 132 2637 194
is_linear=0
shrinkage=0.01444


Tree=302
num_leaves=11
num_cat=0
split_feature=12 33 35 23 24 35 21 26 33 13
split_gain=0.697355 0.760346 1.3196 1.93274 1.44407 1.06403 1.60621 0.763605 0.378665 0.137664
threshold=0.016957733340093987 0.05585621624966209 4.8166458505458118 0.011048952761073096 11.500000000000002 3.9720827219491577 0.0081551253523910114 0.40621711356584983 0.015240529532441262 1.5939993367115595
decision_type=8 10 2 10 2 2 10 8 10 10
left_child=8 2 4 -4 -2 7 -7 -3 9 -1
right_child=1 5 3 -5 -6 6 -8 -9 -10 -11
leaf_value=1.4964211999384869e-05 -4.6622275820758183e-05 -0.00012114808224988843 2.575832612773276e-05 -0.00010716870774839098 8.1658280928153807e-06 7.2511493030069527e-05 7.5720787172889602e-05 0.00011277926611639217 -0.00029596437552242339 -0.00039495081021116729
leaf_weight=7.7274807253852513 1403.0388162373565 402.76677165739238 13.962179624475537 1304.4193256916478 1175.0564427673817 43.291743472218513 1004.6375578120351 376.3565745158121 174.54888235684484 9.6939068958163244
leaf_count=29 10865 2524 486 4693 1653 374 6192 2666 1252 94
internal_value=-0.000143714 -0.000112369 -0.00022754 -0.000599651 -3.20858e-05 0.000126082 0.000431312 -0.000267681 -0.00100723 0.000552727
internal_weight=5915.5 5723.53 3896.48 1318.38 2578.1 1827.05 1047.93 779.123 191.97 17.4214
internal_count=30828 29453 17697 5179 12518 11756 6566 5190 1375 123
is_linear=0
shrinkage=0.01444


Tree=303
num_leaves=13
num_cat=0
split_feature=22 22 12 19 15 13 7 7 33 7 10 32
split_gain=0.744903 1.29113 2.20036 0.680294 0.709364 0.610227 0.648022 0.633853 0.492376 0.274351 1.16446 0.199735
threshold=0.023799800162284283 0.024476849003683816 0.025104526491558751 0.029248812434927638 1.382909333801007 1.2662734454612121 0.21030227905456669 0.17679085444934681 0.053805233680929716 0.19294936929977455 0.17764054223101897 0.34960422163588395
decision_type=8 8 10 10 8 8 8 10 8 10 10 8
left_child=3 2 -2 9 -5 7 -7 -3 -4 11 -11 -1
right_child=1 5 8 4 -6 6 -8 -9 -10 10 -12 -13
leaf_value=7.1464428329560316e-05 0.00013998366824945376 2.3270950544482576e-06 -3.4655685242551571e-05 1.3311286164440902e-05 -3.591136215908556e-05 -7.5608755836534012e-05 2.3662481133950797e-06 -7.6617560986530424e-05 8.8994334941245443e-05 0.00011009302963493228 -8.2039586276678997e-05 -0.0002033638764092291
leaf_weight=15.603836757130919 10.357586704194544 30.990355112589896 23.843803346157078 19.279183831065893 19.119882319122553 950.04928073985502 3309.0039355787449 1048.5042414842173 10.434809468686575 19.041906829923391 206.94945341674611 252.32140616793185
leaf_count=356 52 204 96 70 60 6912 15625 4414 86 102 1591 1260
internal_value=-0.000130525 -7.67717e-05 0.00234204 -0.000648906 0.00105045 -9.96895e-05 -1.87117e-05 -0.000406886 0.000142777 -0.000808529 -0.000348033 -0.00114667
internal_weight=5915.5 5383.18 44.6362 532.316 38.3991 5338.55 4259.05 1079.49 34.2786 493.917 225.991 267.925
internal_count=30828 27389 234 3439 130 27155 22537 4618 182 3309 1693 1616
is_linear=0
shrinkage=0.01444


Tree=304
num_leaves=13
num_cat=0
split_feature=17 34 27 27 30 26 12 12 28 20 20 26
split_gain=0.935402 0.798401 0.760947 0.878503 0.565286 0.553542 0.738103 0.633366 0.339702 0.301377 0.705329 0.2866
threshold=0.7091153986949339 0.032758122151732467 0.51288164558940941 0.0022332274004945273 18.115000000000006 0.27220907263909155 0.036227792361878355 0.19336854771053893 0.040800000000000038 0.066644571531428734 0.084936803842521238 0.53006152111677352
decision_type=8 10 10 8 8 10 10 10 8 10 10 10
left_child=8 2 3 -2 -4 6 -3 -7 9 11 -11 -1
right_child=1 5 4 -5 -6 7 -8 -9 -10 10 -12 -13
leaf_value=-0.00013551997634197966 -0.00035476248139991071 7.5252272571436915e-05 -0.00015421811631862546 3.2618304163268129e-06 -8.4452427813109798e-06 -9.8926486232220131e-05 -0.00034991687916951261 0.00079857814982292174 -0.0004452275165942025 0.00064920304503506888 -0.00018227063506838785 1.4104224713867844e-06
leaf_weight=253.03388051502407 136.85762538621202 35.705236714333296 325.39307702519 3823.9817139457446 456.5845800593961 472.84254292398691 41.495676040649414 30.895152404904366 138.66136943269521 43.967722991481423 84.664103564806283 71.417000751942396
leaf_count=1298 912 70 1990 20715 2586 1320 108 142 552 240 404 491
internal_value=-0.000120043 -5.67785e-05 2.39511e-06 8.64125e-05 -0.000406196 -0.000561928 0.000474879 -0.000747132 -0.000666523 -0.000430112 7.47473e-05 -0.000670333
internal_weight=5915.5 5323.76 4742.82 3960.84 781.978 580.939 77.2009 503.738 591.744 453.083 128.632 324.451
internal_count=30828 27843 26203 21627 4576 1640 178 1462 2985 2433 644 1789
is_linear=0
shrinkage=0.01444


Tree=305
num_leaves=15
num_cat=0
split_feature=17 27 27 7 19 18 15 35 27 16 15 31 33 18
split_gain=0.963183 0.84191 0.888376 0.786227 0.611366 0.511883 0.15903 0.296855 0.403806 0.158988 0.132884 0.283669 0.126568 0.10301
threshold=0.7091153986949339 0.56606393494717722 0.0022332274004945273 0.21030227905456669 0.14285714285714288 0.10222951788786951 1.0293371683858694 2.8329191398700289 0.23577245554613036 1.1055688008521116 0.95857202319216739 1.76 0.088461903506990028 0.0010973245616217044
decision_type=8 10 8 10 10 8 10 2 10 10 10 10 8 10
left_child=6 2 9 -4 5 -3 10 8 -8 -2 13 -12 -9 -1
right_child=1 4 3 -5 -6 -7 7 12 -10 -11 11 -13 -14 -15
leaf_value=-0.00031688779447722328 -0.0003496397173273953 -0.00012607597060359176 -3.530564192816436e-05 7.5859835018324505e-06 0.00078704669520329653 0.00055358760542670131 -0.00034371483652499517 -0.00012178493338455277 0.00042384406509615361 4.6349864264672734e-05 -0.00030482221414768846 5.4135162650524889e-06 -0.00013306963997762787 -1.4081247796911423e-05
leaf_weight=52.114271745085716 140.08323257090524 734.43774869898334 1356.2818570218515 2978.5019775368273 24.729328941553831 78.668213260127231 39.196999952197075 279.06359816528857 25.880193144083023 11.053246470168231 11.700299391523005 11.534806601703165 86.056338460184634 86.197569795884192
leaf_count=244 714 4024 9424 12955 76 428 176 1009 208 222 75 50 660 563
internal_value=-0.000132962 -6.87596e-05 6.86929e-06 4.777e-05 -0.00048904 -0.000569477 -0.000687867 -0.000845288 0 -0.00107579 -0.000186437 0.000618369 -0.00100546 -0.000417841
internal_weight=5915.5 5323.76 4485.92 4334.78 837.835 813.106 591.744 430.197 65.0772 151.136 161.547 23.2351 365.12 138.312
internal_count=30828 27843 23315 22379 4528 4452 2985 2053 384 936 932 125 1669 807
is_linear=0
shrinkage=0.01444


Tree=306
num_leaves=15
num_cat=0
split_feature=17 34 26 5 27 27 35 15 26 27 10 31 0 12
split_gain=1.19668 0.762362 0.841926 0.793626 0.722079 0.831728 0.603515 0.22508 0.164751 0.321047 0.141247 0.146516 0.106748 0.00423876
threshold=0.7091153986949339 0.032758122151732467 0.27220907263909155 0.27785469117226064 0.0022332274004945273 0.51288164558940941 6.146681975418109 1.0293371683858694 0.36526657814960956 0.42365118134547436 0.68382086889495064 0.40000000000000041 0.27107500000000007 0.062045375517660796
decision_type=8 10 10 10 8 10 2 10 10 10 10 10 2 10
left_child=7 4 3 -3 12 -6 -4 8 13 -10 11 -9 -2 -1
right_child=1 2 6 -5 5 -7 -8 10 9 -11 -12 -13 -14 -15
leaf_value=-0.00033215808701360882 -1.9781075072284068e-05 0.00071218231560637882 -9.7607530958521903e-05 -0.0003449736269791505 3.3097530228887837e-06 -7.2726948688580867e-05 0.00025921281103237379 -6.7725069348992714e-05 5.3353451841671458e-06 -9.7812266163914752e-05 0.0015017869106584228 -0.00011006420957935082 -0.00034459092587915273 -0.00041795316100839812
leaf_weight=11.489335145801304 18.45305632520467 37.288194339722395 479.99251090735197 39.912718415260315 3823.9817139457446 781.9776570845861 23.745184421539307 101.58103902544826 10.631602276116608 103.68861816450953 12.231526509858666 316.38456418644637 118.40456906100735 35.737391947768629
leaf_count=56 186 92 1412 86 20715 4576 50 743 40 642 58 1252 726 194
internal_value=-0.000138248 -6.70346e-05 -0.000560713 0.00075574 -3.74642e-06 2.42502e-05 -0.000789038 -0.000756164 -0.000186437 3.46422e-06 -0.0009392 -0.000989063 -0.00103753 -0.000914779
internal_weight=5915.5 5323.76 580.939 77.2009 4742.82 4605.96 503.738 591.744 161.547 114.32 430.197 417.966 136.858 47.2267
internal_count=30828 27843 1640 178 26203 25291 1462 2985 932 682 2053 1995 912 250
is_linear=0
shrinkage=0.01444


Tree=307
num_leaves=15
num_cat=0
split_feature=17 34 27 27 20 17 34 24 9 8 16 4 10 21
split_gain=1.15049 0.992628 0.71666 0.814272 0.464251 1.17669 0.333167 0.332403 0.249069 0.323285 0.168052 0.112214 0.0760058 0.0599481
threshold=0.7091153986949339 0.032758122151732467 0.0022332274004945273 0.51288164558940941 0.064745480923788581 0.87791327547550357 0.049918214726153216 9.5000000000000018 0.4473126472362195 0.61119887711725063 1.0961285275527393 0.21088090075844765 0.1757126561507977 0.0092952771143661791
decision_type=8 10 8 10 10 10 10 2 10 10 8 8 10 8
left_child=7 2 10 -4 6 -6 -3 8 13 -10 -2 12 -9 -1
right_child=1 4 3 -5 5 -7 -8 11 9 -11 -12 -13 -14 -15
leaf_value=9.9436078044496716e-05 -0.00033961503889177249 -6.2148825627244227e-05 3.2619602466976844e-06 -7.1676772812103424e-05 0.00077709120564069863 -3.8512757178848382e-05 0.00016067341918864198 -2.2000431238049417e-06 0.00040878135292347369 -3.2897534521084038e-05 4.5966211409985384e-05 -5.6492382727717808e-06 -0.00015467178235771762 -0.0002416467445675398
leaf_weight=6.0732009932398787 125.87545611243695 343.91834036260843 3823.9817139457446 781.9776570845861 30.650186330080032 157.33293732628226 49.037144064903259 33.553614377975464 23.042280115187168 35.520657618530095 10.982169273775069 40.274171113967896 298.18505284190178 155.0951001951471
leaf_count=78 602 604 20715 4576 96 510 430 70 200 256 310 102 601 1678
internal_value=-0.000149781 -7.98498e-05 -8.01054e-06 1.98594e-05 -0.000643268 0 -0.000925993 -0.000756164 -0.000229157 0.000460421 -0.00103753 -0.0010315 -0.00112399 -0.000561393
internal_weight=5915.5 5323.76 4742.82 4605.96 580.939 187.983 392.955 591.744 219.731 58.5629 136.858 372.013 331.739 161.168
internal_count=30828 27843 26203 25291 1640 606 1034 2985 2212 456 912 773 671 1756
is_linear=0
shrinkage=0.01444


Tree=308
num_leaves=15
num_cat=0
split_feature=34 17 7 35 26 30 35 17 8 11 15 12 6 33
split_gain=1.07452 0.940441 0.739366 1.13232 0.626578 0.523729 0.594022 0.333726 0.238888 0.30285 0.133371 0.17546 0.0782408 0.000669384
threshold=0.032758122151732467 0.7091153986949339 0.21030227905456669 4.8832184157383169 0.28296012923052144 19.440000000000001 6.146681975418109 1.4930970523327909 0.3557502978599793 0.39437221202344092 1.5179242889817151 0.035814949660400185 0.67335889295887419 -0.0058383466249752871
decision_type=10 8 8 2 8 10 2 10 10 10 10 10 8 10
left_child=1 8 4 -4 -3 10 7 -7 12 -10 13 -12 -1 -2
right_child=5 2 3 -5 -6 6 -8 -9 9 -11 11 -13 -14 -15
leaf_value=1.0707975236303553e-06 0.00061972288464304725 -0.000127400232841109 3.1754837475264255e-05 -2.3308639288765501e-05 -2.0822309905213584e-05 -5.0574152792684728e-05 0.00024424859902250285 0.00026325383067889592 7.9353911682651611e-05 -5.8614608173515751e-05 -0.00036382098367122336 0.00080977152382504956 -0.00015896669649106808 -0.00036780877231419465
leaf_weight=14.790751884691415 5.7500149160623577 371.10855634184554 2437.6835570011754 1086.8176639203448 847.20721915317699 525.48018632829189 24.799268960952759 41.497508451342583 34.122254496440291 231.97486996930093 7.3821873292326954 18.341455202549696 256.49031909741461 12.053868703544138
leaf_count=50 50 2254 13331 4266 6352 1112 56 146 166 1083 74 208 1504 176
internal_value=-0.000150172 -7.98322e-05 -1.21142e-05 9.10105e-05 -0.000321092 -0.000713618 -0.000836467 -0.000945468 -0.000652535 -0.000271944 0.000649104 0.00132853 -0.000976375 0
internal_weight=5915.5 5280.2 4742.82 3524.5 1218.32 635.304 591.777 566.978 537.378 266.097 43.5275 25.7236 271.281 17.8039
internal_count=30828 29006 26203 17597 8606 1822 1314 1258 2803 1249 508 282 1554 226
is_linear=0
shrinkage=0.01444


Tree=309
num_leaves=16
num_cat=0
split_feature=34 7 7 21 26 33 26 12 36 27 1 21 17 28 27
split_gain=0.84714 0.96198 1.22109 1.49734 1.00961 0.676485 0.625862 0.505949 0.369019 0.931508 1.93316 0.973646 0.648345 1.51571 0.382372
threshold=0.025921503350239686 0.21030227905456669 0.21428951249811054 0.020618584186405633 0.4306445085591542 0.081403193425757206 0.29115846855883076 0.021211722411158988 1.0000000180025095e-35 0.54180870926880653 0.17293939393939395 0.038188074844901755 1.4081140884534151 0.023550000000000019 0.18513671828303199
decision_type=10 8 8 8 10 8 8 10 2 10 2 10 10 8 10
left_child=1 5 3 -3 -4 6 -1 -7 12 11 -11 -10 14 -14 -2
right_child=8 2 4 -5 -6 7 -8 -9 9 10 -12 -13 13 -15 -16
leaf_value=-0.0003039769792574739 -2.9630554272546608e-05 0.00010779321122625207 -2.0820996840256164e-05 0.00017920407470172324 2.1399314366961698e-05 -0.00010447094827191238 -4.7397090600174309e-05 5.0389909028179968e-05 2.1255187171661094e-05 -1.0381600220728441e-06 0.00076660031201036534 -0.00034594476371260248 0.0016558844672005149 -0.00081656928714897306 -0.00017498044051701399
leaf_weight=236.91542625706643 78.582436267286539 27.182788405567408 1765.6953592938371 74.158523191232234 1799.6974304658361 153.9060085657984 528.0773065853864 363.02254317700863 100.26054682210088 121.7614609003067 27.587313234806061 171.00786480493844 21.095793541520834 33.673774791881442 412.87510545179248
leaf_count=810 210 140 8713 412 9799 1406 3682 3296 240 412 58 440 92 104 1014
internal_value=-0.000126021 -4.66997e-05 6.93321e-05 0.00162978 2.106e-05 -0.000388684 -0.000661318 0 -0.000518224 -0.000156048 0.000716391 -0.000685018 -0.000772729 0.000571042 -0.000949567
internal_weight=5915.5 4948.66 3666.73 101.341 3565.39 1281.92 764.993 516.929 966.844 420.617 149.349 271.268 546.227 54.7696 491.458
internal_count=30828 28258 19064 552 18512 9194 4492 4702 2570 1150 470 680 1420 196 1224
is_linear=0
shrinkage=0.01444


Tree=310
num_leaves=14
num_cat=0
split_feature=17 35 12 11 27 35 18 16 18 12 14 23 16
split_gain=1.01189 0.889275 1.5723 3.35734 0.91449 0.846117 0.786529 0.622441 0.144609 0.268135 0.175217 0.185822 0.124285
threshold=0.7091153986949339 2.588891148759632 0.077905088274849557 0.3778304650687368 0.558222466830122 2.9816332205995768 -0.05167902708368282 0.89532214710804137 0.073597032183095115 0.21223543140244597 1.1073269992731265 0.057304441654258777 0.60968775943710207
decision_type=8 2 10 10 10 2 8 10 10 10 10 10 10
left_child=8 2 6 -4 5 -3 -2 -6 10 -10 11 -1 -12
right_child=1 4 3 -5 7 -7 -8 -9 9 -11 12 -13 -14
leaf_value=-0.00025319176686886333 0.00050955529450050663 -0.00028607143830910493 0.001172847298898757 0.00065400578743723622 -1.8186606247867939e-05 7.8656790935702245e-07 -0.00012735519110284224 -0.00013105697146907646 0.0014813297574004099 -0.00012118637385086513 0.00057015303911115453 0.00039976403940861894 -0.00011627691351516183
leaf_weight=47.770998182706535 25.349069749936461 223.09601092198864 22.678324403706938 122.2292192755267 282.74490502430126 3976.2760325726122 163.93498056987301 507.4470619824715 8.0345971994102019 18.647632155567408 15.349107231944798 18.360524613410234 483.5812178729102
leaf_count=283 148 1470 114 522 1666 20183 1096 2644 76 130 72 108 2316
internal_value=-0.000126205 -6.05077e-05 0.000654385 0.00179161 -0.000111081 -2.29918e-05 -0.000149969 -0.000562318 -0.000694555 0 -0.000747311 0 -0.000839976
internal_weight=5915.5 5323.76 334.192 144.908 4989.56 4199.37 189.284 790.192 591.744 26.6822 565.062 66.1315 498.93
internal_count=30828 27843 1880 636 25963 21653 1244 4310 2985 206 2779 391 2388
is_linear=0
shrinkage=0.01444


Tree=311
num_leaves=16
num_cat=0
split_feature=34 7 7 21 26 5 12 11 32 7 3 8 16 7 27
split_gain=0.938492 0.772313 1.25412 1.44613 0.95413 0.778702 2.06871 0.509653 0.477375 0.504087 0.582055 0.474566 0.199716 0.241581 0.00437468
threshold=0.032758122151732467 0.21030227905456669 0.21428951249811054 0.020618584186405633 0.4306445085591542 0.092129616201375622 0.054754129903207445 0.16405706855877442 0.80408970976253313 0.5826375520860213 52.500000000000007 0.28759504054551993 1.0582348004464681 0.22421656694051181 0.28967715643509789
decision_type=10 8 8 8 10 8 10 10 10 10 2 10 10 10 10
left_child=1 5 3 -3 -4 6 -1 -7 12 11 -11 -10 13 -2 -14
right_child=8 2 4 -5 -6 7 -8 -9 9 10 -12 -13 14 -15 -16
leaf_value=-1.1254543623098135e-05 -4.648871516516995e-05 0.0001062253211005469 -1.9718970649530228e-05 0.00017660501294716958 1.6100228437351061e-05 -1.704710755831159e-06 0.00040335435749389324 -0.0001253742118065547 -7.8279884272582306e-06 -9.24773796687749e-06 2.7566312166865686e-06 -0.00020434410961371773 0.00046640291086576886 0.00092455142338483166 -0.0005313013389449179
leaf_weight=173.3488901052624 8.057415898889305 27.594398710876703 1890.54043705808 74.158523191232234 1966.9902282380499 305.20146258408204 26.375234366394579 815.98601761041209 161.70743986964226 58.055082097649574 22.828464686870575 349.18597708642483 5.2746600061655071 18.84766186401248 11.347788382321594
leaf_count=1313 110 144 8925 412 10183 2538 146 5345 326 162 86 740 50 220 128
internal_value=-0.000124374 -5.85226e-05 3.93889e-05 0.00161742 0 -0.000361801 0.000433146 -0.000515224 -0.000650562 -0.000768778 0.000158948 -0.000941263 0.000649104 0.00148081 0
internal_weight=5915.5 5280.2 3959.28 101.753 3857.53 1320.91 199.724 1121.19 635.304 591.777 80.8835 510.893 43.5275 26.9051 16.6224
internal_count=30828 29006 19664 556 19108 9342 1459 7883 1822 1314 248 1066 508 330 178
is_linear=0
shrinkage=0.01444


Tree=312
num_leaves=13
num_cat=0
split_feature=17 27 27 5 9 26 9 0 5 9 24 10
split_gain=0.837016 0.751094 0.868154 1.16384 1.13934 0.195856 0.228011 0.331173 0.199521 0.125844 0.0966438 0.0372152
threshold=0.7091153986949339 0.0022332274004945273 0.05917923691215618 0.2666318596744644 0.19775677899704855 0.72233944001557793 0.34483924659434212 0.59155000000000013 0.46180249934908596 0.16675491778581278 8.5000000000000018 0.11071931832728037
decision_type=8 8 10 8 8 8 10 2 10 8 2 10
left_child=5 9 3 -3 -4 6 8 -8 -1 11 -11 -2
right_child=1 2 4 -5 -6 -7 7 -9 -10 10 -12 -13
leaf_value=-0.00021024018884828794 -1.6532200328476562e-05 0.00012887348988032394 -4.0393411637401809e-05 -0.00026595074956045368 2.0263286419342685e-08 -0.00020610914868335499 6.5648712971351094e-06 -5.3794950132387786e-05 1.5419730672693989e-07 -1.6027483730283535e-05 -0.00038255412036666695 5.5375698103987091e-05
leaf_weight=225.3277249801904 10.748122157994656 241.32016514195129 748.64277414418757 127.37029198836535 4055.285894184839 104.09525475930423 86.670673047192395 128.30657955724746 47.343844912014902 12.58212255546823 124.13474160432816 3.6714927232824257
leaf_count=1266 116 1767 5332 825 18983 506 440 527 246 436 208 176
internal_value=-0.000129478 -6.94184e-05 -3.74183e-05 0.000632894 -9.16553e-05 -0.000647142 -0.000480003 -5.86012e-05 -0.000763532 -0.00107416 -0.00121086 0
internal_weight=5915.5 5323.76 5172.62 368.69 4803.93 591.744 487.649 214.977 272.672 151.136 136.717 14.4196
internal_count=30828 27843 26907 2592 24315 2985 2479 967 1512 936 644 292
is_linear=0
shrinkage=0.01444


Tree=313
num_leaves=16
num_cat=0
split_feature=7 34 12 19 35 28 33 7 12 12 32 7 35 19 6
split_gain=0.717156 1.05315 0.958704 1.53651 0.973453 0.842958 0.830612 0.790675 0.555466 1.30608 0.510391 0.920657 0.484312 0.297465 0.213891
threshold=0.21030227905456669 0.031791022825298672 0.051217332832167041 0.016869740032715536 4.8832184157383169 0.15535000000000002 0.081403193425757206 0.6164947115598729 0.024323895322533831 0.025104526491558751 0.77374670184696581 0.17235320115493172 2.9962320237205331 0.068407456126783783 3.6096228548213745
decision_type=8 10 8 8 2 8 8 10 10 10 10 10 2 10 10
left_child=6 2 3 -2 -4 7 10 -3 13 -10 14 -12 -7 -8 -1
right_child=1 5 4 -5 -6 12 8 -9 9 -11 11 -13 -14 -15 -16
leaf_value=-0.00017234101053123857 5.5145015544073578e-05 -9.1559156439253054e-05 4.9373722651762557e-06 1.3990274330163947e-05 -8.1518773658614834e-05 0.00053761380835125447 -6.8136524301134138e-05 0.00064432917559996427 0.00035698251339506202 5.3515861789958031e-05 8.2354610848067662e-05 -0.00024838587915557836 -2.0516119130074005e-05 9.7460766152417339e-05 4.6044467186271362e-06
leaf_weight=649.58016049675643 58.809090100694448 669.17721769586205 1692.3777095980477 1295.2394385146908 687.79288775357418 27.312095046043396 186.08625957090408 70.448723405599594 14.485653961077331 297.12447910849005 62.220180819742382 141.9685492310673 32.23167359828949 19.410896537825465 11.234666317701338
leaf_count=3468 374 1550 9109 7167 2718 52 1708 218 116 2654 492 834 80 242 46
internal_value=-0.000128583 -3.75888e-05 6.1124e-05 0.000370041 -0.000109162 -0.000514927 -0.000417445 -0.000659223 1.61118e-05 0.000424199 -0.000691597 0 0.00104913 -0.000538643 -0.000887068
internal_weight=5915.5 4533.39 3734.22 1354.05 2380.17 799.17 1382.11 739.626 517.107 311.61 865.004 204.189 59.5438 205.497 660.815
internal_count=30828 21268 19368 7541 11827 1900 9560 1768 4720 2770 4840 1326 132 1950 3514
is_linear=0
shrinkage=0.01444


Tree=314
num_leaves=12
num_cat=0
split_feature=9 38 35 35 10 26 35 26 21 21 19
split_gain=0.692964 0.792014 0.856982 1.45824 1.38239 0.575415 1.03468 0.904637 0.367398 0.701746 0.175177
threshold=0.15654454579279467 5.5000000000000009 4.0688557409938628 3.7358822437053774 0.13036969084779251 0.4473921151539777 4.8066814296568463 0.49375668210976481 0.025750767352170658 0.026776357431741737 0.027578229844803129
decision_type=8 2 2 2 8 10 2 10 8 8 8
left_child=8 2 3 -2 -4 6 -3 -7 -1 -10 -11
right_child=1 5 4 -5 -6 7 -8 -9 9 10 -12
leaf_value=-0.00019228479612311711 -1.0594672880620935e-05 -6.5632988970696295e-05 0.0001607531804392308 0.0001534057676956058 -4.2655999366077696e-05 0.00021045064952008869 6.2280127505336848e-05 3.0962483527413935e-05 0.0004885264620445094 4.5327615254738332e-05 -0.00033511137718157284
leaf_weight=159.50488071888685 1162.8936826686841 948.48611633433029 32.883676489815116 311.50656612287275 1923.6260816529393 178.83200266398489 371.37700805161148 769.8604240687564 5.1125768627971402 4.4352366328239432 46.981429488863796
leaf_count=910 5266 5407 170 1453 7629 928 1695 5748 34 530 1058
internal_value=-0.000149892 -0.000116793 -0.00025619 0 -0.000454297 8.82685e-05 -9.8985e-05 0.00036248 -0.000960119 0 -0.000485574
internal_weight=5915.5 5699.47 3430.91 1474.4 1956.51 2268.56 1319.86 948.692 216.034 56.5292 51.4167
internal_count=30828 28296 14518 6719 7799 13778 7102 6676 2532 1622 1588
is_linear=0
shrinkage=0.01444


Tree=315
num_leaves=13
num_cat=0
split_feature=27 27 7 19 22 26 25 16 9 16 18 8
split_gain=0.764143 0.881627 0.841183 2.0638 0.658361 0.566235 0.58124 0.624103 0.161049 0.159264 0.0479342 0.0160245
threshold=0.56606393494717722 0.0022332274004945273 0.21030227905456669 0.018308165554897522 0.023799800162284283 0.36193311335106748 1.2889556058833997 0.81447601953476567 0.17001063457767804 1.1055688008521116 0.10842616639931758 0.23322582083745583
decision_type=10 8 10 10 10 10 10 10 8 10 8 8
left_child=1 9 4 -4 -3 8 7 -7 -2 -1 -10 -11
right_child=5 2 3 -5 -6 6 -8 -9 10 11 -12 -13
leaf_value=-0.00032912046209743369 4.6909454804122756e-06 -7.1293127007277237e-05 4.7456564371646375e-05 1.1548741620463558e-06 -1.8050983105167127e-05 8.6582306862192265e-05 0.00048249236112447435 -6.8065276675081547e-05 -0.0002862077647818325 5.29039819095893e-05 -5.3038717951482292e-05 -0.00072167678577797728
leaf_weight=152.73214473435655 8.774545216932891 282.38938648556359 98.386521673295647 3212.1864500553347 1140.8647421491332 238.06699881469831 10.375638619530944 560.0978624895215 192.06339093483984 4.7157911784015569 8.4824507862795127 6.3637586184777328
leaf_count=768 106 2580 762 13479 7344 1455 53 2941 976 202 132 30
internal_value=-0.00012152 -4.37295e-05 -4.84859e-06 0.000118538 -0.000300982 -0.00048274 -0.000287251 -0.000347027 -0.00117272 -0.00108384 -0.0012658 0
internal_weight=5915.5 4897.64 4733.83 3310.57 1423.25 1017.86 808.54 798.165 209.32 163.812 200.546 11.0795
internal_count=30828 25165 24165 14241 9924 5663 4449 4396 1214 1000 1108 232
is_linear=0
shrinkage=0.01444


Tree=316
num_leaves=15
num_cat=0
split_feature=34 35 5 31 31 18 33 8 8 35 12 26 26 17
split_gain=0.98276 0.815166 1.05586 2.01084 0.789691 1.76897 0.775265 0.538855 1.5019 1.16427 0.412751 0.514192 0.408 0.164468
threshold=0.032758122151732467 2.5580019048610416 0.1537398924371268 1.9050000000000005 3.4850000000000008 -0.023951880168686931 0.06177235953351546 0.27863076177573431 0.23913703176301673 3.9122229654388101 0.19983697516237667 0.6619804778504389 0.19159052716041908 0.80775636382421967
decision_type=10 2 10 10 10 10 8 10 10 2 10 10 10 8
left_child=1 2 13 -4 6 -6 -3 8 -2 -10 12 -12 -9 -1
right_child=7 4 3 -5 5 -7 -8 10 9 -11 11 -13 -14 -15
leaf_value=2.621264048094275e-06 -0.00034069187716795335 -5.9400449476429736e-05 1.0549854121957628e-05 0.00063616092179625758 0.00016317573194233432 -1.886236227745788e-05 9.5940624613698902e-07 7.5470821595339187e-05 -0.00028093367899484985 0.00045972851813028641 -0.00028128315071477433 0.00077265566485215697 -0.0001367365553079645 -0.00044724616378098459
leaf_weight=20.318961747922003 95.496075145900249 2326.6430645072833 130.46328888460994 92.589724496006966 191.6051000058651 457.30779793858528 1987.7412864738144 24.251606076955795 30.575552806258202 46.535518273711205 28.760854557156563 13.365195810794829 396.31968722119927 73.525967810302973
leaf_count=142 290 9492 916 420 810 2480 14284 62 78 152 134 80 1026 462
internal_value=-0.000118795 -5.15083e-05 0.000652528 0.00121142 -9.91652e-05 0.000363881 -0.000171882 -0.000656914 0 0.00152479 -0.000913711 0.000210047 -0.00105749 -0.000536507
internal_weight=5915.5 5280.2 316.898 223.053 4963.3 648.913 4314.38 635.304 172.607 77.1111 462.697 42.1261 420.571 93.8449
internal_count=30828 29006 1940 1336 27066 3290 23776 1822 520 230 1302 214 1088 604
is_linear=0
shrinkage=0.01444


Tree=317
num_leaves=16
num_cat=0
split_feature=34 26 5 35 16 12 5 35 27 27 27 12 26 26 32
split_gain=1.11023 0.937568 1.22162 1.54903 0.875367 0.799673 1.18983 0.712293 0.640506 1.95796 0.624209 0.339429 0.574553 0.339038 0.246363
threshold=0.032758122151732467 0.4306445085591542 0.17574011266013317 2.5277246549430248 0.92476679366872505 0.071657429102486389 0.11069980953877166 6.146681975418109 0.15068612880008841 0.070668925890858034 0.093924798496424169 0.19983697516237667 0.6619804778504389 0.75238410607732742 0.80408970976253313
decision_type=10 10 10 2 10 10 8 2 10 8 10 10 10 8 10
left_child=1 5 7 -4 8 6 -1 -3 9 -2 -7 14 -13 -10 -6
right_child=4 2 3 -5 11 10 -8 -9 13 -11 -12 12 -14 -15 -16
leaf_value=1.4447484290949054e-05 -0.00053163821576550851 -6.1506693726020263e-05 0.00088530590609078462 2.0686924793242227e-05 0.00037484954510221891 0.00012238870347965533 -1.8447057644142573e-05 0.00020694233333002962 -0.00039034192401291056 0.00078248495117410829 -0.00018462991259605402 -0.00034716812863289179 0.00076149853046547915 0.00015575639051262357 -6.2303728472652212e-05
leaf_weight=521.75414149928838 19.971594285219908 951.49453864223324 76.832540039904416 1324.895651121391 26.210018586367369 27.496832955628633 1728.0570799023844 68.095668692141771 48.4527722671628 16.454949494451284 581.56873901141807 27.912289142608643 13.365195810794829 15.502433240413664 467.43523706495762
leaf_count=2930 70 5327 446 8584 278 174 8891 296 170 52 2358 122 80 66 984
internal_value=-0.000141592 -7.01823e-05 0.000135401 0.000415391 -0.000713928 -0.000248871 -0.00011615 -0.000236712 0.000434857 0.00200143 -0.0007171 -0.00095418 2.93108e-05 -0.000264049 -0.00106285
internal_weight=5915.5 5280.2 2421.32 1401.73 635.304 2858.88 2249.81 1019.59 100.382 36.4265 609.066 534.923 41.2775 63.9552 493.645
internal_count=30828 29006 14653 9030 1822 14353 11821 5623 358 122 2532 1464 202 236 1262
is_linear=0
shrinkage=0.01444


Tree=318
num_leaves=16
num_cat=0
split_feature=27 9 10 35 22 27 33 0 5 27 18 8 28 21 18
split_gain=0.761772 0.949433 0.909836 0.894794 1.29082 0.821146 0.772572 0.701516 0.619369 0.92485 0.365736 0.188073 0.180846 0.493883 0.0616352
threshold=0.41648914631104411 0.15654454579279467 0.44194545312517036 4.1678273120030385 0.049823808223480835 0.0022332274004945273 0.011877451648398598 0.22477500000000003 0.068568167654998874 0.98325262513059875 0.10222951788786951 0.17097860125361239 -0.012550000000000004 0.025750767352170658 -0.036497287711928054
decision_type=10 8 10 2 10 8 8 2 10 10 10 8 8 10 10
left_child=1 12 8 4 -4 11 -5 -7 9 -2 -10 -3 13 -1 -14
right_child=2 5 3 6 -6 7 -8 -9 10 -11 -12 -13 14 -15 -16
leaf_value=-0.00032220708909768434 -1.5127213991379259e-05 4.3107521235105932e-05 -0.00023909663917778836 1.9528004081939397e-05 0.00044002764262382406 1.8295202103069601e-05 -0.00013386241706563658 5.4382433705431955e-07 -0.00011103227521371255 1.7278506392816781e-05 0.0011934610571199655 -0.00035833806693858248 -2.6556611036287613e-06 0.00048198532567896555 -0.00016554432220586857
leaf_weight=26.625795585103337 90.20421249140054 15.891191513277588 80.166218363679945 79.945386854931712 215.35507226269692 59.024047666462138 162.71463299356401 3843.2823862442747 1018.8236524469685 9.1414954620413464 14.979720676317809 132.32606494287029 8.1216019527055305 5.0895828753709784 153.80861942470074
leaf_count=466 586 164 538 439 886 450 510 18571 5752 50 122 560 124 50 1560
internal_value=-0.00015593 -4.95641e-05 -0.000418098 4.84849e-05 0.000603541 0 -0.000573495 3.78598e-05 -0.00065116 0.000349596 -0.000760122 -0.00105512 -0.0010359 0 -0.0012307
internal_weight=5915.5 4244.17 1671.33 538.181 295.521 4050.52 242.66 3902.31 1133.15 99.3457 1033.8 148.217 193.646 31.7154 161.93
internal_count=30828 21945 8883 2373 1424 19745 949 19021 6510 636 5874 724 2200 516 1684
is_linear=0
shrinkage=0.01444


Tree=319
num_leaves=15
num_cat=0
split_feature=34 7 7 27 5 12 13 30 35 11 12 16 7 27
split_gain=1.26383 0.699101 1.04971 1.29721 0.866686 2.01411 0.828245 0.551489 0.618578 0.483113 0.230872 0.199716 0.241581 0.00437468
threshold=0.032758122151732467 0.21030227905456669 0.21428951249811054 0.1455409217195818 0.092129616201375622 0.054754129903207445 1.2662734454612121 19.440000000000001 6.146681975418109 0.15552647449292845 0.19983697516237667 1.0582348004464681 0.22421656694051181 0.28967715643509789
decision_type=10 8 8 10 8 10 8 10 2 10 10 10 10 10
left_child=1 4 3 -3 5 -1 -4 11 10 -6 -9 12 -2 -13
right_child=7 2 6 -5 9 -7 -8 8 -10 -11 -12 13 -14 -15
leaf_value=-3.5501072802028316e-06 -3.0500302751272785e-05 -0.00021746008604681238 -5.8109237054745031e-05 0.00017509307045657606 1.4517314411298523e-06 0.00039460325736509781 3.7949849139303957e-06 -4.5918610339837958e-05 0.00022776880538145729 -0.00012117184892919868 3.7095815999000952e-06 0.00044766937257202216 0.0009104012187349823 -0.00051901508274366332
leaf_weight=173.3488901052624 8.057415898889305 26.888207849115133 862.78757819347084 74.864714052993804 232.58656076481566 26.375234366394579 2994.743087102659 527.92881381511688 24.799268960952759 888.60091942967847 39.048880964517593 5.2746600061655071 18.84766186401248 11.347788382321594
leaf_count=1313 110 156 3778 400 1990 146 15330 1074 56 5893 184 50 220 128
internal_value=-0.000140102 -6.41372e-05 2.88009e-05 0.00147312 -0.00035251 0.000489954 -6.11077e-06 -0.000750266 -0.000875809 -0.000514422 -0.000986529 0.000649104 0.00148081 0
internal_weight=5915.5 5280.2 3959.28 101.753 1320.91 199.724 3857.53 635.304 591.777 1121.19 566.978 43.5275 26.9051 16.6224
internal_count=30828 29006 19664 556 9342 1459 19108 1822 1314 7883 1258 508 330 178
is_linear=0
shrinkage=0.01444


Tree=320
num_leaves=15
num_cat=0
split_feature=30 26 18 20 27 18 26 27 16 27 27 27 28 16
split_gain=0.823224 0.932981 1.17986 2.17522 1.29542 0.698183 1.08809 0.911476 0.670143 1.18841 1.71767 0.59467 0.419964 0.380798
threshold=20.240000000000006 0.32046298041491694 0.047914366268189686 0.029350114839672262 0.33202560584536178 -0.018266537054394735 0.23635101326992849 0.096376811594202916 0.96063894559880147 0.27054674913786969 0.087317898763429949 1.0549368293682579 -0.055399999999999998 0.78594829792519239
decision_type=10 10 10 8 8 10 8 10 10 10 10 10 8 10
left_child=1 5 4 -4 -3 6 -1 -7 9 10 -2 12 -10 -11
right_child=8 2 3 -5 -6 7 -8 -9 11 13 -12 -13 -14 -15
leaf_value=7.8503601495476057e-05 -0.00046053380911654433 1.3272861979102112e-05 0.00062234802957320705 8.667399728808099e-05 -6.329405043522492e-05 4.7577155311431332e-06 -8.6555207726555382e-06 -0.00010906424787574929 2.4337774353857488e-05 -5.7424766334391575e-07 0.0008429394779818761 1.6974205544196464e-05 -0.00012147725198266939 -0.0002745170246938411
leaf_weight=166.5161367636174 37.498599838465452 1643.5394546219613 67.065192820504308 330.54752958891913 949.01066866121255 301.80864610010758 386.96928809722885 845.30208241427317 55.622065289877355 207.46124948002398 61.519609181210399 32.798066198825836 663.09383416548371 166.74725853465497
leaf_count=1274 218 9350 315 1574 5189 1862 1902 3736 322 1362 418 70 2402 834
internal_value=-0.000147131 -5.68887e-05 9.32977e-05 0.0008258 -1.41489e-05 -0.000328602 7.20926e-05 -0.000533286 -0.000481892 -2.68555e-05 0.00134477 -0.000750789 -0.000847846 -0.000426186
internal_weight=5915.5 4690.76 2990.16 397.613 2592.55 1700.6 553.485 1147.11 1224.74 473.227 99.0182 751.514 718.716 374.209
internal_count=30828 25202 16428 1889 14539 8774 3176 5598 5626 2832 636 2794 2724 2196
is_linear=0
shrinkage=0.01444


Tree=321
num_leaves=14
num_cat=0
split_feature=34 20 11 5 7 5 18 11 33 5 10 18 18
split_gain=0.738915 0.826179 0.975945 1.1229 0.739646 1.26658 1.43049 0.825234 0.641779 1.01662 0.76401 0.47264 0.273654
threshold=0.032758122151732467 0.064745480923788581 0.22981490318316075 0.12352813254340174 0.21030227905456669 0.17574011266013317 -0.024772901864960669 0.18366524133818249 0.081403193425757206 0.10812402160785614 0.14117313462885794 -0.016223781846996351 -0.029299026120657875
decision_type=10 10 10 8 10 8 10 10 8 8 10 10 10
left_child=4 11 -3 -4 8 7 -7 -6 10 -10 -1 12 -2
right_child=1 2 3 -5 5 6 -8 -9 9 -11 -12 -13 -14
leaf_value=1.1393848826123253e-05 -5.3075576994901127e-05 0.00065532690660511175 0.00072258147962583267 -0.0001295122527413045 0.00010174077660131139 0.00015718354847830648 4.2741353449381279e-07 -3.6167119805749822e-05 0.00014985882332934426 -4.6134906198809198e-05 -0.0001950827531951844 -0.00033085213014642383 1.8816264656163759e-05
leaf_weight=166.56456440966576 90.556320950388908 21.203762888908386 19.849716737866402 170.38127506896853 15.768707590177653 556.67624018434435 1468.9598444453441 1647.270125283394 153.97744785319082 633.6240073160734 637.35425478219986 297.06327863037586 36.250135615468025
leaf_count=932 300 54 80 544 230 2730 7564 6912 1538 5398 3702 720 124
internal_value=-0.000139597 -0.000607872 7.33131e-05 -0.000193525 -8.07181e-05 2.82886e-05 0.00027389 -0.000262984 -0.000341508 -3.07375e-05 -0.000629465 -0.000978155 -0.000119494
internal_weight=5915.5 635.304 211.435 190.231 5280.2 3688.67 2025.64 1663.04 1591.52 787.601 803.919 423.87 126.806
internal_count=30828 1822 678 624 29006 17436 10294 7142 11570 6936 4634 1144 424
is_linear=0
shrinkage=0.01444


Tree=322
num_leaves=16
num_cat=0
split_feature=26 34 11 27 21 27 10 11 20 23 35 26 21 12 23
split_gain=0.848201 1.14618 0.928172 1.53305 0.791836 1.93341 0.891304 0.788116 0.85316 1.07934 0.834192 0.618864 0.554815 1.04242 0.522557
threshold=0.4306445085591542 0.032758122151732467 0.31714905994909015 0.33202560584536178 0.022639196674279254 0.40925356278483488 0.72504386555092404 0.24618473610536118 0.028255502775772299 0.042369132919872272 2.9060807151186459 0.43458006512813258 0.011553964457212464 0.058341535834945654 0.042919406569431585
decision_type=10 8 10 10 8 10 10 10 10 10 2 10 10 10 10
left_child=7 2 11 -4 5 -3 -6 8 10 -10 -1 -2 13 -9 -14
right_child=1 4 3 -5 6 -7 -8 12 9 -11 -12 -13 14 -15 -16
leaf_value=1.2039498175196602e-05 0.00018715159819738113 0.00020284488720336759 0.00041185075948059566 2.0580985229072252e-07 -0.00028545717854291724 -9.3475979693729579e-05 2.0575016597838654e-06 9.6219066763828334e-05 6.5374906357511912e-05 -1.7178626400289685e-05 -6.1533415846091715e-05 -9.4165609748405437e-06 -0.0001446476528179425 -0.00034660394950684632 -5.693954799492919e-05
leaf_weight=40.891611743718386 24.013279299251735 26.077442456036806 471.41325707361102 771.61160428449512 380.16125935642049 66.042257696390152 49.093076407909393 58.641505550127476 345.97600453253835 388.07855738885701 640.12717081373557 1063.6489232806489 642.08733924105763 61.647650958038867 885.98874167352915
leaf_count=392 114 52 1962 3871 1930 234 114 396 1526 2457 3515 7764 2742 482 3277
internal_value=-0.000144043 3.10136e-05 0.00017229 0.000444162 -0.000574958 0.000554202 -0.000848141 -0.000311269 -5.08999e-05 0.00027987 -0.000426573 -0.000126456 -0.000526757 0.000349696 -0.000604417
internal_weight=5915.5 2852.06 2330.69 1243.02 521.374 92.1197 429.254 3063.44 1415.07 734.055 681.019 1087.66 1648.37 120.289 1528.08
internal_count=30828 16041 13711 5833 2330 286 2044 14787 7890 3983 3907 7878 6897 878 6019
is_linear=0
shrinkage=0.01444


Tree=323
num_leaves=11
num_cat=0
split_feature=27 27 26 5 16 9 9 27 0 8
split_gain=0.618055 0.723063 0.785428 1.09065 0.883953 0.780272 0.98877 0.908875 0.197651 0.0689911
threshold=0.0022332274004945273 0.26817723225145257 0.50285312320615605 -1.0000000180025095e-35 0.60968775943710207 0.19775677899704855 0.20121304316853364 0.061340413182422511 0.27107500000000007 0.14280694210845665
decision_type=8 10 8 10 8 10 10 10 2 10
left_child=8 5 3 -3 -4 7 -7 -2 9 -1
right_child=1 2 4 -5 -6 6 -8 -9 -10 -11
leaf_value=-0.0003516932125105198 6.6497766896998512e-05 2.5555000792991753e-06 0.0044864616661036312 -6.064487438953291e-05 -2.5876476222211139e-06 0.00016633251999774814 9.6040643180232583e-06 -3.6624975174970729e-05 -0.0003251615191326342 4.8169693076853218e-05
leaf_weight=12.406176074407997 131.76851117610931 64.287310746032745 13.074580568820236 1312.7920061044861 1508.230933112558 41.191281940788031 2097.1318447524682 583.21151882386766 142.22038305317983 9.1851354036480171
leaf_count=128 1218 360 84 5936 8295 248 9413 4274 792 80
internal_value=-0.00013219 -0.000104686 -0.000266097 -0.000516565 -3.06661e-05 5.47076e-05 0.000196736 -0.000351592 -0.00101462 0
internal_weight=5915.5 5751.69 2898.38 1377.08 1521.31 2853.3 2138.32 714.98 163.812 21.5913
internal_count=30828 29828 14675 6296 8379 15153 9661 5492 1000 208
is_linear=0
shrinkage=0.01444


Tree=324
num_leaves=14
num_cat=0
split_feature=34 26 8 35 12 11 28 34 26 12 12 36 32
split_gain=0.636602 0.844683 1.19152 1.35143 0.763029 0.782982 0.569502 0.509317 0.490537 0.914965 0.579871 0.664741 0.427452
threshold=0.032758122151732467 0.4306445085591542 0.22871272789544542 6.5444079719934471 0.071657429102486389 0.56160206677007751 -0.028150000000000005 0.030886867815338007 0.27220907263909155 0.036227792361878355 0.19336854771053893 1.0000000180025095e-35 0.80408970976253313
decision_type=10 10 10 2 10 10 10 10 8 10 10 2 10
left_child=1 4 7 -4 5 -1 -6 -3 9 -2 12 -12 -10
right_child=8 2 3 -5 6 -7 -8 -9 10 -11 11 -13 -14
leaf_value=-5.9341247237738566e-06 0.00064597337399558937 -9.0505589500860292e-05 2.2477996552484117e-05 0.00042203744225392792 -9.1023458962930756e-06 0.00033948241417774765 -0.00022450860924415363 0.00016393068129661766 0.0004406970900828588 -0.00054906632296302705 -0.00010061326502478736 0.00073542266777828938 -6.0457196390219497e-05
leaf_weight=2227.1240946077742 22.690626304596663 569.49678901396692 1807.7552132676356 35.674050606787205 232.72549520479515 22.687126793898642 376.34007676225156 8.3923456072807294 38.142812088131905 31.151618003845215 25.477681443095207 20.464260846376419 497.37749120593071
leaf_count=11742 50 5660 8783 154 1136 79 1396 56 440 78 126 90 1038
internal_value=-0.000132069 -7.71994e-05 0.000117602 0.000301208 -0.000246755 -0.000116911 -0.00070436 -0.000445187 -0.000567047 0.000624756 -0.00070039 0.000702522 -0.000845769
internal_weight=5915.5 5280.2 2421.32 1843.43 2858.88 2249.81 609.066 577.889 635.304 53.8422 581.462 45.9419 535.52
internal_count=30828 29006 14653 8937 14353 11821 2532 5716 1822 128 1694 216 1478
is_linear=0
shrinkage=0.01444


Tree=325
num_leaves=15
num_cat=0
split_feature=34 27 12 9 32 35 7 27 16 12 16 24 24 27
split_gain=0.723028 0.678986 0.737622 1.40942 0.486466 0.527521 0.501336 0.429167 0.224142 0.224409 0.16871 0.107313 0.0997411 0.00437468
threshold=0.032758122151732467 0.0022332274004945273 0.14234269204966096 0.3402927113402115 0.80408970976253313 6.146681975418109 0.5826375520860213 0.10132941076116296 1.0582348004464681 0.035814949660400185 1.0961285275527393 8.5000000000000018 11.500000000000002 0.28967715643509789
decision_type=10 8 8 10 10 2 10 10 10 10 8 2 2 10
left_child=1 10 3 -3 8 6 -6 -4 9 -2 11 -1 -12 -10
right_child=4 2 7 -5 5 -7 -8 -9 13 -11 12 -13 -14 -15
leaf_value=2.679019699798945e-05 -0.00035875066517509997 -5.6694225043028623e-06 0.00014855747625278553 0.00014765705011029836 -0.00016456940426422715 0.00020065012889794575 9.5531028661830104e-07 -0.00010995115622426987 0.00043433343175284058 0.0007377868060117654 4.75598122030708e-05 -0.00031436212607508505 -0.00040750620281973613 -0.00051585475672408611
leaf_weight=13.648488332517443 7.3682754747569588 3422.8473774967715 26.883460816927254 991.55203851033002 491.88317953050137 24.799268960952759 75.09451524913311 689.79334604833275 5.2746600061655071 19.536802288144827 2.7596611171029481 124.46200805902481 8.2488114833831787 11.347788382321594
leaf_count=426 76 19264 474 3986 1026 56 232 4310 50 254 308 226 12 128
internal_value=-0.000143185 -8.48866e-05 -5.42208e-05 1.26793e-05 -0.000606634 -0.000726667 -0.00083087 -0.000484237 0.000716888 0.00158963 -0.00104849 -0.00120012 0 0
internal_weight=5915.5 5280.2 5131.08 4414.4 635.304 591.777 566.978 716.677 43.5275 26.9051 149.119 138.11 11.0085 16.6224
internal_count=30828 29006 28034 23250 1822 1314 1258 4784 508 330 972 652 320 178
is_linear=0
shrinkage=0.01444


Tree=326
num_leaves=15
num_cat=0
split_feature=36 18 30 16 6 20 18 20 35 25 27 12 30 33
split_gain=0.618649 0.825548 0.921701 1.65258 1.18384 0.773947 0.798798 0.766347 0.759137 0.712566 3.11382 1.19619 0.101913 0.069433
threshold=1.0000000180025095e-35 -0.024772901864960669 16.355000000000004 0.93196479872627702 1.9116777894809494 0.062500017671441296 0.085556721188003518 0.066962227734708848 6.0161937437257844 0.30681156188046071 0.12266789090518257 0.035376763535842702 20.240000000000006 0.11107218967651501
decision_type=2 8 10 10 8 10 10 10 2 10 10 10 10 10
left_child=1 2 3 -1 -4 6 -3 -7 9 10 -2 -11 13 -10
right_child=8 5 4 -5 -6 7 -8 -9 12 11 -12 -13 -14 -15
leaf_value=0.00037740668172415944 0.00012954102025372423 -0.00010384192674666968 0.00015755554658410407 1.1810488235205534e-06 -5.4403602879289786e-05 0.00020304158297590968 7.1872713145599368e-06 -6.8069757945804483e-05 -0.00013448207292012621 -8.1132402351749271e-05 7.3572150107675259e-07 1.7449870300973397e-05 -3.2060656208220831e-06 -4.9855340417969073e-06
leaf_weight=39.599932673387229 61.650474519934505 1531.0448033197317 60.45671924110502 79.006154675967991 528.92375241499394 79.674770144745708 66.704079390503466 661.62869593081996 105.09108429448679 726.61834646994248 341.80115042463876 1589.9342808844522 24.834028176963329 18.531409194692969
leaf_count=352 688 8514 234 544 2400 496 290 3416 394 4536 1970 6756 106 132
internal_value=-0.000140341 -0.00028374 0.000134408 0.00129977 -7.89211e-05 -0.000415903 -0.000595067 -1.19448e-05 7.4483e-06 6.69314e-05 0.000627913 -2.52468e-05 -0.000990725 -0.00116145
internal_weight=5915.5 3047.04 707.987 118.606 589.38 2339.05 1597.75 741.303 2868.46 2720 403.452 2316.55 148.457 123.622
internal_count=30828 16246 3530 896 2634 12716 8804 3912 14582 13950 2658 11292 632 526
is_linear=0
shrinkage=0.01444


Tree=327
num_leaves=16
num_cat=0
split_feature=34 2 26 28 26 5 2 11 11 26 23 16 8 23 0
split_gain=0.733208 0.560625 0.560417 0.766059 0.517387 1.84879 2.24726 0.993903 1.65884 0.614611 0.610752 0.371068 1.22575 0.369307 0.0590734
threshold=0.025921503350239686 0.2269055337237465 0.84876353279456307 0.056350000000000018 0.46567929232646349 0.18094795830872787 0.24885135018094304 0.31957390841078603 0.31714905994909015 0.46840619453199672 0.14285714285714288 0.92299252931328268 0.28625692328427249 0.024207792660236763 1.0169500000000002
decision_type=10 2 8 8 10 10 2 10 10 10 8 10 10 8 2
left_child=4 11 3 -3 7 9 -7 8 -1 -6 -9 12 -2 -13 -4
right_child=1 2 14 -5 5 6 -8 10 -10 -11 -12 13 -14 -15 -16
leaf_value=-1.6062724692972594e-06 0.00020010966604266692 -8.8996656227387768e-06 -1.4908511780138688e-05 0.00063274325072475678 0.00067694243166124075 6.7177240500802498e-05 0.00081992783650458958 -0.00013344692074208437 0.0009230352434327181 -6.2318130509259468e-05 0.00083490232494760268 -1.3135774812982299e-08 -0.00029231740170771538 -0.00012999806163742727 -2.9440508067042823e-05
leaf_weight=2085.3260937104933 49.138123409822583 96.493069633841515 46.609552294015884 42.509940462186933 9.3820427497848851 1039.0591699755751 80.542829321930185 895.59594210609794 15.979636671021579 804.27101673581637 18.498654671013355 98.807873021811247 76.180481441318989 526.25367257744074 30.85158297419548
leaf_count=11458 258 226 88 102 46 7285 405 3852 80 4975 157 244 194 1384 74
internal_value=-0.000126343 -0.000491594 0.000104872 0.000704394 -5.22899e-05 0.000128238 0.000513869 -0.000172374 0 -0.000386308 -0.000569697 -0.000681041 0 -0.000824863 -0.000800518
internal_weight=5915.5 966.844 216.464 139.003 4948.66 1933.26 1119.6 3015.4 2101.31 813.653 914.095 750.38 125.319 625.062 77.4611
internal_count=30828 2570 490 328 28258 12711 7690 15547 11538 5021 4009 2080 452 1628 162
is_linear=0
shrinkage=0.01444


Tree=328
num_leaves=13
num_cat=0
split_feature=16 16 33 21 17 36 12 30 26 26 33 26
split_gain=0.85516 1.11656 2.48824 0.720229 1.22571 0.55587 0.885889 0.769154 0.296206 0.331037 0.160745 0.00452017
threshold=1.2333466345025632 1.2145532133127268 0.018153217483829923 0.15281661030690466 1.9810234015980903 1.0000000180025095e-35 0.035607654621068081 15.805000000000001 0.20655831718545234 0.56505341822309874 0.053805233680929716 0.33930834654889014
decision_type=10 10 10 8 8 2 10 10 8 10 10 8
left_child=1 5 -3 8 11 7 -7 -1 -2 -10 -4 -5
right_child=3 2 10 4 -6 6 -8 -9 9 -11 -12 -13
leaf_value=2.9702422257426264e-05 4.8331541132078391e-05 0.0011696616923726701 -0.00067849999987358654 6.65365011128384e-05 0.00015664334613966813 -3.1012749564225291e-05 2.0555443482277586e-05 -4.6966433260997362e-05 -0.00018721890400929199 -6.9429343320044542e-06 3.5870480803936319e-06 -0.00019602031373830458
leaf_weight=433.76102867326699 28.194137601181865 35.719109610654414 31.722867727279663 3.533435278572143 4.200064643751829 861.81254691979848 1654.4514410495758 2153.4342392710969 417.22476419527084 255.47472670674324 23.559140080586076 12.412179998587817
leaf_count=4868 106 106 64 964 40 5702 6822 8834 1386 1246 154 536
internal_value=-0.000139888 -7.23037e-05 0.00149916 -0.000608198 0.00188377 -0.00010305 4.53844e-05 -0.000252453 -0.000699925 -0.000769447 -0.000206158 0
internal_weight=5915.5 5194.46 91.0011 721.039 20.1457 5103.46 2516.26 2587.2 700.894 672.699 55.282 15.9456
internal_count=30828 26550 324 4278 1540 26226 12524 13702 2738 2632 218 1500
is_linear=0
shrinkage=0.01444


Tree=329
num_leaves=16
num_cat=0
split_feature=33 35 31 17 35 35 11 20 20 17 17 15 26 35 17
split_gain=0.73226 1.45352 1.16785 0.974986 0.931941 1.06344 1.74582 0.925086 0.866749 0.779659 0.747948 0.848778 0.474957 0.363696 0.282044
threshold=0.051517802760290173 4.8166458505458118 3.8649999999999998 1.4081140884534151 3.8071067368008777 3.8355738099606094 0.39680416929127577 0.049749940011309758 0.06383745509107118 0.79275998946557691 0.81497058780509046 1.2972330841704391 0.38659633426754131 6.3599457673022277 1.3057436743050346
decision_type=8 2 10 10 2 2 8 10 10 10 10 10 8 2 10
left_child=1 2 3 -1 7 6 -6 14 -4 -7 11 -3 -9 -12 -2
right_child=4 10 8 -5 5 9 -8 12 -10 -11 13 -13 -14 -15 -16
leaf_value=-1.0962569168765996e-07 -0.00015197879648450396 -0.00015726902823373306 -9.4347476745880359e-05 0.00020891163805011496 -0.00023947693718825828 -4.4276753574570706e-05 0.0012300964746708712 -0.00012634702693695968 8.1001057025120495e-06 4.7966817044813751e-05 -0.00017277852728188605 0.00019789828041996213 0.00028259089013512836 -9.7058809439980684e-07 2.1611526514125711e-06
leaf_weight=1394.0887539740652 396.60447034193203 151.26236250251532 401.29634224902838 243.22587975114584 11.525670858100058 387.13881773734465 8.6333070117980224 169.69234653096646 244.59047865122557 1154.1305372659117 863.28432117775083 65.288280561566353 257.86860695295036 93.767457840964198 73.102048349101096
leaf_count=6010 2990 586 1730 1011 102 2894 36 1132 814 7678 2981 234 1738 308 584
internal_value=-0.00013527 -0.000271367 -5.27869e-05 0.000146001 5.07692e-05 0.000268404 0.00356047 -0.000313311 -0.000576654 0.000215586 -0.00068523 2.41466e-05 0.000147346 -0.000859331 -0.000760151
internal_weight=5915.5 3456.8 2283.2 1637.31 2458.7 1561.43 20.159 897.267 645.887 1541.27 1173.6 216.551 427.561 957.052 469.707
internal_count=30828 13674 9565 7021 17154 10710 138 6444 2544 10572 4109 820 2870 3289 3574
is_linear=0
shrinkage=0.01444


Tree=330
num_leaves=13
num_cat=0
split_feature=33 26 33 10 9 13 18 12 26 22 22 30
split_gain=0.637143 0.945584 3.08986 0.971057 0.780219 1.45345 0.777503 0.719911 0.649757 0.621586 0.236279 0.0411506
threshold=0.051517802760290173 0.13652999436066404 0.018153217483829923 0.24027280621476102 0.33345008544094773 3.072190901086731 0.073597032183095115 0.016957733340093987 0.19159052716041908 0.037177169071288325 0.047193373777758348 19.225000000000005
decision_type=8 8 10 10 10 10 10 8 10 10 8 10
left_child=1 2 3 -1 6 -6 -3 11 10 -10 -9 -2
right_child=7 4 -4 -5 5 -7 -8 8 9 -11 -12 -13
leaf_value=1.7901194874113358e-06 -0.00031751359759270151 -4.6405204165796771e-05 -0.00023473467424994204 0.00087542332906719684 -5.8625818156600218e-06 0.00089418852059921182 0.00045216202696896573 -9.7530279432880368e-05 5.3345583166703124e-05 2.3233789964435413e-06 -1.6587302151973901e-05 -4.2455600526605968e-05
leaf_weight=21.552212341688573 100.94744319841266 2009.8674238435924 49.667173437774181 19.122267190366983 1198.2173240240663 63.183943874202669 95.193531996570528 223.94863088848069 432.90490435902029 1524.3168697073124 160.07382014626637 16.504136748611927
leaf_count=80 746 8470 190 44 4348 270 272 1600 3928 9034 1568 278
internal_value=-0.000150877 -0.000277554 0.00114495 0.0041393 -0.000319799 -2.4729e-05 -0.000490342 2.19247e-05 8.25771e-05 0.000193858 -0.000449999 -0.00107086
internal_weight=5915.5 3456.8 90.3417 40.6745 3366.46 1261.4 2105.06 2458.7 2341.24 1957.22 384.022 117.452
internal_count=30828 13674 314 124 13360 4618 8742 17154 16130 12962 3168 1024
is_linear=0
shrinkage=0.01444


Tree=331
num_leaves=16
num_cat=0
split_feature=34 35 26 21 24 33 33 14 30 35 30 17 15 12 33
split_gain=0.902077 0.945651 0.903179 1.18801 0.791565 0.69009 1.2866 0.917002 0.533246 0.641533 1.02428 0.358291 0.153502 0.198075 0.000669384
threshold=0.032758122151732467 5.3968493259762162 0.32911528106476756 0.016048964956625052 11.500000000000002 0.053805233680929716 0.058868328218417483 1.1839966868330432 19.440000000000001 5.5372551486009192 22.130000000000006 1.4930970523327909 1.5179242889817151 0.035814949660400185 -0.0058383466249752871
decision_type=10 2 10 10 2 10 10 8 10 2 10 10 10 10 10
left_child=1 2 4 -4 -1 7 -7 -3 12 11 -11 -10 14 -14 -2
right_child=8 5 3 -5 -6 6 -8 -9 9 10 -12 -13 13 -15 -16
leaf_value=-8.0470201690456376e-05 0.00056445874263951542 1.4308909740310664e-05 -5.1792158751738719e-05 3.855411232483823e-05 1.5978895933112105e-06 0.0016228721111215905 -1.011102608456039e-06 -0.00015498837006955668 -5.7830822090144237e-05 0.00017026963875284724 -3.2085200042675196e-05 0.00028280373360059735 -0.0003528080515861689 0.00073077312966992756 -0.00037412476196769742
leaf_weight=1159.7967400245834 5.7500149160623577 86.173083547502756 299.65807095519267 2418.897747984156 512.78142264485359 14.608074173331259 287.9492258168757 500.33082671789452 473.98554243147373 31.323174968361855 44.970737889409065 41.497508451342583 7.3821873292326954 18.341455202549696 12.053868703544138
leaf_count=8190 50 337 2894 13056 754 42 1748 1985 996 54 118 146 74 208 176
internal_value=-0.000152332 -8.75849e-05 0 0.000161819 -0.00026458 -0.000516897 1.21294e-06 -0.000806218 -0.000669331 -0.000793971 0.000316282 -0.000983826 0.000716888 0.00144223 0
internal_weight=5915.5 5280.2 4391.13 2718.56 1672.58 889.061 302.557 586.504 635.304 591.777 76.2939 515.483 43.5275 25.7236 17.8039
internal_count=30828 29006 24894 15950 8944 4112 1790 2322 1822 1314 172 1142 508 282 226
is_linear=0
shrinkage=0.01444


Tree=332
num_leaves=16
num_cat=0
split_feature=16 4 5 16 22 22 20 33 7 9 20 38 11 26 11
split_gain=0.640564 0.873339 0.974508 1.25916 0.552709 0.666549 0.985907 0.526526 0.419207 0.63041 0.436733 0.246645 0.302017 0.239561 0.0462492
threshold=1.2333466345025632 0.056696466221209323 0.53941456309703406 1.4443292663254987 0.02321521132911877 0.024476849003683816 0.027071427634698723 0.0076844477678003073 0.19006666705830128 0.17822160618349034 0.020750518452439779 3.5000000000000004 0.54740312228010024 0.27759480475026427 0.31957390841078603
decision_type=10 10 10 10 8 8 10 8 10 10 10 2 10 8 10
left_child=4 11 3 -3 8 6 -6 -7 10 -10 -1 12 -2 -13 -4
right_child=1 2 14 -5 5 7 -8 -9 9 -11 -12 13 -14 -15 -16
leaf_value=-0.00021471511565409246 -0.00015854020097207935 0.00015089267338122485 2.2986099480459775e-05 -0.00029291377761612124 1.7933874920584029e-06 -3.9122102489715095e-05 0.00023332897972438562 -1.3341254336050049e-07 8.6810052370102359e-05 -3.7490259498425625e-05 5.4239800001863357e-08 6.7494580105479383e-06 -4.1079989124214486e-06 -0.00012862005287838215 -0.00046982928210770135
leaf_weight=202.40198471769691 238.01687805727124 29.003839790821075 13.856097742915152 13.788736741989849 75.70253342948854 685.70395951066166 17.048752004280686 4007.6304894560017 16.601655848324299 152.00580968055874 37.365188685245812 41.92532955436036 94.304200110957026 263.02431038906798 27.119916036725044
leaf_count=1046 488 122 48 76 337 4233 86 19498 52 1038 260 944 170 2314 116
internal_value=-0.000152073 -0.000558929 0.000747589 0.00233037 -9.30243e-05 -4.65106e-05 0.00115381 -7.31547e-05 -0.000605341 0 -0.000993601 -0.000751696 -0.00105033 -0.000382082 -0.000599239
internal_weight=5915.5 721.039 83.7686 42.7926 5194.46 4786.09 92.7513 4693.33 408.375 168.607 239.767 637.271 332.321 304.95 40.976
internal_count=30828 4278 362 198 26550 24154 423 23731 2396 1090 1306 3916 658 3258 164
is_linear=0
shrinkage=0.01444


Tree=333
num_leaves=14
num_cat=0
split_feature=27 21 20 27 9 19 20 36 0 8 31 24 31
split_gain=0.71685 1.02033 1.40984 0.75974 0.72391 1.1779 0.649472 0.618394 0.309685 0.252536 0.223471 0.125948 0.0340678
threshold=0.27398375771774636 0.15281661030690466 0.1150394816157891 0.0022332274004945273 0.14701957171742727 0.0088578494548245141 0.015168837571763462 1.0000000180025095e-35 0.27107500000000007 0.14280694210845665 -3.4450000000000007 7.5000000000000009 4.2650000000000023
decision_type=10 10 10 8 8 10 10 2 2 10 8 2 8
left_child=3 6 -3 8 12 -6 10 -8 9 -1 -2 -10 -5
right_child=1 2 -4 4 5 -7 7 -9 11 -11 -12 -13 -14
leaf_value=-0.00033219240604370087 7.9115546514047644e-05 -0.00058012915546330258 0.00044267888115728966 -0.00015277623718069861 0.00011792456193699763 2.2255495703852642e-06 -4.0374580884102162e-05 -1.354653881891409e-06 0.00020558329422877696 4.8404542277254262e-05 -0.00022637150483374418 -0.00034344076690983173 -0.00019400790776683832
leaf_weight=12.406176074407997 14.909256298094986 18.173675950616598 15.161152304150162 88.720268484205008 17.233267919858918 2824.3634895780124 1350.2253610198386 1205.5927183334716 10.722646420355884 9.1851354036480171 210.12639820645563 131.49773663282394 7.1823991304263464
leaf_count=128 106 62 72 544 1052 13255 6509 6090 546 80 1472 246 666
internal_value=-0.000142136 -0.000309089 0.00212884 5.16841e-06 6.28024e-05 0.000108762 -0.00034344 -0.000270982 -0.000945404 0.00021879 -0.00110565 -0.001214 -0.00115605
internal_weight=5915.5 2814.19 33.3348 3101.31 2937.5 2841.6 2780.85 2555.82 163.812 21.5913 225.036 142.22 95.9027
internal_count=30828 14311 134 16517 15517 14307 14177 12599 1000 208 1578 792 1210
is_linear=0
shrinkage=0.01444


Tree=334
num_leaves=13
num_cat=0
split_feature=17 16 6 18 4 4 23 23 24 33 13 16
split_gain=0.606997 0.657111 0.809273 1.5667 0.622841 0.669348 0.296037 0.795613 0.301322 0.256388 0.201725 0.0898781
threshold=0.7091153986949339 1.2333466345025632 1.8119529412284596 -0.033381309735240054 0.24602932518970957 0.21130437598258381 0.018264897303784281 0.014501751617950533 11.500000000000002 0.054896586378607955 1.2987017724936518 0.76405879210035132
decision_type=8 10 8 10 10 8 8 10 2 8 10 8
left_child=6 4 3 -3 5 -2 7 -1 10 -4 -8 -6
right_child=1 2 9 -5 11 -7 8 -9 -10 -11 -12 -13
leaf_value=-0.00025110674499336075 -6.6037790220765918e-07 0.00012911886780082442 -5.7630248416094257e-05 -0.00042190749320979664 -0.00030144907675490475 2.9586679893007695e-05 -2.2256062298607942e-06 6.7322597115710323e-06 -0.00034919191267779537 -1.7721158036360279e-06 -0.00011520998707350622 -0.00028525165866027724
leaf_weight=27.344264838844538 4324.7284337966703 19.796523256227374 487.89254056103528 34.496690178290009 17.338524851948023 238.63908364064991 181.97706625796854 18.854089373722672 127.08076125383377 107.24013640824705 236.48789553157985 93.623671807348728
leaf_count=200 22169 54 1660 202 116 1324 1061 108 171 1890 1445 428
internal_value=-0.000120319 -6.87136e-05 -0.000499213 0.00109261 -6.04984e-06 1.71838e-05 -0.000561997 0.000377838 -0.000665861 -0.000667294 -0.000429867 -0.00107425
internal_weight=5915.5 5323.76 649.426 54.2932 4674.33 4563.37 591.744 46.1984 545.546 595.133 418.465 110.962
internal_count=30828 27843 3806 256 24037 23493 2985 308 2677 3550 2506 544
is_linear=0
shrinkage=0.01444


end of trees

feature_importances:
iv_rank=314
log_spot=292
drift_5d=254
volume_ratio_20d=215
parkinson_rv_60d=209
hv_rank=209
hist_move_std_4q=197
hist_move_avg_8q=196
hist_move_med_8q=193
iv_crush_pct=183
spy_drift_60d=182
rv_term_ratio=178
hist_move_avg_4q=171
hist_move_med_4q=157
tlt_spy_ratio_30d=152
iv_mom_week=141
vol_of_vol_20d=140
vix_current=140
parkinson_rv_20d=117
cc_rv_20d=117
cc_rv_10d=110
parkinson_rv_10d=103
vix_change_30d=84
hist_event_count=80
straddle_pct=73
iv_rv_ratio_20d=57
vix_pct_252d=56
earnings_month=51
atm_iv=42
event_vol_fraction=42
event_move_implied=40
iv_cc_rv_ratio_20d=37
timing_bmo=34
hist_straddle_accuracy=26
em_iv_pct=23
iv_rv_ratio_60d=19
timing_amc=12
dte=4
earnings_dow=1

parameters:
[boosting: gbdt]
[objective: quantile]
[metric: quantile]
[tree_learner: serial]
[device_type: cpu]
[data_sample_strategy: bagging]
[data: ]
[valid: ]
[num_iterations: 1500]
[learning_rate: 0.01444]
[num_leaves: 31]
[num_threads: 8]
[seed: 42]
[deterministic: 0]
[force_col_wise: 0]
[force_row_wise: 0]
[histogram_pool_size: -1]
[max_depth: 4]
[min_data_in_leaf: 56]
[min_sum_hessian_in_leaf: 0.001]
[bagging_fraction: 0.739614]
[pos_bagging_fraction: 1]
[neg_bagging_fraction: 1]
[bagging_freq: 0]
[bagging_seed: 400]
[bagging_by_query: 0]
[feature_fraction: 0.653595]
[feature_fraction_bynode: 1]
[feature_fraction_seed: 30056]
[extra_trees: 0]
[extra_seed: 12879]
[early_stopping_round: 0]
[early_stopping_min_delta: 0]
[first_metric_only: 0]
[max_delta_step: 0]
[lambda_l1: 0.906576]
[lambda_l2: 0.556333]
[linear_lambda: 0]
[min_gain_to_split: 0]
[drop_rate: 0.1]
[max_drop: 50]
[skip_drop: 0.5]
[xgboost_dart_mode: 0]
[uniform_drop: 0]
[drop_seed: 17869]
[top_rate: 0.2]
[other_rate: 0.1]
[min_data_per_group: 100]
[max_cat_threshold: 32]
[cat_l2: 10]
[cat_smooth: 10]
[max_cat_to_onehot: 4]
[top_k: 20]
[monotone_constraints: ]
[monotone_constraints_method: basic]
[monotone_penalty: 0]
[feature_contri: ]
[forcedsplits_filename: ]
[refit_decay_rate: 0.9]
[cegb_tradeoff: 1]
[cegb_penalty_split: 0]
[cegb_penalty_feature_lazy: ]
[cegb_penalty_feature_coupled: ]
[path_smooth: 0]
[interaction_constraints: ]
[verbosity: -1]
[saved_feature_importance_type: 0]
[use_quantized_grad: 0]
[num_grad_quant_bins: 4]
[quant_train_renew_leaf: 0]
[stochastic_rounding: 1]
[linear_tree: 0]
[max_bin: 255]
[max_bin_by_feature: ]
[min_data_in_bin: 3]
[bin_construct_sample_cnt: 200000]
[data_random_seed: 175]
[is_enable_sparse: 1]
[enable_bundle: 1]
[use_missing: 1]
[zero_as_missing: 0]
[feature_pre_filter: 1]
[pre_partition: 0]
[two_round: 0]
[header: 0]
[label_column: ]
[weight_column: ]
[group_column: ]
[ignore_column: ]
[categorical_feature: ]
[forcedbins_filename: ]
[precise_float_parser: 0]
[parser_config_file: ]
[objective_seed: 16083]
[num_class: 1]
[is_unbalance: 0]
[scale_pos_weight: 1]
[sigmoid: 1]
[boost_from_average: 1]
[reg_sqrt: 0]
[alpha: 0.9]
[fair_c: 1]
[poisson_max_delta_step: 0.7]
[tweedie_variance_power: 1.5]
[lambdarank_truncation_level: 30]
[lambdarank_norm: 1]
[label_gain: ]
[lambdarank_position_bias_regularization: 0]
[eval_at: ]
[multi_error_top_k: 1]
[auc_mu_weights: ]
[num_machines: 1]
[local_listen_port: 12400]
[time_out: 120]
[machine_list_filename: ]
[machines: ]
[gpu_platform_id: -1]
[gpu_device_id: -1]
[gpu_use_dp: 0]
[num_gpu: 1]

end of parameters

pandas_categorical:[]
