tree
version=v4
num_class=1
num_tree_per_iteration=1
label_index=0
max_feature_idx=39
objective=regression
feature_names=atm_iv straddle_pct em_iv_pct dte event_move_implied iv_crush_pct event_vol_fraction parkinson_rv_10d parkinson_rv_20d parkinson_rv_60d cc_rv_10d cc_rv_20d vol_of_vol_20d iv_rv_ratio_20d iv_rv_ratio_60d iv_cc_rv_ratio_20d rv_term_ratio volume_ratio_20d drift_5d hist_move_avg_4q hist_move_med_4q hist_move_std_4q hist_move_avg_8q hist_move_med_8q hist_event_count hist_straddle_accuracy iv_rank hv_rank iv_mom_week iv_mom_month vix_current vix_change_30d vix_pct_252d spy_drift_60d tlt_spy_ratio_30d log_spot timing_bmo timing_amc earnings_month earnings_dow
feature_infos=[0.076600000000000001:9.9451000000000001] [0.002:2.3199999999999998] [0.0068306821898022887:1.7483712750082496] [1:60] [0:0.58517663351415439] [-2.7560120240480965:0.79017428845538862] [0.07737922033616669:42.11838216217361] [0.013104374420371715:1.86328993194587] [0.014880785926387401:1.4587424077808104] [0.022470930019127294:1.5428559425060273] [0.0008731124744515077:19.628166623713842] [0.00061738375142322735:13.880748244296013] [0.0033438041791887729:1.3263597900483248] [0.20969289254619777:220.91943542399173] [0.25298354875360435:114.79632962481713] [0.019120006740923366:463.00214306100986] [0.10936248920779629:2.4494897427831788] [0.1265549438465588:7.0365091599334146] [-0.7415003290195219:3.4360189573459721] [0:0.60000000000000009] [0:0.60000000000000009] [0:0.74631856464742785] [0:0.60000000000000009] [0:0.60000000000000009] [0:21] [0.0013009757317984213:57.599198865294518] [0:1] [-4.2180616740088057:1.7635782747603834] [-1.212:0.87990000000000002] [-1.419:1.4726999999999999] [12.09:52.329999999999998] [-29.849999999999998:24.469999999999999] [0.0092348284960422165:1] [-0.15722837228372288:0.2501611343860779] [-0.2127845500662231:0.23027200357131283] [0.20701416938432612:8.6505573200529184] [0:1] [0:1] [1:12] [0:4]
tree_sizes=1869 1868 1887 1923 1917 1777 1855 1769 1765 1781 1758 1938 1647 1781 1873 1772 1774 1776 1895 1756 1772 1747 1779 1757 1781 1729 1773 1868 1749 1723 1909 1876 1871 1810 1860 1889 1857 1892 1930 1862 1913 1871 1931 1908 1885 1914 1859 1937 1915 1871 1861 1934 1917 1878 1875 1892 1887 1881 1863 1923 1809 1913 1880 1873 1859 1899 1909 1753 1816 1882 1903 1906 1861 1851 1889 1752 1877 1897 1893 1871 1832 1930 1829 1866 1921 1861 1931 1873 1844 1867 1869 1889 1801 1868 1897 1903 1892 1867 1869 1829 1886 1958 1881 1753 1890 1867 1843 1862 1871 1888 1877 1897 1879 1880 1842 1866 1864 1917 1841 1636 1876 1903 1859 1887 1916 1892 1748 1891 1825 1894 1903 1895 1791 1902 1902 1817 1777 1826 1878 1783 1731 1868 1711 1853 1898 1860 1878 1845 1881 1915 1889 1891 1766 1804 1842 1837 1849 1862 1837 1762 1885 1884 1909 1858 1848 1871 1852 1847 1864 1848 1749 1749 1880 1879 1519 1704 1740 1806 1836 1734 1653 1737 1773 1844 1591 1710 1621 1692 1911 1732 1670 1846 1790 1766 1511 1731 1530 1752 1872 1733 1511 1843 1842 1847 1902 1728 1632 1860 1847 1884 1650 1387

Tree=0
num_leaves=16
num_cat=0
split_feature=19 19 19 8 8 13 10 18 23 28 31 10 35 34 28
split_gain=3.5874 0.792657 0.597768 0.322969 0.188076 0.156282 0.151389 0.0998679 0.0969139 0.0897238 0.0668823 0.0404867 0.00959422 0.00958892 0.00911766
threshold=0.072207490468352897 0.039598228743174334 0.10521553094539736 0.32008224338379471 0.28840393175894324 1.2750925358396901 0.19672750668000397 0.092766626522146303 0.035866041849933424 0.023650000000000008 2.1200000000000006 0.23836020655166609 2.0674936703420594 -0.040703757976053849 0.02725
decision_type=10 8 10 10 8 10 8 10 10 8 10 10 2 8 10
left_child=1 8 4 10 14 -5 13 -8 12 -6 -3 -10 -1 -4 -2
right_child=2 3 6 5 9 -7 7 -9 11 -11 -12 -13 -14 -15 -16
leaf_value=0.065899971879170752 0.065879516984313005 0.0658405075687062 0.066142628653044322 0.065899971879170752 0.06602045511200462 0.066249764989377138 0.066594294107381519 0.065903229938891417 0.065604256678934936 0.066346974591539834 0.065660198489742735 0.065872515485396424 0.065500862437698731 0.06579712875804769 0.065980052524054603
leaf_weight=17.768175633158535 353.09353782050312 1378.4575146913994 20.875142563134432 384.25964765483513 367.61027936870232 472.45328143844381 1103.3814679137431 73.53344850987196 274.93100021081045 559.01319990772754 689.9820068590343 337.61597373243421 2234.49330377765 46.960614247247577 236.22513659112155
leaf_count=162 1775 9043 150 1676 1520 1890 4980 294 1260 2148 3018 1468 11858 242 1294
internal_value=0.0659 0.0657089 0.0663007 0.0658696 0.0661092 0.0660849 0.0665249 0.0665606 0.0655487 0.0662296 0.0657749 0.0657337 0.0655034 0.0659 0.0659009
internal_weight=8550.65 5789.96 2760.69 2925.15 1515.94 856.713 1244.75 1176.91 2864.81 926.623 2068.44 612.547 2252.26 67.8358 589.319
internal_count=42778 30375 12403 15627 6737 3566 5666 5274 14748 3668 12061 2728 12020 392 3069
is_linear=0
shrinkage=1


Tree=1
num_leaves=16
num_cat=0
split_feature=22 22 22 9 11 9 26 5 19 19 30 27 9 35 9
split_gain=4.02476 0.760294 0.56151 0.261756 0.228093 0.185541 0.172085 0.0812962 0.0531492 0.0459578 0.0388619 0.0373898 0.0140881 0.00271626 0.00211631
threshold=0.062951870329875023 0.098950363086783094 0.035449354165486058 0.32507910925737588 0.3009809796100148 0.32507910925737588 0.3594697246305753 0.082900240150985141 0.10407937444022093 0.050053559343570371 20.795000000000005 0.66925680336632998 0.33205055112768117 2.0674936703420594 0.33861521453194787
decision_type=10 10 8 10 8 10 8 8 10 10 10 10 10 2 10
left_child=2 3 12 8 10 9 -6 -5 -2 -4 -3 -7 13 -1 -14
right_child=1 4 5 7 6 11 -8 -9 -10 -11 -12 -13 14 -15 -16
leaf_value=0 0 0.00030924880314342137 -0.00023506616578223657 4.5028480424599656e-05 0.00028591803219240024 0.00011183672115235524 0.00082988808442747411 0.00041247872490715972 0.00030577998990722005 -8.6710178738112935e-05 0 -8.0074182271244829e-05 0 -0.00043087371572069042 -0.0001585917779345931
leaf_weight=9.2502855262719077 933.99210403626785 245.06244503939524 1389.8237281965557 209.15772198699415 202.89293301152065 595.58864763006568 788.78346003824845 829.24315712694079 115.91545125469565 943.90027436846867 50.021609336137772 202.32249998115003 13.356592941097913 1878.8014798341319 142.54134061187506
leaf_count=98 4749 1510 8064 682 966 2428 3160 3550 484 4833 134 1052 76 10160 832
internal_value=0 0.000362979 -0.000236733 0.000195842 0.000625399 -0.000117957 0.000730025 0.000349287 3.3351e-05 -0.000179882 0.000235431 4.91332e-05 -0.000413186 -0.000429512 -0.000143278
internal_weight=8550.65 3375.07 5175.58 2088.31 1286.76 3131.64 991.676 1038.4 1049.91 2333.72 295.084 797.911 2043.95 1888.05 155.898
internal_count=42778 15235 27543 9465 5770 16377 4126 4232 5233 12897 1644 3480 11166 10258 908
is_linear=0
shrinkage=0.0135118


Tree=2
num_leaves=16
num_cat=0
split_feature=9 23 23 23 13 23 10 11 23 34 9 9 33 23 16
split_gain=3.04202 0.845814 0.530029 0.365334 0.238649 0.21172 0.14423 0.135506 0.135205 0.0883498 0.0736226 0.0666319 0.0397511 0.0340835 0.0314609
threshold=0.32507910925737588 0.075366057912990073 0.078870175250158561 0.035866041849933424 1.279462719156834 0.040537934872058708 0.32800822477800939 0.3145330047395154 0.09996095759668365 0.028992328967738182 0.22059924329481623 0.36368221331270334 0.052733509998065149 0.021773886726601719 0.76964982809801763
decision_type=10 10 10 10 10 8 8 10 10 10 8 10 10 8 10
left_child=1 3 4 13 12 -6 14 11 -8 -9 -5 -4 -2 -1 -3
right_child=2 6 7 10 5 -7 8 9 -10 -11 -12 -13 -14 -15 -16
leaf_value=-0.00044455086100332196 -8.1012892128575796e-05 0 0 -0.00026323458571702967 0 0.00040558807509898207 8.9370600115076454e-05 0.0007018236313001135 0.0011381917163721298 0.00017324533887635134 -7.0986867115647081e-05 0.00043640598529460508 0.00016286417603867718 -0.00029238380528801689 0.00021366798445991643
leaf_weight=1049.2982649188489 480.79745077434927 64.623722402378917 108.7410639859736 563.49733450496569 324.09436087403446 921.92019378487021 69.198026264552027 842.51130951289088 75.890312309376895 125.46508903801441 1900.4503685319796 96.146950845606625 154.58175907842815 1493.0362705339212 280.40125355962664
leaf_count=6116 2068 476 488 3668 1710 3526 564 3198 602 548 8660 476 752 8246 1680
internal_value=0 -0.000189966 0.000341874 -0.00024372 0.000192185 0.000301187 0.000336054 0.000572314 0.000716406 0.000644965 -0.000119529 0.000174003 -4.00795e-06 -0.000359645 0.000143113
internal_weight=8550.65 5496.4 3054.26 5006.28 1881.39 1246.01 490.113 1172.86 145.088 967.976 2463.95 204.888 635.379 2542.33 345.025
internal_count=42778 30012 12766 26690 8056 5236 3322 4710 1166 3746 12328 964 2820 14362 2156
is_linear=0
shrinkage=0.0135118


Tree=3
num_leaves=16
num_cat=0
split_feature=22 22 22 9 26 9 34 13 22 33 22 18 9 21 34
split_gain=3.83526 0.721154 0.533411 0.24632 0.207167 0.174302 0.148129 0.135016 0.0518683 0.0505549 0.0441781 0.0405343 0.0114266 0.0111057 0.00951261
threshold=0.062951870329875023 0.098950363086783094 0.035449354165486058 0.32507910925737588 0.34655086320952172 0.32507910925737588 0.024975376640012262 1.2709654149894996 0.084171319811266812 0.038712463141247884 0.056863656406693622 -0.0076912363173050604 0.33205055112768117 0.056664448896959131 -0.034791355519316218
decision_type=10 10 8 10 8 10 10 10 10 10 10 8 10 10 10
left_child=2 3 12 8 11 10 -6 -5 -2 -7 -4 -3 13 -1 -14
right_child=1 4 5 7 6 9 -8 -9 -10 -11 -12 -13 14 -15 -16
leaf_value=-0.00042079072855162966 -5.9207660062702457e-06 0.00043146544906514354 -0.00020223421027077242 3.5126923228097862e-05 0.00078337563460190867 -2.8317054522611716e-05 0.00023002407610706681 0.00043469001471210697 0.00020802465791766022 0.00017379381395331859 -9.8473241055304512e-06 3.2825520322430826e-06 0 0 -0.0002054008528607788
leaf_weight=1881.123320965562 805.0781184588559 103.45279244892299 1947.2394826088566 273.37859056051821 852.11737911822274 447.64099783357233 167.08429051190615 765.02228855341673 244.8294368321076 350.27014977764338 386.48451995616779 164.10598534625024 41.149096373468637 6.9284443948417893 114.74883717950433
leaf_count=10224 3876 486 10916 1190 3832 1874 578 3042 1357 1606 1981 874 420 34 488
internal_value=0 0.000354384 -0.00023104 0.000191391 0.000610081 -0.000115143 0.000703756 0.000340326 3.33613e-05 4.64168e-05 -0.000175177 0.000210991 -0.000403083 -0.000418738 -0.000141296
internal_weight=8550.65 3375.07 5175.58 2088.31 1286.76 3131.64 1019.2 1038.4 1049.91 797.911 2333.72 267.559 2043.95 1888.05 155.898
internal_count=42778 15235 27543 9465 5770 16377 4410 4232 5233 3480 12897 1360 11166 10258 908
is_linear=0
shrinkage=0.0135118


Tree=4
num_leaves=16
num_cat=0
split_feature=19 9 19 23 9 23 10 26 23 26 26 9 19 34 27
split_gain=3.25077 0.772584 0.546203 0.311738 0.199626 0.167222 0.142386 0.152755 0.127002 0.105085 0.100447 0.0562796 0.0225521 0.00919594 0.00809144
threshold=0.072207490468352897 0.32507910925737588 0.10521553094539736 0.035866041849933424 0.29658376811869841 0.079448338681756672 0.19672750668000397 0.3594697246305753 0.082219089507915941 0.26421125725682088 0.19286348816998608 0.22059924329481623 0.039598228743174334 -0.040703757976053849 0.1906318232015817
decision_type=10 10 10 10 8 10 8 8 10 8 8 8 8 8 10
left_child=1 3 4 12 14 10 13 -8 -7 -6 -3 -5 -1 -4 -2
right_child=2 5 6 11 9 8 7 -9 -10 -11 -12 -13 -14 -15 -16
leaf_value=-0.00039728417352705983 2.9819399205565338e-06 -0.00028785844200201625 0.00022755589669797035 -0.00026240151308975341 0 0.0019448252550180348 0.00025364463416090215 0.00071817623943769434 0.00026028427795414619 0.00035654041116526424 0.00010688089057006463 -7.8455658116647232e-05 -0.00021890032977914478 -0.00011066418817490717 -8.9031472170102776e-05
leaf_weight=2029.5732166166417 277.26910242903978 121.49468627758324 20.875142563134432 523.11098394077271 141.10040944209322 15.549347890540956 246.03165721148252 930.88325921213254 74.206260778009892 904.68157572392374 1034.145515743643 1512.4228836596012 479.45800909097306 46.960614247247577 192.89106609299779
leaf_count=10808 1367 562 150 3410 594 40 1196 4078 250 3658 4768 7151 3386 242 1118
internal_value=0 -0.000181838 0.000381588 -0.000264279 0.000198051 0.00011 0.000595999 0.000630685 0.000682924 0.000302715 5.56185e-05 -0.000131266 -0.000367695 0 -1.10081e-05
internal_weight=8550.65 5789.96 2760.69 4544.57 1515.94 1245.4 1244.75 1176.91 89.7556 1045.78 1155.64 2035.53 2509.03 67.8358 470.16
internal_count=42778 30375 12403 24755 6737 5620 5666 5274 290 4252 5330 10561 14194 392 2485
is_linear=0
shrinkage=0.0135118


Tree=5
num_leaves=15
num_cat=0
split_feature=22 22 22 20 11 26 21 8 8 16 21 33 21 35
split_gain=3.65015 0.685485 0.506299 0.21551 0.214474 0.157754 0.145737 0.116292 0.114827 0.0621391 0.0601247 0.0427824 0.0101739 0.00934751
threshold=0.062951870329875023 0.098950363086783094 0.035449354165486058 0.093336145042857491 0.3009809796100148 0.3594697246305753 0.067449723219678598 0.29083417735874101 0.30508000969925936 0.97648051690964144 0.073988720498535152 0.04986064730102558 0.056664448896959131 2.0674936703420594
decision_type=10 10 8 10 8 8 10 10 10 10 10 10 10 2
left_child=2 3 12 7 9 -6 -5 -2 10 -3 -4 -10 13 -1
right_child=1 4 8 6 5 -7 -8 -9 11 -11 -12 -13 -14 -15
leaf_value=0 -2.302606955182047e-06 0.00033684361944410747 -0.00017563637045972467 0.00019375532341318793 0.00026801156606436191 0.00079238592683975408 0.00078630391546866552 0.00021134032357714074 -3.546348573699204e-05 0 0.00018957987395050257 0.0001718386691471314 0 -0.00039738102554320366
leaf_weight=15.114812774118034 752.15989272994921 221.38599893637002 2246.3143441996071 254.26187790324911 202.89293301152065 788.78346003824845 177.5425571706146 904.34410660108551 586.41719037434086 73.698055439162999 55.792238315567374 243.11137728672475 6.9284443948417893 2021.906441744417
leaf_count=142 4033 1200 12451 1166 966 3160 712 3554 2474 444 274 1178 34 10990
internal_value=0 0.000345775 -0.000225346 0.000186665 0.000595174 0.000696524 0.000463749 0.000107595 -0.000112301 0.000216242 -0.000161894 1.18455e-05 -0.000393021 -0.000394845
internal_weight=8550.65 3375.07 5175.58 2088.31 1286.76 991.676 431.804 1656.5 3131.64 295.084 2302.11 829.529 2043.95 2037.02
internal_count=42778 15235 27543 9465 5770 4126 1878 7587 16377 1644 12725 3652 11166 11132
is_linear=0
shrinkage=0.0135118


Tree=6
num_leaves=16
num_cat=0
split_feature=20 9 23 23 21 9 10 18 38 23 24 9 18 23 21
split_gain=2.90087 1.10414 0.345742 0.338189 0.291824 0.201994 0.151066 0.172876 0.139348 0.0898661 0.0767464 0.0611748 0.0596272 0.0279972 0.0125398
threshold=0.078410411424968671 0.32507910925737588 0.035866041849933424 0.079448338681756672 0.056664448896959131 0.36572886717807457 0.19672750668000397 0.092766626522146303 7.5000000000000009 0.13869521272874336 10.500000000000002 0.22059924329481623 -0.024256245725550071 0.02397883911427157 0.086786587679420407
decision_type=10 10 10 10 10 10 8 10 2 10 2 8 8 8 10
left_child=1 2 13 8 9 -5 14 -8 -3 12 -11 -4 -2 -1 -6
right_child=4 3 11 5 6 -7 7 -9 -10 10 -12 -13 -14 -15 -16
leaf_value=-0.00041872331297048126 0.00035762303962110257 0 -0.00024766740264417541 0 -6.6795470949112891e-05 0.00097059947318218424 0.00066556978554064238 0 0.00031261176734716765 0 0.0012990096596534957 -6.8653994850279015e-05 3.9077036850672333e-05 -0.00027498209982071398 0.00029472366017559414
leaf_weight=1290.1175231151283 193.60465592611581 1135.6095473039895 561.32577888434753 38.742044560611248 62.485689982771873 137.59644069522619 1099.3284705034457 83.688534482382238 367.48356587160379 22.330113607924432 27.843516409397125 1799.1393219968304 478.86283093551174 1229.7236747064162 22.772021938115358
leaf_count=7214 794 4622 3644 148 274 426 4656 304 2112 400 46 8356 2592 7062 128
internal_value=0 -0.000136968 -0.000240715 0.000157835 0.000451843 0.000725809 0.000580837 0.000620471 8.35977e-05 0.000209788 0.000815131 -0.000115998 0.000147571 -0.000353067 0
internal_weight=8550.65 6559.74 4880.31 1679.43 1990.92 176.338 1268.27 1183.02 1503.09 722.641 50.1736 2360.47 672.467 2519.84 85.2577
internal_count=42778 33584 26276 7308 9194 574 5362 4960 6734 3832 446 12000 3386 14276 402
is_linear=0
shrinkage=0.0135118


Tree=7
num_leaves=15
num_cat=0
split_feature=22 22 22 7 11 16 26 7 16 7 7 32 23 35
split_gain=3.47499 0.648482 0.4811 0.207844 0.206139 0.183081 0.152853 0.121691 0.0598191 0.0432798 0.0403179 0.0390691 0.0101172 0.00897096
threshold=0.062951870329875023 0.098950363086783094 0.035449354165486058 0.31954429442857318 0.3009809796100148 1.0858967104883412 0.3594697246305753 0.3345356673182282 0.97648051690964144 0.20018118702871157 0.17869501120642048 0.6358839050131927 0.037705730597995347 2.0674936703420594
decision_type=10 10 8 10 8 10 8 10 10 8 8 10 10 2
left_child=2 3 12 10 8 -5 -6 9 -3 -4 -2 -9 13 -1
right_child=1 4 7 5 6 -7 -8 11 -10 -11 -12 -13 -14 -15
leaf_value=0 -0.0001804025348796467 0.00032685643723817382 -0.00027224256523748378 0.00052413844458376547 0.00025713069349741883 0.00010836589371625826 0.00077388331982298109 0.00016630696282764499 0 -0.00011266006107292548 8.0720684113710369e-05 -2.523870262158275e-05 0 -0.00038814359184744836
leaf_weight=15.114812774118034 98.682411819230765 221.38599893637002 590.95661149779335 483.20812373235822 202.89293301152065 460.51450787484646 788.78346003824845 273.64391694357619 73.698055439162999 1817.4754983910825 1045.903390978463 449.55912334378809 12.783016259782015 2016.0518698794767
leaf_count=142 782 1200 4054 1732 966 1806 3160 1040 444 9357 5145 1926 148 10876
internal_value=0 0.000337487 -0.000219763 0.000182501 0.000580196 0.00033323 0.000679576 -0.000109439 0.000207893 -0.0001565 4.83781e-05 3.18082e-05 -0.000383269 -0.000385653
internal_weight=8550.65 3375.07 5175.58 2088.31 1286.76 943.723 991.676 3131.64 295.084 2408.43 1144.59 723.203 2043.95 2031.17
internal_count=42778 15235 27543 9465 5770 3538 4126 16377 1644 13411 5927 2966 11166 11018
is_linear=0
shrinkage=0.0135118


Tree=8
num_leaves=15
num_cat=0
split_feature=22 22 22 20 26 34 21 10 10 21 20 18 21 23
split_gain=3.38416 0.630686 0.46767 0.204579 0.184585 0.146991 0.138106 0.100337 0.0792537 0.0453185 0.0426377 0.0401482 0.00986729 0.0099386
threshold=0.062951870329875023 0.098950363086783094 0.035449354165486058 0.093336145042857491 0.34655086320952172 0.024975376640012262 0.067449723219678598 0.22279557587583906 0.35386121469543402 0.054086027908525854 0.058831193472947747 -0.0076912363173050604 0.056664448896959131 0.037705730597995347
decision_type=10 10 8 10 8 10 10 10 10 10 8 8 10 10
left_child=2 3 12 8 11 -6 -5 10 -2 -9 -4 -3 13 -1
right_child=1 4 7 6 5 -7 -8 9 -10 -11 -12 -13 -14 -15
leaf_value=-0.00038227587666363503 1.921058206298869e-05 0.00040802758566210121 -0.00025041530442539384 0.00018586805354013533 0.00073945318913289408 0.00019379943521655442 0.00076454067785904718 -7.1078667812315524e-05 0.00022716822387900719 0.00010967535190070458 0 0 0 0
leaf_weight=2024.238238258753 1044.1368947648443 103.45279244892299 943.42603385355324 254.26187790324911 852.11737911822274 167.08429051190615 177.5425571706146 1712.6649440047331 612.36710456619039 255.46684070024639 220.07733161770739 164.10598534625024 6.9284443948417893 12.783016259782015
leaf_count=10984 5049 486 5108 1166 3832 578 712 7767 2538 1186 2316 874 34 148
internal_value=0 0.000333064 -0.000216855 0.000180109 0.00057248 0.000661083 0.000450143 -0.000108009 0.000102878 -4.19124e-05 -0.000210147 0.000192743 -0.000378097 -0.000379904
internal_weight=8550.65 3375.07 5175.58 2088.31 1286.76 1019.2 431.804 3131.64 1656.5 1968.13 1163.5 267.559 2043.95 2037.02
internal_count=42778 15235 27543 9465 5770 4410 1878 16377 7587 8953 7424 1360 11166 11132
is_linear=0
shrinkage=0.0135118


Tree=9
num_leaves=15
num_cat=0
split_feature=22 22 22 9 11 9 26 13 33 22 22 30 23 35
split_gain=3.29769 0.613577 0.45461 0.218485 0.200553 0.152892 0.143101 0.130788 0.0480539 0.0478633 0.0417396 0.0383526 0.00957538 0.00872924
threshold=0.062951870329875023 0.098950363086783094 0.035449354165486058 0.32507910925737588 0.3009809796100148 0.32507910925737588 0.3594697246305753 1.2709654149894996 0.038712463141247884 0.084171319811266812 0.056863656406693622 16.470000000000002 0.037705730597995347 2.0674936703420594
decision_type=10 10 8 10 8 10 8 10 10 10 10 10 10 2
left_child=2 3 12 9 11 10 -6 -5 -7 -2 -4 -3 13 -1
right_child=1 4 5 7 6 8 -8 -9 -10 -11 -12 -13 -14 -15
leaf_value=0 -8.980531999186595e-06 0.00038132638163042222 -0.00018898558084297414 1.8832873967925152e-05 0.00025097205028734376 -2.8360756151739326e-05 0.00075463073222396392 0.00041041056331412467 0.00016859062836676125 0.00019709119622063605 -2.499197936661674e-06 0 0 -0.00037775340635197555
leaf_weight=15.114812774118034 805.0781184588559 127.21992439730093 1947.2394826088566 273.37859056051821 202.89293301152065 447.64099783357233 788.78346003824845 765.02228855341673 350.27014977764338 244.8294368321076 386.48451995616779 167.86412997823209 12.783016259782015 2016.0518698794767
leaf_count=142 3876 756 10916 1190 966 1874 3160 3042 1606 1357 1981 888 148 10876
internal_value=0 0.000328874 -0.000213973 0.000177895 0.000565083 -0.000106586 0.000662999 0.000318142 4.41069e-05 2.84624e-05 -0.000162904 0.000197713 -0.000372982 -0.000375302
internal_weight=8550.65 3375.07 5175.58 2088.31 1286.76 3131.64 991.676 1038.4 797.911 1049.91 2333.72 295.084 2043.95 2031.17
internal_count=42778 15235 27543 9465 5770 16377 4126 4232 3480 5233 12897 1644 11166 11018
is_linear=0
shrinkage=0.0135118


Tree=10
num_leaves=15
num_cat=0
split_feature=22 22 22 9 11 9 26 13 20 33 19 30 23 9
split_gain=3.21256 0.597444 0.441903 0.212806 0.19388 0.14881 0.138174 0.126758 0.0538965 0.0468372 0.0421044 0.0370446 0.00931566 0.00361388
threshold=0.062951870329875023 0.098950363086783094 0.035449354165486058 0.32507910925737588 0.3009809796100148 0.32507910925737588 0.3594697246305753 1.2709654149894996 0.10409046931126058 0.038712463141247884 0.050053559343570371 16.470000000000002 0.037705730597995347 0.43941673046107804
decision_type=10 10 8 10 8 10 8 10 10 10 10 10 10 10
left_child=2 3 12 8 11 10 -6 -5 -2 -7 -4 -3 13 -1
right_child=1 4 5 7 6 9 -8 -9 -10 -11 -12 -13 -14 -15
leaf_value=-0.00037292619005227631 0 0.00037618837269743564 -0.00021314094147723047 1.8578736932315322e-05 0.00024758689827486947 -2.7977854762062732e-05 0.00074443888781242095 0.00040486775332351007 0.00033459578883726101 0.0001663149833830507 -7.1743829384394653e-05 0 0 0
leaf_weight=2006.7128535793163 955.0521077006124 127.21992439730093 1389.8237281965557 273.37859056051821 202.89293301152065 447.64099783357233 788.78346003824845 765.02228855341673 94.855447590351105 350.27014977764338 943.90027436846867 167.86412997823209 12.783016259782015 24.453829074278474
leaf_count=10840 4785 756 8064 1190 966 1874 3160 3042 448 1606 4833 888 148 178
internal_value=0 0.000324651 -0.000211143 0.000175565 0.00055779 -0.000105194 0.000654198 0.000313991 2.79346e-05 4.33222e-05 -0.000160769 0.000195494 -0.000367948 -0.000370237
internal_weight=8550.65 3375.07 5175.58 2088.31 1286.76 3131.64 991.676 1038.4 1049.91 797.911 2333.72 295.084 2043.95 2031.17
internal_count=42778 15235 27543 9465 5770 16377 4126 4232 5233 3480 12897 1644 11166 11018
is_linear=0
shrinkage=0.0135118


Tree=11
num_leaves=16
num_cat=0
split_feature=19 9 19 23 9 23 10 26 23 28 26 9 19 35 34
split_gain=2.7193 0.663464 0.460784 0.255926 0.173668 0.142619 0.126639 0.130557 0.125902 0.115685 0.0951374 0.0497807 0.0171999 0.0106249 0.00869375
threshold=0.072207490468352897 0.32507910925737588 0.10521553094539736 0.035866041849933424 0.29658376811869841 0.079448338681756672 0.19672750668000397 0.3594697246305753 0.082219089507915941 0.025600000000000043 0.19286348816998608 0.21970442494666056 0.039598228743174334 4.3398365150749898 -0.039030637341303458
decision_type=10 10 10 10 8 10 8 8 10 8 8 8 8 2 10
left_child=1 3 4 12 13 10 14 -8 -7 -6 -3 -5 -1 -2 -4
right_child=2 5 6 11 9 8 7 -9 -10 -11 -12 -13 -14 -15 -16
leaf_value=-0.00036362764857726648 -0.00010017562794806697 -0.00028088640109598476 0.00020231942063979032 -0.00024611761182851609 8.6867170299505109e-05 0.0018720899870543943 0.00022588847164205244 0.00066060046055443705 0.00021731446521286365 0.00041151385071990095 0.00010312513051917373 -7.1370129067851136e-05 -0.00019785787639109681 8.5646452349490984e-06 -0.00012279361847902822
leaf_weight=2029.5732166166417 200.09879774879664 121.49468627758324 21.05540544912219 514.22537487838417 465.77811808651313 15.549347890540956 246.03165721148252 930.88325921213254 74.206260778009892 580.00386707950383 1034.145515743643 1521.3084927219898 479.45800909097306 270.06137077324092 46.780351361259818
leaf_count=10808 1156 562 216 3344 1906 40 1196 4078 250 2346 4768 7217 3386 1329 176
internal_value=0 -0.000165981 0.000349333 -0.00024245 0.00017988 0.000104062 0.0005466 0.000579332 0.00063453 0.000277703 5.29924e-05 -0.000121051 -0.000336445 -1.39569e-05 0
internal_weight=8550.65 5789.96 2760.69 4544.57 1515.94 1245.4 1244.75 1176.91 89.7556 1045.78 1155.64 2035.53 2509.03 470.16 67.8358
internal_count=42778 30375 12403 24755 6737 5620 5666 5274 290 4252 5330 10561 14194 2485 392
is_linear=0
shrinkage=0.0135118


Tree=12
num_leaves=14
num_cat=0
split_feature=22 22 22 9 9 9 13 16 33 33 22 23 35
split_gain=3.05845 0.567247 0.4193 0.202066 0.147273 0.140429 0.122591 0.117164 0.046012 0.0456215 0.0397402 0.00890157 0.00845203
threshold=0.062951870329875023 0.098950363086783094 0.035449354165486058 0.32507910925737588 0.28260988770213397 0.32507910925737588 1.2709654149894996 0.74262809133239416 0.040277115408499549 0.038712463141247884 0.056863656406693622 0.037705730597995347 2.0674936703420594
decision_type=10 10 8 10 8 10 10 10 8 10 10 10 2
left_child=2 3 11 8 -3 10 -5 -6 -2 -7 -4 12 -1
right_child=1 4 5 6 7 9 -8 -9 -10 -11 -12 -13 -14
leaf_value=0 -6.2273464316099978e-05 0 -0.00018196699283428428 1.5356140664949171e-05 0.001030194111865749 -2.8927583106211061e-05 0.00039559868107496508 0.00050775611041947494 0.00011078754625894749 0.00016302569004563076 0 0 -0.0003633679846066342
leaf_weight=15.114812774118034 442.32939226273447 65.960653140675277 1947.2394826088566 273.37859056051821 142.10324042476714 447.64099783357233 765.02228855341673 1078.6965538598597 607.57816302822903 350.27014977764338 386.48451995616779 12.783016259782015 2016.0518698794767
leaf_count=142 1799 664 10916 1190 1176 1874 3042 3930 3434 1606 1981 148 10876
internal_value=0 0.000316863 -0.000205922 0.000171386 0.000544148 -0.000102585 0.000306312 0.000578022 2.72182e-05 4.13444e-05 -0.000156591 -0.000358726 -0.000360963
internal_weight=8550.65 3375.07 5175.58 2088.31 1286.76 3131.64 1038.4 1220.8 1049.91 797.911 2333.72 2043.95 2031.17
internal_count=42778 15235 27543 9465 5770 16377 4232 5106 5233 3480 12897 11166 11018
is_linear=0
shrinkage=0.0135118


Tree=13
num_leaves=15
num_cat=0
split_feature=22 22 22 20 11 16 21 10 11 16 0 20 21 23
split_gain=2.97839 0.55147 0.407558 0.190952 0.185506 0.140478 0.132663 0.0919851 0.0764423 0.0550557 0.0435264 0.0399157 0.00942926 0.0087496
threshold=0.062951870329875023 0.098950363086783094 0.035449354165486058 0.093336145042857491 0.3009809796100148 0.74262809133239416 0.067449723219678598 0.22279557587583906 0.33676142955024518 0.97648051690964144 0.51362500000000011 0.058831193472947747 0.056664448896959131 0.037705730597995347
decision_type=10 10 8 10 8 10 10 10 10 10 2 8 10 10
left_child=2 3 12 8 9 -6 -5 11 -2 -3 -9 -4 13 -1
right_child=1 4 7 6 5 -7 -8 10 -10 -11 -12 -13 -14 -15
leaf_value=-0.00035790059356958966 3.8453137763776736e-06 0.00029896863623931442 -0.00023783078260453092 0.00017063655106911045 0.0012341646826979772 0.00055430273039306656 0.00073719603629376473 -8.5818950406581367e-05 0.00020286007189227788 -1.7707101381844013e-05 4.0892458325946979e-05 0 0 0
leaf_weight=2024.238238258753 959.8007296374999 221.38599893637002 943.42603385355324 254.26187790324911 94.866970414295793 896.80942263547331 177.5425571706146 1309.6320132547989 696.70326969353482 73.698055439162999 658.49977145018056 220.07733161770739 6.9284443948417893 12.783016259782015
leaf_count=10984 4649 1200 5108 1166 828 3298 712 5934 2938 444 3019 2316 34 148
internal_value=0 0.000312697 -0.0002032 0.000169144 0.000536862 0.000631049 0.000429913 -0.000101247 9.43323e-05 0.00018205 -3.77355e-05 -0.000199013 -0.000353885 -0.000355676
internal_weight=8550.65 3375.07 5175.58 2088.31 1286.76 991.676 431.804 3131.64 1656.5 295.084 1968.13 1163.5 2043.95 2037.02
internal_count=42778 15235 27543 9465 5770 4126 1878 16377 7587 1644 8953 7424 11166 11132
is_linear=0
shrinkage=0.0135118


Tree=14
num_leaves=16
num_cat=0
split_feature=22 22 22 9 11 9 26 12 20 33 19 31 9 26 26
split_gain=2.90157 0.535835 0.396156 0.194188 0.180387 0.134833 0.13234 0.0810766 0.0494968 0.0445515 0.0394095 0.02588 0.00890667 0.00668571 0.00349473
threshold=0.062951870329875023 0.098950363086783094 0.035449354165486058 0.32507910925737588 0.3009809796100148 0.32507910925737588 0.3594697246305753 0.064297426739409747 0.10409046931126058 0.038712463141247884 0.050053559343570371 4.8200000000000003 0.33205055112768117 0.44383190018514013 0.048678480485905389
decision_type=10 10 8 10 8 10 8 10 10 10 10 10 10 8 8
left_child=2 3 12 8 11 10 -6 -5 -2 -7 -4 -3 14 -14 -1
right_child=1 4 5 7 6 9 -8 -9 -10 -11 -12 -13 13 -15 -16
leaf_value=0 0 0.00023842477007628976 -0.00020350803097233706 0.00047347391606045012 0.00022502193991178512 -2.8238079774475698e-05 0.00071063289748224997 0.00017706719130955307 0.00031955285959588082 0.00016123087072200733 -6.6388204813127736e-05 0 -0.00017529872246158635 0 -0.00036529949441037763
leaf_weight=18.008920357562602 955.0521077006124 249.43721196101978 1389.8237281965557 390.12873902916908 202.89293301152065 447.64099783357233 788.78346003824845 648.27214008476585 94.855447590351105 350.27014977764338 943.90027436846867 45.64684241451323 98.159619197249413 57.73831435572356 1870.0428450028412
leaf_count=152 4785 1492 8064 1712 966 1874 3160 2520 448 1606 4833 152 490 418 10106
internal_value=0 0.000308701 -0.0002005 0.000167078 0.000529733 -9.99099e-05 0.000622683 0.000299332 2.55551e-05 4.09431e-05 -0.000152865 0.000179083 -0.000349096 -0.000107531 -0.000363089
internal_weight=8550.65 3375.07 5175.58 2088.31 1286.76 3131.64 991.676 1038.4 1049.91 797.911 2333.72 295.084 2043.95 155.898 1888.05
internal_count=42778 15235 27543 9465 5770 16377 4126 4232 5233 3480 12897 1644 11166 908 10258
is_linear=0
shrinkage=0.0135118


Tree=15
num_leaves=15
num_cat=0
split_feature=22 22 22 9 9 9 13 16 21 33 22 21 9 32
split_gain=2.82684 0.521073 0.385318 0.188995 0.13996 0.131236 0.118865 0.111534 0.0447807 0.0444544 0.0381161 0.00918462 0.0086726 3.39241e-06
threshold=0.062951870329875023 0.098950363086783094 0.035449354165486058 0.32507910925737588 0.28260988770213397 0.32507910925737588 1.2709654149894996 0.74262809133239416 0.032793093731122179 0.040277115408499549 0.056863656406693622 0.056664448896959131 0.33205055112768117 0.53034300791556743
decision_type=10 10 8 10 8 10 10 10 8 8 10 10 10 10
left_child=2 3 11 9 13 10 -5 -6 -7 -2 -4 12 -1 -3
right_child=1 4 5 6 7 8 -8 -9 -10 -11 -12 -13 -14 -15
leaf_value=-0.00036017413434928831 -6.2757302169529411e-05 0 -0.00017564073421573754 8.9680403993773888e-06 0.00099758727405203809 -5.9025292683295641e-05 0.00038312243023826158 0.0004869471086539045 0.0001329325590871607 0.00010759305599965116 0 0 -0.0001060431990943582 -3.8415207647837798e-06
leaf_weight=1881.123320965562 442.32939226273447 24.348270926158875 1947.2394826088566 273.37859056051821 142.10324042476714 327.18498482555151 765.02228855341673 1078.6965538598597 470.7261627856642 607.57816302822903 386.48451995616779 6.9284443948417893 155.89793355297297 41.612382214516401
leaf_count=10224 1799 286 10916 1190 1176 1384 3042 3930 2096 3434 1981 34 908 378
internal_value=0 0.000304716 -0.000197884 0.000164945 0.000522745 -9.86084e-05 0.000295436 0.00055583 4.02011e-05 2.51651e-05 -0.000150864 -0.000344467 -0.000346243 0
internal_weight=8550.65 3375.07 5175.58 2088.31 1286.76 3131.64 1038.4 1220.8 797.911 1049.91 2333.72 2043.95 2037.02 65.9607
internal_count=42778 15235 27543 9465 5770 16377 4232 5106 3480 5233 12897 11166 11132 664
is_linear=0
shrinkage=0.0135118


Tree=16
num_leaves=15
num_cat=0
split_feature=20 7 7 20 33 7 20 10 20 10 7 7 11 10
split_gain=2.27129 0.595718 0.197926 0.179532 0.153 0.137066 0.109199 0.100146 0.0926607 0.0791545 0.0334127 0.0224127 0.00703854 0.0036075
threshold=0.078410411424968671 0.25020298804356883 0.20596731031362583 0.054843824974379653 0.026803843535232023 0.32143598079918284 0.10298384038757234 0.32800822477800939 0.04373882878045602 0.76341554076582241 0.16660001213977879 0.19431893808569808 0.21075438976810459 0.2478037425432604
decision_type=10 10 8 8 10 10 10 8 10 10 8 8 10 10
left_child=1 3 12 10 8 -6 7 -4 -3 -8 -1 -5 -2 -14
right_child=2 4 6 11 5 -7 9 -9 -10 -11 -12 -13 13 -15
leaf_value=-0.0004137361022956213 0 -0.00018691674493827049 6.0441992478664539e-05 -0.00014165028810389016 -7.2115401022772132e-07 0.00023693196711418728 0.00057273057517194038 0.00041691278492901997 1.0613200780769101e-05 0 -0.00025146480789428502 1.6754929639275949e-05 -0.00020141945542556967 0
leaf_weight=612.93805377138779 60.854893502779305 777.92351672425866 330.21239888388664 207.7676940979436 837.85873150359839 764.23380015045404 993.29460699670017 461.18007395183668 759.33713370328769 84.857343198731542 2180.4829312604852 419.19603592273779 55.676029876805842 4.8404873749241224
leaf_count=4010 544 3558 1582 1481 3840 3018 4334 1880 2862 402 11505 3310 370 82
internal_value=0 -0.00012083 0.000400181 -0.000244332 1.01738e-05 0.000105684 0.000435531 0.000282411 -8.20835e-05 0.000537413 -0.000291127 -1.79391e-05 -5.2035e-05 -0.000162863
internal_weight=8550.65 6559.74 1990.92 3420.38 3139.35 1602.09 1869.54 791.392 1537.26 1078.15 2793.42 626.964 121.371 60.5165
internal_count=42778 33584 9194 20306 13278 6858 8198 3462 6420 4736 15515 4791 996 452
is_linear=0
shrinkage=0.0135118


Tree=17
num_leaves=15
num_cat=0
split_feature=22 22 22 9 11 13 16 9 19 16 33 19 35 34
split_gain=2.69873 0.495223 0.36827 0.181066 0.174431 0.161555 0.133941 0.124872 0.0704351 0.05185 0.0424024 0.0365919 0.00801572 0.00548216
threshold=0.062951870329875023 0.098950363086783094 0.035449354165486058 0.35310786532394906 0.3009809796100148 1.279462719156834 0.74262809133239416 0.32507910925737588 0.10407937444022093 0.97648051690964144 0.038712463141247884 0.050053559343570371 2.0674936703420594 -0.11421442372542272
decision_type=10 10 8 10 8 10 10 10 10 10 10 10 2 8
left_child=2 3 12 8 9 -5 -6 11 -2 -3 -9 -4 -1 -14
right_child=1 4 7 5 6 -7 -8 10 -10 -11 -12 -13 13 -15
leaf_value=0 7.4679098403688517e-06 0.00028100300201773981 -0.00019609621507016566 0 0.0011901729017001347 0.00045473327851971995 0.00052643667186230009 -2.8137155196718661e-05 0.00033383093655638032 -2.9339255667530256e-05 0.00015660132906296785 -6.3209168912395814e-05 0 -0.00034027697588563996
leaf_weight=15.114812774118034 1155.2887484258972 221.38599893637002 1389.8237281965557 238.5004164353013 94.866970414295793 547.1391080012545 896.80942263547331 447.64099783357233 147.38016154244542 73.698055439162999 350.27014977764338 943.90027436846867 6.5939337313175201 2022.2409524079412
leaf_count=142 5615 1200 8064 1028 828 2196 3298 1874 626 444 1606 4833 68 10956
internal_value=0 0.000297749 -0.00019333 0.000161282 0.000510419 0.000326361 0.000601625 -9.61654e-05 5.30666e-05 0.00016565 3.89662e-05 -0.000147164 -0.00033668 -0.000338997
internal_weight=8550.65 3375.07 5175.58 2088.31 1286.76 785.64 991.676 3131.64 1302.67 295.084 797.911 2333.72 2043.95 2028.83
internal_count=42778 15235 27543 9465 5770 3224 4126 16377 6241 1644 3480 12897 11166 11024
is_linear=0
shrinkage=0.0135118


Tree=18
num_leaves=16
num_cat=0
split_feature=19 19 19 7 13 8 10 18 28 7 7 34 21 34 21
split_gain=2.27461 0.526366 0.389205 0.237106 0.151945 0.132049 0.115384 0.100196 0.0829901 0.063883 0.0442489 0.024736 0.0213499 0.00860156 0.0074195
threshold=0.072207490468352897 0.039598228743174334 0.10521553094539736 0.32143598079918284 1.2512958106100898 0.28840393175894324 0.19672750668000397 0.092766626522146303 0.023650000000000008 0.21104146005531363 0.25020298804356883 0.028992328967738182 0.045152639190515355 -0.039030637341303458 0.085142972436912726
decision_type=10 8 10 10 10 8 8 10 8 10 8 10 10 10 10
left_child=1 9 5 10 -5 14 13 -8 -7 12 -3 -11 -1 -4 -2
right_child=2 3 6 4 -6 8 7 -9 -10 11 -12 -13 -14 -15 -16
leaf_value=-0.00036859630506341567 -1.2941493106721642e-05 -0.00015813830353458716 0.00017421141512324398 -3.3390398813161474e-05 0.00030142976242089918 6.6184913539564608e-05 0.00056492857076353845 0 0.00037336127869540763 -0.00016089827068239393 -1.2584664270493007e-05 -0.00036143589574499013 0 -0.00013974549638602187 0.00013231058571940818
leaf_weight=1324.1624170211144 517.25010050367564 1200.7552936822176 21.05540544912219 353.33038745634258 546.76633659703657 367.61027936870232 1103.3814679137431 73.53344850987196 559.01319990772754 1254.9786955178715 824.30043290811591 272.67909201793373 12.988248797133563 46.780351361259818 72.06857390794903
leaf_count=7680 2689 7069 216 1442 2110 1520 4980 294 2148 5588 5006 1430 50 176 380
internal_value=0 -0.00015162 0.000319679 -1.99651e-05 0.0001576 0.000163083 0.000501297 0.000532609 0.00026365 -0.00028212 -0.000104432 -0.000204098 -0.000362808 0 0
internal_weight=8550.65 5789.96 2760.69 2925.15 900.097 1515.94 1244.75 1176.91 926.623 2864.81 2025.06 1527.66 1337.15 67.8358 589.319
internal_count=42778 30375 12403 15627 3552 6737 5666 5274 3668 14748 12075 7018 7730 392 3069
is_linear=0
shrinkage=0.0135118


Tree=19
num_leaves=15
num_cat=0
split_feature=22 22 22 9 11 26 9 13 22 21 30 22 21 23
split_gain=2.56974 0.469816 0.349796 0.172926 0.168617 0.130966 0.1188 0.110925 0.0424699 0.0423416 0.037859 0.0358292 0.0087745 0.00830198
threshold=0.062951870329875023 0.098950363086783094 0.035449354165486058 0.32507910925737588 0.3009809796100148 0.3594697246305753 0.32507910925737588 1.2709654149894996 0.084171319811266812 0.032793093731122179 16.470000000000002 0.056863656406693622 0.056664448896959131 0.037705730597995347
decision_type=10 10 8 10 8 8 10 10 10 8 10 10 10 10
left_child=2 3 12 8 10 -6 11 -5 -2 -8 -3 -4 13 -1
right_child=1 4 6 7 5 -7 9 -9 -10 -11 -12 -13 -14 -15
leaf_value=-0.00033232038338343632 -1.1514130177571649e-05 0.00033501853246989367 -0.00016751820422531747 4.4844653147576745e-06 0.0001951981571777107 0.00067404485839844049 -5.8354094918494814e-05 0.00036687679853773493 0.00018303374944878854 0.00012827240775386138 0 0 0 0
leaf_weight=2024.238238258753 805.0781184588559 127.21992439730093 1947.2394826088566 273.37859056051821 202.89293301152065 788.78346003824845 327.18498482555151 765.02228855341673 244.8294368321076 470.7261627856642 167.86412997823209 386.48451995616779 6.9284443948417893 12.783016259782015
leaf_count=10984 3876 756 10916 1190 966 3160 1384 3042 1357 2096 888 1981 34 148
internal_value=0 0.000290568 -0.000188632 0.000157435 0.00049783 0.000587468 -9.38052e-05 0.000282284 2.32377e-05 3.77264e-05 0.000158338 -0.000143573 -0.000328401 -0.000330151
internal_weight=8550.65 3375.07 5175.58 2088.31 1286.76 991.676 3131.64 1038.4 1049.91 797.911 295.084 2333.72 2043.95 2037.02
internal_count=42778 15235 27543 9465 5770 4126 16377 4232 5233 3480 1644 12897 11166 11132
is_linear=0
shrinkage=0.0135118


Tree=20
num_leaves=15
num_cat=0
split_feature=22 22 22 20 7 9 9 16 9 21 22 21 9 30
split_gain=2.50338 0.457322 0.339948 0.171246 0.135796 0.129918 0.115615 0.107517 0.0973536 0.0412676 0.0346821 0.00860092 0.00816084 4.98321e-05
threshold=0.062951870329875023 0.098950363086783094 0.035449354165486058 0.093336145042857491 0.3328024196808968 0.28260988770213397 0.32507910925737588 0.74262809133239416 0.27526598240886052 0.032793093731122179 0.056863656406693622 0.056664448896959131 0.33205055112768117 16.510000000000002
decision_type=10 10 8 10 8 8 10 10 10 8 10 10 10 10
left_child=2 3 11 8 -5 13 10 -7 -2 -8 -4 12 -1 -3
right_child=1 5 6 4 -6 7 9 -9 -10 -11 -12 -13 -14 -15
leaf_value=-0.00033903172461678189 -5.7719335816865351e-05 0 -0.00016525513964107884 9.6992851827527862e-05 0.00065412466762084106 0.00095490936198073281 -5.7566479264483322e-05 0.00045585590701888883 0.00015512553032378081 0.0001265405286569819 0 0 -9.2635867640598795e-05 -1.4723254949660153e-05
leaf_weight=1881.123320965562 499.56176378112286 24.348270926158875 1947.2394826088566 215.48199064144865 216.32244443241507 142.10324042476714 327.18498482555151 1078.6965538598597 1156.9422355499119 470.7261627856642 386.48451995616779 6.9284443948417893 155.89793355297297 41.612382214516401
leaf_count=10224 2855 286 10916 1092 786 1176 1384 3930 4732 2096 1981 34 908 378
internal_value=0 0.00028684 -0.000186132 0.000155381 0.000402322 0.000491385 -9.25761e-05 0.000523378 8.41796e-05 3.70275e-05 -0.000141685 -0.000323954 -0.00032569 0
internal_weight=8550.65 3375.07 5175.58 2088.31 431.804 1286.76 3131.64 1220.8 1656.5 797.911 2333.72 2043.95 2037.02 65.9607
internal_count=42778 15235 27543 9465 1878 5770 16377 5106 7587 3480 12897 11166 11132 664
is_linear=0
shrinkage=0.0135118


Tree=21
num_leaves=15
num_cat=0
split_feature=19 19 19 0 0 23 0 26 26 23 23 23 23 38
split_gain=2.10373 0.488484 0.361493 0.154977 0.11631 0.097454 0.0844021 0.0795646 0.0786878 0.0479095 0.026221 0.0169469 0.0108831 0.0088392
threshold=0.072207490468352897 0.039598228743174334 0.10521553094539736 0.40357500000000007 0.37255000000000005 0.079448338681756672 0.42377500000000007 0.2608877320163186 0.3594697246305753 0.035866041849933424 0.062277356808975844 0.038087126289611868 0.066284873190048318 11.500000000000002
decision_type=10 8 10 2 2 10 2 8 8 10 8 10 10 2
left_child=1 9 6 10 -4 -5 12 -8 -6 13 -3 -11 -2 -1
right_child=2 3 4 5 8 -7 7 -9 -10 11 -12 -13 -14 -15
leaf_value=-0.000307719667390748 -4.3949683781848358e-05 -0.00014561485731987575 0 3.1057427828654351e-05 0.00021533379420559629 0.00044120242260532055 -2.1671516713411756e-05 0.00027125163099814818 0.00058092848093190192 0 0 -0.00016426973530282179 8.5152881200499303e-05 0
leaf_weight=2230.7345113209449 286.56936949212104 1232.4875839664601 69.776710867416114 1362.6910828133114 244.03746020281687 125.26643053814769 123.91490903496742 908.22921278327703 930.93650216376409 115.84233160456643 204.70735332579352 496.70464233867824 197.22866237768903 21.526968089863658
leaf_count=11944 1078 6435 523 6904 1144 396 520 3758 3999 678 1892 2050 1381 76
internal_value=0 -0.000145793 0.000307456 -1.8818e-05 0.000482628 7.32075e-05 0.000156156 0.000225244 0.000514612 -0.000271517 -0.000121878 -0.000129754 0 -0.000305074
internal_weight=8550.65 5789.96 2760.69 2925.15 1244.75 1487.96 1515.94 1032.14 1174.97 2864.81 1437.19 612.547 483.798 2252.26
internal_count=42778 30375 12403 15627 5666 7300 6737 4278 5143 14748 8327 2728 2459 12020
is_linear=0
shrinkage=0.0135118


Tree=22
num_leaves=15
num_cat=0
split_feature=19 9 19 23 9 21 0 28 18 33 9 19 11 28
split_gain=2.04748 0.525398 0.351726 0.19176 0.139551 0.13914 0.113518 0.106983 0.0859241 0.0833196 0.0441479 0.0335909 0.0259093 0.0192446
threshold=0.072207490468352897 0.32507910925737588 0.10521553094539736 0.035866041849933424 0.29658376811869841 0.033095937074386926 0.37255000000000005 0.025600000000000043 0.092766626522146303 0.0035449631489802296 0.21970442494666056 0.046851833049814433 0.27559756085658588 0.0068000000000000152
decision_type=10 10 10 10 8 10 2 8 10 10 8 8 10 10
left_child=1 3 4 13 12 11 -4 -6 -8 -7 -5 -3 -2 -1
right_child=2 5 6 10 7 9 8 -9 -10 -11 -12 -13 -14 -15
leaf_value=-0.0003541823023527717 2.7606942494078177e-05 -0.00012311040741988958 0 -0.00022286658818951885 5.9257712673254854e-05 0 0.00053653448840948578 0.000369307534667835 0 0.00031366831389794319 -5.8660146411924499e-05 7.0905105913359883e-05 -0.00016592225356339458 -0.00022744713112521334
leaf_weight=1222.8384289362002 301.44250832311809 390.34175928216428 69.776710867416114 514.22537487838417 465.77811808651313 128.12697357591242 1106.9073532745242 580.00386707950383 68.066609092056751 520.51274870615453 1521.3084927219898 206.41432912554592 168.71766019891948 1286.1927967714146
leaf_count=7114 1771 1838 523 3344 1906 912 4867 2346 276 1956 7217 914 714 7080
internal_value=0 -0.00014381 0.000303339 -0.000211971 0.000153947 9.5918e-05 0.000476189 0.000241986 0.00050779 0.000235638 -0.000105675 -3.72462e-05 -1.81156e-05 -0.000293719
internal_weight=8550.65 5789.96 2760.69 4544.57 1515.94 1245.4 1244.75 1045.78 1174.97 648.64 2035.53 596.756 470.16 2509.03
internal_count=42778 30375 12403 24755 6737 5620 5666 4252 5143 2868 10561 2752 2485 14194
is_linear=0
shrinkage=0.0135118


Tree=23
num_leaves=15
num_cat=0
split_feature=22 22 22 11 9 13 16 9 20 16 19 21 35 19
split_gain=2.32424 0.424091 0.315748 0.162129 0.161046 0.151255 0.129643 0.111595 0.0648122 0.0477673 0.0346263 0.0342988 0.0119432 0.00327977
threshold=0.062951870329875023 0.098950363086783094 0.034690716463980698 0.3009809796100148 0.35310786532394906 1.279462719156834 0.74262809133239416 0.32507910925737588 0.10409046931126058 0.97648051690964144 0.063451411945609146 0.032793093731122179 2.0674936703420594 0.050053559343570371
decision_type=10 10 8 8 10 10 10 10 10 10 10 8 2 10
left_child=2 4 12 9 8 -6 -5 10 -2 -3 -4 -9 -1 -14
right_child=1 3 7 6 5 -7 -8 11 -10 -11 -12 -13 13 -15
leaf_value=0 6.4595079636690687e-06 0.00025489849268562947 -0.00016250325646806281 0.0011359816264891903 0 0.00042913791791031986 0.00048737152091540045 -4.9675764041698942e-05 0.00034609091138941317 -4.9715274599276688e-05 0 0.00011477923761163019 -0.00032317787357135535 0
leaf_weight=13.123311889823524 1180.6734531982802 221.38599893637002 2042.7777482147794 94.866970414295793 238.5004164353013 547.1391080012545 896.80942263547331 340.07580919191241 121.99545677006245 73.698055439162999 386.814493753016 477.58037300407887 1902.9145272932947 12.298585742712019
leaf_count=134 5685 1200 11775 828 1028 2196 3298 1426 556 444 1548 2124 10486 50
internal_value=0 0.000276384 -0.000179351 0.000473511 0.000149499 0.000305197 0.000561094 -9.30731e-05 4.69458e-05 0.00014095 -0.000140007 3.26991e-05 -0.000318789 -0.000321653
internal_weight=8550.65 3375.07 5175.58 1286.76 2088.31 785.64 991.676 3247.25 1302.67 295.084 2429.59 817.656 1928.34 1915.21
internal_count=42778 15235 27543 5770 9465 3224 4126 16873 6241 1644 13323 3550 10670 10536
is_linear=0
shrinkage=0.0135118


Tree=24
num_leaves=15
num_cat=0
split_feature=22 22 22 26 20 7 34 7 7 34 19 11 35 19
split_gain=2.26441 0.412085 0.306874 0.160395 0.158434 0.130612 0.117721 0.0877196 0.087082 0.0657267 0.0517697 0.0175191 0.0116838 0.00314225
threshold=0.062951870329875023 0.098950363086783094 0.034690716463980698 0.30666087853241303 0.093336145042857491 0.3328024196808968 0.024975376640012262 0.3345356673182282 0.29206704383331411 0.032787478526565723 0.063451411945609146 0.28764336649907257 2.0674936703420594 0.050053559343570371
decision_type=10 10 8 8 10 8 10 10 10 8 10 10 2 10
left_child=2 4 12 11 8 -6 -5 10 -2 -9 -4 -3 -1 -14
right_child=1 3 7 6 5 -7 -8 9 -10 -11 -12 -13 13 -15
leaf_value=0 -1.4445284752980316e-05 -2.9919702868302198e-05 -0.00015831888485789807 0.00060041630923941889 8.5570355101268142e-05 0.00063153152195793419 0.00012768485895431545 0.00011237553818559566 0.00017039909499354586 -0.00017242965600962711 0 0.00016097080091922699 -0.00031881196790561021 0
leaf_weight=13.123311889823524 759.67666217265651 60.219305673614144 2089.525464274222 910.67483378713951 215.48199064144865 216.32244443241507 178.54405487328768 551.47995369601995 896.82733715837821 185.06049306830391 421.1825131252408 137.32225309126079 1902.9145272932947 12.298585742712019
leaf_count=134 4131 432 12103 4102 1092 786 608 2018 3456 1010 1742 628 10486 50
internal_value=0 0.000272853 -0.000176978 0.000467237 0.000147658 0.000385289 0.000533271 -9.18497e-05 7.88857e-05 2.55718e-05 -0.000130755 4.62466e-05 -0.00031448 -0.000317315
internal_weight=8550.65 3375.07 5175.58 1286.76 2088.31 431.804 1089.22 3247.25 1656.5 736.54 2510.71 197.542 1928.34 1915.21
internal_count=42778 15235 27543 5770 9465 1878 4710 16873 7587 3028 13845 1060 10670 10536
is_linear=0
shrinkage=0.0135118


Tree=25
num_leaves=15
num_cat=0
split_feature=19 19 19 8 12 8 0 18 26 31 23 23 38 12
split_gain=1.89098 0.445054 0.326498 0.192457 0.190838 0.114985 0.108964 0.0836414 0.0626286 0.061879 0.041604 0.0166013 0.00860936 0.00772154
threshold=0.072207490468352897 0.039598228743174334 0.10521553094539736 0.32008224338379471 0.061902268858071909 0.28840393175894324 0.37255000000000005 0.092766626522146303 0.26421125725682088 2.1200000000000006 0.035866041849933424 0.038087126289611868 11.500000000000002 0.049331839099548004
decision_type=10 8 10 10 10 8 2 10 8 10 10 10 2 10
left_child=1 10 5 9 -5 13 -4 -8 -7 -3 12 -12 -1 -2
right_child=2 3 6 4 -6 8 7 -9 -10 -11 11 -13 -14 -15
leaf_value=-0.00029240765706398374 4.2858286811902789e-05 -2.860851054693205e-05 0 0.00048800983919345553 9.6951824582015486e-06 0 0.00051759214437389477 0 0.00028129263706538161 -0.00019845496330467383 0 -0.00015762951863412008 0 -5.5657019083241029e-05
leaf_weight=2230.7345113209449 331.18135232012719 1378.4575146913994 69.776710867416114 225.21587269054726 631.49705640273169 101.54819587571546 1106.9073532745242 68.066609092056751 825.0752834007144 689.9820068590343 115.84233160456643 496.70464233867824 21.526968089863658 258.13732209149748
leaf_count=11944 2138 9043 523 856 2710 458 4867 276 3210 3018 678 2050 76 931
internal_value=0 -0.000138133 0.000291586 -1.67634e-05 0.000148652 0.00014727 0.000458259 0.000489279 0.000241087 -9.07024e-05 -0.000258134 -0.000123311 -0.000289806 0
internal_weight=8550.65 5789.96 2760.69 2925.15 856.713 1515.94 1244.75 1174.97 926.623 2068.44 2864.81 612.547 2252.26 589.319
internal_count=42778 30375 12403 15627 3566 6737 5666 5143 3668 12061 14748 2728 12020 3069
is_linear=0
shrinkage=0.0135118


Tree=26
num_leaves=15
num_cat=0
split_feature=19 9 19 19 38 9 0 35 21 10 19 9 7 11
split_gain=1.84042 0.483688 0.317382 0.166278 0.160675 0.128841 0.106349 0.0882075 0.0868537 0.0783578 0.0711955 0.0398112 0.0269783 0.0258283
threshold=0.072207490468352897 0.32507910925737588 0.10521553094539736 0.038422489497319058 8.5000000000000018 0.29658376811869841 0.37255000000000005 3.6484479998491124 0.033095937074386926 0.16163887279044742 0.043579144771462915 0.22249381583031935 0.21194781967791401 0.27559756085658588
decision_type=10 10 10 10 2 8 2 2 10 8 8 8 10 10
left_child=1 3 5 12 8 13 -4 -7 -3 -8 -6 -5 -1 -2
right_child=2 4 6 11 10 7 9 -9 -10 -11 -12 -13 -14 -15
leaf_value=-0.00034075982603921955 2.5813211325695504e-05 -0.00010879600038606015 0 -0.00020945964612728232 0 0.00038623741397747393 0 9.8191718811761167e-05 0.0001402006481017591 0.00049993504225305757 0.00056473641753747295 -5.9072979805890102e-05 -0.00020451897222304835 -0.00016661404927130867
leaf_weight=1281.086321281502 301.44250832311809 493.08991346228868 69.776710867416114 584.07432402623817 74.293392202816904 439.14293862786144 22.435506721027195 606.63904653815553 511.61541700456291 1152.5384556455538 166.39708802010864 1539.3669655462727 1140.0374824539758 168.71766019891948
leaf_count=8546 1771 2202 523 3682 454 1872 140 2380 2130 5003 834 7443 5084 714
internal_value=0 -0.000136288 0.000287648 -0.000201733 9.3528e-05 0.000145203 0.000452041 0.000229942 6.86131e-06 0.000482693 0.000408297 -0.000105739 -0.000281272 -1.95147e-05
internal_weight=8550.65 5789.96 2760.69 4544.57 1245.4 1515.94 1244.75 1045.78 1004.71 1174.97 240.69 2123.44 2421.12 470.16
internal_count=42778 30375 12403 24755 5620 6737 5666 4252 4332 5143 1288 11125 13630 2485
is_linear=0
shrinkage=0.0135118


Tree=27
num_leaves=16
num_cat=0
split_feature=21 9 9 9 35 18 21 13 34 38 15 9 34 10 35
split_gain=1.70131 0.471743 0.371133 0.165153 0.111029 0.11383 0.1002 0.0787894 0.0607414 0.0417284 0.0385286 0.0309574 0.0298765 0.0260553 0.0115635
threshold=0.052210872839726981 0.29658376811869841 0.35013739639615532 0.19150911060132156 4.9830927623260264 0.053897874399887365 0.033095937074386926 1.279462719156834 0.031180650678901859 6.5000000000000009 1.1857710139255595 0.26578430490060684 -0.0093832772571880146 0.29609065709767463 2.5091925929781582
decision_type=10 8 10 8 2 10 10 10 10 2 8 10 10 10 2
left_child=2 9 3 14 5 -3 -5 12 -9 11 -6 -2 -4 -11 -1
right_child=1 4 7 6 10 -7 -8 8 -10 13 -12 -13 -14 -15 -16
leaf_value=0 -0.00027894426063360952 0.00050111896964768565 5.9174526497311426e-05 -0.00017936447697086485 0 0.00011824326627419337 -2.4838735119910028e-05 0.00024889054569210943 -5.0614397719659385e-05 0 0.00024906423050951259 0 -0.00015752553693418171 0.00029035197305624018 -0.00035785525042428089
leaf_weight=14.013327635359017 156.76957270968705 1336.1835523643531 177.72492055501789 2793.9154759922531 144.81180080864578 249.00540394894779 1305.0488279736601 575.50008271448314 83.592151409015059 224.62146820127964 221.10529056657106 142.30226820334792 206.74177386984229 71.942100388929248 847.37571357842535
leaf_count=132 686 5554 848 15504 440 1026 6088 2498 422 1456 766 512 932 408 5506
internal_value=0 0.000293183 -0.000123561 -0.000173138 0.00039519 0.000448078 -0.000132904 0.000101343 0.000193917 -2.22091e-05 0.000135287 -0.000148174 -2.82926e-05 6.71335e-05 -0.000351466
internal_weight=8550.65 2546.74 6003.91 4960.35 1951.11 1585.19 4098.96 1043.56 659.092 595.635 365.917 299.072 384.467 296.564 861.389
internal_count=42778 10848 31930 27230 7786 6580 21592 4700 2920 3062 1206 1198 1780 1864 5638
is_linear=0
shrinkage=0.0135118


Tree=28
num_leaves=15
num_cat=0
split_feature=22 22 22 7 35 9 9 0 28 9 22 35 19 28
split_gain=2.06365 0.37446 0.279383 0.143809 0.122625 0.116974 0.097493 0.042238 0.0409024 0.0379095 0.0330598 0.011141 0.00284318 0.00200967
threshold=0.062951870329875023 0.098950363086783094 0.034690716463980698 0.31954429442857318 4.5767706902975336 0.28260988770213397 0.32507910925737588 0.52585000000000015 0.070249999999999993 0.24356825895724929 0.056863656406693622 2.0674936703420594 0.050053559343570371 0.022650000000000007
decision_type=10 10 8 10 2 8 10 2 10 8 10 2 10 10
left_child=2 3 11 9 -5 13 10 -8 -7 -2 -4 -1 -13 -3
right_child=1 5 6 4 -6 8 7 -9 -10 -11 -12 12 -14 -15
leaf_value=0 -9.8122230144253949e-05 -9.8744598462660005e-05 -0.00015326297812989068 0.00037395247054032755 4.8280687467898645e-06 0.00054409225805568569 -4.2399232098377462e-05 0.00014177845343826121 0.00027422666465785938 7.735868844139665e-05 0 -0.00030447467461720791 0 0
leaf_weight=13.123311889823524 259.77706969622523 37.272657717578113 2043.1077220116276 637.06394029408693 306.65869131311774 873.40632736403495 438.75834780652076 378.89783438947052 347.39346692059189 884.80873310146853 386.48451995616779 1902.9145272932947 12.298585742712019 28.687995423097163
leaf_count=134 1695 342 11342 2652 886 3848 1842 1708 1258 4232 1981 10486 50 322
internal_value=0 0.000260473 -0.000168954 0.000140758 0.000265915 0.000445969 -8.75037e-05 2.92834e-05 0.000476571 2.77329e-05 -0.000131414 -0.000300265 -0.000303049 0
internal_weight=8550.65 3375.07 5175.58 2088.31 943.723 1286.76 3247.25 817.656 1220.8 1144.59 2429.59 1928.34 1915.21 65.9607
internal_count=42778 15235 27543 9465 3538 5770 16873 3550 5106 5927 13323 10670 10536 664
is_linear=0
shrinkage=0.0135118


Tree=29
num_leaves=15
num_cat=0
split_feature=22 9 22 35 18 20 9 35 9 5 7 11 21 35
split_gain=2.00981 0.366726 0.271697 0.163233 0.130772 0.114654 0.0935291 0.0554325 0.051952 0.0449845 0.0432055 0.0411093 0.00773372 0.00703055
threshold=0.062951870329875023 0.35310786532394906 0.035449354165486058 4.8695708364138648 0.053897874399887365 0.079161861361409083 0.39160022862749994 5.6348431717281287 0.24521483858006651 0.056766034736167738 0.20018118702871157 0.56410549116427722 0.056664448896959131 2.0674936703420594
decision_type=10 8 8 2 10 10 10 2 10 8 8 10 10 2
left_child=2 5 12 4 -3 9 10 -5 -7 -2 -4 -8 13 -1
right_child=1 3 6 7 -6 8 11 -9 -10 -11 -12 -13 -14 -15
leaf_value=0 -0.00023743306876591939 0.00053027384458949919 -0.00022305791223868542 0 0.00013251597151800834 0 0.00025769168848621048 0.00035605974185577639 0.00027333292467158739 3.6390212257798207e-05 -7.4418192195583414e-05 0 0 -0.00029402058457764788
leaf_weight=15.114812774118034 127.25948437023908 1135.8230158672668 589.70474435249344 267.55857751332223 266.79965357668698 83.469286802224815 182.45540740247816 111.32050871755928 614.07048979215324 768.76786519074813 2222.3315198898781 137.14347853139043 6.9284443948417893 2021.906441744417
leaf_count=142 378 5106 4048 932 1116 898 828 334 2890 3581 10867 634 34 10990
internal_value=0 0.000257073 -0.000166715 0.000392521 0.000462649 9.85716e-05 -8.25415e-05 0.000103188 0.00022844 0 -0.000109595 0.000120351 -0.000290168 -0.000291851
internal_weight=8550.65 3375.07 5175.58 1781.5 1402.62 1593.57 3131.64 378.879 697.54 896.027 2812.04 319.599 2043.95 2037.02
internal_count=42778 15235 27543 7488 6222 7747 16377 1266 3788 3959 14915 1462 11166 11132
is_linear=0
shrinkage=0.0135118


Tree=30
num_leaves=16
num_cat=0
split_feature=21 23 9 26 9 23 34 23 26 33 9 9 9 32 9
split_gain=1.58516 0.474302 0.444596 0.161113 0.121448 0.100494 0.0832013 0.0787788 0.0534335 0.0445498 0.0490956 0.0424169 0.0272175 0.0266021 0.0206833
threshold=0.052210872839726981 0.050125854435354174 0.30594511107802352 0.3594697246305753 0.35310786532394906 0.02397883911427157 0.024975376640012262 0.069241814404447058 0.16890093918597218 0.039848356647321566 0.28565078961510865 0.32507910925737588 0.22355269726895172 0.53693931398416905 0.32507910925737588
decision_type=10 8 8 8 8 10 10 10 10 10 10 10 10 10 10
left_child=1 5 9 8 12 14 -6 -5 -4 10 -2 -7 -3 -11 -1
right_child=2 4 3 7 6 11 -8 -9 -10 13 -12 -13 -14 -15 -16
leaf_value=-0.00031880242708816478 -0.00025706980683439803 -0.00015366474153731923 -0.00012128508344344209 0.00030067049409891332 0.00029519465608332036 -0.00017202959827212799 -1.3063499829226622e-05 0.00057316161742176853 0.00021117700168097911 0.00021178481592332358 2.6390044578724321e-05 -1.4964041254215003e-05 6.2050768948521714e-06 0 0
leaf_weight=1255.567559867166 212.26211024820805 218.17021007975563 66.258903020992875 568.29026980698109 496.68127014557831 2293.2499002115801 138.22136072255671 815.55619529122487 410.22019589040428 174.16533935815096 107.07749348133802 551.05490346532315 962.28094351617619 192.91095009446144 88.686125719919801
leaf_count=6944 1044 1979 262 2222 3706 11033 626 3408 1492 1278 352 2510 4520 790 612
internal_value=0 -0.000119252 0.000283014 0.000391495 5.8439e-05 -0.000198937 0.000210489 0.000469456 0.000141405 0 -0.000127074 -0.000145542 -1.38963e-05 8.99224e-05 -0.000303518
internal_weight=8550.65 6003.91 2546.74 1860.33 1815.35 4188.56 634.903 1383.85 476.479 686.416 319.34 2844.3 1180.45 367.076 1344.25
internal_count=42778 31930 10848 7384 10831 21099 4332 5630 1754 3464 1396 13543 6499 2068 7556
is_linear=0
shrinkage=0.0135118


Tree=31
num_leaves=16
num_cat=0
split_feature=20 21 7 21 16 26 10 10 33 16 20 0 35 27 15
split_gain=1.57635 0.457563 0.223706 0.196511 0.153128 0.149702 0.164552 0.101499 0.0898534 0.0666993 0.0496677 0.034209 0.0268816 0.0244326 0.00414297
threshold=0.078410411424968671 0.033304525705487371 0.33084560794730222 0.055544025164966863 0.96737715762536769 0.3594697246305753 0.19672750668000397 0.22982679561173294 0.030980416704653572 0.93126795199341339 0.043392062464392957 0.47552500000000003 2.3379517709764071 0.11046679758430077 1.1527876436089033
decision_type=10 10 10 10 10 8 8 10 8 8 10 2 2 10 10
left_child=1 7 8 11 -4 9 -7 12 -3 -5 -9 14 -1 -13 -2
right_child=3 2 4 5 -6 6 -8 10 -10 -11 -12 13 -14 -15 -16
leaf_value=0 -5.6631708635870314e-05 -0.00017800043472262437 0.00053498249075660726 0.00032145479349421807 9.0763942390206166e-05 -6.5506420901727926e-06 0.00056242901310657055 -0.00015391516678539213 1.4669113203297191e-05 -4.2357131919931496e-05 0 0 -0.00027133038936432363 0.00026044277533270819 4.779281048808556e-05
leaf_weight=29.5405971580185 89.455061017535627 665.87111526727676 212.01819259207696 146.61414568033069 722.95914511289448 60.209708599373698 948.21045319037512 1377.2843919983134 1049.9050462180749 135.28117915149778 508.03720789216459 80.454765194561332 1994.1222008953337 326.00875383336097 204.68176711862907
leaf_count=224 697 2827 806 716 2740 302 4032 6608 5861 412 2598 388 11920 1498 1149
internal_value=0 -0.000100532 3.29233e-05 0.000333515 0.000203634 0.000436522 0.000517366 -0.000193889 -5.36e-05 0.000107356 -0.000111797 0.000127704 -0.000264804 0.00020845 0
internal_weight=8550.65 6559.74 2650.75 1990.92 934.977 1290.32 1008.42 3908.98 1715.78 281.895 1885.32 700.6 2023.66 406.464 294.137
internal_count=42778 33584 12234 9194 3546 5462 4334 21350 8688 1128 9206 3732 12144 1886 1846
is_linear=0
shrinkage=0.0135118


Tree=32
num_leaves=16
num_cat=0
split_feature=20 9 23 21 9 23 18 35 33 23 24 18 9 27 30
split_gain=1.53379 0.608895 0.236794 0.190531 0.175803 0.169479 0.124904 0.132259 0.103487 0.0648605 0.0770796 0.0592784 0.0448322 0.0350967 0.0276158
threshold=0.078410411424968671 0.32507910925737588 0.08109583612625261 0.055544025164966863 0.36572886717807457 0.035866041849933424 0.08870682840703005 5.0264427637808824 0.036455207105912553 0.13869521272874336 10.500000000000002 -0.024256245725550071 0.19150911060132156 0.3480505707216543 17.355000000000004
decision_type=10 10 10 10 10 10 10 2 10 10 2 8 8 10 10
left_child=1 5 8 9 -4 14 7 -5 -3 11 -11 -2 -7 -8 -1
right_child=3 2 4 6 -6 12 13 -9 -10 10 -12 -13 -14 -15 -16
leaf_value=-0.00020250432374076607 0.0002730028435195674 -2.7594906252692583e-05 0 0.0005340795528345542 0.00087610041241285462 -0.00029663978671240813 -0.00021581626696395522 6.9014734994438698e-05 0.00018857645193424025 0 0.0010946410201947009 0 -6.2144059216604907e-05 0.00030515725113025409 -0.00033854779894160251
leaf_weight=1613.1019311493728 188.42310333717614 860.71917197480798 35.217761941254139 999.68708170158789 121.75941429287195 199.90222779801115 64.254001669585705 190.23854977358133 661.73525022249669 20.788438278716058 27.843516409397125 463.54528913879767 2160.5628730831668 36.135853476822376 906.73926667217165
leaf_count=9582 770 3560 136 4314 384 1614 196 794 3228 396 46 2520 10386 158 4694
internal_value=0 -9.91371e-05 0.000118805 0.00032901 0.000625893 -0.000176434 0.000430509 0.000469178 5.90329e-05 0.000125976 0.000634434 7.05567e-05 -8.67879e-05 0 -0.000255942
internal_weight=8550.65 6559.74 1679.43 1990.92 156.977 4880.31 1290.32 1189.93 1522.45 700.6 48.632 651.968 2360.47 100.39 2519.84
internal_count=42778 33584 7308 9194 520 26276 5462 5108 6788 3732 442 3290 12000 354 14276
is_linear=0
shrinkage=0.0135118


Tree=33
num_leaves=15
num_cat=0
split_feature=19 9 19 23 21 9 23 0 20 12 9 28 34 28
split_gain=1.54222 0.412109 0.275019 0.147847 0.115599 0.110335 0.119735 0.0969639 0.0849929 0.0822646 0.0389127 0.0376351 0.0317149 0.0205152
threshold=0.072207490468352897 0.32507910925737588 0.10521553094539736 0.035866041849933424 0.033095937074386926 0.36368221331270334 0.073436714676051881 0.37255000000000005 0.080065339456658904 0.061902268858071909 0.19150911060132156 0.037350000000000001 -0.041920134937970858 0.0068000000000000152
decision_type=10 10 10 10 10 8 10 2 10 10 8 8 10 10
left_child=1 3 5 13 12 11 -7 -4 -9 -6 -5 -2 -3 -1
right_child=2 4 7 10 9 6 -8 8 -10 -11 -12 -13 -14 -15
leaf_value=-0.00031582034486395924 -3.1741634406991499e-05 0.0001471226188349994 0 -0.00029082294195243753 0.00044625419341523401 6.2081239899236209e-05 0.00049821466400306648 0 0.00047387714467788289 7.571750156066913e-05 -6.3658575755112443e-05 0.00013473014037687327 -9.2499964067211949e-05 -0.00019285985444461034
leaf_weight=1222.8384289362002 546.68058801908046 101.23236874770373 69.776710867416114 194.19984341692179 212.48681205511093 326.68123632483184 264.99148142663762 65.520352022722363 1109.4536103438586 436.15291022695601 1841.3340241834521 377.58884791750461 495.52371966000646 1286.1927967714146
leaf_count=7114 2628 902 523 1558 1052 1238 1276 318 4825 1816 9003 1595 1850 7080
internal_value=0 -0.00012475 0.000263324 -0.000185228 8.69423e-05 0.000130092 0.000276508 0.000416507 0.000445913 0.000214534 -9.08785e-05 2.41817e-05 -3.30341e-05 -0.000257286
internal_weight=8550.65 5789.96 2760.69 4544.57 1245.4 1515.94 591.673 1244.75 1174.97 648.64 2035.53 924.269 596.756 2509.03
internal_count=42778 30375 12403 24755 5620 6737 2514 5666 5143 2868 10561 4223 2752 14194
is_linear=0
shrinkage=0.0135118


Tree=34
num_leaves=16
num_cat=0
split_feature=22 22 22 7 13 11 16 20 23 22 0 30 19 12 11
split_gain=1.78712 0.323609 0.243656 0.149139 0.142186 0.13183 0.13555 0.0633943 0.056721 0.0486299 0.0477638 0.0410974 0.0311613 0.016332 0.00264652
threshold=0.062951870329875023 0.099727195913392117 0.04482349849552076 0.31954429442857318 1.279462719156834 0.3009809796100148 0.74262809133239416 0.10409046931126058 0.031120765507253709 0.030828153041572735 0.51087500000000008 16.470000000000002 0.03452598571753062 0.038496391989977258 0.098404805988579563
decision_type=10 10 8 10 10 8 10 10 8 10 2 10 10 8 8
left_child=2 3 9 7 -5 11 -7 -2 12 14 -10 -3 -4 -11 -1
right_child=1 5 8 4 -6 6 -8 -9 10 13 -12 -13 -14 -15 -16
leaf_value=0 -5.7409735830227125e-06 0.00029631146169648037 0 0 0.00036850601668215641 0.0010744138132445658 0.00042464989401741986 0.00030206595079242799 -0.00010108432108268177 -0.00024109640678472848 3.6005512548430813e-05 0 0.0004014464969933954 -0.0001080771444355912 -0.00029762670714299585
leaf_weight=14.385553922969846 1028.5681207817979 123.56312624318525 19.983406111598015 305.97897267015651 669.21567313512787 93.985630312934518 863.73868839349598 130.92205443233252 1350.1179101490416 576.14766667736694 557.6583959159907 159.09661586116999 77.544831773266196 1035.8662696569227 1543.880814882461
leaf_count=224 5375 742 84 1200 2418 804 3218 628 7383 3440 2642 850 542 4750 8478
internal_value=0 0.000242431 -0.00015719 0.00013372 0.00025806 0.000420404 0.000500478 1.94423e-05 -3.39545e-05 -0.000231596 -5.51442e-05 0.000109236 0.000264836 -0.000162607 -0.000295726
internal_weight=8550.65 3375.07 5175.58 2134.68 975.195 1240.38 957.724 1159.49 2005.3 3170.28 1907.78 282.66 97.5282 1612.01 1558.27
internal_count=42778 15235 27543 9621 3618 5614 4022 6003 10651 16892 10025 1592 626 8190 8702
is_linear=0
shrinkage=0.0135118


Tree=35
num_leaves=16
num_cat=0
split_feature=9 23 26 27 23 23 30 2 35 9 16 10 9 35 8
split_gain=1.35106 0.42255 0.253254 0.24131 0.139357 0.138655 0.135361 0.117219 0.0602704 0.0561806 0.0393091 0.035555 0.0226656 0.0148102 0.00833602
threshold=0.32507910925737588 0.075366057912990073 0.26421125725682088 0.89402163807685853 0.025645586608720631 0.040269955789995128 16.565000000000001 0.15929354585128833 3.1661072036761087 0.19150911060132156 0.89528514382733304 0.19222588225418905 0.45926011111415138 2.3379517709764071 0.28229193153276139
decision_type=10 10 8 10 10 8 10 2 2 8 10 10 10 2 10
left_child=1 4 8 5 13 -4 7 -3 10 -6 -2 -10 -5 -1 -8
right_child=2 6 3 12 9 -7 14 -9 11 -11 -12 -13 -14 -15 -16
leaf_value=0 0 0.00022682983800595974 2.2235153633275118e-05 -0.00017757757698684805 -0.0002860850387038034 0.00036700839366347638 -5.684536589159611e-05 0.0010672257738641405 5.6928757942773906e-05 -8.9486459002472075e-05 0.00037897834820652739 -0.0002447855783328783 5.8280004015239568e-06 -0.00028656693732523352 0.00010418615653815934
leaf_weight=27.044844820629805 78.688377888873219 197.02458368148655 316.66949629411101 167.57007476128638 368.1049579679966 2022.4476293725893 137.57895485963672 56.723113495856524 23.654976323246956 3171.435861476697 67.213069100864232 267.61198492068797 110.40256923250854 1439.696574224392 98.786662498954684
leaf_count=296 450 1604 1578 908 2758 7730 918 438 74 14672 362 1002 662 8964 362
internal_value=0 -0.000126039 0.000228394 0.000279455 -0.000164457 0.00032513 0.000243389 0.000459995 -5.16623e-05 -0.000113122 0.000131472 -0.000181844 -6.45881e-05 -0.000280649 0
internal_weight=8550.65 5496.4 3054.26 2617.09 5006.28 2339.12 490.113 253.748 437.168 3539.54 145.901 291.267 277.973 1466.74 236.366
internal_count=42778 30012 12766 10878 26690 9308 3322 2042 1888 17430 812 1076 1570 9260 1280
is_linear=0
shrinkage=0.0135118


Tree=36
num_leaves=16
num_cat=0
split_feature=20 9 26 11 9 15 26 27 20 13 9 18 11 20 30
split_gain=1.39103 0.551463 0.168858 0.152924 0.130907 0.129143 0.121338 0.147999 0.0620118 0.0569178 0.048384 0.0291986 0.0281562 0.0195377 0.0141576
threshold=0.078410411424968671 0.32507910925737588 0.3594697246305753 0.30822941622648553 0.19001390969937945 1.6090849625137866 0.19286348816998608 0.68801111043190855 0.029872843650136569 1.4453388094772341 0.24521483858006651 0.062228958263085062 0.39653007097838905 0.055667395604969978 20.015000000000004
decision_type=10 10 8 8 8 8 8 10 8 10 10 10 10 10 10
left_child=1 4 9 10 13 -5 12 -8 -6 14 -4 -11 -3 -1 -2
right_child=2 6 3 5 8 -7 7 -9 -10 11 -12 -13 -14 -15 -16
leaf_value=-0.0003521457624995598 -0.00018292746569880885 -0.00033090688053218027 -6.2580105960830239e-05 0.00034430403714432351 -0.00020826404548842479 0.00073039259246434284 0.00022493309887387694 -7.9006865287322e-05 -8.5091697174556423e-05 0.00023643470859073729 0.00021823431977504559 0 0 0 0
leaf_weight=756.61747282370925 132.43154743127525 115.39214953035116 80.623395919334143 703.84278207458556 1468.8814548798837 341.6875148830004 1205.7134445989504 322.18943966552615 2607.691141406307 278.86572315497324 392.22618654277176 37.004118894226849 36.136564636602998 47.116229592822492 24.234564885497093
leaf_count=4590 718 484 652 2836 7460 1586 4878 1770 13656 1312 1866 140 176 570 84
internal_value=0 -9.4358e-05 0.000313376 0.00038459 -0.000167964 0.000481393 0.000112859 0.000153511 -0.000132234 6.07521e-05 0.000146679 0.000180284 -0.000222717 -0.000335118 -0.000108798
internal_weight=8550.65 6559.74 1990.92 1518.38 4880.31 1045.53 1679.43 1527.9 4076.57 472.536 472.85 315.87 151.529 803.734 156.666
internal_count=42778 33584 9194 6940 26276 4422 7308 6648 21116 2254 2518 1452 660 5160 802
is_linear=0
shrinkage=0.0135118


Tree=37
num_leaves=16
num_cat=0
split_feature=22 9 22 35 12 19 30 9 5 35 22 35 19 9 18
split_gain=1.66869 0.305008 0.227362 0.154941 0.164606 0.122111 0.0683214 0.0652494 0.0621387 0.0518201 0.0442053 0.0440175 0.0213118 0.0190425 0.0170835
threshold=0.062951870329875023 0.35310786532394906 0.04482349849552076 4.8695708364138648 0.064875843515721399 0.10521553094539736 17.260000000000002 0.29537279105457248 0.056766034736167738 5.6348431717281287 0.030828153041572735 4.1218786591292389 0.062944393630162937 0.38632470279470882 -0.034493818242711465
decision_type=10 8 8 2 10 10 10 10 8 2 10 2 10 8 8
left_child=2 5 10 4 -3 8 -7 12 -2 -5 14 -9 -4 -12 -1
right_child=1 3 7 9 -6 6 -8 11 -10 -11 13 -13 -14 -15 -16
leaf_value=-6.4352797323498034e-05 -0.00022644488057107178 0.00065030279931943785 -0.00013559751851288123 0 0.00029651017320178131 0.00047463874926021409 1.9517616639463219e-05 0.00015188948331263801 5.8867562125136258e-05 0.00032396969552207338 -0.00017438552740328507 -2.6742031369936961e-05 0 0 -0.00030661390744197309
leaf_weight=182.20394043670967 153.22638139408082 480.40308963833377 866.64572264277376 267.55857751332223 922.21957980562001 208.57114267162979 163.13806550810114 421.0751917893067 1068.6315365815535 111.32050871755928 1422.9060417949222 431.70769670885056 285.87593280896544 189.10789453936741 1376.0624283687212
leaf_count=1092 528 2542 5921 932 3680 1264 720 1936 5235 334 7126 1564 1230 1064 7610
internal_value=0 0.000234273 -0.00015188 0.000357979 0.000425801 8.8903e-05 0.000305199 -3.26129e-05 1.38706e-05 7.72047e-05 -0.000223776 4.83614e-05 -0.000102237 -0.000157122 -0.000285493
internal_weight=8550.65 3375.07 5175.58 1781.5 1402.62 1593.57 371.709 2005.3 1221.86 378.879 3170.28 852.783 1152.52 1612.01 1558.27
internal_count=42778 15235 27543 7488 6222 7747 1984 10651 5763 1266 16892 3500 7151 8190 8702
is_linear=0
shrinkage=0.0135118


Tree=38
num_leaves=16
num_cat=0
split_feature=22 22 22 7 11 10 16 5 22 0 30 7 18 18 7
split_gain=1.62608 0.298289 0.221296 0.137209 0.125066 0.133766 0.124827 0.0562238 0.0427042 0.0403135 0.0385542 0.0282187 0.0186523 0.0161577 0.014222
threshold=0.062951870329875023 0.099727195913392117 0.04482349849552076 0.31954429442857318 0.3009809796100148 0.43495471331672081 1.101598396166604 0.050770234544468593 0.030828153041572735 0.51087500000000008 16.470000000000002 0.3345356673182282 0.041268299048697117 -0.034493818242711465 0.33636458466017566
decision_type=10 10 8 10 8 10 10 8 10 2 10 10 8 8 8
left_child=2 3 8 7 10 -6 -5 -2 13 12 -3 -11 -4 -1 -10
right_child=1 4 9 6 5 -7 -8 -9 14 11 -12 -13 -14 -15 -16
leaf_value=-6.3484968222642988e-05 -0.00023797615642814592 0.00028109036505196018 -3.5796179914701871e-05 0.00039189091606139692 0.00067820312250552477 0.00029371336843754455 5.103338737198493e-05 5.8201567414987684e-05 -0.00017952621514898904 -9.1390559318572768e-06 0 0.00015080960022046148 -0.00018049532379285746 -0.00030247206567262307 -2.9833686652295167e-05
leaf_weight=182.20394043670967 124.6486374582164 123.56312624318525 1104.3820895836689 524.25438122265041 434.69861025363207 523.02570845279843 450.94026458263397 1034.841537755914 1273.4231751328334 305.538513378473 159.09661586116999 291.22015213267878 304.16378885507584 1376.0624283687212 338.59076120145619
leaf_count=1092 502 742 5478 1858 2176 1846 1760 5501 6436 1728 850 1166 2279 7610 1754
internal_value=0 0.000231261 -0.00014993 0.000126612 0.000402248 0.000480104 0.00024583 1.66437e-05 -0.000220871 -3.21743e-05 9.86148e-05 5.02068e-05 -7.50284e-05 -0.000281733 -0.000155043
internal_weight=8550.65 3375.07 5175.58 2134.68 1240.38 957.724 975.195 1159.49 3170.28 2005.3 282.66 596.759 1408.55 1558.27 1612.01
internal_count=42778 15235 27543 9621 5614 4022 3618 6003 16892 10651 1592 2894 7757 8702 8190
is_linear=0
shrinkage=0.0135118


Tree=39
num_leaves=16
num_cat=0
split_feature=22 9 22 35 12 9 12 9 35 35 22 33 23 9 35
split_gain=1.58497 0.290604 0.215268 0.150463 0.159327 0.081126 0.0857343 0.0627186 0.0500464 0.042637 0.041189 0.0253365 0.0216455 0.0180226 0.0154139
threshold=0.062951870329875023 0.35310786532394906 0.04482349849552076 4.8695708364138648 0.064875843515721399 0.24453807219685933 0.080469254423861394 0.29537279105457248 5.6348431717281287 4.1218786591292389 0.030828153041572735 0.053447873967158895 0.064829374281102928 0.38632470279470882 2.4073953559849142
decision_type=10 8 8 2 10 10 10 10 2 2 10 8 10 8 2
left_child=2 5 10 4 -3 11 -7 12 -5 -9 14 -2 -4 -12 -1
right_child=1 3 7 8 -6 6 -8 9 -10 -11 13 -13 -14 -15 -16
leaf_value=0 -0.00022366150254245123 0.00063683611951609233 -0.00011773369304476523 0 0.00028840284922583456 0.00019252851707345726 -5.3537109851235231e-05 0.00014939489335904954 0.00031545566321282062 -2.6182117429435175e-05 -0.00016984087587592909 0 6.6123631776706759e-05 0 -0.0002844447578209069
leaf_weight=34.782175170257688 146.74555202294141 480.40308963833377 1103.2801601237152 267.55857751332223 922.21957980562001 1047.193501916714 257.58491779305041 421.0751917893067 111.32050871755928 431.70769670885056 1422.9060417949222 142.04315442265943 49.24149532802403 189.10789453936741 1523.4841936351731
leaf_count=336 761 2542 6807 932 3680 4816 856 1936 334 1564 7126 1314 344 1064 8366
internal_value=0 0.00022829 -0.000148051 0.00034908 0.000415855 8.61817e-05 0.00013537 -3.18152e-05 7.21894e-05 4.74127e-05 -0.00021803 -9.72219e-05 -0.000100147 -0.000153042 -0.000278025
internal_weight=8550.65 3375.07 5175.58 1781.5 1402.62 1593.57 1304.78 2005.3 378.879 852.783 3170.28 288.789 1152.52 1612.01 1558.27
internal_count=42778 15235 27543 7488 6222 7747 5672 10651 1266 3500 16892 2075 7151 8190 8702
is_linear=0
shrinkage=0.0135118


Tree=40
num_leaves=16
num_cat=0
split_feature=22 22 22 26 16 10 16 23 0 33 22 21 12 35 17
split_gain=1.54306 0.287028 0.209605 0.122698 0.128204 0.106543 0.12102 0.0547333 0.0427604 0.0414283 0.0396784 0.0345593 0.015031 0.0150048 0.0134409
threshold=0.062951870329875023 0.099727195913392117 0.04482349849552076 0.30666087853241303 0.74262809133239416 0.35386121469543402 1.101598396166604 0.031120765507253709 0.51087500000000008 0.027507903136362647 0.030828153041572735 0.032369664282455746 0.038496391989977258 2.4073953559849142 1.1444979989443913
decision_type=10 10 8 8 10 10 10 8 2 10 10 10 8 2 8
left_child=2 5 10 14 -5 9 -7 11 -9 -2 13 -4 -12 -1 -3
right_child=1 3 7 4 -6 6 -8 8 -10 -11 12 -13 -14 -15 -16
leaf_value=0 -4.3842826524499339e-05 0.00012631820278638181 0 0.00093754781352023843 0.00037650082347890154 0.00041234953627574772 5.1175686167923198e-05 -9.5827996284718653e-05 3.3184206759255109e-05 0.00010264410335362377 -0.00022619592260793219 0.00042209649755417733 -9.8333228016010541e-05 -0.00028060228941985757 -7.2627841513739301e-05
leaf_weight=34.782175170257688 519.90119764907286 137.61272950656712 24.587323792278767 119.67572935670614 930.09384740097448 416.3718547327444 423.77602126263082 1350.1179101490416 557.6583959159907 774.63574737496674 576.14766667736694 72.940914092585444 1035.8662696569227 1523.4841936351731 53.001754546537995
leaf_count=336 2374 776 110 922 3658 1662 1732 7383 2642 3853 3440 516 4750 8366 258
internal_value=0 0.00022524 -0.000146093 0.000392993 0.000451421 0.000122471 0.000243593 -3.13097e-05 -5.22491e-05 3.51697e-05 -0.000215154 0.000262592 -0.000151017 -0.000274268 1.23316e-05
internal_weight=8550.65 3375.07 5175.58 1240.38 1049.77 2134.68 840.148 2005.3 1907.78 1294.54 3170.28 97.5282 1612.01 1558.27 190.614
internal_count=42778 15235 27543 5614 4580 9621 3394 10651 10025 6227 16892 626 8190 8702 1034
is_linear=0
shrinkage=0.0135118


Tree=41
num_leaves=16
num_cat=0
split_feature=22 9 22 11 35 9 35 22 9 11 12 35 19 9 35
split_gain=1.50312 0.279392 0.204257 0.158677 0.148988 0.060371 0.0413688 0.0381555 0.0371862 0.0640837 0.0305936 0.0241753 0.0206145 0.0173253 0.0146067
threshold=0.062951870329875023 0.30594511107802352 0.04482349849552076 0.3009809796100148 4.8061498944952259 0.29537279105457248 4.1218786591292389 0.030828153041572735 0.24453807219685933 0.30398010524689073 0.074534932875922666 4.5357128979923518 0.062944393630162937 0.38632470279470882 2.4073953559849142
decision_type=10 8 8 8 2 10 2 10 10 10 10 2 10 8 2
left_child=2 8 7 10 -5 12 -7 14 11 -10 -3 -2 -4 -9 -1
right_child=1 3 5 4 -6 6 -8 13 9 -11 -12 -13 -14 -15 -16
leaf_value=0 -0.00021821195855914235 0.00011892084940183903 -0.00013071199025022466 0.00042261975208505027 0.00010702022371192506 0.00014732555555050408 -2.5309226133842701e-05 -0.00016552162962555559 0.00017900583549444315 -7.8117400761401845e-05 -0.00011902632199928754 0 0 0 -0.00027681172737003331
leaf_weight=34.782175170257688 149.27032403787598 355.49392595794052 866.64572264277376 1498.4377649561502 460.57150318473577 421.0751917893067 431.70769670885056 1422.9060417949222 457.71789986640215 216.44458242040128 97.614498998969793 139.51838240772486 285.87593280896544 189.10789453936741 1523.4841936351731
leaf_count=336 1136 1546 5921 6626 1592 1936 1564 7126 2186 896 314 939 1230 1064 8366
internal_value=0 0.000222333 -0.000144162 0.000300357 0.000354169 -3.07702e-05 4.68326e-05 -0.000212342 1.52273e-05 7.98559e-05 4.29121e-05 -9.683e-05 -9.79002e-05 -0.000149072 -0.000270562
internal_weight=8550.65 3375.07 5175.58 2412.12 1959.01 2005.3 852.783 3170.28 962.951 674.162 453.108 288.789 1152.52 1612.01 1558.27
internal_count=42778 15235 27543 10078 8218 10651 3500 16892 5157 3082 1860 2075 7151 8190 8702
is_linear=0
shrinkage=0.0135118


Tree=42
num_leaves=16
num_cat=0
split_feature=19 19 19 7 13 26 10 8 35 7 5 13 33 21 12
split_gain=1.23168 0.306128 0.232221 0.146985 0.126975 0.0996801 0.130697 0.0793928 0.0604566 0.0447511 0.0420638 0.0416325 0.0292734 0.0168984 0.00809475
threshold=0.072207490468352897 0.039598228743174334 0.10521553094539736 0.32143598079918284 1.2512958106100898 0.3594697246305753 0.20637492426484597 0.28840393175894324 3.6484479998491124 0.21104146005531363 0.048111588565839795 1.5155316127097449 -0.046639380364960785 0.045152639190515355 0.049331839099548004
decision_type=10 8 10 10 10 8 8 8 2 10 8 10 8 10 10
left_child=1 9 7 10 -5 11 -7 14 -9 13 -3 -4 -11 -1 -2
right_child=2 3 5 4 -6 6 -8 8 -10 12 -12 -13 -14 -15 -16
leaf_value=-0.0002842084066331282 3.2455729629807995e-05 -0.00021959671202305246 -4.9448708133014966e-05 -4.4842362789922942e-05 0.00026153115457036439 -3.1133161516034862e-05 0.00048442977723782958 0.0003267857484821285 6.805425075664846e-05 -0.00029634551700229552 -4.0732259116346166e-05 0.00023623695136520563 -0.00010211478524401145 0 -6.6076773165972064e-05
leaf_weight=1324.1624170211144 331.18135232012719 354.15207054512575 99.484546662773937 353.33038745634258 546.76633659703657 54.940379307605326 920.15868049347773 394.33478146605194 532.28869781037793 274.43911354616284 1670.9036560452078 170.16706677014008 1253.2186739896424 12.988248797133563 258.13732209149748
leaf_count=7680 2138 1822 498 1442 2110 330 4006 1646 2022 1348 10253 832 5670 50 931
internal_value=0 -0.000111516 0.000235293 -1.02175e-05 0.000128859 0.000376154 0.000443901 0.000112185 0.000190323 -0.000211026 -7.75748e-05 8.94389e-05 -0.000144397 -0.000278717 0
internal_weight=8550.65 5789.96 2760.69 2925.15 900.097 1244.75 975.099 1515.94 926.623 2864.81 2025.06 269.652 1527.66 1337.15 589.319
internal_count=42778 30375 12403 15627 3552 5666 4336 6737 3668 14748 12075 1330 7018 7730 3069
is_linear=0
shrinkage=0.0135118


Tree=43
num_leaves=16
num_cat=0
split_feature=22 22 22 26 20 34 34 5 23 0 22 19 18 18 12
split_gain=1.43043 0.269249 0.194152 0.143998 0.12243 0.120998 0.0975838 0.061403 0.0528169 0.0403807 0.0357178 0.02964 0.0200768 0.0168133 0.0144067
threshold=0.062951870329875023 0.098950363086783094 0.04482349849552076 0.30666087853241303 0.093336145042857491 0.024975376640012262 -0.025606346561289847 0.056766034736167738 0.031120765507253709 0.51087500000000008 0.030828153041572735 0.03452598571753062 -0.0076912363173050604 -0.034493818242711465 0.038726694006698793
decision_type=10 10 8 8 10 10 8 8 8 2 10 10 8 8 8
left_child=2 4 10 12 7 -5 -6 -2 11 -10 13 -4 -3 -1 -12
right_child=1 3 8 5 6 -7 -8 -9 9 -11 14 -13 -14 -15 -16
leaf_value=-4.894526867211222e-05 -0.00010788736634110276 0.00021466885855375763 0 0.00050101288845417905 0 3.9874824425242861e-05 0.00045433477061225687 9.5632629658684196e-05 -9.3082070102287732e-05 3.1951832859058554e-05 -0.00021827325663495296 0.00039183173206941397 -5.9312036221222538e-05 -0.00028423758110861908 -9.3259389345076249e-05
leaf_weight=182.20394043670967 291.00743223028257 69.371600943617523 19.983406111598015 910.67483378713951 128.26352120144293 178.54405487328768 303.54091387242079 1365.4965671007521 1350.1179101490416 557.6583959159907 582.09810046525672 77.544831773266196 128.16995782125741 1376.0624283687212 1029.9158358690329
leaf_count=1092 874 372 84 4102 928 608 950 6713 7383 2642 3484 542 688 7610 4706
internal_value=0 0.000216808 -0.000140715 0.00037457 0.000114191 0.000435738 0.000322383 5.31052e-05 -2.99955e-05 -5.06661e-05 -0.000207206 0.000258661 0 -0.000263927 -0.000145385
internal_weight=8550.65 3375.07 5175.58 1286.76 2088.31 1089.22 431.804 1656.5 2005.3 1907.78 3170.28 97.5282 197.542 1558.27 1612.01
internal_count=42778 15235 27543 5770 9465 4710 1878 7587 10651 10025 16892 626 1060 8702 8190
is_linear=0
shrinkage=0.0135118


Tree=44
num_leaves=16
num_cat=0
split_feature=19 19 19 7 13 28 35 18 18 31 5 7 28 33 19
split_gain=1.1684 0.291596 0.220184 0.141328 0.123177 0.0970045 0.0759325 0.106445 0.0782662 0.0719964 0.0698867 0.042371 0.0401401 0.0289543 0.008
threshold=0.072207490468352897 0.039598228743174334 0.10521553094539736 0.32143598079918284 1.2512958106100898 0.025600000000000043 4.9830927623260264 0.08870682840703005 -0.099780169052328047 2.1200000000000006 0.04017674259908114 0.21104146005531363 -0.014550000000000006 0.022897565395962664 0.038752204365518982
decision_type=10 8 10 10 10 8 2 10 10 10 10 10 10 8 10
left_child=1 11 5 9 -5 12 7 -4 -8 -3 -7 14 -2 -13 -1
right_child=2 3 6 4 -6 10 8 -9 -10 -11 -12 13 -14 -15 -16
leaf_value=-0.00027923238724669638 0.00015085468799997531 -9.0002626421656812e-06 0.00045638953159373325 -4.4115600732176454e-05 0.00025733403125824931 9.8731898106448532e-05 0.0007868723234232774 0 0 -0.00018935018582553695 0.00041304437463539432 -0.00022070060894882433 -7.5095675940136069e-05 -7.0695285175784693e-05 0
leaf_weight=1286.7862839330919 200.19374996656552 1336.9666373373475 956.90954067232087 353.33038745634258 546.76633659703657 575.01596273342147 24.402492640074342 69.732922933995724 193.70571698760614 688.08908925298601 250.8902825829573 636.08592993114144 489.84215840511024 891.57185760466382 50.364381885156035
leaf_count=7534 1016 9067 4468 1442 2110 2538 116 280 802 3008 1019 2916 2164 4102 196
internal_value=0 -0.000108666 0.000229117 -9.70809e-06 0.000126595 0.000108965 0.000366379 0.0004186 6.90334e-05 -7.58321e-05 0.000207902 -0.000205787 0 -0.00014052 -0.000271924
internal_weight=8550.65 5789.96 2760.69 2925.15 900.097 1515.94 1244.75 1026.64 218.108 2025.06 825.906 2864.81 690.036 1527.66 1337.15
internal_count=42778 30375 12403 15627 3552 6737 5666 4748 918 12075 3557 14748 3180 7018 7730
is_linear=0
shrinkage=0.0135118


Tree=45
num_leaves=16
num_cat=0
split_feature=22 22 22 7 11 15 26 20 23 32 22 7 32 18 7
split_gain=1.36275 0.255972 0.184855 0.122098 0.118665 0.0957195 0.0945229 0.0536954 0.0512429 0.0356235 0.0334166 0.0322081 0.0234648 0.0160678 0.0125478
threshold=0.062951870329875023 0.099727195913392117 0.04482349849552076 0.31954429442857318 0.3009809796100148 1.329815938447493 0.3594697246305753 0.10409046931126058 0.031120765507253709 0.52638522427440637 0.030828153041572735 0.3861885931947146 0.44986807387862798 -0.034493818242711465 0.33636458466017566
decision_type=10 10 8 10 8 10 8 10 8 10 10 10 8 8 8
left_child=2 3 10 7 9 -5 -6 -2 12 -3 13 -10 -4 -1 -12
right_child=1 4 8 5 6 -7 -8 -9 11 -11 14 -13 -14 -15 -16
leaf_value=-4.5861489420264807e-05 -1.2588287992251681e-05 0.00025590895219536097 0 5.8101591329526813e-05 0.00010351717075037405 0.00036149045492118477 0.00051944402628635242 0.00027262046697068445 -7.6527244843773004e-05 0 -0.00016474207561100959 6.1698968862325455e-05 0.00036812857715432624 -0.00027743413253865086 -2.2757305427199793e-05
leaf_weight=182.20394043670967 1028.5681207817979 123.56312624318525 19.315512110479176 471.54057943588123 197.55906124832109 503.65406636940315 760.16525745810941 130.92205443233252 1617.757013004506 159.09661586116999 1273.4231751328334 290.01929306052625 78.212725774385035 1376.0624283687212 338.59076120145619
leaf_count=1092 5375 742 222 1796 944 1822 3078 628 8797 850 6436 1228 404 7610 1754
internal_value=0 0.000211569 -0.000137395 0.000114118 0.000370173 0.000226345 0.000445405 1.00351e-05 -2.91975e-05 7.54625e-05 -0.000202291 -4.96381e-05 0.000254974 -0.000257558 -0.000141876
internal_weight=8550.65 3375.07 5175.58 2134.68 1240.38 975.195 957.724 1159.49 2005.3 282.66 3170.28 1907.78 97.5282 1558.27 1612.01
internal_count=42778 15235 27543 9621 5614 3618 4022 6003 10651 1592 16892 10025 626 8702 8190
is_linear=0
shrinkage=0.0135118


Tree=46
num_leaves=16
num_cat=0
split_feature=22 9 22 35 10 19 11 31 9 9 35 22 19 9 35
split_gain=1.32778 0.25505 0.180282 0.13856 0.121887 0.104801 0.133949 0.0790813 0.0556344 0.0441877 0.0394043 0.0321807 0.0193073 0.0162518 0.0139267
threshold=0.062951870329875023 0.35310786532394906 0.04482349849552076 4.8695708364138648 0.6521674708179992 0.14090254695586449 0.28023765919799953 0.035000000000000149 0.29537279105457248 0.24453807219685933 4.1218786591292389 0.030828153041572735 0.062944393630162937 0.38632470279470882 2.4073953559849142
decision_type=10 8 8 2 10 10 10 8 10 10 2 10 10 8 2
left_child=2 5 11 4 -3 9 -7 -5 12 -2 -10 14 -4 -13 -1
right_child=1 3 8 7 -6 6 -8 -9 10 -11 -12 13 -14 -15 -16
leaf_value=0 -9.7371555750042652e-05 0.00045368373201293142 -0.00012506948925857683 0.00040009621575065336 8.8143547861395681e-05 0 0.00079010511271184597 -2.2159225447591604e-05 0.00014373996470109856 7.8244503521146156e-05 -2.4357329673551815e-05 -0.00015590327945162012 0 0 -0.00026028569334388596
leaf_weight=34.782175170257688 288.42893473943695 1111.5283090430312 866.64572264277376 96.407013136893511 291.0943604009226 34.020431038923562 80.794106169603765 282.472073093988 421.0751917893067 1190.323654207401 431.70769670885056 1422.9060417949222 285.87593280896544 189.10789453936741 1523.4841936351731
leaf_count=336 1965 4926 5921 324 1296 274 342 942 1936 5166 1564 7126 1230 1064 8366
internal_value=0 0.00020885 -0.000135607 0.000322012 0.000385844 7.52741e-05 0.000476999 5.60332e-05 -2.8678e-05 3.6405e-05 4.55434e-05 -0.000199701 -9.33064e-05 -0.000140053 -0.000254176
internal_weight=8550.65 3375.07 5175.58 1781.5 1402.62 1593.57 114.815 378.879 2005.3 1478.75 852.783 3170.28 1152.52 1612.01 1558.27
internal_count=42778 15235 27543 7488 6222 7747 616 1266 10651 7131 3500 16892 7151 8190 8702
is_linear=0
shrinkage=0.0135118


Tree=47
num_leaves=16
num_cat=0
split_feature=19 19 19 7 13 26 28 11 31 5 7 28 13 34 19
split_gain=1.08145 0.270912 0.204909 0.131648 0.118294 0.0941744 0.0934558 0.0789115 0.0699127 0.0678035 0.0398832 0.0385445 0.0384927 0.0273431 0.00749272
threshold=0.072207490468352897 0.039598228743174334 0.10521553094539736 0.32143598079918284 1.2512958106100898 0.3594697246305753 0.025600000000000043 0.26478901859591358 2.1200000000000006 0.04017674259908114 0.21104146005531363 -0.014550000000000006 1.5155316127097449 0.028992328967738182 0.038752204365518982
decision_type=10 8 10 10 10 8 8 8 10 10 10 10 10 10 10
left_child=1 10 6 8 -5 12 11 -7 -3 -8 14 -2 -4 -12 -1
right_child=2 3 5 4 -6 7 9 -9 -10 -11 13 -13 -14 -15 -16
leaf_value=-0.00026960988065773421 0.00014432535562760955 -7.1086019060697565e-06 -6.0364195277172586e-05 -4.4589336413415974e-05 0.00025064389844724807 6.5036443272366672e-06 9.3660417622101636e-05 0.00046748047076026713 -0.00018473132869953297 0.00040313466209876897 -9.3570309342950683e-05 -7.6378023772373982e-05 0.00021868694663382553 -0.00028159525945897128 0
leaf_weight=1286.7862839330919 200.19374996656552 1336.9666373373475 99.484546662773937 353.33038745634258 546.76633659703657 128.1274012522772 575.01596273342147 846.97165854880586 688.08908925298601 250.8902825829573 1254.9786955178715 489.84215840511024 170.16706677014008 272.67909201793373 50.364381885156035
leaf_count=7534 1016 9067 498 1442 2110 696 2538 3640 3008 1019 5588 2164 832 1430 196
internal_value=0 -0.000104591 0.000220381 -9.06488e-06 0.000122343 0.000352907 0.000104121 0.000418412 -7.30132e-05 0.000201357 -0.000198208 0 7.43189e-05 -0.000134518 -0.000262544
internal_weight=8550.65 5789.96 2760.69 2925.15 900.097 1244.75 1515.94 975.099 2025.06 825.906 2864.81 690.036 269.652 1527.66 1337.15
internal_count=42778 30375 12403 15627 3552 5666 6737 4336 12075 3557 14748 3180 1330 7018 7730
is_linear=0
shrinkage=0.0135118


Tree=48
num_leaves=16
num_cat=0
split_feature=21 9 23 26 9 9 27 5 20 26 33 30 33 9 20
split_gain=1.06306 0.326962 0.295283 0.139091 0.0757428 0.06793 0.0625262 0.0618401 0.0439065 0.0436644 0.0358487 0.034108 0.0314323 0.020579 0.014828
threshold=0.052210872839726981 0.30594511107802352 0.050125854435354174 0.3594697246305753 0.35310786532394906 0.19001390969937945 0.31745680853286734 0.056766034736167738 0.055667395604969978 0.16890093918597218 -0.046639380364960785 16.565000000000001 0.039394277505336313 0.22355269726895172 0.056021894642084714
decision_type=10 8 8 8 8 8 10 8 10 10 10 10 8 10 10
left_child=2 8 5 9 13 14 -5 -6 12 -3 -7 -10 -2 -4 -1
right_child=1 3 4 6 7 10 -8 -9 11 -11 -12 -13 -14 -15 -16
leaf_value=-0.00030313550123536377 -0.00030341590084640775 -0.00015311693208918995 -0.00013519372893208378 0.00048917193579196003 -1.7310137307277671e-05 -0.00022950080215571018 0.00024326588040277187 0.00023930491555917291 0.00019596137333621552 0.00016025149922017326 -9.990509044019014e-05 -1.0550720175965401e-05 0 1.5905567185350266e-06 0
leaf_weight=711.12530654203147 131.78205886948854 66.258903020992875 218.17021007975563 816.09799049934372 147.60031732311472 703.87627889495343 567.74847459886223 487.3023135450203 202.94462559558451 410.22019589040428 2749.7064182488248 226.08109267987311 125.60811603721231 962.28094351617619 23.850485578179359
leaf_count=4268 538 262 1979 3164 812 4170 2466 3520 1178 1492 12563 1004 744 4520 98
internal_value=0 0.000231611 -9.78155e-05 0.000324817 4.12665e-05 -0.000160766 0.000396463 0.000162045 -4.72967e-06 9.31092e-05 -0.000129581 6.11398e-05 -0.0001579 -1.42399e-05 -0.00029194
internal_weight=8550.65 2546.74 6003.91 1860.33 1815.35 4188.56 1383.85 634.903 686.416 476.479 3453.58 429.026 257.39 1180.45 734.976
internal_count=42778 10848 31930 7384 10831 21099 5630 4332 3464 1754 16733 2182 1282 6499 4366
is_linear=0
shrinkage=0.0135118


Tree=49
num_leaves=16
num_cat=0
split_feature=22 22 9 35 8 16 27 31 19 9 9 22 30 9 35
split_gain=1.23848 0.310593 0.184531 0.135483 0.121355 0.119066 0.102845 0.0908222 0.0890214 0.0806097 0.0784862 0.0346182 0.0306441 0.0230198 0.0133236
threshold=0.076932535462252635 0.045864507111449924 0.36572886717807457 2.6322484230359993 0.43707844577491811 0.78935433360959062 0.094180487076049577 5.2400000000000011 0.12041838538540749 0.2990913591811602 0.22059924329481623 0.030828153041572735 16.425000000000004 0.38632470279470882 2.4073953559849142
decision_type=10 8 8 2 10 10 8 8 10 8 10 10 10 8 2
left_child=1 11 6 9 7 -6 12 -4 -8 -3 -5 14 -2 -13 -1
right_child=2 3 4 10 5 -7 8 -9 -10 -11 -12 13 -14 -15 -16
leaf_value=0 1.1838166628461482e-05 0 0.00040080638040484561 -0.00018597803274471804 0.00089828662392355918 0.00013856178353935855 9.3089118353168685e-05 0.00092083917470047155 0.00047650465882518309 0.00060136341186283295 7.2931650219210466e-06 -0.00015031693819588969 -0.00021354688318992859 0 -0.00025140840987830648
leaf_weight=34.782175170257688 104.73745418712497 42.217400546651334 519.69611417781562 440.06706973654218 49.140017464756966 591.8699978897348 579.92947807209566 129.96559865726158 184.24155698018149 105.89005929185078 2348.9954663440585 1524.2412874139845 163.54664737638086 207.84921397594735 1523.4841936351731
leaf_count=336 622 268 2294 4170 298 2036 2809 746 864 666 9739 7670 722 1172 8366
internal_value=0 -9.90527e-05 0.000266488 0 0.000378429 0.000214729 0.000115627 0.000522515 0.000200356 0.000399593 -1.92073e-05 -0.00018921 -8.39752e-05 -0.00013213 -0.000245428
internal_weight=8550.65 6227.53 2323.13 2937.17 1290.67 641.01 1032.46 649.662 764.171 148.107 2789.06 3290.36 268.284 1732.09 1558.27
internal_count=42778 32387 10391 14843 5374 2334 5017 3040 3673 934 13909 17544 1344 8842 8702
is_linear=0
shrinkage=0.0135118


Tree=50
num_leaves=16
num_cat=0
split_feature=22 22 8 16 22 5 2 23 30 38 19 7 20 8 38
split_gain=1.20751 0.302493 0.162579 0.083052 0.296602 0.0761025 0.0764606 0.064698 0.0403054 0.0396354 0.0336013 0.0355637 0.0245734 0.0224221 0.00617158
threshold=0.076932535462252635 0.045864507111449924 0.28724391310629371 0.74262809133239416 0.12336823190926921 0.048111588565839795 0.1287609684267963 0.061737115662680926 16.565000000000001 4.5000000000000009 0.039598228743174334 0.26345347685285886 0.10897662347293012 0.22531862044475051 11.500000000000002
decision_type=10 8 8 10 10 8 2 10 10 2 10 8 10 10 2
left_child=1 10 8 4 -4 9 -7 -5 13 -3 14 -12 -10 -2 -1
right_child=2 5 3 7 -6 6 -8 -9 12 -11 11 -13 -14 -15 -16
leaf_value=-0.00021751627860371037 0 -0.00023305727857741453 0.00017975600787606787 0.00056534034821919502 0.0014852089255465665 -2.6076863289451958e-05 0.00012169669228696398 0.00023621432645172226 -0.00015094049407985845 0 -0.00016464966837644124 0 7.8774277316981026e-05 0.00024453887755862026 0
leaf_weight=2452.1751199262217 83.783618369139731 343.73748511634767 127.12076842971146 189.52635884843767 57.944440910127014 1442.9546314086765 1040.7189297985751 1389.2308963392861 201.95633424678817 109.75894959550351 457.67019092664123 352.77376196486875 78.589908523950726 194.97453913791105 27.737797377631068
leaf_count=13220 661 1086 812 726 514 7994 4929 5058 1014 834 2586 1646 588 1018 92
internal_value=0 -9.77224e-05 0.000263219 0.00032802 0.000650959 0 3.13445e-05 0.000282935 3.87731e-05 -0.000158859 -0.000186697 -8.54775e-05 -4.67083e-05 0.000164871 -0.000215244
internal_weight=8550.65 6227.53 2323.13 1763.82 185.065 2937.17 2483.67 1578.76 559.304 453.496 3290.36 810.444 280.546 278.758 2479.91
internal_count=42778 32387 10391 7110 1326 14843 12923 5784 3281 1920 17544 4232 1602 1679 13312
is_linear=0
shrinkage=0.0135118


Tree=51
num_leaves=16
num_cat=0
split_feature=19 19 19 7 33 26 10 28 5 5 7 28 15 33 19
split_gain=0.978231 0.246079 0.188085 0.121849 0.112503 0.090091 0.116974 0.089073 0.0651401 0.0395795 0.0372872 0.03713 0.0295897 0.0278871 0.00720395
threshold=0.072207490468352897 0.039598228743174334 0.10521553094539736 0.32143598079918284 0.0035449631489802296 0.3594697246305753 0.20637492426484597 0.025600000000000043 0.04017674259908114 0.048111588565839795 0.21104146005531363 -0.014550000000000006 1.871908398739784 0.022897565395962664 0.038752204365518982
decision_type=10 8 10 10 10 8 8 8 10 8 10 10 10 8 10
left_child=1 10 7 9 -5 12 -7 11 -9 -3 14 -2 -4 -12 -1
right_child=2 3 5 4 -6 6 -8 8 -10 -11 13 -13 -14 -15 -16
leaf_value=-0.00025776330701684147 0.00013681791255423993 -0.00020683098493389179 -6.1422830713145757e-07 -0.00011299555184568233 0.00021147347389673433 -4.646485625690885e-05 0.00043945195608939531 8.7273006539751558e-05 0.00039046354082203052 -3.4065068707243311e-05 -0.00020421838950871371 -7.8551281174302822e-05 0.00022761437494474938 -5.8816793937461598e-05 0
leaf_weight=1286.7862839330919 200.19374996656552 354.15207054512575 144.24570894474164 224.45123361283913 675.64549044054002 54.940379307605326 920.15868049347773 575.01596273342147 250.8902825829573 1670.9036560452078 636.08592993114144 489.84215840511024 125.40590448817238 891.57185760466382 50.364381885156035
leaf_count=7534 1016 1822 742 1416 2136 330 4006 2538 1019 10253 2916 2164 588 4102 196
internal_value=0 -9.93938e-05 0.00020968 -8.16902e-06 0.000118114 0.000336751 0.000400587 9.79017e-05 0.000193056 -6.9839e-05 -0.000188619 0 6.42158e-05 -0.000126721 -0.000250912
internal_weight=8550.65 5789.96 2760.69 2925.15 900.097 1244.75 975.099 1515.94 825.906 2025.06 2864.81 690.036 269.652 1527.66 1337.15
internal_count=42778 30375 12403 15627 3552 5666 4336 6737 3557 12075 14748 3180 1330 7018 7730
is_linear=0
shrinkage=0.0135118


Tree=52
num_leaves=16
num_cat=0
split_feature=20 9 23 9 19 19 38 35 17 10 5 17 5 7 38
split_gain=0.953816 0.394117 0.190016 0.157449 0.137797 0.104773 0.0894006 0.0802721 0.0812974 0.0558554 0.0668733 0.041951 0.0378093 0.0172817 0.0126313
threshold=0.078410411424968671 0.32507910925737588 0.08109583612625261 0.36727630355145563 0.10521553094539736 0.038422489497319058 7.5000000000000009 4.9830927623260264 1.3228093828840699 0.33389516893035659 0.094865582876722726 0.98180744928276964 0.033765242835752267 0.21194781967791401 7.5000000000000009
decision_type=10 10 10 10 10 10 2 2 10 8 10 8 8 10 2
left_child=1 5 6 -4 9 13 -3 8 -6 14 -11 -9 -7 -1 -2
right_child=4 2 3 -5 7 12 -8 11 -10 10 -12 -13 -14 -15 -16
leaf_value=-0.00025510214106914698 6.6266485552525072e-05 -7.8549015741255345e-06 0 0.00079270045263318595 0.00046439867620790118 -0.00022927566324663624 0.00022478257545720555 -3.4419276935861996e-05 1.3320968951228998e-05 9.2327051555227127e-05 0.00062199916430125753 0.0003176270901739227 -4.5648364556943573e-05 -0.00014183908622304213 -8.0713974212368191e-05
leaf_weight=1281.086321281502 229.22800119919702 1147.8266471344978 35.871745832264423 121.10543040186167 830.33217056514695 282.90653603104874 374.6277750628069 125.93377303984016 137.10712629370391 317.25924133509398 73.755109146703035 78.427522632293403 2176.2759589361958 1140.0374824539758 198.87288957368582
leaf_count=8546 1104 4650 144 376 3966 1190 2138 514 484 1360 272 350 11456 5084 1144
internal_value=0 -7.82856e-05 9.63163e-05 0.000549912 0.000259346 -0.000140667 4.20757e-05 0.000357867 0.00041207 0.000104644 0.000221324 4.63048e-05 -7.1356e-05 -0.000206423 0
internal_weight=8550.65 6559.74 1679.43 156.977 1990.92 4880.31 1522.45 1171.8 967.439 819.115 391.014 204.361 2459.18 2421.12 428.101
internal_count=42778 33584 7308 520 9194 26276 6788 5314 4450 3880 1632 864 12646 13630 2248
is_linear=0
shrinkage=0.0135118


Tree=53
num_leaves=16
num_cat=0
split_feature=22 9 22 11 12 9 33 10 21 12 20 9 18 30 2
split_gain=1.12516 0.218558 0.151588 0.143874 0.123891 0.0622289 0.0582452 0.0351355 0.02937 0.0267595 0.0261649 0.0207512 0.00717564 0.0109196 0.00423303
threshold=0.062951870329875023 0.30594511107802352 0.034690716463980698 0.3009809796100148 0.062330627415105679 0.39160022862749994 0.040277115408499549 0.61778991423587704 0.073988720498535152 0.074534932875922666 0.083857210526912765 0.24453807219685933 -0.034493818242711465 19.665000000000003 0.63138989782647459
decision_type=10 8 8 8 8 10 8 10 10 10 10 10 8 10 2
left_child=2 6 12 9 -5 8 10 -7 -4 -3 -2 -8 13 -1 -14
right_child=1 3 5 4 -6 7 11 -9 -10 -11 -12 -13 14 -15 -16
leaf_value=0 -0.00017630399543627363 9.2154581564146584e-05 -9.4028839260635057e-05 0.00050561288205450681 0.00023054499053522292 0.00021699924253768628 0 -7.3292291618932177e-06 0.00015183561539238433 -0.00014258102057884144 0 0.00016542354679268922 -0.00023888611098557775 -0.00016576180357618571 0
leaf_weight=126.1646421039477 286.91450294200331 355.49392595794052 2866.2780133194756 538.95349555741996 1420.055772583466 202.96976086590439 174.89450039761141 120.81290724873543 57.187742729671299 97.614498998969793 124.01889317762107 377.12329221516848 1688.8171375519596 104.92950366251171 8.425141607411204
leaf_count=756 1137 1546 15085 2466 5752 876 1482 602 310 314 636 1902 9264 628 22
internal_value=0 0.000192259 -0.000124828 0.000261215 0.000312014 -6.35476e-05 7.87514e-06 9.88336e-05 -8.53716e-05 1.68186e-05 -0.000100479 0.000108821 -0.000222185 -6.23361e-05 -0.000237335
internal_weight=8550.65 3375.07 5175.58 2412.12 1959.01 3247.25 962.951 323.783 2923.47 453.108 410.933 552.018 1928.34 231.094 1697.24
internal_count=42778 15235 27543 10078 8218 16873 5157 1478 15395 1860 1773 3384 10670 1384 9286
is_linear=0
shrinkage=0.0135118


Tree=54
num_leaves=16
num_cat=0
split_feature=22 22 9 35 11 17 5 9 9 30 7 18 22 9 18
split_gain=1.09687 0.275476 0.168119 0.12946 0.0987796 0.113401 0.102069 0.0769786 0.0737889 0.0628093 0.0709349 0.0417867 0.0300248 0.0212566 0.0163131
threshold=0.076932535462252635 0.045864507111449924 0.36572886717807457 2.6322484230359993 0.62365849863508516 0.85817896196256849 0.15144378785722676 0.2990913591811602 0.22059924329481623 16.425000000000004 0.24943850570014484 -0.029463328135925167 0.030828153041572735 0.38632470279470882 -0.034493818242711465
decision_type=10 8 8 2 10 8 8 8 10 10 10 10 10 8 8
left_child=1 12 9 7 5 -4 -6 -3 -5 10 -2 -11 14 -14 -1
right_child=2 3 4 8 6 -7 -8 -9 -10 11 -12 -13 13 -15 -16
leaf_value=-2.603430583756857e-05 0 0 0.00020087360643930742 -0.00018040564459861935 -0.00011351874527097026 0.0005530797472962294 0.00037140043009497144 0.0005878530518888753 6.8728657544179929e-06 0.00018002688290255663 0.00039619290033229609 -4.1954385823630631e-05 -0.00014129240150991237 0 -0.00025008130866093718
leaf_weight=182.20394043670967 128.74917204398662 42.217400546651334 404.10055166762322 440.06706973654218 145.308429364115 607.47834203066304 133.7844051271677 105.89005929185078 2348.9954663440585 212.67293493729085 229.02438389742747 462.00864573707804 1524.2412874139845 207.84921397594735 1376.0624283687212
leaf_count=1092 983 268 1780 4170 454 2524 616 666 9739 810 1264 1960 7670 1172 7610
internal_value=0 -9.31234e-05 0.000250884 0 0.000357783 0.000423568 7.90361e-05 0.000390694 -1.86815e-05 0.000106331 0.000253725 1.14883e-05 -0.000178033 -0.000123808 -0.00023108
internal_weight=8550.65 6227.53 2323.13 2937.17 1290.67 1011.58 279.093 148.107 2789.06 1032.46 357.774 674.682 3290.36 1732.09 1558.27
internal_count=42778 32387 10391 14843 5374 4304 1070 934 13909 5017 2247 2770 17544 8842 8702
is_linear=0
shrinkage=0.0135118


Tree=55
num_leaves=16
num_cat=0
split_feature=21 9 23 26 34 9 13 9 16 20 34 30 33 9 20
split_gain=0.910604 0.287944 0.244174 0.132382 0.0727925 0.0624639 0.0766177 0.0595564 0.0425891 0.0395089 0.0367337 0.0321964 0.0295953 0.0180818 0.01362
threshold=0.052210872839726981 0.30594511107802352 0.050125854435354174 0.3594697246305753 0.024975376640012262 0.35310786532394906 1.279462719156834 0.19001390969937945 0.99115815235729998 0.055667395604969978 0.031180650678901859 16.565000000000001 0.039394277505336313 0.22355269726895172 0.056021894642084714
decision_type=10 8 8 8 10 8 8 8 8 10 10 10 8 10 10
left_child=2 9 7 8 -5 13 -7 14 -3 12 -9 -11 -2 -4 -1
right_child=1 3 5 4 -6 6 -8 10 -10 11 -12 -13 -14 -15 -16
leaf_value=-0.00028181969538848816 -0.00029319459240918831 0.00017883996525595053 -0.00012726419432751684 0.0004264426716697635 0.00011654247608919581 -2.771157089167147e-05 0.00024999794133188241 -9.4154518514441812e-05 -5.4103689604365074e-05 0.00018708230746789512 -0.0002446436006458736 -1.4720110094057311e-05 0 0 0
leaf_weight=711.12530654203147 131.78205886948854 314.85675837099552 218.17021007975563 1102.2091807411052 281.63728435710073 198.5827794354409 436.31985143269412 2976.2320484593511 161.62234054040164 202.94462559558451 477.35064868442714 226.08109267987311 125.60811603721231 962.28094351617619 23.850485578179359
leaf_count=4268 538 1262 1979 4538 1092 860 3472 14413 492 1178 2320 1004 744 4520 98
internal_value=0 0.00021443 -9.04591e-05 0.00030196 0.000371508 3.55187e-05 0.000145543 -0.00014773 7.63603e-05 -6.52251e-06 -0.00011822 5.47371e-05 -0.000152011 -1.42005e-05 -0.000271044
internal_weight=8550.65 2546.74 6003.91 1860.33 1383.85 1815.35 634.903 4188.56 476.479 686.416 3453.58 429.026 257.39 1180.45 734.976
internal_count=42778 10848 31930 7384 5630 10831 4332 21099 1754 3464 16733 2182 1282 6499 4366
is_linear=0
shrinkage=0.0135118


Tree=56
num_leaves=16
num_cat=0
split_feature=22 22 9 8 33 9 27 18 17 33 12 32 7 32 9
split_gain=1.04511 0.262123 0.160653 0.116963 0.148368 0.0996196 0.0951514 0.0857318 0.0743798 0.0659919 0.0410173 0.0297508 0.0270365 0.0268519 0.00521846
threshold=0.076932535462252635 0.04482349849552076 0.36572886717807457 0.43707844577491811 0.048836570964891808 0.32507910925737588 0.094180487076049577 -0.073960931022454365 0.82817974018131157 0.038712463141247884 0.093548022896578431 0.52176781002638528 0.21194781967791401 0.95052770448548818 0.33472866227585557
decision_type=10 8 8 10 10 10 8 10 10 10 8 10 8 10 10
left_child=1 12 6 7 -5 10 11 -4 -8 -7 -3 -2 14 -14 -1
right_child=2 5 3 4 -6 9 8 -9 -10 -11 -12 -13 13 -15 -16
leaf_value=-0.00023769563105971811 1.1128664679200277e-06 -2.9739218871099424e-05 0.00089769085551442897 5.3330523132575086e-05 0.00058116575673234435 0 0 0.0003765267001918256 0.00029521772094367359 0.00022831346144325888 -0.00024507110355072748 -0.00021465303466456246 -9.0055810002318614e-05 -0.00025691859026274219 0
leaf_weight=1340.091252214741 104.73745418712497 1778.4905505911447 119.23141712090001 497.17718610074371 143.83282925374806 617.99532260000706 307.43129802215844 530.43029571417719 456.7397370301187 450.57680288795382 210.18388489563949 163.54664737638086 1470.6084599443711 340.0306681394577 19.549924841150641
leaf_count=7548 622 8777 746 1704 630 2308 1564 2294 2109 2064 2346 722 7820 1442 82
internal_value=0 -9.09223e-05 0.00024487 0.000349438 0.000189485 0 0.000103234 0.000489842 0.000185325 0.000103532 -5.81674e-05 -8.88459e-05 -0.000177007 -0.00012762 -0.000234492
internal_weight=8550.65 6227.53 2323.13 1290.67 641.01 3057.25 1032.46 649.662 764.171 1068.57 1988.67 268.284 3170.28 1810.64 1359.64
internal_count=42778 32387 10391 5374 2334 15495 5017 3040 3673 4372 11123 1344 16892 9262 7630
is_linear=0
shrinkage=0.0135118


Tree=57
num_leaves=16
num_cat=0
split_feature=20 8 26 34 13 11 13 7 32 15 16 5 26 32 8
split_gain=0.853126 0.253509 0.143943 0.141357 0.126719 0.110162 0.114846 0.0765658 0.0598248 0.0439772 0.033464 0.031505 0.0208114 0.0131848 0.0106515
threshold=0.078410411424968671 0.31508696794953928 0.3594697246305753 0.031180650678901859 1.2709654149894996 0.30822941622648553 1.7169371599014842 0.19833705102195237 0.65435356200527717 1.4046150878058268 0.96324232797622089 0.085775343023354503 0.31096475785507721 0.83047493403693939 0.57453093634691588
decision_type=10 10 8 10 10 8 8 8 8 10 10 8 10 10 10
left_child=1 7 9 4 -3 10 -7 12 -9 13 -4 -11 -1 -2 -5
right_child=2 3 5 14 -6 6 -8 8 -10 11 -12 -13 -14 -15 -16
leaf_value=-0.00026340795952762024 -0.00020200354041430025 -2.4108962464722495e-06 0.0001887919268717956 -0.00018183627680767422 0.0002485344484693327 0.00026346944046729909 0.00062190899872798986 -2.816816248955625e-05 -0.00015385772169817879 -4.8336493699750785e-05 0 0.00020103238924371698 -0.00011303786945727745 0 0
leaf_weight=896.23105701617897 133.44805128220469 543.42000413639471 315.77930737659335 323.78305883519351 763.90104571869597 701.421022830531 344.10927412705496 1996.9798901132308 1350.1093983284663 47.199527895543724 157.07027508551255 264.45807314943522 634.0534797119908 27.430302038788795 51.259963274002075
leaf_count=4205 728 2066 1816 1698 3058 2769 1653 8909 8044 212 702 1220 5296 94 308
internal_value=0 -7.4003e-05 0.00024531 6.46871e-05 0.000135688 0.000310077 0.000392319 -0.000124139 -8.22235e-05 1.34408e-05 0.000104407 0.000127366 -0.000208461 -0.000137601 -0.00015287
internal_weight=8550.65 6559.74 1990.92 1682.36 1307.32 1518.38 1045.53 4877.37 3347.09 472.536 472.85 311.658 1530.28 160.878 375.043
internal_count=42778 33584 9194 7130 5124 6940 4422 26454 16953 2254 2518 1432 9501 822 2006
is_linear=0
shrinkage=0.0135118


Tree=58
num_leaves=16
num_cat=0
split_feature=22 22 19 20 7 16 22 5 35 9 9 23 9 18 22
split_gain=0.999651 0.197503 0.138179 0.0964136 0.116386 0.0959057 0.235986 0.0726332 0.0554844 0.0513126 0.0363136 0.0336238 0.0223644 0.0145941 0.0136258
threshold=0.062951870329875023 0.099727195913392117 0.0470958080914241 0.093336145042857491 0.3328024196808968 0.74262809133239416 0.12336823190926921 0.12055855597203395 2.6322484230359993 0.42748017658216886 0.22697283109983238 0.029952536992369553 0.19001390969937945 0.032128726586090679 0.040757607963279201
decision_type=10 10 8 10 8 10 10 8 2 10 8 10 8 10 10
left_child=2 3 9 8 -5 6 -3 -7 -2 12 13 -12 -1 -4 -11
right_child=1 5 10 4 -6 7 -8 -9 -10 14 11 -13 -14 -15 -16
leaf_value=-0.00026894057474941609 0.00034207215774388475 0 -0.0001718347790239938 1.7531448821711296e-06 0.00049201644265124288 6.1525493729714832e-05 0.001215292510167314 0.0003420335160869123 1.2126194117224553e-05 0 0.00022193715009992209 0 -0.00014853026452474804 0 0.00027507188705103581
leaf_weight=695.64820020087063 107.05523037863895 67.848295557778329 312.98442560387775 222.83296144241467 228.32779220957309 358.74221539264545 76.781499151606113 737.01205070875585 1576.4688369887881 43.349371832795441 129.51548989093862 1217.6077386192046 2683.4138243165798 52.60650041885674 40.459298206493258
leaf_count=4124 588 566 1900 1128 822 1092 646 3310 7083 288 1806 5443 13518 254 210
internal_value=0 0.000181193 -0.000117686 9.47825e-05 0.000274863 0.00032081 0.000699018 0.000260463 3.98254e-05 -0.000167097 -1.1234e-05 1.38457e-05 -0.000176658 -0.00013417 8.44796e-05
internal_weight=8550.65 3375.07 5175.58 2134.68 451.161 1240.38 144.63 1095.75 1683.52 3462.87 1712.71 1347.12 3379.06 365.591 83.8087
internal_count=42778 15235 27543 9621 1950 5614 1212 4402 7671 18140 9403 7249 17642 2154 498
is_linear=0
shrinkage=0.0135118


Tree=59
num_leaves=16
num_cat=0
split_feature=21 9 23 26 34 9 34 9 16 35 34 20 24 28 18
split_gain=0.834152 0.268303 0.220695 0.144158 0.0742216 0.0560986 0.0667609 0.0532779 0.0434581 0.0396251 0.0346028 0.0243336 0.0232988 0.0147756 0.0145592
threshold=0.052210872839726981 0.29658376811869841 0.050125854435354174 0.3594697246305753 0.024975376640012262 0.35310786532394906 0.024975376640012262 0.19001390969937945 0.99115815235729998 3.5800404312699317 0.031180650678901859 0.092269312136115708 11.500000000000002 -0.028150000000000005 0.043052292069642346
decision_type=10 8 8 8 10 8 10 8 8 2 10 10 2 8 10
left_child=2 9 7 8 -5 12 -7 14 -3 13 -9 -11 -4 -2 -1
right_child=1 3 5 4 -6 6 -8 10 -10 11 -12 -13 -14 -15 -16
leaf_value=-0.00027205745920432319 0 0.00016081058127269597 -6.1928052372860789e-05 0.00040623444978992926 0.00010514957847929106 0.00021750385679848112 -6.9440615413833079e-05 -8.9258422629252834e-05 -7.7890031688941552e-05 -1.3102303050176116e-05 -0.00023555557276124471 0.00021669804276330104 6.0757487997044542e-05 -0.00028051599315528453 0
leaf_weight=698.88895981945097 9.8837669119238836 327.27606141008437 808.03611918259412 1155.9542837399058 296.30849548056722 496.68127014557831 138.22136072255671 2976.2320484593511 171.56720705796033 360.1555046280846 477.35064868442714 93.881606372073293 372.41503441333771 131.71453159116209 36.086832300759852
leaf_count=4172 94 1338 5971 4798 1116 3706 626 14413 534 1788 2320 516 528 664 194
internal_value=0 0.000205281 -8.65289e-05 0.000282568 0.000352553 3.29752e-05 0.000137404 -0.000140995 5.62859e-05 -2.91161e-05 -0.000112744 9.90323e-06 -1.37328e-05 -0.000232825 -0.000258395
internal_weight=8550.65 2546.74 6003.91 1951.11 1452.26 1815.35 634.903 4188.56 498.843 595.635 3453.58 454.037 1180.45 141.598 734.976
internal_count=42778 10848 31930 7786 5914 10831 4332 21099 1872 3062 16733 2304 6499 758 4366
is_linear=0
shrinkage=0.0135118


Tree=60
num_leaves=16
num_cat=0
split_feature=22 22 11 13 35 32 24 11 17 28 14 19 35 35 28
split_gain=0.954126 0.240159 0.153253 0.166856 0.122015 0.06069 0.05892 0.0563469 0.0554543 0.0273932 0.0257728 0.0233082 0.0195875 0.0182839 0.00824371
threshold=0.076932535462252635 0.045864507111449924 0.28023765919799953 1.6075218603619736 2.6322484230359993 0.34102902374670191 10.500000000000002 0.30249873737604083 0.95967935309030683 0.0068000000000000152 1.8956829399877808 0.0470958080914241 3.9915732671279436 2.4073953559849142 0.0075499999999999743
decision_type=10 8 8 8 2 10 2 8 10 10 10 10 2 2 8
left_child=1 9 10 8 7 -6 -5 -3 -4 13 12 -11 -2 -1 -12
right_child=2 4 3 6 5 -7 -8 -9 -10 11 14 -13 -14 -15 -16
leaf_value=0 0 0 5.6817725894766884e-05 0.00023950706188301355 -0.00023390778153018247 0 0.00057063770962929904 0.00058171563398959998 0.00029429071947169018 -0.00013522823358560812 0 0 0.00015652302032777616 -0.00022746931213840006 -0.00017522142197405331
leaf_weight=54.799729273188859 104.56598787195981 54.929551718756557 614.10841652611271 318.3950211443007 218.82456970424391 2570.2379663763568 465.82254523038864 93.177908119745553 397.57916404679418 1521.700276484713 49.81132652098313 254.05542745813727 264.52587318606675 1459.8014369793236 108.31853027874604
leaf_count=364 571 314 2396 2936 3771 10138 826 620 1424 8248 312 1080 1289 7852 637
internal_value=0 -8.68209e-05 0.000234023 0.000293931 0 -1.80807e-05 0.00045064 0.000379344 0.000161277 -0.000166102 8.667e-06 -0.000115217 8.88021e-05 -0.000218328 -0.000107501
internal_weight=8550.65 6227.53 2323.13 1795.91 2937.17 2789.06 784.218 148.107 1011.69 3290.36 527.222 1775.76 369.092 1514.6 158.13
internal_count=42778 32387 10391 7582 14843 13909 3762 934 3820 17544 2809 9328 1860 8216 949
is_linear=0
shrinkage=0.0135118


Tree=61
num_leaves=16
num_cat=0
split_feature=22 22 22 26 16 20 10 9 25 17 10 18 32 9 35
split_gain=0.930302 0.208706 0.109673 0.103525 0.118552 0.0948358 0.064219 0.0511614 0.0496707 0.0216268 0.0205331 0.0170393 0.00778893 0.0442838 0.00651105
threshold=0.059631108700963241 0.099727195913392117 0.034690716463980698 0.30666087853241303 0.74262809133239416 0.093336145042857491 0.19540513748542612 0.32507910925737588 0.57833121673713828 0.87347049775652408 0.22388231801687025 -0.0076912363173050604 0.5441952506596307 0.24356825895724929 2.0674936703420594
decision_type=10 10 8 8 10 10 8 10 10 10 8 8 8 10 2
left_child=2 5 12 11 -5 8 -7 10 -2 -9 -4 -3 13 -1 -14
right_child=1 3 7 4 -6 6 -8 9 -10 -11 -12 -13 14 -15 -16
leaf_value=-0.0001948013371766291 0.00013171475762487601 0.00019189683685090191 -0.00014892332248297085 0.00082017936533243171 0.00029168448666603208 -3.3478644212719404e-05 0.00032461019432009042 0.00011497595994248939 -5.5947387918937093e-06 -2.0540411821434599e-05 -4.676373911543979e-05 -7.2384633389070661e-05 0 0 -0.00024576812628746919
leaf_weight=557.23896912345663 661.81734993169084 66.396321254782379 994.52369986893609 119.67572935670614 930.09384740097448 48.502525497227907 411.79497858462855 317.24537044856697 1269.1436488265172 394.06129152979702 1284.844380495837 124.21816279832274 9.244513751473276 219.25374234467745 1142.5991997062229
leaf_count=3226 2539 364 5128 922 3658 242 1746 1496 6423 1610 7310 670 84 1464 5896
internal_value=0 0.000164401 -0.00012071 0.000310167 0.000362855 8.40732e-05 0.000262573 -6.38724e-05 3.56843e-05 2.41931e-05 -9.62658e-05 0 -0.000203027 -0.000129731 -0.000242664
internal_weight=8550.65 3631.64 4919.01 1240.38 1049.77 2391.26 460.298 2990.67 1930.96 711.307 2279.37 190.614 1928.34 776.493 1151.84
internal_count=42778 16564 26214 5614 4580 10950 1988 15544 8962 3106 12438 1034 10670 4690 5980
is_linear=0
shrinkage=0.0135118


Tree=62
num_leaves=16
num_cat=0
split_feature=21 0 19 11 26 7 27 7 33 7 16 16 35 35 35
split_gain=0.779103 0.227491 0.201648 0.193084 0.0907014 0.0766983 0.0872651 0.0385551 0.0348973 0.0249467 0.0244546 0.0228784 0.0170537 0.0118782 0.00749625
threshold=0.052210872839726981 0.42377500000000007 0.038752204365518982 0.28023765919799953 0.26421125725682088 0.33636458466017566 0.89402163807685853 0.21194781967791401 0.013923467543269454 0.16660001213977879 0.98228087145523679 1.0382494802867011 5.34405448708831 3.4583650423301804 6.8603365591753489
decision_type=10 2 8 8 8 8 10 10 8 10 10 8 2 2 2
left_child=2 11 7 10 -5 9 -7 14 -9 -4 -3 13 -13 -2 -1
right_child=1 3 5 4 -6 6 -8 8 -10 -11 -12 12 -14 -15 -16
leaf_value=-0.00023509734928490761 -7.6597629640167247e-05 3.3930726787371228e-05 -0.00021191390740417059 0 0.00036577108817211195 0.00014654894553655821 -0.00016791255429636631 -0.00022042134312266716 -4.8704552381437832e-05 -3.4761483168153715e-05 -0.00023798835575805904 -0.00021846325363483277 0 7.3016916559645787e-05 0
leaf_weight=1284.1332216993906 71.429986708797514 256.36010041926056 200.87403377238661 141.31691629067063 1446.259141291026 859.41406205226667 168.08846163470298 410.1493634711951 1027.7442427841015 2035.2612024010159 73.252292717806995 147.72092450875789 34.157491791062057 376.24460346437991 18.247685912996531
leaf_count=7500 359 1359 1736 596 5625 5036 990 2190 4458 9944 276 560 130 1943 76
internal_value=0 0.000198374 -8.36423e-05 0.000271868 0.000333847 -8.23777e-06 8.41717e-05 -0.00016935 -0.000105514 -5.57134e-05 0 -7.68778e-06 -0.000147294 2.41095e-05 -0.000231184
internal_weight=8550.65 2546.74 6003.91 1917.19 1587.58 3263.64 1027.5 2740.27 1437.89 2236.14 329.612 629.553 181.878 447.675 1302.38
internal_count=42778 10848 31930 7856 6221 17706 6026 14224 6648 11680 1635 2992 690 2302 7576
is_linear=0
shrinkage=0.0135118


Tree=63
num_leaves=16
num_cat=0
split_feature=22 22 10 12 35 19 26 33 35 9 21 26 7 30 5
split_gain=0.88798 0.199194 0.173865 0.155878 0.286571 0.113719 0.102546 0.0971211 0.0964963 0.0729223 0.06021 0.0561747 0.0218478 0.024944 0.00534575
threshold=0.073148568003815306 0.04482349849552076 0.35125366772104544 0.061902268858071909 4.9830927623260264 0.11357746478370673 0.53593346639808226 0.040277115408499549 2.6322484230359993 0.2990913591811602 0.06628266047994695 0.20741061425940885 0.21194781967791401 25.010000000000002 -0.16971206088192159
decision_type=10 8 8 10 2 10 8 10 2 8 10 10 8 10 8
left_child=1 12 5 4 -4 11 -7 -5 9 -3 -10 -2 14 -14 -1
right_child=2 8 3 7 -6 6 -8 -9 10 -11 -12 -13 13 -15 -16
leaf_value=0 -0.00029215399662659621 0 0.00071730992490539778 9.4823050344772334e-05 -0.0001329990890148821 0.00050645879163881255 0 0.00041628297212908949 -5.1066576191752766e-05 0.00053390695636076554 0.00014890872497586708 3.132940829036547e-05 -8.084115541700001e-05 -0.00024126283030967595 -0.00021961600668689426
leaf_weight=21.774681078735739 111.84127257112414 41.4916748306714 343.16865488188341 695.97762958006933 65.028362299781293 177.69251561025158 157.03200306370854 310.6774020511657 2392.700278483564 102.25926598114893 290.83767111599445 691.66669531073421 1470.6084599443711 340.0306681394577 1337.8664959771559
leaf_count=116 577 260 1794 2310 326 1012 842 1342 12253 636 1208 3326 7820 1442 7514
internal_value=0 -8.95613e-05 0.000211302 0.000314033 0.000554444 7.37111e-05 0.000283588 0.000205265 -3.01435e-06 0.000332563 -2.52044e-05 0 -0.000163204 -0.000117192 -0.000216197
internal_weight=8550.65 5997.57 2553.08 1414.85 408.197 1138.23 334.725 1006.66 2827.29 143.751 2683.54 803.508 3170.28 1810.64 1359.64
internal_count=42778 31249 11529 5772 2120 5757 1854 3652 14357 896 13461 3903 16892 9262 7630
is_linear=0
shrinkage=0.0135118


Tree=64
num_leaves=16
num_cat=0
split_feature=21 9 9 26 34 7 11 33 9 26 9 32 11 5 5
split_gain=0.740628 0.245645 0.143158 0.120015 0.0870522 0.0872733 0.0776219 0.0375681 0.0368675 0.0364004 0.0351638 0.0221127 0.0183526 0.00858826 0.00396042
threshold=0.052210872839726981 0.30594511107802352 0.22156870828401501 0.3594697246305753 0.031180650678901859 0.33636458466017566 0.3349579951120697 0.039096644025027112 0.28565078961510865 0.16890093918597218 0.44341187000404242 0.53693931398416905 0.23326501569458644 0.39985585516574501 0.073673655575885857
decision_type=10 8 8 8 10 10 8 10 10 10 10 10 10 10 10
left_child=2 7 12 9 5 -4 -5 8 -2 -3 -6 -9 13 -1 -14
right_child=1 3 4 6 10 -7 -8 11 -10 -11 -12 -13 14 -15 -16
leaf_value=-0.00021600970909372064 -0.00024221867713431123 -0.00017299819202268229 -5.1508523310467804e-05 0.00011748675785758136 -0.00023564552086532777 9.6354532300065509e-05 0.00040524389751074526 0.00017679668776140724 0 0.00012410072451861636 0 0 -7.237875769803553e-05 0 0
leaf_weight=1387.829371179454 207.17070128023624 66.258903020992875 2820.3087172622327 351.72174890432507 504.28620737791061 959.17437185253948 1032.1247161938809 176.13942158967257 107.07749348133802 410.22019589040428 65.249923931434751 196.02827683091164 157.95508853159845 23.953931093215942 85.154662499669939
leaf_count=8254 1016 262 15510 1474 2480 3636 4156 1298 352 1492 370 798 1198 106 376
internal_value=0 0.000193352 -8.16129e-05 0.000274307 -3.76579e-05 -1.10151e-05 0.000340246 -9.77336e-06 -0.000131554 5.92043e-05 -0.000194695 6.30236e-05 -0.000190328 -0.000211562 -2.08947e-05
internal_weight=8550.65 2546.74 6003.91 1860.33 4349.02 3779.48 1383.85 686.416 314.248 476.479 569.536 372.168 1654.89 1411.78 243.11
internal_count=42778 10848 31930 7384 21996 19146 5630 3464 1368 1754 2850 2096 9934 8360 1574
is_linear=0
shrinkage=0.0135118


Tree=65
num_leaves=16
num_cat=0
split_feature=21 0 21 10 10 28 7 16 16 15 38 16 31 35 35
split_gain=0.721187 0.214746 0.130629 0.0876898 0.07857 0.0755325 0.0466714 0.0550024 0.0392946 0.0331904 0.0302614 0.0224098 0.022158 0.0169173 0.0112727
threshold=0.052210872839726981 0.42377500000000007 0.033095937074386926 0.28137134877120923 0.22865427330248075 0.07145 0.33636458466017566 1.1549273076543043 0.98228087145523679 1.3821363226349197 8.5000000000000018 1.0382494802867011 2.4250000000000012 5.34405448708831 3.4583650423301804
decision_type=10 2 10 8 10 10 8 10 10 10 2 8 10 2 2
left_child=2 11 4 8 12 -5 9 -8 -3 -4 -6 14 -1 -13 -2
right_child=1 3 6 5 10 -7 7 -9 -10 -11 -12 13 -14 -15 -16
leaf_value=-0.00014249281861780254 -7.5709516512164951e-05 0.00013044642034267074 -0.00012008627585337725 0.00036807496392233591 -8.6240830239992872e-05 8.7366228674589427e-05 0.0002216503846298089 0 -0.00019169872221754314 8.0366895749919808e-06 2.3844319178783376e-05 -0.00021764596992424003 -0.00028555947675010495 0 7.0343740422526934e-05
leaf_weight=1486.3891936258879 71.429986708797514 347.40002670511603 532.60672685271129 1165.5365113518201 1574.2118538576178 339.43727297708392 344.28829261660576 311.46204285789281 64.814639684744179 765.64982832316309 443.91598624456674 147.72092450875789 545.38834934961051 34.157491791062057 376.24460346437991
leaf_count=10418 359 1756 2668 4492 7440 1364 1384 1236 244 3872 2594 560 2318 130 1943
internal_value=0 0.000190806 -8.05262e-05 0.000262258 -0.000124459 0.000312237 4.8052e-06 0.000102478 5.25305e-05 -3.59211e-05 -5.64785e-05 -9.03423e-06 -0.00018645 -0.000146774 2.20048e-05
internal_weight=8550.65 2546.74 6003.91 1917.19 4049.91 1504.97 1954.01 655.75 412.215 1298.26 2018.13 629.553 2031.78 181.878 447.675
internal_count=42778 10848 31930 7856 22770 5856 9160 2620 2000 6540 10034 2992 12736 690 2302
is_linear=0
shrinkage=0.0135118


Tree=66
num_leaves=16
num_cat=0
split_feature=22 22 9 27 9 19 21 21 33 12 32 22 18 26 32
split_gain=0.832698 0.209403 0.136069 0.0860449 0.0813047 0.0743722 0.0699842 0.105382 0.0638131 0.0418105 0.0295828 0.020921 0.0173277 0.0133515 0.00991392
threshold=0.076932535462252635 0.04482349849552076 0.36572886717807457 0.094180487076049577 0.32507910925737588 0.12041838538540749 0.037989984899126646 0.06628266047994695 0.038712463141247884 0.093548022896578431 0.52176781002638528 0.030828153041572735 -0.034493818242711465 0.42216082402858263 0.5441952506596307
decision_type=10 8 8 8 10 10 10 10 10 8 10 10 8 10 10
left_child=1 11 3 10 9 -5 14 -8 -6 -3 -2 12 -1 -13 -4
right_child=2 4 6 5 8 -7 7 -9 -10 -11 -12 13 -14 -15 -16
leaf_value=-3.8338017612221382e-06 0 -2.3979562980397999e-05 -0.00015469708971843131 6.7074517167467517e-05 0 0.00041696688530937193 0.00057474020272692402 0.00024016894020517369 0.00021593925647008723 -0.00023950948625751895 -0.0002189796781316913 -0.00013713202713693665 -0.00022173555128137559 -2.0046767522153981e-05 9.6121229952015908e-05
leaf_weight=182.20394043670967 104.73745418712497 1778.4905505911447 41.109101717360318 579.92947807209566 617.99532260000706 184.24155698018149 340.57651028316468 820.84547333838418 450.57680288795382 210.18388489563949 163.54664737638086 1105.2472539287992 1376.0624283687212 506.76668240549043 88.140642850659788
leaf_count=1092 622 8777 564 2809 2308 864 1304 3196 2064 2346 722 4566 7610 3624 310
internal_value=0 -8.11576e-05 0.000218576 8.73286e-05 0 0.000166235 0.000314838 0.000348064 9.36587e-05 -5.24276e-05 -9.56658e-05 -0.000158099 -0.000203448 -0.000107282 0
internal_weight=8550.65 6227.53 2323.13 1032.46 3057.25 764.171 1290.67 1161.42 1068.57 1988.67 268.284 3170.28 1558.27 1612.01 129.25
internal_count=42778 32387 10391 5017 15495 3673 5374 4500 4372 11123 1344 16892 8702 8190 874
is_linear=0
shrinkage=0.0135118


Tree=67
num_leaves=15
num_cat=0
split_feature=19 9 19 33 12 9 9 34 9 15 10 26 18 34
split_gain=0.671161 0.301381 0.119565 0.139851 0.106618 0.0639377 0.0348748 0.039046 0.0338205 0.0421132 0.0250462 0.0394225 0.0151511 0.00846666
threshold=0.0470958080914241 0.30594511107802352 0.14335495135257595 0.056096370965171734 0.081291138386429887 0.41691665736996947 0.19150911060132156 0.031180650678901859 0.22355269726895172 1.3714186529371317 0.59647875069215772 0.37574296901120163 0.043052292069642346 -0.038496922953095362
decision_type=10 8 10 8 8 10 8 10 10 10 10 10 10 10
left_child=5 8 4 -4 -3 6 12 -8 13 -10 11 -7 -1 -2
right_child=1 2 3 -5 -6 10 7 -9 9 -11 -12 -13 -14 -15
leaf_value=-0.0002608240269172371 0 0.00022902158942002702 0.0001939815567649396 0.00077451260746091576 3.9472993260933291e-05 0 -9.2290730721360521e-05 -0.00026800811000395844 -8.0372620195902239e-05 6.9197911180262652e-05 0 0.00056548702280272199 0 -0.00017225944133911214
leaf_weight=722.98908094409853 162.1458330960013 1346.2551625836641 323.27425470855087 148.02399518666789 1186.2349627935328 28.103481511585414 2417.8142562278081 363.27641156315804 574.92248920258135 829.24299846915528 65.769407351501286 41.242667050100863 41.296656898222864 300.06207333318889
leaf_count=4182 1940 5772 1018 904 5072 148 13126 1782 2677 4060 338 218 222 1319
internal_value=0 0.000104327 0.000188585 0.000400502 0.000144675 -0.000137432 -0.000149891 -0.000119301 -2.52915e-05 0 0.000106358 0.000295952 -0.00024645 -0.000126214
internal_weight=8550.65 4870.16 3003.79 471.298 2532.49 3680.49 3545.38 2781.09 1866.37 1404.17 135.116 69.3461 764.286 462.208
internal_count=42778 22762 12766 1922 10844 20016 19312 14908 9996 6737 704 366 4404 3259
is_linear=0
shrinkage=0.0135118


Tree=68
num_leaves=16
num_cat=0
split_feature=22 22 11 13 35 27 30 17 11 27 31 18 30 22 17
split_gain=0.795998 0.199131 0.133195 0.159197 0.112782 0.0622914 0.0579612 0.0542538 0.0515916 0.0314187 0.02854 0.023733 0.0204271 0.0202616 0.015544
threshold=0.076932535462252635 0.045864507111449924 0.28023765919799953 1.6075218603619736 2.6322484230359993 0.03512828127236562 14.970000000000001 0.95967935309030683 0.30249873737604083 0.11046679758430077 1.0450000000000002 -0.014276051450814396 15.610000000000001 0.037550622195666371 1.9483075937692187
decision_type=10 8 8 8 2 8 10 10 8 10 10 10 10 10 10
left_child=1 11 9 7 8 -5 -6 -4 -3 12 -11 13 -2 -1 -13
right_child=2 4 3 5 6 -7 -8 -9 -10 10 -12 14 -14 -15 -16
leaf_value=-0.00012088187917160235 5.8669610535148266e-05 0 3.8125519122039069e-05 0 -0.00022872097156923939 0.00045073973388181038 0 0.00026946920566408108 0.00055802096566544268 0 0.00028501305360532534 -0.00018869022116596953 -0.00014053595642102011 0 0
leaf_weight=781.52694017998874 58.000265914015472 54.929551718756557 614.10841652611271 41.54553937818855 218.82456970424391 742.67202699650079 2570.2379663763568 397.57916404679418 93.177908119745553 108.28727557649836 118.95776610262692 2107.1067099338397 241.97641026461497 365.74459795420989 35.978622127324343
leaf_count=4840 381 314 2396 242 3771 3520 10138 1424 620 760 620 10552 1048 1980 172
internal_value=0 -7.9371e-05 0.000213683 0.00026944 0 0.000421797 -1.78035e-05 0.000140168 0.000364329 2.47406e-06 0.000140324 -0.00015156 -6.47113e-05 -8.205e-05 -0.000183528
internal_weight=8550.65 6227.53 2323.13 1795.91 2937.17 784.218 2789.06 1011.69 148.107 527.222 227.245 3290.36 299.977 1147.27 2143.09
internal_count=42778 32387 10391 7582 14843 3762 13909 3820 934 2809 1380 17544 1429 6820 10724
is_linear=0
shrinkage=0.0135118


Tree=69
num_leaves=16
num_cat=0
split_feature=22 22 16 22 22 20 21 5 25 9 18 22 30 9 21
split_gain=0.776575 0.177675 0.0934125 0.227389 0.0909523 0.0861544 0.0867451 0.0735451 0.0459065 0.0434538 0.0211415 0.0188528 0.00885126 0.0399902 0.00498642
threshold=0.059631108700963241 0.099727195913392117 0.74262809133239416 0.12336823190926921 0.034690716463980698 0.093336145042857491 0.065576255632465483 0.12055855597203395 0.57833121673713828 0.38632470279470882 0.047959646488708103 0.052993619474027712 16.615000000000006 0.24356825895724929 0.056664448896959131
decision_type=10 10 10 10 8 10 10 8 10 10 10 10 8 10 8
left_child=4 5 3 -3 12 8 -7 -4 -2 10 -6 -11 13 -1 -14
right_child=1 2 7 -5 9 6 -8 -9 -10 11 -12 -13 14 -15 -16
leaf_value=-0.0001761156234768626 0.00012224570590838556 0 2.997853107042858e-05 0.0011573643751437148 -5.6943995752527437e-05 3.0683439188803771e-05 0.00046126020752307035 0.00030591012947336069 -1.0439071431381529e-05 0.0001577875797449305 -0.00019824259616132636 0 -0.00022712653726144797 0 0
leaf_weight=557.23896912345663 661.81734993169084 67.848295557778329 358.74221539264545 76.781499151606113 2368.19190845103 257.0100975590758 203.28740652278066 737.01205070875585 1269.1436488265172 210.7565344972536 314.95836736634374 96.767932028509676 1142.3480147765949 219.25374234467745 9.4956986811012012
leaf_count=3226 2539 566 1092 646 12832 1166 822 3310 6423 1012 1290 410 5128 1464 852
internal_value=0 0.000150143 0.000284827 0.000652938 -0.00011035 7.55653e-05 0.000245363 0.000225827 2.92535e-05 -5.80904e-05 -7.77271e-05 7.67614e-05 -0.000185568 -0.000113422 -0.000224435
internal_weight=8550.65 3631.64 1240.38 144.63 4919.01 2391.26 460.298 1095.75 1930.96 2990.67 2683.15 307.524 1928.34 776.493 1151.84
internal_count=42778 16564 5614 1212 26214 10950 1988 4402 8962 15544 14122 1422 10670 4690 5980
is_linear=0
shrinkage=0.0135118


Tree=70
num_leaves=16
num_cat=0
split_feature=22 22 26 28 22 12 8 7 7 34 21 18 30 11 35
split_gain=0.75719 0.173093 0.0978813 0.115851 0.0882598 0.0690065 0.128705 0.0698184 0.0344126 0.0375312 0.0212907 0.0156783 0.00841112 0.0160271 0.00604018
threshold=0.059631108700963241 0.099727195913392117 0.30666087853241303 0.070249999999999993 0.034690716463980698 0.064297426739409747 0.286227969535292 0.32755039355874443 0.3345356673182282 0.032787478526565723 0.073988720498535152 -0.0076912363173050604 16.615000000000006 0.23211894780361961 2.0674936703420594
decision_type=10 10 8 10 8 8 10 10 10 8 10 8 8 10 2
left_child=4 5 11 -4 12 6 -2 -7 10 -10 -6 -3 13 -1 -14
right_child=1 2 3 -5 8 7 -8 -9 9 -11 -12 -13 14 -15 -16
leaf_value=-0.00015138798583218339 2.3176170204782698e-05 0.00016669229873621558 0.00043292068263688956 7.77211167124918e-05 -9.1282699434959194e-05 -0.00014779561971139553 0.00032352438350886144 7.5390532932598694e-05 9.4230175930357844e-05 -0.00012914890657801729 0.00011520953788683677 -8.9933496898623303e-05 0 0 -0.00022444593280989336
leaf_weight=550.35204974608496 797.62319532223046 66.396321254782379 721.03485075989738 328.73472599778324 2302.8369858504739 392.13498427392915 467.60275896126404 733.89756428264081 468.9265698781237 171.57594432076439 47.335242293775082 124.21816279832274 9.244513751473276 226.14066172204912 1142.5991997062229
leaf_count=2926 4570 364 3332 1248 12616 1712 1918 2750 1774 916 238 670 84 1764 5896
internal_value=0 0.000148303 0.000281287 0.000332418 -0.000108917 7.46088e-05 0.000143087 0 -5.73493e-05 1.68804e-05 -8.23429e-05 0 -0.000183063 -0.000111715 -0.000221393
internal_weight=8550.65 3631.64 1240.38 1049.77 4919.01 2391.26 1265.23 1126.03 2990.67 640.503 2350.17 190.614 1928.34 776.493 1151.84
internal_count=42778 16564 5614 4580 26214 10950 6488 4462 15544 2690 12854 1034 10670 4690 5980
is_linear=0
shrinkage=0.0135118


Tree=71
num_leaves=16
num_cat=0
split_feature=22 22 9 8 33 27 24 9 38 26 12 30 28 9 24
split_gain=0.738559 0.185377 0.127583 0.115868 0.138903 0.0805969 0.0715699 0.0714081 0.0623099 0.0527836 0.0463038 0.0293455 0.0264621 0.0260125 0.00764571
threshold=0.076932535462252635 0.045864507111449924 0.36572886717807457 0.43707844577491811 0.048836570964891808 0.094180487076049577 10.500000000000002 0.32507910925737588 7.5000000000000009 0.34874714083063546 0.093548022896578431 16.425000000000004 0.0068000000000000152 0.26716414329085503 2.5000000000000004
decision_type=10 8 8 10 10 8 2 10 2 8 8 10 10 8 2
left_child=1 12 5 6 -5 11 -4 10 -9 -7 -3 -2 14 -14 -1
right_child=2 7 3 4 -6 9 -8 8 -10 -11 -12 -13 13 -15 -16
leaf_value=0 0 -1.7825184110667023e-05 0.00018816206998572145 1.1909455235783178e-05 0.00051561420873726951 -1.9395771940064425e-05 0.00057003865014757231 1.9698324954147914e-05 0.00028936086799492112 0.00021149966173850725 -0.00024935552116448504 -0.00022046673521312204 -0.00013821597918182467 -9.673293080795007e-06 -0.00019995168097525207
leaf_weight=21.528751854319125 104.73745418712497 1692.9287836886942 257.68674911046401 497.17718610074371 143.83282925374806 136.75820278516039 391.97496372461319 811.90344049409032 235.68094913009554 627.41283226711676 196.6568226062227 163.54664737638086 1116.9346810183488 658.82102292450145 1493.0724143981934
leaf_count=1176 622 8347 2362 1704 630 748 678 2892 1328 2925 2276 722 5994 3334 7040
internal_value=0 -7.6339e-05 0.000205943 0.000299035 0.000142616 7.86626e-05 0.000435981 0 9.11292e-05 0.000155542 -4.78889e-05 -9.85494e-05 -0.000145993 -9.68417e-05 -0.000196192
internal_weight=8550.65 6227.53 2323.13 1290.67 641.01 1032.46 649.662 2937.17 1047.58 764.171 1889.59 268.284 3290.36 1775.76 1514.6
internal_count=42778 32387 10391 5374 2334 5017 3040 14843 4220 3673 10623 1344 17544 9328 8216
is_linear=0
shrinkage=0.0135118


Tree=72
num_leaves=16
num_cat=0
split_feature=23 8 18 8 24 13 16 12 17 13 5 23 5 33 18
split_gain=0.548883 0.1949 0.194209 0.275918 0.257462 0.168877 0.107035 0.0910341 0.0705726 0.0819529 0.0796229 0.050006 0.0378849 0.0363977 0.0254177
threshold=0.078870175250158561 0.29083417735874101 -0.073960931022454365 0.43707844577491811 9.5000000000000018 1.343449505155436 1.074241844314803 0.1260079183533597 0.86072746064426664 2.2782918458320895 0.15292732574926912 0.025645586608720631 0.079371731166003948 0.064611458215552489 -0.033374004967830211
decision_type=10 10 10 10 2 10 10 10 10 10 8 8 8 10 8
left_child=1 11 3 4 -2 13 -7 -5 10 -10 -4 14 -13 -3 -1
right_child=2 5 8 7 -6 6 -8 -9 9 -11 -12 12 -14 -15 -16
leaf_value=0 0 -0.00010216722455133568 -0.00016951321077183682 -0.00021902249017609216 0.0014893641128770566 0.0002606096266508539 0 0.00051696048120189898 0.00032471397071728278 0 0.00014391113009539107 -0.00015460413604835157 -3.6550001128936206e-05 9.1040804135774037e-05 -0.00019734587296932541
leaf_weight=130.86429738765582 23.361826895270497 973.1821564976126 195.93961376696825 56.043079848401248 80.837012976408005 742.3121847929433 445.45886101666838 52.154817463830113 580.47184139536694 157.74458190379664 466.97923745401204 800.22076389961876 2465.8863366874866 157.60513113904744 1221.5919877947308
leaf_count=768 574 3758 796 168 168 3106 2004 176 2433 843 2532 4100 13610 936 6806
internal_value=0 -5.18393e-05 0.000224811 0.000624013 0.00112828 4.59354e-05 0.000161265 3.31245e-05 0.000156163 0.000250322 3.43481e-05 -0.000103347 -6.8916e-05 -6.53189e-05 -0.000178179
internal_weight=8550.65 6937.12 1613.53 212.397 104.199 2318.56 1187.77 108.198 1401.14 738.216 662.919 4618.56 3266.11 1130.79 1352.46
internal_count=42778 35088 7690 1086 742 9804 5110 344 6604 3276 3328 25284 17710 4694 7574
is_linear=0
shrinkage=0.0135118


Tree=73
num_leaves=16
num_cat=0
split_feature=21 9 23 26 34 5 9 9 10 35 17 34 38 18 30
split_gain=0.608497 0.210875 0.156921 0.131693 0.0712157 0.0493517 0.0649218 0.040713 0.0396611 0.037903 0.0359824 0.0308943 0.0225358 0.0135356 0.00660065
threshold=0.052210872839726981 0.29658376811869841 0.050125854435354174 0.3594697246305753 0.024975376640012262 0.058330376050335163 0.35193132407323874 0.19001390969937945 0.52319532567162808 3.5800404312699317 1.3875636193071295 0.031180650678901859 8.5000000000000018 0.043052292069642346 15.825000000000001
decision_type=10 8 8 8 10 8 8 8 10 2 8 10 2 10 10
left_child=2 9 7 8 -5 10 -7 13 -3 14 -4 -9 -11 -1 -2
right_child=1 3 5 4 -6 6 -8 11 -10 12 -12 -13 -14 -15 -16
leaf_value=-0.00023684118215601293 0 0 0 0.00036180536588828629 7.1495944617798958e-05 0 0.00018923832287629541 -7.2343802556773881e-05 0.00030632354382840185 -3.8591786589034762e-05 -0.00037841489201534742 -0.00020932743409986999 0.00014772520386643949 0 -0.0002659276041184006
leaf_weight=698.88895981945097 19.247338429093361 417.65243577118963 221.18815017212182 1155.9542837399058 296.30849548056722 1023.2586563155055 494.94887011335231 2976.2320484593511 81.190832696855068 284.43546134885401 75.958107863087207 477.35064868442714 169.60164965130389 36.086832300759852 122.35096007399261
leaf_count=4172 286 1622 1048 4798 1116 5659 3542 14413 250 1402 582 2320 902 194 472
internal_value=0 0.000175352 -7.38811e-05 0.000244068 0.000310314 2.60635e-05 6.2251e-05 -0.00011987 2.86951e-05 -3.09615e-05 -0.000121043 -9.45392e-05 6.42337e-06 -0.000223563 -0.000229434
internal_weight=8550.65 2546.74 6003.91 1951.11 1452.26 1815.35 1518.21 4188.56 498.843 595.635 297.146 3453.58 454.037 734.976 141.598
internal_count=42778 10848 31930 7786 5914 10831 9201 21099 1872 3062 1630 16733 2304 4366 758
is_linear=0
shrinkage=0.0135118


Tree=74
num_leaves=16
num_cat=0
split_feature=22 22 5 11 19 15 10 0 7 18 23 34 31 28 8
split_gain=0.690021 0.160542 0.10857 0.122343 0.0828612 0.0750399 0.126067 0.0339071 0.0250091 0.0237934 0.0230067 0.0227609 0.0212785 0.0212529 0.0046996
threshold=0.059631108700963241 0.10631632981660503 0.025591242432443026 0.36359216052261606 0.046851833049814433 1.3572118843924919 0.34487806641742147 0.51680000000000015 0.21194781967791401 -0.020933608589209281 0.051981408307829109 0.031180650678901859 2.7150000000000012 -0.0025499999999999963 0.25855653451663502
decision_type=10 10 8 8 8 10 10 2 8 10 10 10 10 8 10
left_child=4 5 13 -4 8 10 -7 12 14 -9 -2 -10 -6 -3 -1
right_child=1 2 3 -5 7 6 -8 9 11 -11 -12 -13 -14 -15 -16
leaf_value=-0.00019978990467656968 0.00011118706224912619 0 0.00010468732229743217 0.00046466553510989217 -3.9213179299284076e-06 4.4569934941606481e-05 0.00032729160333015836 0 -7.0536330672222165e-05 0.00015932165159583697 -3.884774739042484e-05 -0.00022851735371668417 -0.00015249671488277598 -0.000285660192497084 0
leaf_weight=1341.10879016947 234.94207509513944 17.574651166796684 382.66037395969033 568.94932838249952 761.00612339563668 1039.4717946075834 475.42659413535148 161.15465796249919 1729.9863291285001 273.67669224133715 855.37284264946356 296.17713741213083 331.12951446324587 57.244903654325753 24.771922496147454
leaf_count=7602 903 116 1936 2430 4847 5011 1881 974 8492 1231 4095 1560 1394 192 114
internal_value=0 0.000141564 0.000289039 0.000331768 -0.000103983 7.91312e-05 0.000140744 -1.29778e-05 -0.000141643 7.74718e-05 0 -9.91912e-05 -5.92534e-05 -0.000104456 -0.000196378
internal_weight=8550.65 3631.64 1026.43 951.61 4919.01 2605.21 1514.9 1526.97 3392.04 434.831 1090.31 2026.16 1092.14 74.8196 1365.88
internal_count=42778 16564 4674 4366 26214 11890 6892 8446 17768 2205 4998 10052 6241 308 7716
is_linear=0
shrinkage=0.0135118


Tree=75
num_leaves=15
num_cat=0
split_feature=19 9 19 33 12 9 13 30 9 34 10 26 14 6
split_gain=0.55876 0.257369 0.102713 0.133973 0.101648 0.0568339 0.0324193 0.0415544 0.0297428 0.0361126 0.0235574 0.0374628 0.0155592 0.00317342
threshold=0.0470958080914241 0.30594511107802352 0.14335495135257595 0.056096370965171734 0.081291138386429887 0.41691665736996947 1.5378150299141613 16.310000000000006 0.19150911060132156 0.031180650678901859 0.59647875069215772 0.37574296901120163 1.2762028903232396 1.5856849864175508
decision_type=10 8 10 8 8 10 10 10 8 10 10 10 10 8
left_child=5 6 4 -4 -3 8 12 -8 13 -10 11 -7 -2 -1
right_child=1 2 3 -5 -6 10 7 -9 9 -11 -12 -13 -14 -15
leaf_value=0 0 0.00021395910773944101 0.00016861663912254087 0.000734091061498731 2.9466815450635167e-05 0 0.00015379115374536149 -2.7152338032901157e-05 -8.2355737528549687e-05 -0.00025090623471493099 0 0.00054996302703695904 -0.00013988127433819231 -0.0002311104037918278
leaf_weight=14.181023191660641 439.98323263693601 1346.2551625836641 323.27425470855087 148.02399518666789 1186.2349627935328 28.103481511585414 320.87374752108008 626.6113533815369 2417.8142562278081 363.27641156315804 65.769407351501286 41.242667050100863 478.90506056137383 750.10471465066075
leaf_count=54 2428 5772 1018 904 5072 148 2314 3266 13126 1782 338 218 1988 4350
internal_value=0 9.52333e-05 0.000173152 0.000370382 0.000131979 -0.000125355 -2.4181e-05 2.23466e-05 -0.000137231 -0.000108428 0.00010316 0.00028703 -8.43282e-05 -0.000227297
internal_weight=8550.65 4870.16 3003.79 471.298 2532.49 3680.49 1866.37 947.485 3545.38 2781.09 135.116 69.3461 918.888 764.286
internal_count=42778 22762 12766 1922 10844 20016 9996 5580 19312 14908 704 366 4416 4404
is_linear=0
shrinkage=0.0135118


Tree=76
num_leaves=16
num_cat=0
split_feature=21 9 23 26 34 33 5 9 9 21 26 32 35 39 20
split_gain=0.568762 0.199293 0.144775 0.128527 0.0685747 0.0595795 0.0479076 0.0613418 0.0371034 0.0328722 0.0328508 0.0292276 0.0271079 0.0149186 0.0112209
threshold=0.052210872839726981 0.29658376811869841 0.050125854435354174 0.3594697246305753 0.024975376640012262 0.039096644025027112 0.058330376050335163 0.35193132407323874 0.19001390969937945 0.027944380182909345 0.16890093918597218 0.6358839050131927 4.0325578031279496 1.0000000180025095e-35 0.056021894642084714
decision_type=10 8 8 8 10 10 8 8 8 10 10 8 2 2 10
left_child=2 5 8 10 -5 13 9 -8 14 -4 -3 -10 -7 -2 -1
right_child=1 3 6 4 -6 12 7 -9 11 -11 -12 -13 -14 -15 -16
leaf_value=-0.00022539413448166703 0 -0.00019734308066803985 -0.00030821092654888943 0.00035209003558081667 6.6775575474769017e-05 -4.3318177872948373e-05 0 0.00018348725111028198 -4.6066429524098264e-05 0 8.8941467079676464e-05 -0.00013871700863398991 0.00016608033181696148 -0.0002219564677086116 0
leaf_weight=711.12530654203147 12.346588663756846 74.539656180888414 108.5010418179445 1155.9542837399058 296.30849548056722 99.838727783411741 1023.2586563155055 494.94887011335231 1891.7816847083159 188.64521621726453 424.30361228715628 1561.8010124354623 226.9084476577118 256.54164539836347 23.850485578179359
leaf_count=4268 132 300 894 4798 1116 708 5659 3542 8521 736 1572 8212 1138 1084 98
internal_value=0 0.000169454 -7.15049e-05 0.000236296 0.000301616 -3.07202e-05 2.427e-05 6.00536e-05 -0.000115686 -0.000120772 2.36215e-05 -9.12175e-05 6.78874e-05 -0.000192067 -0.000215334
internal_weight=8550.65 2546.74 6003.91 1951.11 1452.26 595.635 1815.35 1518.21 4188.56 297.146 498.843 3453.58 326.747 268.888 734.976
internal_count=42778 10848 31930 7786 5914 3062 10831 9201 21099 1630 1872 16733 1846 1216 4366
is_linear=0
shrinkage=0.0135118


Tree=77
num_leaves=16
num_cat=0
split_feature=22 22 11 13 5 26 5 26 9 11 27 31 26 26 11
split_gain=0.646487 0.144167 0.142613 0.120644 0.118404 0.078902 0.066335 0.058462 0.0520329 0.0434084 0.0373373 0.0198812 0.0377543 0.0247864 0.0190488
threshold=0.073148568003815306 0.04482349849552076 0.3349579951120697 1.6075218603619736 0.13967890960806262 0.76966778607431996 0.048111588565839795 0.20741061425940885 0.32507910925737588 0.33889631336866161 0.11401251740617209 2.8000000000000003 0.24536066710013346 0.50278908731465177 0.28023765919799953
decision_type=10 8 8 8 8 10 8 10 10 10 10 10 10 10 10
left_child=1 11 7 5 -5 -4 9 14 -8 -3 -9 12 -1 -13 -2
right_child=2 6 3 4 -6 -7 8 10 -10 -11 -12 13 -14 -15 -16
leaf_value=-0.00016897708295740777 -0.00028708728184074361 -0.00025225731374519089 0.00021571585088011683 0.0007594854600900037 0.00025970933240578389 -5.9799693594077532e-05 -1.5962064935286051e-05 0 0.00011470391550929315 0 0.00016904328872613132 -0.00026144118680327077 -4.026975792522813e-05 -5.1091582751036814e-05 0
leaf_weight=1046.5424231830984 98.203958615195006 296.41425138665363 727.60112063214183 176.81596010411158 416.26039140345529 179.37802372034639 1601.0778711775783 374.07914307061583 779.16999721154571 150.62677063560113 528.67583740409464 640.24687146674842 1184.4307732917368 299.06023719813675 52.070100418757647
leaf_count=4882 537 1394 2794 712 2220 666 9075 1824 3352 536 2526 2432 7594 1984 250
internal_value=0 -7.64186e-05 0.000180294 0.000266754 0.000427946 0.000148882 -2.18238e-06 4.64519e-05 2.21182e-05 -0.000156513 9.58714e-05 -0.000139084 -0.000105682 -0.000206431 -0.000175615
internal_weight=8550.65 5997.57 2553.08 1500.06 593.076 906.979 2827.29 1053.03 2380.25 447.041 902.755 3170.28 2230.97 939.307 150.274
internal_count=42778 31249 11529 6392 2932 3460 14357 5137 12427 1930 4350 16892 12476 4416 787
is_linear=0
shrinkage=0.0135118


Tree=78
num_leaves=16
num_cat=0
split_feature=21 9 19 0 21 9 7 27 11 33 9 7 33 32 8
split_gain=0.543349 0.19114 0.140402 0.0789248 0.093714 0.0619852 0.0482044 0.048091 0.0347233 0.0334502 0.0325104 0.029857 0.030549 0.0207871 0.00500569
threshold=0.052210872839726981 0.30594511107802352 0.038752204365518982 0.51087500000000008 0.065576255632465483 0.35013739639615532 0.36637015502533221 0.89402163807685853 0.31138151169625844 0.039096644025027112 0.28565078961510865 0.21194781967791401 0.013923467543269454 0.53693931398416905 0.25855653451663502
decision_type=10 8 8 2 10 8 8 10 10 10 10 10 8 10 10
left_child=2 9 11 6 -5 8 -3 -7 -4 10 -2 14 -13 -11 -1
right_child=1 3 5 4 -6 7 -8 -9 -10 13 -12 12 -14 -15 -16
leaf_value=-0.00019949368646361994 -0.00023040316465505577 0.00016997512664881928 -9.6096487193373161e-06 0.0005277825731035083 0.00021332288947012673 0.00012656156340963684 -7.143269577360849e-05 -0.00012906434797393119 -0.00013909092475959819 0.00016698045750712897 0 -0.00018968465213918545 -3.1109123673683331e-05 0 0
leaf_weight=1282.7650652737357 207.17070128023624 370.25129230879247 1742.1040772162378 314.99924319144338 998.86118118092418 818.3481766290497 176.21384732844308 119.06900606397539 584.11649995110929 176.13942158967257 107.07749348133802 410.1493634711951 1027.7442427841015 196.02827683091164 19.615842338651419
leaf_count=7504 1016 1598 9188 1172 3920 5098 694 742 2678 1298 352 2190 4458 798 72
internal_value=0 0.00016555 -6.99641e-05 0.000237104 0.000297358 -6.4443e-06 7.16567e-05 8.21149e-05 -4.69519e-05 -1.20906e-05 -0.000127088 -0.000141519 -8.41632e-05 5.498e-05 -0.000196206
internal_weight=8550.65 2546.74 6003.91 1860.33 1313.86 3263.64 546.465 937.417 2326.22 686.416 314.248 2740.27 1437.89 372.168 1302.38
internal_count=42778 10848 31930 7384 5092 17706 2292 5840 11866 3464 1368 14224 6648 2096 7576
is_linear=0
shrinkage=0.0135118


Tree=79
num_leaves=16
num_cat=0
split_feature=22 22 11 15 26 5 5 26 2 33 5 28 30 19 24
split_gain=0.618255 0.15351 0.115583 0.0927008 0.0767102 0.0742672 0.0671204 0.0563675 0.0547055 0.0495665 0.0304832 0.0252971 0.019431 0.0173023 0.00722608
threshold=0.076932535462252635 0.045864507111449924 0.28023765919799953 1.4567303022130362 0.76966778607431996 0.14052977375840858 0.048111588565839795 0.30666087853241303 0.1287609684267963 0.04986064730102558 0.1789712864711322 0.0068000000000000152 15.745000000000003 0.0470958080914241 2.5000000000000004
decision_type=10 8 8 8 10 8 8 10 2 10 8 10 10 10 2
left_child=1 11 7 4 -4 -5 9 12 -8 -3 -9 14 -2 -13 -1
right_child=2 6 3 5 -6 -7 8 10 -10 -11 -12 13 -14 -15 -16
leaf_value=0 0 -0.00023472909473463686 0.00018896428725766914 0.00057299324984764241 -9.5956772624761696e-05 0.00023235789219272588 -1.8886733421474257e-05 -7.3146812725524064e-06 0.00010510028219407883 2.4040603066643444e-05 0.00018750299061475373 -0.00010317974681356747 -0.00029176336272714645 0 -0.00018565497101399354
leaf_weight=21.528751854319125 31.961047320626676 348.39496764726937 765.38984556449577 263.12617864413187 165.13846136908978 602.2506613698788 1442.9546314086765 112.53118578251451 1040.7189297985751 105.10146706458181 264.67333863954991 1521.700276484713 118.05614611506462 254.05542745813727 1493.0724143981934
leaf_count=1176 289 1346 3079 886 628 2989 7994 540 4929 574 1454 8248 526 1080 7040
internal_value=0 -7.00453e-05 0.000188226 0.000239949 0.000126354 0.000349059 0 0 2.85665e-05 -0.000150113 9.9773e-05 -0.000133425 -0.000208427 -8.57013e-05 -0.000181954
internal_weight=8550.65 6227.53 2323.13 1795.91 930.528 865.377 2937.17 527.222 2483.67 453.496 377.205 3290.36 150.017 1775.76 1514.6
internal_count=42778 32387 10391 7582 3707 3875 14843 2809 12923 1920 1994 17544 815 9328 8216
is_linear=0
shrinkage=0.0135118


Tree=80
num_leaves=16
num_cat=0
split_feature=22 22 11 13 35 33 9 4 32 18 35 32 19 21 19
split_gain=0.601807 0.149498 0.112789 0.144365 0.0970767 0.07999 0.0634382 0.0558574 0.0528066 0.0204207 0.0200238 0.0312651 0.0192215 0.0190231 0.0138951
threshold=0.076932535462252635 0.04482349849552076 0.28023765919799953 1.6075218603619736 2.6322484230359993 0.040277115408499549 0.2990913591811602 0.097285072059956026 0.34102902374670191 -0.014276051450814396 3.964330780548138 0.53034300791556743 0.039598228743174334 0.078352382223509959 0.051490738559668452
decision_type=10 8 8 8 2 10 8 8 10 10 2 10 10 8 10
left_child=1 9 10 5 6 -4 -3 -5 -6 12 13 -12 -1 -2 -11
right_child=2 4 3 7 8 -7 -8 -9 -10 14 11 -13 -14 -15 -16
leaf_value=-0.00010102352512118664 0 0 1.1163322496084301e-05 0.00059168631375845001 -0.00021532485230372158 0.00028654748706979959 0.00050790716293492905 0.00026126112386044159 0 -0.00017373593429759014 0.00020603021540522174 -6.1731945340144693e-06 0 -0.0002460498844758724 0
leaf_weight=839.03650785889477 119.10244197584689 44.416253942530602 675.79782522423193 250.16462395247072 230.66985434410162 335.88975534867495 109.09216734906659 534.05294242221862 2673.0682853390463 1929.348611954134 179.40913601592183 143.16464961180463 264.50966097181663 85.545490254182369 137.38552435487509
leaf_count=5164 666 280 2322 958 3961 1498 690 2804 10564 9772 857 756 1416 530 540
internal_value=0 -6.91095e-05 0.000185703 0.000236793 0 0.000113727 0.000328981 0.00038116 -1.92006e-05 -0.000134126 0 7.72719e-05 -6.76858e-05 -9.17977e-05 -0.000164167
internal_weight=8550.65 6227.53 2323.13 1795.91 3057.25 1011.69 153.508 784.218 2903.74 3170.28 527.222 322.574 1103.55 204.648 2066.73
internal_count=42778 32387 10391 7582 15495 3820 970 3762 14525 16892 2809 1613 6580 1196 10312
is_linear=0
shrinkage=0.0135118


Tree=81
num_leaves=16
num_cat=0
split_feature=22 22 16 7 26 9 13 9 31 7 38 33 22 17 26
split_gain=0.586525 0.14229 0.114577 0.160151 0.10217 0.0737448 0.12054 0.0696462 0.0465795 0.0472994 0.030222 0.0294246 0.0272566 0.020532 0.0153185
threshold=0.059631108700963241 0.10631632981660503 0.72357530429023498 0.42415754567414132 0.82022176354505094 0.36368221331270334 1.279462719156834 0.32507910925737588 2.8350000000000013 0.21104146005531363 7.5000000000000009 0.040277115408499549 0.046418798641262964 0.94144710773909401 0.45464470353751502
decision_type=10 10 10 8 10 10 10 10 10 10 2 10 8 10 10
left_child=7 5 3 -3 -4 11 -7 8 9 -1 13 -2 -12 -9 -10
right_child=1 2 4 -5 -6 6 -8 10 14 -11 12 -13 -14 -15 -16
leaf_value=-0.00013670496588010587 -3.6770783426889173e-05 0.0001766419126326959 0.00026364875324740359 0.0016395651560646958 -0.00011011887997199873 -2.697394277332554e-05 0.00027676583257332376 2.8253086483152876e-05 -0.00025729580557880781 -1.6671781711994659e-05 0 7.2462999690667038e-05 0.00031804635813116768 -0.00010430111139856374 -9.4999123586391354e-05
leaf_weight=1550.4338276551571 846.09159950353205 65.973197999410331 816.81684281257913 30.527211028151214 113.11200532317162 283.73115795105696 630.21933846082538 315.90818540100008 671.42857164796442 1369.9099816437811 87.312458054162562 845.17121057212353 98.759694201871753 364.28477843478322 460.97367023024708
leaf_count=10840 3868 562 3278 350 484 1202 2494 1488 2438 6226 666 4326 520 1382 2654
internal_value=0 0.000130371 0.000269289 0.000759373 0.000206124 7.13111e-05 0.00017025 -9.60142e-05 -0.000119689 -8.42412e-05 1.82949e-06 1.12006e-05 0.00016458 -2.63012e-05 -0.000201165
internal_weight=8550.65 3631.64 1026.43 96.5004 929.929 2605.21 913.95 4919.01 4052.75 2920.34 866.265 1691.26 186.072 680.193 1132.4
internal_count=42778 16564 4674 912 3762 11890 3696 26214 22158 17066 4056 8194 1186 2870 5092
is_linear=0
shrinkage=0.0135118


Tree=82
num_leaves=16
num_cat=0
split_feature=22 22 10 13 5 35 22 5 5 31 14 30 18 19 19
split_gain=0.572508 0.142298 0.109096 0.129628 0.166875 0.0937716 0.0842859 0.0767985 0.0641266 0.0581184 0.0453068 0.0402848 0.0198246 0.0185908 0.0134161
threshold=0.076932535462252635 0.04482349849552076 0.35125366772104544 1.6585654578204709 0.14052977375840858 2.6322484230359993 0.11532012310100835 0.21437817024394445 0.048111588565839795 4.8850000000000007 3.3894742659517254 16.445000000000004 -0.014276051450814396 0.039598228743174334 0.051490738559668452
decision_type=10 8 8 8 8 2 10 8 8 10 10 10 10 10 10
left_child=1 12 6 7 -5 10 11 -4 -7 -8 -3 -2 13 -1 -14
right_child=2 5 3 4 -6 8 9 -9 -10 -11 -12 -13 14 -15 -16
leaf_value=-9.821090766728905e-05 0.00011377349590206443 0.00053017485226513933 0 0.00084485253145525306 0.0002344192634816214 -0.00016519964702251186 0.00038421302854623813 0.00026930255137006432 4.4651533569137713e-06 0 0 -8.600490945704415e-05 -0.00016981380923019579 0 0
leaf_weight=839.03650785889477 298.20758144464344 86.307838900014758 400.99048842303455 156.55592292547226 347.31045341864228 464.64227347355336 201.1716180103831 405.53063943376765 2439.0958662095945 41.888435605913401 67.200582391582429 471.47172554349527 1929.348611954134 264.50966097181663 137.38552435487509
leaf_count=5164 1723 570 1225 554 1795 1928 1314 1718 12597 118 400 1944 9772 1416 540
internal_value=0 -6.74105e-05 0.000181122 0.000265491 0.000446758 0 6.08472e-05 0.000138221 -1.88449e-05 0.000280403 0.000323361 0 -0.000130842 -6.52654e-05 -0.000160422
internal_weight=8550.65 6227.53 2323.13 1310.39 503.866 3057.25 1012.74 806.521 2903.74 243.06 153.508 769.679 3170.28 1103.55 2066.73
internal_count=42778 32387 10391 5292 2349 15495 5099 2943 14525 1432 970 3667 16892 6580 10312
is_linear=0
shrinkage=0.0135118


Tree=83
num_leaves=16
num_cat=0
split_feature=22 22 16 8 26 9 35 9 12 22 26 33 24 26 26
split_gain=0.557891 0.135193 0.111333 0.24211 0.099016 0.0708108 0.0812893 0.0672749 0.0652466 0.0354328 0.0267113 0.0443406 0.0166908 0.0104198 0.000725502
threshold=0.059631108700963241 0.10631632981660503 0.72357530429023498 0.41368714808913903 0.82022176354505094 0.36368221331270334 4.5132741472482376 0.32507910925737588 0.064297426739409747 0.029963174882238725 0.19286348816998608 0.029654495848812527 11.500000000000002 0.060593204989820675 0.10280190832081311
decision_type=10 10 10 8 10 10 2 10 8 10 8 10 2 8 10
left_child=7 5 3 -3 -4 8 -7 9 -2 13 14 -12 -11 -1 -9
right_child=1 2 4 -5 -6 6 -8 10 -10 12 11 -13 -14 -15 -16
leaf_value=0 7.7539913178630441e-05 0 0.00025705865319720222 0.0015484328586227024 -0.00011067761422400908 0.000255299555372686 0 0 -9.6338582411399529e-05 -0.00010849743734753219 -3.6452444191055183e-05 0.00015420451033132946 -2.0854674091926352e-05 -0.00018673962383013997 -0.00021898431436016919
leaf_weight=31.0364781441167 1103.1050712415017 55.950446291826665 816.81684281257913 40.54996273573488 113.11200532317162 615.79922473803163 298.15127167385072 16.884377771057189 588.15773883415386 1709.0369736910798 399.91212855745107 372.36057000141591 986.96768987178802 1325.7049094701651 77.108039761893451
leaf_count=296 5810 488 3278 424 484 2726 970 90 2384 12064 1900 1692 1396 8402 374
internal_value=0 0.00012719 0.000262705 0.000745829 0.000200267 6.9472e-05 0.000166408 -9.35997e-05 1.04444e-05 -0.000116887 2.42778e-06 4.10108e-05 -8.05726e-05 -0.000180755 -0.000194855
internal_weight=8550.65 3631.64 1026.43 96.5004 929.929 2605.21 913.95 4919.01 1691.26 4052.75 866.265 772.273 2696 1356.74 93.9924
internal_count=42778 16564 4674 912 3762 11890 3696 26214 8194 22158 4056 3592 13460 8698 464
is_linear=0
shrinkage=0.0135118


Tree=84
num_leaves=16
num_cat=0
split_feature=21 0 26 21 34 7 34 7 34 27 16 16 26 34 31
split_gain=0.477344 0.16053 0.100804 0.0882369 0.0664357 0.046608 0.0414317 0.0316949 0.0521503 0.0473948 0.0229928 0.0211699 0.0144688 0.0114499 0.0100848
threshold=0.052210872839726981 0.42377500000000007 0.3594697246305753 0.033095937074386926 0.024975376640012262 0.21194781967791401 0.030369429974506649 0.33636458466017566 0.013170759605651729 0.15773375956595423 0.99115815235729998 1.0700623482379028 0.49081129440025245 -0.062367073250316533 0.96500000000000086
decision_type=10 2 8 10 10 10 10 8 10 10 8 8 8 8 10
left_child=3 11 10 5 -4 13 -7 9 -9 -5 -3 14 -13 -1 -2
right_child=1 2 4 7 -6 6 -8 8 -10 -11 -12 12 -14 -15 -16
leaf_value=0 -1.3650901519845727e-05 0.00010357949755279755 0.00032168506550998453 5.8568740333308837e-05 4.5687003801516364e-05 -2.1953363347358194e-05 -0.0001836490815961145 0.00017473535863062471 -5.3545165520697364e-05 -0.00010088556185157665 -8.3155734249794482e-05 -0.0002689624969429682 0 -0.00017080614343256275 9.7222706028410457e-05
leaf_weight=156.4018855150789 282.90646030753851 297.51552437152714 1161.8359161880799 515.97784457588568 299.90987119078636 1929.4758091471158 403.83485220186412 446.64465831127018 209.10567716322839 782.2787105999887 157.92713896837085 91.448719142004848 63.445803491398692 1560.1928362136241 191.75202353205532
leaf_count=1430 1534 1270 4922 2304 1132 8540 2080 1650 970 4236 532 276 308 10720 874
internal_value=0 0.000155142 0.000217188 -6.56052e-05 0.000272742 -0.000101743 -5.47608e-05 3.57044e-06 8.48848e-05 -2.88907e-05 1.42464e-05 -1.60477e-05 -0.000160508 -0.000159059 7.6056e-06
internal_weight=8550.65 2546.74 1917.19 6003.91 1461.75 4049.91 2333.31 1954.01 655.75 1298.26 455.443 629.553 154.895 1716.59 474.658
internal_count=42778 10848 7856 31930 6054 22770 10620 9160 2620 6540 1802 2992 584 12150 2408
is_linear=0
shrinkage=0.0135118


Tree=85
num_leaves=16
num_cat=0
split_feature=22 22 17 8 10 9 38 28 16 8 16 28 9 14 17
split_gain=0.534086 0.132912 0.110466 0.138492 0.134517 0.0548609 0.0565223 0.0518593 0.0499872 0.0424955 0.0397357 0.024406 0.0228387 0.0190266 0.0108775
threshold=0.076932535462252635 0.045864507111449924 0.85817896196256849 0.28840393175894324 0.76341554076582241 0.32507910925737588 7.5000000000000009 -0.0096000000000000234 0.76964982809801763 0.30758557813471582 0.78603408355733173 0.0068000000000000152 0.26716414329085503 1.9358861332977801 1.9483075937692187
decision_type=10 8 8 8 10 10 2 10 10 8 10 10 8 10 10
left_child=1 11 7 13 -5 9 -7 8 -2 -3 -9 14 -13 -4 -1
right_child=2 5 3 4 -6 6 -8 10 -10 -11 -12 12 -14 -15 -16
leaf_value=-0.0001763465057983735 0 -7.5813664790745974e-06 8.4360243715078838e-05 0.00039376277522756392 -4.1856989268859315e-05 1.1018242212313857e-05 0.00026693763591071593 0.0001987231535428223 0.00031967089421298689 -0.00019423324246869788 -5.0681884710530501e-05 -0.00011521663431289624 0 -0.0001360565519881182 0
leaf_weight=1493.604347571265 44.507364775054157 1596.1394787598401 230.60159453516826 889.90787650970742 98.489293806254864 811.90344049409032 235.68094913009554 143.81655372399837 209.9452302288264 293.44612753507681 607.35599268972874 1116.9346810183488 658.82102292450145 98.502958536613733 20.996818681247532
leaf_count=8100 302 7985 1214 3452 390 2892 1328 958 935 2638 2502 5994 3334 638 116
internal_value=0 -6.51251e-05 0.000174923 0.000258944 0.000339031 0 7.93506e-05 5.36597e-05 0.000220283 -4.25239e-05 0 -0.0001241 -7.74799e-05 0 -0.000171337
internal_weight=8550.65 6227.53 2323.13 1317.5 988.397 2937.17 1047.58 1005.63 254.453 1889.59 751.173 3290.36 1775.76 329.105 1514.6
internal_count=42778 32387 10391 5694 3842 14843 4220 4697 1237 10623 3460 17544 9328 1852 8216
is_linear=0
shrinkage=0.0135118


Tree=86
num_leaves=16
num_cat=0
split_feature=21 9 23 26 11 24 23 33 9 32 16 10 10 34 35
split_gain=0.454874 0.169334 0.110436 0.107403 0.0737777 0.0448752 0.0643371 0.0640615 0.0339505 0.0324798 0.041727 0.041214 0.0323708 0.0279939 0.00754805
threshold=0.052210872839726981 0.30594511107802352 0.050125854435354174 0.3594697246305753 0.3349579951120697 11.500000000000002 0.11054873253989657 0.057022789797795743 0.19001390969937945 0.53693931398416905 1.0544744349227972 0.35386121469543402 0.52319532567162808 0.031180650678901859 2.5091925929781582
decision_type=10 8 10 8 8 2 8 10 8 10 10 10 10 10 2
left_child=2 9 8 12 -5 7 -7 -4 14 10 -2 -11 -3 -10 -1
right_child=1 3 5 4 -6 6 -8 -9 13 11 -12 -13 -14 -15 -16
leaf_value=0 0.00019711924399466285 -6.7403215046958576e-06 -0.00011403130788306525 6.7752986177781253e-05 0.00034151942627546646 6.7517506730074904e-05 0.00083032930220629849 7.8296808116504619e-05 -5.8019927265877886e-05 -0.00017597674857973512 -0.00012619356281419789 0.0001390093143906479 0.00027209082674555923 -0.00018694939883742259 -0.00020324693545007135
leaf_weight=13.857243803329764 208.43422218039632 395.28826621454209 677.25729730539024 351.72174890432507 1032.1247161938809 549.52874839305878 25.258373260498047 543.74759646039456 2988.4315689548384 351.69737539347261 69.481302122585475 56.802993485704064 81.190832696855068 477.35064868442714 728.48079686611891
leaf_count=118 1418 1504 5351 1474 4156 774 36 3482 15573 1516 340 190 250 2320 4276
internal_value=0 0.000151357 -6.41313e-05 0.000218837 0.000280063 1.9445e-05 0.000121002 -1.92161e-05 -0.000102456 -1.52397e-05 7.59898e-05 -0.000104706 1.74564e-05 -7.90257e-05 -0.00019668
internal_weight=8550.65 2546.74 6003.91 1860.33 1383.85 1795.79 574.787 1221 4208.12 686.416 277.916 408.5 476.479 3465.78 742.338
internal_count=42778 10848 31930 7384 5630 9643 810 8833 22287 3464 1758 1706 1754 17893 4394
is_linear=0
shrinkage=0.0135118


Tree=87
num_leaves=16
num_cat=0
split_feature=22 10 12 35 22 33 19 35 9 9 18 32 18 19 17
split_gain=0.509175 0.126003 0.144247 0.262626 0.112849 0.0880644 0.0860838 0.0774894 0.0720031 0.0604609 0.0593681 0.0351194 0.0195653 0.0171599 0.0132814
threshold=0.073148568003815306 0.35125366772104544 0.061902268858071909 4.9830927623260264 0.04482349849552076 0.040277115408499549 0.11357746478370673 2.6322484230359993 0.3471137766456372 0.2990913591811602 0.061082268206477115 0.52374670184696581 -0.014276051450814396 0.039598228743174334 1.9483075937692187
decision_type=10 8 10 2 8 10 10 2 10 8 8 10 10 10 10
left_child=4 6 3 -3 12 -4 11 9 -8 -6 -9 -2 13 -1 -14
right_child=1 2 5 -5 7 -7 8 10 -10 -11 -12 -13 14 -15 -16
leaf_value=-9.1044978949143812e-05 7.0055683354545875e-05 0.00063263444757987559 4.0105887274297088e-05 -0.0001893005958757462 0 0.00033872940774331309 0 0 0.00043142753661556385 0.00048244192413402908 -0.00019445610805403151 -0.00010350936244940731 -0.00015755921755951022 9.1596534377425086e-07 0
leaf_weight=839.03650785889477 314.44287148071453 343.16865488188341 695.97762958006933 65.028362299781293 41.4916748306714 310.6774020511657 171.35482224309817 2362.58894725563 163.36969643086195 102.25926598114893 320.94900234392844 489.06509640114382 2032.3662728439085 264.50966097181663 34.367863465100527
leaf_count=5164 1867 1794 2310 326 260 1342 1016 10847 838 636 2614 2036 10144 1416 168
internal_value=0 0.000159871 0.00024691 0.000474236 -6.7954e-05 0.000143475 4.18013e-05 -1.80012e-06 0.00022741 0.000298561 -2.20995e-05 -2.1656e-05 -0.000123412 -5.88658e-05 -0.000152444
internal_weight=8550.65 2553.08 1414.85 408.197 5997.57 1006.66 1138.23 2827.29 334.725 143.751 2683.54 803.508 3170.28 1103.55 2066.73
internal_count=42778 11529 5772 2120 31249 3652 5757 14357 1854 896 13461 3903 16892 6580 10312
is_linear=0
shrinkage=0.0135118


Tree=88
num_leaves=16
num_cat=0
split_feature=20 9 26 38 9 9 11 34 9 15 31 5 32 20 31
split_gain=0.435852 0.186255 0.120255 0.10456 0.0751028 0.0646699 0.0538081 0.0528332 0.0500044 0.0341612 0.0331945 0.0247349 0.0132943 0.0107709 0.00436056
threshold=0.078410411424968671 0.32507910925737588 0.3594697246305753 7.5000000000000009 0.24521483858006651 0.25053030926947101 0.3405247537022888 -0.03517115764150313 0.19001390969937945 1.4046150878058268 2.8350000000000013 0.085775343023354503 0.83047493403693939 0.055667395604969978 2.3450000000000002
decision_type=10 10 8 2 8 10 10 10 8 10 8 8 10 10 8
left_child=1 8 9 7 14 -6 -5 -3 13 12 -10 -11 -2 -1 -4
right_child=2 3 4 6 5 -7 -8 -9 10 11 -12 -13 -14 -15 -16
leaf_value=-0.0002144060335045428 -0.00023191047624558092 0.000161549069204728 -0.00012640685069449114 0 0.00081465467351091419 0.00023002931500475677 0.00034656888719987862 -4.4189816902405624e-05 -3.7686602603665946e-05 -0.00011018580758517841 -0.00012825670517818927 0.00014287872976886679 0 0 0
leaf_weight=756.61747282370925 133.44805128220469 297.09349131025374 68.033647323027253 117.57890739664435 53.005446759518236 1377.1824303939939 300.90906670782715 963.85013301670551 2630.1417186604813 47.199527895543724 1446.4308776257094 264.45807314943522 27.430302038788795 47.116229592822492 20.158354943152517
leaf_count=4590 728 1534 506 746 398 5844 1582 3446 12980 212 8136 1220 94 570 192
internal_value=0 -5.30251e-05 0.000175209 6.57954e-05 0.000233892 0.000259722 0.000250875 0 -9.62103e-05 0 -7.25773e-05 6.85822e-05 -0.000171986 -0.000202066 -5.78836e-05
internal_weight=8550.65 6559.74 1990.92 1679.43 1518.38 1430.19 418.488 1260.94 4880.31 472.536 4076.57 311.658 160.878 803.734 88.192
internal_count=42778 33584 9194 7308 6940 6242 2328 4980 26276 2254 21116 1432 822 5160 698
is_linear=0
shrinkage=0.0135118


Tree=89
num_leaves=16
num_cat=0
split_feature=22 22 17 11 11 28 11 7 15 16 28 14 23 7 17
split_gain=0.486004 0.120761 0.107155 0.11315 0.168739 0.0497885 0.0506551 0.0496786 0.0469555 0.0390399 0.0237667 0.0205435 0.0191826 0.014933 0.0104407
threshold=0.076932535462252635 0.045864507111449924 0.85817896196256849 0.28112899614755299 0.62365849863508516 -0.0096000000000000234 0.27342748938999223 0.16660001213977879 1.3572118843924919 0.78603408355733173 0.0068000000000000152 1.6748316431254882 0.028067222116816618 0.33636458466017566 1.9483075937692187
decision_type=10 8 8 8 10 10 10 10 10 10 10 10 10 8 10
left_child=1 10 5 11 -5 6 -2 12 -9 -7 14 -4 -3 -12 -1
right_child=2 7 3 4 -6 9 -8 8 -10 -11 13 -13 -14 -15 -16
leaf_value=-0.00016965553304152905 -3.1171356942446666e-05 0 0.00011283349099551456 0.00039852796087024673 -3.2591822310151815e-05 0.00019124320206349778 0.00031026385841041856 -3.8565856137693387e-05 7.1097760305990896e-05 -5.5241428325687949e-05 -9.0552846627761004e-05 -9.5776181415014656e-05 -0.00024269908289480886 0 0
leaf_weight=1493.604347571265 41.129689650610089 6.7472614820580921 200.85853885859251 838.89140847837552 148.50566785316914 143.81655372399837 213.32290535327047 1264.443716710899 1465.0564239048399 607.35599268972874 1469.4438002030365 129.2461081976071 200.92259382130578 306.31190373981372 20.996818681247532
leaf_count=8100 245 1136 900 3530 530 958 992 5454 6451 2502 7460 734 1802 1868 116
internal_value=0 -6.21215e-05 0.000166866 0.000249424 0.000322362 4.75231e-05 0.000211162 0 1.61956e-05 0 -0.000118336 0 -0.000200393 -7.24615e-05 -0.000164699
internal_weight=8550.65 6227.53 2323.13 1317.5 987.397 1005.63 254.453 2937.17 2729.5 751.173 3290.36 330.105 207.67 1775.76 1514.6
internal_count=42778 32387 10391 5694 4060 4697 1237 14843 11905 3460 17544 1634 2938 9328 8216
is_linear=0
shrinkage=0.0135118


Tree=90
num_leaves=16
num_cat=0
split_feature=22 20 26 28 22 19 19 12 9 0 18 38 31 26 22
split_gain=0.473808 0.119941 0.114098 0.0856587 0.0845044 0.0888326 0.0589774 0.0445228 0.0303876 0.0284471 0.0239383 0.0232005 0.0170971 0.0167272 0.00750717
threshold=0.059631108700963241 0.093336145042857491 0.3594697246305753 0.070249999999999993 0.10529997692300735 0.094770254656005692 0.046851833049814433 0.064297426739409747 0.42748017658216886 0.53542500000000015 0.067131780425891421 2.5000000000000004 2.7150000000000012 0.44871293580971 0.040757607963279201
decision_type=10 10 8 10 10 10 8 8 10 2 8 2 10 10 10
left_child=6 4 10 -4 7 -6 8 -2 13 12 -3 -11 -8 -1 -10
right_child=1 2 3 -5 5 -7 9 -9 14 11 -12 -13 -14 -15 -16
leaf_value=-0.00014479127369931337 7.8757829444404834e-05 4.2526026169443652e-05 0.00036395827079795557 4.8502816266339593e-05 0.00053474320378732074 0 0 -4.5504285683025694e-05 0 0.00023118618659890587 -0.00027008151097234449 0 -0.00012868599580305795 -4.3119670336991575e-05 0.00021137202797517988
leaf_weight=2588.1225926335901 1069.9139567632228 250.76480781380087 768.91598426178098 308.15246957773343 128.15364631265402 112.54064027499408 780.27515002572909 939.86933158012107 43.349371832795441 126.77823607833125 53.331727066542953 266.17732882546261 353.73627313319594 722.78362648608163 37.788588253781199
leaf_count=11762 5586 1212 3596 1236 406 558 4965 3708 288 498 262 1529 1454 5528 190
internal_value=0 0.000117119 0.000218834 0.000284145 4.96947e-05 0.000291833 -8.63535e-05 1.50786e-05 -0.000118133 -8.41385e-06 0 8.06661e-05 -4.91687e-05 -0.000125985 6.39885e-05
internal_weight=8550.65 3631.64 1381.16 1077.07 2250.48 240.694 4919.01 2009.78 3392.04 1526.97 304.097 392.956 1134.01 3310.91 81.138
internal_count=42778 16564 6306 4832 10258 964 26214 9294 17768 8446 1474 2027 6419 17290 478
is_linear=0
shrinkage=0.0135118


Tree=91
num_leaves=16
num_cat=0
split_feature=22 22 16 11 10 27 27 19 12 23 7 7 30 35 18
split_gain=0.461641 0.117073 0.23264 0.234671 0.0769541 0.145336 0.0598822 0.0573046 0.0509636 0.030289 0.0516067 0.0184107 0.0217348 0.0171198 0.00278226
threshold=0.059631108700963241 0.12121037938859837 0.74262809133239416 0.49842839640592873 0.36343184151293823 0.080068322778746953 0.13820387323371117 0.046851833049814433 0.065308622118473589 0.029952536992369553 0.31199651230912701 0.21194781967791401 17.410000000000004 2.6322484230359993 -0.036942757222398696
decision_type=10 10 10 8 10 10 10 8 8 8 8 8 8 2 10
left_child=7 4 3 -3 8 -6 -4 11 -2 10 -9 14 -13 -11 -1
right_child=1 2 6 -5 5 -7 -8 9 -10 13 -12 12 -14 -15 -16
leaf_value=0 6.4479396615045402e-05 0.000107297339640338 0 0.0019202110052370899 0.00077571583911918555 0.00010912446845942915 0.00025853057813265311 0 -8.9728059390738969e-05 0.00014421860341034537 0.00051168085954270961 -2.2031039581905055e-05 -0.00012790647630653342 -5.2471894686536879e-05 -0.00016932490487343174
leaf_weight=63.86666864855215 1223.1383158783428 46.805635191500187 180.57461794698611 32.723023815546185 71.478373741265386 1118.0918698599562 411.25922892894596 108.2024884968996 547.57149828830734 60.143538700882345 50.521368444897234 1044.1856226040982 981.97784393653274 1308.0995924200397 1302.0140440170653
leaf_count=388 6486 370 798 306 176 4424 1630 602 2374 384 258 4776 5276 7202 7328
internal_value=0 0.000115627 0.000282948 0.000998659 7.38683e-05 0.000158809 0.00016732 -8.5216e-05 1.04615e-05 -8.27043e-06 0.000156554 -0.000116549 -7.88825e-05 -3.56088e-05 -0.000164192
internal_weight=8550.65 3631.64 671.363 79.5287 2960.28 1189.57 591.834 4919.01 1770.71 1526.97 158.724 3392.04 2026.16 1368.24 1365.88
internal_count=42778 16564 3104 676 13460 4600 2428 26214 8860 8446 860 17768 10052 7586 7716
is_linear=0
shrinkage=0.0135118


Tree=92
num_leaves=16
num_cat=0
split_feature=21 11 15 23 39 23 5 24 20 35 21 23 30 3 23
split_gain=0.398972 0.146666 0.130071 0.0933563 0.0795659 0.0778119 0.0465937 0.0571867 0.0330917 0.0362817 0.0324264 0.0275344 0.0259005 0.0133223 0.00530164
threshold=0.052210872839726981 0.3009809796100148 1.3621678373799602 0.050125854435354174 1.0000000180025095e-35 0.078870175250158561 0.058819146716723801 11.500000000000002 0.11652501743214909 3.3458608211083889 0.027944380182909345 0.022745862573436779 16.470000000000002 3.5000000000000004 0.0078559764065816457
decision_type=10 8 10 10 2 10 8 2 10 2 10 8 10 2 10
left_child=3 8 5 11 -4 -3 10 -8 9 -2 -5 14 -10 -13 -1
right_child=1 2 4 6 -6 -7 7 -9 12 -11 -12 13 -14 -15 -16
leaf_value=0 -0.00022114100482919773 -7.5516426744379138e-06 0 -0.00031930978920351096 0.00039327539231860529 0.00023075954126749662 0 0.0001798473873104783 0.00041821595797848776 0 0 0 0 -7.4876634513728729e-05 -0.0001640223983258004
leaf_weight=66.747293482534587 154.67733330186456 493.88739398680627 97.661474945023656 105.59014254854992 712.29940989520401 379.6740796440281 1052.1870674439706 449.36958920955658 55.744823659770191 582.21180872339755 188.64521621726453 214.84187808376737 70.585133035667241 2772.7402563760988 1153.7908303663135
leaf_count=1346 770 1898 500 614 2721 1507 7655 638 304 2782 736 972 366 14337 5632
internal_value=0 0.000141823 0.000215237 -5.999e-05 0.000343654 8.32637e-05 1.63718e-05 5.22854e-05 0 -3.60429e-05 -0.000128734 -9.52363e-05 0.000200322 -6.62523e-05 -0.00015697
internal_weight=8550.65 2546.74 1683.52 6003.91 809.961 873.561 1795.79 1501.56 863.219 736.889 294.235 4208.12 126.33 2987.58 1220.54
internal_count=42778 10848 6626 31930 3221 3405 9643 8293 4222 3552 1350 22287 670 15309 6978
is_linear=0
shrinkage=0.0135118


Tree=93
num_leaves=16
num_cat=0
split_feature=22 9 9 8 33 31 27 35 23 18 22 32 32 38 35
split_gain=0.43989 0.113998 0.0950804 0.110117 0.122648 0.0873049 0.0651232 0.0635653 0.0524321 0.0473752 0.0455344 0.0333749 0.0281077 0.0265484 0.00973155
threshold=0.076932535462252635 0.32507910925737588 0.36572886717807457 0.43707844577491811 0.048836570964891808 5.2400000000000011 0.094180487076049577 2.6322484230359993 0.037046988130065607 -0.016611396123561658 0.029963174882238725 0.63126649076517161 0.52176781002638528 7.5000000000000009 2.8698855234942129
decision_type=10 10 8 10 10 8 8 2 10 10 10 8 10 2 2
left_child=1 10 6 5 -5 -4 12 8 -3 -8 14 -12 -2 -9 -1
right_child=2 7 3 4 -6 -7 9 13 -10 -11 11 -13 -14 -15 -16
leaf_value=0 0 0 0.00025548725195761698 0 0.00043635695950456591 0.00073597715473435485 0.00025761525440686867 -1.7912133534280649e-05 0.00051795871792391173 9.206208009714655e-06 -1.6418577727162209e-05 -0.0001100502857236672 -0.00022841934992614098 0.00012785563805835305 -0.00017212155432670237
leaf_weight=81.040400175843388 104.73745418712497 38.883161279372871 519.69611417781562 497.17718610074371 143.83282925374806 129.96559865726158 292.8153171655722 1022.6765432646498 87.714951612986624 471.35571788670495 1964.5719025731087 1479.158555786591 163.54664737638086 277.78036398347467 1275.7009874384385
leaf_count=784 622 290 2294 1704 630 746 1288 3930 516 2385 9557 7756 722 1640 7914
internal_value=0 -5.9076e-05 0.000158777 0.000238694 8.88481e-05 0.000369188 4.79824e-05 4.16691e-05 0.000332735 0.000119114 -9.13583e-05 -5.9894e-05 -0.000112833 4.64242e-06 -0.000162934
internal_weight=8550.65 6227.53 2323.13 1290.67 641.01 649.662 1032.46 1427.06 126.598 764.171 4800.47 3443.73 268.284 1300.46 1356.74
internal_count=42778 32387 10391 5374 2334 3040 5017 6376 806 3673 26011 17313 1344 5570 8698
is_linear=0
shrinkage=0.0135118


Tree=94
num_leaves=16
num_cat=0
split_feature=22 20 33 9 35 17 27 9 31 7 5 0 7 30 28
split_gain=0.429875 0.115029 0.081179 0.113203 0.0766369 0.105707 0.068938 0.0574238 0.0397383 0.0342581 0.0241906 0.0235901 0.0289134 0.013221 0.0112403
threshold=0.058781560691297273 0.093336145042857491 0.039848356647321566 0.4947618451772155 4.9830927623260264 1.3360231649833942 0.19269328716655568 0.32507910925737588 2.8350000000000013 0.21104146005531363 0.038760984731719565 0.52585000000000015 0.49210110298927712 16.755000000000006 0.010200000000000016
decision_type=10 10 10 10 2 10 8 10 10 10 10 2 10 10 10
left_child=7 2 6 -4 5 -3 -2 8 9 -1 -6 13 -13 -9 -10
right_child=1 4 3 -5 10 -7 -8 11 14 -11 -12 12 -14 -15 -16
leaf_value=-0.00011699534059980643 -0.00015230851603860899 0.00030732083318743932 8.3861100059946198e-05 0.00068413913088857727 9.3239441486215458e-05 -2.086149371006395e-06 4.7642224635865934e-05 0 -0.00025554476850163583 -1.2168220271347551e-05 -0.00019007696600577235 0.00019060318393810638 0 -0.00011462755230874102 -0.00010760550511831275
leaf_weight=1534.6225062513258 488.15341598261148 993.39413069235161 1005.7257596822456 69.512386239133775 133.8707927800715 164.45199362514541 783.54457811405882 211.02263342496008 482.4951688228175 1329.672381401062 89.58564902190119 239.81544103659689 136.82636338844895 250.74701633211225 637.21351412497461
leaf_count=10688 1892 4722 5034 280 602 570 3528 1018 1980 6084 416 1060 760 1090 3054
internal_value=0 0.000109099 4.52912e-05 0.000133293 0.00020937 0.00025372 -2.03291e-05 -8.40891e-05 -0.000105753 -7.22487e-05 0 5.5067e-06 9.56156e-05 -4.37766e-05 -0.000181413
internal_weight=8550.65 3728.24 2346.94 1075.24 1381.3 1157.85 1271.7 4822.42 3984 2864.29 223.456 838.411 376.642 461.77 1119.71
internal_count=42778 17044 10734 5314 6310 5292 5420 25734 21806 16772 1018 3928 1820 2108 5034
is_linear=0
shrinkage=0.0135118


Tree=95
num_leaves=16
num_cat=0
split_feature=22 9 17 17 22 5 18 15 20 30 8 22 18 22 17
split_gain=0.419004 0.107627 0.0951269 0.189178 0.0943547 0.057627 0.0521255 0.0447508 0.0420541 0.0539828 0.0503405 0.0334651 0.0192866 0.0124942 0.0124032
threshold=0.073148568003815306 0.36368221331270334 0.95967935309030683 1.2679540520422969 0.04482349849552076 0.048111588565839795 -0.094000838505443648 1.333917244505854 0.095455186586157856 16.530000000000005 0.28724391310629371 0.065444174217785742 -0.014276051450814396 0.037550622195666371 1.9483075937692187
decision_type=10 8 8 10 8 8 10 10 10 10 10 10 10 10 10
left_child=4 8 6 -4 12 11 -3 -7 9 -2 -10 -6 13 -1 -14
right_child=1 2 3 -5 5 7 -8 -9 10 -11 -12 -13 14 -15 -16
leaf_value=-7.9619130350188283e-05 0.00010131300356083112 -0.00020841453132917545 0.00055449200201608767 9.2149435002017593e-06 -4.3988946122466477e-05 -4.0365192536379252e-05 0.00014877769191376389 7.439674908490688e-05 0 -0.00013058057907523729 0.00027621473550896617 -0.00038710138320567308 -0.00014560927811197461 0 0
leaf_weight=781.52694017998874 306.89838238060474 58.442800361663103 371.93593364814296 231.8467219369486 348.32677123229951 997.21339582582004 730.37065898068249 1383.034472563304 212.74732997594401 401.12835327675566 239.71435480797663 98.714250789955258 2032.3662728439085 322.01922865072265 34.367863465100527
leaf_count=4840 1677 140 1828 822 1662 5793 3068 6634 1448 1630 916 268 10144 1740 168
internal_value=0 0.000145065 0.000227023 0.000363775 -6.16051e-05 -7.89987e-07 0.000108042 2.16142e-05 3.7029e-05 -1.4257e-05 0.00014196 -0.000145031 -0.000112303 -4.92304e-05 -0.000140549
internal_weight=8550.65 2553.08 1392.6 603.783 5997.57 2827.29 788.813 2380.25 1160.49 708.027 452.462 447.041 3170.28 1103.55 2066.73
internal_count=42778 11529 5858 2650 31249 14357 3208 12427 5671 3307 2364 1930 16892 6580 10312
is_linear=0
shrinkage=0.0135118


Tree=96
num_leaves=16
num_cat=0
split_feature=22 26 22 16 12 19 23 22 26 12 17 34 0 10 12
split_gain=0.409545 0.114884 0.110522 0.104782 0.0736864 0.048184 0.0333012 0.0504555 0.0253656 0.0226191 0.0277575 0.0193498 0.0186691 0.0132983 0.00326912
threshold=0.058781560691297273 0.26421125725682088 0.098950363086783094 0.74262809133239416 0.064297426739409747 0.046851833049814433 0.029952536992369553 0.046132036626693164 0.44871293580971 0.053449797030215719 1.3360231649833942 0.031180650678901859 0.51680000000000015 0.45773411309964601 0.033319557414535343
decision_type=10 8 10 10 8 8 8 10 10 8 10 8 2 10 10
left_child=5 9 4 -4 -3 8 7 -7 13 14 -11 -10 -8 -1 -2
right_child=1 2 3 -5 -6 6 12 -9 11 10 -12 -13 -14 -15 -16
leaf_value=-0.00013796517527892192 -2.6232348692802407e-05 0.00014641046320500395 0.00064506086427483685 0.00018480219405598872 -3.8709670092386167e-06 0 -7.3920208013487047e-05 0.0005648464870224144 4.1933049403561789e-06 -0.00023693058905409974 0 -0.00013065294754941622 2.2898170119234465e-05 0 6.4374758632676594e-05
leaf_weight=2517.4224791736342 85.521524287760258 1109.3140581483021 130.34809900354594 1026.7063564024866 990.70680558215827 112.46744787320495 927.0987968663685 42.071758990176022 524.33766761794686 211.98610770376399 44.250837601255625 226.67858571885154 366.70194111461751 105.63634742749855 129.40491740824655
leaf_count=11460 518 5672 1012 3970 4020 526 5389 310 4176 1054 104 1578 1805 490 694
internal_value=0 0.000106452 0.000136287 0.00024651 7.01937e-05 -8.21133e-05 -8.19604e-06 0.000167103 -0.00011052 -7.59911e-05 -0.000163418 -2.16469e-05 -3.78277e-05 -0.000131691 0
internal_weight=8550.65 3728.24 3257.08 1157.05 2100.02 4822.42 1448.34 154.539 3374.08 471.163 256.237 751.016 1293.8 2623.06 214.926
internal_count=42778 17044 14674 4982 9692 25734 8030 836 17704 2370 1158 5754 7194 11950 1212
is_linear=0
shrinkage=0.0135118


Tree=97
num_leaves=16
num_cat=0
split_feature=20 9 26 38 9 28 20 34 9 18 33 17 18 9 33
split_gain=0.351633 0.158448 0.110606 0.0974279 0.0679195 0.0672033 0.0522395 0.0497353 0.0438615 0.0363577 0.0355488 0.0301534 0.0129404 0.00629621 0.00277626
threshold=0.078410411424968671 0.32507910925737588 0.3594697246305753 7.5000000000000009 0.24521483858006651 0.070249999999999993 0.06530872415683682 -0.03517115764150313 0.19001390969937945 0.067131780425891421 0.030980416704653572 0.96275994620277572 0.043052292069642346 0.30884631841571569 0.030980416704653572
decision_type=10 10 8 2 8 10 10 10 8 8 10 10 10 8 10
left_child=1 8 9 7 14 -6 -5 -3 12 11 -10 -2 -1 -11 -4
right_child=2 3 4 6 5 -7 -8 -9 10 13 -12 -13 -14 -15 -16
leaf_value=-0.00019959323990464839 -1.7900747542722559e-05 0.0001551050622721094 0 0.00032179789396458212 0.00029785183878231039 4.7658945511163074e-05 0 -4.4672762665540796e-05 -0.0001090256826287493 0 -2.0739484791618795e-05 0.00022094244050144409 0 -0.00036606010622726345 -0.00010786944267529522
leaf_weight=763.68344479380175 293.66038371110335 297.09349131025374 15.788776339497415 325.3620898546651 1047.8277489999309 382.36012815358117 93.125884249806404 963.85013301670551 1924.562635282753 8.0997312730178219 2152.0099610034376 114.46663433872163 40.050257622729987 56.309205043129623 72.403225926682353
leaf_count=4928 1360 1534 254 1806 4718 1524 522 3446 10455 30 10661 532 232 332 444
internal_value=0 -4.7595e-05 0.000157406 6.17481e-05 0.000213966 0.000238819 0.000240331 0 -8.75187e-05 -6.81988e-07 -6.51722e-05 2.18086e-05 -0.000186856 -0.000315425 -6.19436e-05
internal_weight=8550.65 6559.74 1990.92 1679.43 1518.38 1430.19 418.488 1260.94 4880.31 472.536 4076.57 408.127 803.734 64.4089 88.192
internal_count=42778 33584 9194 7308 6940 6242 2328 4980 26276 2254 21116 1892 5160 362 698
is_linear=0
shrinkage=0.0135118


Tree=98
num_leaves=16
num_cat=0
split_feature=22 26 0 11 22 9 16 12 3 2 4 30 9 26 12
split_gain=0.390538 0.0958431 0.108137 0.103066 0.0572016 0.0302152 0.0335207 0.0275175 0.0193649 0.0177823 0.0204225 0.0118699 0.0285305 0.00462154 0.00430383
threshold=0.062951870329875023 0.21975262356093569 0.42972500000000002 0.3009809796100148 0.034690716463980698 0.39160022862749994 1.0716951347506918 0.074534932875922666 6.5000000000000009 0.2486875920002708 0.23252671474067879 16.615000000000006 0.24356825895724929 0.060593204989820675 0.035574124129352465
decision_type=10 8 2 8 8 10 10 8 2 2 8 8 10 8 10
left_child=4 9 7 -4 11 8 -7 -3 -6 10 -2 12 -1 -13 -11
right_child=1 2 3 -5 5 6 -8 -9 -10 14 -12 13 -14 -15 -16
leaf_value=-0.00012257764426291566 0 4.5265289760977271e-05 3.5300354238148139e-06 0.0002347630998634928 3.4922203059871938e-05 0.00020027299744365622 -2.7831142634464757e-05 -0.00014038440684065669 -6.327652989738958e-05 0 -0.00021873135514703532 0 2.8169709303763864e-05 -0.0001737400158135003 0.00014940036692767149
leaf_weight=557.23896912345663 52.160343529656529 559.36787056038156 565.75007127271965 1751.1516767661087 269.92049981025048 197.3018622873351 126.48080582730472 196.36821964103729 2653.5452562388964 12.409825736656783 203.01457699155435 13.784203405492006 219.25374234467745 1138.0595100522041 34.846297332085669
leaf_count=3226 188 3214 2564 7099 1202 824 654 890 14193 50 1062 68 1464 5912 168
internal_value=0 0.000113178 0.000137359 0.000183141 -7.36334e-05 -3.42522e-05 7.66889e-05 0 -5.0377e-05 -9.53865e-05 -0.000153252 -0.000134125 -6.56043e-05 -0.000170564 0
internal_weight=8550.65 3375.07 3072.64 2316.9 5175.58 3247.25 323.783 755.736 2923.47 302.431 255.175 1928.34 776.493 1151.84 47.2561
internal_count=42778 15235 13767 9663 27543 16873 1478 4104 15395 1468 1250 10670 4690 5980 218
is_linear=0
shrinkage=0.0135118


Tree=99
num_leaves=16
num_cat=0
split_feature=21 11 15 19 39 18 5 30 19 26 11 26 30 35 18
split_gain=0.344002 0.132282 0.123054 0.084948 0.0776413 0.0756084 0.0416881 0.0406544 0.0387174 0.0295184 0.0300353 0.023926 0.047101 0.0165476 0.00946066
threshold=0.052210872839726981 0.3009809796100148 1.3621678373799602 0.038752204365518982 1.0000000180025095e-35 -0.016953379263705156 0.048111588565839795 16.000000000000004 0.052810496240492492 0.17859441278527097 0.20157338130989752 0.25796333265450494 17.410000000000004 2.3379517709764071 -0.030277657179228808
decision_type=10 8 10 8 2 10 8 10 10 10 10 10 8 2 10
left_child=3 9 5 11 -4 -3 8 -8 -5 14 -11 13 -13 -1 -2
right_child=1 2 4 6 -6 -7 7 -9 -10 10 -12 12 -14 -15 -16
leaf_value=0 0 0.00022394064902668754 0 0 0.00037517559247631399 -1.3788830959835846e-05 0.00010245223043904557 -1.4004620238706698e-05 -0.00023510410073948555 0.00021065826603020732 0 0 -0.00013969383814238062 -0.00017301925223291742 -0.0002708400805062919
leaf_weight=41.592464859597385 18.387119105085731 365.88759790500626 97.661474945023656 254.79689670074731 712.29940989520401 507.67387572582811 705.05126055958681 2043.7414601463825 260.0481424536556 134.34019219409674 620.56777141336352 770.00072195054963 741.63807334797457 1187.0432537095621 89.924016008153558
leaf_count=276 84 1410 500 1350 2721 1995 6018 9244 1094 730 2964 4414 4492 5042 444
internal_value=0 0.0001317 0.000201442 -5.56948e-05 0.000326036 7.30207e-05 -5.44971e-06 1.18022e-05 -0.000119238 0 2.55724e-05 -0.000111442 -6.23629e-05 -0.000162679 -0.000212245
internal_weight=8550.65 2546.74 1683.52 6003.91 809.961 873.561 3263.64 2748.79 514.845 863.219 754.908 2740.27 1511.64 1228.64 108.311
internal_count=42778 10848 6626 31930 3221 3405 17706 15262 2444 4222 3694 14224 8906 5318 528
is_linear=0
shrinkage=0.0135118


Tree=100
num_leaves=16
num_cat=0
split_feature=21 9 26 19 34 9 31 11 30 31 16 26 30 10 17
split_gain=0.334627 0.137881 0.111881 0.082546 0.0632727 0.040812 0.0432151 0.0355932 0.0333222 0.0550389 0.03242 0.0231276 0.0459225 0.0227324 0.00874102
threshold=0.052210872839726981 0.29658376811869841 0.3594697246305753 0.038752204365518982 0.024975376640012262 0.35013739639615532 2.5200000000000018 0.31138151169625844 16.565000000000001 1.0450000000000002 0.99115815235729998 0.25796333265450494 17.410000000000004 0.35386121469543402 1.9483075937692187
decision_type=10 8 8 8 10 8 10 10 10 10 8 10 8 10 10
left_child=3 8 10 11 -4 7 -7 -5 9 -2 -3 14 -13 -10 -1
right_child=1 2 4 5 -6 6 -8 -9 13 -11 -12 12 -14 -15 -16
leaf_value=-0.00016528014434773715 -1.4106172642102142e-05 8.9444395994795446e-05 0.000292909327868065 -1.525317903157937e-06 2.4628971270595105e-05 0.00015414507380092577 -9.9604946061623431e-06 -0.00013079776859574633 -0.00018146708650896001 0.00039091399377088514 -0.00013849708124487664 0 -0.00013780722729703343 0 0
leaf_weight=1215.8489172700793 175.99467744398862 327.27606141008437 1155.9542837399058 1742.1040772162378 296.30849548056722 499.91022832295857 437.50695437006652 584.11649995110929 308.33992166817188 70.329789027571678 171.56720705796033 770.00072195054963 741.63807334797457 40.971021363511682 12.786801299080251
leaf_count=5264 1150 1338 4798 9188 1116 4214 1626 2678 1368 390 534 4414 4492 154 54
internal_value=0 0.000129864 0.000185857 -5.49601e-05 0.0002459 -5.37716e-06 6.56391e-05 -3.88138e-05 -3.47612e-05 5.65384e-05 0 -0.000109919 -6.14371e-05 -0.000131159 -0.000160421
internal_weight=8550.65 2546.74 1951.11 6003.91 1452.26 3263.64 937.417 2326.22 595.635 246.324 498.843 2740.27 1511.64 349.311 1228.64
internal_count=42778 10848 7786 31930 5914 17706 5840 11866 3062 1540 1872 14224 8906 1522 5318
is_linear=0
shrinkage=0.0135118


Tree=101
num_leaves=16
num_cat=0
split_feature=21 9 19 0 21 12 9 31 11 30 16 10 18 28 28
split_gain=0.326006 0.134383 0.080144 0.058951 0.101469 0.0561149 0.0396648 0.0421631 0.034575 0.0293181 0.0398174 0.037729 0.0175532 0.0180805 0.00829588
threshold=0.052210872839726981 0.30594511107802352 0.038752204365518982 0.51087500000000008 0.065576255632465483 0.074534932875922666 0.35013739639615532 2.5200000000000018 0.31138151169625844 16.565000000000001 1.0544744349227972 0.35386121469543402 -0.035639066801657619 0.010200000000000016 0.039449999999999992
decision_type=10 8 8 2 10 8 8 10 10 10 10 10 8 10 8
left_child=2 9 12 5 -5 -3 8 -8 -4 10 -2 -11 14 -14 -1
right_child=1 3 6 4 -6 -7 7 -9 -10 11 -12 -13 13 -15 -16
leaf_value=4.4833652048785851e-05 0.0001856401531154378 0.00017569532665897774 -1.5047113733854301e-06 0.00047130543365208331 0.00015601257426111332 -8.3933287117320815e-05 0.00015206377464836875 -9.8260187087094089e-06 -0.00012903152943850252 -0.00017231108538242387 -0.0001343902474491419 0.00012202232474248345 -0.00016108487070827992 -5.9988929752817198e-05 -7.9857796679024445e-05
leaf_weight=176.12087677884847 208.43422218039632 311.51285311859101 1742.1040772162378 314.99924319144338 998.86118118092418 234.95228651864454 499.91022832295857 437.50695437006652 584.11649995110929 351.69737539347261 69.481302122585475 56.802993485704064 1348.5177380121313 1034.1207956052385 181.51510347146541
leaf_count=916 1418 1400 9188 1172 3920 892 4214 1626 2678 1516 340 190 6858 5382 1068
internal_value=0 0.000128164 -5.42635e-05 0.000188512 0.000240232 4.36084e-05 -5.35084e-06 6.45915e-05 -3.83547e-05 -1.90978e-05 6.53197e-05 -0.000103925 -0.000108424 -0.000121921 0
internal_weight=8550.65 2546.74 6003.91 1860.33 1313.86 546.465 3263.64 937.417 2326.22 686.416 277.916 408.5 2740.27 2382.64 357.636
internal_count=42778 10848 31930 7384 5092 2292 17706 5840 11866 3464 1758 1706 14224 12240 1984
is_linear=0
shrinkage=0.0135118


Tree=102
num_leaves=16
num_cat=0
split_feature=20 8 26 12 16 12 10 11 31 31 18 17 28 10 8
split_gain=0.316623 0.106588 0.104635 0.0906885 0.0730945 0.0584302 0.134012 0.0850836 0.0460462 0.0462508 0.0354994 0.0287335 0.0274617 0.0217066 0.00382917
threshold=0.078410411424968671 0.31508696794953928 0.3594697246305753 0.061902268858071909 1.101598396166604 0.12263550758109162 0.76341554076582241 0.61108475786396566 2.145 -0.83000000000000085 0.067131780425891421 0.96275994620277572 0.051649999999999995 0.23078150287577739 0.25219665215423548
decision_type=10 10 8 10 10 8 10 10 10 10 8 10 10 10 8
left_child=1 8 10 4 -3 7 -7 -4 9 -1 11 -2 -5 -10 -12
right_child=2 3 5 12 -6 6 -8 -9 13 -11 14 -13 -14 -15 -16
leaf_value=-0.0001056600672217499 -2.1213984641194363e-05 0.00031066418300399964 0.00017972338243587506 2.400750493877385e-05 -1.7956908787753085e-05 0.00057582618562029169 0 -0.0002430044886026826 -0.00020295163750692159 0 0 0.00021355203354789091 -0.00011112099261558639 -6.6850111743591714e-05 -0.00035557000983898161
leaf_weight=1361.8542823612224 293.66038371110335 341.09033278096467 1118.80001004925 871.23873372143134 99.672762504313141 221.87812785757706 105.35948489047587 72.342256622388959 775.9434681897983 1984.1443557851017 8.877596562728284 114.46663433872163 370.36224295757711 755.43171883374453 55.531339753419161
leaf_count=8804 1360 1460 5166 3610 292 1044 510 220 3534 10982 24 532 1768 3134 338
internal_value=0 -4.52598e-05 0.000149268 4.32701e-05 0.000211012 0.000204417 0.000387621 0.000144587 -7.80933e-05 -4.49583e-05 -4.27789e-06 1.73464e-05 -7.30465e-06 -0.000143154 -0.000313538
internal_weight=8550.65 6559.74 1990.92 1682.36 440.763 1518.38 327.238 1191.14 4877.37 3346 472.536 408.127 1241.6 1531.38 64.4089
internal_count=42778 33584 9194 7130 1752 6940 1554 5386 26454 19786 2254 1892 5378 6668 362
is_linear=0
shrinkage=0.0135118


Tree=103
num_leaves=15
num_cat=0
split_feature=19 9 17 23 35 9 5 7 10 23 34 8 8 34
split_gain=0.292374 0.149959 0.0758438 0.100667 0.042712 0.0400887 0.0357668 0.0293397 0.0210769 0.0223652 0.0198308 0.0355839 0.0112038 0.00811633
threshold=0.0470958080914241 0.30594511107802352 0.78538450424322404 0.080283045445436282 3.144798598278046 0.41691665736996947 0.050770234544468593 0.16766221620697999 0.59647875069215772 0.043124572070248453 0.031180650678901859 0.21534185696425964 0.22255967979058902 0.092330172879211095
decision_type=10 8 8 10 2 10 8 10 10 10 10 10 10 10
left_child=5 6 4 -4 -3 10 12 -8 9 -7 11 -1 -2 -12
right_child=1 2 3 -5 -6 8 7 -9 -10 -11 13 -13 -14 -15
leaf_value=-0.00012864510383046729 0 0.00018084788497320039 8.4568218039746883e-05 0.00029546740036163495 -2.6644164950471987e-05 0 -0.00016752816942590198 2.1239425227208003e-05 0 0.00059858109142452924 -0.00025918639291337573 -2.5557794441674639e-05 -0.00022700548330455562 0
leaf_weight=1665.4383004780393 64.417834086343646 227.41890313569456 1251.9047690941952 831.31357354624197 693.15112949628383 43.839188721030951 167.15383109310642 1452.1485384283587 65.769407351501286 25.506959840655327 289.42994675412774 1481.2330394540913 182.65319049311802 109.27511894702911
leaf_count=10562 466 1344 4940 3486 2996 244 1354 7542 338 122 1178 6780 634 792
internal_value=0 6.86556e-05 0.000128338 0.000174139 1.25059e-05 -9.09103e-05 -2.14062e-05 0 9.92972e-05 0.000272707 -0.000101327 -8.36854e-05 -0.000172767 -0.000212295
internal_weight=8550.65 4870.16 3003.79 2083.22 920.57 3680.49 1866.37 1619.3 135.116 69.3461 3545.38 3146.67 247.071 398.705
internal_count=42778 22762 12766 8426 4340 20016 9996 8896 704 366 19312 17342 1100 1970
is_linear=0
shrinkage=0.0135118


Tree=104
num_leaves=16
num_cat=0
split_feature=19 0 31 30 11 26 30 8 35 35 18 15 30 37 28
split_gain=0.284818 0.148727 0.081223 0.075444 0.0745214 0.0317802 0.057174 0.0343152 0.0241673 0.019806 0.0181239 0.0174611 0.0146441 0.0117653 0.00200446
threshold=0.0470958080914241 0.42767500000000008 3.4050000000000016 20.500000000000004 0.3009809796100148 0.24052552576475486 17.410000000000004 0.21534185696425964 2.3379517709764071 5.7349740058083656 0.0032972646452370529 1.3572118843924919 16.345000000000002 1.0000000180025095e-35 -0.018350000000000029
decision_type=10 2 10 10 8 10 10 10 2 2 10 10 10 2 10
left_child=5 11 4 -4 -3 8 7 -7 14 -10 -8 13 -13 -2 -1
right_child=1 2 3 -5 -6 6 10 -9 9 -11 -12 12 -14 -15 -16
leaf_value=0.00010197282697943513 -0.00010608312887403799 3.7125399519305159e-05 -0.00014602760334450358 9.4436815000466408e-05 0.00024317430770742386 -6.3494957548713632e-05 -4.8281182725094611e-05 7.6335176257775607e-05 -0.00017393196061095599 0 -0.00020060291551671891 9.1115271228066032e-05 -2.0889144083767174e-05 0 0
leaf_weight=34.836257226765156 580.95694450195879 617.15068663749844 295.16833957005292 950.52981055527925 1264.3370552896522 590.75921844178811 593.71459785848856 666.44606215693057 1236.609441553941 80.073620266281068 457.56424309965223 307.25739706121385 445.73899867292494 409.02253708476201 20.488520942628384
leaf_count=206 2786 3138 1414 3076 5763 4496 3538 3292 5944 270 2128 1849 2146 2590 142
internal_value=0 6.77247e-05 0.000124158 2.84467e-05 0.000181558 -8.97655e-05 -5.12694e-05 1.72546e-06 -0.000146348 -0.000160211 -0.000125272 -2.71065e-05 9.97146e-06 -6.66091e-05 0
internal_weight=8550.65 4870.16 3127.19 1245.7 1881.49 3680.49 2308.48 1257.21 1372.01 1316.68 1051.28 1742.98 752.996 989.979 55.3248
internal_count=42778 22762 13391 4490 8901 20016 13454 7788 6562 6214 5666 9371 3995 5376 348
is_linear=0
shrinkage=0.0135118


Tree=105
num_leaves=16
num_cat=0
split_feature=21 9 26 19 28 7 35 35 35 11 10 26 32 35 28
split_gain=0.300338 0.125459 0.107146 0.0721202 0.0711715 0.0369957 0.0627283 0.0347054 0.0606069 0.0320359 0.0291896 0.0217046 0.0425443 0.0155677 0.00985524
threshold=0.052210872839726981 0.29658376811869841 0.3594697246305753 0.038752204365518982 0.074150000000000008 0.33636458466017566 3.2482404146388633 4.0237432390433048 4.1106279020465193 0.28420624002104855 0.52319532567162808 0.25796333265450494 0.64907651715039594 2.4073953559849142 -0.028150000000000005
decision_type=10 8 8 8 10 8 2 2 2 10 10 10 8 2 8
left_child=3 7 10 11 -4 9 -7 14 -9 -5 -3 13 -13 -1 -2
right_child=1 2 4 5 -6 6 -8 8 -10 -11 -12 12 -14 -15 -16
leaf_value=0 0 -4.0143855491643568e-05 0.00028690933900818189 0 1.7378640294293777e-05 0.00024841019927565215 0 0.00059385096938309695 -4.7157781096992222e-06 -0.00011433129354701085 0.00023893354412801989 7.6001819761371135e-09 -0.0001303183949532134 -0.00016368650672088304 -0.00021896977924344634
leaf_weight=56.203744692727923 16.156269379891455 417.65243577118963 1131.0833633947186 1521.8080358025618 321.1794158257544 239.75634011463262 787.74618357233703 31.238240391016006 366.72394088935107 714.32720037084073 81.190832696855068 770.00072195054963 741.63807334797457 1172.4319738764316 181.51695884298533
leaf_count=342 140 1622 4582 8197 1332 1442 4584 112 1778 3483 250 4414 4492 4976 1032
internal_value=0 0.000122855 0.000176335 -5.22446e-05 0.000235028 -5.6327e-06 5.72131e-05 -3.35406e-05 1.46463e-05 -3.95216e-05 0 -0.000103665 -5.65425e-05 -0.000152497 -0.00018695
internal_weight=8550.65 2546.74 1951.11 6003.91 1452.26 3263.64 1027.5 595.635 397.962 2236.14 498.843 2740.27 1511.64 1228.64 197.673
internal_count=42778 10848 7786 31930 5914 17706 6026 3062 1890 11680 1872 14224 8906 5318 1172
is_linear=0
shrinkage=0.0135118


Tree=106
num_leaves=16
num_cat=0
split_feature=21 9 26 9 10 34 26 33 9 10 9 30 5 18 34
split_gain=0.292356 0.122337 0.0905565 0.0675717 0.060219 0.0597005 0.0369278 0.0283735 0.0267873 0.0264613 0.021727 0.0168578 0.0141866 0.00999244 0.00893745
threshold=0.052210872839726981 0.30594511107802352 0.3594697246305753 0.22156870828401501 0.71023788813576139 0.030369429974506649 0.22826959204534597 0.039096644025027112 0.26716414329085503 0.52319532567162808 0.44341187000404242 16.565000000000001 0.07695457695457697 -0.046747570558422873 -0.013592262461871228
decision_type=10 8 8 8 10 10 10 10 10 10 10 10 10 10 8
left_child=3 7 9 12 -4 6 -5 8 -2 -3 -7 -9 13 -1 -14
right_child=1 2 4 5 -6 10 -8 11 -10 -11 -12 -13 14 -15 -16
leaf_value=0 -0.00025946723896007041 -2.7534120644451454e-05 0.00027002961832968923 -6.7660851074304956e-05 0 -0.00017730082563224836 2.6532878312830028e-05 0.0001442907876218925 0 0.00023571924772424122 0 0 -9.047312745765821e-05 -0.00015653686659193613 2.2136156953337994e-05
leaf_weight=52.422907869331539 143.93254753854126 395.28826621454209 1193.4013264835812 1060.6274806808215 190.44513861462474 530.45899106562138 2676.8145318184979 176.13942158967257 170.31564722303301 81.190832696855068 81.118216859176755 196.02827683091164 193.08513164147735 1258.9550932222046 150.42992057092488
leaf_count=304 716 1504 4732 5182 898 2624 13712 1298 652 250 478 798 1282 7754 594
internal_value=0 0.000121211 0.000178848 -5.15454e-05 0.000234396 -2.04579e-05 0 -1.87041e-05 -0.000123822 0 -0.000144174 4.00291e-05 -0.000126456 -0.000148774 -8.62442e-06
internal_weight=8550.65 2546.74 1860.33 6003.91 1383.85 4349.02 3737.44 686.416 314.248 476.479 611.577 372.168 1654.89 1311.38 343.515
internal_count=42778 10848 7384 31930 5630 21996 18894 3464 1368 1754 3102 2096 9934 8058 1876
is_linear=0
shrinkage=0.0135118


Tree=107
num_leaves=16
num_cat=0
split_feature=22 17 8 8 9 26 33 28 18 21 22 26 19 23 26
split_gain=0.323425 0.102028 0.109489 0.127468 0.0859441 0.0658729 0.0518946 0.0434958 0.154698 0.0379798 0.0336412 0.0281458 0.0206756 0.0140142 0.00909523
threshold=0.076932535462252635 0.85817896196256849 0.28840393175894324 0.43203941060640355 0.32507910925737588 0.19286348816998608 0.038712463141247884 -0.0096000000000000234 -0.010091751613291509 0.15874764527588367 0.029963174882238725 0.64185942473268109 0.110099186279059 0.072894215579912394 0.060593204989820675
decision_type=10 8 8 10 10 8 10 10 10 8 10 8 10 10 8
left_child=4 7 11 -4 10 13 -7 8 -2 -9 14 -3 -12 -6 -1
right_child=1 2 3 -5 5 6 -8 9 -10 -11 12 -13 -14 -15 -16
leaf_value=0 0.00071603020265401324 6.5587212770133225e-05 0.00040996436224480882 5.3361807030511123e-05 -0.00026334584047909231 0 0.0001769879161214677 -5.6625363353182551e-05 0 0.00032321373271208679 -5.595741613732823e-05 -0.00024266127284807738 0.00044932414327119295 0 -0.00014718766483583324
leaf_weight=31.0364781441167 70.585664425976574 261.31186190526932 614.42689962917939 373.9702706867829 136.56301179714501 758.3286191187799 523.39508530497551 704.46609111689031 183.86693057790399 46.706455296836793 3433.9034264120273 67.792691166512668 9.8270319476723653 8.7683039195835573 1325.7049094701651
leaf_count=296 326 1382 2592 1250 584 3202 2562 3190 911 270 17265 470 48 28 8402
internal_value=0 0.000135937 0.000215377 0.000286433 -5.08637e-05 3.59285e-05 7.35313e-05 2.0689e-05 0.000178612 -1.79655e-05 -7.8998e-05 0 -5.12179e-05 -0.000218209 -0.000141227
internal_weight=8550.65 2323.13 1317.5 988.397 6227.53 1427.06 1281.72 1005.63 254.453 751.173 4800.47 329.105 3443.73 145.331 1356.74
internal_count=42778 10391 5694 3842 32387 6376 5764 4697 1237 3460 26011 1852 17313 612 8698
is_linear=0
shrinkage=0.0135118


Tree=108
num_leaves=16
num_cat=0
split_feature=22 11 13 9 33 34 18 24 12 27 9 18 9 35 18
split_gain=0.315044 0.0978281 0.0997042 0.0726811 0.0719992 0.0660172 0.0584812 0.053357 0.0475766 0.0477652 0.0306179 0.0181993 0.0169063 0.0161052 0.000596705
threshold=0.073148568003815306 0.3349579951120697 1.6585654578204709 0.22249381583031935 0.047881178499094908 0.031180650678901859 0.048811948168690507 9.5000000000000018 0.074534932875922666 0.11401251740617209 0.30154194871804746 0.043828288136566702 0.41691665736996947 2.8698855234942129 0.059796742527524323
decision_type=10 8 8 10 10 10 10 2 10 8 10 10 10 2 10
left_child=3 8 4 11 -3 6 -5 -4 9 -2 -10 13 -7 -1 -13
right_child=1 2 7 5 -6 12 -8 -9 10 -11 -12 14 -14 -15 -16
leaf_value=0 -1.4705254431321947e-05 3.5218383725768597e-06 2.6107200473130873e-05 2.9817661753161484e-05 0.00027421839797329945 -0.00017946709646049407 -0.00011912953779811231 0.00044153917197788995 0 0.00016711349865096664 -0.00027684873528385242 3.7601979483591018e-05 0 -0.00014202811810837639 0
leaf_weight=93.174502959940583 410.89866985846311 671.91897559398785 136.51093652425334 2878.1717034531757 300.50966900959611 507.62155528180301 572.46871883003041 391.11591473221779 57.415135679766536 446.2420677728951 138.47316619753838 76.692171605769545 77.451507054269314 1760.2308650852647 31.758171280846
leaf_count=744 1998 2316 1844 12931 1388 2452 2390 844 172 2519 448 352 436 11744 200
internal_value=0 0.000125631 0.000196538 -5.35753e-05 9.87561e-05 -1.74835e-05 1.85245e-06 0.000355355 1.39611e-05 6.69242e-05 -0.000160428 -0.000122096 -0.000150582 -0.000132559 0
internal_weight=8550.65 2553.08 1500.06 5997.57 972.429 4035.71 3450.64 527.627 1053.03 857.141 195.888 1961.86 585.073 1853.41 108.45
internal_count=42778 11529 6392 31249 3704 18209 15321 2688 5137 4517 620 13040 2888 12488 552
is_linear=0
shrinkage=0.0135118


Tree=109
num_leaves=16
num_cat=0
split_feature=22 26 22 16 16 22 28 23 22 18 5 30 20 30 18
split_gain=0.308087 0.0991396 0.0887406 0.103472 0.0591805 0.0352387 0.0266937 0.0253455 0.0346919 0.0185367 0.0177696 0.011612 0.0159258 0.00651808 0.00465629
threshold=0.058781560691297273 0.26421125725682088 0.098950363086783094 0.74262809133239416 1.118760821810042 0.034690716463980698 -0.015200000000000031 0.028067222116816618 0.046132036626693164 0.048811948168690507 0.089211058616363775 16.615000000000006 0.027155009924705934 15.915000000000001 -0.039717173679853161
decision_type=10 8 10 10 8 8 10 8 10 10 10 8 10 10 8
left_child=5 6 4 -4 -3 11 13 8 -7 -9 -8 12 -1 -2 -13
right_child=1 2 3 -5 -6 7 10 9 -10 -11 -12 14 -14 -15 -16
leaf_value=-9.5133697890130287e-05 0 0.00010818556782070394 0.00061056569930307517 0.00015839506338120212 -3.9348673972898138e-05 0 -0.00019297275948116941 -3.1353366867527164e-05 0.0004197667749027184 -0.0001551965538655234 0 0 4.8887326238297066e-06 0.00010197775886413991 -0.00016615447352676222
leaf_weight=559.89472607150674 27.516137084923685 1493.0087804282084 130.34809900354594 1026.7063564024866 607.01208330225199 244.92524936422706 291.61278132349253 2269.7243760332931 43.394318667240441 336.03465579170734 34.201055806130171 135.25833597173914 216.59798539662734 117.83341278648004 1016.585377485957
leaf_count=3440 260 7104 1012 3970 2588 1306 1506 12054 302 1402 112 856 1250 492 5124
internal_value=0 9.22199e-05 0.000120139 0.000219182 6.021e-05 -7.13289e-05 -7.69771e-05 -3.57428e-05 6.90265e-05 -5.16398e-05 -0.00015293 -0.000118915 -5.28293e-05 1.63836e-05 -0.000153716
internal_weight=8550.65 3728.24 3257.08 1157.05 2100.02 4822.42 471.163 2894.08 288.32 2605.76 325.814 1928.34 776.493 145.35 1151.84
internal_count=42778 17044 14674 4982 9692 25734 2370 15064 1608 13456 1618 10670 4690 752 5980
is_linear=0
shrinkage=0.0135118


Tree=110
num_leaves=16
num_cat=0
split_feature=22 26 35 17 34 9 28 26 27 10 12 17 3 35 26
split_gain=0.300114 0.0964798 0.0927619 0.143902 0.0630887 0.042886 0.0259015 0.023074 0.0376052 0.0175291 0.0237291 0.014628 0.0102213 0.00796459 0.000865957
threshold=0.058781560691297273 0.26421125725682088 4.1106279020465193 1.2538220553736512 0.024975376640012262 0.32507910925737588 -0.015200000000000031 0.19286348816998608 0.43801753203409971 0.22388231801687025 0.084147666965392109 1.3062423284839029 56.500000000000007 3.2775217357168138 0.10280190832081311
decision_type=10 8 2 10 8 10 10 8 10 8 10 10 2 2 10
left_child=5 6 3 -3 -4 9 13 14 -9 12 -11 -8 -1 -2 -7
right_child=1 2 4 -5 -6 7 11 8 -10 10 -12 -13 -14 -15 -16
leaf_value=-0.00012912173437230567 0.00014043748383929969 0.00025755470184453768 8.4190805531406557e-05 -3.9118716321137383e-05 -0.00011994399690789254 0 -0.00019186936147426922 0.00013180312018873095 -4.629943447499841e-05 -2.2893039026035478e-05 -0.00016823773673488101 0 0 0 -0.0001967760430872389
leaf_weight=1901.4000664362684 75.092564760707319 1296.6654164120555 1340.8318549618125 306.97874912433326 312.59929863829166 16.884377771057189 273.13154337275773 437.35701537877321 307.06202127039433 1694.2834480802994 300.64579733973369 52.682293756864965 87.674258743878454 70.256985110696405 77.108039761893451
leaf_count=9803 382 6202 5772 1208 1492 90 1428 1706 1758 10336 1330 190 337 370 374
internal_value=0 9.10038e-05 0.000118563 0.000193787 3.88084e-05 -7.04149e-05 -7.57089e-05 5.59146e-06 4.33163e-05 -8.92195e-05 -5.04355e-05 -0.000150599 -0.000122473 1.52693e-05 -0.000173539
internal_weight=8550.65 3728.24 3257.08 1603.64 1653.43 4822.42 471.163 838.411 744.419 3984 1994.93 325.814 1989.07 145.35 93.9924
internal_count=42778 17044 14674 7410 7264 25734 2370 3928 3464 21806 11666 1618 10140 752 464
is_linear=0
shrinkage=0.0135118


Tree=111
num_leaves=16
num_cat=0
split_feature=22 27 27 19 22 35 5 28 28 35 11 33 31 26 26
split_gain=0.293505 0.0817939 0.099191 0.109899 0.0739051 0.0782918 0.0562298 0.0546137 0.095246 0.0435134 0.0403657 0.0377221 0.0189185 0.0311383 0.0244167
threshold=0.076932535462252635 0.11046679758430077 0.35774498451595543 0.14335495135257595 0.04482349849552076 2.6322484230359993 0.048111588565839795 0.070249999999999993 0.064450000000000049 3.2775217357168138 0.30249873737604083 0.039848356647321566 2.8000000000000003 0.24536066710013346 0.4991123695416399
decision_type=10 8 10 10 8 2 8 8 10 2 8 8 10 10 10
left_child=4 7 3 -3 12 10 -7 8 -2 -4 -6 -9 13 -1 -14
right_child=1 2 9 -5 5 6 -8 11 -10 -11 -12 -13 14 -15 -16
leaf_value=-0.0001183162132692504 2.327304483887508e-06 0.00016052128008525531 0.00018492513501727645 0.00051988560998853124 0 -0.00015400496254791324 4.779648245098246e-06 -0.00041584260613455773 0.0010609065679505604 -4.8224864755893586e-05 0.00046419704144306834 0 -0.00020544614187433148 -5.6669403386769067e-06 -1.0099228227461994e-05
leaf_weight=1046.5424231830984 441.64298015693203 866.2083543962799 209.67418897338212 257.15506674768403 57.128405114635825 464.64227347355336 2439.0958662095945 85.383568380028009 16.895383335649967 385.85265690647066 96.380016176961362 60.314665908925235 639.12096224259585 1184.4307732917368 300.18614642228931
leaf_count=4882 2004 3851 1036 1056 326 1928 12597 230 56 1814 644 344 2420 7594 1996
internal_value=0 0.00012949 0.000177049 0.000252889 -4.84605e-05 0 -1.67883e-05 0 6.65279e-05 1.51327e-05 0.000295936 -0.000233155 -9.41723e-05 -6.35392e-05 -0.000154961
internal_weight=8550.65 2323.13 1718.89 1123.36 6227.53 3057.25 2903.74 604.237 458.538 595.527 153.508 145.698 3170.28 2230.97 939.307
internal_count=42778 10391 7757 4907 32387 15495 14525 2634 2060 2850 970 574 16892 12476 4416
is_linear=0
shrinkage=0.0135118


Tree=112
num_leaves=16
num_cat=0
split_feature=22 27 13 5 5 9 26 28 28 27 33 31 9 28 27
split_gain=0.286245 0.0794317 0.128804 0.127311 0.0847352 0.0791432 0.0621325 0.0532111 0.0926354 0.0519371 0.0367681 0.0329526 0.044162 0.021322 0.0135496
threshold=0.076932535462252635 0.11046679758430077 1.6019671010674184 0.13967890960806262 0.15292732574926912 0.32507910925737588 0.19286348816998608 0.070249999999999993 0.064450000000000049 0.89402163807685853 0.039848356647321566 2.8350000000000013 0.22156870828401501 0.0050499999999999998 0.3027831376156162
decision_type=10 8 8 8 8 10 8 8 10 10 8 8 10 8 10
left_child=5 7 4 -4 -3 11 14 8 -2 -8 -9 12 -1 -13 -7
right_child=1 2 3 -5 -6 6 9 10 -10 -11 -12 13 -14 -15 -16
leaf_value=-0.00010526719622434571 2.2958840412169708e-06 -6.4094313513299712e-05 0.00062337387153912004 0.00017432078134048588 0.00017848734387092049 -0.00027894046838122344 0.00011457984502557915 -0.00041024719135608184 0.001046868294713153 -9.8201706642436261e-05 0 -0.00022597047968607551 0 -8.1653499772083851e-05 0
leaf_weight=1296.313905864954 441.64298015693203 438.45886952057481 204.02617328008637 550.97676938166842 525.42845484148711 114.69303910247982 1077.8352362662554 85.383568380028009 16.895383335649967 203.88846815750003 60.314665908925235 447.6948712260928 1908.3080648612231 1148.1550040217116 30.638276614248753
leaf_count=7358 2004 1388 832 3054 2483 462 4604 230 56 1160 344 3178 9149 6326 150
internal_value=0 0.000127883 0.000174747 0.000310731 5.65445e-05 -4.7853e-05 3.52845e-05 0 6.59699e-05 7.19799e-05 -0.00022987 -7.49008e-05 -4.43573e-05 -0.000129196 -0.000210867
internal_weight=8550.65 2323.13 1718.89 755.003 963.887 6227.53 1427.06 604.237 458.538 1281.72 145.698 4800.47 3204.62 1595.85 145.331
internal_count=42778 10391 7757 3886 3871 32387 6376 2634 2060 5764 574 26011 16507 9504 612
is_linear=0
shrinkage=0.0135118


Tree=113
num_leaves=16
num_cat=0
split_feature=22 26 35 17 16 22 17 28 17 11 17 32 20 35 24
split_gain=0.279437 0.0924938 0.088994 0.138857 0.0482528 0.0326294 0.0252473 0.0251602 0.0228137 0.0147944 0.0143325 0.011275 0.0150753 0.00755563 0.00436759
threshold=0.058781560691297273 0.26421125725682088 4.1106279020465193 1.2538220553736512 1.0925082744600838 0.034690716463980698 0.87347049775652408 -0.015200000000000031 0.84771766410159421 0.34441187547775282 1.3062423284839029 0.5441952506596307 0.027155009924705934 3.2775217357168138 3.5000000000000004
decision_type=10 8 2 10 8 8 10 10 10 10 10 8 10 2 2
left_child=5 7 3 -3 -4 11 8 13 -7 -8 -9 12 -1 -2 -13
right_child=1 2 4 -5 -6 6 9 10 -10 -11 -12 14 -14 -15 -16
leaf_value=-9.0613274641284169e-05 0.00013640013827124418 0.00025112817349530085 9.007106403417408e-05 -4.005912110799511e-05 -5.9009099923041843e-05 -7.0361218602623917e-06 -9.7685945625640547e-05 -0.00018992581851846147 0.0002012073536472879 0 0 0 7.2152188715567331e-06 0 -0.00015145298785631042
leaf_weight=559.89472607150674 75.092564760707319 1296.6654164120555 1134.7060154117644 306.97874912433326 518.72513818833977 1298.4580350646283 1108.4835817986168 273.13154337275773 100.93621888943017 386.20076410379261 52.682293756864965 18.323920733295381 216.59798539662734 70.256985110696405 1133.5197927244008
leaf_count=3440 382 6202 5164 1208 2100 7890 4966 1428 458 1750 190 1380 1250 370 4600
internal_value=0 8.77203e-05 0.000114758 0.00018841 3.65271e-05 -6.80385e-05 -3.36158e-05 -7.53818e-05 3.17998e-08 -7.26007e-05 -0.000149074 -0.000113879 -4.89195e-05 1.29156e-05 -0.000147923
internal_weight=8550.65 3728.24 3257.08 1603.64 1653.43 4822.42 2894.08 471.163 1399.39 1494.68 325.814 1928.34 776.493 145.35 1151.84
internal_count=42778 17044 14674 7410 7264 25734 15064 2370 8348 6716 1618 10670 4690 752 5980
is_linear=0
shrinkage=0.0135118


Tree=114
num_leaves=16
num_cat=0
split_feature=22 18 26 28 26 15 9 26 12 30 9 9 12 18 23
split_gain=0.273189 0.0781123 0.18682 0.107375 0.0846199 0.078984 0.0757362 0.0598681 0.0534399 0.0310297 0.0477568 0.0285122 0.0183015 0.015519 0.013248
threshold=0.076932535462252635 -0.069416660403219796 0.76412197727279019 0.11885 0.34874714083063546 1.3572118843924919 0.32507910925737588 0.19286348816998608 0.064875843515721399 17.205000000000002 0.22156870828401501 0.35991907765685044 0.11297457679419774 -0.010091751613291509 0.072894215579912394
decision_type=10 10 10 10 10 10 10 8 10 8 10 10 10 10 10
left_child=6 2 3 -2 11 -6 9 14 -9 10 -1 -3 -4 -11 -8
right_child=1 4 12 -5 5 -7 7 8 -10 13 -12 -13 -14 -15 -16
leaf_value=-0.00010422344230840891 0.00063732893173725012 -0.0001447288423315082 -0.00027263668904615817 0 0 0.00022203367841753594 -0.00025144862450752505 0.00018641397916479359 0 -5.8598821993254527e-05 4.4688307692087771e-06 2.6830315557700347e-05 0 -0.00016033459534808795 0
leaf_weight=1142.8691183608025 217.6143907494843 288.53968236269429 62.837354058865458 35.285941892303526 567.15984859596938 874.8295271252282 136.56301179714501 464.03077945113182 817.69292497262359 1022.0426014077384 1584.004410253372 256.70821266435087 20.151907356455922 1051.5557159520686 8.7683039195835573
leaf_count=6438 1070 1423 220 122 2414 3990 584 2260 3504 7622 7059 1044 108 4892 28
internal_value=0 0.00012487 0.000328033 0.000521717 8.48438e-05 0.000141124 -4.68114e-05 3.44009e-05 7.05486e-05 -7.32869e-05 -3.69873e-05 -4.34688e-05 -0.000127551 -0.000115609 -0.000206928
internal_weight=8550.65 2323.13 335.89 252.9 1987.24 1441.99 6227.53 1427.06 1281.72 4800.47 2726.87 545.248 82.9893 2073.6 145.331
internal_count=42778 10391 1520 1192 8871 6404 32387 6376 5764 26011 13497 2467 328 12514 612
is_linear=0
shrinkage=0.0135118


Tree=115
num_leaves=16
num_cat=0
split_feature=22 10 13 5 11 19 22 35 5 30 5 14 31 12 22
split_gain=0.266046 0.0769472 0.109465 0.160632 0.0716253 0.157109 0.0680623 0.0753843 0.067616 0.0574248 0.054651 0.0396817 0.0175938 0.0189498 0.0104269
threshold=0.076932535462252635 0.35125366772104544 1.6585654578204709 0.14052977375840858 0.52285077175511063 0.12955020457058714 0.04482349849552076 2.6322484230359993 0.21437817024394445 16.470000000000002 0.048111588565839795 3.3894742659517254 2.8000000000000003 0.038496391989977258 0.038382969553463687
decision_type=10 8 8 8 10 8 8 2 8 10 8 10 10 8 10
left_child=6 4 8 -4 9 -6 12 11 -3 -2 -9 -8 13 -1 -14
right_child=1 2 3 -5 5 -7 7 10 -10 -11 -12 -13 14 -15 -16
leaf_value=-0.00010715559496587973 0.00013400856347308603 -2.3666049247256182e-05 0.00073759393150135048 0.00015180737266600415 0 0.0023197366152004871 0.0004834011863127332 -0.00015148590715024577 0.00020408354016475524 -7.7431948117636143e-05 5.0769170092577384e-06 0 -0.0001762990737279963 -1.420485341184313e-05 0
leaf_weight=984.46541488729417 380.19987384881824 400.99048842303455 156.55592292547226 347.31045341864228 16.65437983721495 7.4931002631783477 86.307838900014758 464.64227347355336 405.53063943376765 608.39200665522367 2439.0958662095945 67.200582391582429 730.84409225452691 1246.5077815875411 208.46301641035825
leaf_count=6102 2295 1225 554 1795 84 40 570 1928 1718 2680 12597 400 3348 6374 1068
internal_value=0 0.000123236 0.000193059 0.000356418 2.1803e-05 0.000743841 -4.61858e-05 0 7.70115e-05 0 -1.61352e-05 0.000290747 -9.00504e-05 -6.02504e-05 -0.000148863
internal_weight=8550.65 2323.13 1310.39 503.866 1012.74 24.1475 6227.53 3057.25 806.521 988.592 2903.74 153.508 3170.28 2230.97 939.307
internal_count=42778 10391 5292 2349 5099 124 32387 15495 2943 4975 14525 970 16892 12476 4416
is_linear=0
shrinkage=0.0135118


Tree=116
num_leaves=16
num_cat=0
split_feature=20 9 18 35 23 28 21 31 9 18 23 12 23 10 18
split_gain=0.239354 0.139575 0.125488 0.101669 0.0984508 0.0964171 0.0955074 0.0558678 0.0552131 0.0498052 0.0410612 0.033754 0.030561 0.0216848 0.00907605
threshold=0.095455186586157856 0.36930881297346002 0.057010438423333649 4.9830927623260264 0.073436714676051881 0.072450000000000028 0.06628266047994695 2.145 0.22249381583031935 -0.1042397421472334 0.061737115662680926 0.064875843515721399 0.072894215579912394 0.59647875069215772 0.077575277392247025
decision_type=10 10 10 2 10 10 8 8 10 8 10 10 10 10 10
left_child=1 7 3 5 10 -2 -6 8 -1 -5 -3 14 -9 -13 -4
right_child=2 4 11 9 6 -7 -8 12 -10 -11 -12 13 -14 -15 -16
leaf_value=-9.4781348904129397e-05 0.0003646226606684853 7.2164990266761206e-05 0.00022411955253487191 0.00057787592651655688 0.00049357636327453233 0 0 -8.9351263535827322e-05 1.4841904645143454e-05 -0.00012641979306096438 -0.00013992338087418903 -0.00037815410332680632 -0.00031586094022009861 0 0
leaf_weight=1224.9433225765824 701.19766166619956 719.59949292521924 32.789224318694323 18.305214907974005 191.75948394276202 238.28936161100864 117.25879650842398 2314.2786530528683 2289.9977808920667 178.79372195107862 200.01746096741408 88.939607742242515 166.29493385832757 44.604120296426117 23.584893702529371
leaf_count=7114 3404 3360 180 46 716 986 492 11942 11392 832 774 254 960 176 150
internal_value=0 -3.07789e-05 0.000166661 0.000224121 9.70183e-05 0.000283746 0.000308092 -5.88396e-05 -2.01817e-05 -3.37343e-06 1.38274e-05 -0.000118145 -0.000109093 -0.000256512 1.17997e-05
internal_weight=8550.65 7224.15 1326.5 1136.59 1228.64 939.487 309.018 5995.51 3514.94 197.099 919.617 189.918 2480.57 133.544 56.3741
internal_count=42778 36750 6028 5268 5342 4390 1208 31408 18506 878 4134 760 12902 430 330
is_linear=0
shrinkage=0.0135118


Tree=117
num_leaves=16
num_cat=0
split_feature=22 5 19 19 5 16 10 16 19 23 22 26 31 18 26
split_gain=0.255259 0.0879086 0.0995016 0.10586 0.0880949 0.0616507 0.145026 0.0338702 0.0326003 0.0311111 0.0452145 0.0241469 0.0178478 0.0175611 0.0163469
threshold=0.058781560691297273 0.056766034736167738 0.14335495135257595 0.16931449498978282 0.13035517133044691 0.97816578064289506 0.35663145477357477 1.226225376248635 0.046851833049814433 0.029952536992369553 0.037038675060094749 0.44871293580971 2.8350000000000013 0.048811948168690507 0.54223203877538506
decision_type=10 8 10 10 8 8 10 10 8 8 10 10 10 10 10
left_child=8 5 4 -4 -3 6 -2 -7 11 10 -10 12 -1 -11 -13
right_child=1 2 3 -5 -6 7 -8 -9 9 13 -12 14 -14 -15 -16
leaf_value=-7.8610387806963918e-05 -0.00014704678695070318 0.00023113550530399254 0.00052005658068998966 3.8714605241062986e-05 3.1157634999802306e-05 -0.00028472944962171985 0.00047484541244316772 0 0 -1.0028771908220647e-07 0.00034114954482755179 5.9493492655886688e-05 -0.00018872799171934843 -0.00015016768422478448 -6.5189834045232891e-05
leaf_weight=2019.3012824682519 156.45978537946939 558.82368601905182 227.37584729399532 220.53508807113394 2153.2154356008396 225.81465405179188 106.64451766759157 79.369692053645849 46.505687512457371 1092.8695619639475 108.0335193509236 279.01982619939372 603.75754413288087 200.93117601703852 471.99642713740468
leaf_count=9724 640 2149 962 992 11071 612 322 296 188 6398 648 1776 2226 796 3978
internal_value=0 8.38233e-05 0.00011294 0.000308261 7.6517e-05 -5.83576e-05 6.2825e-05 -0.000199431 -6.50447e-05 -3.00211e-06 0.000167774 -8.83552e-05 -0.000108247 -3.20937e-05 -3.95779e-06
internal_weight=8550.65 3728.24 3159.95 447.911 2712.04 568.289 263.104 305.184 4822.42 1448.34 154.539 3374.08 2623.06 1293.8 751.016
internal_count=42778 17044 15174 1954 13220 1870 962 908 25734 8030 836 17704 11950 7194 5754
is_linear=0
shrinkage=0.0135118


Tree=118
num_leaves=16
num_cat=0
split_feature=22 26 33 22 26 9 0 7 10 24 32 33 17 3 17
split_gain=0.249046 0.087179 0.0849996 0.115353 0.0496752 0.0369467 0.0207722 0.0263926 0.0163887 0.0227624 0.0114352 0.0105508 0.0224646 0.00980574 0.000124228
threshold=0.058781560691297273 0.26421125725682088 0.039394277505336313 0.10759676684634788 0.27594752379556503 0.32507910925737588 0.52585000000000015 0.49210110298927712 0.22388231801687025 11.500000000000002 0.56134564643799478 0.061511844567281322 1.2344800346294755 56.500000000000007 0.87575315964886358
decision_type=10 8 8 10 8 10 2 10 8 2 10 10 10 2 10
left_child=5 11 4 -4 -3 8 10 -8 13 -10 -7 12 -2 -1 -13
right_child=1 2 3 -5 -6 6 7 -9 9 -11 -12 14 -14 -15 -16
leaf_value=-0.00012024940685205651 -0.00019174396549298019 0.00052454341084483443 0.00010570175472250591 0.0004085515035887376 1.9208064720262549e-05 0 0.00018150303587488909 0 -8.0802387044014653e-05 3.9806629717950489e-07 -0.00010582941409387211 1.6942541506431388e-05 0 0 0
leaf_weight=1901.4000664362684 236.59467789717019 39.002735827118158 1144.0954022277147 360.21460728812963 1713.7625737935305 211.02263342496008 239.81544103659689 136.82636338844895 1236.0770348983351 758.852210521698 250.74701633211225 78.654896391555667 72.442236355040222 87.674258743878454 83.471576357260346
leaf_count=9803 1176 86 5946 2180 6462 1018 1060 760 10580 1086 1090 512 190 337 492
internal_value=0 8.27855e-05 0.000109119 0.000185742 3.69446e-05 -6.42594e-05 5.54849e-06 9.0586e-05 -8.17597e-05 -4.43078e-05 -3.95977e-05 -7.5448e-05 -0.000122071 -0.000113678 0
internal_weight=8550.65 3728.24 3257.08 1504.31 1752.77 4822.42 838.411 376.642 3984 1994.93 461.77 471.163 309.037 1989.07 162.126
internal_count=42778 17044 14674 8126 6548 25734 3928 1820 21806 11666 2108 2370 1366 10140 1004
is_linear=0
shrinkage=0.0135118


Tree=119
num_leaves=14
num_cat=0
split_feature=22 5 9 35 28 12 10 22 17 17 9 26 28
split_gain=0.242839 0.0992578 0.162125 0.154474 0.0886359 0.0553243 0.0504538 0.036416 0.0254694 0.025843 0.0133064 0.00532465 0.00623803
threshold=0.062951870329875023 0.056766034736167738 0.56611536436218102 3.5262134441620936 0.092350000000000029 0.087100205076810891 0.35663145477357477 0.034690716463980698 0.87347049775652408 0.84771766410159421 0.41691665736996947 0.060593204989820675 0.0068000000000000152
decision_type=10 8 8 2 8 10 10 8 8 10 8 8 10
left_child=7 4 5 -4 6 -3 -2 11 9 -9 -10 -1 -13
right_child=1 2 3 -5 -6 -7 -8 8 10 -11 -12 12 -14
leaf_value=0 -0.0001613220098850479 0.00012217080973748258 0.00075947513915066377 0 -0.00048643914688924493 -5.1383360455109199e-06 0.00013302099613515041 0 -7.5334584618775652e-05 0.00020555316001904145 0 -0.0001474577975603346 -6.0863965190122369e-05
leaf_weight=37.458838832564652 187.34454302536324 1935.57351217838 140.60237129824236 108.82168616214767 78.955074314493686 679.6221078177914 244.14958703378215 1288.7632910828106 1601.1215294166468 115.33988761156797 242.0237160527613 949.07779733790085 941.79978875536472
leaf_count=258 710 9397 744 702 234 2758 690 6683 7176 522 2492 5182 5230
internal_value=0 8.90722e-05 0.000121533 0.000461085 -7.11351e-05 8.4809e-05 0 -5.82377e-05 -2.5908e-05 1.10109e-05 -6.01035e-05 -0.000106859 -0.000110268
internal_weight=8550.65 3375.07 2864.62 249.424 510.449 2615.2 431.494 5175.58 3247.25 1404.1 1843.15 1928.34 1890.88
internal_count=42778 15235 13601 1446 1634 12155 1400 27543 16873 7205 9668 10670 10412
is_linear=0
shrinkage=0.0135118


Tree=120
num_leaves=16
num_cat=0
split_feature=20 7 26 26 34 23 17 33 15 17 7 33 7 19 23
split_gain=0.219898 0.0961537 0.0900047 0.094222 0.170351 0.0641796 0.0974305 0.0479781 0.0461082 0.0210647 0.0479408 0.0182318 0.0118046 0.0177542 0.00565349
threshold=0.095455186586157856 0.20963524204580364 0.3594697246305753 0.48108905999448798 -0.015293243436840407 0.079448338681756672 0.9264517404383088 -0.046639380364960785 1.7053424302990792 0.94551259793826159 0.39001433438474159 0.070004284152126575 0.16660001213977879 0.038422489497319058 0.0078559764065816457
decision_type=10 10 8 10 8 10 10 8 10 10 10 10 8 8 10
left_child=1 12 9 4 -4 7 -7 -3 -5 11 -11 -2 14 -14 -1
right_child=2 5 3 8 -6 6 -8 -9 -10 10 -12 -13 13 -15 -16
leaf_value=0 -0.00022973654525672857 -0.0001201451433473931 4.9956913530785321e-05 0 0.00073718297944544951 0 0.00035003937535248625 3.0912290525203727e-06 0.00024472304589444679 0.00033590715665710838 -0.00019285813882322317 0 -0.00011430328911556132 -4.1089250959799695e-06 -0.00016992613177955901
leaf_weight=25.963736423756927 125.66311356518418 651.34961555525661 174.34756943583488 426.05506431823596 165.13527673203498 264.06258898135275 234.96011281991377 3816.7433401490562 275.96697534434497 73.319519832264632 28.365891326218843 57.650395642034709 785.55236943298951 754.45221274695359 691.06594861438498
leaf_count=290 610 3284 852 2026 626 1228 884 16156 1152 342 80 340 4346 5978 4584
internal_value=0 -2.94699e-05 0.000159775 0.000219503 0.000417619 1.56366e-06 0.000148719 -1.23761e-05 0.000107593 -1.92552e-05 7.8509e-05 -0.0001345 -0.000102716 -6.76018e-05 -0.000162453
internal_weight=8550.65 7224.15 1326.5 1041.5 339.483 4967.12 499.023 4468.09 702.022 284.999 101.685 183.314 2257.03 1540 717.03
internal_count=42778 36750 6028 4656 1478 21552 2112 19440 3178 1372 422 950 15198 10324 4874
is_linear=0
shrinkage=0.0135118


Tree=121
num_leaves=16
num_cat=0
split_feature=21 11 26 13 10 19 10 11 16 5 19 24 26 33 35
split_gain=0.214921 0.102693 0.110388 0.141767 0.0602799 0.0500317 0.0452593 0.13483 0.0446618 0.0363604 0.0389227 0.0384757 0.0206968 0.0386804 0.014763
threshold=0.052210872839726981 0.3349579951120697 0.39354666242787056 1.6585654578204709 0.52319532567162808 0.038752204365518982 0.36343184151293823 0.31624908351154496 0.95034796618641637 0.048111588565839795 0.052810496240492492 11.500000000000002 0.25796333265450494 0.020209265245756062 5.7622243088481477
decision_type=10 8 8 10 10 8 10 10 10 8 10 2 10 10 2
left_child=5 6 4 -4 -3 12 8 -8 -2 10 -7 -11 14 -14 -1
right_child=1 2 3 -5 -6 9 7 -9 -10 11 -12 -13 13 -15 -16
leaf_value=-0.00014597615214269306 3.3535089554579549e-05 -0.00011392782144589977 0.00013289072651599172 0.00052024827438164952 0.00026615592926431124 0 0.00079981014561553458 -3.8356470561623328e-06 -0.00014583115611378408 -1.8207426257791688e-05 -0.00022750746738312773 8.8479936531079769e-05 -0.00012901868111568014 7.8211816305861089e-07 0
leaf_weight=1154.6073305658065 649.37605777475983 286.87980508431792 738.89749668678269 292.37046354822814 102.37028248980641 254.79689670074731 50.372918889857829 57.727614052593708 368.74681866541505 1888.4443487233948 260.0481424536556 860.34837198257446 583.73214874509722 927.90664655342698 74.028388003353029
leaf_count=5088 3458 1050 2936 1300 328 1350 156 210 1410 14050 1094 1212 3634 5272 230
internal_value=0 0.000103906 0.000180414 0.000253705 0 -4.42153e-05 0 0.000268802 -2.04621e-05 -4.75889e-06 -0.000111215 1.11188e-05 -8.71148e-05 -4.19542e-05 -0.000133538
internal_weight=8550.65 2546.74 1420.52 1031.27 389.25 6003.91 1126.22 108.101 1018.12 3263.64 514.845 2748.79 2740.27 1511.64 1228.64
internal_count=42778 10848 5614 4236 1378 31930 5234 366 4868 17706 2444 15262 14224 8906 5318
is_linear=0
shrinkage=0.0135118


Tree=122
num_leaves=16
num_cat=0
split_feature=22 10 13 4 22 9 9 32 18 26 32 9 18 35 18
split_gain=0.226985 0.0901091 0.0835393 0.0749655 0.0607481 0.0584676 0.0579977 0.0451549 0.0682036 0.0447476 0.0382134 0.029645 0.0166464 0.0147367 0.00107068
threshold=0.073148568003815306 0.35125366772104544 1.6585654578204709 0.031959259293357876 0.11532012310100835 0.22249381583031935 0.34840829484039865 0.62730870712401077 0.048811948168690507 0.76966778607431996 0.52374670184696581 0.32507910925737588 0.043828288136566702 2.8698855234942129 0.059796742527524323
decision_type=10 8 8 8 10 10 10 10 10 10 10 10 10 2 10
left_child=5 4 9 -4 10 12 -6 8 -7 -3 -2 -9 13 -1 -14
right_child=1 2 3 -5 6 7 -8 11 -10 -11 -12 -13 14 -15 -16
leaf_value=0 5.8042573874840292e-05 0.00013568219214605653 0.0006010492550167629 0.00017134780024516446 0 6.6661428638019573e-05 0.000406068132571504 -0.0001027864506594803 -0.00012489427734993771 -7.3097547037447182e-05 -0.00011143222703666589 0 5.036859480767458e-05 -0.00012645824234787864 0
leaf_weight=93.174502959940583 340.5971533046104 701.95986963110045 159.16561289690435 374.7689155433327 118.08721255557612 1744.0320746330544 124.97284106072038 1217.7779496069998 394.29177279723808 178.95765074156225 554.57527963491157 679.61168758198619 76.692171605769545 1760.2308650852647 31.758171280846
leaf_count=744 2015 2557 587 1974 768 7835 664 5586 1628 654 2310 3160 352 11744 200
internal_value=0 0.000106608 0.000179154 0.000320716 6.56934e-06 -4.5505e-05 0.000203467 -1.28762e-05 2.60891e-05 8.055e-05 -3.44486e-05 -6.26865e-05 -0.000106904 -0.000117203 0
internal_weight=8550.65 2553.08 1414.85 533.935 1138.23 5997.57 243.06 4035.71 2138.32 880.918 895.172 1897.39 1961.86 1853.41 108.45
internal_count=42778 11529 5772 2561 5757 31249 1432 18209 9463 3211 4325 8746 13040 12488 552
is_linear=0
shrinkage=0.0135118


Tree=123
num_leaves=16
num_cat=0
split_feature=22 22 16 27 28 10 16 9 32 15 22 18 32 24 34
split_gain=0.221892 0.0759813 0.216034 0.191499 0.100509 0.0526794 0.134307 0.0342478 0.0318947 0.0216886 0.0415448 0.0159301 0.0192393 0.0168366 0.0110882
threshold=0.058781560691297273 0.12121037938859837 0.74262809133239416 0.15149066280444709 0.031499999999999993 0.36343184151293823 1.0223914697338554 0.32507910925737588 0.57783641160949883 1.8235583855245452 0.046418798641262964 -0.014276051450814396 0.62730870712401077 11.500000000000002 -0.0093832772571880146
decision_type=10 10 10 10 10 10 8 10 8 10 8 10 10 2 10
left_child=7 5 3 -3 -4 8 -7 11 -2 14 -11 13 -13 -1 -9
right_child=1 2 4 -5 -6 6 -8 9 -10 10 -12 12 -14 -15 -16
leaf_value=-6.3509777294407189e-05 5.5782233360325139e-05 0 0.0003279354871321969 0.0015811199202551173 -8.1843282438239435e-06 0.00030253088863065703 0 1.4382595867994609e-05 -5.6601783650965539e-05 0 0.00038600935838997675 -5.9809201667310777e-05 -0.00015665487968437772 2.6848296442767866e-05 -8.1779961649054283e-05
leaf_weight=938.21609376766719 918.43176090437919 40.395568023901433 227.76801272947341 39.133090983144939 364.06583414645866 440.02201503701508 773.60341823333874 365.52177762985229 924.81900607980788 88.259469746612012 76.58685206156224 1676.1913967784494 949.72697483422235 419.869105219841 308.04335474409163
leaf_count=8420 4810 342 1072 334 1356 1692 3018 1916 4420 488 316 8320 4464 602 1208
internal_value=0 7.82359e-05 0.000213179 0.000893391 0.000102382 4.49151e-05 0.00011403 -6.05617e-05 0 6.38935e-06 0.000153253 -7.74609e-05 -9.91161e-05 -2.73316e-05 -1.29999e-05
internal_weight=8550.65 3728.24 671.363 79.5287 591.834 3056.88 1213.63 4822.42 1843.25 838.411 164.846 3984 2625.92 1358.09 673.565
internal_count=42778 17044 3104 676 2428 13940 4710 25734 9230 3928 804 21806 12784 9022 3124
is_linear=0
shrinkage=0.0135118


Tree=124
num_leaves=16
num_cat=0
split_feature=22 5 19 19 5 18 22 19 17 0 18 18 18 17 30
split_gain=0.216274 0.0818819 0.0897909 0.10409 0.0850345 0.0581266 0.0490653 0.0294284 0.0221808 0.0198764 0.0206309 0.0168714 0.0135323 0.012741 0.00626135
threshold=0.058781560691297273 0.056766034736167738 0.14335495135257595 0.16931449498978282 0.13035517133044691 -0.034041055497807275 0.082154421231721841 0.046851833049814433 1.2153089736939104 0.53542500000000015 -0.015452270879902306 0.04997960962203863 -0.042692313906745376 1.9483075937692187 29.835000000000004
decision_type=10 8 10 10 8 8 10 8 8 2 10 10 8 10 10
left_child=7 5 4 -4 -3 6 -2 12 -7 11 -11 -9 14 -14 -1
right_child=1 2 3 -5 -6 8 -8 9 -10 10 -12 -13 13 -15 -16
leaf_value=3.9448350960354405e-05 -3.9885453577568986e-05 0.00022215542198487028 0.00049980668316320905 2.506552503531046e-05 2.6104351504943461e-05 -5.0775668481425279e-05 0.00032365124219787828 -2.4269775663213274e-06 -0.00036040239060928088 0 0.00016224353635672825 -0.00017094427684052112 -9.5466688218333746e-05 0 -8.9186742139450476e-05
leaf_weight=229.00885327113792 79.802518438082188 558.82368601905182 227.37584729399532 220.53508807113394 2153.2154356008396 278.19727814896032 102.71821087319404 922.34463901724666 107.57064169226214 146.15836953534745 223.76530151208863 156.07163477968425 3004.917227727361 41.66593521181494 98.483063727617264
leaf_count=1290 208 2149 962 992 11071 1072 260 5525 330 892 1015 598 15512 206 696
internal_value=0 7.72735e-05 0.000105494 0.000291247 7.06535e-05 -5.99243e-05 0.000103705 -5.97556e-05 -0.000166368 -6.05029e-07 7.58976e-05 -3.72439e-05 -8.18252e-05 -9.06964e-05 0
internal_weight=8550.65 3728.24 3159.95 447.911 2712.04 568.289 182.521 4822.42 385.768 1448.34 369.924 1078.42 3374.08 3046.58 327.492
internal_count=42778 17044 15174 1954 13220 1870 468 25734 1402 8030 1907 6123 17704 15718 1986
is_linear=0
shrinkage=0.0135118


Tree=125
num_leaves=16
num_cat=0
split_feature=22 17 8 12 21 38 23 4 7 34 28 7 26 34 12
split_gain=0.210819 0.0973237 0.116498 0.125862 0.0559136 0.0404679 0.0770312 0.0654035 0.0374859 0.0460521 0.0291535 0.0416413 0.0238318 0.0133379 0.00464301
threshold=0.073148568003815306 0.85817896196256849 0.28840393175894324 0.086215343433057853 0.06628266047994695 2.5000000000000004 0.10857894259644942 1.0000000180025095e-35 0.19833705102195237 0.032787478526565723 0.014799999999999954 0.22343836884169418 0.66911681415254909 -0.061540469436687888 0.076734779883435425
decision_type=10 8 8 10 10 2 10 8 10 10 8 8 8 8 10
left_child=4 5 12 -4 8 6 -2 -7 13 -10 14 -12 -3 -1 -6
right_child=1 2 3 -5 10 7 -8 -9 9 -11 11 -13 -14 -15 -16
leaf_value=0 -0.00025845439292560728 2.3576117771558404e-05 0.00037788301247948704 4.4367002741992848e-05 -7.7733218280536071e-05 -9.5364702135574431e-05 0.00015055104011702026 0.00015435036433754205 -5.9906641901806476e-06 -0.00014233042457645142 0 0.00035962037139618377 -0.00024268925104075178 -0.00012333189211068059 9.6397309007809296e-05
leaf_weight=185.73109645303339 246.63056816719472 318.53763355547562 616.95052155898884 437.2537142271176 96.494585076346993 243.45225573563948 90.543563986197114 529.20969032263383 3419.1848281770945 564.13009613193572 45.360425668768585 135.5948975039646 70.506587815470994 1523.1863845207263 27.886882019229233
leaf_count=1754 768 1662 2670 1542 392 1061 282 3060 14905 2820 232 606 484 10400 140
internal_value=0 0.000102819 0.000176089 0.00025023 -4.37774e-05 0 -0.000115403 6.11761e-05 -5.47208e-05 -2.81215e-05 0.00012343 0.00023461 0 -0.000110151 0
internal_weight=8550.65 2553.08 1443.25 1054.2 5997.57 1109.84 337.174 772.662 5692.23 3983.31 305.337 180.955 389.044 1708.92 124.381
internal_count=42778 11529 6358 4212 31249 5171 1050 4121 29879 17725 1370 838 2146 12154 532
is_linear=0
shrinkage=0.0135118


Tree=126
num_leaves=15
num_cat=0
split_feature=21 11 26 15 9 26 16 33 7 11 18 18 18 19
split_gain=0.192331 0.095744 0.106975 0.116134 0.0464146 0.0388259 0.0483198 0.0384165 0.0338155 0.0334789 0.0224961 0.0108357 0.0105577 0.00646165
threshold=0.052210872839726981 0.3349579951120697 0.39354666242787056 1.5165980035736448 0.19150911060132156 0.17859441278527097 0.97253289589936343 0.030980416704653572 0.25020298804356883 0.55653614573676635 -0.023200408553577186 0.039978270353539964 -0.030277657179228808 0.051153462350121325
decision_type=10 8 8 10 8 10 10 8 10 10 10 10 10 10
left_child=4 5 9 -4 11 12 -7 10 -9 -3 -6 13 -2 -1
right_child=1 2 3 -5 7 6 -8 8 -10 -11 -12 -13 -14 -15
leaf_value=-0.00016119000207124212 0 -6.3975900382980884e-05 0.00013028180234099895 0.00048293553523583551 0 0.00010919363737781095 -7.8204147913702512e-05 -3.1999245231470591e-05 5.9922125996404011e-05 0.00032350361046707592 -9.3775037176911224e-05 0 -0.00027521624856301279 0
leaf_weight=738.99395916331559 21.48484706133604 344.6977632176131 729.45812565693632 301.80983457807451 694.07174749299884 655.17851200234145 345.53774482663721 1568.8814324301202 1297.5088933911175 44.552324356511235 1582.061159200035 54.894008759409189 104.02230549231172 67.501073291059583
leaf_count=4354 98 1190 2954 1282 3294 3376 1250 10881 5988 188 6129 352 510 932
internal_value=0 9.83708e-05 0.000172189 0.000244475 -4.17505e-05 0 3.32964e-05 -2.3697e-05 5.70635e-06 0 -6.56393e-05 -0.000136482 -0.000217946 -0.000149487
internal_weight=8550.65 2546.74 1420.52 1031.27 6003.91 1126.22 1000.72 5142.52 2866.39 389.25 2276.13 861.389 125.507 806.495
internal_count=42778 10848 5614 4236 31930 5234 4626 26292 16869 1378 9423 5638 608 5286
is_linear=0
shrinkage=0.0135118


Tree=127
num_leaves=16
num_cat=0
split_feature=22 26 5 28 22 22 28 17 17 17 5 18 27 28 34
split_gain=0.201623 0.0803121 0.0703178 0.116441 0.0933484 0.025667 0.0242356 0.0232484 0.0277114 0.0259355 0.0168694 0.0150742 0.00852929 0.00381615 0.000193409
threshold=0.058781560691297273 0.26421125725682088 0.056766034736167738 0.012300000000000063 0.10631632981660503 0.030828153041572735 -0.015200000000000031 0.87347049775652408 0.84771766410159421 1.0741884219064055 0.089211058616363775 -0.034493818242711465 0.037345671509144369 -0.082949999999999954 0.025921503350239686
decision_type=10 8 8 8 10 8 10 10 10 10 10 8 10 10 8
left_child=5 6 3 -3 -4 11 13 8 -7 -9 -8 14 -13 -2 -1
right_child=1 2 4 -5 -6 7 10 9 -10 -11 -12 12 -14 -15 -16
leaf_value=1.6820498748222563e-05 0 0.00023785927525681706 6.9547195157371969e-05 -0.00019125934537077909 0.00025685597154386327 -9.7388077502841594e-06 -0.00018801762357316415 -0.00012651771535346836 0.00020161010826102077 -5.2059399723970062e-06 0 0 -0.00013219030085397646 7.7678324592981343e-05 -4.4234596021309562e-06
leaf_weight=120.12901507038623 29.276600576937199 163.24225945072249 1957.7673013545573 339.93438062630594 796.13137770490721 1455.757281011669 291.61278132349253 756.48958475515246 120.71470892056823 931.18708128947765 34.201055806130171 123.09754220535979 1252.9648861633614 116.07294929446653 62.074925366323441
leaf_count=642 214 526 9506 990 3652 8820 1506 3540 520 4152 112 694 6916 538 450
internal_value=0 7.45891e-05 0.000100015 -2.9735e-05 0.000127789 -5.77172e-05 -7.73704e-05 -3.11145e-05 0 -6.6232e-05 -0.000149002 -0.000106239 -0.000121574 6.3174e-06 0
internal_weight=8550.65 3728.24 3257.08 503.177 2753.9 4822.42 471.163 3264.15 1576.47 1687.68 325.814 1558.27 1376.06 145.35 182.204
internal_count=42778 17044 14674 1516 13158 25734 2370 17032 9340 7692 1618 8702 7610 752 1092
is_linear=0
shrinkage=0.0135118


Tree=128
num_leaves=16
num_cat=0
split_feature=22 17 8 11 35 9 34 5 33 27 35 35 17 9 31
split_gain=0.196546 0.0949206 0.111955 0.127582 0.069143 0.0526822 0.0555459 0.0413325 0.0400772 0.0321262 0.0180026 0.0155009 0.0148738 0.0140102 0.00226059
threshold=0.073148568003815306 0.85817896196256849 0.28840393175894324 0.62365849863508516 3.2033559925796364 0.22249381583031935 0.031180650678901859 0.18838613276034274 0.070850511607882263 0.0095021052159104339 4.5267220264978638 2.8698855234942129 1.2037514700274419 0.41691665736996947 0.27499999999999863
decision_type=10 8 8 10 2 10 10 8 10 10 2 2 10 10 10
left_child=5 4 10 -4 7 11 9 -2 -6 -7 -3 14 -13 -8 -1
right_child=1 2 3 -5 8 6 13 -9 -10 -11 -12 12 -14 -15 -16
leaf_value=9.8668702822597414e-05 0 -9.8470988427455401e-05 0.00030868697594270753 -5.6937693775005199e-05 -0.00012758058237851533 0.00019693038833406892 -0.00016038039776483898 0.0002866196241670942 6.2386229675896813e-05 0 8.1139370945266674e-05 -0.00012561854420522616 0 0 0
leaf_weight=42.035907343495637 100.01030211569741 231.16545894509181 899.02461719373241 155.17961859237403 579.01821290934458 154.49269687384367 507.62155528180301 208.9037108886987 221.90385229792446 3296.1477254093625 157.8787624258548 1609.0867049761582 253.15846548508853 77.451507054269314 57.574633127078414
leaf_count=476 360 1300 3630 582 2411 593 2452 1140 1260 14728 846 10802 1470 436 292
internal_value=0 9.92296e-05 0.000171525 0.000244247 0 -4.23172e-05 -1.12121e-05 0.000176595 -6.09691e-05 6.37019e-06 0 -0.000100583 -0.000110351 -0.000133977 0
internal_weight=8550.65 2553.08 1443.25 1054.2 1109.84 5997.57 4035.71 308.914 800.922 3450.64 389.044 1961.86 1862.25 585.073 99.6105
internal_count=42778 11529 6358 4212 5171 31249 18209 1500 3671 15321 2146 13040 12272 2888 768
is_linear=0
shrinkage=0.0135118


Tree=129
num_leaves=16
num_cat=0
split_feature=22 26 35 5 34 9 31 31 28 15 22 5 26 0 35
split_gain=0.191997 0.0780818 0.0785447 0.0831681 0.0562857 0.0314459 0.032244 0.030995 0.0236669 0.0208551 0.0400342 0.0166243 0.0162583 0.0116707 0.006118
threshold=0.058781560691297273 0.26421125725682088 4.1106279020465193 0.052533279728771913 0.024975376640012262 0.32507910925737588 2.8350000000000013 -1.0249999999999992 -0.015200000000000031 1.8235583855245452 0.046418798641262964 0.089211058616363775 0.45464470353751502 0.52585000000000015 3.2775217357168138
decision_type=10 8 2 8 8 10 10 8 10 10 8 10 10 2 2
left_child=5 8 3 -3 -4 6 7 -1 14 13 -11 -10 -8 -7 -2
right_child=1 2 4 -5 -6 9 12 -9 11 10 -12 -13 -14 -15 -16
leaf_value=-0.00012199446486777516 0.00012183592811456892 -2.6923892569021595e-05 6.7998533678126209e-05 0.00020898965694658296 -0.00012707255862180134 -6.4059271754759799e-05 -0.00018952440131090912 -1.1223007869106756e-05 -0.00018644268915166481 0 0.00037951637040252732 0 -4.0817218753003381e-05 4.149397337957382e-05 0
leaf_weight=712.71989359566942 75.092564760707319 240.28354320116341 1340.8318549618125 1363.3606223352253 312.59929863829166 441.22076986078173 664.58906373847276 2151.5749940567184 291.61278132349253 88.259469746612012 76.58685206156224 34.201055806130171 455.11961920931935 232.3443625131622 70.256985110696405
leaf_count=3100 382 820 5772 6590 1492 2036 2404 13672 1506 488 316 112 2630 1088 370
internal_value=0 7.27482e-05 9.78552e-05 0.000166662 2.43278e-05 -5.63611e-05 -7.26216e-05 -4.27069e-05 -7.70073e-05 7.55393e-06 0.000151132 -0.000147685 -0.00013911 -1.10305e-05 4.54439e-06
internal_weight=8550.65 3728.24 3257.08 1603.64 1653.43 4822.42 3984 2864.29 471.163 838.411 164.846 325.814 1119.71 673.565 145.35
internal_count=42778 17044 14674 7410 7264 25734 21806 16772 2370 3928 804 1618 5034 3124 752
is_linear=0
shrinkage=0.0135118


Tree=130
num_leaves=16
num_cat=0
split_feature=20 9 23 21 26 26 34 28 31 26 23 23 10 9 23
split_gain=0.178984 0.112726 0.0868996 0.0928069 0.0822698 0.091658 0.163151 0.0659145 0.0515869 0.0459629 0.0407635 0.0368649 0.024483 0.0510277 0.0215234
threshold=0.095455186586157856 0.36930881297346002 0.073436714676051881 0.06628266047994695 0.3594697246305753 0.48108905999448798 -0.015293243436840407 -0.010150000000000018 2.145 0.23798367412411697 0.061737115662680926 0.072894215579912394 0.3076157848908237 0.33861521453194787 0.066284873190048318
decision_type=10 10 10 8 8 10 8 10 8 10 10 10 8 10 10
left_child=1 8 10 -4 12 6 -6 -7 9 -1 -3 -10 13 -2 -14
right_child=4 2 3 -5 5 7 -8 -9 11 -11 -12 -13 14 -15 -16
leaf_value=-8.5268525546675281e-05 -2.3538833344266549e-05 6.7664327416537345e-05 0.00046888669272929657 0 3.5612079870564749e-05 0.00045148050487546986 0.00070713629895525901 2.3096391072023411e-05 -7.9438869803985165e-05 1.5914758551182286e-05 -0.00014517584829881153 -0.00031903038597529685 0 0.00047510519046939582 -0.00022969366689577366
leaf_weight=1178.8836212563328 68.480817014817148 719.59949292521924 191.75948394276202 117.25879650842398 174.34756943583488 86.092223291285336 165.13527673203498 615.9298163712956 2314.2786530528683 2336.0574822123162 200.01746096741408 166.29493385832757 21.041044101119041 43.198626927100122 152.27843232266605
leaf_count=5302 390 3360 716 492 852 406 626 2772 11942 13204 774 960 46 220 716
internal_value=0 -2.66206e-05 8.79474e-05 0.000285934 0.000144114 0.000201662 0.000395612 9.17764e-05 -5.197e-05 -1.48411e-05 9.16124e-06 -0.000100058 -2.69406e-05 7.02922e-05 -0.000154084
internal_weight=8550.65 7224.15 1228.64 309.018 1326.5 1041.5 339.483 702.022 5995.51 3514.94 919.617 2480.57 284.999 111.679 173.319
internal_count=42778 36750 5342 1208 6028 4656 1478 3178 31408 18506 4134 12902 1372 610 762
is_linear=0
shrinkage=0.0135118


Tree=131
num_leaves=16
num_cat=0
split_feature=22 5 28 19 20 5 18 19 26 2 22 26 30 13 5
split_gain=0.184006 0.0776737 0.0870769 0.0783582 0.103666 0.0873401 0.0669433 0.0289612 0.0213607 0.0160682 0.018838 0.0143748 0.00968253 0.00907982 0.000107586
threshold=0.059631108700963241 0.056766034736167738 0.092350000000000029 0.14335495135257595 0.16009561532363564 0.13035517133044691 -0.034041055497807275 0.046851833049814433 0.44871293580971 0.12946388696216213 0.054694766379443469 0.54223203877538506 16.755000000000006 1.5115333659655101 -0.070141755500425923
decision_type=10 8 8 10 10 8 8 8 10 2 8 10 10 8 10
left_child=7 2 6 5 -5 -3 -2 8 12 13 -11 -10 -1 -9 -4
right_child=1 3 14 4 -6 -7 -8 9 11 10 -12 -13 -14 -15 -16
leaf_value=-5.864734267861193e-05 0.00023617811188158508 0.00022614103889274191 0 0.00049247116362643626 2.1777302536563921e-05 2.2185061528144574e-05 -0.00010367754631641447 -6.8089361717445511e-05 6.2894951661785696e-05 0.00011976554229819501 -1.2125146155513756e-05 -5.6214417034841645e-05 -0.00013638771824042676 0 -0.00052107664736346826
leaf_weight=1564.8303603460081 156.32662975415587 521.79841113789007 13.255042262375353 216.81230991892517 231.0986254462041 2102.6840670518577 323.57778292708099 639.21873918548226 281.85212567029521 351.10941426036879 162.79083487740718 476.86484504118562 1068.4968481487595 373.84799973946065 66.089695152360946
leaf_count=7628 360 2053 50 928 1026 10749 1210 2922 1780 1618 1056 4004 4356 2850 188
internal_value=0 7.28643e-05 -6.16132e-05 0.000100991 0.000274808 6.70268e-05 0 -5.3936e-05 -7.60074e-05 0 5.62318e-05 0 -9.44572e-05 -3.59188e-05 -0.000475519
internal_weight=8550.65 3631.64 559.249 3072.39 447.911 2624.48 479.904 4919.01 3392.04 1526.97 513.9 758.717 2633.33 1013.07 79.3447
internal_count=42778 16564 1808 14756 1954 12802 1570 26214 17768 8446 2674 5784 11984 5772 238
is_linear=0
shrinkage=0.0135118


Tree=132
num_leaves=16
num_cat=0
split_feature=20 18 35 28 7 34 23 18 12 34 11 35 18 23 34
split_gain=0.17168 0.114662 0.0914404 0.0914384 0.0801535 0.0607217 0.0583775 0.0486457 0.0351156 0.0190567 0.0190154 0.0105335 0.00718698 0.00500821 0.00321852
threshold=0.095455186586157856 0.057010438423333649 4.9830927623260264 0.072450000000000028 0.19833705102195237 0.031180650678901859 0.079448338681756672 -0.1042397421472334 0.067819074851049391 0.065865556907582681 0.48182412496194826 2.785319788992962 0.077575277392247025 0.10857894259644942 -0.056789532466467223
decision_type=10 10 2 10 10 10 10 8 10 10 10 2 10 8 10
left_child=4 2 3 -2 11 6 -6 -4 12 -7 -10 14 -3 -13 -1
right_child=1 8 7 -5 5 9 -8 -9 10 -11 -12 13 -14 -15 -16
leaf_value=0.00015892627436043684 0.00033206186425577234 0.00019789431206980226 0.00054004582151858771 0 0 -0.00016715058014359017 0.00016392967926157233 -0.00014001021041704483 -0.00043735857688629275 0 0 -0.00011127304027648364 0 0 0
leaf_weight=22.907708968501538 701.19766166619956 33.148141167592257 18.305214907974005 238.28936161100864 4182.2900526188314 464.36113538593054 455.08915486512706 178.79372195107862 68.792004373855889 245.1533183157444 59.891286502592266 1805.6855455618352 28.086414015851915 9.3416377224493754 39.321371285244823
leaf_count=364 3404 184 46 986 17981 1686 1968 832 164 1806 244 11659 168 1062 224
internal_value=0 0.000141196 0.000196818 0.000254059 -2.60188e-05 0 1.84647e-05 -1.92794e-05 -0.000132575 -0.000115712 -0.000274953 -0.000101973 0 -0.000108694 0
internal_weight=8550.65 1326.5 1136.59 939.487 7224.15 5346.89 4637.38 197.099 189.918 709.514 128.683 1877.26 61.2346 1815.03 62.2291
internal_count=42778 6028 5268 4390 36750 23441 19949 878 760 3492 408 13309 352 12721 588
is_linear=0
shrinkage=0.0135118


Tree=133
num_leaves=16
num_cat=0
split_feature=20 9 23 21 26 26 34 31 26 23 20 23 11 9 19
split_gain=0.166885 0.107462 0.0829577 0.0902366 0.0803237 0.0886195 0.157185 0.0499607 0.0440317 0.0400051 0.0383623 0.037028 0.0289627 0.0293108 0.0287984
threshold=0.095455186586157856 0.36930881297346002 0.073436714676051881 0.06628266047994695 0.3594697246305753 0.48108905999448798 -0.015293243436840407 2.145 0.23798367412411697 0.061737115662680926 0.16009561532363564 0.072894215579912394 0.37772228469521224 0.35991907765685044 0.14335495135257595
decision_type=10 10 10 8 8 10 8 8 10 10 10 10 8 10 10
left_child=1 7 9 -4 12 6 -6 8 -1 -3 -7 -9 13 -2 -14
right_child=4 2 3 -5 5 10 -8 11 -10 -11 -12 -13 14 -15 -16
leaf_value=-8.288393149061126e-05 -3.4765608123799876e-05 6.6952430038706324e-05 0.00046010820019797699 0 3.2437313909567016e-05 0.00014720882881446911 0.00069259218813790913 -7.7126502084620807e-05 1.619334154166057e-05 -0.00014389667080932445 -5.5632676384327628e-05 -0.0003164141072461288 -0.00036901004035323656 0.00027120154306456862 0
leaf_weight=1178.8836212563328 91.355869081802666 719.59949292521924 191.75948394276202 117.25879650842398 174.34756943583488 552.17560988850892 165.13527673203498 2314.2786530528683 2336.0574822123162 200.01746096741408 149.84642977407202 166.29493385832757 77.547055888455361 73.518391689285636 42.577603706158698
leaf_count=5302 490 3360 716 492 852 2574 626 11942 13204 774 604 960 332 314 236
internal_value=0 -2.56442e-05 8.61601e-05 0.000279662 0.000139219 0.000196249 0.000386898 -5.04271e-05 -1.3856e-05 8.88273e-06 8.79635e-05 -9.77248e-05 -2.9937e-05 3.41876e-05 -0.000210732
internal_weight=8550.65 7224.15 1228.64 309.018 1326.5 1041.5 339.483 5995.51 3514.94 919.617 702.022 2480.57 284.999 164.874 120.125
internal_count=42778 36750 5342 1208 6028 4656 1478 31408 18506 4134 3178 12902 1372 804 568
is_linear=0
shrinkage=0.0135118


Tree=134
num_leaves=16
num_cat=0
split_feature=22 26 35 17 34 9 31 31 28 26 27 26 17 35 31
split_gain=0.172421 0.0733051 0.0743398 0.122325 0.0502697 0.0290693 0.0304043 0.0303294 0.0225996 0.0199666 0.0345397 0.0155425 0.0134842 0.0055741 0.00219473
threshold=0.058781560691297273 0.26421125725682088 4.1460667777919866 1.2538220553736512 -0.0092787293114214835 0.32507910925737588 2.8350000000000013 -1.0249999999999992 -0.015200000000000031 0.19286348816998608 0.43801753203409971 0.45464470353751502 1.3062423284839029 3.2775217357168138 1.3999999999999997
decision_type=10 8 2 10 8 10 10 8 10 8 10 10 10 2 10
left_child=5 8 3 -3 -4 6 7 -1 13 14 -11 -8 -10 -2 -7
right_child=1 2 4 -5 -6 9 11 -9 12 10 -12 -13 -14 -15 -16
leaf_value=-0.00011804462703124302 0.00011616041326040483 0.00021837381806388685 8.5095652255199624e-05 -5.3060497295634932e-05 -6.4581909180281365e-05 -0.00019467541943651826 -0.00018273494642655279 -8.8332674387429127e-06 -0.00018448599410231196 0.00012823751220376225 -4.0890995471909978e-05 -3.7223598108244382e-05 0 0 0
leaf_weight=712.71989359566942 75.092564760707319 1314.7086902754381 1001.6972496435046 314.19126679562032 626.47811242192984 70.612201411277056 664.58906373847276 2151.5749940567184 273.13154337275773 437.35701537877321 307.06202127039433 455.11961920931935 52.682293756864965 70.256985110696405 23.380216121673584
leaf_count=3100 382 6310 4773 1248 2343 378 2404 13672 1428 1706 1758 2630 190 370 86
internal_value=0 6.89431e-05 9.33485e-05 0.000159145 2.06262e-05 -5.34076e-05 -6.90801e-05 -3.99285e-05 -7.59622e-05 7.71324e-06 4.34532e-05 -0.000133618 -0.00014488 1.64792e-06 -0.000155757
internal_weight=8550.65 3728.24 3257.08 1628.9 1628.18 4822.42 3984 2864.29 471.163 838.411 744.419 1119.71 325.814 145.35 93.9924
internal_count=42778 17044 14674 7558 7116 25734 21806 16772 2370 3928 3464 5034 1618 752 464
is_linear=0
shrinkage=0.0135118


Tree=135
num_leaves=16
num_cat=0
split_feature=22 5 9 35 16 16 7 16 9 15 22 22 24 0 35
split_gain=0.167985 0.0727879 0.146457 0.138708 0.0577838 0.077415 0.0557254 0.0309883 0.028246 0.0201562 0.0388134 0.012527 0.0159981 0.0111246 0.00827954
threshold=0.058781560691297273 0.056766034736167738 0.56611536436218102 3.5262134441620936 0.97816578064289506 0.94828964319784104 0.16660001213977879 1.226225376248635 0.32507910925737588 1.8235583855245452 0.046418798641262964 0.029963174882238725 11.500000000000002 0.52585000000000015 3.0201809241975859
decision_type=10 8 8 2 8 10 10 10 10 10 8 10 2 2 2
left_child=8 4 6 -4 5 -2 -3 -6 11 13 -11 14 -13 -10 -1
right_child=1 2 3 -5 7 -7 -8 -9 9 10 -12 12 -14 -15 -16
leaf_value=0 0 -0.00025524235880719406 0.00068985041813458803 0 -0.00027872357095517163 0.00061538697702965216 7.6039613253462356e-05 0 -6.2796440145019308e-05 0 0.00037345824968247881 -6.8565367464020358e-05 0 3.9779699644826069e-05 -0.00011798743080897837
leaf_weight=104.37896404089406 224.0973687581718 81.439745362382382 144.52714069141075 110.68080004118383 225.81465405179188 39.00693428888917 2823.3023708900437 79.369692053645849 441.22076986078173 88.259469746612012 76.58685206156224 1668.5061718574725 958.7560111284256 232.3443625131622 1252.3624235733878
leaf_count=1038 826 716 770 774 612 136 12914 296 2036 488 316 11754 1354 1088 7660
internal_value=0 6.79518e-05 9.47444e-05 0.000413161 -6.13018e-05 5.41826e-05 6.28668e-05 -0.000197459 -5.28144e-05 7.23347e-06 0.000148544 -6.82611e-05 -4.3293e-05 -1.0795e-05 -0.000108335
internal_weight=8550.65 3728.24 3159.95 255.208 568.289 263.104 2904.74 305.184 4822.42 838.411 164.846 3984 2627.26 673.565 1356.74
internal_count=42778 17044 15174 1544 1870 962 13630 908 25734 3928 804 21806 13108 3124 8698
is_linear=0
shrinkage=0.0135118


Tree=136
num_leaves=15
num_cat=0
split_feature=21 9 26 10 9 30 26 30 30 10 10 26 18 20
split_gain=0.157765 0.0854039 0.0740117 0.0528954 0.0402163 0.0366494 0.0538177 0.0253483 0.0352135 0.0336497 0.0215505 0.0206321 0.0102691 0.00594181
threshold=0.052210872839726981 0.30594511107802352 0.3594697246305753 0.71023788813576139 0.19150911060132156 17.465000000000003 0.25238925591605527 16.565000000000001 16.295000000000005 0.35386121469543402 0.20750442542448286 0.51317368424519061 0.039978270353539964 0.055228024679695849
decision_type=10 8 8 10 8 10 10 10 10 8 8 8 10 10
left_child=4 7 10 -4 12 6 -6 8 -2 -9 -3 -7 13 -1
right_child=1 2 3 -5 5 11 -8 9 -10 -11 -12 -13 -14 -15
leaf_value=-0.00014922180224181424 -2.0227428289731723e-06 0.00029316848675606445 0.00022122089197457932 0 -5.8860091720902814e-05 -0.00010967581904325886 5.465260458871502e-05 -0.00016927079404173035 0.00028410674116538916 9.7400173004498933e-05 -3.4946914862064374e-05 -8.583775206063967e-06 0 0
leaf_weight=749.08766876161098 190.79664457496256 39.202116521075368 1193.4013264835812 190.44513861462474 1265.5329294588882 1045.2782612834126 1845.6484665386379 351.69737539347261 87.118879728019238 56.802993485704064 437.27698239032179 986.06357523333281 54.894008759409189 57.407363692764193
leaf_count=4466 1486 122 4732 898 6234 4046 10338 1516 272 190 1632 5674 352 820
internal_value=0 8.89443e-05 0.000137643 0.000187693 -3.79617e-05 -2.09935e-05 4.87889e-06 -2.67361e-05 4.76799e-05 -0.000104749 0 -6.61249e-05 -0.000126218 -0.000139062
internal_weight=8550.65 2546.74 1860.33 1383.85 6003.91 5142.52 3111.18 686.416 277.916 408.5 476.479 2031.34 861.389 806.495
internal_count=42778 10848 7384 5630 31930 26292 16572 3464 1758 1706 1754 9720 5638 5286
is_linear=0
shrinkage=0.0135118


Tree=137
num_leaves=16
num_cat=0
split_feature=22 17 24 33 21 34 12 33 26 27 17 10 26 24 33
split_gain=0.160305 0.091812 0.100847 0.104467 0.0484043 0.0327081 0.0396964 0.0314166 0.0502403 0.0314202 0.0263301 0.0386476 0.0125249 0.0054717 0.00127617
threshold=0.073148568003815306 0.85817896196256849 10.500000000000002 0.047881178499094908 0.06628266047994695 0.031180650678901859 0.038496391989977258 0.070850511607882263 0.43280073788402346 0.11401251740617209 0.98180744928276964 0.20411436522458445 0.57654154774848243 3.5000000000000004 0.023713998119528793
decision_type=10 8 2 8 10 8 10 8 8 10 10 8 10 2 10
left_child=4 7 12 -4 5 6 -1 8 -2 -9 11 -6 -3 -7 -12
right_child=1 2 3 -5 10 13 -8 9 -10 -11 14 -13 -14 -15 -16
leaf_value=-8.0195394364061359e-05 -0.00019079735854482353 -3.2970721979169047e-05 0.00013775677593442332 0.00051265939643204968 0 0 0 0 1.4894368668410558e-05 0.00022009207522119117 -6.1918495706572875e-05 0.00033981437734267693 0.0001000996150780012 -0.00013270770906488789 0
leaf_weight=1853.8676378955133 296.1329504372552 349.59391390020028 668.23455047607422 235.5310525894165 36.465554961003363 20.856714074732736 2921.9411247861572 93.858176947571337 519.21582086384296 200.62912996299565 60.414079784415662 138.58072622958571 189.88894019136205 895.56692852638662 69.876429293304682
leaf_count=11240 982 3114 988 494 162 2596 11873 658 2279 1252 242 652 1762 4170 314
internal_value=0 8.94648e-05 0.000160526 0.000248009 -3.83673e-05 -4.86722e-05 -3.12952e-05 0 -4.61355e-05 0.000116468 0.000116945 0.000226364 0 -0.000126969 0
internal_weight=8550.65 2553.08 1443.25 903.766 5997.57 5692.23 4775.81 1109.84 815.349 294.487 305.337 175.046 539.483 916.424 130.291
internal_count=42778 11529 6358 1482 31249 29879 23113 5171 3261 1910 1370 814 4876 6766 556
is_linear=0
shrinkage=0.0135118


Tree=138
num_leaves=16
num_cat=0
split_feature=22 17 24 26 5 22 9 26 12 28 39 32 9 18 27
split_gain=0.156408 0.0901295 0.114406 0.106511 0.0647074 0.0576671 0.0520047 0.0531842 0.0500372 0.0474291 0.0429013 0.025191 0.0346095 0.0144643 0.0125767
threshold=0.076932535462252635 0.85817896196256849 10.500000000000002 0.88642762140306852 0.15292732574926912 0.12497752230717242 0.32507910925737588 0.19286348816998608 0.064875843515721399 -0.014550000000000006 1.5000000000000002 0.62730870712401077 0.22156870828401501 -0.010091751613291509 0.3027831376156162
decision_type=10 8 2 10 8 10 10 8 10 8 2 8 10 10 10
left_child=6 4 10 -4 9 -6 11 14 -9 -2 -3 12 -1 -13 -8
right_child=1 2 3 -5 5 -7 7 8 -10 -11 -12 13 -14 -15 -16
leaf_value=-8.2815324166923149e-05 2.2280270946625836e-05 0.00018063602408909066 0.00032200755739737356 -6.8971225517294157e-05 0 0.00028453425356033069 -0.00026145380624736719 0.00017770684607494453 0 -0.00026064584487925558 -9.0839115625963044e-05 -4.1577820773840026e-05 9.9717180696321703e-06 -0.00013698181057802722 0
leaf_weight=1142.8691183608025 77.232409198768437 159.71972951246426 742.52822291851044 99.400765776634216 506.84496635850519 174.37269090395421 114.69303910247982 464.03077945113182 817.69292497262359 247.17507495637983 315.85300518013537 1022.0426014077384 1584.004410253372 1051.5557159520686 30.638276614248753
leaf_count=6438 256 1304 1218 154 2597 890 462 2260 3504 954 3018 7622 7059 4892 150
internal_value=0 9.44241e-05 0.000167945 0.000262543 0 7.28561e-05 -3.5479e-05 3.11899e-05 6.56755e-05 -0.000158859 0 -5.76312e-05 -2.48164e-05 -9.53732e-05 -0.000195504
internal_weight=8550.65 2323.13 1317.5 841.929 1005.63 681.218 6227.53 1427.06 1281.72 324.407 475.573 4800.47 2726.87 2073.6 145.331
internal_count=42778 10391 5694 1372 4697 3487 32387 6376 5764 1210 4322 26011 13497 12514 612
is_linear=0
shrinkage=0.0135118


Tree=139
num_leaves=15
num_cat=0
split_feature=22 7 35 17 15 22 17 17 17 18 7 35 17 30
split_gain=0.152725 0.0610358 0.0552217 0.102317 0.0270584 0.0215922 0.0221066 0.0270501 0.0251281 0.0139876 0.011818 0.00888318 0.0031362 0.000547489
threshold=0.058781560691297273 0.19833705102195237 4.8564345759627807 1.3360231649833942 1.1760362535844295 0.030828153041572735 0.87347049775652408 0.84771766410159421 1.0741884219064055 -0.034493818242711465 0.13944326814160993 2.4824031706048948 0.86072746064426664 25.280000000000005
decision_type=10 8 2 10 10 8 10 10 10 8 10 2 10 10
left_child=5 10 3 -3 -4 9 7 -7 -8 13 -2 -11 -12 -1
right_child=1 2 4 -5 -6 6 8 -9 -10 11 12 -13 -14 -15
leaf_value=2.8237627290680897e-05 -0.00037047137192255719 0.00015130118672607105 -0.0001010688003684986 -7.0135331171906906e-05 5.0219658249508233e-05 -4.4035574771602682e-06 -0.00011920242397845488 0.0002019962062219234 -6.590930922288575e-07 0 -7.5642839996606552e-05 -0.00011651532451027148 0 -4.8252132694164223e-06
leaf_weight=123.2684890483506 39.963551382068545 2190.903977711685 354.45488598290831 385.49982389202341 521.31612786697224 1455.757281011669 756.48958475515246 120.71470892056823 931.18708128947765 35.200111608486623 117.19565018173307 1340.8623167602345 118.90468912012875 58.93545138835907
leaf_count=696 268 10212 1343 1472 1950 8820 3540 520 4152 320 927 7290 872 396
internal_value=0 6.47487e-05 8.21479e-05 0.000113817 0 -5.04013e-05 -2.57269e-05 4.34171e-06 -6.04429e-05 -9.48853e-05 -0.000112144 -0.000109774 -2.0569e-05 0
internal_weight=8550.65 3728.24 3452.17 2576.4 875.771 4822.42 3264.15 1576.47 1687.68 1558.27 276.064 1376.06 236.1 182.204
internal_count=42778 17044 14977 11684 3293 25734 17032 9340 7692 8702 2067 7610 1799 1092
is_linear=0
shrinkage=0.0135118


Tree=140
num_leaves=15
num_cat=0
split_feature=20 26 26 27 7 21 20 26 11 19 11 38 24 26
split_gain=0.145698 0.0756585 0.0860898 0.103159 0.0704291 0.0430803 0.0370882 0.0341869 0.0285472 0.027815 0.0146167 0.00970538 0.00553327 0.00468209
threshold=0.095455186586157856 0.3594697246305753 0.48108905999448798 0.15149066280444709 0.19833705102195237 0.015839532435091702 0.16009561532363564 0.47870574959486772 0.37772228469521224 0.14335495135257595 0.28653309306627645 7.5000000000000009 3.5000000000000004 0.31096475785507721
decision_type=10 8 10 8 10 10 10 8 8 10 10 2 2 10
left_child=4 8 3 -3 12 11 -4 -7 10 -10 -2 -6 -1 -14
right_child=1 2 6 -5 5 7 -8 -9 9 -11 -12 -13 13 -15
leaf_value=0 0 0 0.00013804196570846048 0.00057135468230826234 -0.00012054287306741812 -9.9535065224030321e-06 -6.4152468361742447e-05 6.3079279277843063e-05 -0.00036707073517054428 0 0.00018195770747345043 0 -0.00012482318497007654 -4.2153652992044728e-05
leaf_weight=26.333345935447142 80.783573088701814 137.55589480139315 552.17560988850892 201.92695136647671 576.59919675951824 2764.1842180350795 149.84642977407202 1814.4585527852178 77.547055888455361 42.577603706158698 84.090687682386488 191.65169360581785 1133.5400817766786 717.3828358259052
leaf_count=3829 452 602 2574 876 2472 10364 604 9351 332 236 352 1254 4378 5102
internal_value=0 0.000129875 0.000185523 0.000372682 -2.41664e-05 0 7.89303e-05 1.65457e-05 -3.42223e-05 -0.000212073 2.77648e-05 -9.27472e-05 -9.53692e-05 -9.8845e-05
internal_weight=8550.65 1326.5 1041.5 339.483 7224.15 5346.89 702.022 4578.64 284.999 120.125 164.874 768.251 1877.26 1850.92
internal_count=42778 6028 4656 1478 36750 23441 3178 19715 1372 568 804 3726 13309 9480
is_linear=0
shrinkage=0.0135118


Tree=141
num_leaves=16
num_cat=0
split_feature=19 7 26 32 12 18 23 8 38 35 35 23 7 34 23
split_gain=0.12977 0.0682304 0.0854967 0.0993739 0.0644015 0.151781 0.126351 0.0987515 0.148359 0.0771594 0.0313776 0.0301234 0.0202105 0.016611 0.00520984
threshold=0.10521553094539736 0.25020298804356883 0.25238925591605527 0.5600263852242745 0.1260079183533597 -0.050346463286939307 0.085263350223857823 0.43707844577491811 10.500000000000002 4.9830927623260264 5.1678098370207417 0.067151916961161198 0.16660001213977879 0.0017295743820593403 0.0078559764065816457
decision_type=10 10 8 10 8 10 10 10 2 2 2 10 8 10 10
left_child=1 12 10 -4 7 6 -6 9 -9 -2 -3 -7 14 -14 -1
right_child=4 2 3 -5 5 11 -8 8 -10 -11 -12 -13 13 -15 -16
leaf_value=0 0.000216782323013131 -0.00016743278784409966 0.00015925684963756493 0 0 0.00044717523418461263 0.0010540061915840641 -0.00035248021935620959 0.0004343376205911538 -9.1866436505545743e-05 3.0423141542732535e-05 0 -2.1407206685940559e-05 -0.00011665876527221615 -0.00014412327821430439
leaf_weight=25.963736423756927 631.73999337852001 536.30847311578691 1000.4836313948035 2051.6736733121797 15.547450739890335 27.195900909602642 70.192700945772231 191.99442003201693 46.064249203540385 135.03370393952355 81.205796017777175 126.98225408513099 2390.2089905750472 530.8797794226557 689.17897742381319
leaf_count=290 2976 2060 4810 8238 88 118 470 554 216 650 194 594 15280 1610 4630
internal_value=0 -2.20164e-05 1.67034e-05 4.8706e-05 0.000127215 0.000338965 0.000801491 6.54148e-05 -0.000152842 0.000147813 -0.000123288 8.03203e-06 -6.41692e-05 -4.25633e-05 -0.000136706
internal_weight=8550.65 7305.9 3669.67 3052.16 1244.75 239.918 85.7402 1004.83 238.059 766.774 617.514 154.178 3636.23 2921.09 715.143
internal_count=42778 37112 15302 13048 5666 1270 558 4396 770 3626 2254 712 21810 16890 4920
is_linear=0
shrinkage=0.0135118


Tree=142
num_leaves=15
num_cat=0
split_feature=21 11 13 33 2 20 5 9 9 34 23 9 19 5
split_gain=0.138893 0.0848453 0.0978698 0.0923386 0.0517725 0.0419076 0.04313 0.0356853 0.0355081 0.0442836 0.0226865 0.0178147 0.00451813 0.0038613
threshold=0.052210872839726981 0.3349579951120697 1.6585654578204709 0.045300348314589518 0.38501516149711174 0.097631936727679128 0.26303063971719925 0.33064967518346983 0.19150911060132156 0.031180650678901859 0.1187538922543986 0.44341187000404242 0.051153462350121325 0.39985585516574501
decision_type=10 8 10 10 2 10 8 10 8 10 8 10 10 10
left_child=8 5 3 -3 -4 7 -7 -2 12 10 -10 -11 13 -1
right_child=1 2 4 -5 -6 6 -8 -9 9 11 -12 -13 -14 -15
leaf_value=-0.00013302416728828672 0 -6.2510295902150845e-06 0.00039109033804458492 0.00026511938477939522 0 0.00037037170979470514 0 -0.00020651023990589032 -9.122197266997486e-06 -0.00015261190664587486 0.00019971038866935532 0 0 0
leaf_weight=774.45145143475384 587.78724390640855 691.18721241457388 368.59817492775619 296.64564246684313 64.087017999961972 93.957872610539198 231.38956537656486 213.08872748911381 4411.3901237491518 571.03734044544399 94.845844388240948 65.249923931434751 73.664737499784678 13.272852279245852
leaf_count=4590 2900 2362 1600 1372 280 418 1048 868 21372 2834 1716 370 998 50
internal_value=0 8.32824e-05 0.000152759 6.39761e-05 0.000329376 0 0.000124684 -5.68294e-05 -3.57903e-05 -1.96861e-05 -2.22654e-06 -0.000125677 -0.00011889 -0.000128464
internal_weight=8550.65 2546.74 1420.52 987.833 432.685 1126.22 325.347 800.876 6003.91 5142.52 4506.24 636.287 861.389 787.724
internal_count=42778 10848 5614 3734 1880 5234 1466 3768 31930 26292 23088 3204 5638 4640
is_linear=0
shrinkage=0.0135118


Tree=143
num_leaves=16
num_cat=0
split_feature=22 26 0 30 28 22 18 31 34 31 18 17 27 30 30
split_gain=0.139513 0.0658364 0.0596119 0.083795 0.021795 0.0197337 0.021652 0.0195342 0.0172302 0.0163901 0.0133259 0.01289 0.00867293 0.00461685 0.000582176
threshold=0.058781560691297273 0.26421125725682088 0.42972500000000002 16.310000000000006 -0.015200000000000031 0.030828153041572735 0.048811948168690507 1.1250000000000011 -0.013252614868770605 2.4949999999999997 -0.034493818242711465 1.3062423284839029 0.037345671509144369 15.915000000000001 25.280000000000005
decision_type=10 8 2 10 10 8 10 10 8 10 8 10 10 10 10
left_child=5 4 8 -4 13 10 9 -8 -3 -7 14 -6 -12 -2 -1
right_child=1 2 3 -5 11 6 7 -9 -10 -11 12 -13 -14 -15 -16
leaf_value=2.9276444576267346e-05 0 3.7022517039901859e-05 0.00027860310946241276 6.9383340456168597e-05 -0.00018155275389548291 1.2661033138418084e-05 -0.00019007585686824219 0 -8.3574446183141008e-05 -5.2474315830859613e-05 0 0 -0.00011616553011993991 8.4449332432862397e-05 -2.3491283462158378e-06
leaf_weight=123.2684890483506 27.516137084923685 515.05213287752122 524.49105344340205 1868.6592773678713 273.13154337275773 1819.2109055516776 258.19425440486521 156.00087164063007 348.87285544769838 1030.7426243796945 123.09754220535979 52.682293756864965 1252.9648861633614 117.83341278648004 58.93545138835907
leaf_count=696 260 3251 3118 6848 1428 10898 1068 670 1457 4396 694 190 6916 492 396
internal_value=0 6.17486e-05 8.5035e-05 0.00011995 -7.54206e-05 -4.83066e-05 -2.4505e-05 -0.000118026 0 -6.97148e-06 -9.09633e-05 -0.000142908 -0.000105533 0 0
internal_weight=8550.65 3728.24 3257.08 2393.15 471.163 4822.42 3264.15 414.195 863.925 2849.95 1558.27 325.814 1376.06 145.35 182.204
internal_count=42778 17044 14674 9966 2370 25734 17032 1738 4708 15294 8702 1618 7610 752 1092
is_linear=0
shrinkage=0.0135118


Tree=144
num_leaves=16
num_cat=0
split_feature=22 9 5 24 9 28 10 10 13 30 12 20 20 13 24
split_gain=0.13635 0.0659136 0.10684 0.111353 0.0473585 0.0444491 0.0747182 0.043612 0.102135 0.0409618 0.0252831 0.0361874 0.0197871 0.0149277 0.0125305
threshold=0.076932535462252635 0.58201550154813342 0.051791145578284681 11.500000000000002 0.32507910925737588 0.035550000000000033 0.53837024108781395 0.35125366772104544 1.3313635189217876 16.470000000000002 0.084147666965392109 0.10589752670226997 0.051766670420522166 1.1376575496053494 11.500000000000002
decision_type=10 8 8 2 10 8 10 10 10 10 10 10 10 8 2
left_child=4 7 13 -4 10 12 -7 9 -9 -2 11 -1 -6 -3 -12
right_child=1 2 3 -5 5 6 -8 8 -10 -11 14 -13 -14 -15 -16
leaf_value=-4.5573618309009901e-05 0.00010059015295848595 0 0.00013375505309793124 0.00096303939312338688 1.9649373032358012e-05 0.00025238703946706061 -3.546847421710356e-05 -7.2590565603859072e-05 0.00020230632641494227 -7.6304408052470617e-05 -0.0002218555964702361 0.00066998916878595869 -9.9362570753774038e-05 -0.00027071307210683315 0
leaf_weight=4358.3318782339338 382.0119050629437 29.892735738307238 131.52590957423672 65.564862489700317 497.76193468086421 352.70556441973895 198.65391842182726 290.38019428541884 766.64815179491416 619.5678187860176 278.63993390696123 10.717502094805239 377.93360261805356 37.535287073813379 152.78253173828125
leaf_count=24089 2305 80 998 94 2326 1512 996 1162 2846 2726 1652 50 1542 180 220
internal_value=0 8.80056e-05 0.000299215 0.000467582 -3.32806e-05 3.01607e-05 0.000128421 5.53807e-05 0.000116199 0 -5.44734e-05 -4.1201e-05 -1.89514e-05 -2.75909e-05 -0.000162805
internal_weight=8550.65 2323.13 264.519 197.091 6227.53 1427.06 551.359 2058.61 1057.03 1001.58 4800.47 4369.05 875.696 67.428 431.422
internal_count=42778 10391 1352 1092 32387 6376 2508 9039 4008 5031 26011 24139 3868 260 1872
is_linear=0
shrinkage=0.0135118


Tree=145
num_leaves=16
num_cat=0
split_feature=20 18 27 9 21 38 12 21 27 10 32 8 12 12 34
split_gain=0.130292 0.107502 0.0930854 0.0895032 0.0835519 0.0694917 0.0495122 0.0481079 0.0413549 0.0400343 0.034237 0.0401381 0.0296968 0.0128291 0.0115693
threshold=0.095455186586157856 0.057010438423333649 0.31390519046587512 0.36930881297346002 0.028935581502667795 8.5000000000000018 0.11570886264179261 0.032793093731122179 0.34368894394424648 0.31764607408006457 0.62730870712401077 0.21534185696425964 0.044794509220049454 0.14532226847848759 -0.038496922953095362
decision_type=10 10 10 10 10 2 8 10 10 10 8 10 10 10 8
left_child=3 2 4 10 -2 7 -4 -5 12 -7 11 -1 -3 -10 -12
right_child=1 8 6 5 -6 9 -8 -9 13 -11 14 -13 -14 -15 -16
leaf_value=-6.6985316949161073e-05 -0.00020999854340713524 0 -0.00015756206289797441 -0.0001221756598057678 0.00029161289368035434 0 0.00018214987723912235 8.3668664180826669e-05 0.00025757502144104947 0.00034742902830259959 0 2.4358984858656633e-05 -0.0003844947460894214 0 -9.3586505919513512e-05
leaf_weight=1518.5533640244976 39.065387506037951 13.940163668710737 189.26498256251216 275.02247725706547 778.04908134182915 33.931965801864862 130.20650872588158 692.54898608289659 34.946551065891981 227.13180520199239 294.01739566773176 1869.9894048231654 113.99570512771606 27.035426197573543 2312.9545258644503
leaf_count=8025 474 106 868 1330 3156 266 770 2724 176 1022 4890 8459 354 124 10034
internal_value=0 0.000122745 0.000177161 -2.29233e-05 0.000253852 7.88524e-05 0 1.35672e-05 -0.000143781 0.000277634 -4.56508e-05 -1.32749e-05 -0.000299185 0 -8.34307e-05
internal_weight=8550.65 1326.5 1136.59 7224.15 817.114 1228.64 319.471 967.571 189.918 261.064 5995.51 3388.54 127.936 61.982 2606.97
internal_count=42778 6028 5268 36750 3630 5342 1638 4054 760 1288 31408 16484 460 300 14924
is_linear=0
shrinkage=0.0135118


Tree=146
num_leaves=16
num_cat=0
split_feature=21 11 26 13 26 31 9 26 27 11 26 34 31 5 18
split_gain=0.127018 0.0800519 0.0940541 0.122688 0.034931 0.0344687 0.0425451 0.0469922 0.033829 0.0319339 0.0155374 0.0227442 0.015936 0.0104856 0.00983205
threshold=0.052210872839726981 0.3349579951120697 0.39354666242787056 1.6585654578204709 0.17859441278527097 2.145 0.22156870828401501 0.19843428054171922 0.30499855263875658 0.55653614573676635 0.51317368424519061 0.028992328967738182 2.8350000000000013 0.07695457695457697 -0.030277657179228808
decision_type=10 8 8 10 10 10 8 10 10 10 8 10 10 10 10
left_child=5 4 9 -4 14 6 13 -8 -6 -3 12 -12 -7 -1 -2
right_child=1 2 3 -5 8 10 7 -9 -10 -11 11 -13 -14 -15 -16
leaf_value=-9.5661761400569253e-05 0 -7.6465361448144859e-05 0.00010259359950297272 0.00046221592517654007 6.1304710905038783e-05 0 -6.7149063458047238e-05 6.0758358741908314e-05 -0.00015931653446958437 0.00029179555456359559 1.8239006251212133e-05 -0.00010589285122382651 -0.00013623445773810976 0 -0.00027212217864498224
leaf_weight=927.24038096750155 21.48484706133604 344.6977632176131 738.89749668678269 292.37046354822814 869.01564487814903 355.00654282141477 665.97813697578385 1858.1802029616665 131.70061195082963 44.552324356511235 596.03831090033054 383.72615249454975 1003.798293585889 213.94425302091986 104.02230549231172
leaf_count=5898 98 1190 2936 1300 4040 1058 3750 11148 586 188 3126 2112 3538 1300 510
internal_value=0 7.96175e-05 0.000147137 0.000215528 0 -3.42506e-05 -5.03375e-06 2.25707e-05 2.10374e-05 -5.34562e-06 -7.52483e-05 -1.89734e-05 -0.000107571 -7.58887e-05 -0.000217137
internal_weight=8550.65 2546.74 1420.52 1031.27 1126.22 6003.91 3665.34 2524.16 1000.72 389.25 2338.57 979.764 1358.8 1141.18 125.507
internal_count=42778 10848 5614 4236 5234 31930 22096 14898 4626 1378 9834 5238 4596 7198 608
is_linear=0
shrinkage=0.0135118


Tree=147
num_leaves=16
num_cat=0
split_feature=20 18 9 35 10 38 35 18 21 31 31 12 10 35 10
split_gain=0.12418 0.10398 0.0859464 0.0824047 0.0685012 0.0672209 0.0757576 0.0462982 0.0462741 0.0450432 0.0385406 0.0357515 0.0210157 0.0209484 0.00739219
threshold=0.095455186586157856 0.057010438423333649 0.36930881297346002 4.9830927623260264 0.6521674708179992 8.5000000000000018 4.2687179393672743 -0.1042397421472334 0.032793093731122179 2.145 -0.83000000000000085 0.067338202659718918 0.59647875069215772 2.0674936703420594 0.38095085444643428
decision_type=10 10 10 2 10 2 2 8 10 8 10 8 10 2 10
left_child=2 3 9 4 -2 8 -7 -5 -4 10 -1 14 -13 -11 -3
right_child=1 11 5 7 -6 6 -8 -9 -10 13 -12 12 -14 -15 -16
leaf_value=-7.4303275228275673e-05 0.00027415970700448811 0.00019631150935414446 -0.00012005390882609072 0.0004986454652916001 0 0.00042445155794752554 0 -0.00014969074496946338 8.1823340544108042e-05 0.00013423591083528829 1.8393475934043954e-05 -0.00041007911933642175 0 -9.7117582783552779e-05 0
leaf_weight=1194.744137853384 818.34313995111734 34.662738540675491 275.02247725706547 18.305214907974005 121.14388332609087 184.35236403439194 76.711406969465315 178.79372195107862 692.54898608289659 33.223762911744416 2320.1969656152651 84.079170580022037 44.604120296426117 2447.3498239994515 26.571816642768681
leaf_count=5806 3876 206 1330 46 514 916 372 832 2724 162 12700 232 176 12740 146
internal_value=0 0.000119787 -2.24229e-05 0.000173406 0.000228404 7.7246e-05 0.000272738 -3.19753e-05 1.28499e-05 -4.47186e-05 -9.93347e-06 -0.000141972 -0.000283378 -8.94865e-05 0
internal_weight=8550.65 1326.5 7224.15 1136.59 939.487 1228.64 261.064 197.099 967.571 5995.51 3514.94 189.918 128.683 2480.57 61.2346
internal_count=42778 6028 36750 5268 4390 5342 1288 878 4054 31408 18506 760 408 12902 352
is_linear=0
shrinkage=0.0135118


Tree=148
num_leaves=16
num_cat=0
split_feature=21 9 7 26 19 11 5 35 10 12 21 5 31 26 24
split_gain=0.121498 0.105957 0.0798353 0.101708 0.0792043 0.0940747 0.0697587 0.0317102 0.0254157 0.0235822 0.0194476 0.0169292 0.0168326 0.0220133 0.015396
threshold=0.033095937074386926 0.36368221331270334 0.4275129457766022 0.21014993861659842 0.14090254695586449 0.28023765919799953 -0.070141755500425923 3.4966590536657916 0.22865427330248075 0.084147666965392109 0.026658436631102206 0.056766034736167738 2.4250000000000012 0.50278908731465177 11.500000000000002
decision_type=10 8 10 8 10 10 10 2 10 10 8 10 10 10 2
left_child=8 4 3 -3 7 -6 -4 -2 12 10 -10 -11 14 -14 -1
right_child=1 2 6 -5 5 -7 -8 -9 9 11 -12 -13 13 -15 -16
leaf_value=-8.3776824804349689e-05 -0.00011415630772602524 -0.00011885596407137537 0.00013386711087228753 0.00027851928209033717 -5.2141988267855173e-05 0.00056420412081893353 -9.7955403339522568e-05 0 4.193985684856599e-05 -0.00013594939876883814 -6.5805111949594842e-05 0 -0.00021237883578012975 0 0
leaf_weight=1005.5109661535826 538.51985044032335 95.262476640753448 542.05864371545613 784.04117417288944 31.168485366739333 94.90162690449506 379.90120280254632 2034.8948877989314 1120.9819425037131 414.86061432166025 381.65536386985332 100.62991940695792 420.02443107776344 125.36391827184707 480.8782274723053
leaf_count=9676 2888 370 2240 3538 166 368 1140 9298 5436 2066 2116 416 1408 910 742
internal_value=0 4.79521e-05 0.000128368 0.000222708 -1.56877e-06 0.000323536 2.62009e-05 -2.18888e-05 -5.40489e-05 -1.32446e-05 7.11425e-06 -9.42612e-05 -8.90594e-05 -0.000165468 -5.34589e-05
internal_weight=8550.65 4500.75 1801.26 879.304 2699.48 126.07 921.96 2573.41 4049.91 2018.13 1502.64 515.491 2031.78 545.388 1486.39
internal_count=42778 20008 7288 3908 12720 534 3380 12186 22770 10034 7552 2482 12736 2318 10418
is_linear=0
shrinkage=0.0135118


Tree=149
num_leaves=16
num_cat=0
split_feature=21 9 7 17 19 11 9 12 33 16 19 28 28 26 16
split_gain=0.118204 0.103022 0.0774961 0.111166 0.0765437 0.0920857 0.0517567 0.0301784 0.0201233 0.0330648 0.043386 0.0170664 0.0158963 0.0143197 0.00274735
threshold=0.033095937074386926 0.36368221331270334 0.4275129457766022 0.86072746064426664 0.14090254695586449 0.28023765919799953 0.43100634933011417 0.080469254423861394 0.013923467543269454 1.0021841417133894 0.046851833049814433 0.027600000000000045 0.043550000000000012 0.20058523116964086 1.1699250189206898
decision_type=10 8 10 10 10 10 10 10 8 10 10 10 10 8 10
left_child=8 4 3 -3 7 -6 -4 -2 11 12 -11 13 -10 -1 -13
right_child=1 2 6 -5 5 -7 -8 -9 9 10 -12 14 -14 -15 -16
leaf_value=0 0 4.1456155615054152e-05 -0.00012570483176184595 0.00037920042711283311 -5.1445433595706993e-05 0.00055660925156064776 9.5730397762670152e-05 -0.00011721880968896453 -4.4157824301230156e-05 -1.1600905562755695e-05 0.0001913320518233033 2.073284505678997e-06 -0.00018666594549826012 -0.00017992046608374283 -6.1549227099684127e-05
leaf_weight=38.931468376889825 2085.6649769605137 449.06899117166176 240.98820428736508 430.23465964198112 31.168485366739333 94.90162690449506 680.97164223063737 487.74976127874106 1804.3764780547936 918.61365017620847 223.0770905953832 149.90939116850495 241.48732282128185 541.63438658230007 131.87559530232102
leaf_count=204 10496 2248 888 1660 166 368 2492 1690 11786 3654 1216 998 1522 2516 874
internal_value=0 4.72531e-05 0.00012655 0.000219528 -1.52094e-06 0.000317987 2.5683e-05 -2.15661e-05 -5.33552e-05 -3.26062e-05 1.82929e-05 -0.000117026 -6.64811e-05 -0.000160317 0
internal_weight=8550.65 4500.75 1801.26 879.304 2699.48 126.07 921.96 2573.41 4049.91 3187.55 1141.69 862.351 2045.86 580.566 281.785
internal_count=42778 20008 7288 3908 12720 534 3380 12186 22770 18178 4870 4592 13308 2720 1872
is_linear=0
shrinkage=0.0135118


Tree=150
num_leaves=16
num_cat=0
split_feature=21 0 26 28 33 12 34 33 16 23 0 28 28 26 8
split_gain=0.115187 0.0775956 0.0837088 0.0721806 0.0581387 0.0366597 0.0258622 0.019422 0.0322038 0.0690819 0.0171296 0.0165807 0.015362 0.0140382 0.00451308
threshold=0.033095937074386926 0.50172500000000009 0.26421125725682088 0.07145 0.040277115408499549 0.085035601268945549 -0.01381747915627096 0.013923467543269454 1.0021841417133894 0.050660564850269159 1.0822250000000002 0.027600000000000045 0.043550000000000012 0.20058523116964086 0.37147148315945167
decision_type=10 2 8 10 10 8 10 8 10 10 2 10 10 8 10
left_child=7 4 10 -4 5 -2 -6 11 12 -10 -3 13 -9 -1 -13
right_child=1 2 3 -5 6 -7 -8 8 9 -11 -12 14 -14 -15 -16
leaf_value=0 -1.013450748658186e-05 -0.00016996541071252188 0.00018277734191015372 0 0.00011842859342581218 -0.00018895561418072894 -9.2271476585348984e-07 -4.356128829655894e-05 -1.9182835651336821e-05 0.00025360756252064127 0 5.189576168756166e-06 -0.00018414746688044716 -0.00017749101199647516 -9.4040016898009848e-05
leaf_weight=38.931468376889825 867.33970140991732 189.46987147256732 1495.5717101446353 509.59169115871191 641.53233663551509 364.17765861190856 330.28481932915747 1804.3764780547936 945.66593915736303 196.02480161422864 102.78055907972157 189.55012809950858 241.48732282128185 541.63438658230007 92.234858371317387
leaf_count=204 3656 856 6218 2102 4196 1336 1124 11786 3794 1076 520 1362 1522 2516 510
internal_value=0 4.66206e-05 0.000101925 0.000135455 -5.97149e-06 -7.21439e-05 6.63618e-05 -5.26947e-05 -3.22132e-05 1.7914e-05 -8.97395e-05 -0.000115377 -6.56573e-05 -0.000158051 0
internal_weight=8550.65 4500.75 2297.41 2005.16 2203.33 1231.52 971.817 4049.91 3187.55 1141.69 292.25 862.351 2045.86 580.566 281.785
internal_count=42778 20008 9696 8320 10312 4992 5320 22770 18178 4870 1376 4592 13308 2720 1872
is_linear=0
shrinkage=0.0135118


Tree=151
num_leaves=16
num_cat=0
split_feature=22 33 22 11 12 10 12 23 9 19 23 32 31 27 20
split_gain=0.116416 0.0670151 0.0734475 0.166069 0.041342 0.136515 0.072573 0.0398486 0.0225689 0.0139171 0.0487552 0.0117232 0.00937496 0.012371 0.00577316
threshold=0.058781560691297273 0.039394277505336313 0.10759676684634788 0.36911256134890408 0.064297426739409747 0.34041642032768343 0.10709541354598885 0.055000344283230203 0.26716414329085503 0.046851833049814433 0.028067222116816618 0.53496042216358852 2.8350000000000013 0.31390519046587512 0.075466393366095494
decision_type=10 8 10 8 10 10 10 10 8 8 10 8 10 8 8
left_child=8 4 7 -4 5 -2 -6 -3 12 11 -11 -10 13 -1 -14
right_child=1 2 3 -5 6 -7 -8 -9 9 10 -12 -13 14 -15 -16
leaf_value=-1.6132310954836269e-05 -2.51054873105539e-05 0.00018343461515118716 0 0.00054204986235983216 -0.00014646318358546971 0.00034494669180722679 5.564010645087353e-05 2.46131547831535e-06 3.3945284555135064e-06 0.00033593106953675009 0 -6.5826168924544372e-05 -0.00013112890441887112 -0.00010546836443974489 0
leaf_weight=1486.6574133010581 522.4794116076082 348.81696181930602 198.50289289606735 214.95800155121833 667.37176653277129 246.92918136809021 530.49265401437879 998.68783634807914 345.95894378237426 85.81250219210051 742.25528797041625 899.23804478254169 698.30634277779609 554.71489178482443 9.4715981911867839
leaf_count=7150 2390 1592 1366 1258 1864 784 2182 5608 1870 1542 3168 4598 3504 3842 60
internal_value=0 5.62084e-05 0.000116767 0.000282153 0 7.92146e-05 -4.76234e-05 5.76523e-05 -4.4322e-05 -4.59832e-06 3.15184e-05 -3.76086e-05 -7.02023e-05 -4.59068e-05 -0.000124404
internal_weight=8550.65 3728.24 1760.97 413.461 1967.27 769.409 1197.86 1347.5 4822.42 2073.26 828.068 1245.2 2749.15 2041.37 707.778
internal_count=42778 17044 9824 2624 7220 3174 4046 7200 25734 11178 4710 6468 14556 10992 3564
is_linear=0
shrinkage=0.0135118


Tree=152
num_leaves=15
num_cat=0
split_feature=22 5 9 35 28 12 10 9 13 38 9 5 22 23
split_gain=0.113547 0.0656292 0.132443 0.131302 0.0796938 0.0543312 0.0435644 0.0220767 0.0142991 0.0187316 0.0151402 0.00902901 0.00818468 0.00256534
threshold=0.058781560691297273 0.056766034736167738 0.56611536436218102 3.5262134441620936 0.092350000000000029 0.064297426739409747 0.35663145477357477 0.26716414329085503 1.343449505155436 2.5000000000000004 0.29788689266708107 0.07695457695457697 0.057179461798631676 0.032655321909422365
decision_type=10 8 8 2 8 10 10 8 10 2 10 10 10 8
left_child=7 4 5 -4 6 -3 -2 11 10 -10 -9 12 -1 -13
right_child=1 2 3 -5 -6 -7 -8 8 9 -11 -12 13 -14 -15
leaf_value=-8.7014937408419054e-05 -0.00014218131286363567 0.0001035352804214528 0.00065159659184632125 0 -0.00045992029607694752 -6.8825101292784244e-06 0.00011407969283131289 0 0.000108029751237606 -1.2434534707649947e-06 -8.7451666158901546e-05 5.7671541122623193e-06 0 -4.3674558672614574e-05
leaf_weight=2161.0212567020208 221.78643481666222 1619.3457986791618 144.52714069141075 110.68080004118383 80.780414823908359 1285.3963175732642 265.72179951192811 456.57867983891629 350.01461928151548 646.60871283244342 620.06276677455753 286.32836602907628 61.619282050058246 240.18134127371013
leaf_count=11690 876 8520 770 774 242 5110 752 3846 1050 3704 2578 1374 302 1190
internal_value=0 5.55315e-05 8.12577e-05 0.000383277 -6.77876e-05 5.08242e-05 0 -4.37525e-05 -4.4081e-06 2.59266e-05 -4.28847e-05 -6.9347e-05 -8.17896e-05 0
internal_weight=8550.65 3728.24 3159.95 255.208 568.289 2904.74 487.508 4822.42 2073.26 996.623 1076.64 2749.15 2222.64 526.51
internal_count=42778 17044 15174 1544 1870 13630 1628 25734 11178 4754 6424 14556 11992 2564
is_linear=0
shrinkage=0.0135118


Tree=153
num_leaves=16
num_cat=0
split_feature=22 26 34 26 7 13 20 18 30 18 18 38 35 34 34
split_gain=0.110873 0.0685796 0.0915173 0.0839804 0.0610747 0.0582789 0.0554313 0.0340784 0.0263393 0.0209544 0.0186301 0.0155727 0.0127018 0.00977888 0.00646681
threshold=0.098950363086783094 0.3594697246305753 0.024975376640012262 0.76966778607431996 0.19833705102195237 1.3464822544318411 0.093336145042857491 -0.0076912363173050604 16.885000000000002 -0.01831193219306709 -0.015008453200458348 10.500000000000002 2.785319788992962 -0.056789532466467223 -0.062367073250316533
decision_type=10 8 10 10 10 10 10 8 10 8 10 2 2 10 8
left_child=4 7 3 -3 12 8 -7 9 -6 -2 -4 -9 13 -1 -14
right_child=1 2 10 -5 5 6 -8 11 -10 -11 -12 -13 14 -15 -16
leaf_value=0.00025235155500208281 0 0.00029826554589273448 -0.00023047086180828165 0 0 1.6418583938743907e-05 0.00021652288508414963 -0.00023588820067664668 -9.665561620635416e-05 0.00037293474582840354 0 0 0 0 -0.00010398305956252647
leaf_weight=27.67857593903318 83.46880120318383 677.4014038303867 80.989617213606834 155.72940504411235 999.21628439985216 2926.8178265108727 301.1561928614974 154.62982267700136 1139.0432220823132 33.215268576517701 79.000749252736568 22.325379627756774 181.31785403750837 39.505207544192672 1649.1581201192457
leaf_count=364 406 3040 288 690 4507 13370 1182 820 4518 126 274 126 1630 226 11211
internal_value=0 0.000115115 0.000171364 0.000232261 -2.0942e-05 3.03272e-07 3.85779e-05 -3.7013e-05 -5.2238e-05 8.48971e-05 -7.57293e-05 -0.000180562 -8.6908e-05 0 -9.53771e-05
internal_weight=8550.65 1286.76 993.121 833.131 7263.89 5366.23 3227.97 293.639 2138.26 116.684 159.99 176.955 1897.66 67.1838 1830.48
internal_count=42778 5770 4292 3730 37008 23577 14552 1478 9025 532 562 946 13431 590 12841
is_linear=0
shrinkage=0.0135118


Tree=154
num_leaves=16
num_cat=0
split_feature=20 18 27 24 9 23 16 27 23 8 30 8 23 8 8
split_gain=0.105855 0.0993695 0.0870984 0.157364 0.075835 0.0739025 0.0620074 0.0401285 0.0392953 0.0347563 0.0307446 0.0362085 0.0286801 0.0253153 0.00988309
threshold=0.095455186586157856 0.057010438423333649 0.31390519046587512 10.500000000000002 0.36930881297346002 0.073436714676051881 1.1059946021912321 0.34368894394424648 0.061737115662680926 0.65231712858726321 17.205000000000002 0.21534185696425964 0.072894215579912394 0.32940960950101922 0.59277728513324579
decision_type=10 10 10 2 10 10 10 10 10 8 8 10 10 10 10
left_child=4 2 3 -2 10 8 -7 13 -6 -4 11 -1 -12 -3 -9
right_child=1 7 9 -5 5 6 -8 14 -10 -11 12 -13 -14 -15 -16
leaf_value=-6.2280900936664431e-05 0 0 -8.7071853179835585e-05 0.00038212557855916074 5.7725811816440088e-05 0.0004082645705298434 0 0.00020526505882815087 -0.00015437155368749265 0.00029195227322558099 -5.8869784249326309e-05 2.4596603235552482e-05 -0.00025742402028813979 -0.00040800789505081444 0
leaf_weight=1518.5533640244976 304.45846179639921 32.168749916832894 269.37473255768418 512.6560070514679 719.59949292521924 187.37870225869119 121.63957819249481 42.46762715652585 200.01746096741408 50.096758730709553 2417.8286087012384 1869.9894048231654 189.14331283094361 95.767118879593909 19.514350106939673
leaf_count=8025 2738 150 1264 892 3360 806 402 206 774 374 13822 8459 1102 310 94
internal_value=0 0.000110463 0.000163192 0.000237679 -2.08323e-05 7.26056e-05 0.000254073 -0.000145961 0 0 -4.18509e-05 -1.10352e-05 -7.76034e-05 -0.000297831 0
internal_weight=8550.65 1326.5 1136.59 817.114 7224.15 1228.64 309.018 189.918 919.617 319.471 5995.51 3388.54 2606.97 127.936 61.982
internal_count=42778 6028 5268 3630 36750 5342 1208 760 4134 1638 31408 16484 14924 460 300
is_linear=0
shrinkage=0.0135118


Tree=155
num_leaves=16
num_cat=0
split_feature=22 33 26 22 28 28 33 19 23 22 26 13 26 17 10
split_gain=0.105751 0.065092 0.0710344 0.0697871 0.0395429 0.117417 0.0438073 0.0196626 0.027867 0.0425485 0.0219995 0.0164278 0.0139719 0.0101931 0.00932114
threshold=0.058781560691297273 0.039394277505336313 0.2880561092240605 0.10759676684634788 0.07145 0.058049999999999997 0.022019787650570114 0.046851833049814433 0.029952536992369553 0.037038675060094749 0.44871293580971 1.7089829549995399 0.54223203877538506 0.65959423810160633 0.45773411309964601
decision_type=10 8 8 10 8 10 10 8 8 10 10 10 10 8 8
left_child=7 4 13 -4 5 -2 -6 10 9 -9 14 -10 -12 -3 -1
right_child=1 2 3 -5 6 -7 -8 8 11 -11 12 -13 -14 -15 -16
leaf_value=-8.6986993200278894e-05 0 8.1722451978624725e-06 8.8699006578672962e-05 0.00033708815106316798 0 0.00048565951756752719 -0.00030048792519736392 0 -5.4658461932320619e-05 0.0003365896573737225 7.9998058456196022e-05 4.5597341797510499e-05 -4.0188822098942248e-05 -9.6010189470649779e-05 0
leaf_weight=2367.1835465691984 1367.6881332630292 59.810579135082662 1093.880952168256 343.83715842897072 353.56527555268258 98.396391844376922 147.62321286275983 46.505687512457371 972.40390259749256 108.0335193509236 279.01982619939372 321.39683538349345 471.99642713740468 263.43700288236141 255.87528003193438
leaf_count=10272 5058 354 5682 2100 1381 352 429 188 5481 648 1776 1713 3978 1688 1678
internal_value=0 5.35705e-05 0.000113235 0.000155958 0 3.55726e-05 -0.000103413 -4.22441e-05 0 0.000170668 -6.01194e-05 -2.10954e-05 0 -4.21423e-05 -7.86132e-05
internal_weight=8550.65 3728.24 1760.97 1437.72 1967.27 1466.08 501.188 4822.42 1448.34 154.539 3374.08 1293.8 751.016 323.248 2623.06
internal_count=42778 17044 9824 7782 7220 5410 1810 25734 8030 836 17704 7194 5754 2042 11950
is_linear=0
shrinkage=0.0135118


Tree=156
num_leaves=16
num_cat=0
split_feature=21 9 7 17 19 5 20 26 10 27 21 31 26 24 16
split_gain=0.101631 0.0939108 0.076638 0.107302 0.0700033 0.0663599 0.0600424 0.0242281 0.0231572 0.0198434 0.018725 0.015853 0.0214227 0.0145881 0.00937513
threshold=0.033095937074386926 0.36368221331270334 0.4275129457766022 0.86072746064426664 0.14090254695586449 -0.070141755500425923 0.16009561532363564 0.30883042238833486 0.22865427330248075 0.89402163807685853 0.029673028298675942 2.4250000000000012 0.50278908731465177 11.500000000000002 0.99984625636640634
decision_type=10 8 10 10 10 10 10 10 10 10 8 10 10 2 10
left_child=8 4 3 -3 7 -4 -6 -2 11 10 -10 13 -13 -1 -11
right_child=1 2 5 -5 6 -7 -8 -9 9 14 -12 12 -14 -15 -16
leaf_value=-7.8010145588333158e-05 -8.5278669635645158e-05 3.6445099901065577e-05 0.00012531477088333157 0.00036818006692735544 0.00049638083201369453 -0.00010191298498819175 0 0 2.3113069570873812e-05 0 -9.9821634973457053e-05 -0.00020285164182499567 0 0 -0.00016512114871602553
leaf_weight=1005.5109661535826 779.47902222862467 449.06899117166176 542.05864371545613 430.23465964198112 91.016896327957511 379.90120280254632 35.053215943276882 1793.9357160106301 1520.6181146036834 32.929988972842693 261.18452160200104 420.02443107776344 125.36391827184707 480.8782274723053 203.39521492365748
leaf_count=9676 3438 2248 2240 1660 364 1140 170 8748 7020 140 1588 1408 910 742 1286
internal_value=0 4.37388e-05 0.000119521 0.000211573 -2.68946e-06 1.95396e-05 0.00030228 -2.20203e-05 -4.9549e-05 -1.04607e-05 0 -8.28557e-05 -0.00015662 -4.82271e-05 -0.000127436
internal_weight=8550.65 4500.75 1801.26 879.304 2699.48 921.96 126.07 2573.41 4049.91 2018.13 1781.8 2031.78 545.388 1486.39 236.325
internal_count=42778 20008 7288 3908 12720 3380 534 12186 22770 10034 8608 12736 2318 10418 1426
is_linear=0
shrinkage=0.0135118


Tree=157
num_leaves=16
num_cat=0
split_feature=22 33 22 11 12 7 12 20 9 18 34 9 34 34 16
split_gain=0.100716 0.0634085 0.0659555 0.159989 0.0392203 0.0907037 0.0695915 0.0375016 0.0203331 0.0395681 0.0268598 0.0137879 0.00704508 0.00892665 0.00335986
threshold=0.058781560691297273 0.039394277505336313 0.10759676684634788 0.36911256134890408 0.064297426739409747 0.3328024196808968 0.10709541354598885 0.062794429632569496 0.26716414329085503 0.048811948168690507 0.031180650678901859 0.39160022862749994 -0.0016468451471018939 -0.0093832772571880146 0.8401861309615587
decision_type=10 8 10 8 10 10 10 10 8 10 8 10 10 8 10
left_child=8 4 7 -4 5 -2 -6 -3 12 10 -10 -11 13 -1 -14
right_child=1 2 3 -5 6 -7 -8 -9 9 11 -12 -13 14 -15 -16
leaf_value=-5.6668202677603013e-05 -8.9059922369878201e-06 0.00013965432415430785 0 0.00052349653774452125 -0.00014547377082004651 0.00028394698995036532 5.1803603050221154e-05 0 5.8371672297215559e-05 -0.0001787908750236163 -5.226664988568245e-05 0 0 0 -0.00013221422894391267
leaf_weight=1879.214034398552 511.41922080330551 556.72593317599967 198.50289289606735 214.95800155121833 667.37176653277129 257.9893721723929 530.49265401437879 790.77886499138549 1191.5645495457575 287.15729496907443 517.78105566906743 76.761878543533385 56.093220267444849 278.00838574534282 535.83460564352572
leaf_count=11096 2518 2574 1366 1258 1864 656 2182 4626 5442 1068 4276 392 384 1236 1840
internal_value=0 5.22979e-05 0.000111187 0.00026834 0 7.48293e-05 -4.87717e-05 5.46009e-05 -4.12082e-05 -3.28502e-06 1.83046e-05 -0.000135351 -6.5731e-05 -4.51902e-05 -0.000121612
internal_weight=8550.65 3728.24 1760.97 413.461 1967.27 769.409 1197.86 1347.5 4822.42 2073.26 1709.35 363.919 2749.15 2157.22 591.928
internal_count=42778 17044 9824 2624 7220 3174 4046 7200 25734 11178 9718 1460 14556 12332 2224
is_linear=0
shrinkage=0.0135118


Tree=158
num_leaves=16
num_cat=0
split_feature=22 16 22 24 7 16 28 20 21 16 33 22 18 30 12
split_gain=0.098161 0.0719826 0.177046 0.197187 0.0566263 0.0540432 0.0708277 0.0495963 0.0766604 0.0440596 0.0438969 0.00787796 0.00369074 0.00287602 0.00270326
threshold=0.098950363086783094 0.74262809133239416 0.12336823190926921 10.500000000000002 0.19833705102195237 0.90627006984446412 0.072450000000000028 0.093336145042857491 0.06628266047994695 0.8459285917345013 0.030980416704653572 0.088911613771605238 0.032128726586090679 16.310000000000006 0.062330627415105679
decision_type=10 10 10 2 10 10 10 10 8 10 8 8 10 10 8
left_child=4 2 14 -4 11 9 -7 10 -9 -3 -6 12 -1 -13 -2
right_child=1 5 3 -5 7 6 -8 8 -10 -11 -12 13 -14 -15 -16
leaf_value=-9.473811399777918e-05 0 3.1342804303224011e-05 0 0.001521041449639796 -5.2621597987682615e-05 0.00021278909259938097 -2.9673813018131116e-05 0 0.00036789314113072662 -0.00024204516444348572 2.6727233202955343e-05 0.0001146801945997725 0 0 -0.00011754007817610775
leaf_weight=1701.0092219896615 36.264211239293218 179.23490917962044 37.169271175283939 39.612227976322174 2375.4285685196519 559.29435264039785 243.08299442334101 245.15701256273314 166.96628225408494 156.73653324507177 2578.6816625180654 39.568170411279425 138.14875094220042 18.933614296838641 35.365947545971721
leaf_count=10939 294 982 578 68 9435 2124 756 1008 666 660 12468 1338 1064 90 308
internal_value=0 0.000108308 0.000402884 0.000855611 -1.97114e-05 5.99552e-05 0.000125404 6.796e-07 0.000144817 -6.30248e-05 -9.06037e-06 -8.32623e-05 -8.90784e-05 0 0
internal_weight=8550.65 1286.76 148.412 76.7815 7263.89 1138.35 802.377 5366.23 412.123 335.971 4954.11 1897.66 1839.16 58.5018 71.6302
internal_count=42778 5770 1248 646 37008 4522 2880 23577 1674 1642 21903 13431 12003 1428 602
is_linear=0
shrinkage=0.0135118


Tree=159
num_leaves=15
num_cat=0
split_feature=21 26 15 11 5 10 12 21 33 5 31 26 5 35
split_gain=0.0955735 0.0724729 0.079721 0.10548 0.0377067 0.021847 0.0219173 0.0193498 0.0190451 0.0161682 0.0152412 0.0208911 0.01332 0.00974985
threshold=0.033095937074386926 0.16890093918597218 1.3621678373799602 0.3009809796100148 0.21437817024394445 0.22865427330248075 0.084147666965392109 0.026658436631102206 0.16713931184652434 0.056766034736167738 2.4250000000000012 0.50278908731465177 0.13641189252970623 2.8698855234942129
decision_type=10 8 8 8 8 10 10 8 10 10 10 10 10 2
left_child=5 8 4 -4 -3 10 7 -7 12 -8 13 -12 -2 -1
right_child=1 2 3 -5 -6 6 9 -9 -10 -11 11 -13 -14 -15
leaf_value=3.3199151856145739e-05 -0.0002923831805769134 -7.3918947597170008e-05 1.392768593793861e-05 0.00019912067706030702 4.853348392902171e-05 4.4211565461895238e-05 -0.00012992763434832287 -6.2291952948594632e-05 0 0 -0.00019839586860398342 0 0 -5.8913851109361709e-05
leaf_weight=81.978250428102911 159.1290574464947 901.50061755720526 1337.6715118326247 1186.6729372642003 871.56937667587772 1120.9819425037131 414.86061432166025 381.65536386985332 31.672423250973225 100.62991940695792 420.02443107776344 125.36391827184707 12.532423814758657 1404.4109431977849
leaf_count=720 810 3282 6461 4975 4280 5436 2066 2116 150 416 1408 910 50 9698
internal_value=0 4.24302e-05 5.62731e-05 0.000105436 -7.41444e-06 -4.80349e-05 -9.89368e-06 9.70203e-06 -0.000194747 -8.86892e-05 -8.04011e-05 -0.000152743 -0.000255191 -4.62951e-05
internal_weight=8550.65 4500.75 4297.41 2524.34 1773.07 4049.91 2018.13 1502.64 203.334 515.491 2031.78 545.388 171.661 1486.39
internal_count=42778 20008 18998 11436 7562 22770 10034 7552 1010 2482 12736 2318 860 10418
is_linear=0
shrinkage=0.0135118


Tree=160
num_leaves=16
num_cat=0
split_feature=9 26 33 12 19 11 24 31 12 9 11 9 26 19 30
split_gain=0.0931172 0.07714 0.111065 0.109425 0.0770015 0.098914 0.134883 0.0653868 0.0413178 0.0534606 0.0347877 0.0268082 0.0245971 0.0144635 0.00899638
threshold=0.36368221331270334 0.26421125725682088 0.037617105643478539 0.064297426739409747 0.14090254695586449 0.36911256134890408 8.5000000000000018 1.1250000000000011 0.081291138386429887 0.22249381583031935 0.39653007097838905 0.42435569174338617 0.21014993861659842 0.079853653575256645 17.155000000000005
decision_type=10 10 10 10 10 8 2 10 10 8 10 10 10 8 10
left_child=4 10 3 -3 8 14 -7 -4 9 -1 12 -12 -2 -10 -6
right_child=1 2 7 -5 5 6 -8 -9 13 -11 11 -13 -14 -15 -16
leaf_value=-8.0587007619488935e-05 -0.00033691158653192401 0.00028256519844070769 9.7922512640448973e-05 -3.686827602158976e-05 0.00016501337202617035 0 0.0011937969506964142 0.00042315799814085048 -7.1524690191908849e-05 7.7302000688167574e-06 0.00035781221352677135 -4.0843711346103693e-05 0 -0.00026861774949973064 -8.3452526385397754e-05
leaf_weight=1763.8274048278108 123.95182846486568 241.07934389915317 386.43646830972284 892.34188258554786 45.719727025832981 10.323719877284018 37.18249249458313 287.1574219353497 658.0899995630607 3699.8389087922405 36.688086471520364 90.477684100158513 49.794514124281704 172.41297507472336 55.331273373682052
leaf_count=10438 514 852 1962 3410 312 234 90 1194 2854 19308 202 428 228 526 226
internal_value=0 7.75369e-05 0.000114003 2.12664e-05 -2.591e-05 0.00026949 0.000776694 0.000253338 -3.4676e-05 -1.87352e-05 -0.000104156 0 -0.000235057 -0.000126016 0
internal_weight=8550.65 2107.93 1807.02 1133.42 6442.73 148.557 47.5062 673.594 6294.17 5463.67 300.912 127.166 173.746 830.503 101.051
internal_count=42778 8790 7418 4262 33988 862 324 3156 33126 29746 1372 630 742 3380 538
is_linear=0
shrinkage=0.0135118


Tree=161
num_leaves=16
num_cat=0
split_feature=21 9 19 11 12 17 33 35 10 12 26 21 31 26 24
split_gain=0.0916622 0.0856837 0.0642885 0.0851644 0.0616473 0.152147 0.0746091 0.0306999 0.0209518 0.0210937 0.0258139 0.0190452 0.0147962 0.020344 0.0140376
threshold=0.033095937074386926 0.36368221331270334 0.14090254695586449 0.28023765919799953 0.065747548412788306 0.94551259793826159 0.040277115408499549 3.4966590536657916 0.22865427330248075 0.093548022896578431 0.48363131452734215 0.026658436631102206 2.4250000000000012 0.50278908731465177 11.500000000000002
decision_type=10 8 10 10 10 10 10 2 10 10 10 8 10 10 2
left_child=8 2 7 -4 5 -3 -6 -2 12 11 -11 -10 14 -14 -1
right_child=1 4 3 -5 6 -7 -8 -9 9 10 -12 -13 13 -15 -16
leaf_value=-7.4460282486965177e-05 -0.00011212093571995763 3.9436718137046879e-05 -6.3224810521578649e-05 0.00052252555349629895 -1.362633728923837e-05 0.00051793758195225732 0.00021128275820400712 0 4.0091783023605366e-05 -0.0002125613064418709 0 -6.3144896198047662e-05 -0.00019512496690706364 0 0
leaf_weight=1005.5109661535826 538.51985044032335 400.68156266817823 31.168485366739333 94.90162690449506 826.01358427852392 221.41241128928959 353.15593909565359 2034.8948877989314 1186.0073246946558 191.76207617344335 229.85889506340027 410.49954417068511 420.02443107776344 125.36391827184707 480.8782274723053
leaf_count=9676 2888 1918 166 368 2948 864 1558 9298 5652 826 1320 2236 1408 910 742
internal_value=0 4.15518e-05 -2.6223e-06 0.000289369 0.000113957 0.000227931 4.4283e-05 -2.13156e-05 -4.70428e-05 -9.56021e-06 -9.69651e-05 6.52668e-06 -7.87549e-05 -0.000150073 -4.50252e-05
internal_weight=8550.65 4500.75 2699.48 126.07 1801.26 622.094 1179.17 2573.41 4049.91 2018.13 421.621 1596.51 2031.78 545.388 1486.39
internal_count=42778 20008 12720 534 7288 2782 4506 12186 22770 10034 2146 7888 12736 2318 10418
is_linear=0
shrinkage=0.0135118


Tree=162
num_leaves=16
num_cat=0
split_feature=22 33 8 10 26 7 7 17 7 26 26 26 17 20 21
split_gain=0.0903655 0.0591582 0.0711607 0.105973 0.0369993 0.0367687 0.0341284 0.017848 0.0331714 0.0201386 0.0211249 0.0171073 0.0115859 0.0105229 0.00442849
threshold=0.058781560691297273 0.039394277505336313 0.40667583595282275 0.39792044928441977 0.60916750362682748 0.20345425816966575 0.45110898250398385 0.87858098325126543 0.25367698327872773 0.30883042238833486 0.14988865668573775 0.57005768458540229 1.0741884219064055 0.054492036502576564 0.02218615109984479
decision_type=10 8 10 10 8 10 10 10 10 10 8 10 10 8 10
left_child=7 5 4 -4 -3 14 -7 8 13 10 -9 -10 -11 -1 -2
right_child=1 2 3 -5 -6 6 -8 9 11 12 -12 -13 -14 -15 -16
leaf_value=-6.1588302129136251e-05 0 6.4169808366703318e-06 0.00091393282179327991 0.00013550998932122211 0.00017507105608000444 5.9757737033961183e-05 -5.9126774554035509e-05 0 9.9183692950739597e-05 -6.883525503635659e-05 -0.00013403277014877439 -1.1670690027336295e-05 2.7603227663185257e-06 9.4363596649697487e-06 -0.000264248742975802
leaf_weight=1391.5395268630236 15.023618711158631 1082.6834468347952 50.916687370277941 250.25182921439409 377.11372919520363 1221.7790332240984 627.8331950660795 192.45946783991531 597.79427954694256 532.02165730809793 980.77669123373926 167.55666483938694 780.46080420538783 179.80593294580467 102.63716652151197
leaf_count=8310 92 6144 212 1070 2398 4243 2236 860 2710 3078 3486 980 4146 2164 649
internal_value=0 4.9534e-05 0.000106424 0.000305176 5.76869e-05 0 1.3347e-05 -3.90372e-05 -6.61497e-06 -6.50062e-05 -0.000108316 6.02964e-05 -1.77427e-05 -4.63362e-05 -0.000232567
internal_weight=8550.65 3728.24 1760.97 301.169 1459.8 1967.27 1849.61 4822.42 2336.7 2485.72 1173.24 765.351 1312.48 1571.35 117.661
internal_count=42778 17044 9824 1282 8542 7220 6479 25734 14164 11570 4346 3690 7224 10474 741
is_linear=0
shrinkage=0.0135118


Tree=163
num_leaves=16
num_cat=0
split_feature=22 16 39 24 19 5 10 9 15 21 15 22 28 23 19
split_gain=0.0882441 0.0693931 0.173587 0.164292 0.0750625 0.083944 0.0830198 0.0529509 0.0382118 0.0488198 0.0328433 0.0375579 0.0264335 0.0226454 0.0159867
threshold=0.098950363086783094 0.74262809133239416 1.5000000000000002 9.5000000000000018 0.096548166966625493 0.15694839268300628 0.3892848018163117 0.43100634933011417 1.333917244505854 0.033095937074386926 1.2182092071904869 0.091684651072204165 0.095299999999999982 0.051981408307829109 0.068085220759402723
decision_type=10 10 2 2 10 8 10 10 10 10 10 10 10 8 10
left_child=7 2 3 -2 6 -6 -3 8 14 -10 13 -12 -4 -9 -1
right_child=1 4 12 -5 5 -7 -8 10 9 -11 11 -13 -14 -15 -16
leaf_value=-4.5150906113473939e-05 0 0 -9.4598088624895432e-05 0.0014304138855852563 -0.00017368753702647017 9.6518871095904949e-05 0.0005082975188128462 0.00013351988621324726 -4.4367059347563882e-05 5.2021647594430557e-05 0.00027492705258290277 0 0.00050906160307037792 -0.00010976813732909631 -0.00014535748001328006
leaf_weight=2254.9216432638932 18.386850641574711 92.027325473725796 73.374558407347649 40.930431604385376 322.58484320295975 598.97605253197253 124.760568279773 126.64283841662109 2230.9272831422277 1670.2447118265554 248.45041814818978 32.241180182434618 15.719817283563314 154.86449580173939 545.60071271285415
leaf_count=13222 276 338 784 90 1120 2740 324 602 10817 7938 1066 134 98 652 2577
internal_value=0 0.000102742 0.000391402 0.00095551 5.51635e-05 0 0.000281191 -1.864e-05 -3.0509e-05 -2.28195e-07 0.000102869 0.000206195 0 0 -6.86872e-05
internal_weight=8550.65 1286.76 148.412 59.3173 1138.35 921.561 216.788 7263.89 6701.69 3901.17 562.199 280.692 89.0944 281.507 2800.52
internal_count=42778 5770 1248 366 4522 3860 662 37008 34554 18755 2454 1200 882 1254 15799
is_linear=0
shrinkage=0.0135118


Tree=164
num_leaves=16
num_cat=0
split_feature=20 18 24 18 9 16 19 34 9 35 9 16 24 34 5
split_gain=0.0865621 0.0940675 0.0758855 0.136376 0.0634977 0.0904832 0.0446402 0.0338119 0.0397371 0.0271797 0.0248341 0.0191314 0.015668 0.0134317 0.0052239
threshold=0.095455186586157856 0.057010438423333649 10.500000000000002 0.044860924809190468 0.39160022862749994 1.0700623482379028 0.059631108700963241 0.031180650678901859 0.19150911060132156 3.4583650423301804 0.32947638869810086 1.114872567641757 9.5000000000000018 0.082218260223419173 0.16384083068306279
decision_type=10 10 2 8 10 10 10 10 10 2 10 10 2 10 10
left_child=4 2 12 -4 7 6 -6 8 -1 -7 14 -12 -2 -9 -3
right_child=1 10 3 -5 5 9 -8 13 -10 -11 11 -13 -14 -15 -16
leaf_value=-9.4550914632156126e-05 8.2476109823261218e-05 0 0.00017531339696244587 0.0010971165514757392 0 3.5017771652687095e-05 0.00028725676779533133 -0.00017539045869770066 -2.1765584995500136e-06 -0.00015494145545548232 -0.00031332481347223925 0 -7.3072939948102433e-05 0 0.00033313802861819876
leaf_weight=1135.9219146545511 268.2790834470652 18.702839652542028 637.92333966493607 37.253288149833679 192.57663286756724 158.24518297426403 359.73739924747497 444.4437138158828 4503.9537070929073 244.78923433460295 125.11703798640519 37.861130421049893 193.13024887442589 184.48213973641396 8.2368379998952133
leaf_count=8750 3484 110 1086 64 938 772 1376 1698 20874 976 472 152 634 1366 26
internal_value=0 9.99383e-05 0.000151614 0.000243303 -1.87924e-05 8.02953e-05 0.000197528 -3.5683e-05 -2.27717e-05 -5.26329e-05 -0.000150177 -0.000232447 0 -0.000133592 0
internal_weight=8550.65 1326.5 1136.59 675.177 7224.15 955.348 552.314 6268.8 5639.88 403.034 189.918 162.978 461.409 628.926 26.9397
internal_count=42778 6028 5268 1150 36750 4062 2314 32688 29624 1748 760 624 4118 3064 136
is_linear=0
shrinkage=0.0135118


Tree=165
num_leaves=16
num_cat=0
split_feature=22 26 35 17 16 18 9 32 11 9 31 35 9 8 7
split_gain=0.0845186 0.0535742 0.0595405 0.105962 0.032125 0.0202021 0.0376562 0.0287434 0.0199859 0.0173015 0.0141792 0.0134846 0.0308668 0.01418 0.000141741
threshold=0.058781560691297273 0.26421125725682088 4.1460667777919866 1.2538220553736512 1.0925082744600838 0.048811948168690507 0.26716414329085503 0.56134564643799478 0.22171704609378587 0.39160022862749994 2.8350000000000013 3.1661072036761087 0.3160105648090617 0.30758557813471582 0.23284413799604151
decision_type=10 8 2 10 8 10 10 10 10 10 10 2 8 10 10
left_child=5 11 3 -3 -4 6 10 -8 14 -10 -1 13 -13 -2 -7
right_child=1 2 4 -5 -6 8 7 -9 9 -11 -12 12 -14 -15 -16
leaf_value=-3.0424818726005234e-05 -0.00011805252720629773 0.00018342310876348723 5.0957492595511019e-05 -7.0913178003809043e-05 -7.6548397653923122e-05 0 0.00010527505478188062 -9.7871830499273934e-06 -0.00020080436708190251 0 -0.00011608294810741116 0 -0.00025245164266884647 0.00014473481800193996 3.8169995372189504e-05
leaf_weight=2124.621688516112 57.33741951175034 1314.7086902754381 1118.6565512269735 314.19126679562032 509.51881083846092 67.529962928965688 550.45320125669241 940.51387815270573 365.18851904151961 76.761878543533385 679.94118217378855 159.74150626175106 169.24146295106038 84.842998276464641 17.404714168980718
leaf_count=13108 438 6310 5066 1248 2050 330 2746 4150 1528 392 3438 742 748 442 42
internal_value=0 4.79396e-05 6.92883e-05 0.000127488 4.17197e-06 -3.7719e-05 -2.46847e-05 2.51993e-05 -0.000122656 -0.000161812 -5.51962e-05 -7.58335e-05 -0.000125334 0 0
internal_weight=8550.65 3728.24 3257.08 1628.9 1628.18 4822.42 4295.53 1490.97 526.885 441.95 2804.56 471.163 328.983 142.18 84.9347
internal_count=42778 17044 14674 7558 7116 25734 23442 6896 2292 1920 16546 2370 1490 880 372
is_linear=0
shrinkage=0.0135118


Tree=166
num_leaves=16
num_cat=0
split_feature=21 9 7 26 5 19 32 35 10 27 21 16 35 28 32
split_gain=0.0827332 0.0794352 0.073238 0.0906129 0.0613342 0.0606764 0.0665887 0.0303137 0.0193971 0.0181915 0.0179805 0.00875085 0.0065816 0.00571431 5.53223e-05
threshold=0.033095937074386926 0.36368221331270334 0.4275129457766022 0.21014993861659842 -0.070141755500425923 0.14090254695586449 0.6358839050131927 3.4966590536657916 0.22865427330248075 0.89402163807685853 0.029673028298675942 0.99984625636640634 2.785319788992962 -0.050449999999999932 0.59498680738786291
decision_type=10 8 10 8 10 10 10 2 10 10 8 10 2 8 10
left_child=8 5 3 -3 -4 7 -7 -2 12 10 -10 -11 14 -14 -1
right_child=1 2 4 -5 -6 6 -8 -9 9 11 -12 -13 13 -15 -16
leaf_value=1.5078911924458783e-05 -0.00011145635615107501 -0.00012265724338025855 0.00011437717770839079 0.00025205046315927154 -0.00010543424457807415 0.00053548124887651985 0 0 2.4073181927355221e-05 0 -9.5819920403197883e-05 -0.0001576416258388843 0 -8.4723917615990146e-05 0
leaf_weight=44.064247762318701 538.51985044032335 95.262476640753448 542.05864371545613 784.04117417288944 379.90120280254632 76.71132186986506 49.358790401369333 2034.8948877989314 1520.6181146036834 32.929988972842693 261.18452160200104 203.39521492365748 49.778972093015909 1914.1882693225052 23.746053797658533
leaf_count=500 2888 370 2240 3538 1140 350 184 9298 7020 140 1588 1286 554 11500 182
internal_value=0 3.94448e-05 0.000109196 0.000198692 1.16554e-05 -2.95819e-06 0.000280417 -2.12283e-05 -4.47236e-05 -8.46517e-06 1.99803e-07 -0.000121009 -7.52203e-05 -8.04061e-05 0
internal_weight=8550.65 4500.75 1801.26 879.304 921.96 2699.48 126.07 2573.41 4049.91 2018.13 1781.8 236.325 2031.78 1963.97 67.8103
internal_count=42778 20008 7288 3908 3380 12720 534 12186 22770 10034 8608 1426 12736 12054 682
is_linear=0
shrinkage=0.0135118


Tree=167
num_leaves=16
num_cat=0
split_feature=20 18 24 21 21 22 31 19 35 11 34 12 30 10 10
split_gain=0.0809927 0.0906154 0.0743734 0.154093 0.0885426 0.0495593 0.0783122 0.0936285 0.0366172 0.0602623 0.0396577 0.0335419 0.0223614 0.0194304 0.00587002
threshold=0.095455186586157856 0.057010438423333649 11.500000000000002 0.080785800643922268 0.070624650643894935 0.10529997692300735 4.8350000000000009 0.097581661151217497 2.6322484230359993 0.3489054355201418 -0.0034137407100474633 0.067819074851049391 16.445000000000004 0.59647875069215772 0.38095085444643428
decision_type=10 10 2 10 10 10 10 10 2 8 8 10 8 10 10
left_child=5 2 4 -4 -2 8 12 -8 9 -1 -10 14 -7 -13 -3
right_child=1 11 3 -5 -6 6 7 -9 10 -11 -12 13 -14 -15 -16
leaf_value=-1.1805154978081396e-05 -8.6584356817981937e-05 0.00017493588797998214 0.0006160103133429145 0 0.00018909198626537911 0.00019669908324134852 0.0013102539263927342 0 -9.602772365739139e-06 0.0002952102834154303 -8.4434026978680302e-05 -0.00040536866546891877 -7.467685066001247e-05 0 0
leaf_weight=195.4781012753956 337.71215346315876 34.662738540675491 167.85669207572937 177.45651698112488 453.56059761624783 87.413723296485841 21.74676313996315 31.847799211740494 4505.2861243989319 165.47525548795238 2094.1337901272345 84.079170580022037 122.76836778596044 44.604120296426117 26.571816642768681
leaf_count=1176 2336 206 232 242 2458 380 60 98 23440 1092 9990 232 514 176 146
internal_value=0 9.65942e-05 0.000147454 0.000321364 5.73032e-05 -1.82515e-05 0.000157539 0.000621701 -2.65299e-05 9.81032e-05 -3.50483e-05 -0.000148636 0 -0.0002829 0
internal_weight=8550.65 1326.5 1136.59 345.313 791.273 7224.15 263.777 53.5946 6960.37 360.953 6599.42 189.918 210.182 128.683 61.2346
internal_count=42778 6028 5268 474 4794 36750 1052 158 35698 2268 33430 760 894 408 352
is_linear=0
shrinkage=0.0135118


Tree=168
num_leaves=16
num_cat=0
split_feature=21 8 12 35 12 8 7 10 12 21 31 34 24 34 19
split_gain=0.0792694 0.0525627 0.0739642 0.0872895 0.0461762 0.023083 0.0502487 0.0187389 0.020194 0.0186447 0.0141364 0.0138158 0.0134039 0.0121386 0.0116493
threshold=0.033095937074386926 0.28724391310629371 0.062330627415105679 4.5906147666919699 0.10709541354598885 0.25219665215423548 0.19833705102195237 0.22865427330248075 0.093548022896578431 0.026658436631102206 2.4250000000000012 -0.035355872348110044 11.500000000000002 -0.04396396912816352 0.073939140014889909
decision_type=10 8 10 2 10 10 10 10 10 8 10 10 2 10 8
left_child=7 5 3 -3 -4 6 -2 10 9 -9 12 -12 -1 -7 -10
right_child=1 2 4 -5 -6 13 -8 8 14 -11 11 -13 -14 -15 -16
leaf_value=-6.9941310398477551e-05 -9.194722650859162e-05 0.00025975903861554574 -3.2535042755399989e-05 0 0.00010348652897538398 0 9.1061129590783282e-05 4.079171022344912e-05 -0.00012432293087452401 -6.0880879601636597e-05 0 -0.00016896857225632921 0 -0.00011594288070703164 0
leaf_weight=1005.5109661535826 405.09447569679469 664.60376495635137 1033.3555195936933 286.92529948893934 736.86437370814383 167.14982748543844 725.79597077704966 1186.0073246946558 378.24540680414066 410.49954417068511 66.373537603765726 479.01481174584478 480.8782274723053 480.95911613572389 43.375564432702959
leaf_count=9676 2811 2886 3626 1024 3134 1230 3655 5652 1922 2236 1332 986 742 1642 224
internal_value=0 3.85983e-05 7.6636e-05 0.000174339 1.77698e-05 -1.33073e-05 1.55991e-05 -4.3789e-05 -8.05851e-06 7.62918e-06 -7.37616e-05 -0.000143025 -4.07872e-05 -8.09951e-05 -9.3954e-05
internal_weight=8550.65 4500.75 2721.75 951.529 1770.22 1779 1130.89 4049.91 2018.13 1596.51 2031.78 545.388 1486.39 648.109 421.621
internal_count=42778 20008 10670 3910 6760 9338 6466 22770 10034 7888 12736 2318 10418 2872 2146
is_linear=0
shrinkage=0.0135118


Tree=169
num_leaves=16
num_cat=0
split_feature=22 16 8 24 5 11 9 12 9 26 8 5 35 34 17
split_gain=0.0780239 0.193741 0.212806 0.167645 0.0815582 0.0629245 0.054521 0.0620659 0.0906858 0.0732613 0.0475085 0.0161659 0.00782178 0.00641337 2.34499e-06
threshold=0.12121037938859837 0.74262809133239416 0.42181132318384185 8.5000000000000018 0.15694839268300628 0.28112899614755299 0.22249381583031935 0.081291138386429887 0.43100634933011417 0.47870574959486772 0.38850814180466037 0.07695457695457697 2.8698855234942129 -0.01348517463365617 0.77760558901942123
decision_type=10 10 8 2 8 10 10 10 10 10 10 10 2 10 10
left_child=6 2 14 -4 10 -6 11 9 -9 -8 -3 12 -1 -13 -2
right_child=1 4 3 -5 5 -7 7 8 -10 -11 -12 13 -14 -15 -16
leaf_value=0 0 1.6732788808300222e-05 0 0.0019612871749283608 -0.00014151821508568766 0.00026218166197181059 0 -0.00013031168834974418 7.4789217480923561e-05 0.00012263672336976976 -0.00029582049908144097 -3.742800326115279e-05 -9.8257940728640295e-05 7.1508526082775847e-05 4.3817537601337864e-06
leaf_weight=93.641810232773423 21.023309900425375 77.041761083062738 6.4655648809857658 30.098141103982925 51.485558361746371 313.58238964434713 2843.3765733581968 1151.8177781556733 523.54648747481406 1267.8726610122249 149.72413778677583 266.24393292912282 1577.2043727915734 155.5876090824604 21.941643121652305
leaf_count=748 192 388 256 86 298 1336 11726 4640 2132 7054 406 2040 10842 492 142
internal_value=0 0.000139335 0.000772649 0.00153102 3.4909e-05 0.000174522 -1.23607e-05 7.27676e-06 -5.95336e-05 3.72287e-05 -0.000140471 -7.20035e-05 -9.08799e-05 0 0
internal_weight=8550.65 671.363 79.5287 36.5637 591.834 365.068 7879.29 5786.61 1675.36 4111.25 226.766 2092.68 1670.85 421.832 42.965
internal_count=42778 3104 676 342 2428 1634 39674 25552 6772 18780 794 14122 11590 2532 334
is_linear=0
shrinkage=0.0135118


Tree=170
num_leaves=15
num_cat=0
split_feature=7 21 26 35 34 20 7 34 34 7 26 31 7 7
split_gain=0.0761595 0.0691299 0.0652519 0.058007 0.0315717 0.0197104 0.0184802 0.0171355 0.0102629 0.00592601 0.00552597 2.12846e-05 0.000457487 4.96409e-05
threshold=0.19833705102195237 0.052210872839726981 0.3594697246305753 4.1460667777919866 0.031180650678901859 0.069232917662185742 0.33636458466017566 0.065865556907582681 -0.062367073250316533 0.10348605575085233 0.07292389857602459 -0.075000000000001052 0.16245437030390283 0.19138776007865446
decision_type=8 10 8 2 10 10 10 10 10 10 8 8 10 10
left_child=8 4 5 -4 6 -3 -2 -6 11 -10 -11 13 -13 -1
right_child=1 2 3 -5 7 -7 -8 -9 9 10 -12 12 -14 -15
leaf_value=-1.0383310804088568e-05 -1.2271785879703144e-05 3.1795243529354861e-05 0.00019591553452116538 2.2586292668049145e-05 -0.00015578235152525257 -0.00010360461626141909 5.525594742709641e-05 0 -0.00033102442193806529 0 -8.5190369035043181e-05 0 3.8224101831463379e-05 0
leaf_weight=83.704632363282144 2980.786352037685 270.13837912678719 947.06464176811278 824.48069650446996 383.44061972759664 350.53209569863975 959.95604188134894 209.20311123877764 51.251244906336069 45.085892595350742 1333.8119772747159 43.443553471472114 59.468106581363827 8.28638574387878
leaf_count=538 15941 1046 4132 3326 1430 1354 3702 1540 202 208 7803 868 628 60
internal_value=0 1.91173e-05 7.84466e-05 0.000121588 -9.7239e-06 -2.66582e-05 1.34005e-06 -0.000102133 -8.36488e-05 -9.62303e-05 -7.93013e-05 0 6.13427e-06 0
internal_weight=8550.65 6925.6 2392.22 1771.55 4533.39 620.67 3940.74 592.644 1625.05 1430.15 1378.9 194.903 102.912 91.991
internal_count=42778 32471 9858 7458 22613 2400 19643 2970 10307 8213 8011 2094 1496 598
is_linear=0
shrinkage=0.0135118


Tree=171
num_leaves=15
num_cat=0
split_feature=20 9 16 17 12 16 31 27 5 13 12 10 35 10
split_gain=0.0746474 0.0567011 0.0855849 0.0736036 0.0479413 0.0709258 0.0780048 0.04336 0.0678747 0.0357451 0.0354344 0.0715146 0.0259247 0.0152542
threshold=0.095455186586157856 0.39160022862749994 1.0700623482379028 0.87037368881886323 0.18103825469852616 1.294630173145729 -0.37499999999999906 0.3736027200345558 0.15292732574926912 1.2585150729391594 0.081291138386429887 0.38618386430713764 3.4583650423301804 0.28230587639305177
decision_type=10 10 10 10 8 10 8 10 8 10 10 10 2 10
left_child=1 10 3 -3 7 6 -6 9 -9 -2 11 -1 -4 -12
right_child=4 2 12 -5 5 -7 -8 8 -10 -11 13 -13 -14 -15
leaf_value=-3.3551388195792647e-05 -7.53700496274919e-05 0 3.0652889770246113e-05 0.00033503918329796668 0 0 0.00093093576607262193 -0.0004122113003327315 2.4171163952227933e-05 0.00013325860907332311 0 0.00015256656437393585 -0.00015270941459465419 -0.00014383947507381795
leaf_weight=4963.1267022409011 107.29139899043366 254.76562727894634 158.24518297426403 297.54840483609587 15.100328793749211 54.739426192827523 49.930085921660066 83.147817061282694 131.00131595507264 885.29343328112736 206.00212214002386 393.32026295363903 244.78923433460295 706.35238796519116
leaf_count=27054 466 1236 772 1078 92 340 476 280 658 3716 864 1876 976 2894
internal_value=0 -1.75299e-05 7.59305e-05 0.000190243 9.27251e-05 0.000369382 0.000669852 5.58888e-05 -9.34645e-05 9.9411e-05 -3.35627e-05 -1.77852e-05 -5.29926e-05 -0.00011388
internal_weight=8550.65 7224.15 955.348 552.314 1326.5 119.77 65.0304 1206.73 214.149 992.585 6268.8 5356.45 403.034 912.355
internal_count=42778 36750 4062 2314 6028 908 568 5120 938 4182 32688 28930 1748 3758
is_linear=0
shrinkage=0.0135118


Tree=172
num_leaves=16
num_cat=0
split_feature=7 21 16 35 10 34 18 34 34 18 18 32 9 31 31
split_gain=0.0735151 0.0660948 0.0474761 0.0801629 0.0729012 0.0304046 0.0268814 0.0165866 0.00996983 0.00609417 0.00931388 0.00303857 0.00018958 0.00299198 7.03361e-05
threshold=0.19833705102195237 0.052210872839726981 0.99569106445270428 5.1525109392831334 0.50866608540096703 0.031180650678901859 0.048811948168690507 0.065865556907582681 -0.062367073250316533 0.0088828361648574123 -0.014276051450814396 0.49670184696569925 0.24356825895724929 -1.0450000000000015 3.4050000000000016
decision_type=8 10 8 2 8 10 10 10 10 10 10 10 10 10 8
left_child=8 5 3 -3 -4 6 -2 -7 12 10 -10 -11 14 -14 -1
right_child=1 2 4 -5 -6 7 -8 -9 9 11 -12 -13 13 -15 -16
leaf_value=-1.0184002175253783e-05 1.9478576014131692e-05 0.00017800874931836152 -8.7438355853846456e-05 -0.00010822735178267908 0.00013122465854396195 -0.00015285801688377454 -7.6638960629325456e-05 0 -1.5082693484741402e-05 0 -0.00015830891526337677 -5.0848966592618986e-05 0 0.0001161995752367604 0
leaf_weight=123.45721528679132 3318.5024290734436 1120.8042154163122 607.58454106654972 161.04183980543166 502.78521680971608 383.44061972759664 622.23996484559029 209.20311123877764 317.66343634575605 185.04837602283806 608.78466728609055 318.65263512171805 21.905409008264542 42.66217843350023 6.8778754314407697
leaf_count=1242 16987 5104 2082 678 1994 1430 2656 1540 2086 1685 3150 1292 120 260 472
internal_value=0 1.87938e-05 7.6812e-05 0.000133295 1.50306e-06 -9.35556e-06 1.45485e-06 -0.000100079 -8.21727e-05 -9.45767e-05 -0.000121306 -2.31479e-05 0 2.30891e-05 0
internal_weight=8550.65 6925.6 2392.22 1281.85 1110.37 4533.39 3940.74 592.644 1625.05 1430.15 926.448 503.701 194.903 64.5676 130.335
internal_count=42778 32471 9858 5782 4076 22613 19643 2970 10307 8213 5236 2977 2094 380 1714
is_linear=0
shrinkage=0.0135118


Tree=173
num_leaves=16
num_cat=0
split_feature=21 9 19 11 11 18 5 35 10 27 21 18 34 28 36
split_gain=0.0715223 0.0707669 0.0554455 0.0807953 0.0490007 0.116566 0.0708061 0.0301282 0.0173969 0.0164488 0.0173277 0.00726948 0.00841897 0.00473443 0.000730859
threshold=0.033095937074386926 0.36368221331270334 0.14090254695586449 0.36911256134890408 0.44452297793865553 -0.076428072277053935 -0.070141755500425923 3.4966590536657916 0.22865427330248075 0.89402163807685853 0.029673028298675942 -0.034995987158908552 -0.037328260703516074 -0.21689999999999993 1.0000000180025095e-35
decision_type=10 8 10 10 10 8 10 2 10 10 8 8 10 8 2
left_child=8 2 7 -4 5 -3 -6 -2 11 10 -10 14 -13 -11 -1
right_child=1 4 3 -5 6 -7 -8 -9 9 13 -12 12 -14 -15 -16
leaf_value=0 -0.00011083321340688361 0.00078167605965475924 0 0.00081764821625387161 0.00014183167233553369 0.00011830396672374266 -8.5155235839676557e-05 0 2.443800274207487e-05 0 -9.2890398096356756e-05 -2.082753071407492e-05 -0.00010427064775003223 -0.0001311446996544105 5.1613696208620582e-05
leaf_weight=60.086389464326203 538.51985044032335 61.354656023904681 90.853916564024985 35.216195707209408 501.75921504572034 783.51111305831 454.63851320371032 2034.8948877989314 1520.6181146036834 6.0862758457660675 261.18452160200104 760.02050467091613 1161.9396070279181 230.2389280507341 49.731041812337935
leaf_count=288 2888 178 400 134 2302 3424 1384 9298 7020 36 1588 8228 3960 1390 260
internal_value=0 3.66053e-05 -3.21476e-06 0.000267276 0.000102486 0.000180036 2.22345e-05 -2.08519e-05 -4.16514e-05 -7.04459e-06 9.4108e-07 -7.05081e-05 -7.7109e-05 -0.000114476 0
internal_weight=8550.65 4500.75 2699.48 126.07 1801.26 844.866 956.398 2573.41 4049.91 2018.13 1781.8 2031.78 1921.96 236.325 109.817
internal_count=42778 20008 12720 534 7288 3602 3686 12186 22770 10034 8608 12736 12188 1426 548
is_linear=0
shrinkage=0.0135118


Tree=174
num_leaves=13
num_cat=0
split_feature=7 34 18 28 9 34 18 7 34 26 26 8
split_gain=0.0704637 0.0603399 0.074644 0.1344 0.0706767 0.0211628 0.0187548 0.00961416 0.00710591 0.00532171 0.000966905 0.000158411
threshold=0.19833705102195237 0.031180650678901859 -0.032848801630765194 0.072450000000000028 0.56611536436218102 0.065865556907582681 0.047959646488708103 0.10348605575085233 -0.062367073250316533 0.07292389857602459 0.83927211172238692 0.19557967671257062
decision_type=8 10 8 10 10 10 10 10 10 8 8 10
left_child=7 2 3 -2 -4 6 -3 -1 11 -10 -7 -9
right_child=1 5 4 -5 -6 10 -8 8 9 -11 -12 -13
leaf_value=-0.00032352390774323397 0.00020400183777927349 -0.00016492485920794323 0 -0.00010822649947259756 0.00028523142743087373 2.974404697018028e-05 0 0 0 -8.174579222128709e-05 -1.6461865185235568e-05 2.2149194718112844e-05
leaf_weight=53.554973447695374 1003.5224842973985 493.14336272887886 4645.642594360048 284.23784523410723 161.4965663459152 165.05876944959164 61.477951845154166 134.00364696234465 45.085892595350742 1333.8119772747159 111.02236372232437 58.595302656292915
leaf_count=314 4188 1792 22621 966 688 1230 178 1580 208 7803 808 402
internal_value=0 1.83434e-05 3.43957e-05 0.000126382 7.41721e-06 -8.59234e-05 -0.000134229 -8.05039e-05 -6.50266e-05 -7.58914e-05 0 0
internal_weight=8550.65 6925.6 6094.9 1287.76 4807.14 830.702 554.621 1625.05 1571.5 1378.9 276.081 192.599
internal_count=42778 32471 28463 5154 23309 4008 1970 10307 9993 8011 2038 1982
is_linear=0
shrinkage=0.0135118


Tree=175
num_leaves=15
num_cat=0
split_feature=22 18 30 21 5 22 7 34 18 31 34 35 28 30
split_gain=0.0703106 0.0930668 0.0883738 0.0877103 0.0741995 0.103243 0.0544166 0.0560877 0.0592652 0.0384464 0.0236822 0.00993365 0.0064637 0.00604379
threshold=0.12121037938859837 -0.1504887528585522 20.360000000000003 0.10840699163243037 0.13897465961238878 0.13174603632222856 0.19833705102195237 0.031180650678901859 -0.032848801630765194 -1.2300000000000002 0.065865556907582681 2.785319788992962 0.0068000000000000152 16.355000000000004
decision_type=10 10 10 8 8 10 10 10 10 10 10 2 10 10
left_child=6 2 3 -2 5 -3 11 8 -8 -6 -9 13 -13 -1
right_child=1 4 -4 -5 9 -7 7 10 -10 -11 -12 12 -14 -15
leaf_value=0.00016667062581537603 0.00151347445760644 0.00023719856419277707 0 0 0 -0.00035148616756405229 0.00011394624770709585 -0.00015073181738107274 0 0.00024416825823717027 0 -0.00011731557317409106 -3.734242330596459e-05 0
leaf_weight=39.364192202687263 24.846585396677256 67.649370461702347 9.805313937366007 7.7896936130709937 62.883689032867551 140.17562963301316 1071.7791518336162 515.85297811403871 4111.0160383880138 358.21222380828112 260.18643587827682 903.09223694470711 948.56948306551203 29.43070860998705
leaf_count=408 58 250 22 198 396 550 4410 1860 17759 1630 1916 6425 6682 214
internal_value=0 0.000132217 0.000773152 0.00112447 7.07566e-05 -0.000105996 -1.17829e-05 6.66963e-06 2.44572e-05 0.000184575 -9.76588e-05 -7.4858e-05 -8.24082e-05 0
internal_weight=8550.65 671.363 42.4416 32.6363 628.921 207.825 7879.29 5958.83 5182.8 421.096 776.039 1920.46 1851.66 68.7949
internal_count=42778 3104 278 256 2826 800 39674 25945 22169 2026 3776 13729 13107 622
is_linear=0
shrinkage=0.0135118


Tree=176
num_leaves=15
num_cat=0
split_feature=22 16 8 24 28 5 16 26 32 18 26 24 17 11
split_gain=0.068369 0.186985 0.204004 0.162822 0.0776988 0.078267 0.0541527 0.0474982 0.0727532 0.0486027 0.0342727 0.0217021 0.0217125 0.00952501
threshold=0.12121037938859837 0.74262809133239416 0.42181132318384185 8.5000000000000018 0.031499999999999993 0.10338052064065152 0.91005014621279889 0.25238925591605527 0.65435356200527717 -0.032848801630765194 0.48108905999448798 11.500000000000002 1.0256570542526229 0.18816292310803925
decision_type=10 10 8 2 10 8 10 10 8 10 10 2 8 8
left_child=7 2 -2 -4 6 -6 -3 11 9 -9 -10 12 -1 -13
right_child=1 4 3 -5 5 -7 -8 8 10 -11 -12 13 -14 -15
leaf_value=-3.9310828126539288e-05 0 0 0 0.0019183361621720706 -0.00040137687904032789 1.0328148217530712e-05 0.00040158807558256487 0.00018686174774389141 -9.6855590180406397e-05 2.6775754462532603e-05 0 -7.9802906250071967e-05 -0.00017584861852323893 1.3951399468212226e-05
leaf_weight=881.55290332250297 42.96495302207768 87.874473507516086 6.4655648809857658 30.098141103982925 99.98737463215366 264.078459514305 139.89353922195733 471.83142864471301 1125.8870138661005 2394.8857756950893 1571.0311938701198 252.31941068172455 515.2307193602901 666.55277959629893
leaf_count=5564 334 400 256 86 258 1098 672 2172 5162 12496 8942 374 3974 990
internal_value=0 0.00013037 0.000751397 0.00149346 2.76068e-05 -7.22977e-05 0.000236244 -1.16278e-05 8.01062e-06 5.70498e-05 -3.99653e-05 -6.36403e-05 -9.77223e-05 0
internal_weight=8550.65 671.363 79.5287 36.5637 591.834 364.066 227.768 7879.29 5563.64 2866.72 2696.92 2315.66 1396.78 918.872
internal_count=42778 3104 676 342 2428 1356 1072 39674 28772 14668 14104 10902 9538 1364
is_linear=0
shrinkage=0.0135118


Tree=177
num_leaves=15
num_cat=0
split_feature=21 9 12 17 33 10 13 33 16 23 28 28 22 16
split_gain=0.0669973 0.0671684 0.0563829 0.146629 0.0666831 0.0255101 0.0266927 0.0163639 0.0282021 0.0634663 0.0179602 0.0164656 0.0123262 0.00133407
threshold=0.033095937074386926 0.36368221331270334 0.065747548412788306 0.94551259793826159 0.040277115408499549 0.110216574182746 1.5195753170225113 0.013923467543269454 1.0021841417133894 0.050660564850269159 0.043550000000000012 0.02725 0.097341820727325071 1.0223914697338554
decision_type=10 8 10 10 10 10 10 8 10 10 10 10 8 10
left_child=7 5 3 -3 -4 -2 -7 11 10 -10 -9 12 -1 -13
right_child=1 2 4 -5 -6 6 -8 8 9 -11 -12 13 -14 -15
leaf_value=-0.0001549998638109648 -0.00028738374470354617 2.3221301130108225e-05 -2.1619539494506182e-05 0.00049091739169339376 0.00019229490965524463 -4.1262983706113202e-05 4.4453053959623217e-05 -3.0977819101360793e-05 -8.6982050795202539e-06 0.00025014040884492616 -0.00017487316849410466 1.6678166863470495e-05 0 -3.5027042233871973e-05
leaf_weight=555.51907745189965 56.38551677018404 400.68156266817823 826.01358427852392 221.41241128928959 353.15593909565359 1283.6430408628657 1359.4562928774394 1804.3764780547936 945.66593915736303 196.02480161422864 241.48732282128185 121.16299028601497 15.058687040582297 170.61008665151894
leaf_count=2594 246 1918 2948 864 1558 5520 6954 11786 3794 1076 1522 772 78 1148
internal_value=0 3.54258e-05 9.9629e-05 0.000207857 3.29922e-05 -3.2745e-06 0 -4.03148e-05 -2.14881e-05 2.60029e-05 -5.34627e-05 -9.68874e-05 -0.000139462 0
internal_weight=8550.65 4500.75 1801.26 622.094 1179.17 2699.48 2643.1 4049.91 3187.55 1141.69 2045.86 862.351 570.578 291.773
internal_count=42778 20008 7288 2782 4506 12720 12474 22770 18178 4870 13308 4592 2672 1920
is_linear=0
shrinkage=0.0135118


Tree=178
num_leaves=16
num_cat=0
split_feature=20 18 27 12 9 12 7 12 27 18 28 12 5 17 16
split_gain=0.0658776 0.085832 0.075532 0.0750305 0.0522209 0.0511758 0.0649534 0.047907 0.0392258 0.0350145 0.0359939 0.027897 0.0182988 0.0128732 0.007657
threshold=0.095455186586157856 0.057010438423333649 0.31390519046587512 0.1260079183533597 0.43100634933011417 0.081291138386429887 0.30300418317449562 0.11570886264179261 0.34368894394424648 -0.054184989211906613 0.02040000000000006 0.044492428123693854 0.12674748526288956 0.63565644702742474 1.0382494802867011
decision_type=10 10 10 8 10 10 10 8 10 10 10 10 10 10 10
left_child=4 2 3 -2 5 6 -1 -4 11 14 -11 -3 -10 -7 -6
right_child=1 8 7 -5 9 13 -8 -9 12 10 -12 -13 -14 -15 -16
leaf_value=-3.3636063714202013e-05 0.00014530823995002605 0 -0.00017538792660733331 0.00065630845618568881 0 0 8.4813750581026114e-05 0.00014987608463412874 0 0 0.00027843570879990326 -0.00038172892520577838 0.00054182027654188123 -0.0001310517627027175 -0.00012578876179252348
leaf_weight=4517.0999429596122 740.54521060874686 13.91978270979598 189.26498256251216 76.569258239120245 40.302516965195537 120.97399415494874 1013.1316254441626 130.20650872588158 50.95875228382647 224.240173894912 242.6092347400263 114.01608608663082 11.023224979639052 969.37079519825056 96.421641366556287
leaf_count=25798 3236 104 868 394 144 700 3918 770 264 1072 904 356 36 3774 440
internal_value=0 8.70363e-05 0.000136907 0.000207156 -1.65377e-05 -2.88326e-05 -9.90744e-06 -7.78947e-06 -0.000152266 9.97213e-05 0.000162023 -0.000300345 0 -0.00011452 -3.11921e-05
internal_weight=8550.65 1326.5 1136.59 817.114 7224.15 6620.58 5530.23 319.471 189.918 603.574 466.849 127.936 61.982 1090.34 136.724
internal_count=42778 6028 5268 3630 36750 34190 29716 1638 760 2560 1976 460 300 4474 584
is_linear=0
shrinkage=0.0135118


Tree=179
num_leaves=15
num_cat=0
split_feature=7 22 24 16 16 7 39 33 34 7 19 9 31 31
split_gain=0.064902 0.0559897 0.0575579 0.127921 0.0299522 0.0500773 0.0248882 0.0181552 0.00926089 0.00550011 0.00383386 0.000208629 0.0029791 4.37254e-05
threshold=0.19833705102195237 0.076932535462252635 10.500000000000002 0.77651746686558554 1.0382494802867011 0.32755039355874443 1.5000000000000002 0.04986064730102558 -0.062367073250316533 0.10348605575085233 0.0089393291589282015 0.24356825895724929 -1.0450000000000015 3.4050000000000016
decision_type=8 10 2 10 8 10 2 10 10 10 10 10 10 8
left_child=8 4 6 -4 5 -2 -3 -6 11 -10 -11 13 -13 -1
right_child=1 2 3 -5 7 -7 -8 -9 9 10 -12 12 -14 -15
leaf_value=-8.0296407472400312e-06 0 8.5612034468311932e-05 0.00051301343545215664 7.1780561090720239e-05 -7.0134992694126299e-05 0.00015581752334198657 -6.3787585186072645e-05 4.5402001425949094e-06 -0.00031481810972103073 0 -7.6626994875224691e-05 0 0.00011631219724850329 0
leaf_weight=123.45721528679132 2178.0693061705679 304.43497643293813 151.38198363780975 1183.3427801728249 1582.8326144779567 424.97337906155735 567.34125267388299 533.22564535588026 51.251244906336069 20.144314654171467 1358.7535552158952 21.905409008264542 42.66217843350023 6.8778754314407697
leaf_count=1242 10105 2278 280 1960 8858 1650 5054 2286 202 110 7901 120 260 472
internal_value=0 1.7614e-05 7.4264e-05 0.000130335 -6.50465e-06 2.13261e-05 0 -4.60291e-05 -7.72524e-05 -8.92355e-05 -7.2653e-05 0 2.42213e-05 0
internal_weight=8550.65 6925.6 2206.5 1334.72 4719.1 2603.04 871.776 2116.06 1625.05 1430.15 1378.9 194.903 64.5676 130.335
internal_count=42778 32471 9572 2240 22899 11755 7332 11144 10307 8213 8011 2094 380 1714
is_linear=0
shrinkage=0.0135118


Tree=180
num_leaves=14
num_cat=0
split_feature=7 21 26 28 30 26 10 26 7 30 26 26 18
split_gain=0.0632953 0.0576285 0.0622499 0.062697 0.0274458 0.0293414 0.0245204 0.0237288 0.00884806 0.00430525 0.0037343 0.00507199 0.000793023
threshold=0.19833705102195237 0.052210872839726981 0.3594697246305753 0.074150000000000008 17.465000000000003 0.22826959204534597 0.52319532567162808 0.51317368424519061 0.12314483256692958 14.485000000000001 0.07292389857602459 0.312985328752654 0.013884488108393047
decision_type=8 10 8 10 10 10 10 8 10 10 8 10 10
left_child=8 4 6 -4 5 -2 -3 -6 9 -1 -10 -12 -11
right_child=1 2 3 -5 7 -7 -8 -9 10 12 11 -13 -14
leaf_value=0 -4.1252623671934617e-05 -7.8813447005061945e-05 0.00015570428287851933 -2.0376099529627886e-05 -9.5971113566480621e-05 5.0648525505890295e-05 0.00014571313555312117 0 0 -0.0002876797463413565 -9.0290901709239344e-05 -1.1958182496041938e-05 0
leaf_weight=7.3146408470347515 873.1493509367574 539.40516530536115 1415.4963852404617 356.04895303212106 976.45520857162774 1778.4113347078674 81.265309520065784 905.37023066915572 46.393499933183193 82.120877045672387 820.55192756000906 662.51077513350174 6.1600724169984451
leaf_count=186 4501 2146 5940 1518 3452 9780 254 4880 240 502 3821 5460 98
internal_value=0 1.73992e-05 7.16164e-05 0.000113999 -8.74407e-06 1.61618e-05 -3.1318e-05 -4.97831e-05 -7.62857e-05 -0.000247865 -5.81865e-05 -6.28582e-05 -0.000274544
internal_weight=8550.65 6925.6 2392.22 1771.55 4533.39 2651.56 620.67 1881.83 1625.05 95.5956 1529.46 1483.06 88.2809
internal_count=42778 32471 9858 7458 22613 14281 2400 8332 10307 786 9521 9281 600
is_linear=0
shrinkage=0.0135118


Tree=181
num_leaves=15
num_cat=0
split_feature=7 34 7 35 19 34 9 34 7 3 28 9 31 31
split_gain=0.0617445 0.0546809 0.0499444 0.0581042 0.0411812 0.0199195 0.0152784 0.00895986 0.00494234 0.00408122 0.000822509 0.000202124 0.00293779 3.44905e-05
threshold=0.19833705102195237 0.031180650678901859 0.33636458466017566 3.2190757848788647 0.14090254695586449 0.065865556907582681 0.44672553004518317 -0.062367073250316533 0.10348605575085233 56.500000000000007 0.10420000000000006 0.24356825895724929 -1.0450000000000015 3.4050000000000016
decision_type=8 10 10 2 10 10 10 10 10 2 8 10 10 8
left_child=7 2 4 -4 -2 6 -3 11 -9 -10 -7 13 -13 -1
right_child=1 5 3 -5 -6 10 -8 8 9 -11 -12 12 -14 -15
leaf_value=-7.1314663033533217e-06 -3.9783352346204908e-06 -0.00016323767384523728 0.00019689902518668054 2.9013143161457628e-05 0.00021889832687446424 2.7318566908208357e-05 0 -0.00030681195798694367 -7.6233985005680455e-05 0 -1.3742686273631049e-05 0 0.0001154364960253508 0
leaf_weight=123.45721528679132 3872.2270948912483 450.46815501339734 642.92390495259315 1424.1839327844791 155.56455760914832 175.24733050167561 104.15315956063569 51.251244906336069 1319.0250658178702 59.872804052196443 100.8338026702404 21.905409008264542 42.66217843350023 6.8778754314407697
leaf_count=1242 20081 1548 2844 4622 916 1320 422 202 7816 195 718 120 260 472
internal_value=0 1.71206e-05 3.24702e-05 8.66711e-05 1.86853e-06 -8.19913e-05 -0.000128917 -7.54076e-05 -8.72041e-05 -7.08457e-05 0 0 2.38407e-05 0
internal_weight=8550.65 6925.6 6094.9 2067.11 4027.79 830.702 554.621 1625.05 1430.15 1378.9 276.081 194.903 64.5676 130.335
internal_count=42778 32471 28463 7466 20997 4008 1970 10307 8213 8011 2038 2094 380 1714
is_linear=0
shrinkage=0.0135118


Tree=182
num_leaves=15
num_cat=0
split_feature=21 26 9 7 30 16 16 21 34 23 23 26 18 4
split_gain=0.0606934 0.0629118 0.0617098 0.0904522 0.0232686 0.0155398 0.0266013 0.0204499 0.0147736 0.021649 0.0143567 0.0117301 0.00828513 0.0056531
threshold=0.033095937074386926 0.16890093918597218 0.36368221331270334 0.4275129457766022 17.260000000000002 1.0021841417133894 1.0223914697338554 0.017733368389234498 -0.056789532466467223 0.054512503728728408 0.037705730597995347 0.31776725146629953 -0.023736682097911351 0.047239634335032164
decision_type=10 8 8 10 10 10 10 10 8 10 10 10 8 10
left_child=5 12 4 -4 -3 8 10 -8 11 -10 -7 -1 -2 -14
right_child=1 2 3 -5 -6 6 7 -9 9 -11 -12 -13 13 -15
leaf_value=-4.1051465797256259e-05 0 3.9105509176209123e-05 0.00021256289079771537 3.3531167505967776e-06 -4.2733712879008604e-05 0 -8.1925867907949081e-05 1.2376854765249837e-05 -4.6310912583469637e-05 -0.00018693995376653998 0.00034544659168760626 0.00011153548502898111 -0.00024343083769390092 0
leaf_weight=159.33407998550683 31.606745055876672 1485.9627122958191 822.32919793343171 907.76389626134187 1081.3586368393153 89.962387198582292 647.25930177886039 774.76335754524916 1843.2310147455428 329.0235349284485 56.172113778069615 150.15959311742336 163.86753271985799 7.8596267364919177
leaf_count=1112 196 7126 3688 3330 4854 326 3440 3528 10234 2124 272 1734 772 42
internal_value=0 3.36704e-05 4.67714e-05 0.000109287 2.72544e-07 -3.84178e-05 0 -2.2684e-05 -5.95938e-05 -7.27927e-05 0.000167799 0 -0.00018784 -0.000224843
internal_weight=8550.65 4500.75 4297.41 1730.09 2567.32 4049.91 1568.16 1422.02 2481.75 2172.25 146.135 309.494 203.334 171.727
internal_count=42778 20008 18998 7018 11980 22770 7566 6968 15204 12358 598 2846 1010 814
is_linear=0
shrinkage=0.0135118


Tree=183
num_leaves=16
num_cat=0
split_feature=20 18 12 10 7 9 12 7 18 26 12 10 10 26 16
split_gain=0.0598464 0.082947 0.0680047 0.11589 0.0771597 0.0484133 0.0507704 0.0606846 0.033537 0.0326801 0.0326407 0.0186355 0.0146853 0.0126213 0.00751742
threshold=0.095455186586157856 0.057010438423333649 0.12263550758109162 0.76341554076582241 0.59588138701099902 0.43100634933011417 0.081291138386429887 0.31824353138222278 -0.054184989211906613 0.30195754970643024 0.067819074851049391 0.59647875069215772 0.28230587639305177 0.3978086584822414 1.0382494802867011
decision_type=10 10 8 10 10 10 10 10 10 10 10 10 10 10 10
left_child=5 2 4 -4 -2 6 7 -1 14 -10 13 -12 -8 -3 -7
right_child=1 10 3 -5 -6 8 12 -9 9 -11 11 -13 -14 -15 -16
leaf_value=-2.8730536274760419e-05 0.00010561499317167872 -7.5273289929507793e-05 0.00057138235765046323 0 -0.00042722097552564 0 0 9.8943209742573154e-05 0 0.00021418905786498843 -0.00040396428710103618 0 -0.00013747414279897138 0.00023454606281906313 -0.00012477417388815403
leaf_weight=4755.9222908068914 880.61671610781923 22.008170908782631 150.53762478195131 59.629640273749828 45.801978972740471 40.302516965195537 213.09038425097242 774.30927759688348 85.210865025408566 381.63854360952973 84.079170580022037 44.604120296426117 877.25440510222688 39.226384274661541 96.421641366556287
leaf_count=26732 4008 128 838 322 100 144 894 2984 396 1580 232 176 3580 224 440
internal_value=0 8.29448e-05 0.000132149 0.000365382 6.70349e-05 -1.57738e-05 -2.76628e-05 -8.82451e-06 9.60343e-05 0.000157288 -0.000152368 -0.000283573 -0.00011291 0 -3.12947e-05
internal_weight=8550.65 1326.5 1136.59 210.167 926.419 7224.15 6620.58 5530.23 603.574 466.849 189.918 128.683 1090.34 61.2346 136.724
internal_count=42778 6028 5268 1160 4108 36750 34190 29716 2560 1976 760 408 4474 352 584
is_linear=0
shrinkage=0.0135118


Tree=184
num_leaves=14
num_cat=0
split_feature=22 16 24 7 34 18 16 17 16 34 35 23 30
split_gain=0.0594214 0.179131 0.16729 0.0470904 0.0507291 0.055745 0.0400513 0.0427432 0.027958 0.0224928 0.00915992 0.00985068 0.00580101
threshold=0.12121037938859837 0.74262809133239416 10.500000000000002 0.19833705102195237 0.031180650678901859 -0.032848801630765194 0.90627006984446412 0.95967935309030683 0.8459285917345013 0.065865556907582681 2.785319788992962 0.042576586677428148 16.355000000000004
decision_type=10 10 2 10 10 10 10 10 10 10 2 10 10
left_child=3 2 -2 10 5 -5 8 -8 -3 -6 12 -12 -1
right_child=1 6 -4 4 9 -7 7 -9 -10 -11 11 -13 -14
leaf_value=0.00016328866167606977 0 0 0.0013241736188390099 0.00010993673194549217 -0.0001447332359436605 0 0 0.0002549805504493683 -0.00029415556875988391 0 -4.2504566910935037e-05 -0.00013657863528799093 0
leaf_weight=39.364192202687263 38.305672368500382 83.015518484637141 41.22298663854599 1071.7791518336162 515.85297811403871 4111.0160383880138 224.52590682031587 194.32724175136536 89.965179819613695 260.18643587827682 1292.2816177716013 559.38010223861784 29.43070860998705
leaf_count=408 604 484 72 4410 1860 17759 862 722 360 1916 8744 4363 214
internal_value=0 0.000121488 0.000728235 -1.08896e-05 6.15718e-06 2.31617e-05 2.06568e-05 0.000107603 -0.000125061 -9.29437e-05 -6.96038e-05 -7.69911e-05 0
internal_weight=8550.65 671.363 79.5287 7879.29 5958.83 5182.8 591.834 418.853 172.981 776.039 1920.46 1851.66 68.7949
internal_count=42778 3104 676 39674 25945 22169 2428 1584 844 3776 13729 13107 622
is_linear=0
shrinkage=0.0135118


Tree=185
num_leaves=15
num_cat=0
split_feature=22 11 11 27 35 7 34 27 33 27 34 35 34 34
split_gain=0.0579027 0.115875 0.0866383 0.0925468 0.0775512 0.0459036 0.0493469 0.065391 0.0354083 0.034783 0.021924 0.00895129 0.00530912 0.00473945
threshold=0.12121037938859837 0.84075370774350211 0.62365849863508516 0.15149066280444709 3.5549193062823492 0.19833705102195237 0.031180650678901859 0.0095021052159104339 0.010041022223061248 0.89402163807685853 0.065865556907582681 2.785319788992962 -0.056789532466467223 -0.062367073250316533
decision_type=10 8 10 10 2 10 10 10 8 10 10 2 10 8
left_child=5 2 3 -2 9 11 7 -7 -4 -3 -8 12 -1 -13
right_child=1 4 8 -5 -6 6 10 -9 -10 -11 -12 13 -14 -15
leaf_value=0.00018143575288568058 -3.0766222604111274e-05 0.0012994168863985128 0 0.00029043670494567706 0 0.00026945468350605592 -0.00014277898044505162 1.1055965398879727e-05 -0.00050527804788241338 0 0 0 0 -8.3317880186391114e-05
leaf_weight=29.087798284832388 241.7079766872339 29.117106088902801 20.772644517943263 300.36612782720476 13.495309693738816 192.95754491304979 515.85297811403871 4989.8376453085802 58.94721791613847 6.9561231518164268 260.18643587827682 185.05911121703684 39.707102527841926 1666.6026087931823
leaf_count=388 1108 190 124 1340 140 683 1860 21486 152 50 1916 1664 234 11443
internal_value=0 0.000119926 5.00518e-05 0.000126644 0.000765521 -1.07495e-05 6.0593e-06 2.28546e-05 -0.000329163 0.00109168 -9.16443e-05 -6.87252e-05 0 -7.60329e-05
internal_weight=8550.65 671.363 621.794 542.074 49.5685 7879.29 5958.83 5182.8 79.7199 36.0732 776.039 1920.46 68.7949 1851.66
internal_count=42778 3104 2724 2448 380 39674 25945 22169 276 240 3776 13729 622 13107
is_linear=0
shrinkage=0.0135118


Tree=186
num_leaves=14
num_cat=0
split_feature=7 27 7 26 19 8 7 16 10 32 11 32 5
split_gain=0.0560514 0.0478473 0.0521171 0.0665535 0.0380918 0.0160827 0.00854715 0.00714963 0.0095316 0.00717849 0.00571316 0.00415227 0.00205674
threshold=0.19833705102195237 0.89402163807685853 0.33636458466017566 0.21975262356093569 0.14090254695586449 0.65231712858726321 0.12314483256692958 0.8443793215675518 0.19540513748542612 0.42678100263852248 0.18932639436443546 0.27770448548812671 0.023714659352902335
decision_type=8 10 10 8 10 10 10 10 10 10 10 10 10
left_child=6 2 4 -4 -2 10 11 8 -8 -9 -3 -1 -13
right_child=1 5 3 -5 -6 -7 7 9 -10 -11 -12 12 -14
leaf_value=0 -8.4181914069507052e-06 0 -0.00013259570509155562 0.00010673957859182977 0.00020624455590921616 0 5.2745477925557788e-06 0 -0.00010561023709677318 -0.00010171733498286408 -0.00016665414045073152 -0.00029598202497483635 0
leaf_weight=7.3146408470347515 4124.7560244889464 8.611553634516893 197.09696150431409 2009.6082979505882 156.26200775336474 75.086649967357516 545.570939832367 145.40404728055 154.99627629946917 683.48493921430781 354.18044268433005 75.231315826065838 13.049633636604993
leaf_count=186 20823 154 700 7372 914 444 3406 1680 1233 3202 2064 454 146
internal_value=0 1.62913e-05 2.69324e-05 8.02712e-05 0 -0.000115711 -7.18672e-05 -5.40378e-05 -3.3236e-06 -8.33774e-05 -0.000155701 -0.000239162 -0.000265464
internal_weight=8550.65 6925.6 6487.72 2206.71 4281.02 437.879 1625.05 1529.46 700.567 828.889 362.792 95.5956 88.2809
internal_count=42778 32471 29809 8072 21737 2662 10307 9521 4639 4882 2218 786 600
is_linear=0
shrinkage=0.0135118


Tree=187
num_leaves=15
num_cat=0
split_feature=22 16 8 24 28 5 16 7 16 22 8 35 23 32
split_gain=0.0550047 0.174127 0.195366 0.156538 0.073394 0.0750707 0.0513693 0.0436248 0.0436223 0.0474772 0.0113904 0.00866525 0.00969188 0.00555245
threshold=0.12121037938859837 0.74262809133239416 0.42181132318384185 8.5000000000000018 0.031499999999999993 0.10338052064065152 0.91005014621279889 0.19833705102195237 1.2828433131415036 0.046418798641262964 0.57453093634691588 2.785319788992962 0.042576586677428148 0.50527704485488134
decision_type=10 10 8 2 10 8 10 10 10 10 10 2 10 10
left_child=7 2 -2 -4 6 -6 -3 11 9 -9 -10 13 -13 -1
right_child=1 4 3 -5 5 -7 -8 8 10 -11 -12 12 -14 -15
leaf_value=0.00015975220880985372 0 0 0 0.0018571023319612506 -0.00039989931623594065 0 0.0003833693769455318 -3.2046309373389426e-05 -0.0001169051793563296 5.1305181589372964e-05 0 -4.0147046031558672e-05 -0.00013298412166714259 0
leaf_weight=39.364192202687263 42.96495302207768 87.874473507516086 6.4655648809857658 30.098141103982925 99.98737463215366 264.078459514305 139.89353922195733 1778.0453196926974 580.283880433999 3476.8521017660387 123.6533023212105 1292.2816177716013 559.38010223861784 29.43070860998705
leaf_count=408 334 400 256 86 258 1098 672 8146 3116 13963 720 8744 4363 214
internal_value=0 0.000116858 0.000714539 0.00143902 1.7252e-05 -8.01551e-05 0.000221916 -1.0504e-05 5.83824e-06 2.09714e-05 -9.11848e-05 -6.70322e-05 -7.42592e-05 0
internal_weight=8550.65 671.363 79.5287 36.5637 591.834 364.066 227.768 7879.29 5958.83 5254.9 703.937 1920.46 1851.66 68.7949
internal_count=42778 3104 676 342 2428 1356 1072 39674 25945 22109 3836 13729 13107 622
is_linear=0
shrinkage=0.0135118


Tree=188
num_leaves=16
num_cat=0
split_feature=21 9 12 35 23 30 21 23 16 16 22 21 34 22 22
split_gain=0.0543643 0.0566836 0.0539501 0.0793969 0.040306 0.0228843 0.0545011 0.0196411 0.0151408 0.0257841 0.0200969 0.019498 0.014119 0.0315754 0.00780244
threshold=0.033095937074386926 0.36368221331270334 0.065747548412788306 4.5459508038133629 0.051740096890118527 17.260000000000002 0.11936526021241055 0.086211777145843535 1.0021841417133894 1.0223914697338554 0.042205494681413318 0.017733368389234498 -0.056789532466467223 0.060425351553903016 0.045307702997961753
decision_type=10 8 10 2 10 10 10 10 10 10 10 10 8 10 8
left_child=8 5 3 -3 -4 6 -2 -7 12 10 -10 -11 14 -14 -1
right_child=1 2 4 -5 -6 7 -8 -9 9 11 -12 -13 13 -15 -16
leaf_value=-7.6233861196831802e-06 2.7774256625211696e-06 0.0002940639885714697 0.00018443897603043262 0 -2.6524242155520881e-06 -1.4856935356492727e-05 0.00045517729885321011 -0.0001890736064962838 0 -7.9099965306142768e-05 0.0003822569916800653 1.3141046968960954e-05 -4.2780647462266561e-05 -0.00021548459022464617 0.00011727861889530726
leaf_weight=207.16030011326075 1534.5081919240765 444.07204140070826 238.83397223148495 178.02193255675957 940.33555114269257 928.07343520224094 52.34396624006331 184.55925714410841 93.450376312248409 647.25930177886039 52.684124664403498 774.76335754524916 1892.3492558763828 279.90529379760846 102.33337298966944
leaf_count=1758 7366 2090 1062 692 3444 4220 324 810 364 3440 234 3528 10558 1800 1088
internal_value=0 3.18093e-05 9.08528e-05 0.000196098 2.57927e-05 -3.44741e-06 2.48543e-05 -5.38676e-05 -3.64152e-05 0 0.000166914 -2.09809e-05 -5.72497e-05 -7.02202e-05 0
internal_weight=8550.65 4500.75 1801.26 622.094 1179.17 2699.48 1586.85 1112.63 4049.91 1568.16 146.135 1422.02 2481.75 2172.25 309.494
internal_count=42778 20008 7288 2782 4506 12720 7690 5030 22770 7566 598 6968 15204 12358 2846
is_linear=0
shrinkage=0.0135118


Tree=189
num_leaves=15
num_cat=0
split_feature=9 11 12 35 33 12 11 9 35 34 35 33 5 5
split_gain=0.0516806 0.0560561 0.119676 0.176993 0.0940806 0.045942 0.0387728 0.036993 0.0242102 0.0203286 0.01671 0.0124949 0.0109052 0.0100259
threshold=0.32507910925737588 0.3009809796100148 0.062330627415105679 4.5906147666919699 0.040277115408499549 0.092425351892173685 0.19165636841078362 0.19150911060132156 3.0201809241975859 -0.050442104681629456 6.4256644794909219 0.049145646396208893 -0.16971206088192159 0.03567889547005796
decision_type=8 8 8 2 10 10 10 10 2 10 2 10 8 10
left_child=5 6 3 -3 -4 7 11 13 -9 -8 12 -2 -7 -1
right_child=1 2 4 -5 -6 10 9 8 -10 -11 -12 -13 -14 -15
leaf_value=-0.00012338088017694945 0.00049011543572670207 0.00036263035065061674 -3.5624668037752703e-05 -8.2730721932557289e-05 0.00016660282503261725 0 0 -0.00010125786790178182 1.4634163266320423e-05 -0.00016514877291051375 0 0 -0.00022182513640731639 0
leaf_weight=623.06363182840869 20.30198379047215 495.90701054222882 1586.3579278027173 188.59788494184613 556.45462382677943 11.486040771007536 94.398494294844568 356.61102736415341 3578.4348267125897 411.78495385590941 15.332554817199705 12.66752953827381 332.36647405521944 266.88876677816734
leaf_count=4074 44 2448 8518 762 2524 20 800 2050 16802 1316 58 68 1624 1670
internal_value=0 4.07108e-05 6.69704e-05 0.000223593 1.16848e-05 -2.72691e-05 -7.61924e-05 -1.37511e-05 1.2779e-06 -0.00012192 -0.00017752 0.000283648 -0.000204402 -9.27553e-05
internal_weight=8550.65 3366.47 2827.32 684.505 2142.81 5184.18 539.153 4825 3935.05 506.183 359.185 32.9695 343.853 889.952
internal_count=42778 16480 14252 3210 11042 26298 2228 24596 18852 2116 1702 112 1644 5744
is_linear=0
shrinkage=0.0135118


Tree=190
num_leaves=15
num_cat=0
split_feature=22 16 8 24 28 5 16 26 30 0 26 24 28 9
split_gain=0.0525102 0.169194 0.189116 0.15561 0.070758 0.0728485 0.0502162 0.0410717 0.0673578 0.0551767 0.0322285 0.0217505 0.0214517 0.00690876
threshold=0.12121037938859837 0.74262809133239416 0.42181132318384185 10.500000000000002 0.031499999999999993 0.10338052064065152 0.91005014621279889 0.25238925591605527 17.465000000000003 0.42125000000000007 0.48108905999448798 11.500000000000002 -0.011499999999999995 0.23219633447476767
decision_type=10 10 8 2 10 8 10 10 8 2 10 2 8 8
left_child=7 2 -2 -4 6 -6 -3 11 9 -9 -10 12 -1 -13
right_child=1 4 3 -5 5 -7 -8 8 10 -11 -12 13 -14 -15
leaf_value=0 0 0 0 0.0022908861944944689 -0.00039443517241426169 0 0.0003768797998388412 0 -9.33797698106017e-05 0.00012296878669443994 0 -5.3014873558136408e-05 -0.00011930806541067987 2.1503833219503444e-05
leaf_weight=281.76662707631476 42.96495302207768 87.874473507516086 17.40276611270383 19.160939872264862 99.98737463215366 264.078459514305 139.89353922195733 1625.2404797780327 1125.8870138661005 1241.4767245617695 1571.0311938701198 355.70852196216583 1115.0169956064783 563.16366831585765
leaf_count=2364 334 400 310 32 258 1098 672 8888 5162 5780 8942 528 7174 836
internal_value=0 0.000114147 0.000703137 0.00141595 1.57153e-05 -7.96431e-05 0.000217109 -1.02917e-05 7.86023e-06 5.51004e-05 -3.82033e-05 -5.87332e-05 -9.25231e-05 0
internal_weight=8550.65 671.363 79.5287 36.5637 591.834 364.066 227.768 7879.29 5563.64 2866.72 2696.92 2315.66 1396.78 918.872
internal_count=42778 3104 676 342 2428 1356 1072 39674 28772 14668 14104 10902 9538 1364
is_linear=0
shrinkage=0.0135118


Tree=191
num_leaves=16
num_cat=0
split_feature=20 18 24 18 26 34 10 12 35 8 28 10 35 5 26
split_gain=0.051764 0.0794363 0.0718306 0.122984 0.0337275 0.0400502 0.0356119 0.0315714 0.0217087 0.0363137 0.0195371 0.0181911 0.0136824 0.0135331 0.011777
threshold=0.095455186586157856 0.057010438423333649 10.500000000000002 0.044860924809190468 0.25238925591605527 0.031180650678901859 0.35125366772104544 0.067819074851049391 2.378619349805513 0.295985208919678 0.038449999999999991 0.59647875069215772 5.0555765678603342 0.68339277951762123 0.3978086584822414
decision_type=10 10 2 8 10 8 10 10 2 8 8 10 2 8 10
left_child=4 2 10 -4 8 6 -6 14 9 -1 -2 -9 -10 -7 -3
right_child=1 7 3 -5 5 13 -8 11 12 -11 -12 -13 -14 -15 -16
leaf_value=0 8.343498515774042e-05 -7.8772307880996289e-05 0.00014903343201046703 0.0010222291275653053 -2.1540765715941593e-07 -0.00013495262303443308 8.2805058933630319e-05 -0.00040082226252388594 -8.8819156608223627e-05 0.00041634858864058482 -9.2046376426760564e-05 0 0 0 0.00022541741080630079
leaf_weight=67.281863295473158 230.24852676037699 22.008170908782631 637.92333966493607 37.253288149833679 3002.1824455265887 434.29541739542037 1224.8794151209295 84.079170580022037 1691.5493349696044 42.51308080740273 231.1608055611141 44.604120296426117 406.38723681168631 355.06113079655915 39.226384274661541
leaf_count=356 2134 128 1086 64 16172 2152 4968 232 8287 342 1984 176 1429 3044 224
internal_value=0 7.71025e-05 0.000125511 0.000214303 -1.4707e-05 2.55895e-06 2.11976e-05 -0.000153447 -5.90039e-05 8.53038e-05 0 -0.000281758 -7.19061e-05 -8.30375e-05 0
internal_weight=8550.65 1326.5 1136.59 675.177 7224.15 5016.42 4227.06 189.918 2207.73 109.795 461.409 128.683 2097.94 789.357 61.2346
internal_count=42778 6028 5268 1150 36750 26336 21140 760 10414 698 4118 408 9716 5196 352
is_linear=0
shrinkage=0.0135118


Tree=192
num_leaves=15
num_cat=0
split_feature=22 12 18 24 15 10 5 31 31 8 35 33 26 24
split_gain=0.0506283 0.0951864 0.13984 0.0685926 0.0397537 0.0855994 0.0920794 0.0367084 0.0351969 0.0346651 0.0290649 0.0112948 0.0222843 0.015084
threshold=0.12121037938859837 0.11297457679419774 -0.11053443848986937 9.5000000000000018 1.1760362535844295 0.36343184151293823 0.039184474932384569 1.1250000000000011 2.640000000000001 0.56209099855494504 4.8971305926023012 0.070850511607882263 0.38623780837899541 11.500000000000002
decision_type=10 8 10 2 10 10 10 10 10 10 2 10 8 2
left_child=4 9 3 -3 11 8 -7 -4 -6 10 -2 13 -13 -1
right_child=1 2 7 -5 5 6 -8 -9 -10 -11 -12 12 -14 -15
leaf_value=-0.00011113751853724952 0.00011118092329549925 0 -5.9787437410066076e-05 0.0015084135446432232 5.8408484639450315e-06 3.2219381181088109e-05 0.00034485229156295752 0.00028044192030961523 -7.3683429209796657e-05 -0.00040364806005373108 -0.00013942797841989024 -7.65276732595459e-05 0.00012775658722078746 -1.6814343912971437e-05
leaf_weight=993.17935022921301 371.5643053650856 13.210897153709082 49.825530800968409 27.18650022149086 3075.167179742828 837.95780863706023 257.96735625434667 97.88990662060678 1382.4126693923026 33.462003417313099 78.223362303804606 232.66494422964752 165.29668458923697 934.64523196220398
leaf_count=9090 1732 252 206 44 16188 3734 878 398 5660 78 394 1578 1214 1332
internal_value=0 0.000112108 0.000370136 0.00110926 -1.00819e-05 7.8086e-06 0.000116112 9.01888e-05 -1.63138e-05 0 4.26452e-05 -5.76094e-05 0 -7.12269e-05
internal_weight=8550.65 671.363 188.113 40.3974 7879.29 5553.51 1095.93 147.715 4457.58 483.25 449.788 2325.79 397.962 1927.82
internal_count=42778 3104 900 296 39674 26460 4612 604 21848 2204 2126 13214 2792 10422
is_linear=0
shrinkage=0.0135118


Tree=193
num_leaves=15
num_cat=0
split_feature=7 34 26 7 35 5 34 16 7 34 28 30 7 5
split_gain=0.0501981 0.0465436 0.0507951 0.053236 0.0317281 0.0186491 0.0142396 0.00939212 0.00834258 0.00725066 0.00549996 0.00404326 0.00193686 0.00191093
threshold=0.19833705102195237 0.031180650678901859 0.23549274298702502 0.33636458466017566 4.4665400879740789 0.1943775240656164 0.066725475147697902 1.226225376248635 0.12314483256692958 -0.044316383745201519 0.0068000000000000152 14.485000000000001 0.16660001213977879 0.023714659352902335
decision_type=8 10 8 10 2 8 10 10 10 10 10 10 10 10
left_child=8 2 4 -4 -2 6 -3 -7 11 12 -11 -1 -10 -13
right_child=1 5 3 -5 -6 7 -8 -9 9 10 -12 13 -14 -15
leaf_value=0 -0.00011147546147898807 -0.00017907870395089754 1.1079513967634964e-05 0.00010667326554160391 2.9092678183924629e-05 6.5980998234332734e-05 0 -6.2519327734594362e-05 -3.7654663798642967e-05 -0.00011330309677125602 -1.5831406318661647e-05 -0.00028741555143691329 1.5500207493666374e-05 0
leaf_weight=7.3146408470347515 667.89187322719954 335.80908484384418 3224.10452927812 1858.7410161928274 344.16207153932191 165.3841164149344 75.773282885551453 253.73596360161901 201.3988375836052 472.83726530522108 574.43173389974982 75.231315826065838 280.7883658381179 13.049633636604993
leaf_count=186 3568 814 16965 6700 1230 852 578 1764 2092 2121 2876 454 2432 146
internal_value=0 1.5387e-05 2.96573e-05 4.8245e-05 -5.26195e-05 -7.5809e-05 -0.000140923 0 -6.80406e-05 -5.04317e-05 -7.05517e-05 -0.000231833 0 -0.000257895
internal_weight=8550.65 6925.6 6094.9 5082.85 1012.05 830.702 411.582 419.12 1625.05 1529.46 1047.27 95.5956 482.187 88.2809
internal_count=42778 32471 28463 23665 4798 4008 1392 2616 10307 9521 4997 786 4524 600
is_linear=0
shrinkage=0.0135118


Tree=194
num_leaves=13
num_cat=0
split_feature=7 5 9 10 30 16 23 16 7 34 27 8
split_gain=0.049085 0.0455905 0.0649831 0.0627598 0.0394265 0.0384151 0.0498966 0.0337439 0.00802966 0.0056434 0.00412346 0.000190133
threshold=0.19833705102195237 0.03317821984614832 0.56611536436218102 0.6521674708179992 17.260000000000002 0.97979156873856421 0.041191837998149579 0.94828964319784104 0.10348605575085233 -0.062367073250316533 0.03512828127236562 0.19557967671257062
decision_type=8 8 10 10 10 8 10 10 10 10 10 10
left_child=8 5 4 -4 -3 7 -7 -2 -1 11 -11 -10
right_child=1 2 3 -5 -6 6 -8 -9 9 10 -12 -13
leaf_value=-0.00028837001991408452 -3.4962310261893747e-05 5.1887788810716615e-05 0.00054067258455505417 0 -1.6362656479105672e-05 0 -0.00030443666539019877 0.00026935353502742867 0 0 -7.2432880694838902e-05 2.4265721712640336e-05
leaf_weight=53.554973447695374 309.8314401274547 3160.3757324349135 90.56676078774035 140.03670211602002 2682.3580470355228 239.51285794354044 223.58941486524418 79.330982672981918 134.00364696234465 210.71988161187619 1168.1779882581905 58.595302656292915
leaf_count=314 1246 16537 390 594 11612 1070 804 218 1580 975 7036 402
internal_value=0 1.51831e-05 2.95049e-05 0.000255874 1.8639e-05 -7.37119e-05 -0.00015852 0 -6.7313e-05 -5.2592e-05 -6.24432e-05 0
internal_weight=8550.65 6925.6 6073.34 230.603 5842.73 852.265 463.102 389.162 1625.05 1571.5 1378.9 192.599
internal_count=42778 32471 29133 984 28149 3338 1874 1464 10307 9993 8011 1982
is_linear=0
shrinkage=0.0135118


Tree=195
num_leaves=15
num_cat=0
split_feature=22 16 8 24 15 10 16 16 12 31 33 23 23 23
split_gain=0.0479822 0.163781 0.181892 0.148261 0.0390956 0.0821399 0.0953708 0.0367882 0.042696 0.0339655 0.0316475 0.014324 0.0189203 0.0149078
threshold=0.12121037938859837 0.74262809133239416 0.42181132318384185 8.5000000000000018 1.1760362535844295 0.36343184151293823 0.99784616124908077 0.90627006984446412 0.12263550758109162 2.640000000000001 0.039848356647321566 0.05262397180690679 0.085263350223857823 0.050382932364306111
decision_type=10 10 8 2 10 10 10 10 10 10 10 10 10 8
left_child=4 2 -2 -4 11 9 -7 10 -9 -6 -3 13 -13 -1
right_child=1 7 3 -5 5 6 -8 8 -10 -11 -12 12 -14 -15
leaf_value=-3.9847334893343871e-05 0 -0.0003230032418651756 0 0.0017946256922798198 6.0078618561074836e-06 0.00028890193686173645 5.9570397124418623e-06 0 0.00030888948281000006 -7.21110934765458e-05 0 -0.00014532765283114876 0 0.00012455424214685763
leaf_weight=1496.7239795862697 42.96495302207768 82.507222375832498 6.4655648809857658 30.098141103982925 3075.167179742828 378.56192842591554 717.36323646549135 296.27450385550037 122.57864471618086 1382.4126693923026 90.473475928418338 601.08981573395431 146.37791794305667 81.594497747020796
leaf_count=7918 334 332 256 86 16188 1514 3098 1176 408 5660 512 2915 889 1492
internal_value=0 0.000109089 0.000687967 0.00138691 -9.86149e-06 7.86982e-06 0.00011397 1.20252e-05 9.68803e-05 -1.57108e-05 -0.000128617 -5.70088e-05 -0.000111207 -2.42289e-05
internal_weight=8550.65 671.363 79.5287 36.5637 7879.29 5553.51 1095.93 591.834 418.853 4457.58 172.981 2325.79 747.468 1578.32
internal_count=42778 3104 676 342 39674 26460 4612 2428 1584 21848 844 13214 3804 9410
is_linear=0
shrinkage=0.0135118


Tree=196
num_leaves=13
num_cat=0
split_feature=7 27 22 17 26 8 7 16 10 32 11 32
split_gain=0.0476333 0.04364 0.0480701 0.0436541 0.0155546 0.0153228 0.0078229 0.00708092 0.00882954 0.00675941 0.00546109 0.00392183
threshold=0.19833705102195237 0.89402163807685853 0.046418798641262964 1.2538220553736512 0.50980512419077517 0.65231712858726321 0.12314483256692958 0.8443793215675518 0.19540513748542612 0.42678100263852248 0.18932639436443546 0.27770448548812671
decision_type=8 10 10 8 10 10 10 10 10 10 10 10
left_child=6 2 4 -4 -2 10 11 8 -8 -9 -3 -1
right_child=1 5 3 -5 -6 -7 7 9 -10 -11 -12 -13
leaf_value=0 -4.4022301905957739e-05 0 7.4471533801710718e-05 -2.0712716686442534e-05 4.7769428418939006e-05 0 8.9185999230463364e-06 0 -0.00010048326295617437 -9.5117650232217222e-05 -0.00016100353221088198 -0.00025189007418309234
leaf_weight=7.3146408470347515 1763.3450587345287 8.611553634516893 3457.5371302585118 957.12537187850103 309.71573082567193 75.086649967357516 545.570939832367 145.40404728055 154.99627629946917 683.48493921430781 354.18044268433005 88.280949462670833
leaf_count=186 8710 154 14611 4082 2406 444 3406 1680 1233 3202 2064 600
internal_value=0 1.49913e-05 2.52239e-05 5.12987e-05 -2.49021e-05 -0.000110963 -6.62771e-05 -4.89136e-05 0 -7.72838e-05 -0.000150206 -0.000226163
internal_weight=8550.65 6925.6 6487.72 4414.66 2073.06 437.879 1625.05 1529.46 700.567 828.889 362.792 95.5956
internal_count=42778 32471 29809 18693 11116 2662 10307 9521 4639 4882 2218 786
is_linear=0
shrinkage=0.0135118


Tree=197
num_leaves=15
num_cat=0
split_feature=19 9 19 27 5 35 9 10 17 17 9 9 11 5
split_gain=0.0465537 0.0685859 0.08393 0.127708 0.0786223 0.0961231 0.0391836 0.0437987 0.0586814 0.022795 0.0199166 0.0198127 0.0248666 0.00962181
threshold=0.14335495135257595 0.58201550154813342 0.16075498836105867 0.13820387323371117 0.060224422455143402 2.7622226301396009 0.35813793771397423 0.71023788813576139 0.86072746064426664 0.68104833732850933 0.48769889720208398 0.19150911060132156 0.31912370832341985 0.03567889547005796
decision_type=10 8 10 10 8 2 10 10 10 10 10 8 10 10
left_child=6 2 3 -2 -3 -6 11 8 -8 -9 -4 13 -13 -1
right_child=1 4 10 -5 5 -7 7 9 -10 -11 -12 12 -14 -15
leaf_value=-0.00011712572513419291 -5.2448498949972677e-05 0 0 0.00061004357060119108 0 0.0011318323552212085 -3.3573750464792781e-06 3.112900282937857e-05 0.00015107526531939723 -0.00015700525343497902 -0.0002643587434925063 2.1076225188214448e-07 -6.6095077047014002e-05 0
leaf_weight=623.06919445376843 58.20424447581172 16.188736816868186 170.43769282381982 97.110930679365993 33.608741829637438 40.359405555762351 645.10184726119041 68.971999497152865 879.17135676462203 255.69109690375626 86.111750029027462 4053.6387471875641 1256.0824965834618 266.90549005800858
leaf_count=4056 258 96 798 396 184 198 2964 378 3182 1272 234 21348 5738 1676
internal_value=0 0.000125689 2.21406e-05 0.000290292 0.000473064 0.000682392 -8.36251e-06 4.40533e-05 7.83863e-05 -8.25948e-05 -9.67892e-05 -2.58022e-05 -1.33693e-05 -8.73663e-05
internal_weight=8550.65 502.022 411.865 155.315 90.1569 73.9681 8048.63 1848.94 1524.27 324.663 256.549 6199.7 5309.72 889.975
internal_count=42778 2164 1686 654 478 382 40614 7796 6146 1650 1032 32818 27086 5732
is_linear=0
shrinkage=0.0135118


Tree=198
num_leaves=16
num_cat=0
split_feature=26 9 33 12 17 19 11 12 36 18 18 22 28 9 18
split_gain=0.0466242 0.0607296 0.0761217 0.0800245 0.0758693 0.0511464 0.0917278 0.0366723 0.0282479 0.0147631 0.029973 0.0152324 0.0117908 0.016593 0.00896373
threshold=0.2608877320163186 0.36368221331270334 0.039394277505336313 0.064297426739409747 1.0897116182081052 0.14335495135257595 0.36911256134890408 0.080469254423861394 1.0000000180025095e-35 0.0071408729014610381 0.053049961695692434 0.11532012310100835 0.031499999999999993 0.21723744672871273 -0.047751528959838745
decision_type=8 10 10 10 10 10 8 10 2 10 10 8 10 8 8
left_child=8 5 3 -3 -4 7 -7 -2 9 11 -11 -1 13 -10 -14
right_child=1 2 4 -5 -6 6 -8 -9 12 10 -12 -13 14 -15 -16
leaf_value=-0.00017884918959480174 0 0.00023408629846836734 8.6836300513667384e-05 -3.8146795181538898e-05 0.00046723250951251084 0 0.00074105551159183054 -0.00010735808704374062 -5.6439282458753516e-05 2.2326208252682283e-05 -0.00020213291659566135 0 0 6.6922013639760186e-05 -0.00018591204565887012
leaf_weight=537.18324442347512 3976.5947594433092 242.33438786957413 498.55716788861901 950.92163192667067 167.06332116946578 78.7952029122971 45.270446971524507 689.79055140353739 242.04520963691175 318.17680828506127 133.90683777071536 15.998883180320261 9.4773270636796934 539.9717959749978 104.56615499965847
leaf_count=2660 22486 876 2372 3586 824 376 272 2986 1108 1574 488 506 46 2202 416
internal_value=0 1.63564e-05 8.24362e-05 7.81216e-06 0.000199325 -6.95191e-06 0.000258436 -1.64265e-05 -5.95031e-05 -0.000108738 -1.95157e-05 -0.000161365 0 1.44191e-05 -0.00013189
internal_weight=8550.65 6649.33 1858.88 1193.26 665.62 4790.45 124.066 4666.39 1901.33 1005.27 452.084 553.182 896.06 782.017 114.043
internal_count=42778 33778 7658 4462 3196 26120 648 25472 9000 5228 2062 3166 3772 3310 462
is_linear=0
shrinkage=0.0135118


Tree=199
num_leaves=15
num_cat=0
split_feature=26 9 33 12 17 19 30 12 28 19 16 26 34 28
split_gain=0.0453919 0.0592125 0.0742597 0.0778921 0.0735128 0.0497346 0.0745795 0.0356823 0.0147864 0.0191289 0.0162169 0.00847448 0.00886334 0.0047442
threshold=0.2608877320163186 0.36368221331270334 0.039394277505336313 0.064297426739409747 1.0897116182081052 0.14335495135257595 17.260000000000002 0.080469254423861394 0.040950000000000021 0.035114418068410445 0.63411529851234527 0.12350880754605581 0.030739442561585454 -0.014550000000000006
decision_type=8 10 10 10 10 10 10 10 10 8 8 10 8 8
left_child=8 5 3 -3 -4 7 -7 -2 9 13 -11 -10 -13 -1
right_child=1 2 4 -5 -6 6 -8 -9 11 10 -12 12 -14 -15
leaf_value=0 0 0.00023092801625339583 8.5663823087294539e-05 -3.7631555112297925e-05 0.0004609328083593913 0.00053016111347187829 0 -0.00010590823324085495 0 -0.00017561133835756446 1.8626437785223404e-05 -0.00026792735731548688 0 -0.00010882901774357218
leaf_weight=190.99830096028745 3976.5947594433092 242.33438786957413 498.55716788861901 950.92163192667067 167.06332116946578 76.82442648941651 47.241223394405097 689.79055140353739 10.381555589847265 85.798192012123764 875.15499192499556 135.20101892389357 9.317918509244917 594.47428341442719
leaf_count=1072 22486 876 2372 3586 824 452 196 2986 40 336 4422 584 108 2438
internal_value=0 1.61506e-05 8.14057e-05 7.58063e-06 0.000196863 -6.83767e-06 0.000254793 -1.62121e-05 -5.87002e-05 -3.92172e-05 0 -0.000205643 -0.00023664 -8.86729e-05
internal_weight=8550.65 6649.33 1858.88 1193.26 665.62 4790.45 124.066 4666.39 1901.33 1746.43 960.953 154.9 144.519 785.473
internal_count=42778 33778 7658 4462 3196 26120 648 25472 9000 8268 4758 732 692 3510
is_linear=0
shrinkage=0.0135118


Tree=200
num_leaves=13
num_cat=0
split_feature=7 27 22 35 35 8 7 16 10 30 11 30
split_gain=0.0445445 0.0410733 0.0447608 0.0615986 0.0154599 0.0148569 0.0074096 0.00680669 0.0085777 0.00658337 0.00531733 0.00380149
threshold=0.19833705102195237 0.89402163807685853 0.046418798641262964 4.975008094976018 4.2103482269653485 0.65231712858726321 0.12314483256692958 0.8443793215675518 0.19540513748542612 15.775 0.18932639436443546 14.485000000000001
decision_type=8 10 10 2 2 10 10 10 10 10 10 10
left_child=6 2 4 -4 -2 10 11 8 -8 -9 -3 -1
right_child=1 5 3 -5 -6 -7 7 9 -10 -11 -12 -13
leaf_value=0 -6.2263269473168182e-05 0 8.0001587811108689e-05 -2.9988842447788614e-05 3.3009921211388274e-06 0 9.7661548200927109e-06 0 -9.871814651251791e-05 -9.2311459362109065e-05 -0.00015719909154890033 -0.00024578069649932059
leaf_weight=7.3146408470347515 1028.6788511574268 8.611553634516893 3295.7946296674199 1118.8678724695928 1044.3819384027738 75.086649967357516 545.570939832367 145.40404728055 154.99627629946917 683.48493921430781 354.18044268433005 88.280949462670833
leaf_count=186 5944 154 14696 3997 5172 444 3406 1680 1233 3202 2064 600
internal_value=0 1.443e-05 2.44006e-05 4.95888e-05 -2.38373e-05 -0.000107644 -6.41567e-05 -4.70231e-05 0 -7.46847e-05 -0.000146466 -0.000220386
internal_weight=8550.65 6925.6 6487.72 4414.66 2073.06 437.879 1625.05 1529.46 700.567 828.889 362.792 95.5956
internal_count=42778 32471 29809 18693 11116 2662 10307 9521 4639 4882 2218 786
is_linear=0
shrinkage=0.0135118


Tree=201
num_leaves=16
num_cat=0
split_feature=26 9 8 16 35 30 22 36 27 31 10 8 17 31 31
split_gain=0.044014 0.05232 0.0775114 0.0777628 0.0745679 0.0399024 0.0782129 0.0291147 0.01778 0.0162515 0.013505 0.00979746 0.00662945 0.0130426 0.00901256
threshold=0.25238925591605527 0.36368221331270334 0.43203941060640355 0.78935433360959062 4.8876385890757046 17.825000000000003 0.10388511637225942 1.0000000180025095e-35 0.082259709389778862 6.9850000000000003 0.18677830308539703 0.16134825159636559 1.0256570542526229 0.6950000000000004 0.62500000000000011
decision_type=8 10 10 10 2 10 10 2 10 8 10 8 10 8 10
left_child=7 5 4 -4 -3 6 -2 8 10 -7 -1 -10 14 -14 -9
right_child=1 2 3 -5 -6 9 -8 12 11 -11 -12 -13 13 -15 -16
leaf_value=-0.00010235706278982408 0 0.00023946886889084288 0.00045293597008016015 -3.7945286942732037e-05 -5.1713090634228968e-06 -8.1021857614877276e-05 0.00028051950544550936 7.5859471930521971e-05 0 0 8.4041604880509928e-05 -0.00016638001475116046 -0.00013598778326817063 0 -5.1915185764900914e-06
leaf_weight=151.1324886707589 2779.6272245792206 674.82714540604502 62.415352135896683 915.95867910701782 213.48504640720785 1359.3857705323026 200.0923286783509 345.24736522114836 69.159550107084215 547.75406802631915 124.01761485124007 606.89775417628698 174.97873197216541 115.63046347629279 210.04414757248014
leaf_count=772 15800 3080 342 3572 714 7400 1292 1818 364 2042 588 3236 632 356 770
internal_value=0 1.52741e-05 7.66152e-05 0 0.000168096 -5.86965e-06 2.23926e-05 -5.99493e-05 -0.000111242 -5.58929e-05 0 -0.000149022 0 -5.44055e-05 2.50649e-05
internal_weight=8550.65 6753.55 1866.69 978.374 888.312 4886.86 2979.72 1797.11 951.207 1907.14 275.15 676.057 845.901 290.609 555.292
internal_count=42778 34242 7708 3914 3794 26534 17092 8536 4960 9442 1360 3600 3576 988 2588
is_linear=0
shrinkage=0.0135118


Tree=202
num_leaves=16
num_cat=0
split_feature=26 9 8 33 17 19 30 12 36 18 18 20 27 27 9
split_gain=0.0428919 0.0555329 0.0789175 0.0778587 0.0728423 0.0469242 0.0719783 0.034732 0.0265235 0.0143894 0.0288864 0.0153937 0.00849111 0.0297547 0.0155181
threshold=0.2608877320163186 0.36368221331270334 0.43203941060640355 0.040277115408499549 0.85817896196256849 0.14335495135257595 17.260000000000002 0.080469254423861394 1.0000000180025095e-35 0.0071408729014610381 0.053049961695692434 0.070737919370237282 0.24112034302540838 0.3078743153076085 0.32091512219335311
decision_type=8 10 10 10 10 10 10 10 2 10 10 8 10 10 8
left_child=8 5 4 -4 -3 7 -7 -2 9 11 -11 -1 14 -14 -10
right_child=1 2 3 -5 -6 6 -8 -9 12 10 -12 -13 13 -15 -16
leaf_value=-0.00018454398062300487 0 0 -7.5972829887416922e-05 0.00019966452348506563 0.00027065976294913055 0.00051863779634859011 0 -0.00010420123717257525 0 2.406009400531211e-05 -0.00019712427490835253 0 0.0002304790202483958 -8.1040188580820701e-06 -0.00014577665430649361
leaf_weight=479.84871494490653 3976.5947594433092 347.31592552084476 724.63465963769704 251.23822393640876 535.68769975937903 76.82442648941651 47.241223394405097 689.79055140353739 492.53553958237171 318.17680828506127 133.90683777071536 73.333412658888847 120.62585883727297 124.16500620124862 158.73408305435441
leaf_count=2330 22486 1748 2848 1052 2010 452 196 2986 1802 1574 488 836 440 752 778
internal_value=0 1.56502e-05 7.88592e-05 0 0.000171462 -6.54402e-06 0.000247466 -1.57153e-05 -5.71083e-05 -0.000104798 -1.68086e-05 -0.000156421 0 6.39495e-05 -2.8991e-05
internal_weight=8550.65 6649.33 1858.88 975.873 883.004 4790.45 124.066 4666.39 1901.33 1005.27 452.084 553.182 896.06 244.791 651.27
internal_count=42778 33778 7658 3900 3758 26120 648 25472 9000 5228 2062 3166 3772 1192 2580
is_linear=0
shrinkage=0.0135118


Tree=203
num_leaves=16
num_cat=0
split_feature=7 5 22 18 16 22 16 26 34 18 18 12 31 10 7
split_gain=0.0424953 0.0430366 0.0455723 0.037514 0.0365253 0.0401209 0.0324966 0.0118922 0.0073011 0.00754162 0.0100137 0.00183233 0.000104473 0.00156089 2.10529e-06
threshold=0.19833705102195237 0.03317821984614832 0.046418798641262964 0.048811948168690507 0.97979156873856421 0.047059052086685413 0.94828964319784104 0.45464470353751502 -0.062367073250316533 0.0088828361648574123 -0.014276051450814396 0.036342088468697353 -0.075000000000001052 0.22091542355095137 0.19138776007865446
decision_type=8 8 10 10 8 10 10 10 10 10 10 10 8 10 10
left_child=8 4 7 -4 6 -6 -2 -3 12 10 -10 -11 14 -14 -1
right_child=1 2 3 -5 5 -7 -8 -9 9 11 -12 -13 13 -15 -16
leaf_value=-2.1383172499736467e-06 -3.5051710666342994e-05 -4.6755382554680502e-05 7.2435912926126236e-05 -2.5121662598281759e-05 0 -0.00027876686199607338 0.00026394932182301055 2.0404887600479792e-05 0 -3.2026180191711441e-05 -0.00013388999070071582 0 5.9753420263420644e-05 0 0
leaf_weight=83.704632363282144 309.8314401274547 1385.3790913573466 3513.4284888873808 710.1502922414802 226.03620373061858 237.06606907816604 79.330982672981918 464.37936988798901 317.66343634575605 334.49872754793614 608.78466728609055 169.20228359661996 84.798566218465567 18.113093834370375 8.28638574387878
leaf_count=538 1246 7104 15493 2990 1106 768 218 3546 2086 2098 3150 879 1322 174 60
internal_value=0 1.40523e-05 2.80175e-05 5.33809e-05 -7.23016e-05 -0.000154937 0 -2.38417e-05 -6.27036e-05 -7.34796e-05 -9.90435e-05 -4.20824e-06 0 1.35904e-05 0
internal_weight=8550.65 6925.6 6073.34 4223.58 852.265 463.102 389.162 1849.76 1625.05 1430.15 926.448 503.701 194.903 102.912 91.991
internal_count=42778 32471 29133 18483 3338 1874 1464 10650 10307 8213 5236 2977 2094 1496 598
is_linear=0
shrinkage=0.0135118


Tree=204
num_leaves=16
num_cat=0
split_feature=21 15 9 18 23 12 8 33 24 5 23 9 34 23 9
split_gain=0.0411062 0.0498696 0.0475358 0.0423983 0.073127 0.0407457 0.0280305 0.0195818 0.014309 0.0199945 0.0226801 0.0175571 0.00949127 0.0139064 0.00864685
threshold=0.033095937074386926 1.3572118843924919 0.24356825895724929 -0.016953379263705156 0.078870175250158561 0.064297426739409747 0.63088412765634039 0.04986064730102558 11.500000000000002 0.07695457695457697 0.067151916961161198 0.31380351437739246 -0.038496922953095362 0.065217391304347852 0.34381316108443216
decision_type=10 8 8 10 10 10 10 10 2 8 10 10 8 10 10
left_child=8 3 7 4 -2 -4 -5 -3 12 11 -11 -10 14 -14 -1
right_child=1 2 5 6 -6 -7 -8 -9 9 10 -12 -13 13 -15 -16
leaf_value=-2.4746027271093586e-05 -1.7117356309287185e-05 -0.00015357835045768062 0.00014139117800672965 -9.5937172413265088e-05 0.0002850646652450495 9.2954980555275893e-06 0.00010997803362130004 0 0 9.7698049717656555e-06 0.0003203625914834934 -0.000233156328647841 -4.7195844712498277e-05 -0.00021608138744372228 0.0001196218349118293
leaf_weight=617.05404041614383 396.23792800027877 192.03729537222534 1332.3173453188501 1141.3979878043756 190.18819897482172 913.70824415422976 85.790987282060087 249.07036093529314 405.37206375598907 865.54808072373271 53.658996820449829 98.427363038063049 1776.1335554893594 150.16714694490656 83.544135889038444
leaf_count=7478 1814 1088 6290 4904 720 3392 356 1444 570 1232 72 128 10992 1408 890
internal_value=0 2.74988e-05 6.56033e-05 -2.27874e-05 6.1916e-05 9.2648e-05 -7.23921e-05 -4.6701e-05 -3.18206e-05 0 4.01953e-05 -6.55262e-05 -5.05502e-05 -6.62111e-05 0
internal_weight=8550.65 4500.75 2687.13 1813.62 586.426 2246.03 1227.19 441.108 4049.91 1423.01 919.207 503.799 2626.9 1926.3 700.598
internal_count=42778 20008 12214 7794 2534 9682 5260 2532 22770 2002 1304 698 20768 12400 8368
is_linear=0
shrinkage=0.0135118


Tree=205
num_leaves=15
num_cat=0
split_feature=7 5 9 18 12 16 16 19 7 34 2 30 5 7
split_gain=0.0409766 0.0415954 0.0593664 0.0667293 0.0458537 0.0355751 0.0315972 0.0239708 0.00712298 0.00668689 0.00399992 0.00363406 0.00190211 0.00172365
threshold=0.19833705102195237 0.03317821984614832 0.56611536436218102 -0.020582918819801451 0.081291138386429887 0.97979156873856421 0.94828964319784104 0.043024984514530011 0.12314483256692958 -0.044316383745201519 0.046700930429822991 14.485000000000001 0.023714659352902335 0.16660001213977879
decision_type=8 8 10 10 10 8 10 10 10 10 2 10 10 10
left_child=8 5 4 -4 -3 6 -2 -7 11 13 -11 -1 -13 -10
right_child=1 2 3 -5 -6 7 -8 -9 9 10 -12 12 -14 -15
leaf_value=0 -3.422051792970346e-05 4.0696317667693499e-05 0 0.00042317802583528028 -4.3729415486437506e-05 0 0.00026044749225495037 -0.00023165916043754985 -3.2917677942024211e-05 0 -7.3906229080120291e-05 -0.00026797009702536764 0 1.8485269488748195e-05
leaf_weight=7.3146408470347515 309.8314401274547 4336.7369930641726 86.228650636970997 144.37481226678938 1505.9967864062637 180.54995183530264 79.330982672981918 282.55232097348198 201.3988375836052 130.60049690306187 916.66850230190903 75.231315826065838 13.049633636604993 280.7883658381179
leaf_count=186 1246 21813 332 652 6336 964 218 910 2092 771 4226 454 146 2432
internal_value=0 1.37351e-05 2.74884e-05 0.000243869 1.70174e-05 -7.11093e-05 0 -0.000152697 -6.16338e-05 -4.47082e-05 -6.39073e-05 -0.000214556 -0.000239412 0
internal_weight=8550.65 6925.6 6073.34 230.603 5842.73 852.265 389.162 463.102 1625.05 1529.46 1047.27 95.5956 88.2809 482.187
internal_count=42778 32471 29133 984 28149 3338 1464 1874 10307 9521 4997 786 600 4524
is_linear=0
shrinkage=0.0135118


Tree=206
num_leaves=14
num_cat=0
split_feature=7 34 15 11 11 34 9 34 3 28 28 9 9
split_gain=0.0399319 0.0408453 0.0381908 0.059199 0.0299526 0.0176175 0.012897 0.00693142 0.00416912 0.00295777 0.00100663 0.000240258 0.0021924
threshold=0.19833705102195237 0.031180650678901859 1.1760362535844295 0.33676142955024518 0.9738566533667955 0.065865556907582681 0.44672553004518317 -0.062367073250316533 56.500000000000007 0.011750000000000012 0.10420000000000006 0.24356825895724929 0.27526598240886052
decision_type=8 10 8 10 10 10 10 10 2 10 8 10 10
left_child=7 2 4 -4 -2 6 -3 11 9 -9 -7 -1 -13
right_child=1 5 3 -5 -6 10 -8 8 -10 -11 -12 12 -14
leaf_value=0 -4.2165921968110249e-05 -0.00014785939585375979 1.2767913866800403e-05 0.00012587198974978479 0.00028486350569593738 3.186064265527288e-05 0 -0.00010577003463125118 0 -2.6034369334966034e-05 -7.3889753802658243e-06 0.00011663305285069172 0
leaf_weight=130.3350907182321 1541.2777727148496 450.46815501339734 3204.1979608868714 1303.3817364303395 46.042020205408335 175.24733050167561 104.15315956063569 728.97295541595668 61.292006052099168 639.88415330834687 100.8338026702404 32.291967581957579 32.275619859807193
leaf_count=1714 6401 1548 16484 5342 236 1320 422 4002 199 4012 718 186 194
internal_value=0 1.35082e-05 2.69768e-05 4.79637e-05 -2.55653e-05 -7.18066e-05 -0.000116262 -6.08911e-05 -7.13969e-05 -7.66916e-05 0 0 2.59926e-05
internal_weight=8550.65 6925.6 6094.9 4507.58 1587.32 830.702 554.621 1625.05 1430.15 1368.86 276.081 194.903 64.5676
internal_count=42778 32471 28463 21826 6637 4008 1970 10307 8213 8014 2038 2094 380
is_linear=0
shrinkage=0.0135118


Tree=207
num_leaves=16
num_cat=0
split_feature=26 34 7 18 22 36 8 7 18 22 34 24 31 17 17
split_gain=0.0406619 0.0492763 0.0738603 0.0794725 0.0354215 0.0275949 0.0139888 0.0122699 0.028875 0.0245927 0.0117568 0.0277671 0.00837597 0.00762968 0.000396355
threshold=0.25238925591605527 0.031180650678901859 0.33636458466017566 0.048811948168690507 0.10277590248295644 1.0000000180025095e-35 0.57453093634691588 0.27542804892470035 0.0071408729014610381 0.11532012310100835 -0.025105902254562214 11.500000000000002 0.11999999999999923 1.0324070794173166 1.3673052573624835
decision_type=8 10 10 10 10 2 10 8 10 8 8 2 10 10 10
left_child=5 2 4 -4 -2 7 12 8 -1 -9 13 -12 -3 -7 -8
right_child=1 6 3 -5 -6 10 14 9 -10 -11 11 -13 -14 -15 -16
leaf_value=-0.00012949353388636164 -1.3461145731529311e-05 0 0.00015302015787735333 -3.9711384161302114e-05 0.00013747953211290786 0 3.0720523092870605e-05 -0.00022979731517187578 3.7509128608863362e-05 0 -2.0740084939251401e-06 0.00018474794532389352 -0.0001156661202669173 -0.00014743481143368221 0
leaf_weight=363.96881034225225 3753.1614915134851 90.684724401682615 1392.6267757327296 428.03259324654937 305.80968471756205 255.24245143402368 76.318560123443604 313.58294936595485 244.09619334712625 29.559454750036821 294.92212522099726 174.20134854316711 688.26705212518573 121.53478304389864 18.644733011722565
leaf_count=1704 21478 740 4852 1708 2006 1316 412 1446 1288 522 1474 260 2916 526 130
internal_value=0 1.4561e-05 3.00187e-05 0.000101561 0 -5.77354e-05 -7.65992e-05 -0.000107662 -4.40662e-05 -0.000187594 0 4.35355e-05 -9.92955e-05 -5.77235e-05 0
internal_weight=8550.65 6753.55 5879.63 1820.66 4058.97 1797.11 873.915 951.207 608.065 343.142 845.901 469.123 778.952 376.777 94.9633
internal_count=42778 34242 30044 6560 23484 8536 4198 4960 2992 1968 3576 1734 3656 1842 542
is_linear=0
shrinkage=0.0135118


Tree=208
num_leaves=16
num_cat=0
split_feature=26 9 8 17 19 11 8 28 36 19 28 21 21 9 19
split_gain=0.0396337 0.0510305 0.0763166 0.0711885 0.0437202 0.0871164 0.0361825 0.0343509 0.0249498 0.0126965 0.0111614 0.0173944 0.016717 0.00974245 0.00271887
threshold=0.2608877320163186 0.36368221331270334 0.43203941060640355 0.85817896196256849 0.14335495135257595 0.36911256134890408 0.46504941323722998 0.079800000000000051 1.0000000180025095e-35 0.110099186279059 0.031499999999999993 0.028395342972304432 0.024356163982299724 0.34567034267886071 0.12275298540742136
decision_type=8 10 10 10 10 8 10 10 2 8 10 10 10 10 8
left_child=8 4 3 -3 7 -6 -4 -2 9 13 12 -12 -10 -1 -11
right_child=1 2 6 -5 5 -7 -8 -9 10 14 11 -13 -14 -15 -16
leaf_value=-7.3407222111265575e-05 -1.7662008340558667e-06 0 -0.00018006907856478804 0.0002646062156640563 0 0.00070990828972824398 3.1814132961801614e-05 -0.00014041785999739778 -2.3403651437474632e-05 0.00017924691912519261 0 -0.00024844906694054651 9.1226729914748201e-05 -0.00025145090541759942 0
leaf_weight=802.65381950512528 4294.4825095785782 347.31592552084476 178.46794107556343 535.68769975937903 78.7952029122971 45.270446971524507 797.40494249854237 371.90280126826838 422.16228886204772 15.092697764746843 32.811559665948153 81.231922397390008 359.85471674986184 159.1517217727378 28.367534616962075
leaf_count=3844 23350 1748 628 2010 376 272 3272 2122 1898 88 194 268 1412 714 582
internal_value=0 1.48945e-05 7.55139e-05 0.000166657 -6.29466e-06 0.000238711 0 -1.52259e-05 -5.50388e-05 -0.000101282 0 -0.000127528 1.50499e-05 -0.000114589 0
internal_weight=8550.65 6649.33 1858.88 883.004 4790.45 124.066 975.873 4666.39 1901.33 1005.27 896.06 114.043 782.017 961.806 43.4602
internal_count=42778 33778 7658 3758 26120 648 3900 25472 9000 5228 3772 462 3310 4558 670
is_linear=0
shrinkage=0.0135118


Tree=209
num_leaves=16
num_cat=0
split_feature=26 9 38 17 11 30 19 36 27 23 18 19 17 18 16
split_gain=0.0386701 0.0452056 0.0802293 0.0994079 0.0689031 0.0377568 0.078999 0.0259672 0.0174343 0.014205 0.0135004 0.0122268 0.00621742 0.011565 0.0112985
threshold=0.25238925591605527 0.36368221331270334 8.5000000000000018 0.85817896196256849 0.44452297793865553 17.825000000000003 0.14335495135257595 1.0000000180025095e-35 0.082259709389778862 0.073436714676051881 0.0058444035193088171 0.110099186279059 1.0256570542526229 0.012736337796862453 0.91291542677766357
decision_type=8 10 2 10 10 10 10 2 10 10 10 10 10 8 10
left_child=7 5 4 -4 -3 6 -2 8 10 -7 -1 -10 13 -9 -14
right_child=1 2 3 -5 -6 9 -8 12 11 -11 -12 -13 14 -15 -16
leaf_value=-8.6190409017539144e-05 6.5420882919493541e-06 0.00013993615176588711 0 0.00044595977376886208 -4.9047596530998988e-05 -3.0626785269928965e-05 0.00044242108206796947 -1.6137680430627926e-06 -0.00015601908565777978 -0.00015965452333308145 0.00010687324322899192 0 -0.00015430442999802625 9.6571082215059773e-05 0
leaf_weight=171.46805816702545 2899.6098806865048 548.20697724912316 210.92428605910391 210.51257435977459 897.04238538816571 1647.3803971470334 80.109672571066767 293.30152885941789 651.42860515997745 259.75944141158834 103.68204535497352 24.628699123393744 119.84102904889733 261.98998393421061 170.76816639956087
leaf_count=828 16620 2166 1110 932 3500 8226 472 1274 3368 1216 532 232 468 1314 520
internal_value=0 1.41395e-05 7.1192e-05 0.000237485 1.49078e-05 -5.36583e-06 2.20698e-05 -5.63607e-05 -0.000104797 -5.40978e-05 0 -0.00014197 0 2.45901e-05 -5.24067e-05
internal_weight=8550.65 6753.55 1866.69 421.437 1445.25 4886.86 2979.72 1797.11 951.207 1907.14 275.15 676.057 845.901 555.292 290.609
internal_count=42778 34242 7708 2042 5666 26534 17092 8536 4960 9442 1360 3600 3576 2588 988
is_linear=0
shrinkage=0.0135118


Tree=210
num_leaves=14
num_cat=0
split_feature=5 22 21 10 33 28 15 10 21 33 30 23 10
split_gain=0.0376861 0.0514713 0.086237 0.133765 0.0573905 0.0352177 0.0258794 0.0505235 0.0197858 0.0153421 0.0123457 0.0098631 0.00514874
threshold=0.03317821984614832 0.10631632981660503 0.065576255632465483 0.3892848018163117 0.057022789797795743 0.097450000000000023 1.329815938447493 0.31604470328743101 0.11577124060039588 0.061511844567281322 17.260000000000002 0.053845238879495223 0.36784386105617473
decision_type=8 10 8 8 10 10 10 10 10 8 10 10 8
left_child=5 6 3 -3 -4 8 10 -8 9 -1 -2 -10 -7
right_child=1 2 4 -5 -6 12 7 -9 11 -11 -12 -13 -14
leaf_value=-9.5765743234823203e-05 -2.9774654127793967e-06 0 -4.5233657954353149e-05 0.00062942103450508219 0.00022605266717737595 0 -5.5594883202577181e-06 0.00010458831845279012 0.00057984963694911488 0 -7.2140897059723606e-05 0 -0.00053062168512870724
leaf_weight=729.71905925963074 1496.7045655515976 113.29578071366996 513.47974221035838 126.35750559344888 185.74095002561808 18.419330489356071 3019.6157342684455 952.59895301004872 9.9573800563812274 237.47607475169934 1093.5236204881221 13.069065634161232 40.695968867279589
leaf_count=2196 9496 604 2124 404 1196 100 14825 4323 16 1996 5326 74 98
internal_value=0 9.94395e-06 0.000103792 0.000327732 1.09029e-05 -7.64719e-05 -1.78128e-06 1.80439e-05 -4.43622e-05 -6.34443e-05 -3.65048e-05 0.000267017 -0.000422553
internal_weight=8550.65 7501.32 938.874 239.653 699.221 1049.34 6562.44 3972.21 990.222 967.195 2590.23 23.0264 59.1153
internal_count=42778 38298 4328 1008 3320 4480 33970 19148 4282 4192 14822 90 198
is_linear=0
shrinkage=0.0135118


Tree=211
num_leaves=12
num_cat=0
split_feature=7 15 11 21 32 11 35 27 23 35 5
split_gain=0.0379848 0.0419014 0.0604785 0.0590364 0.0261778 0.0242372 0.0251988 0.0116037 0.0045289 0.0038472 0.00313818
threshold=0.16660001213977879 1.3572118843924919 0.3009809796100148 0.049531869211169602 0.49670184696569925 0.9738566533667955 2.975274399096461 0.89402163807685853 0.0078559764065816457 5.942326552246036 0.076650835958655253
decision_type=8 8 10 10 10 10 2 10 10 2 10
left_child=8 5 4 -4 -3 7 -7 -2 -1 10 -10
right_child=1 2 3 -5 -6 6 -8 -9 9 -11 -12
leaf_value=0 -2.2571730828762374e-05 4.9710711508356895e-05 0 0.00017856891622767591 -3.0452967717616363e-05 0.00054301642656625064 0 -0.00012581925661028575 -0.00012454297966404368 0 0
leaf_weight=25.963736423756927 2868.2470104554668 1232.7356276784558 619.73206988256425 864.01008926518261 1867.3782910434529 24.630800124257803 45.531006328761578 298.12488615885377 549.84462551167235 47.075382187962532 107.38020585943013
leaf_count=290 12766 8744 3049 3439 7606 140 234 1766 3606 384 754
internal_value=0 8.01876e-06 3.5392e-05 0.000106344 0 -2.72898e-05 0.000198102 -3.5842e-05 -9.38268e-05 -0.000101495 -0.000110031
internal_weight=8550.65 7820.39 4583.86 1483.74 3100.11 3236.53 70.1618 3166.37 730.264 704.3 657.225
internal_count=42778 37744 22838 6488 16350 14906 374 14532 5034 4744 4360
is_linear=0
shrinkage=0.0135118


end of trees

feature_importances:
parkinson_rv_60d=295
hist_move_avg_8q=269
iv_rank=200
log_spot=147
hist_move_avg_4q=143
parkinson_rv_10d=136
drift_5d=136
hist_move_med_8q=120
tlt_spy_ratio_30d=120
hist_move_std_4q=115
rv_term_ratio=114
cc_rv_10d=106
cc_rv_20d=105
iv_crush_pct=104
iv_mom_week=96
vol_of_vol_20d=95
spy_drift_60d=90
volume_ratio_20d=83
hist_move_med_4q=80
vix_current=78
vix_change_30d=70
parkinson_rv_20d=67
hv_rank=61
hist_event_count=48
iv_rv_ratio_20d=46
vix_pct_252d=45
atm_iv=33
iv_cc_rv_ratio_20d=32
earnings_month=26
em_iv_pct=8
timing_bmo=7
dte=6
iv_rv_ratio_60d=6
earnings_dow=6
event_move_implied=5
hist_straddle_accuracy=2
event_vol_fraction=1
timing_amc=1

parameters:
[boosting: gbdt]
[objective: regression]
[metric: l2]
[tree_learner: serial]
[device_type: cpu]
[data_sample_strategy: bagging]
[data: ]
[valid: ]
[num_iterations: 2000]
[learning_rate: 0.0135118]
[num_leaves: 62]
[num_threads: 8]
[seed: 42]
[deterministic: 0]
[force_col_wise: 0]
[force_row_wise: 0]
[histogram_pool_size: -1]
[max_depth: 4]
[min_data_in_leaf: 36]
[min_sum_hessian_in_leaf: 0.001]
[bagging_fraction: 0.755471]
[pos_bagging_fraction: 1]
[neg_bagging_fraction: 1]
[bagging_freq: 0]
[bagging_seed: 400]
[bagging_by_query: 0]
[feature_fraction: 0.635675]
[feature_fraction_bynode: 1]
[feature_fraction_seed: 30056]
[extra_trees: 0]
[extra_seed: 12879]
[early_stopping_round: 0]
[early_stopping_min_delta: 0]
[first_metric_only: 0]
[max_delta_step: 0]
[lambda_l1: 0.828738]
[lambda_l2: 0.356753]
[linear_lambda: 0]
[min_gain_to_split: 0]
[drop_rate: 0.1]
[max_drop: 50]
[skip_drop: 0.5]
[xgboost_dart_mode: 0]
[uniform_drop: 0]
[drop_seed: 17869]
[top_rate: 0.2]
[other_rate: 0.1]
[min_data_per_group: 100]
[max_cat_threshold: 32]
[cat_l2: 10]
[cat_smooth: 10]
[max_cat_to_onehot: 4]
[top_k: 20]
[monotone_constraints: ]
[monotone_constraints_method: basic]
[monotone_penalty: 0]
[feature_contri: ]
[forcedsplits_filename: ]
[refit_decay_rate: 0.9]
[cegb_tradeoff: 1]
[cegb_penalty_split: 0]
[cegb_penalty_feature_lazy: ]
[cegb_penalty_feature_coupled: ]
[path_smooth: 0]
[interaction_constraints: ]
[verbosity: -1]
[saved_feature_importance_type: 0]
[use_quantized_grad: 0]
[num_grad_quant_bins: 4]
[quant_train_renew_leaf: 0]
[stochastic_rounding: 1]
[linear_tree: 0]
[max_bin: 255]
[max_bin_by_feature: ]
[min_data_in_bin: 3]
[bin_construct_sample_cnt: 200000]
[data_random_seed: 175]
[is_enable_sparse: 1]
[enable_bundle: 1]
[use_missing: 1]
[zero_as_missing: 0]
[feature_pre_filter: 1]
[pre_partition: 0]
[two_round: 0]
[header: 0]
[label_column: ]
[weight_column: ]
[group_column: ]
[ignore_column: ]
[categorical_feature: ]
[forcedbins_filename: ]
[precise_float_parser: 0]
[parser_config_file: ]
[objective_seed: 16083]
[num_class: 1]
[is_unbalance: 0]
[scale_pos_weight: 1]
[sigmoid: 1]
[boost_from_average: 1]
[reg_sqrt: 0]
[alpha: 0.9]
[fair_c: 1]
[poisson_max_delta_step: 0.7]
[tweedie_variance_power: 1.5]
[lambdarank_truncation_level: 30]
[lambdarank_norm: 1]
[label_gain: ]
[lambdarank_position_bias_regularization: 0]
[eval_at: ]
[multi_error_top_k: 1]
[auc_mu_weights: ]
[num_machines: 1]
[local_listen_port: 12400]
[time_out: 120]
[machine_list_filename: ]
[machines: ]
[gpu_platform_id: -1]
[gpu_device_id: -1]
[gpu_use_dp: 0]
[num_gpu: 1]

end of parameters

pandas_categorical:[]
