tree
version=v4
num_class=1
num_tree_per_iteration=1
label_index=0
max_feature_idx=39
objective=quantile
feature_names=atm_iv straddle_pct em_iv_pct dte event_move_implied iv_crush_pct event_vol_fraction parkinson_rv_10d parkinson_rv_20d parkinson_rv_60d cc_rv_10d cc_rv_20d vol_of_vol_20d iv_rv_ratio_20d iv_rv_ratio_60d iv_cc_rv_ratio_20d rv_term_ratio volume_ratio_20d drift_5d hist_move_avg_4q hist_move_med_4q hist_move_std_4q hist_move_avg_8q hist_move_med_8q hist_event_count hist_straddle_accuracy iv_rank hv_rank iv_mom_week iv_mom_month vix_current vix_change_30d vix_pct_252d spy_drift_60d tlt_spy_ratio_30d log_spot timing_bmo timing_amc earnings_month earnings_dow
feature_infos=[0.04895:6.9630000000000001] [0.0015384615384615385:1.8500000000000001] [0.017194475857088519:2.0616975370423702] [2:60] [0:0.82508170513633672] [-5.6183681411337396:0.89960535464222413] [0.023930106654222842:31.543013227397861] [0.014395346063371022:2.9019283854171243] [0.013702742912540504:2.0568049020414998] [0.013292971040519895:1.1996297331252923] [0.0017225564754097334:6.8202047156347891] [0.0012180313647390209:4.8923480790586602] [0.0025765502067234152:1.6787447670311981] [0.22546544050885908:52.932993482707012] [0.18352836383539717:24.137930742003956] [0.05225578794854964:577.53028400112123] [0.089317021865592552:2.4494897427831788] [0.25046762693031205:13.666063787489955] [-0.74597457057605987:0.45318618725525139] [0:0.60000000000000009] [0:0.60000000000000009] [0:0.74631856464742785] [0:0.60000000000000009] [0:0.60000000000000009] [0:24] [0.0018949083811800431:35.705564830433907] [0:1] [-1.2731829573934843:8.9999999999961151] [-0.79009999999999991:1.0044] [-1.9103000000000001:1.0076000000000001] [11.99:52.329999999999998] [-22.329999999999998:24.469999999999999] [0.0039577836411609502:1] [-0.15722837228372288:0.2501611343860779] [-0.2127845500662231:0.23027200357131283] [0.66268797307523675:8.5467519936577823] [0:1] [0:1] [1:12] [0:6]
tree_sizes=1849 1894 1901 1917 1904 1895 1906 1897 1917 1906 1908 1917 1906 1906 1915 1894 1913 1902 1915 1913 1911 1908 1915 1902 1913 1916 1918 1908 1909 1912 1915 1913 1905 1926 1914 1912 1926 1911 1898 1897 1898 1903 1890 1909 1910 1913 1881 1898 1936 1912 1913 1922 1903 1932 1931 1919 1927 1936 1931 1904 1925 1906 1922 1920 1918 1907 1933 1924 1900 1942 1928 1916 1920 1945 1918 1928 1911 1892 1910 1920 1900 1916 1912 1906 1932 1891 1909 1909 1916 1910 1899 1935 1924 1913 1915 1937 1901 1914 1924 1895 1923 1926 1915 1932 1912 1882 1930 1922 1922 1929 1926 1922 1928 1915 1918 1927 1930 1917 1919 1935 1943 1912 1926 1919 1913 1932 1931 1923 1910 1916 1896 1894 1914 1911 1902 1915 1908 1922 1925 1920 1909 1920 1938 1900 1927 1932 1912 1922 1926 1926 1925 1907 1918 1937 1911 1931 1912 1929 1912 1921 1927 1908 1931 1924 1917 1918 1918 1935

Tree=0
num_leaves=16
num_cat=0
split_feature=19 19 5 23 5 16 0 18 25 19 17 28 23 17 30
split_gain=58.6974 15.8248 10.3619 6.33683 5.56993 8.56971 5.38921 4.91347 3.96027 3.79119 3.57648 3.66227 3.50316 3.47783 2.99264
threshold=0.074297089062731692 0.04058260022115668 0.24421142678962948 0.076834294880109996 0.35914238558006112 1.0492112151664654 0.39052500000000007 -0.10938999219270122 0.26218356811563731 0.14572643632566354 0.60629941642350371 -0.032349999999999983 0.046615374661582727 0.94025195422965846 18.365000000000006
decision_type=8 10 10 8 10 8 2 8 10 10 10 10 10 8 8
left_child=1 12 3 -2 5 -4 -3 -5 13 -6 -9 -12 -1 -8 -10
right_child=2 6 4 7 9 -7 8 10 14 -11 11 -13 -14 -15 -16
leaf_value=0.088671060807971408 0.089562460491028048 0.089224057607893745 0.092083621060985263 0.089389205551279702 0.09048444028363499 0.0924320201317647 0.08938846080679573 0.091377035337102619 0.090096960062807208 0.093853687815913675 0.08972716175853658 0.091283292760344359 0.08976815665422995 0.092750998379168059 0.089563115131678236
leaf_weight=1297.5636782785878 313.79858080809936 500.87250879174098 221.67738562449813 30.690941026434302 208.41965697379783 141.78648096881807 10.014047490432857 36.091622670413926 423.61643357854337 27.083465407602489 54.119175569619983 256.73885461734608 89.062011174857616 29.430016630329192 381.16180042736232
leaf_count=8911 1416 3618 1316 98 1268 726 74 1272 2570 156 380 1955 376 112 2022
internal_value=0.0897449 0.087363 0.0947789 0.0923657 0.097546 0.0997911 0.0895854 0.0948673 0.0909746 0.0940324 0.0958538 0.0948058 0.0852147 0.0998348 0.0905252
internal_weight=4022.13 2731.72 1290.41 691.439 598.967 363.464 1345.09 377.641 844.222 235.503 346.95 310.858 1386.63 39.4441 804.778
internal_count=26270 17683 8587 5121 3466 2042 8396 3705 4778 1424 3607 2335 9287 186 4592
is_linear=0
shrinkage=1


Tree=1
num_leaves=16
num_cat=0
split_feature=22 19 35 7 5 5 22 10 2 5 9 7 22 22 22
split_gain=61.7987 14.7158 9.47299 9.17469 8.02805 5.24986 4.30905 5.21572 3.94479 3.73307 3.68301 3.60647 3.5456 3.43059 3.6247
threshold=0.071143544106139212 0.04058260022115668 2.6008360479532171 0.28409640853091633 0.23833593118405291 0.1310107334837454 0.090528876775595443 0.24541948455033849 0.25446843738026687 0.06019097228615939 0.21909039047031573 0.3356631947604109 0.14354841268066718 0.11847950291169605 0.10340860413827326
decision_type=8 10 2 8 10 10 8 10 2 10 8 8 10 10 8
left_child=1 -1 8 12 6 -4 9 -8 -3 11 -7 -5 -2 14 -6
right_child=3 2 5 4 13 10 7 -9 -10 -11 -12 -13 -14 -15 -16
leaf_value=-0.0010223612969168137 0.00014804456927873126 0.0026010714104188221 -0.00070141122192869177 -0.00042305417027859848 0.0020775651278982297 -0.00065975484970706006 0.002910908488163731 0.001064694623216494 -0.00038404431700327497 -1.3493332141083389e-05 0.00011795470982886984 0.0026415469188320693 0.003265718140826138 0.0034747329862282717 0.00048196218829629588
leaf_weight=1371.8382863430306 330.31855910131708 43.420132946688682 362.0393909951672 6.7282986175268915 195.27069263067096 181.27899638656527 37.022651925450191 288.13506400026381 19.248997298069298 184.71217841701582 727.94699185434729 15.913901338353751 14.430775229819117 174.1490312628448 69.67271169135347
leaf_count=9209 2962 270 1998 24 980 1794 1206 1437 162 758 3966 70 172 746 516
internal_value=4.87696e-05 -0.00242637 -0.000275036 0.00514353 0.00657049 -0.000819297 0.00416861 0.00623136 0.0105699 0.000882693 0.000332932 0.0118199 0.00109141 0.00945702 0.00730177
internal_weight=4022.13 2705.77 1333.93 1316.35 971.605 1271.27 532.512 325.158 62.6691 207.354 909.226 22.6422 344.749 439.092 264.943
internal_count=26270 17399 8190 8871 5737 7758 3495 2643 432 852 5760 94 3134 2242 1496
is_linear=0
shrinkage=0.0286577


Tree=2
num_leaves=16
num_cat=0
split_feature=23 1 9 33 17 28 27 35 23 23 14 27 13 38 23
split_gain=53.9903 12.8884 9.73075 7.28232 6.30761 5.46068 5.05547 4.3088 4.24716 3.74662 3.44193 3.34847 5.18222 3.0187 2.76506
threshold=0.05128483803648632 0.11470676369863016 0.28628342329442169 0.014367282772913105 1.4292744949751899 0.042850000000000034 -0.0026800577243202488 2.5261284843935381 0.07326499842878352 0.045181410473082557 1.5364540546290499 0.099380438662886164 1.4904223622976203 4.5000000000000009 0.035592903757192713
decision_type=8 2 10 8 8 8 8 2 8 10 10 10 10 2 10
left_child=2 -2 14 -4 6 8 -3 9 -6 -5 -9 -8 -13 -7 -1
right_child=1 4 3 7 5 13 11 10 -10 -11 -12 12 -14 -15 -16
leaf_value=-0.0010548042262649817 4.9500973415764705e-05 0.0018590768512930795 -0.0006881373504926178 0.00074864557204783991 -0.00088791500599243352 0.0037807414784140408 -0.0001055922694683723 -9.2596515507270801e-05 0.0023265291354761918 0.0025265307944051575 0.00086742740636920016 0.0005239540247292849 0.002072976377487793 0.0033156307126183202 -0.0005475572559183701
leaf_weight=1034.5182293285616 694.00876987213269 18.760734299197793 285.00922136567533 12.895422333851455 43.112520003225654 53.227184726158157 127.09014924475923 203.06369584519416 95.351991290226579 19.62988862209022 112.64464631024748 349.25664891861379 338.77659738669172 43.028949869796634 591.75201062206179
leaf_count=7402 6389 72 1501 136 154 222 689 1057 658 54 628 1383 1862 303 3760
internal_value=-4.33781e-05 0.00371308 -0.00297822 2.00359e-05 0.00568884 0.00987389 0.00449651 0.00281506 0.0060921 0.0127585 0.00175062 0.00413907 0.00492851 0.0151834 -0.00415165
internal_weight=4022.13 1762.61 2259.51 633.243 1068.6 234.721 833.884 348.234 138.465 32.5253 315.708 815.123 688.033 96.2561 1626.27
internal_count=26270 11732 14538 3376 5343 1337 4006 1875 812 190 1685 3934 3245 525 11162
is_linear=0
shrinkage=0.0286577


Tree=3
num_leaves=16
num_cat=0
split_feature=22 26 22 23 33 7 28 21 15 18 7 24 18 28 23
split_gain=52.63 11.5291 9.19681 8.98112 5.85889 5.58702 4.15935 4.61751 3.81591 3.66524 3.468 2.87417 2.51986 3.41635 3.37798
threshold=0.063050231968803619 0.43002484893211984 0.044740056484257225 0.11982168536094324 -0.0067690565975651587 0.23356872609043197 0.02260000000000004 0.081471994555912461 1.3916132287592591 0.015970965367920423 0.28933769835669315 11.500000000000002 0.027690535649379292 0.0056999999999999976 0.064952625786942927
decision_type=8 8 10 10 8 8 8 10 8 10 10 2 10 8 10
left_child=2 -2 10 4 11 -6 -5 9 -7 -8 -1 -3 13 -4 -15
right_child=1 3 12 6 5 8 7 -9 -10 -11 -12 -13 -14 14 -16
leaf_value=-0.0010727101446170041 2.9160590145511569e-05 0.00080616566467303511 -0.00057665714103926095 0.0026916763166964209 -0.00030283354468379039 0.00047125841656828123 0.0030637831079663507 -0.00010862076144564605 0.0020909150026377568 -0.00047536633689760727 -0.00025722485550460657 -7.2513293782630007e-05 0.00014759204167954156 -0.00015708676410400855 0.00252452935011933
leaf_weight=1172.6240274030715 477.3976712541189 83.666953003965318 283.29779607569799 95.386457171291113 114.19244069093838 245.31896980293095 41.139837271999568 41.692056853324175 482.18129735719413 9.6333508156239969 276.11427324917167 48.170390486717224 263.36469041090459 365.33519640518352 22.611251786351204
leaf_count=8582 3812 968 1759 502 1149 942 226 236 2599 90 1753 58 1386 2074 134
internal_value=-0.000132262 0.00381817 -0.00285284 0.0053591 0.00423367 0.00511583 0.0111263 0.00657931 0.00604209 0.0123681 -0.00428369 -0.00132201 -0.000623731 -0.00156352 0.000159304
internal_weight=4022.13 1638.78 2383.35 1161.38 973.53 841.693 187.852 92.4652 727.5 50.7732 1448.74 131.837 934.609 671.244 387.946
internal_count=26270 10582 15688 6770 5716 4690 1054 552 3541 316 10335 1026 5353 3967 2208
is_linear=0
shrinkage=0.0286577


Tree=4
num_leaves=16
num_cat=0
split_feature=19 5 19 8 9 9 8 26 26 5 16 18 27 33 16
split_gain=49.2109 13.1823 11.9926 6.86999 6.66279 5.99595 5.51588 5.97309 4.10609 4.09986 5.3563 4.20137 3.81001 3.07175 3.53027
threshold=0.074994783065013171 0.24421142678962948 0.041107894054240875 0.30002791580217891 0.22167193096984888 0.34119029518440447 0.39577474184381012 0.34927549192923674 0.39301271206680349 0.35914238558006112 1.0410020224585141 0.058073942495931903 0.57602241019910749 0.017478169083073428 1.0290056258349798
decision_type=8 10 10 8 8 8 10 10 8 10 10 10 8 8 10
left_child=2 5 -1 -3 -4 -2 7 -7 -8 10 11 -5 -9 -6 -15
right_child=1 3 4 9 13 6 8 12 -10 -11 -12 -13 -14 14 -16
leaf_value=-0.00090661317420885591 -0.0004045471797740097 0.00053585726646739886 -0.00074280837863360534 0.002537638202797753 -0.00016895294702855466 -3.5764556844153434e-05 -0.00052168842122667384 0.0020472817009779282 0.0010183319986776678 0.0021916397579735242 0.0026704079406404463 -0.00016023042732014124 -0.00064302039092187788 6.2424092159945647e-05 0.00063726379125030952
leaf_weight=1420.852758965455 242.56376706436276 183.43025791365653 259.43022744730115 133.50125606823713 375.50433143880218 31.591145341750234 61.45701671205461 84.394318889360875 242.84870737418532 157.04698581760749 93.950517430901527 24.439390201121569 10.234812296228482 459.58319700043648 241.29797007702291
leaf_count=9479 2114 1480 2506 752 1795 884 212 890 869 780 306 114 90 2980 1019
internal_value=-0.000197676 0.00447769 -0.00234772 0.00759967 -0.00038993 0.00171369 0.00375091 0.00880001 0.0016189 0.00967668 0.0119828 0.00861303 0.0124083 0.000595765 0.00172272
internal_weight=4022.13 1265.46 2756.67 592.368 1335.82 673.09 430.526 126.22 304.306 408.938 251.891 157.941 94.6291 1076.39 700.881
internal_count=26270 8491 17779 3432 8300 5059 2945 1864 1081 1952 1172 866 980 5794 3999
is_linear=0
shrinkage=0.0286577


Tree=5
num_leaves=16
num_cat=0
split_feature=22 22 26 35 8 18 10 22 26 38 8 35 8 35 26
split_gain=47.6084 11.2816 9.49435 8.7527 7.06695 7.22936 6.07591 4.89814 4.27027 4.2387 3.99966 3.24205 3.24065 2.90932 5.05936
threshold=0.071143544106139212 0.044740056484257225 0.43002484893211984 2.6008360479532171 0.32235882684455658 0.0455990632243869 0.87682225794590596 0.098479846729313716 0.54322838082642988 2.5000000000000004 0.33064287646283447 3.1688448028434846 0.24225459660320817 5.2881154836511746 0.32790579945087656
decision_type=8 10 8 2 8 10 10 10 8 2 10 2 8 2 10
left_child=1 12 11 9 8 6 7 -6 -4 -3 -7 -2 -1 -14 -15
right_child=2 3 4 -5 5 10 -8 -9 -10 -11 -12 -13 13 14 -16
leaf_value=-0.0011046622420297721 0.00061108782541849133 0.0024822258480062696 0.00320486380778158 -0.00021087816956026075 0.0014170064752312584 0.0041628662920281312 -0.00013469095534582393 0.002537158104790189 -1.5267041351292922e-05 0.001254504155567455 0.0003590826369227624 -0.00030324915087397641 -0.00074544185027427363 -0.00074912375852468174 0.0011596146464887475
leaf_weight=752.39894149638712 136.63729018182494 26.884774420410395 57.807862375862896 1201.258043336682 208.5374078550376 9.2634399980306608 28.10147481970489 297.37491378281265 206.66748510161415 28.891677414532751 135.06232129735872 236.90166880236939 586.61418283730745 37.786664489656687 71.938511828891933
leaf_count=6284 954 98 534 6706 1282 28 100 1264 1820 260 603 2286 3597 92 362
internal_value=-0.000270869 -0.00244783 0.00419598 -0.000452217 0.00572821 0.00728164 0.00882311 0.00954931 0.00170344 0.0106069 0.0015043 0.000300823 -0.00417216 -0.00273315 0.00148387
internal_weight=4022.13 2705.77 1316.35 1257.03 942.815 678.34 534.014 505.912 264.475 55.7765 144.326 373.539 1448.74 696.339 109.725
internal_count=26270 17399 8871 7064 5631 3277 2646 2546 2354 358 631 3240 10335 4051 454
is_linear=0
shrinkage=0.0286577


Tree=6
num_leaves=16
num_cat=0
split_feature=23 1 8 5 17 28 5 23 27 27 27 28 5 27 9
split_gain=40.9179 10.8995 10.2819 8.62098 6.26503 5.04493 4.0036 6.14306 4.68753 3.84819 3.84058 3.51528 3.48343 3.46053 3.14545
threshold=0.05128483803648632 0.13568813131313137 0.23433216071527713 0.26076384694787075 1.5121686429227827 -0.022050000000000011 0.14325258096240903 0.040673000557745649 0.080133928993874379 0.59664228956615462 -0.0096560704436496683 0.20700000000000007 0.16469133651069739 0.10121446115735792 0.43995183280380151
decision_type=8 2 10 10 8 8 10 10 10 8 8 10 8 10 10
left_child=2 12 -1 4 10 -5 8 -8 -4 13 -3 -7 -2 -6 -9
right_child=1 3 6 5 9 11 7 14 -10 -11 -12 -13 -14 -15 -16
leaf_value=-0.00097113209506940036 -0.00032685989807829335 0.0031077259969497367 0.00087909539209959236 0.00053303396456153744 -0.00035870097746216133 0.0031244891148535106 -0.00038691053032792054 0.00064089752647304731 -0.00061675878828286218 -0.00088218764435999092 0.0002864732538283773 -0.00016592906601959603 0.00033768403073401775 0.0025847228025552131 0.0012404567762440927
leaf_weight=1105.4746286068112 283.82480542594567 9.2352364254184049 40.024198894854635 52.118959865067154 7.0534698027186087 212.12357043335214 497.8435856224969 218.08291836036369 375.01863883016631 13.98384297499433 384.1801949092187 9.9576003262773138 726.15479834354483 63.981067104265094 23.069144112989306
leaf_count=8327 2789 22 237 329 98 923 2842 1100 1962 70 1598 46 5543 314 70
internal_value=-0.000205722 0.00306402 -0.00276086 0.00567725 0.00332103 0.00974599 -0.000857962 0.000395188 -0.00311219 0.0103889 0.00176318 0.0116347 0.00110595 0.0131133 0.00415764
internal_weight=4022.13 1762.61 2259.51 752.634 478.434 274.2 1154.04 738.996 415.043 85.0184 393.415 222.081 1009.98 71.0345 241.152
internal_count=26270 11732 14538 3400 2102 1298 6211 4012 2199 482 1620 969 8332 412 1170
is_linear=0
shrinkage=0.0286577


Tree=7
num_leaves=16
num_cat=0
split_feature=22 22 35 8 17 22 38 8 18 18 31 22 28 35 38
split_gain=43.3506 10.8706 8.28719 8.23794 5.54436 4.41254 4.00187 3.82648 3.56785 5.63383 3.93327 3.85624 2.973 3.77448 2.91502
threshold=0.071143544106139212 0.045630466186969164 2.6008360479532171 0.32235882684455658 1.4161421580115339 0.088317336529735266 2.5000000000000004 0.24225459660320817 0.046568269745070674 -0.0067596221808134951 1.76 0.099124972341941023 0.029099999999999935 5.6692425846435546 3.5000000000000004
decision_type=8 10 2 8 8 8 2 8 10 10 10 10 10 2 2
left_child=1 7 6 14 8 -6 -3 -1 9 10 -5 -11 -4 -14 -2
right_child=3 2 12 4 5 -7 -8 -9 -10 11 -12 -13 13 -15 -16
leaf_value=-0.0010433694507840708 -0.00018126447708388587 0.0024028814148697709 -0.00038126214602057681 0.0023825291900408121 0.00026957387571608017 0.0023515223841461107 0.0011933601885189033 -0.00054335367106154303 0.00015807958071604482 0.0010017588785557678 -1.0844330969670812e-05 0.0025044375026600494 8.201654518342985e-05 0.00070412165637567998 0.00064188682013596938
leaf_weight=759.02039789687842 143.18982045538723 26.884774420410395 905.51498056622222 119.66570947598666 64.317002001684159 175.91200717096217 28.891677414532751 739.99674910865724 152.67352232290432 116.97275123652071 164.81735411286354 118.84499513730407 222.67127326549962 22.792943151667714 259.96070230100304
leaf_count=6412 708 98 5172 594 270 2010 260 4213 701 468 576 466 1172 72 3078
internal_value=-0.000315122 -0.00239253 -0.000358833 0.00394711 0.00545426 0.00922429 0.0103923 -0.00402277 0.00409101 0.00522166 0.00245412 0.00851254 -0.000890445 0.00188689 0.000507336
internal_weight=4022.13 2705.77 1206.76 1316.35 913.203 240.229 55.7765 1499.02 672.974 520.301 284.483 235.818 1150.98 245.464 403.151
internal_count=26270 17399 6774 8871 5085 2280 358 10625 2805 2104 1170 934 6416 1244 3786
is_linear=0
shrinkage=0.0286577


Tree=8
num_leaves=16
num_cat=0
split_feature=19 19 26 35 23 10 31 17 10 31 10 20 10 21 18
split_gain=39.7367 11.3277 7.51657 6.06639 8.07748 5.38889 4.56269 3.99527 3.87001 4.46359 3.76561 4.90651 3.62959 3.49555 3.38541
threshold=0.074297089062731692 0.041107894054240875 0.39301271206680349 3.2882152855366646 0.086144752386896103 0.87682225794590596 1.1549999999999996 1.6169054812272667 0.28121474275756209 0.56500000000000139 0.1813162126081492 0.031938529763972053 0.22871599928405914 0.069978930126646105 0.097347528438975664
decision_type=8 10 10 2 10 10 8 10 8 8 8 10 10 10 10
left_child=1 -1 7 5 6 14 -5 -2 -6 -10 -3 13 -8 -12 -4
right_child=2 10 3 4 8 -7 12 -9 9 -11 11 -13 -14 -15 -16
leaf_value=-0.00082823455289490549 -6.6826387891805549e-05 -0.00067122209418149254 0.0023752193257907551 0.00097305081479188938 0.0011730697632617276 -0.00094418972032468771 0.00081356755448364407 0.0012698090749153441 0.0011153138190607918 0.0021070857106798139 0.0018471360303869634 -5.3718804044697009e-05 -0.00032109595575581333 -0.00041389121497494561 -0.00016570411815097034
leaf_weight=1420.852758965455 312.78362384880893 165.7790923351422 229.81507160165347 152.92499384656549 91.053599037230015 21.950352488085628 57.372599931200966 17.692626506555825 47.038026503287256 161.82600788585842 68.642850330099463 1052.677048758138 185.87576661724597 23.768745983019471 12.073495400138198
leaf_count=9479 2890 1504 1338 752 702 74 730 122 356 744 341 6227 824 132 55
internal_value=-0.000367392 -0.00232734 0.00377368 0.00505681 0.00362772 0.00878305 0.000911733 1.55825e-05 0.00717878 0.00934097 -0.000397507 0.000178881 -0.00149553 0.00650754 0.0100294
internal_weight=4022.13 2731.72 1290.41 959.93 696.091 263.839 396.173 330.476 299.918 208.864 1310.87 1145.09 243.248 92.4116 241.889
internal_count=26270 17683 8587 5575 4108 1467 2306 3012 1802 1100 8204 6700 1554 473 1393
is_linear=0
shrinkage=0.0286577


Tree=9
num_leaves=16
num_cat=0
split_feature=22 9 23 33 7 8 13 26 30 17 22 26 10 33 23
split_gain=37.9512 8.54811 7.68189 5.38318 5.25364 5.20139 5.42201 4.55658 5.48241 4.1361 4.05002 3.66501 4.15229 3.19097 3.07255
threshold=0.059222349255364549 0.28628342329442169 0.12697965176060574 0.012709257781763685 0.27499952561912661 0.23433216071527713 1.628890707902819 0.45973959572187012 23.075000000000006 1.2775116667282085 0.032826042474362341 0.44336997847184273 0.31587215948249364 0.013709074897905184 0.1491550303840869
decision_type=8 10 10 8 10 8 8 10 10 8 10 8 10 8 10
left_child=1 10 5 -3 -5 -2 -7 -8 -9 13 -1 -6 -13 -4 -15
right_child=2 3 9 4 11 6 7 8 -10 -11 -12 12 -14 14 -16
leaf_value=-0.0010431190215176394 -0.00035660387324224028 -0.00065888624864616173 0.0020504198697048046 -0.00053122502738502629 1.7314358320535414e-05 0.0002541559170575157 0.00038080994869564029 0.0020545566195536297 -7.2117383638678972e-05 0.002921581427875416 -0.00052279467895438711 -0.00022965136068891855 0.0012811904810683841 0.0023349472475547996 -0.00021961726093243746
leaf_weight=667.39741657255217 211.06631199456751 249.83111762907356 32.655405638739467 64.425778047181666 132.33931653853506 732.72456550458446 249.08466439135373 382.39323418098502 36.953317478299141 52.754267479293048 968.0102946725674 39.036599786020815 104.11004854459316 51.021299071144313 48.323022508993745
leaf_count=5292 2444 1379 184 610 582 3186 2343 2364 92 322 6222 156 485 289 320
internal_value=-0.000367138 -0.00287078 0.00272749 7.05567e-05 0.00243365 0.00208424 0.00271908 0.00458931 0.00641936 0.00827735 -0.0039374 0.00417589 0.00735753 0.00543168 0.00273598
internal_weight=4022.13 2225.15 1796.98 589.743 339.912 1612.22 1401.16 668.431 419.347 184.754 1635.41 275.486 143.147 132 99.3443
internal_count=26270 14726 11544 3212 1833 10429 7985 4799 2456 1115 11514 1223 641 793 609
is_linear=0
shrinkage=0.0286577


Tree=10
num_leaves=16
num_cat=0
split_feature=19 19 5 11 9 11 26 9 11 27 19 30 15 26 26
split_gain=35.7567 10.872 8.3997 6.69635 5.72696 5.70539 5.426 4.05935 6.61908 4.31076 3.75609 3.67846 3.25394 3.07642 3.85771
threshold=0.074297089062731692 0.040299236963283934 0.24879727936195736 0.35149803080844538 0.22167193096984888 0.41536906237725674 0.35211086477714032 0.34119029518440447 0.43484899054800208 0.091272194177926508 0.15135855090552428 23.575000000000006 0.93304354571193837 0.44336997847184273 0.4933386959405674
decision_type=8 10 10 10 8 10 10 8 10 10 10 10 8 8 8
left_child=1 -1 6 -4 -3 -5 -2 -8 9 -9 -7 -12 -6 -14 -15
right_child=2 4 3 5 12 10 7 8 -10 -11 11 -13 13 14 -16
leaf_value=-0.00083950910258000515 -0.00041181371574308304 -0.00059370859473446564 0.00069660733088119518 0.0029825682748376254 -0.00042423826323243749 0.0017982670803798194 -0.00014835161933634178 -0.00047857451745393246 0.00028355599512281602 0.0016226472557772098 0.0039592454589288967 -0.00015888871078703336 -0.00017519068580319731 0.0021622097209294104 0.00011454227173248736
leaf_weight=1371.3388676634058 136.33448224770837 272.79158981470391 302.10960023477674 83.95778906904161 129.37825521081686 133.8929319800809 207.83456161152571 20.393177590332925 240.32107860036194 110.9780907467939 46.399806201457977 8.1846453845500928 381.43156096339226 74.322113956324756 502.45810876321048
leaf_count=9191 1786 2616 2068 442 689 604 1548 225 936 776 168 34 1928 350 2909
internal_value=-0.000401152 -0.00226044 0.00352685 0.00611241 -0.000436899 0.00938748 0.0014365 0.00265661 0.00445206 0.0096337 0.00651508 0.0129156 0.000486357 0.00107066 0.00239556
internal_weight=4022.13 2731.72 1290.41 574.545 1360.38 272.435 715.861 579.527 371.692 131.371 188.477 54.5845 1087.59 958.212 576.78
internal_count=26270 17683 8587 3316 8492 1248 5271 3485 1937 1001 806 202 5876 5187 3259
is_linear=0
shrinkage=0.0286577


Tree=11
num_leaves=16
num_cat=0
split_feature=23 26 5 1 26 9 33 23 35 17 34 9 35 34 27
split_gain=31.6588 10.2431 8.06036 6.05971 5.74201 5.34949 6.42996 4.47947 5.85718 5.41373 4.36483 4.40771 4.14242 3.99595 4.78921
threshold=0.044444902216427697 0.43002484893211984 0.28064705933970607 0.1477029220779221 0.46735901244321326 0.28628342329442169 0.014367282772913105 0.064952625786942927 2.5790797479017926 1.5121686429227827 0.026014392673718637 0.25030294535678171 3.1576383119446927 -0.012798000755846637 0.25370614883156989
decision_type=8 10 8 2 10 10 8 10 2 8 10 8 2 8 10
left_child=5 12 4 10 -3 -1 -7 8 -6 -9 11 -4 -2 -8 -15
right_child=1 2 3 -5 7 6 13 9 -10 -11 -12 -13 -14 14 -16
leaf_value=-0.00072886407111904714 0.00049558913780132455 0.0016105858328704765 -2.2687767154193532e-05 0.0029994942972240523 0.0019984904532374401 -0.00080743258598580064 -1.2720542009041131e-05 0.00045631400531598749 -0.00037371922705017662 0.0020910433956095537 -0.00014118075228896916 0.0021873656210113722 -0.00036585374906589739 -9.5212094999567887e-05 0.0010082922034690366
leaf_weight=1391.5421524774283 194.38203169289045 64.352276643272489 60.374074283987284 135.80061089573428 25.209309058496729 215.37733165454119 165.24935989826918 421.38173689879477 356.77965283673257 90.607825030572712 33.983990216627717 159.58138812007383 614.24120701965876 31.787954947911203 61.475758363492787
leaf_count=9725 1388 420 608 645 112 1201 1209 2331 2412 496 128 981 4390 68 156
internal_value=-0.000449868 0.00191175 0.00344229 0.00692657 0.00201358 -0.00318545 -0.000531127 0.00140414 -0.000924012 0.00316021 0.00424563 0.00574387 -0.000627795 0.00249079 0.00722783
internal_weight=4022.13 2156.69 1348.07 389.74 958.331 1865.43 473.89 893.979 381.989 511.99 253.939 219.955 808.623 258.513 93.2637
internal_count=26270 13911 8133 2362 5771 12359 2634 5351 2524 2827 1717 1589 5778 1433 224
is_linear=0
shrinkage=0.0286577


Tree=12
num_leaves=16
num_cat=0
split_feature=22 22 17 9 35 33 7 27 22 35 38 38 10 38 10
split_gain=32.8462 8.05825 9.03969 6.88394 5.84053 4.94517 4.97824 4.82691 3.50957 3.49985 3.32846 3.32145 3.35745 2.90273 2.6034
threshold=0.059222349255364549 0.11671621390365666 1.254660890990879 0.28628342329442169 3.1576383119446927 0.014367282772913105 0.27499952561912661 0.051514747535344463 0.029708240794740336 1.5820661875034507 4.5000000000000009 2.5000000000000004 0.38426096630871803 2.5000000000000004 0.45427473551636122
decision_type=8 10 8 10 2 8 10 10 10 2 2 2 10 2 10
left_child=3 4 13 8 11 -5 -7 -4 -1 -9 -11 12 -2 -3 -6
right_child=1 2 7 5 14 6 -8 9 -10 10 -12 -13 -14 -15 -16
leaf_value=-0.0010297841656212606 0.0010363905932943326 -0.00012549773613123479 -0.00013713484251396684 -0.00060398529261490499 0.00023439846385084237 -0.00049157845595186264 0.00056778388707230188 -0.0018302007291821183 -0.00053237085653651858 0.0033461372532000108 0.0028601418738335152 0.00060856591918163015 0.0039786890573384782 0.0013749748720592344 -0.0001847056087399405
leaf_weight=555.39967463677749 59.477098369039595 113.53550671599805 17.47570382244885 264.31146787758917 904.31648482731543 64.046645746566355 261.38474692124873 6.6289415154606095 1080.0080366083421 75.382188622839749 47.987821504473686 164.85345037281513 35.018761452287436 134.43887828476727 237.86125276051462
leaf_count=4534 318 294 104 1413 6831 606 1193 22 6980 240 368 1293 114 1129 831
internal_value=-0.000447887 0.00243079 0.00605007 -0.00277712 0.00140166 -0.000105248 0.00224152 0.0116832 -0.00373438 0.0135919 0.0147052 0.00528611 0.00960698 0.00265213 0.000510041
internal_weight=4022.13 1796.98 395.449 2225.15 1401.53 589.743 325.431 147.475 1635.41 129.999 123.37 259.349 94.4959 247.974 1142.18
internal_count=26270 11544 2157 14726 9387 3212 1799 734 11514 630 608 1725 432 1423 7662
is_linear=0
shrinkage=0.0286577


Tree=13
num_leaves=16
num_cat=0
split_feature=22 5 11 22 22 21 16 16 23 31 23 24 10 22 30
split_gain=32.618 9.15944 8.05415 5.03643 4.81052 4.91978 5.60109 4.72803 4.17625 4.46021 3.56892 4.80351 3.12956 4.08628 2.83372
threshold=0.059222349255364549 0.24879727936195736 0.29613490021880839 0.026871681976581695 0.11671621390365666 0.09274547675246024 1.2392217209407812 1.1389010684344298 0.13506818978733107 -0.36500000000000016 0.057228924326230286 11.500000000000002 0.32464280013726143 0.046704728785363601 23.575000000000006
decision_type=8 8 8 10 10 8 8 8 10 10 10 2 10 10 10
left_child=3 8 -3 -1 5 6 -4 -6 9 10 -2 -12 -5 -14 -15
right_child=1 2 4 12 7 -7 -8 -9 -10 -11 11 -13 13 14 -16
leaf_value=-0.0010002729627534522 -0.0005752156390226266 6.454231029133182e-05 0.0022356965931748696 -0.00051595267959449209 0.0026388786284536488 -7.7827983288274519e-05 -6.7932997469862715e-05 0.0020444122652846851 0.0017745852384621333 -7.6969073478435739e-05 0.00093193692113938359 0.0020887965467046789 -0.00040057195175612645 0.00048286450713031447 -0.00061317467897247912
leaf_weight=486.524316273164 54.670231085969135 252.88168815011159 186.61124039813876 1296.9964268365875 94.181169368326664 67.934441710822284 66.781968822702765 65.097936906851828 78.002595612313598 805.24998771306127 98.854603910818696 26.710224568843842 255.20885026268661 148.20064922282472 38.220329195261002
leaf_count=4208 1406 1811 1115 8024 488 486 278 234 510 3970 1210 36 1535 785 174
internal_value=-0.000483681 0.00238493 0.00485024 -0.00280478 0.00702994 0.00494933 0.00679245 0.0111518 0.000674568 0.000158262 0.00423867 0.00691216 -0.00207374 0 0.00323305
internal_weight=4022.13 1796.98 733.488 2225.15 480.607 321.328 253.393 159.279 1063.49 985.485 180.235 125.565 1738.63 441.63 186.421
internal_count=26270 11544 4412 14726 2601 1879 1393 722 7132 6622 2652 1246 10518 2494 959
is_linear=0
shrinkage=0.0286577


Tree=14
num_leaves=16
num_cat=0
split_feature=22 5 22 7 5 20 7 22 33 20 9 26 22 9 5
split_gain=30.5832 9.22077 7.72007 6.17374 4.82839 4.82742 4.59444 4.6129 4.30553 4.12661 4.05958 3.94041 5.46331 4.17937 5.79447
threshold=0.059222349255364549 0.24879727936195736 0.11671621390365666 0.28933769835669315 0.25334277488455698 0.04433214323924279 0.43926241232494173 0.16666666666666671 0.012709257781763685 0.045495219063145277 0.28750042479662158 0.40523162386660849 0.091776612583502101 0.45049745529552826 0.21375457404251255
decision_type=8 8 10 10 8 10 8 10 8 10 8 8 10 10 10
left_child=3 11 4 5 -3 -1 -4 -8 -5 -7 -10 -2 -13 14 -14
right_child=1 2 6 8 -6 9 7 -9 10 -11 -12 12 13 -15 -16
leaf_value=-0.00079999700184204105 -0.00027834190807813199 0.0017631286551855691 0.0023828750818311664 -0.00056982635439442445 0.00065275709950983224 0.0007463329606217751 0.0032998632805694896 -0.0011704748247646423 -0.00059176451953921563 -0.00029694477007250885 0.00051414163996842013 -4.3589914612396661e-05 0.0019645416591678993 0.00035297809658791241 -0.00011252144394462178
leaf_weight=1289.4588477774523 293.85130408429541 27.790308719966561 114.52239897008985 196.8075045933947 508.65531423129141 23.288321844767779 73.608305932022631 8.9121175035834295 100.66263297433034 369.96165901003405 244.97160559054464 479.16026907134801 135.6393113587983 113.5749934874475 41.26176488911733
leaf_count=9074 2620 147 747 1251 3244 172 228 46 646 2544 1039 2871 866 415 360
internal_value=-0.000432824 0.00234481 0.00481819 -0.00268046 0.00300702 -0.00353743 0.00968939 0.0149186 -3.33211e-06 -0.000726954 0.00190453 0.000628889 0.00171392 0.00481438 0.00756964
internal_weight=4022.13 1796.98 733.488 2225.15 536.446 1682.71 197.043 82.5204 542.442 393.25 345.634 1063.49 769.636 290.476 176.901
internal_count=26270 11544 4412 14726 3391 11790 1021 274 2936 2716 1685 7132 4512 1641 1226
is_linear=0
shrinkage=0.0286577


Tree=15
num_leaves=16
num_cat=0
split_feature=22 1 5 9 8 22 33 32 5 10 22 22 10 22 5
split_gain=30.4114 11.6948 7.19975 4.54808 4.2696 4.26074 4.18241 3.40068 3.22446 3.00564 2.77052 2.73879 2.86012 2.72688 3.45881
threshold=0.046704728785363601 0.13568813131313137 0.26076384694787075 0.34119029518440447 0.38702931775889471 0.12000000000000006 0.018153217483829923 0.90435356200527706 0.24421142678962948 0.23829416369915571 0.16666666666666671 0.11671621390365666 0.19200172876884153 0.08642083642008376 0.22940297161042253
decision_type=8 2 10 10 10 10 10 10 10 10 10 10 8 10 8
left_child=-1 3 9 8 6 -4 -5 10 -2 13 -7 -10 -13 -3 -15
right_child=1 2 5 4 -6 7 -8 -9 11 -11 -12 12 -14 14 -16
leaf_value=-0.00063672189795807273 -0.00027702138337643928 4.6708278621068302e-05 0.0014877133396838239 0.0014533279072084168 2.0191242166474699e-05 0.0027039418168974434 0.0010176256464519073 2.8237382132752288e-05 5.8503459463274175e-05 0.00034286257086508842 0.002314587461671323 -0.0012248693742321032 0.0025054445023663281 0.0021223815687991176 -0.00018717230566762588
leaf_weight=1548.557683759369 766.53385482053272 23.343720047734678 184.83028018008918 46.612720780074596 210.29387333709747 86.715765288099647 101.98741988744587 18.067945957183838 441.9344699298963 490.70012888871133 19.773887728340924 9.8594784503802639 32.551601357758045 32.348343085497618 8.0154865402728301
leaf_count=10916 6110 264 989 179 1020 318 672 84 3062 2000 108 48 294 158 48
internal_value=-0.000483416 0.00148536 0.00417498 3.5554e-05 0.00288417 0.00768884 0.00660094 0.0118395 -0.000774175 0.00219375 0.0137868 0.00104262 0.00798972 0.00807197 0.0125617
internal_weight=4022.13 2473.57 863.796 1609.77 358.894 309.388 148.6 124.558 1250.88 554.408 106.49 484.346 42.4111 63.7075 40.3638
internal_count=26270 15354 3969 11385 1871 1499 851 510 9514 2470 426 3404 342 470 206
is_linear=0
shrinkage=0.0286577


Tree=16
num_leaves=16
num_cat=0
split_feature=20 7 17 38 20 20 1 5 39 17 17 5 20 20 5
split_gain=24.0978 9.99042 4.58971 4.35686 3.81984 4.61273 3.74227 3.23628 3.16685 3.8563 3.39845 3.13217 4.10034 3.77136 2.99705
threshold=0.078722904358114534 0.25067618491433608 1.2675187768350222 7.5000000000000009 0.042915478360744753 0.045495219063145277 0.11188988095238096 0.23244848147109767 1.0000000180025095e-35 1.1930261426065203 0.96905994834576059 0.11977776613024592 0.052210333423338119 0.057149597648578972 0.25026550018148547
decision_type=8 8 8 2 10 10 2 8 2 10 10 10 10 10 8
left_child=1 4 8 11 -1 -6 -4 -5 9 10 -2 -3 -13 -14 -8
right_child=2 3 6 7 5 -7 14 -9 -10 -11 -12 12 13 -15 -16
leaf_value=-0.00080521204320853075 0.0011507434025455686 -0.00050735277953846143 0.00018512437734146038 5.2883617428477487e-05 0.00023907487522013102 -0.00034783563610921246 0.0013035935715745835 0.0011038493584677794 0.00025678389695098691 -0.00036429303760385744 0.0022482568048045421 -0.00015490499951709944 0.0011948915479725165 0.00017055109702874573 0.002580897733951943
leaf_weight=940.78743954841048 56.863036897964776 367.38374775229022 76.276147859403864 261.3648404115811 66.102511815726757 348.66145365778357 112.09928726637736 164.81508568115532 548.26400720607489 20.940551491454244 42.156096587423235 569.28138029389083 62.530815963633358 256.64779208879918 127.95246551651508
leaf_count=7155 411 1658 1536 1674 450 3065 831 1080 3252 97 306 2631 318 1208 598
internal_value=-0.000379593 -0.0016447 0.00351292 -0.000162987 -0.00347559 -0.00115117 0.00637191 0.00233288 0.0021429 0.00637547 0.0087699 -0.00101817 -8.61021e-05 0.00250097 0.00813183
internal_weight=4022.13 3037.58 984.552 1682.02 1355.55 414.764 316.328 426.18 668.224 119.96 99.0191 1255.84 888.46 319.179 240.052
internal_count=26270 19239 7031 8569 10670 3515 2965 2754 4066 814 717 5815 4157 1526 1429
is_linear=0
shrinkage=0.0286577


Tree=17
num_leaves=16
num_cat=0
split_feature=19 8 26 26 30 26 17 35 7 35 8 8 35 34 17
split_gain=26.0413 8.26932 6.53694 5.14099 5.22005 4.26003 3.83673 3.39184 4.18842 3.38348 3.15039 2.89054 3.25426 2.85877 5.28732
threshold=0.074297089062731692 0.23374946178425376 0.33410642662596651 0.44336997847184273 22.510000000000002 0.47816268655581667 1.6169054812272667 3.3070698188382646 0.70029473915232621 5.0093677688327238 0.69444912667338587 0.35968112603969088 2.9575098463622735 -0.012330511834220013 1.0583990577641937
decision_type=8 8 10 8 10 8 10 2 10 2 10 8 2 10 10
left_child=1 -1 6 -3 5 9 -2 8 11 -5 13 -4 -13 -9 -15
right_child=2 3 7 4 -6 -7 -8 10 -10 -11 -12 12 -14 14 -16
leaf_value=-0.00074403639723917548 -0.00035367013332673219 -0.00047124589929801807 0.00051822866647465457 0.00042537479446792386 -0.0005399717532677124 2.3635939821315704e-05 0.001007922484746961 0.00089292384919745801 -0.0017756215010070718 0.0015281660802908962 0.0022828138445763787 0.0016978882829052112 0.0034653828084356916 -0.00017270545768085136 0.00085013268600239635
leaf_weight=1010.9145977408625 221.93041629367508 781.26618261216208 66.20718703372404 62.833630547858775 205.59055293351412 649.40220089117065 10.891546356957404 436.76229803217575 20.129771308973432 21.713331646285951 37.479485658928752 139.98749376949854 77.871933927992359 144.96736066415906 134.17867062054574
leaf_count=8784 2264 3636 656 304 1126 3767 96 3494 64 66 134 667 314 476 422
internal_value=-0.000318596 -0.00190565 0.00303315 -0.000689949 0.000730256 0.00186948 -0.00128077 0.00399232 0.00657276 0.00792987 0.00293552 0.00748371 0.00909023 0.00249139 0.000188143
internal_weight=4022.13 2731.72 1290.41 1720.81 939.54 733.949 232.822 1057.58 304.196 84.547 753.388 284.067 217.859 715.908 279.146
internal_count=26270 17683 8587 8899 5263 4137 2360 6227 1701 370 4526 1637 981 4392 898
is_linear=0
shrinkage=0.0286577


Tree=18
num_leaves=16
num_cat=0
split_feature=19 8 5 32 10 20 17 20 20 7 32 19 19 10 18
split_gain=23.7777 8.73805 9.28729 5.8641 6.14146 5.41194 4.05084 3.10367 3.07654 2.7234 2.96354 2.54233 2.53398 3.6142 5.1666
threshold=0.04058260022115668 0.21784426812852481 0.24575520183780036 0.89973614775725597 0.1928478578935631 0.032336433143868977 1.3201749497322568 0.078722904358114534 0.07927954827520399 0.26067651139021358 0.85686015831134577 0.049844404293578441 0.033973670202202301 0.29506568134488192 0.022098068891393211
decision_type=8 8 10 8 10 10 10 10 10 8 8 8 10 10 10
left_child=9 -2 5 4 -4 -3 -6 -7 -9 -1 12 -5 13 14 -11
right_child=1 2 3 11 6 7 -8 8 -10 10 -12 -13 -14 -15 -16
leaf_value=-0.00077057210978157746 -0.00046588597429208178 0.0016681015476620804 -0.00059204585165916672 -0.00081897781879021589 0.001462396933678769 -9.3107801089894861e-05 0.0025964148381172709 0.00088713365135020795 0.000460496471212436 0.0010715382699124343 -0.00065437361438294846 0.00030521434498267545 -0.00085540528663832457 -1.6265614637414414e-05 -0.00047084358357303888
leaf_weight=863.54049184406176 333.46042194450274 80.863884329097345 43.246363403275609 42.613149177283049 430.85914531722665 888.51071131648496 132.02531677158549 9.6377012431621534 483.70732499146834 33.464101318269968 250.96403679996729 190.57695209095255 82.332348547875881 142.83400269411504 13.49070824915543
leaf_count=6451 4003 1407 190 178 2300 4355 727 30 2619 270 1152 1174 484 844 86
internal_value=-0.00033072 0.00126478 0.00189552 0.00429964 0.00578619 0.000508753 0.00659304 7.92131e-05 0.00190797 -0.0033701 -0.00170577 0.000391113 0.000332344 0.00218686 0.00906451
internal_weight=4022.13 2635.5 2302.04 839.321 606.131 1462.72 562.884 1381.86 493.345 1386.63 523.085 233.19 272.121 189.789 46.9548
internal_count=26270 16983 12980 4569 3217 8411 3027 7004 2649 9287 2836 1352 1684 1200 356
is_linear=0
shrinkage=0.0286577


Tree=19
num_leaves=16
num_cat=0
split_feature=22 5 11 9 19 26 22 19 22 35 21 9 5 5 21
split_gain=23.5881 7.51561 8.80301 6.29216 4.25686 4.05136 4.08426 3.96309 3.4605 3.35559 3.18685 3.16551 3.6235 3.08625 3.89885
threshold=0.063050231968803619 0.24879727936195736 0.29613490021880839 0.21524902561558001 0.14572643632566354 0.4172855262503809 0.091776612583502101 0.03926075214137862 0.095887375542097017 5.2015861760714612 0.011267269209304424 0.21909039047031573 0.18739459127400698 0.28064705933970607 0.078227265243559205
decision_type=8 8 10 8 10 8 10 10 10 2 8 8 10 10 10
left_child=3 5 4 -1 -3 -2 -7 9 -8 -5 -9 -11 -13 14 -4
right_child=1 2 13 7 -6 6 8 10 -10 11 -12 12 -14 -15 -16
leaf_value=-0.0007484893174691512 -0.00029204661578715392 -1.9616335135371972e-05 0.0019194570253005629 -0.00067679185875073539 0.0029355749030033455 -6.4204474788553881e-06 0.001904432352566772 0.00080582365487468931 0.0009130477666721452 0.0014096292852545087 -2.4845295236400821e-05 -0.00070033203865122232 0.0015031252342702979 0.0023888638486775542 -0.00016681474518844642
leaf_weight=745.84980642935261 273.78053753892891 282.32223514234647 71.009836056269705 618.66323628602549 19.462039411067963 381.95766392024234 29.109622903168201 25.895802293904126 257.22136729676276 7.4433877496048799 864.28062741737813 95.925760259851813 25.288614894263446 279.17545868549496 44.740663753822446
leaf_count=6533 2536 1945 367 3693 126 2321 142 112 1471 26 4804 354 166 1496 178
internal_value=-0.000398208 0.00224522 0.00450349 -0.00222003 0.000780352 0.000563848 0.00177511 -0.00121755 0.00436236 -0.00275622 6.33954e-05 0.00139716 0.000183771 0.00732125 0.00324159
internal_weight=4022.13 1638.78 696.71 2383.35 301.784 942.069 668.289 1637.5 286.331 747.321 890.176 128.658 121.214 394.926 115.75
internal_count=26270 10582 4112 15688 2071 6470 3934 9155 1613 4239 4916 546 520 2041 545
is_linear=0
shrinkage=0.0286577


Tree=20
num_leaves=16
num_cat=0
split_feature=22 5 7 22 17 30 33 4 20 22 7 30 16 20 7
split_gain=23.0762 7.28567 7.31294 6.06974 4.4136 4.83374 3.8831 3.6535 3.24585 3.04377 3.02549 4.6474 3.0208 5.28629 3.23426
threshold=0.063050231968803619 0.24879727936195736 0.25742915549177309 0.026468864255901944 1.2675187768350222 21.795000000000005 0.078859934221590114 0.037631386950465383 0.089005303056225435 0.11671621390365666 0.28933769835669315 23.470000000000002 1.0131129181023379 0.032336433143868977 0.54181806484973605
decision_type=8 8 10 10 10 10 8 8 10 8 8 10 10 10 10
left_child=3 12 9 -1 -4 6 -6 8 10 -3 -5 -12 13 -2 -15
right_child=1 2 4 7 5 -7 -8 -9 -10 -11 11 -13 -14 14 -16
leaf_value=-0.0008478070547765274 0.0016204816582850419 -0.00013987529365794757 0.0015523147648602992 -0.00035171202583954384 0.0028514482001578863 -0.00024158632535775272 0.00069886416584446153 -0.00072879134371643087 0.0011081632218542085 0.00035801794229321278 5.7870625670045016e-05 -0.00081944110864333919 -8.82881700552093e-05 4.6029103943398243e-05 0.0015094939303803455
leaf_weight=467.93886177008972 46.037098078290001 207.82935401564464 313.64128481131047 981.79678348591551 82.945731705985963 20.862536773085594 30.018279872834682 319.64834154956043 24.453011602163315 41.413045870140195 478.81840795651078 110.69182896614075 401.89290919015184 460.53560951491818 33.603574875742197
leaf_count=4112 1165 1366 1598 6946 299 126 218 1811 44 505 2241 534 2210 2973 122
internal_value=-0.000398942 0.0022156 0.00443912 -0.00220091 0.00663119 0.0110427 0.0133874 -0.00147843 -0.000910012 0.000461269 -0.00107752 0.000531815 0.000559955 0.00196673 0.0010766
internal_weight=4022.13 1638.78 696.71 2383.35 447.468 133.827 112.964 1915.41 1595.76 249.242 1571.31 589.51 942.069 540.176 494.139
internal_count=26270 10582 4112 15688 2241 643 517 11576 9765 1871 9721 2775 6470 4260 3095
is_linear=0
shrinkage=0.0286577


Tree=21
num_leaves=16
num_cat=0
split_feature=19 19 5 19 21 31 5 12 31 33 21 33 12 33 5
split_gain=21.3907 7.01714 6.38736 4.89328 5.28634 5.03333 4.23513 3.07369 2.93387 2.87431 3.55938 3.76063 3.2841 4.37885 2.74284
threshold=0.074297089062731692 0.03852370383867567 0.24879727936195736 0.15135855090552428 0.093964744689839022 0.56500000000000139 0.25334277488455698 0.069243780744036323 -0.36500000000000016 0.026129740885808442 0.011267269209304424 0.056872257863477833 0.057473456151221784 0.030710794144148682 0.26637629117032374
decision_type=10 10 8 10 8 8 8 8 10 8 8 10 10 8 10
left_child=1 -1 8 4 6 -5 -4 -8 -2 -3 11 -11 -12 -14 -7
right_child=2 9 3 5 -6 14 7 -9 -10 10 12 -13 13 -15 -16
leaf_value=-0.00065000797284731049 0.0016862486754742802 -0.00025779587372638216 0.0015159781248479495 0.00050763006215234264 -0.0001482431778087042 0.002769732371626827 0.00054016556059496303 0.0012251588201089754 1.0990228798458632e-07 0.00078107219920092242 -0.00014529415655758338 -0.0019016980580781927 0.0024195955612293196 0.00030507918747286388 0.0036609848791072808
leaf_weight=1297.5429234097246 105.50141997728497 588.15465220808983 23.864096026867628 35.405329329892993 95.20021788449958 10.347777316346763 194.57582329865545 165.82106031663716 594.15790182445198 14.720052260905506 613.08527139993384 6.8019227506592861 19.037174701690674 206.94488290091977 50.966154431924224
leaf_count=10044 1233 2765 98 180 612 38 1332 610 2820 66 4745 132 50 1311 234
internal_value=-0.000393756 -0.00182034 0.00266898 0.00490627 0.00368514 0.010834 0.00519033 0.00437208 0.000811312 -0.000441352 0.000605035 0.0120622 0.000296084 0.0032559 0.0158115
internal_weight=4022.13 2746.29 1275.84 576.18 479.461 96.7193 384.261 360.397 699.659 1448.74 860.589 21.522 839.067 225.982 61.3139
internal_count=26270 19113 7157 3104 2652 452 2040 1942 4053 9069 6304 198 6106 1361 272
is_linear=0
shrinkage=0.0286577


Tree=22
num_leaves=16
num_cat=0
split_feature=26 1 19 19 17 26 8 31 31 17 18 12 28 28 2
split_gain=20.2773 11.4138 5.52214 5.1478 4.25848 4.05228 3.89393 3.53975 4.03408 3.27424 2.94963 2.81846 3.41713 2.80175 2.77213
threshold=0.43002484893211984 0.14563068181818184 0.046502027162178265 0.035986096495705409 1.254660890990879 0.53322341824902153 0.20176305616046553 4.5700000000000021 3.4950000000000006 1.0166920407058209 0.088845920757076327 0.059097050924949657 0.010400000000000008 0.055949999999999979 0.10934572529073454
decision_type=10 2 10 8 8 10 8 10 8 10 10 8 10 10 2
left_child=3 2 -2 -1 7 11 -5 8 9 -3 -6 12 -4 -10 -7
right_child=1 4 5 6 10 14 -8 -9 13 -11 -12 -13 -14 -15 -16
leaf_value=-0.00072727044205009447 -0.00041542510892689683 0.001620508327479073 0.0014430705689015017 -0.00082643874468842451 0.0019591761597998222 -0.00042407469681624965 -3.8090143848188985e-05 -0.00034097170686457536 0.00084362024466026362 -0.00034154239176944768 -0.00032441624081743962 0.00049661164386283088 0.00075633268391056866 -0.0009981710795740745 9.7710404203663471e-05
leaf_weight=889.15137837454677 443.89256497379392 170.09281151928008 89.980766844470054 157.8112763799727 161.79046841594391 144.72182348417118 1014.9082901314832 82.594933405518532 27.215062514413148 72.163677100092173 20.677149072289467 156.37802424281836 49.730604744981974 5.6843591793440273 535.33346965536475
leaf_count=5018 4611 731 518 1733 737 1482 6002 258 160 306 76 670 408 66 3494
internal_value=-0.000469202 0.00161449 0.000258102 -0.00245499 0.00515991 0.00146946 -0.00119577 0.00329439 0.00486527 0.00352405 0.00875427 0.00426838 0.00724316 0.0143482 0.000235178
internal_weight=4022.13 1960.26 1420.04 2061.87 540.218 976.145 1172.72 357.751 275.156 242.256 182.468 296.089 139.711 32.8994 680.055
internal_count=26270 13517 11183 12753 2334 6572 7735 1521 1263 1037 813 1596 926 226 4976
is_linear=0
shrinkage=0.0286577


Tree=23
num_leaves=16
num_cat=0
split_feature=22 22 9 35 22 35 1 16 16 30 1 31 19 35 28
split_gain=20.8272 5.5387 5.15494 4.53833 4.53223 3.49766 3.79 3.39182 3.3014 3.02523 3.36027 2.78069 2.76744 3.16025 4.01529
threshold=0.063050231968803619 0.11847950291169605 0.21524902561558001 3.0447604762901666 0.07260979609763353 2.9351857384131477 0.14860389610389615 1.1879603035967448 1.0063072243278535 25.325000000000003 0.083884636413340638 0.83500000000000096 0.03926075214137862 5.2015861760714612 -0.016499999999999983
decision_type=8 10 8 2 10 2 2 10 10 10 2 8 10 2 10
left_child=2 3 -1 4 -2 11 -7 9 -6 10 -5 -3 13 -4 -15
right_child=1 5 12 7 8 6 -8 -9 -10 -11 -12 -13 -14 14 -16
leaf_value=-0.00066913427342966372 0.0019220730326850563 0.0022235584966295275 -0.00060784777137187047 -0.00040552582104636979 -2.3089654507683252e-05 0.0010125739128832617 0.002144540923293514 -0.00033305813487435404 0.0013130592666511446 -0.00018827769742093192 0.00045290352502496767 -0.0004684260183557114 -2.5352488975792166e-05 -0.001228160350367587 0.0012239124756401696
leaf_weight=745.84980642935261 47.28689135517925 32.732553325593472 618.66323628602549 126.54741163249128 102.7690941253677 118.09825560823083 145.63467401498929 135.20243227016181 56.142693102825433 38.903721928596497 761.08346273610368 74.378234608564526 890.17642971128225 43.140359316021204 85.517403587698936
leaf_count=6533 462 218 3693 1612 651 883 566 1040 316 56 4380 398 4916 194 352
internal_value=-0.000542409 0.00194109 -0.00225425 0.00102976 0.00492055 0.00502758 0.00680364 0.00026386 0.00251607 0.000891639 0.00124463 0.000556539 -0.00134551 -0.00263248 0.00139716
internal_weight=4022.13 1638.78 2383.35 1267.94 206.199 370.844 263.733 1061.74 158.912 926.535 887.631 107.111 1637.5 747.321 128.658
internal_count=26270 10582 15688 8517 1429 2065 1449 7088 967 6048 5992 616 9155 4239 546
is_linear=0
shrinkage=0.0286577


Tree=24
num_leaves=16
num_cat=0
split_feature=22 26 5 22 11 22 22 26 17 27 32 11 32 7 32
split_gain=19.327 6.3076 5.74372 5.17198 4.71193 3.52054 3.32637 3.23993 3.33544 2.71845 2.49255 2.44762 2.44104 2.30443 2.28382
threshold=0.063050231968803619 0.43002484893211984 0.29388310446967791 0.026468864255901944 0.29613490021880839 0.091776612583502101 0.095887375542097017 0.34927549192923674 0.64641418874881651 -0.0096560704436496683 0.9017150395778365 0.26649281537769626 0.50659630606860173 0.27499952561912661 0.81596306068601587
decision_type=10 10 8 8 10 10 10 8 8 10 8 8 10 10 10
left_child=3 -2 5 -1 14 10 11 -5 -9 -8 -3 -7 13 -6 -4
right_child=1 2 4 7 12 6 9 8 -10 -11 -12 -13 -14 -15 -16
leaf_value=-0.00079532779556179653 -4.585962225135821e-05 0.00014037641791195477 0.00082950726607799899 -0.00048629349410079609 -0.0013428236898658024 -0.00022689550194707539 0.00080646490933129809 -0.00069493044684005483 -2.7640064028636901e-05 0.0010057319420026221 -0.00065507724991452679 0.0029945832283305887 0.002647575964777645 0.0026009100528456776 -0.00022383990804173583
leaf_weight=467.93886177008972 536.48942677676678 330.17993433354422 87.437992744147778 689.52908878563903 3.6338105574250212 8.8135050348937494 7.7615150092169634 88.597495074383914 1151.8481729603373 342.23810265166685 79.769244742579758 25.349299674853683 136.10420515947044 33.188140138983727 33.247864624485373
leaf_count=4112 3286 1889 542 4220 70 60 16 543 8243 1755 336 134 638 236 190
internal_value=-0.000594329 0.00181588 0.00307163 -0.00223104 0.00650791 0.00178707 0.00375764 -0.00156777 -0.000681834 0.00288257 -3.63492e-05 0.0123543 0.00955423 0.0163404 0.00205077
internal_weight=4022.13 1624.21 1087.72 2397.91 293.612 794.112 384.162 1929.97 1240.45 350 409.949 34.1628 172.926 36.822 120.686
internal_count=26270 9152 5866 17118 1676 4190 1965 13006 8786 1771 2225 194 944 306 732
is_linear=0
shrinkage=0.0286577


Tree=25
num_leaves=16
num_cat=0
split_feature=23 8 26 30 26 18 8 27 8 27 30 5 12 26 24
split_gain=17.3756 8.39202 6.67952 3.93865 4.9025 4.87805 3.87318 3.73034 3.42037 4.42433 3.69037 3.32899 3.19683 3.02265 2.78326
threshold=0.074940345703371006 0.23374946178425376 0.39301271206680349 24.800000000000004 0.44336997847184273 0.11022345869651219 0.32235882684455658 -0.0096560704436496683 0.51058524554686935 0.63010828085960846 17.775000000000002 0.32944391327996653 0.083645719255525872 0.23910826555851614 9.5000000000000018
decision_type=10 8 10 10 8 10 8 10 10 10 10 8 8 10 2
left_child=1 -1 14 4 12 11 -4 -8 10 -10 -9 -6 13 -3 -2
right_child=2 3 6 -5 5 -7 7 8 9 -11 -12 -13 -14 -15 -16
leaf_value=-0.0005943975151279431 0.0016561986963580821 -0.00048785671078436295 0.00040923710308117696 -0.00056402948410757474 4.7674705802760515e-06 0.0052414570096252448 0.00078335351342953021 0.0015121143170384443 -0.0004214796998703007 0.000875011430789485 0.00073289296682604096 0.0014122138187667469 -0.00063444887117057504 0.00010769647536117552 -0.00033214402191739865
leaf_weight=1037.8116344148293 57.425477040465921 160.37405810924247 181.27056590979919 213.71351179480553 816.7301199878566 17.409195248037577 13.968484997749327 203.36160657647997 89.406461659818888 54.423502432182431 126.74323083553463 218.96336538391188 252.25222816388123 435.01357965124771 143.2596378326416
leaf_count=9150 1262 952 1690 1192 4737 99 20 897 282 240 584 1113 1904 1828 320
internal_value=-0.000580878 -0.00157241 0.00300036 -0.000530858 -0.000110528 0.00118951 0.00437916 0.00571076 0.00524582 0.00146573 0.00686055 0.00092459 -0.00173731 -0.000571921 -0.00154741
internal_weight=4022.13 3152.27 869.859 2114.46 1900.74 1053.1 669.174 487.903 473.935 143.83 330.105 1035.69 847.64 595.388 200.685
internal_count=26270 20975 5295 11825 10633 5949 3713 2023 2003 522 1481 5850 4684 2780 1582
is_linear=0
shrinkage=0.0286577


Tree=26
num_leaves=16
num_cat=0
split_feature=19 1 26 4 27 27 19 32 32 27 11 24 15 7 7
split_gain=16.0432 6.26448 5.08391 3.79134 3.67873 3.87032 4.43156 4.22378 3.43091 2.61436 2.4019 2.24474 2.00189 2.30736 1.6624
threshold=0.075583307463663471 0.075026315789473705 0.28832242851270146 0.068143811706015411 -0.0026800577243202488 0.03602488287859338 0.14360094856525418 0.73416886543535631 0.91886543535620058 0.39631254788569531 0.20540584507582635 10.500000000000002 0.93304354571193837 0.29619647732914273 0.27142778371883897
decision_type=10 2 10 8 10 10 10 8 10 10 10 2 8 8 10
left_child=1 -1 11 8 10 -6 9 -8 12 -7 -4 -2 -3 -14 -5
right_child=2 3 4 14 5 6 7 -9 -10 -11 -12 -13 13 -15 -16
leaf_value=-0.00058521001957896829 0.00020483280235387573 -0.00044653864717733029 -0.00072344464557269714 -0.00072337391500869113 -0.00062422564857466517 0.00016058682558337054 0.0024381037861506099 0.0013424284279255623 -0.00061003756593600955 0.00085640314117354458 0.0007609044360171941 -0.00043465883185870126 -6.4793946651214802e-05 0.00038269163227268907 -7.6047468837323929e-05
leaf_weight=966.69694312941283 68.902532175648957 99.789051190949976 6.0188918476924327 201.36674329009838 49.870062784291804 579.61555264052004 114.27890690555796 89.958629377186298 173.81209400296211 237.11751979961991 16.51529080234468 74.094525456428528 681.14948800252751 531.56764323171228 131.37278540153056
leaf_count=7553 1044 446 32 1536 363 3134 584 368 832 1258 56 126 4991 3208 739
internal_value=-0.0005842 -0.00179187 0.00212865 -0.000793995 0.00279792 0.00254365 0.00293096 0.00672479 -0.00016773 0.00196844 0.014296 -0.0029154 0.000326554 0.00065477 -0.00355953
internal_weight=4022.13 2785.75 1236.37 1819.06 1093.37 1070.84 1020.97 204.238 1486.32 816.733 22.5342 142.997 1312.51 1212.72 332.74
internal_count=26270 19305 6965 11752 5795 5707 5344 952 9477 4392 88 1170 8645 8199 2275
is_linear=0
shrinkage=0.0286577


Tree=27
num_leaves=16
num_cat=0
split_feature=21 8 13 8 18 10 12 17 38 28 38 17 28 28 8
split_gain=15.7312 6.20642 5.58523 4.18179 3.49954 3.42758 3.03182 2.96376 3.83226 2.67976 2.66339 2.41689 2.3291 3.0907 3.65413
threshold=0.033288411929294839 0.32235882684455658 1.628890707902819 0.23374946178425376 0.084015358702200685 0.32626893151785025 0.080017277726488076 1.254660890990879 2.5000000000000004 -0.031400000000000004 11.500000000000002 1.0027436251211927 -0.036150000000000009 -0.0041500000000000139 0.81339395314152785
decision_type=10 10 10 8 10 10 10 10 2 8 2 10 8 10 10
left_child=3 6 12 5 7 -1 -2 11 -9 -5 -11 -4 -3 -14 -15
right_child=1 2 4 9 -6 -7 -8 8 -10 10 -12 -13 13 14 -16
leaf_value=-0.00063241205823310156 5.2459772635092144e-07 -0.00018950769915511949 0.0013343542167190074 -0.00051927157556204645 -0.00027045228415681089 0.00013795518767480456 -0.00067798135357832095 0.0044917718711993074 0.00119412453213624 -0.00017351277423557812 0.0015242085420440826 5.4666150478898381e-06 0.0011246458254940313 4.105316100317284e-06 0.0083666861146108832
leaf_weight=775.95232977718115 1041.9925162279978 119.00398816354573 144.66454474441707 166.62985126185231 29.155424684286118 16.826676791068166 64.205366159789264 55.01748913154006 71.212469300255179 894.03788064746186 6.1619309261441222 79.845423230901361 145.15077325236052 402.25386392138898 10.016131818294523
leaf_count=7157 6876 637 705 1194 150 234 346 128 355 6014 36 364 601 1421 52
internal_value=-0.000519326 0.00113946 0.00271139 -0.00245356 0.00549782 -0.00403559 -0.000352848 0.00630172 0.00987425 -0.00126799 -0.000636664 0.00424075 0.00113043 0.00191751 0.00062292
internal_weight=4022.13 2162.52 1056.32 1859.61 379.895 792.779 1106.2 350.74 126.23 1066.83 900.2 224.51 676.425 557.421 412.27
internal_count=26270 11635 4413 14635 1702 7391 7222 1552 483 7244 6050 1069 2711 2074 1473
is_linear=0
shrinkage=0.0286577


Tree=28
num_leaves=16
num_cat=0
split_feature=22 19 9 30 31 35 19 22 21 19 35 19 22 4 21
split_gain=16.6548 5.69213 4.46896 3.33267 4.28599 2.80262 2.81916 3.31777 2.7606 2.70705 3.21664 2.56898 2.67465 2.45152 2.38842
threshold=0.059222349255364549 0.14572643632566354 0.19767338295325576 17.775000000000002 0.78000000000000125 3.1576383119446927 0.044026570034738415 0.066693702461365287 0.12073636718283216 0.065687096287286029 2.9575098463622735 0.026117859564308055 0.018192419964197754 0.21951465691090696 0.040199084412831869
decision_type=8 10 8 8 10 2 8 10 10 8 2 10 10 8 10
left_child=2 5 -1 4 8 6 7 -2 -3 -8 -11 -4 -13 -14 -7
right_child=1 3 11 -5 -6 14 9 -9 -10 10 -12 12 13 -15 -16
leaf_value=-0.00060920600486981846 -0.00016309484575939218 -0.00063539373369847789 -0.00061428860948565861 0.0012194247973262989 0.0027710896836763707 -0.00028183471439886858 -0.0012008080155132279 0.0019119120653780261 0.0018894811005401976 0.00069666947939857088 0.0023422039256103255 0.0014393730065381468 -2.7140533276539614e-05 -0.00069929377700414931 0.0001416313943427954
leaf_weight=510.73333342419937 7.9698570370674124 37.601268414407969 387.83517305878922 111.55396238155663 56.41538648493588 319.10031071002595 33.74331915192306 24.484559416770935 21.079720025882125 202.57911022705957 64.324084647465497 5.3332567214965811 1196.4228554442525 124.82595314178616 918.1245097508654
leaf_count=4964 30 336 2352 474 218 3788 192 84 112 1349 424 8 6697 705 4537
internal_value=-0.000584194 0.00146442 -0.00224306 0.00571517 0.00915792 0.00084381 0.00317824 0.0112517 0.00348975 0.00226572 0.00325639 -0.00153298 -0.000922718 -0.00101319 0.00020679
internal_weight=4022.13 1796.98 2225.15 226.65 115.096 1570.33 333.101 32.4544 58.681 300.647 266.903 1714.42 1326.58 1321.25 1237.22
internal_count=26270 11544 14726 1140 666 10404 2079 114 448 1965 1773 9762 7410 7402 8325
is_linear=0
shrinkage=0.0286577


Tree=29
num_leaves=16
num_cat=0
split_feature=22 5 11 22 26 16 26 5 38 21 26 22 18 26 22
split_gain=15.4154 5.78057 7.73061 4.49366 3.66588 3.54914 3.74621 3.4679 7.90683 3.91667 3.36168 2.7124 2.5835 2.50796 2.18307
threshold=0.059222349255364549 0.24879727936195736 0.29030601252930738 0.027447833088225165 0.28332615901853186 1.0082701684279762 0.45702680384038008 0.28064705933970607 2.5000000000000004 0.078227265243559205 0.46986453485156759 0.060191306262753159 -0.039619026601656553 0.19804467172124296 0.060191306262753159
decision_type=8 8 10 10 8 10 10 10 2 10 10 8 10 8 8
left_child=3 5 11 -1 -4 6 14 9 -9 -6 -8 -3 -12 -5 -2
right_child=1 2 4 13 7 -7 10 8 -10 -11 12 -13 -14 -15 -16
leaf_value=-0.00071500645241868814 0.00046948776785640475 4.4714254755761097e-06 -0.00068686606291725426 -0.00062314509172152748 0.001859883702371775 -0.00012851981728073423 0.0034958551256084464 0.0032578575790932636 0.0016867358119103612 -0.00041063434608048312 0.0014935095446785666 -7.0803648984189014e-05 0.00014809113434196126 -0.00015766201923775419 -0.00023315167555588938
leaf_weight=517.88524166774005 7.4539264366030684 7.0221392828971139 35.247986215166748 190.90900073572993 74.720284444279969 474.94650465575978 17.593130626250058 90.456889882683754 175.86829132121056 47.680594820529222 67.313080940162763 302.49225939018652 252.75334541499615 1516.3563293870538 243.42765481723472
leaf_count=4402 36 48 220 1056 385 2546 112 294 1136 176 584 2153 1538 9268 2316
internal_value=-0.000617472 0.00135323 0.00330995 -0.00221341 0.00582309 0 0.0014902 0.00663316 0.00848365 0.00251725 0.00346738 -0.000102183 0.00275287 -0.00149505 -0.00113196
internal_weight=4022.13 1796.98 733.488 2225.15 423.974 1063.49 588.541 388.726 266.325 122.401 337.66 309.514 320.066 1707.27 250.882
internal_count=26270 11544 4412 14726 2211 7132 4586 1991 1430 561 2234 2201 2122 10324 2352
is_linear=0
shrinkage=0.0286577


Tree=30
num_leaves=16
num_cat=0
split_feature=26 23 5 27 32 9 9 27 35 17 32 27 27 5 26
split_gain=13.7736 10.2205 6.01778 4.52787 4.22451 6.00409 4.06676 3.7868 3.58652 3.43901 3.31202 3.02343 3.33062 2.75475 2.65657
threshold=0.43002484893211984 0.078539133918982609 0.21880302898775342 -0.0096560704436496683 0.85092348284960428 0.32473207751394234 0.18986913582675455 0.027916839076018829 5.2015861760714612 1.254660890990879 0.68007915567282329 0.30677910874086695 0.30437952733440071 0.27594517012191672 0.48782553042636562
decision_type=10 10 10 10 8 10 8 10 2 8 10 8 8 8 10
left_child=6 2 -2 -3 5 14 -1 -5 9 -9 -7 12 -8 -10 -4
right_child=1 3 4 7 -6 10 11 8 13 -11 -12 -13 -14 -15 -16
leaf_value=-0.0006957382107005294 -0.00020127359044354163 0.00069856621141886892 0.00060395508848304629 -0.0010983916131262518 -0.0001868909073253665 0.0021957058493114142 -0.00014641800698211342 0.00091699811459766093 -0.00013521481644339475 0.0013973638085056262 0.0038699122863202727 -0.00045855674297460485 0.0013659153794881274 0.0019767170702195821 -2.1844524850882749e-05
leaf_weight=359.45435809856281 805.58731121546589 14.274125977419315 55.968428053893149 32.32489934656769 199.99771015718579 78.844650630839169 1132.0078855645843 253.16825068136677 77.983776145614684 183.63003168720752 36.749581033363938 562.35819751443341 8.0505037084221822 17.539574172347784 204.18737605120987
leaf_count=3359 6078 34 370 181 1212 388 6094 1582 420 904 150 3270 30 122 2076
internal_value=-0.000618499 0.00109796 -0.000234983 0.00429445 0.00199371 0.0037908 -0.00225513 0.00386476 0.00445391 0.0055554 0.00923329 -0.00166114 -0.000801161 -0.000480157 0.00132832
internal_weight=4022.13 1960.26 1381.34 578.921 575.748 375.75 2061.87 564.647 532.322 436.798 115.594 1702.42 1140.06 95.5234 260.156
internal_count=26270 13517 10274 3243 4196 2984 12753 3209 3028 2486 538 9394 6124 542 2446
is_linear=0
shrinkage=0.0286577


Tree=31
num_leaves=16
num_cat=0
split_feature=26 1 21 20 7 30 17 20 35 26 10 20 17 6 4
split_gain=14.1107 7.83225 4.14046 4.13059 3.00985 3.61741 3.28506 3.18897 2.8854 2.80166 2.74611 2.43643 2.34451 2.22765 2.02059
threshold=0.43002484893211984 0.14563068181818184 0.036471978044338459 0.043729474904238404 0.66317494184478953 22.730000000000004 1.254660890990879 0.16477548706025305 2.2995800809599403 0.53322341824902153 0.21717664983661464 0.20340789130071477 0.78966682087866569 0.41742970423240955 0.33373995983330068
decision_type=10 2 8 10 10 10 10 8 2 10 10 10 8 8 8
left_child=2 3 -1 13 5 6 7 -3 -5 12 -8 14 -10 -2 -4
right_child=1 4 11 8 -6 -7 10 -9 9 -11 -12 -13 -14 -15 -16
leaf_value=-0.00051353821671600139 0.0024088164109502372 0.00099823594497260287 -8.1937287880997566e-06 0.0020605950447855053 -8.1743817731182457e-05 -0.00057535286733859602 -2.1218511919293118e-05 -0.00054365320233488242 -0.00026524400155676674 -3.7718512874168925e-06 0.0031530091368926123 0.0026540788807917198 0.00064480474464479376 -0.00024302323955670857 -0.0009043394133214877
leaf_weight=1320.4457753505558 8.3408257039263827 251.20211481489241 649.27793827373534 13.150194024667142 60.286544666625559 53.063187450170517 7.9188775378279379 55.354931267211214 46.52525338716805 593.68737087817863 112.39280547015369 10.746868124231694 217.4090451579541 540.92456479370594 81.400363137479872
leaf_count=6452 42 1087 5236 87 196 232 26 252 294 4590 541 82 1148 5022 983
internal_value=-0.000538944 0.00119856 -0.00219559 7.39477e-05 0.00413504 0.00489861 0.0057817 0.00414494 0.0013081 0.00108923 0.00985379 -0.000465784 0.00354442 -0.00186422 -0.000679841
internal_weight=4022.13 1960.26 2061.87 1420.04 540.218 479.932 426.869 306.557 870.772 857.622 120.312 741.425 263.934 549.265 730.678
internal_count=26270 13517 12753 11183 2334 2138 1906 1339 6119 6032 567 6301 1442 5064 6219
is_linear=0
shrinkage=0.0286577


Tree=32
num_leaves=16
num_cat=0
split_feature=23 23 27 17 27 7 35 24 5 16 7 30 21 21 21
split_gain=13.1055 6.22126 5.23561 5.26094 4.21218 3.91008 3.8156 5.13501 3.5357 2.9426 3.15998 2.92344 5.73165 4.75532 2.87726
threshold=0.078539133918982609 0.023977704483571786 -0.0096560704436496683 1.2975983992084277 0.38388470014558268 0.27395220504570889 2.4993845846405938 11.500000000000002 0.1310107334837454 1.1276132152196239 0.54181806484973605 18.365000000000006 0.057908653653135696 0.049123267576617821 0.15469262331708475
decision_type=10 8 10 8 10 8 2 2 10 10 10 8 10 10 10
left_child=1 -1 -2 4 14 -5 7 -3 -8 -6 -11 13 -13 -7 -4
right_child=2 6 3 5 9 11 8 -9 -10 10 -12 12 -14 -15 -16
leaf_value=-0.00061474512223509551 0.00064993983480955892 0.00030054164909815205 -0.00017579227139239773 -0.00027870490103032615 0.00062206007433226746 -0.0018785802828182659 -0.00041958946622359564 0.0021422048343371146 -3.7102937748210604e-05 0.0029611969474394487 0.0024574343075809742 0.0016839437950522725 3.560687004732549e-05 0.0017514096763103311 0.0023358194365819861
leaf_weight=626.34660782106221 14.620781628880648 91.021980180870742 352.56446015462279 47.149457448162138 110.80932676419616 11.913145910948513 733.70231264759786 33.725473254919052 1724.5966183342971 20.602571719326079 20.84235524199903 40.725902810692787 90.543943242169917 74.684486662968993 28.277236215770245
leaf_count=5058 74 650 2463 338 574 138 4217 52 11368 166 82 236 378 336 140
internal_value=-0.000519696 -0.00134498 0.00272648 0.00239782 0.000735027 0.00570156 -0.000718781 0.00415105 -0.000970316 0.00477009 0.0113233 0.00732809 0.00449312 0.0114876 -0.000853902
internal_weight=4022.13 3209.39 812.734 798.113 533.096 265.017 2583.05 124.747 2458.3 152.254 41.4449 217.867 131.27 86.5976 380.842
internal_count=26270 21345 4925 4851 3425 1426 16287 702 15585 822 248 1088 614 474 2603
is_linear=0
shrinkage=0.0286577


Tree=33
num_leaves=16
num_cat=0
split_feature=21 23 27 18 21 27 9 33 8 35 23 23 21 9 35
split_gain=12.828 5.93418 5.12897 3.8811 3.82936 4.62266 3.66925 2.9813 3.46906 3.62215 3.57542 2.76365 3.19904 3.86536 2.74869
threshold=0.033288411929294839 0.078539133918982609 -0.0096560704436496683 0.080553974389522845 0.15469262331708475 0.38388470014558268 0.17815983901951921 0.018153217483829923 0.32395363896883389 2.4993845846405938 0.042562285422901948 0.023977704483571786 0.021990474448355991 0.18013557774977071 6.4857408825076863
decision_type=10 10 10 10 10 10 8 10 10 2 10 8 8 8 2
left_child=6 7 -3 4 5 -4 -1 -2 -9 -10 -11 -8 13 -13 -15
right_child=1 2 3 -5 -6 -7 11 8 9 10 -12 12 -14 14 -16
leaf_value=-0.00066001989658813812 -0.00029725424143286507 0.00063131408102807271 0.00048965874371211513 -9.7180447368819535e-05 0.0028272664790977148 0.0013625140899224501 -0.00060014696913708056 -4.0609556973340472e-05 0.0019773468191750833 0.0005536787663906823 9.4813594617586999e-06 0.00037548039057558715 -0.00040756501462266254 -5.0741728464164093e-05 0.0012303781645118497
leaf_weight=286.69610463874415 531.67542315460742 14.516624903306363 477.52194866165519 71.717566832900047 26.050323348492384 165.25938063766807 386.38412808161229 554.64319944754243 46.029699523001909 67.346853254362941 207.7569708712399 10.079881904646752 577.07326769572683 578.20233850646764 21.172948576509953
leaf_count=3874 2701 38 2478 309 176 740 2662 4027 178 226 762 62 4789 3162 86
internal_value=-0.000519568 0.000977979 0.00302764 0.00267795 0.00336512 0.00290606 -0.00226631 -0.000114859 0.000905183 0.00327822 0.00198425 -0.00171294 -0.00101561 0.000418351 0.00010234
internal_weight=4022.13 2162.52 755.066 740.549 668.832 642.781 1859.61 1407.45 875.777 321.134 275.104 1572.91 1186.53 609.455 599.375
internal_count=26270 11635 3741 3703 3394 3218 14635 7894 5193 1166 988 10761 8099 3310 3248
is_linear=0
shrinkage=0.0286577


Tree=34
num_leaves=16
num_cat=0
split_feature=22 5 7 28 23 31 22 28 12 7 33 7 20 28 33
split_gain=13.6663 6.56383 6.37317 4.90068 3.15778 4.48758 3.54339 3.11078 5.66862 3.00697 2.45303 2.44306 2.93942 2.32276 3.12668
threshold=0.044740056484257225 0.24575520183780036 0.37100303940140872 -0.026849999999999995 0.078539133918982609 -2.1350000000000011 0.10340860413827326 0.1042 0.06999676935671649 0.28933769835669315 0.026129740885808442 0.25067618491433608 0.037798104545541562 -0.015050000000000006 0.026945233264211502
decision_type=8 10 10 8 8 10 8 10 10 8 8 10 10 8 10
left_child=9 4 13 -4 10 6 -6 8 -5 -1 -2 -12 -13 -3 -15
right_child=1 2 3 7 5 -7 -8 -9 -10 -11 11 12 -14 14 -16
leaf_value=-0.00056267010192694164 -0.00040614651984580607 0.0012129040774053724 -0.00040718586369268726 0.00029324093638229847 0.0016833780175338861 7.3919244656493288e-05 0.0010317658151336867 0.00069820727608906378 0.0024524782170493404 -0.00011402661622617379 -0.00019685477122060685 0.0010655632232186732 3.8386991295264199e-05 -0.00017184506528279504 0.0003232081328232812
leaf_weight=1011.5848077815026 513.77023621834815 167.42635843902826 50.817182094790041 42.889651373960078 28.146159959025681 397.6504207700491 22.481063955230638 28.491714921779931 114.16636754944921 437.15349287074059 303.98715682141483 50.806399412453175 302.49432046432048 239.15081690158695 311.11051050480455
leaf_count=7986 2076 1302 234 214 296 1988 1637 130 392 2349 2331 238 1542 1243 2312
internal_value=-0.00058053 0.000669732 0.00255656 0.00664492 -0.000435972 0.0015993 0.00962715 0.00880833 0.0103867 -0.00280799 -0.00122373 -4.84967e-05 0.00155609 0.00119452 0.000275211
internal_weight=4022.13 2573.39 954.053 236.365 1619.34 448.278 50.6272 185.548 157.056 1448.74 1171.06 657.288 353.301 717.688 550.261
internal_count=26270 15935 5827 970 10108 3921 1933 736 606 10335 6187 4111 1780 4857 3555
is_linear=0
shrinkage=0.0286577


Tree=35
num_leaves=16
num_cat=0
split_feature=26 1 27 9 9 35 30 35 27 8 8 30 10 12 18
split_gain=12.9473 6.50347 3.73594 3.216 3.17844 3.17594 2.93233 2.65094 2.68616 2.60393 5.97771 2.72096 2.62044 2.56632 2.63896
threshold=0.42437132318481813 0.14563068181818184 -0.0096560704436496683 0.17920313031801835 0.18013557774977071 2.3744404218271957 16.345000000000002 4.4668269132719827 0.03602488287859338 0.23590520920500349 0.23945863116052993 23.470000000000002 0.12504318191346389 0.12822315264838066 0.021622944961045002
decision_type=10 2 8 8 8 2 10 2 10 8 8 10 10 10 8
left_child=3 5 -3 -1 -5 -2 13 8 -8 12 -11 -12 -7 14 -4
right_child=1 2 6 4 -6 9 7 -9 -10 10 11 -13 -14 -15 -16
leaf_value=-0.00062948348686546983 0.0012186932890999192 0.0006111037452720743 0.0023220726016526406 0.00038084480938379802 -0.00027386072704681892 0.00080101212645666614 -0.00068949623780954988 -0.00043277608974272758 0.0010379024708449891 0.00057532029104436855 0.00013403837984977932 -0.00024023177114451813 -0.00045503518188997119 -0.00062428683865131305 0.00078703796262175301
leaf_weight=278.49871590081602 21.201421844307333 11.974572656676173 48.001425135880709 7.7595819216221562 1746.791469543241 26.691011606249958 25.758477085735649 81.474877131171525 311.91200622962788 30.798472999595106 802.71141613507643 199.02013874053955 361.82784433057532 14.585279983934013 53.119948793435469
leaf_count=2828 165 32 230 42 9689 416 92 282 1322 208 5037 1066 4453 86 322
internal_value=-0.000523286 0.00111718 0.00377822 -0.00213311 -0.00167004 0.000100905 0.00339633 0.00224497 0.00337624 -5.72527e-05 0.000688055 0.000294102 -0.00206283 0.00746853 0.00911438
internal_weight=4022.13 1989.08 546.827 2033.05 1754.55 1442.25 534.852 419.145 337.67 1421.05 1032.53 1001.73 388.519 115.707 101.121
internal_count=26270 13711 2366 12559 9731 11345 2334 1696 1414 11180 6311 6103 4869 638 552
is_linear=0
shrinkage=0.0286577


Tree=36
num_leaves=16
num_cat=0
split_feature=26 20 33 1 27 20 27 9 2 17 4 17 26 18 18
split_gain=12.0444 6.18736 3.51362 3.86993 3.49389 3.45422 3.17209 2.83765 2.70979 2.57563 2.49967 2.90465 2.4188 2.3822 3.46212
threshold=0.43002484893211984 0.051567393823603098 0.019197134913440998 0.13568813131313137 -0.0096560704436496683 0.026072699476450138 0.027916839076018829 0.23952916366096763 0.17057744408941045 1.3342059954282306 0.33373995983330068 0.76295118846094845 0.47816268655581667 0.036403410153042388 0.043067121193416054
decision_type=10 10 8 2 10 8 10 8 2 10 8 8 10 10 10
left_child=5 2 -2 -4 8 -1 -6 12 -3 -9 11 -7 -8 -13 -15
right_child=1 4 3 -5 6 10 7 9 -10 -11 -12 13 -14 14 -16
leaf_value=-0.00054762081490800736 -0.00041057538190694394 -0.00065916937884975086 -7.9934058026575716e-05 0.0015075835610620523 -0.00093055870389260604 -0.00049156055879170609 0.00051847382863602425 0.00048450324768216211 0.00059359094287903934 0.0010828793000006802 -0.00086502776875824574 -0.00014846166306103681 -0.00025227192570610659 0.0014814022285666326 0.00018566624032335615
leaf_weight=610.38349416572601 287.26090795081109 7.1018679253757027 400.10163697530515 71.834121246356517 49.816580553539097 198.00914199417457 12.572627142071722 794.15636357851326 15.710858304053543 191.45416420325637 159.72737688897178 869.04401077190414 130.24658727319911 57.330425086896867 167.37649597832933
leaf_count=3712 2032 40 4149 440 275 1258 142 3950 36 1061 1172 5539 1392 256 816
internal_value=-0.000528262 0.00107669 -0.000938857 0.000564216 0.00235895 -0.0020589 0.00213232 0.0024509 0.0134943 0.00300093 -0.0012876 -0.00085952 -0.001274 -0.000271208 0.00234469
internal_weight=4022.13 1960.26 759.197 471.936 1201.06 2061.87 1178.25 1128.43 22.8127 985.611 1451.49 1291.76 142.819 1093.75 224.707
internal_count=26270 13517 6621 4589 6896 12753 6820 6545 76 5011 9041 7869 1534 6611 1072
is_linear=0
shrinkage=0.0286577


Tree=37
num_leaves=16
num_cat=0
split_feature=22 5 9 38 17 9 22 19 21 22 17 21 5 33 24
split_gain=11.9685 6.12295 6.23102 4.75903 4.63718 4.52375 3.01592 2.87145 3.22064 2.60141 5.56743 3.91046 5.43546 2.70888 3.11061
threshold=0.044740056484257225 0.28669601134640127 0.34119029518440447 2.5000000000000004 1.1605284301232501 0.45049745529552826 0.022485852990005401 0.14572643632566354 0.082332611655248009 0.090528876775595443 1.5121686429227827 0.081471994555912461 0.18298832075186203 0.021700855584480986 8.5000000000000018
decision_type=8 10 10 2 10 10 10 10 8 8 8 8 8 10 2
left_child=6 9 7 4 5 -4 -1 8 -3 13 -11 12 -12 14 -2
right_child=1 2 3 -5 -6 -7 -8 -9 -10 10 11 -13 -14 -15 -16
leaf_value=-0.00078735551145518333 0.00042422600831368534 0.00022283831540653853 0.006216896475420927 0.0010785510819996359 0.0037611955346840416 -0.0010288470819845082 -0.0003206674303206706 0.0016175529010784527 -0.00018125219588545596 5.2329579723932697e-05 0.0018589680061739742 7.0354951446335408e-06 0.00067004501819207792 1.9687915353694487e-05 -0.00037515912006118876
leaf_weight=291.84708141721785 100.43969545839354 343.45029390230775 19.202197760343552 168.13898362964392 41.978295333683491 16.994431376457214 1156.8912192350253 17.949338284321129 69.500370739493519 451.02765506505966 33.144439633004367 36.315821094205603 29.837271340191364 701.00479217618704 544.40477359294891
leaf_count=3043 1735 2176 86 992 90 36 7292 128 648 2719 128 1360 158 4469 1210
internal_value=-0.000590591 0.000579179 0.00291893 0.00655832 0.0124473 0.00452141 -0.00267508 0.000813093 0.000297473 -0.000251461 0.0014009 0.00753617 0.0118418 -0.000934641 -0.00227656
internal_weight=4022.13 2573.39 677.214 246.314 78.1749 36.1966 1448.74 430.9 412.951 1896.17 550.325 99.2975 62.9817 1345.85 644.844
internal_count=26270 15935 4156 1204 212 122 10335 2952 2824 11779 4365 1646 286 7414 2945
is_linear=0
shrinkage=0.0286577


Tree=38
num_leaves=16
num_cat=0
split_feature=22 5 11 38 17 17 5 22 7 22 17 5 18 15 16
split_gain=11.4221 5.51126 8.58199 4.26681 5.95316 3.16966 2.63445 2.44032 2.60431 2.28479 5.25508 3.96284 2.27063 2.59395 2.25018
threshold=0.044740056484257225 0.28669601134640127 0.29030601252930738 2.5000000000000004 1.1605284301232501 0.9017391186955831 -0.058258593749862135 0.022485852990005401 0.28933769835669315 0.090528876775595443 1.5121686429227827 0.17983879639473288 0.10389740633013912 1.1465149909112671 1.4038658807190003
decision_type=8 10 10 2 10 10 8 10 8 8 8 8 10 10 10
left_child=7 6 -3 4 5 -4 -2 -1 -9 12 -11 -12 13 -8 -10
right_child=1 2 3 -5 -6 -7 9 8 14 10 11 -13 -14 -15 -16
leaf_value=-0.00076479174615041881 -0.00046171810501754236 -3.5942596296622684e-05 0.0032754912566455123 0.0010476423334999118 0.0019507006184982954 -2.1085926532854856e-05 -0.00039014454431679822 -0.00045119574617294406 9.5894322648865281e-05 0.0001677662481143806 0.0015465653074195817 0.00083876131783831116 0.00059555909087370348 -6.2164687435934251e-07 -0.00078033644205132086
leaf_weight=291.84708141721785 74.901834338437766 332.81199840037152 16.924123082309961 238.17324833199382 54.80783237144351 34.49670884013176 379.5281670326367 786.09430967550725 317.41055572312325 438.86708850413561 44.23744457308203 51.586545750731602 36.204248962923884 870.8491191980429 53.386353836394846
leaf_count=3043 376 2262 86 1540 148 120 1836 5443 1505 2653 862 714 169 5169 344
internal_value=-0.000569517 0.000573174 0.00279293 0.00596479 0.0107875 0.0035136 -0.000214597 -0.00260592 -0.00199999 0 0.00157645 0.00765125 -0.000652002 -0.000864356 0
internal_weight=4022.13 2573.39 677.214 344.402 106.229 51.4208 1896.17 1448.74 1156.89 1821.27 534.691 95.824 1286.58 1250.38 370.797
internal_count=26270 15935 4156 1894 354 206 11779 10335 7292 11403 4229 1576 7174 7005 1849
is_linear=0
shrinkage=0.0286577


Tree=39
num_leaves=16
num_cat=0
split_feature=26 23 5 16 33 16 25 24 35 35 9 33 35 7 16
split_gain=12.2772 7.11705 5.92374 3.91817 7.10399 4.12697 5.01539 4.22054 3.68505 3.59698 3.18881 3.07127 2.77118 2.53979 2.69909
threshold=0.44051109272896755 0.078539133918982609 0.21278120218139365 1.1520373545250551 0.031560095386231286 0.97289922432651044 0.74916041585146631 11.500000000000002 4.9952170132931384 2.0515431210794284 0.19767338295325576 0.089890586346965687 6.3687489659082717 0.21506591328505406 1.1879603035967448
decision_type=10 10 10 10 8 10 10 2 2 2 8 10 2 10 10
left_child=10 2 12 5 8 6 7 -3 -5 -4 -1 -7 -2 -11 -15
right_child=1 3 9 4 -6 11 -8 -9 -10 13 -12 -13 -14 14 -16
leaf_value=-0.00049761058211048113 -0.00026046098633183225 0.00086631965084995742 0.0032744886633954834 0.0035975059657783813 -0.000684382374170563 -0.00017884982205300791 0.00051916776635332841 0.0013667851358757971 0.00022641721453545434 -0.00025880851538436124 -0.00018702168781286807 0.0017319770480908458 0.0012127525170496888 0.00059989692751857111 -0.00037145823174054398
leaf_weight=430.19790907902643 710.19208354898728 65.60242616571486 26.616106081288308 52.027149867266417 27.264900732319802 151.70489997882396 188.16881853621453 39.970036268234253 20.515708855353296 167.06526154605672 1676.5547868325375 21.781109820120037 27.504864733666182 341.05201176833361 75.908586224541068
leaf_count=3767 5501 466 86 192 346 672 1191 56 72 1720 9276 188 162 2067 508
internal_value=-0.000529863 0.00112724 0 0.0038203 0.00901163 0.00268617 0.00475961 0.00977506 0.0137137 0.00208158 -0.00204112 -0.000768851 -0.00173372 0.00158986 0.00279355
internal_weight=4022.13 1915.37 1348.34 567.035 99.8078 467.227 293.741 105.572 72.5429 610.642 2106.75 173.486 737.697 584.026 416.961
internal_count=26270 13227 10044 3183 610 2573 1713 522 264 4381 13043 860 5663 4295 2575
is_linear=0
shrinkage=0.0286577


Tree=40
num_leaves=16
num_cat=0
split_feature=22 35 26 23 35 26 26 23 23 22 22 35 35 17 38
split_gain=10.2366 4.15828 3.88981 4.37045 4.73102 4.70882 3.72878 3.06034 2.97475 2.90318 2.79862 2.52862 7.81582 2.94903 2.417
threshold=0.044740056484257225 6.9128743717114673 0.44051109272896755 0.078539133918982609 2.5261284843935381 0.53322341824902153 0.46986453485156759 0.054092723306136938 0.06264839578156299 0.12360487486883125 0.044978055755435127 2.8831231725968611 3.1128483954983577 1.3342059954282306 3.5000000000000004
decision_type=8 2 10 10 2 10 10 8 8 10 8 2 2 10 2
left_child=1 -1 10 4 8 7 -5 -6 -4 -7 -2 13 -13 -8 -12
right_child=2 -3 3 6 5 9 11 -9 -10 -11 14 12 -14 -15 -16
leaf_value=-0.0004076603627877172 0.0003464909145690749 0.00098511368036281353 0.0018513551285177891 0.0018178928428853962 0.0007196925155847771 -0.00021865456387358233 -0.00070798191066172788 -5.0412371562447e-06 -0.00062048394230788647 0.0039712391337647238 -0.00016499392645052288 0.0014326143934639724 0.0006254886741067742 0.0029653812434607143 3.4708286678673788e-05
leaf_weight=1437.6633020802401 9.9372576102614385 11.074998572003095 48.661505102179945 32.934923777356744 151.66086869500577 644.54153313627467 64.714969243854284 123.669818964554 9.3438735590316337 5.4770008325576773 461.23159882146865 45.035007235594094 407.00608844310045 17.34406152414158 551.82985244086012
leaf_count=10235 30 100 200 204 680 4309 367 736 50 26 2236 154 2294 164 4485
internal_value=-0.000598401 -0.00252616 0.000483127 0.00139059 0.000224125 -0.000263994 0.00339501 0.0028627 0.00815233 -0.00160423 -0.000882435 0.00279079 0.00363795 -0.00175215 -0.0010415
internal_weight=4022.13 1448.74 2573.39 1550.39 983.355 925.349 567.035 275.331 58.0054 650.019 1023 534.1 452.041 82.059 1013.06
internal_count=26270 10335 15935 9184 6001 5751 3183 1416 250 4335 6751 2979 2448 531 6721
is_linear=0
shrinkage=0.0286577


Tree=41
num_leaves=16
num_cat=0
split_feature=22 19 16 35 11 26 10 35 26 16 27 16 11 26 19
split_gain=10.5905 5.15268 4.83702 4.14427 3.11785 3.64542 3.56508 2.98649 2.76889 2.70684 2.46103 2.38791 4.47874 2.34631 2.58309
threshold=0.044740056484257225 0.14360094856525418 1.1993729859379825 6.9128743717114673 0.82545831813660264 0.58167038180664077 0.43466855661805615 3.1576383119446927 0.89186387177045534 1.1993729859379825 0.39631254788569531 1.2055927357268454 0.75762246347910356 0.19804467172124296 0.024860043485083295
decision_type=8 10 10 2 10 8 10 2 10 10 8 10 10 8 8
left_child=3 7 4 -1 5 6 -3 11 -7 13 -4 -2 -13 -9 -15
right_child=1 2 10 -5 -6 8 -8 9 -10 -11 -12 12 -14 14 -16
leaf_value=-0.00039597777135834259 0.00043837741671473465 0.0024960696430347457 0.0046304295159193794 0.00095688262900313207 0.0022109216506043172 -0.00042405657525628506 -0.00016426964432560032 -0.00080835056091169198 0.0036772314355440292 -0.00036607491155738137 -0.0020458597150487998 0.0017982996256250205 -0.0012393496788704553 0.0010197692782536276 9.3103736459950196e-06
leaf_weight=1437.6633020802401 354.09632876887918 57.946067957207561 22.698124543298036 11.074998572003095 11.186128871515391 100.09084648638964 31.39950605481863 68.964377153897658 13.175429277122019 244.20656654378399 4.5219106073491302 38.835889315698296 14.848199687898157 16.139527373015881 1595.2794567453675
leaf_count=10235 2249 298 184 100 48 450 118 646 78 1825 54 280 64 78 9563
internal_value=-0.000537157 0.000563049 0.0045515 -0.0024981 0.00303619 0.00215649 0.00649446 0.000146223 -0.00118384 -0.000321325 0.015966 0.00237623 0.00803816 8.27758e-05 0.000310443
internal_weight=4022.13 2573.39 241.018 1448.74 213.798 202.612 89.3456 2332.37 113.266 1924.59 27.22 407.78 53.6841 1680.38 1611.42
internal_count=26270 15935 1230 10335 992 944 416 14705 528 12112 238 2593 344 10287 9641
is_linear=0
shrinkage=0.0286577


Tree=42
num_leaves=16
num_cat=0
split_feature=19 18 35 19 17 10 33 38 26 24 16 2 26 35 19
split_gain=9.8897 5.03854 5.05865 4.79627 4.78207 3.70094 3.68709 3.43074 3.33863 3.08223 2.32827 4.71319 2.92397 2.42364 2.24106
threshold=0.040299236963283934 0.076770935900553075 3.8219888767376702 0.14360094856525418 1.2675187768350222 0.68587580747452748 0.053447873967158895 2.5000000000000004 0.43002484893211984 10.500000000000002 0.92524826406724714 0.19853124167378691 0.45973959572187012 3.3070698188382646 0.13313483810233431
decision_type=10 10 2 10 10 10 10 2 10 2 10 2 10 2 10
left_child=1 -1 -3 8 5 6 -5 -6 -2 -7 11 -10 13 -12 -13
right_child=3 2 -4 4 7 9 -8 -9 10 -11 12 14 -14 -15 -16
leaf_value=-0.00040992792131211631 -0.00011843853796667772 0.00075822933472909472 -0.00085826426247616967 -0.00055109315941388346 0.0033902031256533953 -4.2100488958009329e-05 0.0015882857741664836 0.0017432250954551715 0.00011507282577764873 0.0021475618131412393 0.0017359040539019009 0.0012876388800565726 -1.6194555105396722e-05 0.00049628233377891425 -0.0017498153874541454
leaf_weight=1347.3752475462388 985.67102819122374 16.79450872214511 21.735494655091316 88.368056977167726 37.88324186205864 6.9786668214947012 56.193663571029902 37.668417826294899 455.93952294345945 13.925966739654539 10.930697403848169 88.407421718351543 807.18784208409488 38.157784062437713 8.9090989138931018
leaf_count=10387 5689 114 120 482 86 64 318 260 3317 20 46 475 4636 212 44
internal_value=-0.000595346 -0.00255605 0.00756315 0.000431786 0.00428363 0.00148028 -8.89649e-05 0.0102688 3.96642e-05 0.0126863 0.000938336 0.0023869 0 0.00677609 0.00812134
internal_weight=4022.13 1385.91 38.53 2636.22 241.018 165.466 144.562 75.5517 2395.2 20.9046 1409.53 553.256 856.276 49.0885 97.3165
internal_count=26270 10621 234 15649 1230 884 800 346 14419 84 8730 3836 4894 258 519
is_linear=0
shrinkage=0.0286577


Tree=43
num_leaves=16
num_cat=0
split_feature=22 5 10 31 31 12 26 4 5 22 31 22 20 10 26
split_gain=9.51069 3.79593 4.52428 3.68002 5.20422 4.47446 3.22239 3.04934 3.06017 3.6214 2.85903 3.8511 3.02047 2.89714 2.43448
threshold=0.044740056484257225 0.24575520183780036 0.31121198990910698 4.5050000000000017 2.145 0.067420368425816044 0.41010472721918412 0.061604055477416222 0.0080762372827845891 0.027447833088225165 -0.36500000000000016 0.090528876775595443 0.14312970172598805 0.60344426333034962 0.3066578018740258
decision_type=8 10 10 8 10 10 10 8 10 10 10 8 8 8 10
left_child=7 10 -3 4 6 -6 -4 8 -1 14 11 -2 13 -13 -10
right_child=1 2 3 -5 5 -7 -8 -9 9 -11 -12 12 -14 -15 -16
leaf_value=2.9132281112016404e-05 3.1500900787973902e-05 5.7458424033497127e-06 -0.00020507861216345104 -1.5730457076873306e-05 0.0010101452668455579 0.0031440042880466852 0.0017407305500541348 -0.00066428439684573684 -0.0007693350540179802 -0.00012791636143142336 -7.0002090540324029e-05 0.0015410087852025006 -0.00044615827900935148 0.0014241023988021916 -0.00021661370786241546
leaf_weight=10.654751838184891 212.09922096319497 542.00069995876402 84.499752124771476 73.972487746737897 26.171393042430282 46.11706287227571 181.29120604041964 309.34914254862815 180.29070281097665 747.30618936102837 1321.664095364511 35.199679130222648 22.388553953962401 27.984208188951015 201.13751409342512
leaf_count=68 1639 3716 413 274 270 194 960 2100 1421 4916 6422 510 1353 184 1830
internal_value=-0.000627574 0.000414721 0.00185039 0.00411357 0.00538655 0.0122486 0.00347387 -0.00248564 -0.00178631 -0.00193946 -0.000425117 0.00210041 0.00722347 0.0104399 -0.00421654
internal_weight=4022.13 2573.39 954.053 412.052 338.079 72.2885 265.791 1448.74 1139.39 1128.73 1619.34 297.672 85.5724 63.1839 381.428
internal_count=26270 15935 5827 2111 1837 464 1373 10335 8235 8167 10108 3686 2047 694 3251
is_linear=0
shrinkage=0.0286577


Tree=44
num_leaves=16
num_cat=0
split_feature=19 18 35 19 18 7 16 35 5 5 16 28 7 34 25
split_gain=8.58452 4.91842 5.05517 4.06836 4.38333 4.23774 3.5487 2.93302 2.90084 3.72494 4.11888 3.74595 3.05769 3.05057 2.95949
threshold=0.040299236963283934 0.076770935900553075 3.8219888767376702 0.14572643632566354 0.080553974389522845 0.58793139267017269 1.1993729859379825 6.9128743717114673 0.16960246734353371 0.18215543710547027 0.86447557653425366 -0.00595000000000001 0.21228041071216266 -0.047452356880897821 0.23769353333088092
decision_type=8 10 2 10 8 10 10 2 10 10 10 8 10 8 8
left_child=1 7 -3 8 5 6 -5 -1 14 10 11 -10 -11 -14 -2
right_child=3 2 -4 4 -6 -7 -8 -9 9 12 -12 -13 13 -15 -16
leaf_value=-0.0004016961274054923 0.0012099267247554356 0.00074016604084073206 -0.00082779134558819546 0.00079787648052757735 -0.00065657718895982813 0.0035647967926039741 0.0031967470157776273 0.00094487397120987732 0.00095766162955775831 -0.00017833645415162193 8.4340421448635575e-05 1.3398411985746111e-05 0.00077819201557925092 1.1873684444972068e-05 -0.00014437446992700921
leaf_weight=1319.1808510972187 9.4840220408514124 16.779389709234238 21.735494655091316 150.12064697407186 38.281024964526296 18.382462561130524 19.866202807053924 13.643132201861588 30.248164532473311 347.53584661544301 81.692170783877373 31.063232749700546 208.88021521922201 851.37105626845732 863.86274685827084
leaf_count=8867 44 108 120 702 182 70 186 96 154 3299 417 214 1876 4120 5815
internal_value=-0.000600234 -0.00244165 0.00755772 0.000348767 0.00401845 0.00583803 0.00433366 -0.00273933 1.20697e-06 0.000749219 0.00515639 0.0107699 0.0002937 0.00106452 -0.00131548
internal_weight=4022.13 1371.34 38.5149 2650.79 226.65 188.369 169.987 1332.82 2424.14 1550.79 143.004 61.3114 1407.79 1060.25 873.347
internal_count=26270 9191 228 17079 1140 958 888 8963 15939 10080 785 368 9295 5996 5859
is_linear=0
shrinkage=0.0286577


Tree=45
num_leaves=16
num_cat=0
split_feature=22 5 32 26 18 8 7 32 32 23 8 22 18 22 5
split_gain=9.20778 4.10108 3.69177 5.14305 5.72798 3.71708 3.03981 2.77931 3.37703 2.70478 2.69311 3.36442 3.07651 2.4777 2.308
threshold=0.044740056484257225 0.28669601134640127 0.84828496042216373 0.44336997847184273 0.052477876940491115 0.23666124195586802 0.28933769835669315 0.68007915567282329 0.69459102902374681 0.13506818978733107 0.35287158789916057 0.16666666666666671 -0.096429477386842696 0.022485852990005401 0.14002922998774484
decision_type=8 10 8 10 10 10 8 10 10 10 10 10 10 10 8
left_child=6 9 3 7 5 -5 -1 -3 -9 -2 -11 12 -12 -8 -13
right_child=1 2 -4 4 -6 -7 13 8 -10 10 11 14 -14 -15 -16
leaf_value=-0.00042968178574405072 -3.1389925525582661e-05 -0.00040625536105155362 -1.1296401583884153e-05 -0.00048412659506249188 0.0035542911174959897 0.0015920911500107067 -0.00053043265239931605 0.00066791530335722751 0.00030266304037066162 -0.00018990267207101216 -0.00066383244507775118 0.0048389828952098181 0.002793498799943935 3.549143864751925e-05 -0.00060056807711459759
leaf_weight=1011.5848077815026 1785.5519120616373 139.38876915164292 257.97818152327091 51.475216609891504 32.236740602180362 159.23880476038903 66.356583311222494 13.64178943634033 23.25440894253552 34.101495168637484 6.5254829525947562 5.0430744709447026 41.731893240474164 370.7969095595181 23.22059046570212
leaf_count=7986 11128 958 1436 522 210 816 500 32 182 355 12 32 146 1849 106
internal_value=-0.000662198 0.000363253 0.00227897 0.00394024 0.00664317 0.00484554 -0.00249034 0.000154954 0.00717455 -0.000315882 0.0040164 0.00702966 0.0116218 -0.000466548 -0.000491949
internal_weight=4022.13 2573.39 677.214 419.236 242.951 210.714 1448.74 176.285 36.8962 1896.17 110.623 76.521 48.2574 437.153 28.2637
internal_count=26270 15935 4156 2720 1548 1338 10335 1172 214 11779 651 296 158 2349 138
is_linear=0
shrinkage=0.0286577


Tree=46
num_leaves=16
num_cat=0
split_feature=1 4 5 11 24 27 28 17 31 19 28 15 17 27 28
split_gain=7.68242 5.3307 4.31513 5.76858 4.51189 4.04309 2.7639 2.39634 2.35682 2.2837 2.16555 2.09147 2.75747 2.30378 2.0612
threshold=0.075026315789473705 0.068143811706015411 0.28669601134640127 0.29733082555696094 10.500000000000002 0.4920521100816288 0.065350000000000033 1.4033034374824884 4.5700000000000021 0.021733809242110564 0.02725 1.7751815424604434 0.61258092750789939 0.61262394529670816 0.0054000000000000445
decision_type=2 8 10 10 2 10 8 10 10 8 10 8 8 8 8
left_child=9 2 11 6 14 -6 10 -3 -9 -1 -4 -2 -13 -14 -5
right_child=1 7 3 4 5 -7 -8 8 -10 -11 -12 12 13 -15 -16
leaf_value=-0.00068944129685981662 -3.3815231431266621e-05 -0.00040518791725844075 6.7365421959759171e-06 -1.529620258617324e-05 0.0023476595993713531 0.00083494776689399649 -0.0002769395205774797 0.00023317097315240314 0.0048895847221102169 -0.00030864527373471499 0.00044577293648109589 0.0044298977798509385 0.00041239748349740466 -0.00086138412709018579 0.0014721583144892169
leaf_weight=221.74418863188475 1457.8814588063397 392.88035014481284 163.91445752908476 70.551835549995303 82.42864253371954 32.611455380916595 75.77145934663713 54.158532405272126 7.7557916417717925 801.54557822644711 48.035047479439527 9.0328170382417721 492.63792057731189 32.499287482816726 78.677837263792753
leaf_count=1732 7674 2640 1244 626 146 49 374 339 32 6397 298 58 3739 228 694
internal_value=-0.000624362 0.000104113 0.000618228 0.00285979 0.00591488 0.0102037 1.66667e-05 -0.00274874 0.00238897 -0.00276849 0.00173064 0 0.00153049 0.00123609 0.00253145
internal_weight=4022.13 2998.84 2544.04 551.991 264.27 115.04 287.721 454.795 61.9143 1023.29 211.95 1992.05 534.17 525.137 149.23
internal_count=26270 18141 15130 3431 1515 195 1916 3011 371 8129 1542 11699 4025 3967 1320
is_linear=0
shrinkage=0.0286577


Tree=47
num_leaves=16
num_cat=0
split_feature=8 26 27 27 5 26 19 7 24 34 28 19 23 23 7
split_gain=8.89324 5.28123 3.72745 3.84596 3.63518 4.21625 4.12686 6.25308 4.0453 3.64798 3.09265 3.48335 3.03967 5.02763 5.37812
threshold=0.23374946178425376 0.44618991484039977 0.30677910874086695 0.30171531128633639 0.26637629117032374 0.4750403884428327 0.15135855090552428 0.44715091674646651 10.500000000000002 0.013627942990790289 0.026050000000000021 0.049246657461392555 0.078539133918982609 0.088541335800932583 0.4938762874461215
decision_type=8 10 8 8 10 10 10 10 2 8 8 10 10 10 8
left_child=-1 2 3 -2 12 8 9 -8 -6 -7 -4 -12 -3 14 -14
right_child=1 4 10 -5 5 6 7 -9 -10 -11 11 -13 13 -15 -16
leaf_value=-0.00033518702094355725 -2.5508689268801747e-05 -2.3786891601968399e-05 -0.00046773612651646669 0.00073232351393676121 0.00054942740672982084 0.0012074223365472656 0.00039585186246476829 0.0029922317004870366 0.0018923415340621832 -0.00011251596631812934 -0.00039631778249674392 0.00083948183218204354 0.00046568680298094176 0.00036445328773336653 0.0011532285309947801
leaf_weight=1119.2201165310107 844.92013477394357 755.22646221448667 324.3091989250388 9.7380788642913085 18.189811300486326 240.82290923688561 37.38758600037545 28.678716443479061 21.710290312767029 121.64276065072045 110.14808993902989 68.765767177566886 51.970153667032719 244.23766034562141 25.158923655748367
leaf_count=10366 4494 4459 1872 56 170 1544 190 92 42 492 583 395 300 1163 52
internal_value=-0.000568965 0.000264679 -0.00103485 0.00010618 0.00141323 0.00352337 0.00266037 0.0092626 0.0124759 0.00142444 -0.00299169 0 0.000485295 0.00282327 0.00920215
internal_weight=4022.13 2902.91 1357.88 854.658 1545.03 468.432 428.532 66.0663 39.9001 362.466 503.223 178.914 1076.59 321.367 77.1291
internal_count=26270 15904 7400 4550 8504 2530 2318 282 212 2036 2850 978 5974 1515 352
is_linear=0
shrinkage=0.0286577


Tree=48
num_leaves=16
num_cat=0
split_feature=21 4 23 23 18 33 18 17 10 10 10 32 7 21 21
split_gain=7.39746 3.88714 2.74322 2.6731 3.78775 3.76813 3.27676 5.36107 4.2922 2.50182 3.38364 3.08988 2.89046 3.04107 3.28484
threshold=0.033091519707042501 0.47831729898579217 0.023977704483571786 0.078539133918982609 0.080553974389522845 0.018153217483829923 0.0035698510518721309 1.2675187768350222 0.71649610899225336 0.1973565844184004 0.18000192419425182 0.59234828496042236 0.20741473181879361 0.021990474448355991 0.01795066186546276
decision_type=10 8 8 10 10 10 8 10 10 10 10 10 10 8 10
left_child=2 3 -1 5 6 -2 7 -5 -8 10 -4 -12 -11 14 -14
right_child=1 -3 9 4 -6 -7 8 -9 -10 12 11 -13 13 -15 -16
leaf_value=-0.00045433190437065165 -0.00028494984965099615 -0.00039069664499746099 -6.0112034617689191e-05 -0.00019534447307049119 -5.5140144268546969e-05 0.00012427461652923989 0.00077617440055519071 0.0014270750947256792 0.0038603797090810306 -0.00053665702595519736 0.00058510236005991688 5.0748417988615487e-07 -0.00015828384939509243 -0.00037440938066128231 0.00096358600639880206
leaf_weight=527.38337808847427 516.25125395692885 113.7550912713632 313.91794882551767 222.50526707898825 68.328858414664865 829.18510141130537 304.31694426387548 112.33379350975156 15.371327072381971 169.96713673463091 39.496338110417128 38.693690659478307 237.7000981811434 371.67253644857556 141.24789601098746
leaf_count=4310 2596 651 3902 1174 277 4926 1544 520 38 1059 354 282 1321 2602 714
internal_value=-0.000551075 0.000574013 -0.00189057 0.000861911 0.00226782 9.89093e-05 0.00294714 0.000928162 0.00502851 -0.00117762 0.000720474 0.00605667 -0.00199687 -0.00121473 0.000569642
internal_weight=4022.13 2182.05 1840.08 2068.29 722.856 1345.44 654.527 334.839 319.688 1312.7 392.108 78.19 920.588 750.621 378.948
internal_count=26270 11726 14544 11075 3553 7522 3276 1694 1582 10234 4538 636 5696 4637 2035
is_linear=0
shrinkage=0.0286577


Tree=49
num_leaves=16
num_cat=0
split_feature=19 8 5 19 19 9 11 11 27 12 23 20 30 35 23
split_gain=7.464 3.44508 2.89051 2.84289 4.46825 5.68118 2.42438 3.99623 3.65014 2.34229 2.29053 2.12089 2.00343 2.63307 1.99514
threshold=0.042701526904267782 0.20089240711795484 0.0080762372827845891 0.15135855090552428 0.15916868927604069 0.53943322524277537 0.56715463227176832 0.5510493985460424 -0.040877961228622618 0.16914106100564161 0.023977704483571786 0.009522046518012724 15.840000000000002 5.4393602753417154 0.043946115479986954
decision_type=8 8 8 10 10 10 10 10 8 10 10 10 8 2 10
left_child=10 -2 -3 6 9 -6 7 -4 -8 -5 -1 -12 13 -13 -15
right_child=1 2 3 4 5 -7 8 -9 -10 -11 11 12 -14 14 -16
leaf_value=-0.00045566281968415878 -0.00038255975309436333 -0.00037950019399810416 4.6727451992932111e-05 0.0028655847158833006 -0.00023371132940078481 0.0030239889189852 0.0003971493673819434 0.0031480394903586973 -0.00029175384670650846 -8.0761683563040743e-07 0.0011276782913531812 -9.441378579368158e-05 -0.00032272187595775131 0.0015485028449326562 -0.0011268665615938576
leaf_weight=579.08140224963427 219.41826376691461 99.923371403478086 1745.6299000584986 32.038218440487981 106.44769329950213 34.562714103609324 6.2176170349121094 23.727047850377858 255.13786860182881 6.795405000448226 10.778387874364851 114.51045770989731 762.82355758501217 19.710553978569809 5.3242010809481135
leaf_count=4756 2861 778 10594 138 540 146 8 108 1104 28 44 1374 3567 196 28
internal_value=-0.00055921 0.000385588 0.000715062 0.000934375 0.00439464 0.00193198 0.000622563 0.00100687 -0.00193972 0.0130182 -0.00216749 -0.00125602 -0.00141799 0.00169871 0.0100767
internal_weight=4022.13 2529.9 2310.48 2210.56 179.844 141.01 2030.71 1769.36 261.355 38.8336 1492.23 913.147 902.369 139.545 25.0348
internal_count=26270 16305 13444 12666 852 686 11814 10702 1112 166 9965 5209 5165 1598 224
is_linear=0
shrinkage=0.0286577


Tree=50
num_leaves=16
num_cat=0
split_feature=22 4 5 7 30 16 30 5 5 7 7 19 22 19 7
split_gain=8.20144 3.27279 3.1725 2.80922 2.35801 3.28461 3.04326 4.42467 4.53306 3.11819 2.76711 2.6496 3.8442 2.64371 2.86815
threshold=0.044740056484257225 0.036299810462523334 -0.058258593749862135 0.28933769835669315 20.435000000000002 0.98995561593820358 17.730000000000004 0.23536343553456321 0.11169325454570093 0.23552537658147252 0.57166599985942701 0.14360094856525418 0.11339262001969629 0.15135855090552428 0.54181806484973605
decision_type=8 8 8 8 10 10 10 10 8 10 10 10 10 10 10
left_child=1 3 -2 -1 6 10 11 8 -8 -9 -6 -4 -13 -7 -15
right_child=2 -3 4 -5 5 13 7 9 -10 -11 -12 12 -14 14 -16
leaf_value=-0.00031270559474907267 -0.00039542519553309625 -0.00058624190206725546 -3.0370628267734369e-06 4.5388352634740791e-05 3.1379789595549438e-05 -0.00018132924566588291 0.00037307388686940015 -2.9217840429182693e-07 -0.00019742085122137116 0.0026859341333906931 0.00083014748580946898 -0.00026981863540153831 0.0013566507004242141 0.0040856363402571464 -0.00054241496153686973
leaf_weight=781.76033294666559 74.901834338437766 328.69842535443604 1364.216928463662 338.27954235114157 242.81679003033787 292.50326651148498 79.433765866793692 36.297817903570831 207.40030293352902 107.61236722953618 13.026747673749922 32.60650147497654 96.516369580291212 8.6975481361150759 17.358119243755937
leaf_count=6334 376 2212 9685 1789 1504 932 386 318 1304 564 54 88 658 24 42
internal_value=-0.000643766 -0.00236912 0.000323813 -0.00161732 0.000501897 -0.00110095 0.000985647 0.0031102 0.00101041 0.00721804 0.00128935 0.000365786 0.00428571 -0.00305144 0.00550674
internal_weight=4022.13 1448.74 2573.39 1120.04 2498.49 574.402 1924.08 430.744 286.834 143.91 255.844 1493.34 129.123 318.559 26.0557
internal_count=26270 10335 15935 8123 15559 2556 13003 2572 1690 882 1558 10431 746 998 66
is_linear=0
shrinkage=0.0286577


Tree=51
num_leaves=16
num_cat=0
split_feature=26 8 30 19 8 33 19 33 5 30 10 35 10 10 7
split_gain=7.55911 3.57004 4.04171 3.24025 3.40565 3.25829 3.90755 3.56736 3.02369 5.38675 5.08028 2.61674 2.42065 2.39605 4.2617
threshold=0.43002484893211984 0.23590520920500349 23.470000000000002 0.035986096495705409 0.20089240711795484 0.026129740885808442 0.057223317576990958 0.037014816291522597 0.28669601134640127 20.500000000000004 0.19476633225136816 2.7093817598119521 0.12504318191346389 0.45427473551636122 0.40707609040074694
decision_type=10 8 10 8 8 8 10 8 10 8 10 2 10 10 10
left_child=3 12 8 -1 -5 11 7 -7 13 10 -10 -6 -2 14 -3
right_child=1 2 -4 4 5 6 -8 -9 9 -11 -12 -13 -14 -15 -16
leaf_value=-0.00036810787667089723 0.0008155046586195172 8.0293031233925777e-05 -0.00026291841822825509 -0.00051974703545480932 0.00080635740272041263 0.0014821368519294604 -0.00013365130593062202 0.00030384231411591749 -0.00098839798482388804 -3.0019373729006684e-05 0.0019494856273229708 -0.00032331435080414165 -0.00036181143213496081 -8.4970239009578386e-05 0.00057837367883257227
leaf_weight=889.15137837454677 26.394285190384835 608.39743142505176 256.09386697411537 155.41275336313993 41.866126090288162 26.516390282660723 405.044493063353 236.68420409085229 21.236389951780438 116.95116590010002 197.17111392412335 307.19559962116182 360.6767661627382 307.89430043939501 65.440395184792578
leaf_count=5018 404 4022 1324 1721 258 65 2404 2292 70 604 1202 995 4483 1192 216
internal_value=-0.000672149 0.000598129 0.0012086 -0.00188458 -0.000883323 -0.000268884 0.000892301 0.00361654 0.0018531 0.00421132 0.00687111 -0.00251949 -0.00185659 0.0010366 0.00199848
internal_weight=4022.13 1960.26 1573.18 2061.87 1172.72 1017.31 668.245 263.201 1317.09 335.359 218.408 349.062 387.071 981.732 673.838
internal_count=26270 13517 8630 12753 7735 6014 4761 2357 7306 1876 1272 1253 4887 5430 4238
is_linear=0
shrinkage=0.0286577


Tree=52
num_leaves=16
num_cat=0
split_feature=8 23 5 35 35 9 32 20 20 17 10 34 20 35 5
split_gain=6.75302 3.29199 4.02563 2.65362 2.50114 6.75309 3.80209 4.34914 2.47581 6.97311 2.85717 3.47854 2.59572 2.45464 2.19065
threshold=0.23374946178425376 0.041663332288415074 0.0080762372827845891 6.9128743717114673 5.2881154836511746 0.23022714668990465 0.45316622691292879 0.033296542030444305 0.031938529763972053 1.254660890990879 0.24670562295978629 0.036659344670258338 0.049762064395669055 5.39605346989969 0.083792190394521113
decision_type=8 8 8 2 2 8 10 10 8 8 8 10 8 2 10
left_child=3 4 -3 14 -2 -6 7 -7 9 -4 11 -10 -12 -8 -1
right_child=1 2 8 -5 5 6 13 -9 10 -11 12 -13 -14 -15 -16
leaf_value=-0.00063797269151502796 -0.00024542455798717605 -0.00059291842990032639 -2.0614052152742691e-06 3.1668450798618819e-06 0.002591707400991153 0.0014963367971438039 4.1786618465700266e-05 -0.00039391710292459173 0.00040835393569834956 0.0017011448446608084 -7.9284876382644157e-05 0.0010180215062122568 0.0001476678228568118 -0.00035100000221075921 -0.00024481533281440207
leaf_weight=181.29511963389814 843.24996443092823 84.601321833208203 68.929570455104113 8.0948911639861745 19.436084412038326 18.39885321632028 22.495200484991074 12.554143407382069 228.57096827123314 39.761657822877169 232.49455517623574 15.262457489967344 1241.626012187684 75.525754319503903 929.8301057331264
leaf_count=1923 4703 624 217 74 72 100 70 76 1220 104 1131 42 7283 262 8369
internal_value=-0.000682366 4.34407e-05 0.000741881 -0.0025734 -0.0012925 0.00210413 -0.00020457 0.00843065 0.00102975 0.00523528 0.000757217 0.00363264 0.000274351 -0.00304603 -0.00270112
internal_weight=4022.13 2902.91 1911.25 1119.22 991.66 148.41 128.974 30.953 1826.65 108.691 1717.95 243.833 1474.12 98.021 1111.13
internal_count=26270 15904 10621 10366 5283 580 508 176 9997 321 9676 1262 8414 332 10292
is_linear=0
shrinkage=0.0286577


Tree=53
num_leaves=16
num_cat=0
split_feature=21 22 21 10 7 21 11 17 22 9 12 7 11 18 18
split_gain=6.36148 3.03601 2.86223 2.75208 2.82058 3.17356 2.68952 3.11025 4.17072 4.4385 3.09655 3.81289 5.0075 3.08361 3.6138
threshold=0.033091519707042501 0.022485852990005401 0.017312896343669872 0.1973565844184004 0.20741473181879361 0.021990474448355991 0.30067295068513483 1.4292744949751899 0.11847950291169605 0.38009744860359762 0.047143744835518718 0.27499952561912661 0.26894615385984971 0.0035698510518721309 0.084015358702200685
decision_type=10 8 8 10 10 10 10 10 10 10 10 10 10 10 10
left_child=1 2 -1 -3 -5 -6 10 13 9 -9 11 -2 -13 -8 -15
right_child=6 3 -4 4 5 -7 7 8 -10 -11 -12 12 -14 14 -16
leaf_value=-0.00066484473053062747 -6.8776773161295966e-05 5.3601110020794806e-05 8.1597867588865033e-05 -0.00043171744768155256 3.0760907152844586e-06 -0.00036470633751767685 -6.1284046526971666e-05 0.0014687392266272961 0.0028002563872925761 -0.00062914810534403455 -0.0003378390533014958 0.0021479149858244779 -0.00017991098174896403 0.0003744941019405329 -0.00027953201124595022
leaf_weight=227.79277191776782 584.95039498992264 487.99341054656543 60.095811295323074 208.35540114575997 460.69354969449341 395.148078459315 526.60406007245183 61.099870912730694 50.669930882751942 44.869471011683345 245.72989079542458 40.23482305649668 32.480533769354224 463.44101127423346 131.96765021421015
leaf_count=1626 4096 5106 1393 1258 2961 2200 2528 334 244 222 1248 175 188 2128 563
internal_value=-0.000610562 -0.00185258 -0.00456895 -0.00134175 -0.00216031 -0.00141551 0.00043233 0.00128082 0.00507157 0.00171847 -0.000757618 0.000254132 0.00644224 0.000741816 0.00215905
internal_weight=4022.13 1840.08 287.889 1552.19 1064.2 855.842 2182.05 1278.65 156.639 105.969 903.396 657.666 72.7154 1122.01 595.409
internal_count=26270 14544 3019 11525 6419 5161 11726 6019 800 556 5707 4459 363 5219 2691
is_linear=0
shrinkage=0.0286577


Tree=54
num_leaves=16
num_cat=0
split_feature=22 9 4 12 35 4 12 18 35 12 24 22 4 7 21
split_gain=6.12212 4.16692 3.24653 2.86959 2.64612 2.36475 2.25949 2.54197 4.78311 3.11925 2.36529 2.59534 2.23025 2.1994 2.16778
threshold=0.023671853541380738 0.34119029518440447 0.068143811706015411 0.096394767211923346 2.0515431210794284 0.43230995707661379 0.15476439730447947 -0.0035571372083826876 3.4750671823032957 0.10027346848253617 9.5000000000000018 0.084335092201463457 0.59859810884691422 0.1934253577812062 0.015579671022460476
decision_type=8 8 8 10 2 8 10 10 2 10 2 10 10 10 8
left_child=13 2 3 4 -2 6 7 9 -9 -3 11 -8 -4 -1 -15
right_child=1 5 12 -5 -6 -7 10 8 -10 -11 -12 -13 -14 14 -16
leaf_value=-0.00081335078440239884 0.00054316016345242737 0.00031338557539915894 -0.00042550441148540185 -0.00034916227297790274 -2.264981496463222e-05 -0.00023694648282321701 -0.00013641988784452455 0.0013048780256731296 0.00014824843243447665 -0.00051015600853204757 -0.00046865174138333851 0.00098837892649935124 2.5657541582600489e-06 -0.00043641997191606489 0.00040804383848336035
leaf_weight=166.65387973142788 12.705456956289707 530.48813006677665 307.99548391532153 184.09507313417271 1783.8976134206168 101.83959556324407 119.55032719857991 186.09650226030499 279.09330176375806 63.386315409094095 59.149663064628839 58.026984848082066 4.443443536758422 100.12192237656564 64.582966792862862
leaf_count=1573 40 3528 2089 918 12188 703 840 819 1031 232 126 406 16 728 1033
internal_value=-0.000624406 -0.000286385 -0.00104016 -0.000605689 -0.000250374 0.000943203 0.00127933 0.00184882 0.00343912 0.000585515 -0.00122574 0.000376828 -0.00376018 -0.00435655 -0.00191842
internal_weight=4022.13 3690.77 2293.14 1980.7 1796.6 1397.63 1295.79 1059.06 465.19 593.874 236.727 177.577 312.439 331.359 164.705
internal_count=26270 22936 15251 13146 12228 7685 6982 5610 1850 3760 1372 1246 2105 3334 1761
is_linear=0
shrinkage=0.0286577


Tree=55
num_leaves=16
num_cat=0
split_feature=26 8 33 26 12 33 15 28 21 20 31 21 20 16 7
split_gain=6.26251 3.77363 4.12649 3.76813 3.87392 3.4693 2.88664 2.77752 2.54963 2.38555 2.77528 1.94065 1.81954 1.81096 2.75731
threshold=0.44051109272896755 0.23590520920500349 -0.0058383466249752871 0.46477957081496768 0.10396271057240004 0.031867813861319767 1.7051190165927526 0.029099999999999935 0.066539748963309372 0.026072699476450138 1.8400000000000001 0.023311500223615288 0.026385077393942139 1.0063072243278535 0.40292517187010496
decision_type=10 8 8 10 8 10 10 10 8 8 10 10 8 10 10
left_child=9 -2 -3 4 5 -4 8 -8 -5 -1 12 -6 -11 -14 -15
right_child=1 2 3 6 11 -7 7 -9 -10 10 -12 -13 13 14 -16
leaf_value=-0.00032838494833185589 -0.00026125179796277956 -0.00016996984861164746 0.0010502237328985184 0.00027794165226338076 0.0014429383092488999 0.0015815807958255549 0.00016798986470174741 0.0021997066612656096 -0.00010953207689584495 0.0017676545631069855 -0.00032934134355815808 -0.0016535541528720943 -0.00010238651403642452 0.00016559299405492455 -0.00089957488420606643
leaf_weight=616.68794589024037 372.596149567049 314.88182526919991 24.507080407813191 510.04854839015752 6.9115201113745597 40.828311731107533 189.96244814805686 172.22528544813395 264.48801958397962 5.927642627619206 584.60404874756932 18.924775470048189 668.35095970565453 187.06910313712433 44.112995803356171
leaf_count=3782 4769 2420 82 2485 72 200 951 856 1346 42 2178 46 5039 1816 186
internal_value=-0.000628755 0.000553247 0.00118245 0.00193678 0.00756184 0.0112853 0.00147542 0.00359066 0.00047268 -0.00170805 -0.0010773 -0.00148863 -7.20597e-05 -0.000189218 0.00198197
internal_weight=4022.13 1915.37 1542.78 1227.9 91.1717 65.3354 1136.72 362.188 774.537 2106.75 1490.06 25.8363 905.461 899.533 231.182
internal_count=26270 13227 8458 6038 400 282 5638 1807 3831 13043 9261 118 7083 7041 2002
is_linear=0
shrinkage=0.0286577


Tree=56
num_leaves=16
num_cat=0
split_feature=22 4 7 33 27 10 25 9 33 15 27 21 27 9 21
split_gain=6.31669 2.9833 2.884 2.87874 2.85079 2.90353 2.44067 3.2123 2.89137 2.68862 2.57359 2.28909 2.24552 3.07018 2.35365
threshold=0.044740056484257225 0.036299810462523334 0.28933769835669315 0.0092495016314010376 0.44211595172225099 0.51003370443875384 0.27450399929625097 0.34119029518440447 0.026129740885808442 1.3132203408764211 -0.0026800577243202488 0.081471994555912461 0.076944684528954213 0.34262534709339043 0.18252087497644617
decision_type=8 8 8 8 10 8 8 10 8 10 8 8 10 10 8
left_child=1 2 3 -1 -4 -6 -2 8 9 -8 -9 -10 14 -14 -12
right_child=6 -3 4 -5 5 -7 7 10 11 -11 12 -13 13 -15 -16
leaf_value=-0.00065237692155219152 0.00068940473354826446 -0.00054367260598808538 0.00028241606234707728 -0.00012684499392730985 0.00025300335412807768 -0.00079291915383854954 -0.00050138207098046009 0.00064011893437324269 4.632584042373681e-05 -5.0647133013063337e-05 -0.00051326874701643633 -0.00028031157806151309 0.0012437180715459011 0.00030397670681676507 0.0016683184429328213
leaf_weight=157.41320129111409 103.27686143992469 328.69842535443604 184.95894302520901 624.34713165555149 74.370676747523248 78.949922578409314 199.40905822068453 17.707014475949109 828.19217820465565 334.45859402697533 68.473038238473237 151.01422280189581 13.223694171756504 851.42854449152946 6.2051533143967381
leaf_count=1142 425 2212 948 5192 448 393 749 52 5628 1594 280 3248 42 3875 42
internal_value=-0.000683118 -0.00219706 -0.00147888 -0.00243815 0.000708737 -0.00214071 0.000165434 -1.12007e-05 -0.000837058 -0.00253377 0.00128397 7.82102e-05 0.00106673 0.00148696 -0.00365557
internal_weight=4022.13 1448.74 1120.04 781.76 338.28 153.321 2573.39 2470.11 1513.07 533.868 957.037 979.206 939.33 864.652 74.6782
internal_count=26270 10335 8123 6334 1789 841 15935 15510 11219 2343 4291 8876 4239 3917 322
is_linear=0
shrinkage=0.0286577


Tree=57
num_leaves=16
num_cat=0
split_feature=8 15 35 33 17 33 5 4 17 12 36 12 24 10 24
split_gain=5.46601 2.75404 2.60535 2.71466 2.34252 2.17208 3.48426 3.90395 3.21636 1.72366 1.72001 3.49695 1.67123 1.49992 1.97536
threshold=0.23374946178425376 0.93304354571193837 6.9128743717114673 0.080064103031707204 0.53641936950695268 0.0028158056782876533 0.28669601134640127 0.043459503051729347 0.5958497811343163 0.064769817645211211 1.0000000180025095e-35 0.055185598752206348 7.5000000000000009 0.20131122419212166 8.5000000000000018
decision_type=8 8 2 8 8 10 10 10 10 10 2 8 2 10 2
left_child=2 -2 3 13 -3 10 8 -8 -7 -5 12 -12 -6 -1 -15
right_child=1 4 -4 9 5 6 7 -9 -10 -11 11 -13 -14 14 -16
leaf_value=-0.00023030677949343678 -0.000290476569719652 -0.00030432280799353036 2.5266008666564942e-06 -9.4021744929075998e-05 0.00069454593692682624 0.0004250351544257957 0.00093400384873376543 -8.5185103593915095e-05 -2.9178714307757176e-07 0.00095948398769905212 -0.00049855966658522808 0.00036402058359467459 -0.00033200307093028469 -0.00011721089010405184 -0.00051079473854342625
leaf_weight=365.07771770004183 303.81729169469327 48.194723767228425 8.0948911639861745 351.39339847909287 35.289484308799729 41.903500282205641 313.62149527668953 171.68037095293403 1398.2915718816221 14.620339081156997 53.036895438563079 243.03630885761231 294.03490104712546 76.15300228446722 303.88076782226562
leaf_count=2599 1659 197 74 5076 1944 134 1564 766 6005 386 448 2154 1033 1679 552
internal_value=-0.000648464 4.1412e-06 -0.00234966 -0.00247643 0.000309429 0.000431562 0.000910877 0.00301176 0.000195665 -0.00042384 -0.00102805 0.000529348 -0.0024578 -0.00347091 -0.00475249
internal_weight=4022.13 2902.91 1119.22 1111.13 2599.09 2550.89 1925.5 485.302 1440.2 366.014 625.398 296.073 329.324 745.111 380.034
internal_count=26270 15904 10366 10292 14245 14048 8469 2330 6139 5462 5579 2602 2977 4830 2231
is_linear=0
shrinkage=0.0286577


Tree=58
num_leaves=16
num_cat=0
split_feature=22 18 22 19 18 4 9 22 30 15 16 30 22 28 8
split_gain=5.19084 3.15419 3.12193 2.33755 2.28501 2.21128 2.55693 2.19636 2.57207 2.12159 2.06797 2.5813 3.21289 4.8255 2.48885
threshold=0.059222349255364549 0.076770935900553075 0.022485852990005401 0.02934646566757566 0.019346657609383148 0.037631386950465383 0.43995183280380151 0.051297759037681467 17.460000000000004 1.2873671182596247 1.3352655683632342 25.325000000000003 0.060391308218813632 -0.0074999999999999919 0.23433216071527713
decision_type=10 10 8 10 10 8 10 10 10 8 10 10 10 10 8
left_child=1 2 3 -1 -5 9 -7 8 -3 -4 11 12 13 -2 -14
right_child=10 7 5 4 -6 6 -8 -9 -10 -11 -12 -13 14 -15 -16
leaf_value=-0.00059479816134394255 -0.00062679233003978623 0.0014154906604564013 -0.00024336742881495246 -0.00026241208498679056 0.001534272665349705 -0.00038585071023741318 0.00048562499820599663 -2.5616521615236528e-05 -0.00016648369827339726 -3.8929753722706125e-06 -0.00020414296131965499 -0.00019031773844360047 -0.00034546950404370271 0.0010355889085219472 0.00026797983339461585
leaf_weight=271.87717929109931 16.608707854524255 32.558842028491199 566.46079289913177 6.3204429000616056 6.3057720959186554 336.1609110836871 8.0857006814330799 28.224919687956572 20.15761742927134 963.56477695354261 105.77662786003202 52.704194396734238 188.77244671294466 37.642367258667946 1380.9053609049879
leaf_count=2947 136 268 3103 32 18 2080 48 102 125 7433 1092 96 1899 206 6685
internal_value=-0.000669448 -0.00158883 -0.00180036 -0.00461134 0.00702434 -0.00136785 -0.00345249 0.00391938 0.00740856 -0.000891863 0.000480289 0.000730516 0.000938628 0.00779838 0.000694096
internal_weight=4022.13 2239.72 2158.78 284.503 12.6262 1874.27 344.247 80.9414 52.7165 1530.03 1782.41 1676.63 1623.93 54.2511 1569.68
internal_count=26270 16156 15661 2997 50 12664 2128 495 393 10536 10114 9022 8926 342 8584
is_linear=0
shrinkage=0.0286577


Tree=59
num_leaves=16
num_cat=0
split_feature=26 8 26 12 24 39 15 28 28 8 20 4 18 17 18
split_gain=6.1132 3.11222 3.275 5.4571 2.85719 2.99033 2.78916 2.40305 5.72526 2.50968 2.37964 2.18403 2.51852 2.43861 2.6768
threshold=0.44051109272896755 0.23590520920500349 0.46477957081496768 0.10396271057240004 11.500000000000002 1.0000000180025095e-35 1.7051190165927526 -0.0041500000000000139 0.02530000000000002 0.32235882684455658 0.22151002963964506 1.0000000180025095e-35 0.036403410153042388 1.3734181329216304 0.043067121193416054
decision_type=10 8 10 8 2 2 10 8 10 10 10 8 8 10 8
left_child=10 -2 3 4 5 -3 -4 9 -9 -8 11 12 -1 14 -14
right_child=1 2 6 -5 -6 -7 7 8 -10 -11 -12 -13 13 -15 -16
leaf_value=-0.00021101433464346993 -0.00024353671778430558 -0.000300281761489692 -4.5683040381821574e-06 -0.00071291698794854108 0.001028175015152067 0.0025572801149220392 0.00062231058717020042 -0.0003755368959835985 0.0014133545385786568 0.0011461555752868377 0.002138249091324056 -0.00035746454271687702 0.0012149360220042699 -0.00061534791794759546 7.3467380553243916e-06
leaf_weight=1113.6188317593187 372.596149567049 12.756152092479168 1017.1644032553304 38.742630220018327 18.546936631202698 35.45438165217638 36.416288053616881 123.19518479332328 207.23777736723423 53.264060494489968 8.288170397281645 510.54024747991934 59.615405983291566 41.940894906874746 372.74914538487792
leaf_count=6597 4769 72 5697 208 26 232 261 630 1082 250 58 3401 337 228 2422
internal_value=-0.000682227 0.000485416 0.00105724 0.00593767 0.0109177 0.00686841 0.00069119 0.00265584 0.00148574 0.00684164 -0.00174846 -0.00181381 -0.00127927 0.000452283 0.00111283
internal_weight=4022.13 1915.37 1542.78 105.5 66.7575 48.2105 1437.28 420.113 330.433 89.6803 2106.75 2098.46 1587.92 474.305 432.365
internal_count=26270 13227 8458 538 330 304 7920 2223 1712 511 13043 12985 9584 2987 2759
is_linear=0
shrinkage=0.0286577


Tree=60
num_leaves=16
num_cat=0
split_feature=8 24 17 23 32 16 18 36 21 17 28 16 16 16 16
split_gain=5.27369 2.93708 2.62303 2.46758 2.17781 2.56192 3.13337 4.39263 3.30346 2.47493 5.22014 3.05129 1.49272 1.72026 1.3682
threshold=0.23374946178425376 10.500000000000002 0.53641936950695268 0.027173679127038195 0.91424802110817949 1.2392217209407812 0.015970965367920423 1.0000000180025095e-35 0.14322291723874969 1.2975983992084277 0.15435000000000004 1.2316691601244656 0.79464925191616465 0.78290093752827972 0.86447557653425366
decision_type=8 2 8 10 10 8 8 2 8 10 8 8 10 10 10
left_child=1 3 -2 -1 5 9 8 -8 -7 11 -11 -4 13 -6 -3
right_child=2 14 4 -5 12 6 7 -9 -10 10 -12 -13 -14 -15 -16
leaf_value=-0.00055412015964741233 -0.00034042720719476414 -7.6353633664040407e-06 1.2727544120122404e-05 1.5955906936858837e-05 -9.0748184136130544e-05 -0.00024820848154453789 -0.0002069877573815879 0.00054241874403566318 0.0026373737401206906 0.0003074858323318685 0.0042966752957197679 0.00052970346392435821 -0.00046085670536318094 0.00096574852343122772 -0.00027237217992116981
leaf_weight=192.13403990538791 74.211411534808576 125.08242648839951 1459.5340687585995 330.43663848284632 92.059982448816299 171.38073806930333 252.70410523074679 174.79621512442827 12.165981169324366 388.63420941587538 26.513279327191412 12.64925237931311 228.17010691761971 10.087193131446837 471.56701165437698
leaf_count=3310 349 229 7437 5929 630 684 1724 1466 308 1999 137 58 1064 48 898
internal_value=-0.00065738 -0.00232841 -9.55081e-06 -0.000735377 0.000126743 0.000419239 -0.00118607 0.000136602 -0.0043172 0.000944331 0.00290164 0.000385253 -0.00205421 0.000745056 -0.00370615
internal_weight=4022.13 1119.22 2902.91 522.571 2828.7 2498.38 611.047 427.5 183.547 1887.33 415.147 1472.18 330.317 102.147 596.649
internal_count=26270 10366 15904 9239 15555 13813 4182 3190 992 9631 2136 7495 1742 678 1127
is_linear=0
shrinkage=0.0286577


Tree=61
num_leaves=16
num_cat=0
split_feature=26 26 35 2 18 22 20 9 20 17 28 20 28 27 9
split_gain=5.96069 3.63072 3.28814 3.12344 3.02376 2.8466 3.38719 2.73117 2.54682 2.50702 2.4988 2.3485 2.29708 2.37059 3.19723
threshold=0.44618991484039977 0.46735901244321326 5.0093677688327238 0.21241173623831119 0.10389740633013912 0.023671853541380738 0.026760487447416884 0.3984332609683004 0.0068977768017373662 0.81604825655335922 -0.0062000000000000241 0.027852685697088517 -0.024499999999999977 0.44211595172225099 0.5810758789090763
decision_type=10 10 2 2 10 8 10 10 8 10 10 10 10 8 8
left_child=5 2 9 4 -3 6 -1 -6 -7 -2 -4 -8 -5 14 -14
right_child=1 3 10 12 7 8 11 -9 -10 -11 -12 -13 13 -15 -16
leaf_value=-0.00056252729033220712 -0.0011799590054926274 -3.4767990237474993e-05 0.001440010375786276 -0.00024642168994856083 0.002700335083617601 0.0010477526591128018 0.001855395897437864 -0.00019188324378084003 -0.00012611888901010727 0.00049991638924390283 0.0024836297132846642 -0.00017811206485594951 0.0013576710460468102 0.00044851959079085025 0.0025271018514007454
leaf_weight=259.31037925882265 27.198881701566279 1420.9387446320616 8.7053515082225221 52.003456245874986 20.273286540061235 15.302781648933886 11.438142243772747 13.926854055374859 1834.0808143280447 66.377665420528501 19.95186064671725 9.7270469646900874 128.42631206708029 103.9268331695348 30.53824960719794
leaf_count=2298 190 10680 66 229 130 60 46 93 10761 416 84 72 614 430 101
internal_value=-0.000685612 0.000480684 0.00525512 0.000144713 -0.000409462 -0.00172642 -0.00443066 0.00796165 -0.00131042 0.00250829 0.0137888 0.00633073 0.0027356 0.00383949 0.00604202
internal_weight=4022.13 1892.27 122.234 1770.03 1455.14 2129.86 280.476 34.2001 1849.38 93.5765 28.6572 21.1652 314.895 262.891 158.965
internal_count=26270 13033 756 12277 10903 13237 2416 223 10821 606 150 118 1374 1145 715
is_linear=0
shrinkage=0.0286577


Tree=62
num_leaves=16
num_cat=0
split_feature=1 26 30 38 17 33 19 12 21 20 26 26 35 12 28
split_gain=4.70551 2.54047 2.60174 2.65823 2.18224 2.09964 2.33665 2.10602 4.11475 1.98527 1.94336 1.90906 4.89844 2.28508 2.19127
threshold=0.075026315789473705 0.44618991484039977 23.470000000000002 3.5000000000000004 0.78966682087866569 0.0083304902140927135 0.021733809242110564 0.05480012242691331 0.015320521090401733 0.22151002963964506 0.33898654476453344 0.46477957081496768 5.0093677688327238 0.07609349882180691 0.038600000000000002
decision_type=2 10 10 2 8 8 8 10 8 10 8 10 2 8 10
left_child=5 4 11 -4 10 -1 -7 -8 -9 -6 -2 12 13 -3 -13
right_child=1 2 3 -5 9 6 7 8 -10 -11 -12 14 -14 -15 -16
leaf_value=-0.00044467233351003595 -1.9729394133901247e-05 0.0010297225758299502 -0.00051649725810279108 1.5468077744245786e-05 -3.4317546013891114e-05 -0.00055701135278330457 -0.00022079587679323334 0.00056493154733996064 1.3927812126229299e-05 0.0020717743273306159 -0.00044586211723196529 3.4630873006641734e-06 0.0024124547013120896 -0.00094578998611054483 0.00094384218894295522
leaf_weight=188.48847410175949 145.57533026346937 40.881048699840903 78.551752030849457 155.70704540610313 1092.274909819942 179.53371161129326 548.40726508013904 15.903509780764578 90.956806284375489 8.281989583745597 126.00713254138827 912.52607527910732 19.592315664514899 20.741165937390178 398.6981279538013
leaf_count=1215 1014 250 116 1010 6512 1462 4854 84 514 58 697 5956 52 94 2382
internal_value=-0.000699921 -0.000123776 0.000638476 -0.00213988 -0.00103465 -0.00237823 -0.00174237 -0.000928951 0.00271258 -0.000456133 -0.00334003 0.00111332 0.0053936 0.00122832 0.000839721
internal_weight=4022.13 2998.84 1626.7 234.259 1372.14 1023.29 834.801 655.268 106.86 1100.56 271.582 1392.44 81.2145 61.6222 1311.22
internal_count=26270 18141 9860 1126 8281 8129 6914 5452 598 6570 1711 8734 396 344 8338
is_linear=0
shrinkage=0.0286577


Tree=63
num_leaves=16
num_cat=0
split_feature=22 20 5 33 9 26 20 22 35 7 10 4 26 32 32
split_gain=4.6946 4.15944 3.29361 3.23718 3.32969 3.11491 2.96354 2.88272 2.35186 2.20955 3.38176 2.79354 2.18265 2.05697 1.85966
threshold=0.023671853541380738 0.02703160465836885 -0.019513388742305959 0.017838301694441675 0.63434780879542152 0.26083331009432714 0.0048233728506814075 0.025071154728341146 3.0967081653585464 0.27499952561912661 0.24670562295978629 0.089021916633177448 0.084925103626750126 0.81926121372031668 0.64907651715039594
decision_type=8 10 10 8 10 10 8 10 2 10 10 8 8 10 10
left_child=1 8 -2 4 5 12 -5 -7 14 11 -11 -8 -4 -3 -1
right_child=2 13 3 6 -6 7 9 -9 -10 10 -12 -13 -14 -15 -16
leaf_value=6.138645992607769e-05 -0.00029119124338472898 0.0018032080560811997 0.00050393369845055512 0.0010922553572316281 0.001721148854751084 0.00026393241730731087 2.4431095679496858e-06 -7.1139075038266099e-05 -0.00056631498642099399 0.00090067597833451722 0.00015349215046885881 -0.00066905876833956205 -0.00056890875867819635 -0.0005998409305150072 -0.0010266876510909811
leaf_weight=18.373950577806681 185.92866503726691 17.760801436379555 11.231821388006209 6.6118766963481894 30.748941846191883 5.9667217796668401 1274.365765145747 908.03358072880656 270.69501317897812 73.765572621487081 922.31242019636557 115.68265161430463 156.11987408343703 6.3976927120238534 18.131310995668173
leaf_count=438 1030 102 24 14 178 42 10528 4498 2588 362 4553 1108 599 38 168
internal_value=-0.000635031 -0.00390423 -0.0003386 -0.000138355 -0.00141788 -0.0016905 0.000452262 -0.00101818 -0.00482532 0.000393964 0.00142592 -0.000338463 -0.00529661 0.00733544 0.00178824
internal_weight=4022.13 331.359 3690.77 3504.84 1112.1 1081.35 2392.74 914 307.2 2386.13 996.078 1390.05 167.352 24.1585 36.5053
internal_count=26270 3334 22936 21906 5341 5163 16565 4540 3194 16551 4915 11636 623 140 606
is_linear=0
shrinkage=0.0286577


Tree=64
num_leaves=16
num_cat=0
split_feature=26 5 9 9 21 27 26 36 25 5 5 34 21 14 15
split_gain=4.34817 3.10177 3.73794 3.88898 3.02695 2.38728 2.4003 2.86647 2.34436 2.2502 2.79647 2.06844 2.04015 1.94489 1.8898
threshold=0.41010472721918412 0.28669601134640127 0.36986539361066473 0.40057814443172485 0.12073636718283216 0.074624480206278723 0.67777602590471175 1.0000000180025095e-35 0.18063817869128296 -0.20057629005035929 -0.11683905196564205 -0.012963863455996203 0.016049613814811469 1.3705858964252502 2.2850450480379361
decision_type=10 10 10 10 10 10 10 2 8 8 8 10 10 8 10
left_child=9 8 5 -4 -5 -3 7 -7 13 -1 11 -11 -12 -2 -10
right_child=1 2 3 4 -6 6 -8 -9 14 10 12 -13 -14 -15 -16
leaf_value=-0.00061931667253409001 -0.00035403704975267873 -0.0003598593099483668 0.0027045806478177455 0.00042254720094760405 0.0052368761062102035 4.2405676807096069e-05 -9.1859769164348129e-05 0.0012873163402836632 -4.1304604742569521e-05 2.8441239748251641e-05 -0.00039762766690583948 0.0036224851678465222 -8.151616404590995e-05 0.00089238255360708644 0.00045168179265352339
leaf_weight=67.038425914943218 10.478528389707209 58.80522675672546 34.391965728253126 82.61009768024087 17.30499666929245 110.74569626199082 115.85556200426072 98.430663773324341 1421.1775893864688 14.747496142052116 472.22888138331473 9.2739268243312818 1380.4189646346495 19.471164083108306 109.14747440582141
leaf_count=352 96 382 162 474 86 744 878 636 9575 116 4570 20 7011 182 986
internal_value=-0.000616367 0.000290789 0.00221397 0.00633458 0.00332796 0.000743305 0.00172737 0.00357318 -0.000341724 -0.00159144 -0.00139995 0.00820542 -0.00153087 0.00754759 -0.000503736
internal_weight=4022.13 2078.42 518.144 134.307 99.9151 383.837 325.032 209.176 1560.27 1943.71 1876.67 24.0214 1852.65 29.9497 1530.33
internal_count=26270 14201 3362 722 560 2640 2258 1380 10839 12069 11717 136 11581 278 10561
is_linear=0
shrinkage=0.0286577


Tree=65
num_leaves=16
num_cat=0
split_feature=21 5 21 31 5 28 31 21 28 7 16 28 10 35 35
split_gain=3.5277 2.95388 3.21211 3.90483 3.38292 2.97691 3.17481 2.7359 2.89379 2.70483 2.96008 4.3102 5.03405 3.24581 3.68826
threshold=0.015193762801171325 0.16960246734353371 0.019243981626304477 0.52000000000000146 0.15745703555475582 0.029700000000000022 2.6399999999999992 0.03418578225028357 -0.030699999999999974 0.27499952561912661 1.1724304320722641 0.04954999999999999 0.60344426333034962 5.494253619463163 6.0161693546715869
decision_type=10 10 10 10 10 8 8 10 10 10 10 10 8 2 2
left_child=-1 2 4 7 5 -2 -7 8 -4 -3 13 -12 -13 -11 -15
right_child=1 9 3 -5 -6 6 -8 -9 -10 10 11 12 -14 14 -16
leaf_value=-0.00027035289187598069 -8.2240432673283905e-05 -3.6044637764955866e-05 -0.0004511152295977658 -0.00028166269094202475 0.00094184789499101164 0.0016477203929617862 -0.00057599894161386206 0.00068534557379967647 6.5595900429112793e-05 0.0004062158860395459 -0.00042710731395833137 0.0024139311301966519 -0.00023281251364285833 0.00041065717143749407 -0.00085702797191340848
leaf_weight=619.322709830245 143.06708311941475 1070.0620788540691 65.542337585240602 773.54603707417846 12.303629575297235 20.61348101310432 17.725129674188793 186.86088228784502 90.623283158987761 715.85202627349645 177.8636072082445 44.5900385286659 30.939690763130784 43.512622480280697 9.7020226120948774
leaf_count=6956 698 7450 261 4038 64 60 72 1224 562 3577 850 164 100 144 50
internal_value=-0.000647239 -0.000281809 -0.00135039 -0.00194595 0.00202943 0.00097486 0.00806713 0.000574385 -0.00218713 0.000382625 0.00143945 -0.00122036 0.00444721 0.00232885 0.00918836
internal_weight=4022.13 3402.8 1310.28 1116.57 193.709 181.406 38.3386 343.027 156.166 2092.52 1022.46 253.393 75.5297 769.067 53.2146
internal_count=26270 19314 6979 6085 894 830 132 2047 823 12335 4885 1114 264 3771 194
is_linear=0
shrinkage=0.0286577


Tree=66
num_leaves=16
num_cat=0
split_feature=22 26 33 21 9 18 23 18 23 19 27 18 36 21 5
split_gain=4.99263 3.46603 3.10539 3.37739 2.87283 2.86276 3.77235 3.06211 2.6063 2.46729 2.0586 2.03848 1.9878 1.78442 2.91347
threshold=0.023671853541380738 0.19275336444706079 0.026945233264211502 0.13703098224904411 0.34119029518440447 -0.060669613350958489 0.063282022495056003 -0.053998281759780546 0.063973498680402904 0.02934646566757566 0.053314442354618734 0.084015358702200685 1.0000000180025095e-35 0.0096153649809636536 0.13614542583261963
decision_type=8 10 10 10 8 8 10 8 10 10 10 10 2 10 8
left_child=9 4 5 -4 -2 -3 7 -7 -8 11 -5 -1 -11 -6 -15
right_child=1 2 3 10 13 6 8 -9 -10 12 -12 -13 -14 14 -16
leaf_value=-0.00050567669157001939 -0.00045269371563997523 -0.00020720641509430781 6.2546069083189467e-05 -4.7881238186587618e-05 0.0016527650807438704 0.00066570517444399673 0.0022993219628897237 -0.00020447745476696733 0.00016177022196603875 -0.0001900362297200521 0.0022615161943048369 5.2673161143715215e-05 0.001359971527957482 -0.00035782160761521175 0.0011644091666019448
leaf_weight=309.88819959945977 358.47266600467265 128.13757164869457 1611.1317088538781 6.2965373024344435 6.8328302826266727 17.699029444716871 10.003998328000305 903.74156638188288 443.54651970462874 7.4359166324138615 38.629398081451654 5.8564230389893046 8.1782296299934387 73.908221469260752 92.367843635380268
leaf_count=3220 2181 624 10461 34 422 128 58 5486 2452 40 240 42 32 342 508
internal_value=-0.000643639 -0.000338045 1.91388e-05 0.000878158 -0.0024786 -0.000920645 -0.000530347 -0.00158877 0.00159775 -0.00401483 0.00862644 -0.00458486 0.00678339 0.000502025 -3.75619e-05
internal_weight=4022.13 3690.77 3159.19 1656.06 531.582 1503.13 1374.99 921.441 453.551 331.359 44.9259 315.745 15.6141 173.109 166.276
internal_count=26270 22936 19483 10735 3453 8748 8124 5614 2510 3334 274 3262 72 1272 850
is_linear=0
shrinkage=0.0286577


Tree=67
num_leaves=16
num_cat=0
split_feature=26 33 26 9 9 30 12 9 25 4 34 10 26 12 12
split_gain=4.15085 3.09768 3.12361 2.62658 2.91392 2.51886 3.79013 2.64666 2.5008 2.03266 2.08584 3.11063 2.58449 2.03473 3.23345
threshold=0.44618991484039977 -0.0058383466249752871 0.46735901244321326 0.23952916366096763 0.24639192818845476 17.180000000000003 0.10396271057240004 0.25552113732602105 0.1751823679213533 1.0000000180025095e-35 -0.013719353809777067 0.56353152724315592 0.084925103626750126 0.089990766968069014 0.077664016948869902
decision_type=10 8 10 8 8 8 10 10 8 8 10 10 8 10 10
left_child=9 -2 5 -4 -5 6 7 -3 -6 10 11 -1 -12 14 -14
right_child=1 2 3 4 8 -7 -8 -9 -10 -11 12 -13 13 -15 -16
leaf_value=-2.7533777994789948e-05 -0.00016904708127788795 0.0001111095228592639 -0.00011999573008293556 0.0015938428123458723 0.00088051476851450702 5.1581137072186595e-06 -0.00068837608510117522 0.0023877920173621479 0.00010030012451977542 -0.00031337649456086029 0.00047781018764965814 0.0006506222847571829 -0.00019640091086056382 -0.00038235070924830071 0.00046121150171680075
leaf_weight=940.06337166763842 344.42424345482141 11.650680063292382 322.60343466466293 28.355956404469907 17.240547402761877 55.474281840957701 9.4064682465977949 31.467297448776662 1071.6445860678796 513.23757057497278 12.732432872056959 28.056123987771571 460.48792797513306 142.53655318729579 32.745184179395437
leaf_count=7920 2884 206 3726 246 100 220 30 138 5483 3425 24 194 1136 466 72
internal_value=-0.000646147 0.000326227 0.000877776 0.000517135 0.00118017 0.00558259 0.010092 0.0137448 0.000932792 -0.00151467 -0.00100642 -0.000152741 -0.00226499 -0.00253502 -0.00163335
internal_weight=4022.13 1892.27 1547.84 1439.84 1117.24 107.999 52.5244 43.118 1088.89 2129.86 1616.62 968.119 648.502 635.77 493.233
internal_count=26270 13033 10149 9555 5829 594 374 344 5583 13237 9812 8114 1698 1674 1208
is_linear=0
shrinkage=0.0286577


Tree=68
num_leaves=16
num_cat=0
split_feature=22 20 17 8 20 24 18 8 10 15 18 30 35 35 27
split_gain=4.05319 3.19866 2.58949 2.33586 2.4051 2.64877 2.54656 2.30386 2.2649 2.06298 2.03036 1.82905 1.99205 1.78989 1.62862
threshold=0.023671853541380738 0.02703160465836885 0.53641936950695268 0.24557874761501647 0.010065735721654369 10.500000000000002 -0.015823907204160544 0.24225459660320817 0.1973565844184004 0.85531406402631116 0.084015358702200685 23.470000000000002 3.1576383119446927 6.9128743717114673 0.42410365526500343
decision_type=8 10 8 8 8 2 10 10 10 8 10 10 2 2 10
left_child=1 10 -2 4 6 13 -4 -3 -7 -5 -1 12 -11 -6 -9
right_child=2 7 3 9 5 8 -8 14 -10 11 -12 -13 -14 -15 -16
leaf_value=-0.00048222241567644436 -0.00053254895205276419 -0.00037801838012012151 -0.00039703001337032409 -0.00027434158130681653 -7.0050698148253098e-05 -1.6868362671793847e-05 0.0010129449114013593 0.0016239727312020683 -0.00029819147315193528 0.00035687550211337002 5.6792061901010096e-05 -0.00019350747149678209 1.893880207314399e-05 2.0512484176629751e-05 0.0010342613550633284
leaf_weight=301.37384276278317 79.62972823344171 8.9438439887017029 7.4350934773683575 171.10035579046234 479.37004499416798 235.03813630342484 13.624392246827481 9.6761376261711103 358.68206825107336 473.00253420509398 5.8264319896697989 223.244962900877 1641.440804752754 8.1997699821367842 5.538512533530592
leaf_count=3156 393 76 36 996 7873 469 76 20 636 2775 38 1020 8608 54 44
internal_value=-0.000654232 -0.00369269 -0.000378529 -0.000262736 -0.00136339 -0.00155862 0.00810183 0.00613452 -0.00284358 0.000216997 -0.00450189 0.000443102 0.000707111 0 0.0130271
internal_weight=4022.13 331.359 3690.77 3611.14 1102.35 1081.29 21.0595 24.1585 593.72 2508.79 307.2 2337.69 2114.44 487.57 15.2147
internal_count=26270 3334 22936 22543 9144 9032 112 140 1105 13399 3194 12403 11383 7927 64
is_linear=0
shrinkage=0.0286577


Tree=69
num_leaves=16
num_cat=0
split_feature=8 5 23 28 4 20 9 19 18 5 20 28 20 18 18
split_gain=3.99591 2.27578 1.96413 3.45528 3.09437 3.03496 2.83427 2.93758 2.41692 4.39939 4.82036 2.89393 4.65487 2.96918 3.68408
threshold=0.23374946178425376 0.083792190394521113 0.079679689449419847 0.0031999999999999949 1.0000000180025095e-35 0.087499740872459694 0.25314196863967137 0.043796438946190695 0.059894495786930853 0.30394944294367643 0.019336353550577615 0.031900000000000019 0.044687407810587228 0.043067121193416054 0.035835838592720444
decision_type=8 10 8 8 8 10 8 8 10 10 10 8 10 8 10
left_child=1 -1 8 4 5 -4 -5 -8 11 10 -10 13 -13 14 -2
right_child=2 -3 3 6 -6 -7 7 -9 9 -11 -12 12 -14 -15 -16
leaf_value=-0.00051457440548608217 -0.00011355425213697814 -0.00014828371575704345 0.0012439878254242927 0.0036565674386243971 -0.00079147522498402287 0.00080138429311137538 0.0011313590317710523 -8.982737362356124e-05 0.00013079656082334425 0.0021932893272612933 -0.00015016878083861683 -0.00022628216515352563 0.0004724668587086046 -0.00064006281902975867 0.00089004393724860845
leaf_weight=181.31109020346776 968.95064117806032 937.90902632754296 63.582763978745788 9.7591178030706924 34.125591680407524 202.00776950828731 5.7584848403930655 422.65070241759531 16.677263746969402 45.000186329707503 173.43524099141359 348.26607278967276 299.05678136507049 248.57902104454115 65.056905833538622
leaf_count=1929 5139 8437 830 200 314 1076 8 2619 102 216 879 1557 1437 1198 329
internal_value=-0.000694129 -0.00214924 -0.000129555 0.00114263 0.00351641 0.00457893 -0.000459366 -0.000832773 -0.000567815 0.00216167 0.000196748 -0.000905711 0.000645091 -0.00169614 -0.00100715
internal_weight=4022.13 1119.22 2902.91 737.884 299.716 265.591 438.168 428.409 2165.02 235.113 190.113 1929.91 647.323 1282.59 1034.01
internal_count=26270 10366 15904 5047 2220 1906 2827 2627 10857 1197 981 9660 2994 6666 5468
is_linear=0
shrinkage=0.0286577


Tree=70
num_leaves=16
num_cat=0
split_feature=26 23 33 26 23 30 16 28 18 28 27 7 33 23 27
split_gain=3.53417 2.82543 2.79645 2.32069 2.46491 2.8961 2.94675 2.20447 3.24452 3.65802 3.02836 5.87872 2.70922 2.40727 1.69951
threshold=0.44618991484039977 0.023696994538165986 -0.0058383466249752871 0.46477957081496768 0.041663332288415074 17.180000000000003 1.0953816926132962 0.038600000000000002 -0.0048056086195332184 0.010400000000000008 0.58331236369736639 0.5057629970944747 0.11107218967651501 0.043329720199440154 0.002128607810273356
decision_type=10 8 8 10 10 8 10 10 10 8 10 8 10 8 10
left_child=1 -1 -2 4 -4 6 -6 8 12 -10 11 -9 -5 -12 -3
right_child=2 14 3 7 5 -7 -8 10 9 -11 13 -13 -14 -15 -16
leaf_value=-0.00035201794221574123 -0.00015966427068045663 -0.00066610830612305204 -0.00074023706926509608 -0.0002512697325030171 0.0025969288101261832 1.626640149486852e-05 0.0012083380472408883 0.00039529728722490035 0.00030213924769414958 -0.00023896153144781877 0.0012720880972024351 0.0023106360745069202 0.0014304532527228426 -0.00031788202064330306 -3.7990115426807686e-05
leaf_weight=470.72644088929519 344.42424345482141 54.855043067131191 32.268564036581665 399.24007818079554 23.892340118996799 26.958823021501303 9.3876974331215006 286.85862094769254 368.76117767533287 217.33184118010104 20.295891345478594 57.274472899734974 46.041846368461847 59.531898931600153 1604.2776804878376
leaf_count=3324 2884 541 240 2734 120 100 60 1748 2604 1403 142 238 500 260 9372
internal_value=-0.000621967 -0.00142337 0.000274862 0.000799217 0.0052066 0.00863769 0.0142968 0.000511449 -0.000194877 0.00119526 0.00225238 0.00343146 -0.00204664 -0.00270147 -0.000859103
internal_weight=4022.13 2129.86 1892.27 1547.84 92.5074 60.2389 33.28 1455.34 1031.37 586.093 423.961 344.133 445.282 79.8278 1659.13
internal_count=26270 13237 13033 10149 520 280 180 9629 7241 4007 2388 1986 3234 402 9913
is_linear=0
shrinkage=0.0286577


Tree=71
num_leaves=16
num_cat=0
split_feature=22 20 26 9 33 20 21 9 20 28 20 33 20 21 4
split_gain=3.90996 3.12782 2.8846 3.63352 3.01006 3.84361 3.04485 2.49279 2.95817 2.24445 2.20004 1.79986 1.65016 1.63064 1.85063
threshold=0.023671853541380738 0.02703160465836885 0.19275336444706079 0.34119029518440447 0.026945233264211502 0.22151002963964506 0.13703098224904411 0.32325573145897674 0.029191457619002301 0.069900000000000059 0.027852685697088517 0.07786802078285017 0.011213401962602289 0.0096153649809636536 0.2695318233980199
decision_type=8 10 10 8 10 10 10 8 8 10 10 10 8 10 8
left_child=1 -1 3 -2 5 7 12 -4 -9 11 -3 -8 -6 -5 -15
right_child=2 10 4 13 6 -7 9 8 -10 -11 -12 -13 -14 14 -16
leaf_value=-0.00044443819355113483 -0.00044174498748177738 0.001594006202325965 -0.00015616928412346955 0.0016214120231721365 0.00083646678330306522 0.0069528404934318371 -2.2837077007995248e-05 0.00018404224280400892 -5.1067058888752555e-05 0.0022128834721944534 -1.9074351255746661e-05 0.0014932992340553693 5.3502699662977651e-05 0.00056697527185828995 -0.00090011355424872484
leaf_weight=307.20027475245297 358.47266600467265 11.154903728514912 652.47726807557046 6.8328302826266727 22.979741770774126 10.122268429957328 13.993103953078391 105.46257110778242 735.06657789461315 16.785181447863579 13.003590419888495 14.147649982944129 1588.151967083104 137.46606124192476 28.810003862716258
leaf_count=3194 2181 42 4313 422 144 76 86 436 3923 54 98 134 10317 704 146
internal_value=-0.000599742 -0.00358369 -0.000328938 -0.00228157 0 -0.000928659 0.000842462 -0.00105543 -1.16743e-05 0.00820058 0.00613452 0.00277465 0.000629967 0.00108211 0.000446748
internal_weight=4022.13 331.359 3690.77 531.582 3159.19 1503.13 1656.06 1493.01 840.529 44.9259 24.1585 28.1408 1611.13 173.109 166.276
internal_count=26270 3334 22936 3453 19483 8748 10735 8672 4359 274 140 220 10461 1272 850
is_linear=0
shrinkage=0.0286577


Tree=72
num_leaves=16
num_cat=0
split_feature=23 17 33 27 35 24 35 35 8 8 8 5 16 24 18
split_gain=3.49243 2.53771 2.52779 3.16281 5.81499 2.76422 2.73142 2.54507 2.42907 5.35259 3.54847 2.66217 2.59671 2.1857 2.01779
threshold=0.023696994538165986 0.53641936950695268 0.017838301694441675 0.14266354515909416 4.8281136972916325 11.500000000000002 4.7837764736826127 4.8499186579900124 0.36186082664874103 0.49665117146016063 0.36818631656901929 0.42819680620326622 1.2392217209407812 7.5000000000000009 0.084015358702200685
decision_type=10 8 10 8 2 2 2 2 10 10 10 10 10 2 10
left_child=14 -2 3 6 5 -5 -3 -8 12 10 -10 -11 -4 -6 -1
right_child=1 2 8 4 13 -7 7 -9 9 11 -12 -13 -14 -15 -16
leaf_value=-0.00023257866200566878 -0.00051447770146137439 -0.000486618130292787 1.6426130806761342e-05 -5.8996145124227694e-05 0.00055635309847004895 0.0004906602846717486 0.00080243929922670001 -0.00011889038957244784 0.0011721766461318694 -0.00037662328559012124 0.00040335871522229153 0.0020008013128585632 -0.00056307376596833182 -0.00034863758573768259 7.4240779114656086e-05
leaf_weight=608.73542809695937 74.756109869107604 184.23379271756858 1392.959937132895 365.86061347741634 18.524065002799034 313.28565868735313 5.5755192018114021 77.817288480233401 33.432775096967816 151.12772320397198 326.96593663841486 11.030012190341948 99.079925050027668 349.94119454920292 8.8006806434132141
leaf_count=6306 363 1194 9954 3591 570 454 32 382 138 421 1183 38 527 1031 86
internal_value=-0.000615193 -0.000252232 -0.000131752 -0.00111123 -0.000390024 0.0011718 -0.00389444 0.000296227 0.000502818 0.00218453 0.00413857 -0.00209678 -7.97403e-05 -0.00329468 -0.00259932
internal_weight=4022.13 3404.59 3329.83 1315.24 1047.61 679.146 267.627 83.3928 2014.6 522.556 360.399 162.158 1492.04 368.465 617.536
internal_count=26270 19878 19515 7254 5646 4045 1608 414 12261 1780 1321 459 10481 1601 6392
is_linear=0
shrinkage=0.0286577


Tree=73
num_leaves=16
num_cat=0
split_feature=26 5 23 20 18 5 18 18 12 18 18 24 18 23 10
split_gain=3.35256 2.45008 2.28819 2.20862 3.82209 2.79344 2.56057 3.32158 2.62519 2.33301 2.98892 2.28758 2.07555 2.18015 2.31812
threshold=0.35211086477714032 -0.019513388742305959 0.023977704483571786 0.078722904358114534 0.11022345869651219 0.046135404326649171 0.0029679584455646339 0.084015358702200685 0.06796663265140486 0.013422758170755335 -0.0094031599930697301 10.500000000000002 0.019346657609383148 0.0080900947714844535 0.31268778332817732
decision_type=10 8 8 10 10 8 8 10 10 10 10 2 10 10 10
left_child=2 -2 12 4 9 -5 8 -8 -7 10 -3 -6 -1 -14 -15
right_child=1 3 -4 5 11 6 7 -9 -10 -11 -12 -13 13 14 -16
leaf_value=-0.00041124209012872781 -0.00023099427615244162 -8.3778453184076511e-05 -8.5040670152011669e-05 0.0034752297802899267 0.00036002206112756394 0.00048475529038910552 0.00073109849437208972 -0.00033762195227474444 -0.0002413642541963849 -0.00011548326939830109 0.00013278051828550345 0.0042133220002187766 0.0012208138356234785 -0.00040751713068106935 7.211321222572936e-05
leaf_weight=279.10943994019181 76.773463764693588 661.46400326304138 1165.2680426754523 8.1600262001156789 15.370415564626455 178.96884331386536 334.16805873438716 61.117587549611926 184.78854337660596 567.36728343274444 348.76969571830705 13.553751349449158 10.598648456856607 90.057560136541724 26.591296561993659
leaf_count=1947 460 4969 7289 68 172 1274 1762 287 754 3705 2781 21 162 489 130
internal_value=-0.000709947 -4.31485e-05 -0.00174314 0.000115942 -0.000483557 0.00138404 0.00118784 0.00278793 -0.000524249 -0.000679368 0.000137353 0.00977635 -0.00360497 -0.000482871 -0.00169635
internal_weight=4022.13 2450.5 1571.62 2373.73 1606.53 767.203 759.043 395.286 363.757 1577.6 1010.23 28.9242 406.357 127.248 116.649
internal_count=26270 16253 10017 15793 11648 4145 4077 2049 2028 11455 7750 193 2728 781 619
is_linear=0
shrinkage=0.0286577


Tree=74
num_leaves=16
num_cat=0
split_feature=22 4 10 5 31 35 22 28 19 12 18 22 10 28 17
split_gain=3.01112 3.14678 2.95439 3.13468 2.37393 4.46465 4.12247 3.1757 2.79289 4.65069 2.46626 2.59919 2.49932 2.43196 2.28863
threshold=0.023671853541380738 0.33373995983330068 0.32464280013726143 0.062708346793977174 1.8400000000000001 2.7093817598119521 0.10224418561893654 -0.044299999999999971 0.14572643632566354 0.10899576457361441 0.10389740633013912 0.085720365533841228 0.48679907909344328 -0.019050000000000008 1.3935465197683079
decision_type=8 8 10 8 10 2 8 8 10 10 10 8 10 10 10
left_child=2 4 -1 -4 10 6 7 -6 -7 -10 11 -2 -12 -13 -8
right_child=1 -3 3 -5 5 8 14 -9 9 -11 12 13 -14 -15 -16
leaf_value=-0.00045873438332660128 -1.0613713129217738e-05 -0.00025077974103486077 7.0046616421977698e-05 -0.0004132512404098833 -0.0002888615523119257 -0.00013548229063130269 -0.0011850235673030141 0.00091719197126107128 -5.0388519396696008e-05 0.0019225114613370335 0.0014830105765940224 0.00098600004025973533 0.00033420914119529002 0.00028264966470028868 0.0033897656680886446
leaf_weight=286.75449336785823 1367.2923398413695 271.90028509544209 16.262442030012608 28.341833502985537 11.433285390958188 1326.9887954024598 40.192424668930471 76.80993648711592 50.481077468022704 17.589884890243411 13.826257623732088 128.32339691370726 18.579028656706214 362.7599555447232 4.5912231542170039
leaf_count=2902 8955 1862 116 316 64 6686 202 376 160 54 100 1044 124 3273 36
internal_value=-0.000686682 -0.000448509 -0.00330735 0.00341618 -0.000209317 -0.00105124 0.00393989 0.00755967 -0.00153488 0.0040725 0.000465891 0.000323127 0.00828825 0.00211357 -0.00297367
internal_weight=4022.13 3690.77 331.359 44.6043 3418.87 1528.09 133.027 88.2432 1395.06 68.071 1890.78 1858.38 32.4053 491.083 44.7836
internal_count=26270 22936 3334 432 21074 7578 678 440 6900 214 13496 13272 224 4317 238
is_linear=0
shrinkage=0.0286577


Tree=75
num_leaves=16
num_cat=0
split_feature=23 33 19 26 23 28 26 31 28 19 24 8 28 17 19
split_gain=2.97402 3.11458 3.96492 2.95501 3.19708 2.68685 2.54068 4.09208 2.55155 2.86495 2.70357 3.59832 3.3727 2.48885 2.14893
threshold=0.079679689449419847 0.021700855584480986 0.028667340453910031 0.34129747766121876 0.028930490694934922 -0.065900000000000028 0.32279558381266371 -0.48000000000000037 0.0035499999999999703 0.054885658283444778 10.500000000000002 0.49665117146016063 -0.019050000000000008 0.69556813197617673 0.20582539965316085
decision_type=10 10 10 10 10 10 10 10 8 10 2 8 10 10 10
left_child=1 -1 3 -3 -5 -4 7 -2 10 -10 -8 12 -12 -13 -7
right_child=6 2 5 4 -6 14 8 -9 9 -11 11 13 -14 -15 -16
leaf_value=-0.00015063143002630347 0.0015331715757765407 -0.00040140842751932763 -0.00028058345661422743 -0.00011207959268925646 0.00081599663367780135 6.6275430543330857e-05 7.6547700721843652e-05 -0.00039809766395800786 0.00077049637535629581 -2.7139019384618021e-05 0.00077188966010875986 0.00072381356214622217 0.00089351213927789841 -0.00045110402801350387 0.0020476180681728317
leaf_weight=1487.6965335689019 28.160047605633736 303.92998543288559 105.85368148889393 98.698767924681306 37.56184908375144 1197.1350769326091 117.14426956837997 88.84203861746937 6.165608972311019 395.77101609250531 29.900648534297943 23.605653524398804 54.326231598854065 42.00896829366684 5.3262827992439261
leaf_count=9274 466 1753 752 1052 246 8444 1214 556 12 2235 58 32 94 72 10
internal_value=-0.000673319 -0.00105875 -0.000232179 -0.0025881 0.000857505 0.000553193 0.000900953 -0.00296164 0.00159223 0.000123568 0.00376397 0.00631593 0.0102431 0.00110553 0.000945374
internal_weight=4022.13 3236.2 1748.51 440.191 136.261 1308.32 785.924 117.002 668.922 401.937 266.986 149.842 84.2269 65.6146 1202.46
internal_count=26270 21531 12257 3051 1298 9206 4739 1022 3717 2247 1470 256 152 104 8454
is_linear=0
shrinkage=0.0286577


Tree=76
num_leaves=16
num_cat=0
split_feature=9 11 36 35 21 33 9 27 5 7 32 20 35 9 27
split_gain=2.76807 3.21336 3.04879 4.16969 3.84006 2.68721 2.78129 2.66557 3.57971 3.71799 2.62662 2.50065 2.40704 2.35806 3.65875
threshold=0.34119029518440447 0.5895883552440222 1.0000000180025095e-35 5.5817275159102602 0.010957187743742278 0.017478169083073428 0.19767338295325576 0.23185951667023633 0.28358329210053029 0.48189598359838254 0.58509234828496048 0.15174412480619581 2.8145100673021726 0.19984150450024588 0.33285541618874959
decision_type=8 8 2 2 8 8 10 10 8 10 10 8 2 10 8
left_child=5 7 -3 4 -4 11 -7 -2 10 -10 -9 12 -1 14 -8
right_child=1 2 3 -5 -6 6 13 8 9 -11 -12 -13 -14 -15 -16
leaf_value=0.0002298891837321231 -1.326178556772646e-05 -0.00034964388650865209 0.0007865012425964567 0.00022859071213265179 -5.8441553231881962e-05 -0.00015168922545505094 0.0013140473627968286 0.000456135701449951 0.001363831791622108 0.0021375026947909551 2.1085858531295595e-06 0.0007497691098891019 -0.00024196196321243934 -5.2446780224708911e-06 -0.00010359297508924944
leaf_weight=40.086104746907949 357.00309533718973 388.7115041303914 13.343201594427226 30.038833695696667 233.73918092693202 447.37681828904897 18.364645330235362 79.268092556856573 80.598093027248979 26.373322430998087 235.91345106158406 7.8603618787601581 711.67750870995224 1340.5051564639434 11.267289858311416
leaf_count=346 1551 2220 38 152 1736 5493 104 636 544 88 1006 52 3529 8721 54
internal_value=-0.000637023 0.000361668 -0.00109113 0.00118001 -9.64741e-06 -0.00120083 -0.000595339 0.00161589 0.00315805 0.00770655 0.00157826 -0.00263583 -0.00281649 3.82187e-05 0.00800867
internal_weight=4022.13 1444.99 665.833 277.121 247.082 2577.14 1817.51 779.156 422.153 106.971 315.182 759.624 751.764 1370.14 29.6319
internal_count=26270 7971 4146 1926 1774 18299 14372 3825 2274 632 1642 3927 3875 8879 158
is_linear=0
shrinkage=0.0286577


Tree=77
num_leaves=16
num_cat=0
split_feature=26 7 11 7 5 11 30 38 22 26 25 27 4 27 38
split_gain=3.28602 2.19913 2.31227 2.06208 1.95854 5.92191 3.7417 2.54534 5.49976 2.31131 2.16533 3.84976 1.81685 2.51085 1.71942
threshold=0.35211086477714032 0.1679778551718992 0.14629714021577014 0.17481817165825 0.28669601134640127 0.30067295068513483 20.310000000000002 6.5000000000000009 0.059807446601015335 0.80976095786256252 0.21981980881859067 0.16159275811302068 0.18605258056529192 0.64050896028414617 4.5000000000000009
decision_type=10 8 8 10 10 10 10 2 10 10 8 10 10 8 2
left_child=1 -1 3 -3 10 -6 7 8 -7 -9 11 -2 -8 -14 -4
right_child=4 2 14 -5 5 6 12 9 -10 -11 -12 -13 13 -15 -16
leaf_value=-0.00032107596984505451 0.00079276238106683555 0.00096688304128868144 -0.00019286634338125169 -0.00019707160794596166 -7.4143615327377076e-05 -0.00016013810288207451 -0.00014276932199630861 0.0006292037977678952 0.0020762468726853514 0.004091121082519 -3.1358236229863342e-05 9.5059731927082947e-05 0.0025436504921160265 -7.8950612781713279e-05 -3.3930800682882845e-05
leaf_weight=177.74417029181495 15.112527947407214 8.29594125878066 738.52527016703971 7.8332927986048153 338.12459066417068 25.914139247499406 87.227486398071051 77.898257149383426 65.560455303639174 9.5735750086605531 1751.845489339903 60.588136680424213 8.8247855100780708 9.8322290182113665 639.22631325479597
leaf_count=1542 116 58 3192 184 2262 106 578 464 344 46 11773 482 34 48 5041
internal_value=-0.000674475 -0.00169726 -0.00130409 0.0093273 -1.4356e-05 0.00136881 0.00441882 0.0069436 0.010334 0.00326683 -0.000491396 0.00422805 5.23035e-05 0.0082011 -0.0014373
internal_weight=4022.13 1571.62 1393.88 16.1292 2450.5 622.956 284.831 178.946 91.4746 87.4718 1827.55 75.7007 105.885 18.657 1377.75
internal_count=26270 10017 8475 242 16253 3882 1620 960 450 510 12371 598 660 82 8233
is_linear=0
shrinkage=0.0286577


Tree=78
num_leaves=16
num_cat=0
split_feature=21 31 19 21 8 27 10 36 31 38 24 24 17 25 17
split_gain=2.93886 2.93772 3.04988 2.99619 3.43841 2.86066 3.27125 2.24011 3.30174 2.07025 4.51914 2.03208 1.99358 2.47284 1.97433
threshold=0.015579671022460476 1.8400000000000001 0.013464141555312671 0.13703098224904411 0.49076944459072885 0.20525893309662122 0.30230577015051613 1.0000000180025095e-35 2.3999999999999999 1.5000000000000002 11.500000000000002 10.500000000000002 0.81749307356669232 0.54027018712753294 1.9597713571436712
decision_type=10 10 10 10 8 8 8 2 8 2 2 2 10 8 10
left_child=7 2 -2 5 11 6 -4 -1 -9 10 -10 -5 -11 -14 -7
right_child=1 -3 3 4 -6 14 -8 8 9 12 -12 -13 13 -15 -16
leaf_value=-0.000336291847564647 0.00093917443735641994 -7.165179446679809e-05 4.3271995875266774e-07 0.00104744908664781 -0.00038225623612342028 0.00017017006645154493 -0.000576167001753623 -0.00028716919456871237 -0.00073787335112460845 -0.00042063247872511857 0.00076948905642676381 0.002016746499006072 0.00023283898142015787 -0.00046145128576173425 -0.00087241034777863033
leaf_weight=325.73661791416816 7.6233949996531001 1521.9383393153548 527.06374878250062 17.732487641274929 14.08022711239755 984.61947727575898 242.08058154489845 208.27609243476763 15.134690874256194 35.960877993609756 15.039626598358154 15.247053146362303 43.117018417920917 19.557184881996363 28.919241105206311
leaf_count=3721 84 7732 3332 216 88 6207 1255 1341 182 924 24 30 352 594 188
internal_value=-0.000584692 -0.00023723 0.00053032 0.000448201 0.00757527 0.000253525 -0.00105709 -0.00232999 -0.000656011 0.00290897 0.00947906 0.0126823 0.000781039 0.00394737 0.00125795
internal_weight=4022.13 3359.3 1837.37 1829.74 47.0598 1782.68 769.144 662.822 337.085 128.809 30.1743 32.9795 98.6351 62.6742 1013.54
internal_count=26270 19132 11400 11316 334 10982 4587 7138 3417 2076 206 246 1870 946 6395
is_linear=0
shrinkage=0.0286577


Tree=79
num_leaves=16
num_cat=0
split_feature=19 5 21 11 5 16 5 23 11 8 21 22 23 16 19
split_gain=2.69359 2.22801 4.61658 3.96319 3.90755 3.33648 3.22308 4.15633 3.68419 2.67987 2.58866 2.07715 1.9803 2.38218 2.00095
threshold=0.040299236963283934 0.16960246734353371 0.010957187743742278 0.30876765623752273 0.18215543710547027 0.87661356054171968 0.28358329210053029 0.1491550303840869 0.5895883552440222 0.72744079564349973 0.081471994555912461 0.050959550909085376 0.049887571020932144 0.89225334763039788 0.03945111514353327
decision_type=10 10 8 10 10 10 10 10 10 10 10 10 10 8 10
left_child=12 2 -2 4 5 10 9 8 -8 11 -3 -5 -1 -14 -15
right_child=1 3 -4 6 -6 -7 7 -9 -10 -11 -12 -13 13 14 -16
leaf_value=-0.00016885358942488201 0.00074743730188743377 0.00067323003834328485 -0.00014106755828650642 0.00018225874996776964 -7.7867506117467426e-05 -0.00014022916869067511 0.0015866986364105188 -0.00015758536531307511 -0.00015988930317191582 0.0014473119511584057 -0.0014148231710545032 -2.0405374387958066e-05 -0.00069605822979883821 0.00040933901487648833 -0.00086017062635026771
leaf_weight=1344.6964011618402 8.7279807133600098 33.771123358048499 912.797284017317 54.430469886865467 792.10779238212854 34.801578943151981 244.17826378997415 27.866347825154662 41.126129890792072 22.194858370348811 5.7760148216038933 458.44356511626393 14.372837219387291 21.722749829292301 5.113262712955474
leaf_count=10415 82 190 5327 322 5374 185 1402 124 246 100 12 2285 76 118 12
internal_value=-0.000611047 -6.93454e-05 -0.00120895 0.000537387 -0.000817649 0.00542645 0.0019331 0.00424595 0.00529714 0.000559579 0.0111155 0.000115889 -0.00163409 0.00446845 0.00960356
internal_weight=4022.13 2636.22 921.525 1714.7 866.457 74.3487 848.24 313.171 285.304 535.069 39.5471 512.874 1385.91 41.2088 26.836
internal_count=26270 15649 5409 10240 5761 387 4479 1772 1648 2707 202 2607 10621 206 130
is_linear=0
shrinkage=0.0286577


Tree=80
num_leaves=16
num_cat=0
split_feature=9 11 23 28 23 22 4 19 23 11 21 32 28 32 4
split_gain=2.50758 2.73477 3.45746 2.55672 5.1311 4.74877 3.01891 2.61465 4.1079 3.5544 2.44667 2.3058 2.62363 2.65464 2.22482
threshold=0.34119029518440447 0.45868364581714199 0.063973498680402904 0.047699999999999999 0.080260008928837875 0.10698632186491468 0.086440090447599857 0.063508326957001038 0.036464733549730739 0.5895883552440222 0.062325960142432843 0.53298153034300799 0.043800000000000013 0.47889182058047502 0.10271550673030752
decision_type=8 8 10 8 10 10 8 8 10 8 8 10 8 10 8
left_child=-1 2 11 4 -3 14 7 8 -5 -9 -7 12 13 -2 -6
right_child=1 3 -4 6 5 10 -8 9 -10 -11 -12 -13 -14 -15 -16
leaf_value=-6.3019580408686323e-05 0.0002634692757974579 -0.00040167807292806174 1.2027188006323493e-05 4.2826658458437068e-06 0.00091540436565065676 0.0010352018195972173 -0.00064611020294048644 0.0030448788179329917 0.0013199925815532106 -0.00022161656226436509 -0.00041455527004727652 0.00068913447033549277 -0.000547443801728352 0.0020993413870610124 -0.0001688185478986339
leaf_weight=2577.1378852771595 17.898112471215427 452.24896446126513 272.73514178302139 62.432381771504879 69.734397618100047 27.405836159363389 64.006983344908804 41.472008896991611 53.198613629676402 79.936204134020954 110.53389800712466 156.54163807071745 8.0419000163674337 20.872469067573547 7.9302253294736138
leaf_count=18299 350 3112 1355 208 280 104 328 164 224 478 472 746 92 36 22
internal_value=-0.000615138 0.000335105 0.00211732 -0.000530646 -0.00152663 0.00208179 0.00164533 0.00315937 0.00624143 0.000135895 -0.00104756 0.00494331 0.0106033 0.0137341 0.00775434
internal_weight=4022.13 1444.99 476.089 968.9 667.853 215.604 301.046 237.039 115.631 121.408 137.94 203.354 46.8125 38.7706 77.6646
internal_count=26270 7971 2579 5392 3990 878 1402 1074 432 642 576 1224 478 386 302
is_linear=0
shrinkage=0.0286577


Tree=81
num_leaves=16
num_cat=0
split_feature=26 33 6 2 27 27 17 27 25 7 7 27 9 27 17
split_gain=2.90426 2.60583 2.93833 2.2265 2.21477 2.16018 2.11429 2.10252 1.99163 2.28681 1.83191 1.75589 1.75288 1.51604 1.5007
threshold=0.41010472721918412 0.026945233264211502 1.739614042612055 0.24300309890436914 0.47115745559404171 0.002128607810273356 0.68570862776296748 0.97022160822888026 0.17093161046704769 0.28180746601485801 0.40707609040074694 0.074624480206278723 0.13651359942566546 1.0356913398474104 1.4878300954611379
decision_type=10 8 10 2 8 10 10 8 8 8 10 10 8 10 10
left_child=4 3 7 11 5 -1 -5 8 9 -3 -10 -2 -7 -13 -8
right_child=1 2 -4 6 -6 12 14 -9 10 -11 -12 13 -14 -15 -16
leaf_value=-0.00037683647048948442 -0.00042258170501550913 -4.1171763466023572e-05 0.00085608459197774906 0.001005535359452312 -0.00030633998759972431 -0.00046858916291436174 -3.0038146208685576e-05 -0.00069038875005749583 5.9890301969645839e-05 0.0012069675613525343 0.0012143453743106753 -3.5889908246450245e-05 -2.8530885620785745e-05 2.1638882570712085e-05 0.0032863028992511653
leaf_weight=57.931495438329875 87.339824276976287 7.5188141940161612 16.661850492469966 17.011217253282666 268.34291377826594 44.418741011060774 67.335314498282969 31.641661622095853 907.33836796390824 10.136028668843208 146.04846564820036 770.92815080285072 1573.0145446716342 7.8929305076599112 8.5663392106071097
leaf_count=640 302 120 98 58 1805 1036 243 203 7930 46 656 4463 8588 20 62
internal_value=-0.000628811 0.000111462 0.00105493 -0.000979276 -0.00142543 -0.00102984 0.00319844 0.000863356 0.00108692 0.0106236 0.000915362 -0.00143964 -0.000827536 -0.000990957 0.000993868
internal_weight=4022.13 2078.42 1119.35 959.074 1943.71 1675.36 92.9129 1102.68 1071.04 17.6548 1053.39 866.161 1617.43 778.821 75.9017
internal_count=26270 14201 9053 5148 12069 10264 363 8955 8752 166 8586 4785 9624 4483 305
is_linear=0
shrinkage=0.0286577


Tree=82
num_leaves=16
num_cat=0
split_feature=27 35 33 19 12 28 28 35 5 21 30 7 8 8 8
split_gain=2.86363 2.21386 2.41999 3.80677 2.84016 2.86279 6.03523 2.31729 2.80948 2.4877 2.13977 2.89101 1.94387 1.92973 6.11638
threshold=0.017284763570693033 3.1688448028434846 0.026945233264211502 0.026117859564308055 0.012479741460248927 -0.014450000000000017 -0.018250000000000013 4.4848650305506625 0.32454792191766435 0.14322291723874969 17.150000000000002 0.26902876645581286 0.72744079564349973 0.35968112603969088 0.37061320904469908
decision_type=10 2 8 8 10 8 10 2 10 10 10 10 8 8 8
left_child=10 13 4 -4 -3 6 -6 9 -9 -5 11 -1 -7 -2 -15
right_child=1 2 3 7 5 12 -8 8 -10 -11 -12 -13 -14 14 -16
leaf_value=-0.00026129428983146658 -2.7736291373200663e-05 0.00027387849209220311 -0.00032934532481085138 -6.8059144634864707e-05 -4.6498164147635799e-05 -0.00016760615738800177 0.0015521915120470977 6.3650074084125989e-05 0.00056892857347041819 0.0017914208071208293 -0.0005296003554875248 0.0010401637406910959 0.0066190983207149497 0.0011985172634174513 7.3493853621803948e-05
leaf_weight=54.041922237025574 281.35564056131989 6.2893580496311179 345.79078170284629 762.16222410765477 318.7694461485371 857.13844621647149 33.920449082739651 717.01203914918005 92.556948304176331 19.309466663748026 124.84198316466063 20.706810740754008 7.718768833205103 29.560658129863441 350.95171694667079
leaf_count=966 2562 20 2598 5727 1879 3687 169 5258 614 110 409 199 44 116 1912
internal_value=-0.000614202 -0.000436422 -0.00075387 -0.00011796 -0.00175191 -0.00185996 0.000290575 0.000469068 0.001547 -0.000635009 -0.0039648 0 -0.0027483 0.00106421 0.00240028
internal_weight=4022.13 3822.54 3160.67 1936.83 1223.84 1217.55 352.69 1591.04 809.569 781.472 199.591 74.7487 864.857 661.868 380.512
internal_count=26270 24696 20106 14307 5799 5779 2048 11709 5872 5837 1574 1165 3731 4590 2028
is_linear=0
shrinkage=0.0286577


Tree=83
num_leaves=16
num_cat=0
split_feature=26 33 26 25 7 12 35 18 12 7 8 35 26 21 17
split_gain=2.98593 2.24674 2.68027 2.5366 2.32861 2.13759 2.12093 4.24427 3.77083 1.96898 2.71277 1.92542 2.54131 2.74756 2.32169
threshold=0.41010472721918412 0.026945233264211502 0.4172855262503809 0.17093161046704769 0.27976986694459322 0.074855573851770038 3.1688448028434846 0.063787432265424396 0.077664016948869902 0.32295871334428655 0.32520195969544302 4.8852610113191171 0.4750403884428327 0.081471994555912461 1.3201749497322568
decision_type=10 8 10 8 8 10 2 10 10 10 10 2 10 8 10
left_child=-1 2 -2 4 -3 9 7 -7 -8 10 -4 -5 14 -14 -13
right_child=1 3 5 11 -6 6 8 -9 -10 -11 -12 12 13 -15 -16
leaf_value=-0.00011302145243819963 0.0002608222293550365 -3.05536113102931e-05 -6.216201892458677e-05 4.5803739311059119e-06 0.0011818169630732761 0.0015675291152209888 0.0034988210401820799 -0.00041058605070006156 -0.00017019198122741048 -8.9121156253112733e-05 0.002815758338048696 0.0010613903967494794 0.0004314244378860445 -0.00037344703433400168 -0.00058171575993611047
leaf_weight=1943.7076948992908 13.04302594065666 7.7377011924982098 260.55518445093185 770.59473007940687 11.56241259165108 78.311864831484854 9.6988794412463886 26.932846242561936 377.37573815882206 184.6077114790678 8.5485260048881155 46.961857079062611 230.29681487474591 39.693211333826184 12.498461438342927
leaf_count=12069 52 118 2079 6077 58 346 34 104 1770 697 66 282 2120 338 60
internal_value=-0.000615627 0.000135109 -0.000877138 0.00101131 0.0112896 -0.00106597 0.000223337 0.00384136 -0.000736386 -0.00248633 -0.000875696 0.000819618 0.00265277 0.00142341 0.00804122
internal_weight=4022.13 2078.42 959.074 1119.35 19.3001 946.031 492.319 105.245 387.075 453.711 269.104 1100.05 329.45 269.99 59.4603
internal_count=26270 14201 5148 9053 176 5096 2254 450 1804 2842 2145 8877 2800 2458 342
is_linear=0
shrinkage=0.0286577


Tree=84
num_leaves=16
num_cat=0
split_feature=26 18 31 34 18 20 7 5 20 34 2 5 5 16 16
split_gain=2.65809 2.04704 2.32111 1.71949 3.02767 2.52348 2.29681 3.86099 2.465 2.56173 1.94113 2.01999 1.72821 2.82607 1.72292
threshold=0.24735425737784233 -0.010970690479023935 1.9900000000000013 -0.012330511834220013 -0.060669613350958489 0.22151002963964506 0.27499952561912661 0.17156251249867918 0.031938529763972053 -0.035703620676561736 0.090500516458092137 0.33316327873289903 0.1135597153121591 0.93219610677087639 1.1122322028668215
decision_type=10 10 10 8 8 10 10 8 8 10 2 10 10 10 10
left_child=1 -1 -3 6 -5 10 -2 12 9 -9 -6 -12 13 -8 -10
right_child=3 2 -4 4 5 -7 7 8 14 -11 11 -13 -14 -15 -16
leaf_value=-9.2494036967923079e-05 -2.1457592784223253e-05 -7.6830850684628325e-05 -0.00062983830105189595 -0.00014339418281082643 -0.00022730627995922251 0.001776465892684431 -0.00028737751312365051 0.00023408727348007722 0.00042176304885930253 0.0013130922460524656 -1.3426430151444166e-05 0.00040399952288063472 -0.00027050085296405867 0.00081643656920599237 0.0011542911753917705
leaf_weight=383.90930335596204 986.84969499101862 291.31084014009684 199.39193521812558 120.05220775166526 241.38474789261818 12.381903854198752 44.795657199807465 22.569388439878821 324.76290065888315 19.79013922251761 872.44010318140499 183.06161953974515 160.24094237294048 80.275997587479651 78.90927863214165
leaf_count=2670 8583 2559 906 444 1452 60 284 211 2013 100 4276 796 842 456 618
internal_value=-0.000612965 -0.00201173 -0.00324071 -0.000221003 -0.000957327 -0.000548995 0.000385779 0.00160594 0.00327582 0.00991756 -0.000680206 -0.000139857 -0.000970272 0.00150037 0.00254898
internal_weight=4022.13 874.612 490.703 3147.51 1429.32 1309.27 1718.19 731.344 446.032 42.3595 1296.89 1055.5 285.313 125.072 403.672
internal_count=26270 6135 3465 20135 7028 6584 13107 4524 2942 311 6524 5072 1582 740 2631
is_linear=0
shrinkage=0.0286577


Tree=85
num_leaves=16
num_cat=0
split_feature=4 33 8 0 17 34 9 9 33 4 0 27 8 8 30
split_gain=2.64347 2.57288 3.98942 3.28626 2.40049 2.78 2.34663 3.04641 3.12603 2.13834 1.63513 1.61766 1.36353 1.63639 1.56729
threshold=0.037631386950465383 0.017838301694441675 0.75813581785282258 0.238125 1.4033034374824884 0.036659344670258338 0.63434780879542152 0.52865148286302588 0.034743825911051636 0.032684463048476699 0.89612500000000017 0.099380438662886164 0.37061320904469908 0.38702931775889471 16.060000000000002
decision_type=8 8 10 2 10 10 10 10 10 10 2 8 10 10 10
left_child=1 2 11 -3 12 -6 7 9 -9 -5 -4 -1 -2 -14 -15
right_child=4 3 10 6 5 -7 -8 8 -10 -11 -12 -13 13 14 -16
leaf_value=-0.00040350211489499036 -0.00031018820169455324 -0.00038794565090845772 0.001116420552865417 2.6656988874600962e-05 4.8691001771394553e-05 0.0044684076877651883 -0.0010687326684264804 0.0017012938513925485 0.00099757933700503039 0.001548396402894859 0.0016394299327907376 -5.0654630982995067e-05 0.0016283647502288144 0.0010446535928523837 -0.00015635748066721174
leaf_weight=130.04458035994321 434.19485937943682 125.78894027741626 14.041525572538378 2063.1174859118182 74.961125780828297 6.8599048554897299 43.887121001258492 12.28838801383972 34.525641687214375 8.6546583981253189 16.34034089744091 931.80902013927698 12.384757813066242 7.4434268791228524 105.78488307166845
leaf_count=486 3265 1378 98 14870 488 16 132 18 177 36 64 4656 42 70 474
internal_value=-0.000620117 -0.00029659 -0.00144211 0.000245931 -0.00230843 0.00220233 0.000512145 0.000652538 0.00787779 0.000483617 0.00870455 -0.00174362 -0.00298613 -0.00026945 -0.00143408
internal_weight=4022.13 3380.5 1092.24 2288.26 641.629 81.821 2162.47 2118.59 46.814 2071.77 30.3819 1061.85 559.808 125.613 113.228
internal_count=26270 21915 5304 16611 4355 504 15233 15101 195 14906 162 5142 3851 586 544
is_linear=0
shrinkage=0.0286577


Tree=86
num_leaves=16
num_cat=0
split_feature=21 31 23 8 23 10 11 11 10 31 35 16 28 38 9
split_gain=2.39503 2.08339 2.38098 3.26423 2.62563 2.2894 2.30795 2.24308 2.22064 1.96386 5.22811 5.73931 2.29022 3.53472 3.20264
threshold=0.033288411929294839 1.8400000000000001 0.14227464422795288 0.59709934527322439 0.1491550303840869 0.19476633225136816 0.20540584507582635 0.18948667564035651 0.1966824267567856 3.7349999999999999 2.7093817598119521 1.1276132152196239 -0.044299999999999971 2.5000000000000004 0.31382071952743079
decision_type=10 8 10 10 10 10 10 10 10 8 2 10 10 2 8
left_child=-1 5 9 4 -4 -2 7 -7 -8 10 11 -3 13 -11 -14
right_child=1 2 3 -5 -6 6 8 -9 -10 12 -12 -13 14 -15 -16
leaf_value=-8.7411254929697571e-05 -0.00050298721791029418 -0.0002910735711728205 0.00063624517394303502 0.0063363961898607827 -0.00010030280099346736 -8.0246688851353187e-05 0.0038057145712739426 0.0013110415378677141 0.00017861692311277417 0.0010388023307069741 -0.00017851738329503446 0.00081161261173650365 0.00012479189562163953 -0.00040598802189430893 -0.00017683792515399031
leaf_weight=1859.6086694037076 140.32219909131527 26.009138622321188 11.696889471262692 9.7883934546262008 33.221592959947884 8.1911664390936512 8.1004231423139554 22.197990122251213 836.43363190256059 72.434374837204814 494.15369589813054 24.091545550152659 114.01627425476909 68.255289166234434 293.60538572259247
leaf_count=14635 1118 226 52 24 102 128 24 182 5031 194 2006 68 772 534 1174
internal_value=-0.000559144 8.5036e-05 -0.000746623 0.00504429 0.00149605 0.00103461 0.00158645 0.00936885 0.00129216 -0.00104669 -0.00226699 0.00646964 0.00014687 0.00331192 -0.000922378
internal_weight=4022.13 2162.52 1147.27 54.7069 44.9185 1015.25 874.923 30.3892 844.534 1092.57 544.254 50.1007 548.311 140.69 407.622
internal_count=26270 11635 5152 178 154 6483 5365 310 5055 4974 2300 294 2674 728 1946
is_linear=0
shrinkage=0.0286577


Tree=87
num_leaves=16
num_cat=0
split_feature=4 27 4 17 34 22 19 33 35 17 17 35 25 9 12
split_gain=2.80916 2.54416 3.29143 2.47575 2.78 2.13014 3.04245 2.61457 2.3557 2.04591 1.90726 1.61373 1.69504 1.1914 1.61411
threshold=0.037631386950465383 0.017284763570693033 0.032684463048476699 1.4033034374824884 0.036659344670258338 0.02130185966101868 0.02934646566757566 0.072019166745750721 2.5261284843935381 0.78363957608248513 0.5958497811343163 6.1471626698833335 0.18063817869128296 0.33295435422456771 0.039483082948622399
decision_type=8 10 8 10 10 8 8 8 2 8 8 2 10 10 10
left_child=1 11 5 13 -5 6 10 8 -7 -9 -3 12 -1 -2 -15
right_child=3 2 -4 4 -6 7 -8 9 -10 -11 -12 -13 -14 14 -16
leaf_value=0.0012936282116545099 -0.00030779092449431357 9.1003168312283377e-05 0.0014989042449061289 4.9800633560458136e-05 0.0043105839441919813 0.00069328571257337495 0.0012091092846198991 -0.00027975256452826683 -3.6401740357916784e-05 0.0002371114054801004 -0.00041693659438041844 0.0021951744629213946 -0.00027517639598042274 0.001584204631314774 -9.7861418449642223e-05
leaf_weight=6.5154813004191956 418.71359463362023 9.5422877259552461 7.2037162361666551 74.961125780828297 6.8599048554897299 104.1365488069132 5.8865938186645499 158.31972581287846 1788.4698628829792 963.37873171782121 172.70760600361973 4.4668933185748747 159.87025463487953 6.0673725409433237 135.02695996873081
leaf_count=208 3121 96 42 488 16 544 12 1306 8939 7918 1740 26 1084 90 640
internal_value=-0.000638594 -0.000305187 -0.000120469 -0.00237894 0.00220233 -0.00016775 -0.00312453 1.37174e-05 -0.000632676 0.00111314 -0.00383177 -0.0037123 -0.00421968 -0.00306694 -0.000700469
internal_weight=4022.13 3380.5 3209.65 641.629 81.821 3202.44 188.136 3014.3 1892.61 1121.7 182.25 170.853 166.386 559.808 141.094
internal_count=26270 21915 20597 4355 504 20555 1848 18707 9483 9224 1836 1318 1292 3851 730
is_linear=0
shrinkage=0.0286577


Tree=88
num_leaves=16
num_cat=0
split_feature=26 31 20 5 20 10 31 15 35 20 11 35 16 26 26
split_gain=2.68718 1.96383 2.58355 2.00564 1.86622 1.88039 2.17382 2.64307 1.84904 1.79028 1.74966 2.78247 5.88132 2.38027 1.63462
threshold=0.19275336444706079 1.8400000000000001 0.22151002963964506 0.18813345842380488 0.01980707332451315 0.48679907909344328 1.1049999999999989 1.7287832150706672 3.0803031486170993 0.018005373554607382 0.56715463227176832 2.4993845846405938 1.2055927357268454 0.92040002437096924 0.22822756273263975
decision_type=10 8 10 10 8 8 10 10 2 10 10 2 10 10 10
left_child=8 4 10 -4 5 6 -2 -8 9 -1 11 12 -3 -13 -6
right_child=1 2 3 -5 14 -7 7 -9 -10 -11 -12 13 -14 -15 -16
leaf_value=0.00032136728516539908 -0.00043694311402396309 3.174983244613003e-05 -0.0018897894162920471 0.0061558531008600089 0.00031629478099517115 0.0011310563559094175 -0.00021213850121931335 0.00095481629247655278 -0.00030977834126919755 -1.0607020449245792e-05 -0.00015519614144211569 -7.9929121572080351e-05 0.0013738342227224336 0.00060109511987705875 3.9506090833071158e-05
leaf_weight=16.642869256669655 116.44572811713442 52.283562689088285 3.5414594123139969 9.0738396961241943 51.908009304665029 5.2302966155111781 27.836920807138085 12.979118550196288 522.74080619774759 93.978197109885514 217.62097193906084 1416.3298720307648 17.160749087110162 58.770981758832932 1399.5832774662413
leaf_count=262 916 322 24 48 422 24 254 98 3413 718 968 9090 140 596 8975
internal_value=-0.000570464 -0.000246868 -0.000906627 0.0118396 0.000472479 -0.00242272 -0.00304471 0.00247439 -0.00228542 0.00101216 -0.00100505 -0.000657837 0.00491611 -0.000927717 0.000803781
internal_weight=4022.13 3388.76 1774.78 12.6153 1613.98 162.492 157.262 40.816 633.362 110.621 1762.17 1544.55 69.4443 1475.1 1451.49
internal_count=26270 21877 11188 72 10689 1292 1268 352 4393 980 11116 10148 462 9686 9397
is_linear=0
shrinkage=0.0286577


Tree=89
num_leaves=16
num_cat=0
split_feature=22 31 28 24 28 22 4 17 4 23 23 12 11 24 7
split_gain=1.90501 2.16109 2.01755 2.58906 5.04361 3.40956 2.02553 1.98747 1.95931 1.68893 3.16218 3.17142 1.88389 1.85133 1.68756
threshold=0.02130185966101868 1.8400000000000001 0.042850000000000034 10.500000000000002 0.072500000000000023 0.056662076561101955 0.037631386950465383 1.0233700813777855 0.032684463048476699 0.14227464422795288 0.18395440046960793 0.092132273526392625 0.56715463227176832 12.500000000000002 0.19246570227451987
decision_type=8 10 10 2 10 10 8 8 10 10 10 10 10 2 10
left_child=14 2 6 -4 5 -5 8 -6 -2 12 11 -11 13 -3 -1
right_child=1 9 3 4 7 -7 -8 -9 -10 10 -12 -13 -14 -15 -16
leaf_value=-0.00053226008583249975 2.0784533536027082e-06 -5.683484474981981e-05 -0.00015263250074643391 3.804190693441171e-05 0.00083209606608540911 0.0020667419816661459 -0.00030529339092890952 -0.0001361657842019467 0.0014548170069900723 4.718554815837127e-06 -0.00058949652764830277 0.0031409425789515849 -0.00019737436239479288 0.00083713524698612472 -0.00013485430850482209
leaf_weight=120.84652333101258 1533.4156631955411 1412.323906686157 127.86884989216924 23.49590440467 22.322875499725342 47.698046803474426 244.23744655679911 69.829157387837768 4.8973359530791631 19.683065273799002 22.118337363004684 16.225079486146569 210.92055926285684 10.7365505695343 135.50735837267712
leaf_count=1266 11393 7260 1562 56 48 96 1801 138 28 96 50 48 928 12 1488
internal_value=-0.000597548 -0.000431635 0.000184331 0.00239716 0.00479234 0.0105124 -0.000171857 0.000250273 0.000207205 -0.00119238 0.00355596 0.00888201 -0.00136758 -0.000983223 -0.00299341
internal_weight=4022.13 3765.77 2073.77 291.215 163.346 71.194 1782.55 92.152 1538.31 1692.01 58.0265 35.9081 1633.98 1423.06 256.354
internal_count=26270 23516 15122 1900 338 152 13222 186 11421 8394 194 144 8200 7272 2754
is_linear=0
shrinkage=0.0286577


Tree=90
num_leaves=16
num_cat=0
split_feature=26 31 18 20 19 22 7 18 9 20 31 7 7 26 0
split_gain=2.531 2.27094 3.13664 2.44308 2.35608 3.4506 2.35713 2.31924 2.48232 2.22532 2.30649 1.93803 1.97712 1.97704 2.61032
threshold=0.19275336444706079 1.8400000000000001 -0.062470245958657349 0.22151002963964506 0.02934646566757566 0.026076256635385622 0.2196632450463126 0.10389740633013912 0.52082624989607662 0.010065735721654369 0.96999999999999986 0.32666654603825868 0.33158109135137215 0.13012292276381646 0.41892500000000005
decision_type=10 8 8 10 8 10 10 10 10 10 10 8 8 8 2
left_child=11 4 -3 -4 9 6 -6 -7 -9 10 -2 13 -13 14 -1
right_child=1 2 3 -5 5 7 -8 8 -10 -11 -12 12 -14 -15 -16
leaf_value=-0.00050332857893949361 -9.3936608624349449e-05 -0.00019698378399595618 -1.9665763001797373e-05 0.0015212825774293575 0.00011374585645585052 5.1749388630034311e-05 0.0011771915003984412 0.0013737796823366818 -0.0013824401746952118 -0.00037115461666017199 0.00093620248702607173 0.0043312815577923923 -5.8782451082953461e-05 -0.00044834636887169092 0.0003104659962105322
leaf_weight=50.245555967092514 18.840286461636428 140.31555435154587 1621.8718772460707 12.594005015678702 8.4971245378255862 1307.7448717090301 13.621242664754389 22.91168081574142 9.340920412912963 220.91166027775034 12.115563981235026 7.6969558624550691 208.9536240210291 318.00428651086986 48.461450202856213
leaf_count=634 262 706 10418 64 52 8494 52 166 55 1494 114 32 1345 2056 326
internal_value=-0.000535595 -0.000221474 -0.000930971 -0.000570754 0.000552562 0.00102825 0.0122295 0.000833869 0.0084236 -0.00197909 0.00507329 -0.00219988 0 -0.00334238 0.000103182
internal_weight=4022.13 3388.76 1774.78 1634.47 1613.98 1362.12 22.1184 1340 32.2526 251.868 30.9559 633.362 216.651 416.711 98.707
internal_count=26270 21877 11188 10482 10689 8819 104 8715 221 1870 376 4393 1377 3016 960
is_linear=0
shrinkage=0.0286577


Tree=91
num_leaves=16
num_cat=0
split_feature=1 17 30 7 12 11 36 27 27 27 14 35 27 17 17
split_gain=2.44496 1.64913 1.51418 1.268 4.19784 3.90225 2.2998 2.52217 1.6625 1.20968 1.11311 1.0217 0.966764 1.14576 1.56433
threshold=0.073350340136054445 0.53641936950695268 25.325000000000003 0.27499952561912661 0.045767747468455799 0.27862653323561609 1.0000000180025095e-35 0.5290491238517866 0.24341794616190485 0.44211595172225099 1.5847322226437059 6.1109235706877207 0.041918694597566974 1.087205354671426 1.0762542752897641
decision_type=2 8 10 10 10 10 2 8 10 10 10 2 10 10 10
left_child=11 -2 3 6 5 -5 9 -8 -6 -3 -4 12 -1 14 -14
right_child=1 2 10 4 8 -7 7 -9 -10 -11 -12 -13 13 -15 -16
leaf_value=-0.00077088922117867051 -0.00021861913897602007 -0.00011758003919851382 -2.4236308501460678e-05 0.00092546458149341242 -6.0239568233677949e-05 0.00043115324287851481 -8.4371105880927661e-06 0.0003836863514392295 4.4523259132838831e-05 -0.00052421447922476139 -0.00024593796904465208 -0.00022476356046532763 -7.9134798749241599e-05 -0.00035346780642211067 0.00090937311593809712
leaf_weight=75.539418211439624 71.826752885244787 577.53090542694554 79.702074766159058 59.603798907715827 488.04493605578318 186.95359720941633 541.31659976649098 77.560705341398716 815.4047040422447 124.28354816860519 60.819097429513931 84.397247021319345 517.25478991330601 254.78085621446371 7.1076286784373215
leaf_count=823 364 4501 364 337 2142 1296 4157 565 3815 960 212 478 4215 1995 46
internal_value=-0.00062123 -0.000227553 -0.000121621 1.72213e-05 0.000576505 0.0040044 -0.000631622 0.000629948 -6.48608e-05 -0.00175813 -0.00302415 -0.00190272 -0.00158757 -0.00126906 -0.000479623
internal_weight=4022.13 3083.05 3011.22 2870.7 1550.01 246.557 1320.69 618.877 1303.45 701.814 140.521 939.08 854.683 779.143 524.362
internal_count=26270 18713 18349 17773 7590 1633 10183 4722 5957 5461 576 7557 7079 6256 4261
is_linear=0
shrinkage=0.0286577


Tree=92
num_leaves=16
num_cat=0
split_feature=27 21 33 6 11 11 27 23 21 30 27 21 5 30 15
split_gain=2.48899 2.01273 2.24332 2.42106 2.64961 3.98175 2.22979 2.05984 3.25266 1.91692 2.26062 1.85793 1.64508 3.04091 1.94295
threshold=0.017284763570693033 0.036471978044338459 0.068365880390422587 2.26389915845296 0.31024725089501942 0.41836511847027841 0.020076257625222447 0.14227464422795288 0.051823977461512565 16.395000000000003 -1.0000000180025095e-35 0.039262374167798986 0.16960246734353371 17.085000000000004 1.8828285625441827
decision_type=10 10 10 8 10 10 10 10 10 10 8 10 8 10 10
left_child=9 6 3 4 -3 -6 -2 11 -9 10 -1 -5 13 14 -4
right_child=1 2 12 7 5 -7 -8 8 -10 -11 -12 -13 -14 -15 -16
leaf_value=0.00090577407886341442 0.0018181175571676837 -0.00012951624512050041 8.9954852022962911e-05 0.00048931160512075914 0.0023461243877198924 -1.9251966681396408e-05 -6.7492303209245442e-05 0.00066773862655933791 6.8732317723991771e-06 -0.00048853148966900169 -0.00021374424366093483 -8.392258550888385e-05 0.00048897482714138336 -0.00037903347720491716 0.0020164921641039044
leaf_weight=17.0533900517039 6.450292852940037 24.95798553340137 79.156325321644545 109.19534500688314 23.128808996640146 20.299667352810502 1914.0726005306933 11.946562867611645 47.148370203562081 133.08605703478679 49.451269055949524 1073.8234531590715 422.23395421542227 77.975579753518105 12.146998101845382
leaf_count=288 62 178 682 554 108 108 14620 28 228 613 673 4644 2950 404 130
internal_value=-0.000610983 -0.000445008 0.000211391 -0.000443846 0.00477726 0.00908595 -0.00110021 -0.000740144 0.00444028 -0.00373573 9.25609e-05 -0.00100814 0.0016795 -0.000660041 0.00281807
internal_weight=4022.13 3822.54 1902.01 1310.5 68.3865 43.4285 1920.52 1242.11 59.0949 199.591 66.5047 1183.02 591.513 169.279 91.3033
internal_count=26270 24696 10014 5848 394 216 14682 5454 256 1574 961 5198 4166 1216 812
is_linear=0
shrinkage=0.0286577


Tree=93
num_leaves=16
num_cat=0
split_feature=4 22 35 7 24 33 18 27 5 27 15 22 32 18 5
split_gain=2.462 2.41102 2.91465 3.4748 4.19526 2.6692 3.03832 2.26788 4.49565 3.63456 2.16908 2.11141 1.99071 1.98603 1.78872
threshold=0.36852369605520113 0.084335092201463457 2.4993845846405938 0.25960681381744155 10.500000000000002 0.088687622629002441 0.10389740633013912 0.40735270160195503 0.59783735463162913 0.44211595172225099 0.90067084290614441 0.058057569514622591 0.73680738786279698 -0.040361543877779342 0.015087169695878597
decision_type=8 10 2 10 2 10 10 8 10 10 10 10 10 8 10
left_child=1 2 3 -1 11 6 14 8 -3 12 -8 -5 -9 -11 -4
right_child=-2 7 5 4 -6 -7 10 9 -10 13 -12 -13 -14 -15 -16
leaf_value=-0.00024341732932550115 -0.00019553791607448073 -1.486747499487001e-05 9.9315984895662971e-05 -0.00013192618626925115 0.0012925540195220268 7.4893245666367473e-05 -0.00074683316703895073 0.0041291811318825223 0.0027077290954489268 -0.00010399543606168856 0.0013350686124712376 0.0012198851140552075 -1.1171238792912732e-05 0.0004865321358100046 -0.00011927843690046492
leaf_weight=29.74858130980283 304.61432899115607 652.20839258981869 20.720742115750909 22.716661987826228 27.312165489420295 573.40344836749136 13.837680604308842 21.599138697609309 15.501070977188645 48.305688480380923 30.922259209677577 16.601017718203366 7.0856831520795813 132.08997291792184 2105.4598274298478
leaf_count=256 2405 3773 136 252 58 5080 74 94 106 240 108 132 48 694 12814
internal_value=-0.000567184 -0.000361092 -0.000768483 0.00410485 0.00778245 -0.000943585 -0.00140453 0.000947323 0.000115917 0.00355187 0.00592004 0.00148398 0.0130486 0.00197202 -0.00156403
internal_weight=4022.13 3717.51 2840.72 96.3784 66.6298 2744.34 2170.94 876.79 667.709 209.08 44.7599 39.3177 28.6848 180.396 2126.18
internal_count=26270 23865 18910 698 442 18212 13132 4955 3879 1076 182 384 142 934 12950
is_linear=0
shrinkage=0.0286577


Tree=94
num_leaves=16
num_cat=0
split_feature=9 33 8 8 8 35 9 9 12 12 20 35 7 27 35
split_gain=2.26193 2.13432 2.74908 2.39794 5.99028 3.55793 2.6828 3.18179 2.58125 1.89079 1.88769 1.73233 1.23046 1.21001 2.88758
threshold=0.16021001274981903 0.017838301694441675 0.81339395314152785 0.36186082664874103 0.37281917843287893 3.3546297306012347 0.63434780879542152 0.52865148286302588 0.087062010693755146 0.086010777739972663 0.065411364585041695 2.8831231725968611 0.66317494184478953 0.14266354515909416 4.795501246701491
decision_type=8 8 10 10 10 2 10 10 10 10 10 2 8 8 2
left_child=-1 2 13 8 5 -5 7 -6 9 11 -7 -3 -4 -2 -15
right_child=1 3 12 4 6 10 -8 -9 -10 -11 -12 -13 -14 14 -16
leaf_value=-0.00036773346412175673 -0.00028482982130573334 -0.00023069434380530563 0.0016073494732196884 0.0012968086722037419 1.7109595194853647e-05 0.001005516633670146 -0.00096743822788522126 0.0013899489431104528 -0.00048522419376372406 0.00012448755090874785 -0.0010744936433549654 -3.1122828447720937e-06 0.0058258466185626143 -2.8207714076651359e-06 -0.00025704326132551812
leaf_weight=155.95323403598741 212.26967572141439 160.10009965859354 12.754346817731859 30.104796089231968 395.62303020246327 25.998472183942795 47.295290863141418 46.227928169071674 79.575911617372185 8.6042478810995799 11.083026340231298 1824.9415589317214 6.6030864082276812 643.99722857773304 360.99472654052079
leaf_count=2950 866 1326 88 112 1398 98 142 210 536 36 50 13284 36 3735 1403
internal_value=-0.000562362 -0.000422861 -0.00140482 3.52264e-05 0.00170891 0.009727 0.000583201 0.00129694 -0.00040923 -0.000201717 0.00340838 -0.000265473 0.00917302 -0.0015829 -0.00115245
internal_weight=4022.13 3866.17 1236.62 2629.55 556.333 67.1863 489.146 441.851 2073.22 1993.65 37.0815 1985.04 19.3574 1217.26 1004.99
internal_count=26270 23320 6128 17192 2010 260 1750 1608 15182 14646 148 14610 124 6004 5138
is_linear=0
shrinkage=0.0286577


Tree=95
num_leaves=16
num_cat=0
split_feature=9 33 18 22 18 18 20 9 8 38 18 15 39 20 20
split_gain=2.07681 1.9743 2.57775 2.32452 3.06799 3.0407 2.04077 1.42762 2.07637 1.47121 3.57268 1.75039 1.44128 2.8331 2.28079
threshold=0.16423568988219231 0.026945233264211502 -0.062470245958657349 0.083384305403699274 -0.050401396914427403 -0.029346718009836233 0.041814701596369915 0.63434780879542152 0.32235882684455658 7.5000000000000009 -0.077481691713767939 1.9369138023743095 1.0000000180025095e-35 0.096133017774276366 0.0048233728506814075
decision_type=8 10 8 10 8 8 10 8 10 2 10 10 2 10 8
left_child=-1 2 -2 4 -4 -5 -7 8 12 10 -10 -11 13 -3 -14
right_child=1 7 3 5 -6 6 -8 -9 9 11 -12 -13 14 -15 -16
leaf_value=-0.00034398412683545125 -0.00018970269383843796 -0.00035763582847304009 0.00097833501434003837 -0.00018788681916213359 -0.00012108960830301231 0.00071123093207319541 8.5115310984715885e-05 -0.000939713713605115 0.0016876701051200434 -4.8815321579029396e-05 0.00031916694320860195 0.00066074877649136747 0.00088875421461462605 0.0023212412601457716 2.2183025452513636e-06
leaf_weight=181.08495284756646 129.18722794763744 225.95848905108869 33.224626349750906 59.642751820851117 1329.4103883567732 31.885368527844548 303.71782734198496 35.274519661441445 18.931492000818253 293.32093170844018 174.30155405122787 90.537086021155119 10.519278097897766 14.750572789460419 1090.3795934645459
leaf_count=3234 612 1710 272 284 7438 90 1490 124 64 1221 930 395 98 190 8118
internal_value=-0.000535708 -0.000391289 -0.00105336 -0.000759192 -0.00132383 0.00116191 0.00224218 0.000243067 0.000353266 0.00179251 0.00384288 0.000732762 -0.000258605 -0.00226923 0.000172354
internal_weight=4022.13 3841.04 1887.07 1757.88 1362.64 395.246 335.603 1953.97 1918.7 577.091 193.233 383.858 1341.61 240.709 1100.9
internal_count=26270 23036 10186 9574 7710 1864 1580 12850 12726 2610 994 1616 10116 1900 8216
is_linear=0
shrinkage=0.0286577


Tree=96
num_leaves=16
num_cat=0
split_feature=34 2 35 4 4 35 0 16 30 10 35 17 24 16 18
split_gain=1.84553 2.27463 2.00034 2.13071 1.80065 1.67976 3.31282 1.77271 1.70444 2.03644 4.69934 2.02561 1.60647 3.21758 1.51734
threshold=-0.014128325549150554 0.061448363645297162 6.7805964289799565 0.037631386950465383 0.032684463048476699 2.5261284843935381 0.53655000000000008 1.1724304320722641 25.325000000000003 0.38801296427392701 5.6692425846435546 0.71662994941016189 11.500000000000002 1.1324452965492431 0.051375539818287581
decision_type=10 2 2 8 10 2 2 10 10 10 2 10 2 10 10
left_child=1 -1 3 4 -3 6 -2 8 9 11 -11 -7 -8 -14 -9
right_child=5 2 -4 -5 -6 7 12 14 -10 10 -12 -13 13 -15 -16
leaf_value=-0.00046785054152364587 0.00022448025358621433 7.1496077685027242e-05 -0.00034869896563650136 -0.0003671344490087594 0.0013435836645615659 -0.00025551939802690349 -0.0001294909960684561 -0.0002005976559051865 -0.00012684729072755144 1.2580942514561114e-05 0.00042661830017583718 -3.87010771499514e-05 -6.8461602121482401e-05 0.0030363921531506243 0.00038075494230051129
leaf_weight=111.93997850152664 20.600691418163478 1580.5479300338775 39.576159072341397 289.09153982601129 4.9705701163038603 151.09080189466476 85.938489101827145 362.89680917561054 79.099915415048599 270.60897066723555 22.065974116325378 898.35593829024583 28.092623637057841 23.579447392374277 53.670821379870176
leaf_count=1350 67 15177 194 3100 40 592 338 1296 124 757 64 2915 43 40 173
internal_value=-0.000603059 1.34437e-06 0.00023865 0.000378594 0.000795601 -0.0012215 0.00158012 -0.00146827 -0.00097589 -0.000725829 0.00137063 -0.00132015 0 0.00395076 -0.0031228
internal_weight=4022.13 2026.13 1914.19 1874.61 1585.52 1996 158.211 1837.79 1421.22 1342.12 292.675 1049.45 137.611 51.6721 416.568
internal_count=26270 19861 18511 18317 15217 6409 488 5921 4452 4328 821 3507 421 83 1469
is_linear=0
shrinkage=0.0286577


Tree=97
num_leaves=16
num_cat=0
split_feature=26 33 18 2 26 17 16 18 10 27 18 16 18 16 26
split_gain=2.13144 2.1066 2.82144 2.23565 1.85843 1.77833 1.79924 2.59887 2.05444 1.77641 1.59949 1.54051 1.39308 2.26846 3.17579
threshold=0.24735425737784233 0.026945233264211502 -0.062470245958657349 0.27496346400173394 0.24970433198514022 0.640551976469664 1.301957552750364 0.12666511716178777 0.50219536572702739 0.61904812430684919 -0.015823907204160544 1.2606960847116495 0.032269980355454704 1.0865871748577518 0.1459305046223405
decision_type=10 10 8 2 10 10 10 10 8 10 8 10 8 10 8
left_child=12 2 -2 -4 -3 11 8 -8 -7 10 -5 -6 -1 14 -14
right_child=1 4 3 9 5 6 7 -9 -10 -11 -12 -13 13 -15 -16
leaf_value=-0.00027610335167344615 -0.00015109910507329788 0.0020291141561083362 -2.4552435033145966e-05 -0.0005290389847795704 -0.00067871536984831905 3.9677947840570428e-05 -0.00043336421178181311 0.0010202296993547114 0.0010053935004880154 -0.00015427498670257553 0.0029635040997710691 0.00068320852162962733 0.00053487505507076856 -0.00051289454613071548 -1.0678382455782684e-05
leaf_weight=579.2142670401372 116.73382315179333 11.679669819772242 1333.4200041648 10.301289869472383 59.20473488420248 1343.9851085320115 75.298389723524451 4.6227031350135794 131.07199007458985 20.828459773212671 31.469222758198157 8.8991854377090913 27.92138723609969 43.225357175804675 224.2510672621429
leaf_count=4010 596 56 8335 60 470 9330 388 12 583 88 153 64 410 289 1426
internal_value=-0.000615941 -0.000264441 -0.00103706 -0.000670562 0.000444468 0.00035533 0.000559737 -0.00359978 0.000792379 0.00458608 0.00802912 -0.0041523 -0.00186912 -0.000230152 0.000776218
internal_weight=4022.13 3147.51 1512.75 1396.02 1634.76 1623.08 1554.98 79.9211 1475.06 62.599 41.7705 68.1039 874.612 295.398 252.172
internal_count=26270 20135 9232 8636 10903 10847 10313 400 9913 301 213 534 6135 2125 1836
is_linear=0
shrinkage=0.0286577


Tree=98
num_leaves=16
num_cat=0
split_feature=33 22 18 10 27 23 18 8 23 10 16 30 18 33 7
split_gain=2.20056 3.31253 2.5231 2.07716 1.9424 1.88624 3.128 1.71046 2.68576 2.30696 1.75842 2.03295 1.56252 1.53961 1.45979
threshold=0.026945233264211502 0.02130185966101868 -0.066168305203787844 0.31420119275211039 0.97022160822888026 0.008793048486173129 0.019749423465897146 0.36186082664874103 0.029726185584161433 0.27383625946620033 1.2392217209407812 22.330000000000002 -0.002698290126861624 0.030710794144148682 0.34788632026166
decision_type=8 8 10 10 8 10 10 10 10 10 10 10 10 8 10
left_child=2 5 -1 -4 7 6 -2 10 12 -10 11 -3 -9 -12 -5
right_child=1 4 3 14 -6 -7 -8 8 9 -11 13 -13 -14 -15 -16
leaf_value=-0.00017418745319188521 -0.00043676197005946307 6.6963160128955343e-07 -0.00012302549836766918 8.0705503389310684e-05 -0.00066187978271700469 -0.00040757187241121956 0.0011458897805213661 -6.6777088726844259e-05 0.003024941363493005 0.00012438307220922931 0.00099099230511758398 0.0005846999357564807 0.0020301113548698616 -0.00050863831078618526 -3.3228027601530092e-05
leaf_weight=119.14492457173765 16.730373275931928 1702.9527664647903 805.24258078169078 241.25525193102658 36.098291223403066 143.82205860130489 8.4314112304709834 4.3553322628140476 12.638573616743086 359.46069527324289 2.666628360748291 21.008933663368225 14.658308424055575 105.4080403666012 428.25248999055475
leaf_count=506 770 13023 4092 1178 256 1086 234 30 76 1461 4 48 58 1666 1782
internal_value=-0.00063884 -9.13475e-05 -0.00146654 -0.00113346 0.000194096 -0.00396154 0.00300864 0.000305748 0.00202627 0.00145511 -5.63324e-05 0.000160642 0.0125361 -0.00360234 3.15194e-05
internal_weight=4022.13 2428.23 1593.9 1474.75 2259.25 168.984 25.1618 2223.15 391.113 372.099 1832.04 1723.96 19.0136 108.075 669.508
internal_count=26270 18712 7558 7052 16622 2090 1004 16366 1625 1537 14741 13071 88 1670 2960
is_linear=0
shrinkage=0.0286577


Tree=99
num_leaves=16
num_cat=0
split_feature=4 34 18 35 34 18 2 35 18 8 21 30 14 21 14
split_gain=2.40629 1.7532 3.12408 2.58266 3.20544 3.61481 2.15682 2.07117 1.82777 2.09761 1.6269 2.0893 1.7736 1.43909 2.1344
threshold=0.36852369605520113 -0.012330511834220013 -0.062470245958657349 2.6585092034639635 0.027883021866455863 0.035213422127800105 0.061448363645297162 6.7805964289799565 0.10389740633013912 0.52477286242651033 0.13123202769658301 18.845000000000002 1.2230929568745539 0.019028016284814282 1.6543940545813045
decision_type=8 10 10 2 10 8 2 2 10 10 10 10 10 8 8
left_child=1 6 -3 4 -4 -6 -1 8 -8 -10 12 -12 -5 14 -2
right_child=13 2 3 10 5 -7 7 -9 9 -11 11 -13 -14 -15 -16
leaf_value=-0.00043462784658446343 0.00058867238936367058 -0.0001737629943973459 0.00023891351653556171 1.4238352180802111e-05 0.0028832231213854246 -0.0019091014120885413 1.0828760453686441e-05 -0.00032531294825117655 0.0012590595933840982 -0.00089872610725760316 -0.0024167145845584467 0.0014884336759761908 -5.7543090337174591e-05 -0.0003678138904400253 -0.00018383883352838374
leaf_weight=115.27796175237745 32.5344144012779 125.88827989622951 66.608714044094086 190.48564076051116 22.449176602065563 6.8327729105949429 2157.6274781068787 41.005682510556653 21.849927617236972 14.595176588743923 5.6798325031995764 9.2971030846238119 939.91458467021585 215.89235707605258 56.187557513825595
leaf_count=1204 255 374 264 860 72 16 17395 194 216 64 26 40 3140 1867 283
internal_value=-0.000665846 -0.00046195 -0.00127791 -0.000831684 0.00365493 0.01152 8.52239e-06 0.000210066 0.000333925 0.00668729 -0.00121665 0.00800227 -0.0013492 -0.00311931 0
internal_weight=4022.13 3717.51 1367.16 1241.27 95.8907 29.2819 2350.36 2235.08 2194.07 36.4451 1145.38 14.9769 1130.4 304.614 88.722
internal_count=26270 23865 4792 4418 352 88 19073 17869 17675 280 4066 66 4000 2405 538
is_linear=0
shrinkage=0.0286577


Tree=100
num_leaves=16
num_cat=0
split_feature=26 26 31 30 21 23 27 21 21 16 21 27 2 10 10
split_gain=2.09539 2.48194 2.34504 1.9142 2.28009 2.33466 1.89 1.82479 3.85075 2.81015 2.42057 1.78633 1.65675 1.54494 3.67367
threshold=0.25574962479090774 0.25847957113098502 1.9900000000000013 17.225000000000005 0.0060034131490725477 0.020605834853647757 0.23438155136268343 0.012754454125486757 0.018412833164371496 0.90524412620732109 0.045991748736965814 0.038583844484583928 0.082471617796045324 0.34330701022713284 0.34896202428268819
decision_type=10 10 10 8 8 10 10 8 8 10 8 10 2 10 10
left_child=2 6 13 7 5 -5 -2 -3 9 -9 -10 -6 -13 -1 -15
right_child=1 3 -4 4 11 -7 -8 8 10 -11 -12 12 -14 14 -16
leaf_value=-0.00015812074747774993 0.00015366956342166918 -0.00017049747233229996 -0.00039483357173977421 0.0012808144624943361 -0.00029785567112761179 -5.3965924940633397e-06 -0.00045262172784461092 0.0019466288238420492 -0.0001031857333585392 0.00026804888949146112 0.00028201233388284395 -0.000343872126763121 -1.4353910954830581e-05 0.0001049285391451386 8.6787927347135613e-05
leaf_weight=527.32013270910829 11.370967214461414 77.531670876778662 313.13193442858756 11.641549040563406 114.07707962719724 15.313165206462143 3.8343387683853498 37.660026171244681 476.01371857896447 80.836434988304973 486.95948942983523 210.9429909621831 1565.2758598118089 15.548741300590335 74.668560924008489
leaf_count=4340 66 822 1454 50 555 72 32 278 3798 626 4206 1370 7970 48 583
internal_value=-0.000578708 -0.000216095 -0.00177218 -0.000276747 -0.000834775 0.00736433 0.0112316 0.000637752 0.000949741 0.00582464 0.000338292 -0.000957836 -0.000727554 -0.000727263 0.00269755
internal_weight=4022.13 3091.46 930.669 3076.25 1917.25 26.9547 15.2053 1159 1081.47 118.496 962.973 1890.3 1776.22 617.537 90.2173
internal_count=26270 19845 6425 19747 10017 122 98 9730 8908 904 8004 9895 9340 4971 631
is_linear=0
shrinkage=0.0286577


Tree=101
num_leaves=16
num_cat=0
split_feature=9 31 21 31 9 11 12 27 31 15 21 10 0 9 36
split_gain=1.94683 1.82219 2.18325 3.67775 2.40367 8.44236 2.33463 1.92054 3.09484 2.49196 2.53638 2.05186 3.66931 2.69779 2.47544
threshold=0.16021001274981903 1.8400000000000001 0.021990474448355991 1.9900000000000013 0.27070260576255323 0.30358501235958851 0.016905181677338368 0.23017960330583925 1.1800000000000008 1.0941495751572303 0.039562171150177773 0.30230577015051613 0.26527500000000004 0.40432884666670132 1.0000000180025095e-35
decision_type=8 10 8 10 10 10 10 10 10 10 8 8 2 10 2
left_child=-1 7 3 -3 6 -6 -5 11 -9 -10 -11 13 14 -2 -13
right_child=1 2 -4 4 5 -7 -8 8 9 10 -12 12 -14 -15 -16
leaf_value=-0.00030504881584593599 -3.7994569118806028e-06 0.00048630546614504452 -6.9766153388086896e-05 0.00014125803728614933 0.0012441093191249098 -3.8110878863648401e-05 -0.00023293170165362471 1.3878629260058944e-05 -0.00016322535823390147 0.00090445280748744825 0.00011242640455853149 -0.00077635805314447102 -0.00036981095182688102 0.0035173282029138243 0.00072404137144272914
leaf_weight=155.95323403598741 634.85336556378752 39.747859615832567 1264.8492770800367 8.3409655354917032 36.564503604546189 139.38131178356707 258.99970934353769 936.62239196384326 34.383378298953176 72.998261534608901 55.862710434943438 5.390129551058636 353.45723315444775 11.790395909920333 12.931932627921924
leaf_count=2950 4123 80 6294 94 174 640 1446 6320 236 602 410 64 2651 72 114
internal_value=-0.000624648 -0.000494932 -0.00118009 0.000442224 -0.000286674 0.00228646 -0.00201785 6.57837e-05 0.000900371 0.00454241 0.00638875 -0.000825773 -0.00252294 0.00013515 0.0097739
internal_weight=4022.13 3866.17 1747.88 483.034 443.286 175.946 267.341 2118.29 1099.87 163.244 128.861 1018.42 371.779 646.644 18.3221
internal_count=26270 23320 8728 2434 2354 814 1540 14592 7568 1248 1012 7024 2829 4195 178
is_linear=0
shrinkage=0.0286577


Tree=102
num_leaves=16
num_cat=0
split_feature=26 20 26 31 28 27 16 26 11 24 18 17 17 20 18
split_gain=2.12104 2.21739 1.93655 3.07868 2.37611 3.26783 3.30902 3.8083 2.08409 1.92808 1.91445 3.43207 2.63205 3.59583 1.87198
threshold=0.43002484893211984 0.22151002963964506 0.4750403884428327 0.56500000000000139 0.038600000000000002 0.58331236369736639 1.0670780427115589 0.5105681331648585 0.26265337493023416 10.500000000000002 0.032269980355454704 1.1930261426065203 1.1295877226834168 0.048348951457581342 -0.010212292042351022
decision_type=10 10 10 8 10 10 8 10 10 2 10 10 10 8 8
left_child=1 10 3 8 14 6 -6 -8 -2 -10 -1 12 13 -12 -4
right_child=2 -3 4 -5 5 -7 7 -9 9 -11 11 -13 -14 -15 -16
leaf_value=-0.0001145799016043995 -4.09493301583448e-05 0.0014610436646945648 -0.00032219714144218113 3.5373506982791795e-07 0.00020489066174526809 -0.00015199529602449508 -0.00037782873969312438 0.0014400384642003943 0.0015203509737198211 0.0011908019753034303 0.00022843448563141926 -0.00039327719461633301 0.00036268494073034589 -0.00048702597918152268 -4.7386708820990309e-06
leaf_weight=1621.3756177104078 25.605870781466365 8.288170397281645 399.73412785073742 158.5367770716548 235.60318879690021 113.98845229297876 15.693860150873659 107.79262767592445 33.404205237515271 27.439455926418304 179.30749444896355 116.74120895983651 26.164313561283052 109.9941398082301 842.45714936801232
leaf_count=10356 194 58 3063 1016 1420 568 96 732 254 62 969 625 104 641 6112
internal_value=-0.000614766 -0.0012566 5.53249e-05 0.00244168 -0.000279988 0.00143963 0.00279505 0.00660105 0.00678496 0.00966241 -0.00132139 0.00035409 0.00192854 0.00109879 -0.00094305
internal_weight=4022.13 2061.87 1960.26 244.986 1715.27 473.078 359.09 123.486 86.4495 60.8437 2053.58 432.207 315.466 289.302 1242.19
internal_count=26270 12753 13517 1526 11991 2816 2248 828 510 316 12695 2339 1714 1610 9175
is_linear=0
shrinkage=0.0286577


Tree=103
num_leaves=16
num_cat=0
split_feature=4 1 5 34 5 19 39 27 19 35 17 17 19 27 15
split_gain=2.24651 1.82489 1.66185 1.54628 2.38323 4.69544 1.62355 1.52032 1.51563 1.35617 1.35339 2.40795 2.60749 1.52176 1.25748
threshold=0.36852369605520113 0.073350340136054445 0.015087169695878597 -0.013973805227124157 0.57910268490724859 0.057223317576990958 3.5000000000000004 0.10121446115735792 0.021733809242110564 1.440984947107663 0.78363957608248513 0.84454155487047633 0.094510680065624644 0.21647307469628216 1.2977829042850371
decision_type=8 2 10 10 10 10 2 8 8 2 8 8 8 10 8
left_child=1 2 -1 10 6 -6 7 -5 -4 -2 -3 12 -12 -13 -10
right_child=9 3 8 4 5 -7 -8 -9 14 -11 11 13 -14 -15 -16
leaf_value=8.1438759512195394e-05 0.00043677697602904669 -7.2950024353481686e-05 -0.00032503166672692778 -0.00018937552871854492 -4.4680046419316408e-05 0.0022490644403335073 -0.00023289780908330191 -1.1807427672850092e-05 -0.00027501280273022793 -0.00019234500330525444 0.00026079120440609661 -1.5384809551763699e-05 0.0025690126012009279 0.00019389297253174484 -1.2400698537145736e-05
leaf_weight=7.7080794081557533 3.5531510757282367 227.15077136317268 191.47248842380941 171.32588580064476 29.059013532474637 19.605357568711042 119.31692330539227 1057.1450956659392 209.34022999601439 301.06117791542783 87.841397691518068 526.94823896838352 25.024074913002551 580.7397744350601 464.83499997504987
leaf_count=70 34 2026 1436 408 122 64 362 3551 1303 2371 708 4584 192 4914 4125
internal_value=-0.000651869 -0.000454744 -0.00160114 -9.91197e-05 -0.00078237 0.00540124 -0.00101391 -0.000693799 -0.00173039 -0.00302277 0.000553086 0.00093609 0.00492985 0.000519234 -0.00107035
internal_weight=4022.13 3717.51 873.356 2844.16 1396.45 48.6644 1347.79 1228.47 865.648 304.614 1447.7 1220.55 112.865 1107.69 674.175
internal_count=26270 23865 6934 16931 4507 186 4321 3959 6864 2405 12424 10398 900 9498 5428
is_linear=0
shrinkage=0.0286577


Tree=104
num_leaves=16
num_cat=0
split_feature=26 26 31 36 31 35 8 18 26 15 38 18 24 26 18
split_gain=1.97736 2.8126 3.32253 3.68516 3.64197 2.40815 2.0784 1.88562 1.81551 2.03489 1.81368 1.72122 4.69009 2.19646 1.6361
threshold=0.44618991484039977 0.4750403884428327 0.78000000000000125 1.0000000180025095e-35 0.52000000000000146 6.4857408825076863 0.15081401441820788 -0.0064041593568298629 0.084925103626750126 1.3315301139355917 11.500000000000002 -0.0035571372083826876 11.500000000000002 0.76321305890094393 0.011787179287471418
decision_type=10 10 10 2 10 2 8 8 8 8 2 8 2 8 8
left_child=6 2 3 4 -2 -4 -1 -5 9 -8 11 12 13 -3 -13
right_child=1 10 5 7 -6 -7 8 -9 -10 -11 -12 14 -14 -15 -16
leaf_value=-0.00035148973548494098 -0.00087660866026472697 -6.2356619805869711e-05 -3.0833202396137652e-05 0.0013335103315787089 0.00093193019973279658 0.0020149698999099592 -0.00079301003980098046 0.0013593687996650105 -5.3237879714256186e-05 0.00050912543333498576 -0.00067667887686309006 0.00035462051453228406 -0.00018282313658946227 0.00088211273660144065 -4.2644984414777064e-06
leaf_weight=88.658748203888535 31.410235645715147 363.66859312308952 95.450462115928531 8.2026236262172443 7.2882404923439017 5.1325669288635245 9.1766860107891244 29.51396064972505 2006.0643482531887 25.959381976397708 48.95899316854775 251.98937240289524 216.68123352527618 142.60581436892971 691.36539954668842
leaf_count=1306 276 3182 536 66 18 8 102 138 11545 284 254 1890 296 1688 4681
internal_value=-0.000656794 1.21466e-05 0.00345419 0.00794928 0.00142863 0 -0.00125572 0.0143283 -0.00106275 0.00532371 -0.000337648 -0.000171368 -0.00122796 0.00026395 0.000627917
internal_weight=4022.13 1892.27 176.998 76.4151 38.6985 100.583 2129.86 37.7166 2041.2 35.1361 1715.27 1666.31 722.956 506.274 943.355
internal_count=26270 13033 1042 498 294 544 13237 204 11931 386 11991 11737 5166 4870 6571
is_linear=0
shrinkage=0.0286577


Tree=105
num_leaves=16
num_cat=0
split_feature=26 9 26 7 7 23 21 17 34 10 4 25 15 31 10
split_gain=1.93582 1.55974 2.08816 2.04614 1.77618 1.47571 3.57455 2.78327 1.47131 3.28511 2.05623 1.91522 2.53294 2.19096 2.14129
threshold=0.19275336444706079 0.33500429302141349 0.1459305046223405 0.1679778551718992 0.17481817165825 0.035896194061506632 0.021704570018260472 0.96905994834576059 -0.012330511834220013 0.12357495995644695 1.0000000180025095e-35 0.27825463653999832 1.6468676501933077 2.1950000000000007 0.33837895821149128
decision_type=10 8 8 10 10 8 10 10 8 8 8 8 10 8 8
left_child=1 2 3 -1 -5 7 -7 -3 -2 10 -10 12 14 -14 -11
right_child=8 5 -4 4 -6 6 -8 -9 9 11 -12 -13 13 -15 -16
leaf_value=-0.0005913873516581353 1.2147498735915316e-05 -0.00028043042759028563 -0.00038762121377026559 0.00023761150599590177 1.6553124162015273e-05 0.0011848807541958793 1.3797933164459037e-05 0.0039628503539949093 0.00053301374008399966 -0.00014185611213868968 -0.0012332607702524958 -5.2383394399504486e-05 0.00072556348546773939 9.9304987489334165e-07 0.00027492541886997546
leaf_weight=38.023025343660265 1862.3223723866977 93.452167587354779 301.29665388353169 5.2902689399197689 90.450714549049735 16.11256425245665 78.540425883606076 10.19605212472379 14.323202908504756 58.36970688495785 4.4619311345741144 1332.9264597091824 16.981066389475018 20.71023179916665 78.669816261623055
leaf_count=392 14173 362 1825 40 738 478 500 58 184 218 80 6720 62 146 294
internal_value=-0.000606501 -0.00206349 -0.00302333 0 0.0021908 0 0.00262667 -0.00231626 -0.000331131 -0.000991757 0.0107961 -0.00114685 0.00164546 0.00820458 -9.67348e-05
internal_weight=4022.13 633.362 435.061 133.764 95.741 198.301 94.653 103.648 3388.76 1526.44 18.7851 1507.66 174.731 37.6913 137.04
internal_count=26270 4393 2995 1170 778 1398 978 420 21877 7704 264 7440 720 208 512
is_linear=0
shrinkage=0.0286577


Tree=106
num_leaves=16
num_cat=0
split_feature=27 4 21 33 26 8 27 0 8 27 10 10 13 21 15
split_gain=1.86059 1.69424 1.63717 1.62436 2.91305 2.65306 1.58064 1.48954 1.46351 1.24612 1.37165 1.5236 1.16475 1.11002 2.14884
threshold=0.017284763570693033 0.36852369605520113 0.0086140229893980434 0.019197134913440998 0.084925103626750126 0.81339395314152785 0.97022160822888026 0.97672500000000018 0.32235882684455658 0.23438155136268343 0.16222171199028504 0.17378351844937751 2.6821796651023955 0.019028016284814282 2.3833202010239494
decision_type=10 8 10 8 8 10 10 2 10 10 10 10 10 8 10
left_child=7 2 9 4 -4 -6 8 -1 -5 10 -2 -12 -9 14 -3
right_child=1 13 3 6 5 -7 -8 12 -10 -11 11 -13 -14 -15 -16
leaf_value=-0.00028102464941051581 -0.00036397259702789804 0.00034299738216417552 0.0011914935678618214 -6.2914622307682252e-06 -5.4995682903044183e-05 0.0020107001850306217 -0.00031973477458200705 0.0012647542812866844 9.4171728433681392e-05 -0.00017641882079786857 0.0013682968355201313 7.2273685294165591e-06 -3.5803322052520288e-05 -0.00032945932527266551 -0.00037651289742852105
leaf_weight=180.7970488735009 26.919846359407529 51.812539532780647 6.5222690887749186 1586.3866199757904 1048.6106716161594 19.327931150794029 49.155802812427282 7.3323205695487585 650.37884171679616 93.379275518236682 4.4063439429737619 48.207886013202369 11.461346699390559 208.98037167312577 28.44754449557513
leaf_count=1502 956 348 24 10860 5345 120 192 14 2612 1494 30 838 58 1731 146
internal_value=-0.000651415 -0.000507392 -0.000331457 -0.000188265 -0.00110881 -0.0012359 0.000240139 -0.00335615 0.000356217 -0.00305282 -0.000280468 0.00227756 0.00402191 -0.00262022 0.000126433
internal_weight=4022.13 3822.54 3533.3 3360.38 1074.46 1067.94 2285.92 199.591 2236.77 172.913 79.5341 52.6142 18.7937 289.24 80.2601
internal_count=26270 24696 22471 19153 5489 5465 13664 1574 13472 3318 1824 868 72 2225 494
is_linear=0
shrinkage=0.0286577


Tree=107
num_leaves=16
num_cat=0
split_feature=9 33 22 21 17 21 28 28 28 8 22 18 33 17 10
split_gain=1.92043 1.64293 2.70413 2.44088 2.35431 3.56966 2.33412 2.265 5.21136 3.69287 3.02595 5.46658 2.76965 2.21806 2.04201
threshold=0.13651359942566546 0.026945233264211502 0.02130185966101868 0.0195031786557326 0.78363957608248513 0.14322291723874969 0.069900000000000059 -0.014450000000000017 -0.018250000000000013 0.81339395314152785 0.10698632186491468 0.027028902421962767 0.003759995577165887 0.84454155487047633 0.22084866745208401
decision_type=8 8 8 10 8 10 10 8 10 10 10 10 10 8 10
left_child=-1 7 3 -3 -4 13 -7 8 10 -9 -2 -12 -10 -6 -5
right_child=1 2 4 14 5 6 -8 9 12 -11 11 -13 -14 -15 -16
leaf_value=-0.00033813000667193619 -0.00010171363493197132 -0.0003676059222654268 -0.00017760822418788841 -0.00047309696391861815 0.00044059421969942981 0.0010471072388115509 0.0014987656732840227 -6.0954645107904947e-05 1.9205305567633699e-05 0.0047930948355631338 0.0010140980526896978 -0.0004206349179128078 0.0015654142963665259 2.5340096135856397e-06 0.0010790334342059675
leaf_weight=57.113112960010767 353.03975341189653 136.78493345342577 293.6575556662865 6.5361352935433379 154.3793321987614 17.161035016179088 14.012529611587523 1122.7161929653957 16.037723300047219 11.708636924624441 21.788230774924159 24.221486061811447 28.11706155911088 1755.6441570047755 9.208783836103974
leaf_count=1808 2178 1212 2272 106 972 144 30 4753 97 68 108 168 122 12114 118
internal_value=-0.000589451 -0.000511362 -3.28379e-05 -0.00372531 0.000215077 0.000580959 0.0101783 -0.00122908 0.000490171 -0.00190951 -0.00052198 0.00633249 0.00981722 0.000417906 0.00662559
internal_weight=4022.13 3965.01 2387.38 152.53 2234.85 1941.2 31.1736 1577.63 443.204 1134.42 399.049 46.0097 44.1548 1910.02 15.7449
internal_count=26270 24462 16968 1436 15532 13260 174 7494 2673 4821 2454 276 219 13086 224
is_linear=0
shrinkage=0.0286577


Tree=108
num_leaves=16
num_cat=0
split_feature=9 33 22 21 12 21 33 27 9 8 11 34 12 12 12
split_gain=1.90763 1.6823 2.67974 2.41713 2.14652 2.0957 3.68012 1.85387 1.80632 3.51611 3.82393 3.42196 3.25956 3.86028 2.16629
threshold=0.13651359942566546 0.026945233264211502 0.02130185966101868 0.0195031786557326 0.031691761215951922 0.14322291723874969 0.045718126314978187 0.97022160822888026 0.34119029518440447 0.37799130772946704 0.38017664344284924 0.036659344670258338 0.074855573851770038 0.077664016948869902 0.062420123375868442
decision_type=8 8 8 10 10 10 10 8 10 10 10 10 10 10 10
left_child=-1 8 3 -3 -5 7 -7 -4 -2 10 11 -10 -11 -14 -12
right_child=1 2 5 4 -6 6 -8 -9 9 12 14 -13 13 -15 -16
leaf_value=-0.00032843999243815859 -8.5036738321580472e-05 -0.00035707119731086511 6.9476302888565332e-06 -0.00017317971612733631 0.0010481108626214748 0.0014558145585629027 0.00022793368850737767 -0.00063369562660921795 -0.0001744927726798113 -0.00024305489375635742 1.8034266244357975e-05 0.00080605837683359223 0.0028206240782742437 -1.111185087669096e-05 0.0015205531881707422
leaf_weight=57.113112960010767 974.57993399258703 136.78493345342577 2159.5548918836284 7.0430465526878825 8.7018725769594294 11.524070719256995 28.006138879805803 35.769508014898747 55.148001253604889 92.20192669518292 12.42572941072285 23.913125038146973 9.0366435516625625 387.95290534291416 22.370819712989032
leaf_count=1808 4891 1212 15090 112 112 26 224 192 238 323 86 50 20 1810 76
internal_value=-0.000603729 -0.000525883 -4.16811e-05 -0.00371733 0.0065813 0.000205085 0.00672888 8.23893e-05 -0.00125219 -2.80515e-06 0.00451111 0.000879955 -0.00107537 2.82062e-05 0.0124174
internal_weight=4022.13 3965.01 2387.38 152.53 15.7449 2234.85 39.5302 2195.32 1577.63 603.049 113.858 79.0611 489.191 396.99 34.7965
internal_count=26270 24462 16968 1436 224 15532 250 15282 7494 2603 450 288 2153 1830 162
is_linear=0
shrinkage=0.0286577


Tree=109
num_leaves=16
num_cat=0
split_feature=4 21 30 30 21 23 5 10 5 21 21 33 33 20 20
split_gain=1.81089 1.99609 3.71115 2.09596 1.49253 2.14688 2.41665 4.05609 1.77107 1.70425 2.99846 2.08489 1.69069 2.94246 2.49844
threshold=0.36852369605520113 0.019028016284814282 19.085000000000004 19.725000000000005 0.015829601020870148 0.026519471348685295 0.10639767812379468 0.19200172876884153 0.046135404326649171 0.011267269209304424 0.010679163843497604 0.087227873101445655 0.026945233264211502 0.0048233728506814075 0.22151002963964506
decision_type=8 8 10 10 10 10 10 10 10 8 10 10 8 10 10
left_child=4 2 -2 -4 5 8 7 -7 -1 10 -8 -11 14 -14 -6
right_child=1 -3 3 -5 12 6 9 -9 -10 11 -12 -13 13 -15 -16
leaf_value=8.7616164835968235e-05 -0.00027701383089956578 -0.00034616987207403068 0.00069466931152132433 -1.0793411249819253e-05 -2.6336670193377906e-05 0.00053630650025506498 -7.721537633436998e-06 -2.5831084882925535e-06 -0.000275011068252958 -0.00039856722269169821 0.00072209720971020438 0.00029072524342197667 0.0010347513599177085 2.0206433460296393e-05 0.0053730608034419109
leaf_weight=15.689437304856254 63.052819565869868 215.89235707605258 17.276883423328403 8.3922689259052259 1249.0625688638538 19.057279959786683 69.581403441727161 26.065453560557216 305.80608938029036 102.8005993696861 14.844448193907736 46.498875875025988 7.0868541803210965 1851.5928459102288 9.4264750070869905
leaf_count=204 432 1867 26 80 5904 186 494 262 3346 1216 58 356 38 11781 20
internal_value=-0.000583578 -0.0027128 0.000811441 0.0100336 -0.000406274 -0.00171605 8.97297e-05 0.00617647 -0.00331218 -0.00104772 0.00213542 -0.00291482 -0.00015072 0.000394655 -0.000964027
internal_weight=4022.13 304.614 88.722 25.6692 3717.51 600.344 278.848 45.1227 321.496 233.725 84.4259 149.299 3117.17 1858.68 1258.49
internal_count=26270 2405 538 106 23865 6122 2572 448 3550 2124 552 1572 17743 11819 5924
is_linear=0
shrinkage=0.0286577


Tree=110
num_leaves=16
num_cat=0
split_feature=27 22 9 11 25 24 24 33 12 26 17 21 12 10 21
split_gain=1.91833 1.84512 1.94787 2.66168 2.05706 3.24555 2.03069 1.87007 3.20385 3.0829 2.88542 4.02584 2.88056 2.68919 2.05586
threshold=0.017284763570693033 0.02130185966101868 0.17278834902679388 0.18442700749117399 0.32797932453328754 11.500000000000002 10.500000000000002 0.026945233264211502 0.01301979894187714 0.061744172959229203 0.78363957608248513 0.13703098224904411 0.042329592812219978 0.12504318191346389 0.081471994555912461
decision_type=10 10 10 10 10 2 2 8 10 8 8 10 10 10 8
left_child=-1 2 -2 6 -5 -6 -4 8 -3 -10 -9 14 -13 -11 -12
right_child=1 7 3 4 5 -7 -8 10 9 13 11 12 -14 -15 -16
leaf_value=-0.00017552692291941078 -0.00036809641923508349 0.00035204622108758689 -0.0001347027614768613 -0.00018706634090116881 -0.00024550941744396057 0.0010174953904629595 0.0010015847664651696 -0.00022539022203040164 0.00046602187681839491 0.0013135443149260701 5.327348220802487e-05 -0.00090348933193076092 0.0014135152531482948 -4.5573616068492145e-05 -0.00022611218515175839
leaf_weight=199.59071614244021 99.831265802495182 6.5040302108973256 6.1680314419791111 114.65149460267276 22.032295792363584 8.1041536331176776 11.404163599014282 287.81612875079736 6.0540848970413199 12.877171045169232 1614.8634993759915 7.8080074824392787 27.592527281492949 1378.6695294613019 218.1595605192706
leaf_count=1574 2424 28 160 1092 152 12 20 2282 16 68 9721 70 126 6541 1984
internal_value=-0.000573695 -0.000427587 -0.00275054 -0.000740541 -0.00207993 0.00440725 0.00962088 -0.000253558 -0.00106882 -0.00117035 0.000272768 0.000688425 0.0102436 -0.00126729 0.000497201
internal_weight=4022.13 3822.54 262.191 162.36 144.788 30.1364 17.5722 3560.34 1404.1 1397.6 2156.24 1868.42 35.4005 1391.55 1833.02
internal_count=26270 24696 3860 1436 1256 164 180 20836 6653 6625 14183 11901 196 6609 11705
is_linear=0
shrinkage=0.0286577


Tree=111
num_leaves=16
num_cat=0
split_feature=22 19 28 33 35 27 26 12 20 21 5 27 26 24 28
split_gain=1.93507 2.62252 3.68984 2.30498 2.52397 3.06225 2.68467 2.6768 2.44582 2.21827 4.07798 1.75452 1.79562 1.6072 1.49881
threshold=0.02130185966101868 0.024465064815175453 0.007550000000000002 0.026945233264211502 4.8499186579900124 0.10594640157139605 0.061744172959229203 0.012479741460248927 0.0048233728506814075 0.14322291723874969 0.30394944294367643 0.97022160822888026 0.44618991484039977 7.5000000000000009 -0.009550000000000029
decision_type=8 10 8 8 2 8 8 10 8 10 10 8 10 2 10
left_child=1 -1 -3 4 5 14 -7 -8 -5 11 -11 12 -10 -6 -2
right_child=3 2 -4 8 13 6 7 -9 9 10 -12 -13 -14 -15 -16
leaf_value=-0.00025574265782666249 -2.2268901706838924e-05 0.00098833635511607482 -0.00032775463187740975 0.00086853315096733781 0.00038578853620225049 0.00045266678105487882 0.0003419574007345439 -1.879113128470449e-06 -2.6230273897370297e-05 -0.00012416695527219405 0.0013730072158478423 -0.00061764115612186385 0.00014076507326054845 -0.00020158920528178637 -0.00057623949207498523
leaf_weight=231.07730819284916 54.398578613065183 11.508279977366326 13.768293533474209 10.736822098493574 23.060801144689322 6.0540848970413199 5.7791600227355948 868.63837111182511 1236.2462925026193 20.920461459085345 18.609748139977455 35.91232925793156 936.82191619765945 444.60524995625019 103.98896293342113
leaf_count=2626 239 62 66 26 642 16 8 4417 8576 152 98 250 7520 1159 413
internal_value=-0.000655635 -0.00307108 0.00549295 -0.000488384 -0.00135694 -0.000557944 9.12951e-05 -3.14598e-05 8.64641e-05 1.61831e-05 0.00672888 -0.000100122 0 -0.00310938 -0.00422472
internal_weight=4022.13 256.354 25.2766 3765.77 1506.53 1038.86 880.472 874.418 2259.25 2248.51 39.5302 2208.98 2173.07 467.666 158.388
internal_count=26270 2754 128 23516 6894 5093 4441 4425 16622 16596 250 16346 16096 1801 652
is_linear=0
shrinkage=0.0286577


Tree=112
num_leaves=16
num_cat=0
split_feature=5 22 19 33 21 5 9 31 22 28 22 22 27 21 27
split_gain=2.42381 1.76401 3.50886 1.83494 2.13115 4.04131 1.95083 1.91169 2.42964 1.85103 4.59449 2.02945 1.70189 1.63465 1.57757
threshold=-0.20057629005035929 0.02130185966101868 0.02934646566757566 0.026945233264211502 0.14322291723874969 0.30394944294367643 0.34119029518440447 2.5200000000000018 0.065264215078416746 -0.01589999999999998 0.12503486195325461 0.02173626804339528 0.97022160822888026 0.081471994555912461 0.35214944042132984
decision_type=8 8 10 8 10 10 10 10 10 8 10 10 8 8 10
left_child=-1 2 -2 6 12 -6 9 8 -8 10 -3 -11 13 -5 -9
right_child=1 3 -4 4 5 -7 7 14 -10 11 -12 -13 -14 -15 -16
leaf_value=-0.0003619687290807367 -0.00023936686259109968 -2.969492956412036e-05 0.0009600129494441058 2.7542171476681187e-05 -0.00012060862108057687 0.0013336600440437341 0.00037473274010824966 -0.00019110039957956096 2.878470752473576e-05 5.8079087721475934e-05 0.0012434749257232893 -0.00010172355917808158 -0.00059994100684172434 -0.00020097260530429407 8.6050727681294786e-06
leaf_weight=83.33567603584379 242.27589571196586 188.53618695866317 7.8196818381547919 1860.6718154884875 20.734499493613839 18.609748139977455 79.645793578587472 142.2078327042982 161.7125570718199 3.7978092562407246 10.850602209568022 684.54346125759184 33.482915760483593 277.44904022873379 206.45314430445433
leaf_count=436 2654 1128 28 11859 146 98 375 380 712 24 52 3075 244 4013 1046
internal_value=-0.000584421 -0.000479152 -0.00281227 -0.000318102 0.000200649 0.00679416 -0.00110088 0.000160788 0.00213503 -0.00195048 0.000438015 -0.0026567 7.59015e-05 0.000181143 -0.00117784
internal_weight=4022.13 3938.79 250.096 3688.7 2210.95 39.3442 1477.75 590.019 241.358 887.728 199.387 688.341 2171.6 2138.12 348.661
internal_count=26270 25834 2682 23152 16360 244 6792 2513 1087 4279 1180 3099 16116 15872 1426
is_linear=0
shrinkage=0.0286577


Tree=113
num_leaves=16
num_cat=0
split_feature=26 11 8 28 10 11 28 33 28 23 10 23 20 11 17
split_gain=1.93603 1.70697 2.10027 5.42178 2.99997 2.6038 2.00896 1.9769 3.02572 3.56025 2.86337 2.52047 2.3708 1.53642 1.53259
threshold=0.19275336444706079 0.5895883552440222 0.47071412874713325 0.067550000000000013 0.51793062168661697 0.48575299208309891 0.093799999999999981 0.026945233264211502 -0.014450000000000017 0.063602752977586954 0.56353152724315592 0.011818342267796213 0.062950993887517806 0.41536906237725674 1.4470900111380993
decision_type=10 8 10 10 10 10 8 8 10 10 10 10 8 8 8
left_child=14 2 7 4 5 -4 -5 8 9 -2 -9 -10 -12 -8 -1
right_child=1 -3 3 6 -6 -7 13 10 11 -11 12 -13 -14 -15 -16
leaf_value=-0.0002488439178785137 -3.274700408200629e-06 -0.00011207256197210428 0.00073691413589590941 0.0043308223698252969 -0.00036186504510583043 2.4807567517120061e-05 0.0028281828492817008 1.0811886762820587e-05 0.0013245781139803329 0.0011598188845927616 -3.8880978908317694e-05 -6.5118532605792567e-05 0.0011886287465797528 -0.0012844389331269999 5.7143469184438862e-08
leaf_weight=431.1303113005124 212.70340874046087 518.9124914505519 33.990745544433594 17.185899078845978 50.494008236564696 63.896349404938519 5.0011732578277597 1578.9444826454856 11.043050692416726 52.808755613863468 12.206090141087769 798.71618410386145 25.62834628066048 7.2338022831827411 202.23156126379035
leaf_count=3080 1262 3178 138 32 180 288 12 12482 176 338 88 3533 118 52 1313
internal_value=-0.000563286 -0.000287978 -1.09364e-05 0.00299994 0.000692555 0.00367517 0.0142059 -0.000213733 -0.00116831 0.00146383 0.000415045 -0.00204382 0.0081894 0.00415807 -0.00201996
internal_weight=4022.13 3388.76 2869.85 177.802 148.381 97.8871 29.4209 2692.05 1075.27 265.512 1616.78 809.759 37.8344 12.235 633.362
internal_count=26270 21877 18699 702 606 426 96 17997 5309 1600 12688 3709 206 64 4393
is_linear=0
shrinkage=0.0286577


Tree=114
num_leaves=16
num_cat=0
split_feature=22 19 28 18 16 16 0 33 21 33 18 10 7 16 26
split_gain=1.92224 2.00202 2.95114 2.0137 1.94043 2.45937 1.58597 1.21471 2.21419 3.6637 1.84841 2.78025 2.72177 2.55494 2.17173
threshold=0.02130185966101868 0.024465064815175453 0.007550000000000002 0.084015358702200685 1.2247533428440098 1.301957552750364 0.20317500000000002 0.026945233264211502 0.14322291723874969 0.045718126314978187 -0.060669613350958489 0.31420119275211039 0.34788632026166 0.91994667267203056 0.084925103626750126
decision_type=8 10 8 10 10 10 2 8 10 10 10 10 10 10 8
left_child=1 3 -3 4 -1 -6 -2 10 -9 -10 13 14 -13 -8 -12
right_child=6 2 -4 -5 5 -7 7 8 9 -11 11 12 -14 -15 -16
leaf_value=-0.00030012596269029759 -0.000299855353843927 0.00093219138289950384 -0.00031181210116233601 7.4937886373274844e-05 0.00094633479651725001 -0.00022957119343304007 1.0603634954134671e-05 -1.4516380447260774e-06 0.0012613771534378344 2.1698692499228288e-05 0.0004476766822115128 0.00012211321687811456 -1.1704601423059329e-05 -0.00017295409080568441 -0.00010292490653657573
leaf_weight=200.635837235488 36.846598661039025 11.508279977366326 13.768293533474209 5.8264319896697989 7.5593392839655307 17.055699683725834 6.4569952730089417 2199.8092455987353 11.524070719256995 27.903518203645945 14.517472654581068 218.64751020632684 412.85250818822533 127.95624857023358 709.25861025974154
leaf_count=1776 364 62 66 38 56 756 40 16064 26 222 32 1046 1676 566 3480
internal_value=-0.000594802 -0.00300136 0.00444664 -0.0038627 -0.00432997 0.00298805 -0.00042816 -0.000366661 5.10068e-05 0.00676483 -0.00100107 -0.000674039 0.000703967 -0.00421783 -0.00188995
internal_weight=4022.13 256.354 25.2766 231.077 225.251 24.615 3765.77 3728.93 2239.24 39.4276 1489.69 1355.28 631.5 134.413 723.776
internal_count=26270 2754 128 2626 2588 812 23516 23152 16312 248 6840 6234 2722 606 3512
is_linear=0
shrinkage=0.0286577


Tree=115
num_leaves=16
num_cat=0
split_feature=22 19 27 5 35 30 30 38 19 35 22 22 33 5 11
split_gain=2.22945 2.02583 2.52441 1.81639 1.50988 1.22752 1.20371 2.41777 1.69691 1.41111 1.8898 4.07847 2.54102 1.64008 7.18425
threshold=0.02130185966101868 0.024465064815175453 0.28277232699378035 -0.42231404515553822 3.0612858768833142 17.370000000000001 23.075000000000006 3.5000000000000004 0.049246657461392555 3.1688448028434846 0.10340860413827326 0.098479846729313716 0.06535345558919449 0.29388310446967791 0.30067295068513483
decision_type=8 10 8 8 2 8 10 2 10 2 8 10 10 8 10
left_child=1 4 -3 -2 5 -1 9 -8 -9 10 11 -5 -12 -11 -15
right_child=3 2 -4 6 -6 -7 7 8 -10 13 12 -13 -14 14 -16
leaf_value=7.2790342022646383e-05 -0.00067790426520194364 0.00090547696066348746 -0.00025947880307007544 1.4392327218939158e-05 -0.00025171650302726272 -0.00065250715906323489 -0.00035658872297662114 -0.00048767849201930509 0.00030883514327524169 -2.987613283623749e-05 -8.9222587421559671e-05 0.0012878107156189555 0.00039552744989602165 -7.0476780775525905e-05 0.0010178897744813579
leaf_weight=9.6640478149056452 37.415668481960893 10.472925154492257 14.803648356348278 379.72197928233072 209.22366705723107 12.189593320712445 91.657297253608704 106.4089083969593 146.46633285284042 2136.6621313935611 131.09259816259146 27.883225125260651 59.331599019467831 455.18277242220938 193.95026594400406
leaf_count=348 176 56 72 2438 2138 140 144 744 896 13716 845 144 398 2935 1080
internal_value=-0.000588577 -0.00317908 0.00430735 -0.000409403 -0.00404449 0.00281848 -0.000343325 -0.00195935 -0.000469349 -0.000175722 0.00108223 0.00219186 -0.0012405 -0.000449408 0.000804141
internal_weight=4022.13 256.354 25.2766 3765.77 231.077 21.8536 3728.36 344.533 252.875 3383.82 598.029 407.605 190.424 2785.8 649.133
internal_count=26270 2754 128 23516 2626 488 23340 1784 1640 21556 3825 2582 1243 17731 4015
is_linear=0
shrinkage=0.0286577


Tree=116
num_leaves=16
num_cat=0
split_feature=9 4 4 6 20 23 9 9 10 23 30 24 10 21 21
split_gain=1.91242 1.36013 3.35038 1.75695 1.72568 2.21886 1.60449 3.45803 1.77674 1.72716 1.51897 1.33174 1.35147 1.31044 1.64727
threshold=0.13651359942566546 0.036929276707531968 0.032684463048476699 4.7973891240900537 0.016635852015715328 0.0080900947714844535 0.32995646668033657 0.34926008656413116 0.41237526955901155 0.080260008928837875 23.470000000000002 3.5000000000000004 0.16396271764321249 0.025238668034454455 0.023311500223615288
decision_type=8 8 10 10 8 8 10 10 10 10 10 2 10 8 10
left_child=-1 2 4 6 11 -6 13 9 -9 -8 -7 -2 -13 14 -3
right_child=1 3 -4 -5 5 10 7 8 -10 -11 -12 12 -14 -15 -16
leaf_value=-0.0002843114498044466 0.00098093679116501519 -9.4405119083763482e-05 0.0011881811116400019 0.00084460518715514133 0.00087952811121487929 8.5219366747709011e-07 0.0023955140268574755 2.5877824898082936e-05 -0.00015173171512217963 -0.00098160813847856642 -0.00016723671532657984 4.9595246013617554e-06 -0.00028662300980335996 -0.00039031969249644059 0.0020413953697098761
leaf_weight=57.113112960010767 6.8309054085984817 220.43537012860179 7.1768745612353078 11.041196345351635 5.8698867037892333 2800.0424481008667 14.958007027395071 79.042805563658476 67.354374619200826 3.8960805833339682 294.48772242665291 73.585685551166534 150.42404123395681 217.27556986315176 12.592578961513935
leaf_count=1808 602 1183 34 59 24 17187 90 442 293 22 1476 338 868 1734 110
internal_value=-0.000573019 -0.000495096 -0.000261571 -0.00172285 -0.000307297 -0.000125857 -0.00194091 0.000421932 -0.00100972 0.0119385 -0.000163067 -0.00269857 -0.00311542 -0.00282988 -0.00127465
internal_weight=4022.13 3965.01 3338.42 626.596 3331.24 3100.4 615.555 165.251 146.397 18.8541 3094.53 230.841 224.01 450.304 233.028
internal_count=26270 24462 20529 3933 20495 18687 3874 847 735 112 18663 1808 1206 3027 1293
is_linear=0
shrinkage=0.0286577


Tree=117
num_leaves=16
num_cat=0
split_feature=8 23 20 19 38 12 16 20 5 32 38 17 23 10 5
split_gain=1.71322 1.42763 1.83905 1.52108 3.34231 3.56624 2.87757 2.2589 2.11229 1.93517 1.85586 1.80389 1.46091 1.41771 2.82649
threshold=0.13347314184131662 0.023696994538165986 0.091721019759140418 0.023133404761685256 3.5000000000000004 0.036578516124390566 1.0063072243278535 0.026072699476450138 0.015087169695878597 0.95514511873350927 3.5000000000000004 0.7806637361184271 0.026869945648245467 0.32464280013726143 0.062708346793977174
decision_type=8 10 10 10 2 10 8 10 8 10 2 8 10 10 8
left_child=-1 2 13 4 5 6 -3 -6 -5 11 -11 -10 -7 -2 -15
right_child=1 3 -4 8 7 12 -8 -9 9 10 -12 -13 -14 14 -16
leaf_value=-0.00065448616869459358 -0.00011671247235899189 0.00079091358194307312 0.0024044993173164796 -0.00028241395170573686 -0.00034275689987451832 0.00052702327320889187 -0.00028487208616932404 0.0016919874879637892 -8.1663292386485839e-05 -0.00032384444551123603 -0.00012790856650110377 5.9690348166233485e-06 4.1901524417822512e-05 7.0679919389433595e-05 -0.00010122832491280791
leaf_weight=54.96337329922244 491.84677208517678 9.8726372942328435 3.6417757272720328 169.56245834100991 69.001726131886244 16.567020714282993 26.94953091442585 4.6215125266462556 471.86684531485662 66.1823990046978 59.676815867424011 2466.6103962250054 13.249018833041189 18.767100701108575 78.747277058195323
leaf_count=1048 5084 36 8 1056 340 28 72 34 3030 98 392 14180 34 156 674
internal_value=-0.000566446 -0.000493903 -0.00179329 -0.00026248 0.00264763 0.00731164 0.00103257 -0.00144869 -0.000391955 -0.000216078 -0.00369397 -6.34503e-05 0.0146678 -0.00193713 0.00114751
internal_weight=4022.13 3967.16 593.003 3374.16 140.261 66.6382 36.8222 73.6232 3233.9 3064.34 125.859 2938.48 29.816 589.361 97.5144
internal_count=26270 25222 5922 19300 544 170 108 374 18756 17700 490 17210 62 5914 830
is_linear=0
shrinkage=0.0286577


Tree=118
num_leaves=16
num_cat=0
split_feature=26 16 16 38 22 10 22 34 26 38 22 20 26 9 33
split_gain=2.01821 1.84179 2.42261 3.05363 2.75006 2.60986 2.60636 3.15877 1.59924 1.51709 1.24564 2.18432 1.20303 1.79126 1.41825
threshold=0.25574962479090774 0.96480447506813005 0.94539224012263101 2.5000000000000004 0.032826042474362341 0.23342756789503136 0.036060104581503744 -0.026504710733826927 0.25847957113098502 11.500000000000002 0.023931338170074212 0.024417612739628173 0.093897919101698632 0.18396301378733129 0.054024198179615464
decision_type=10 10 10 2 8 10 10 10 8 2 8 10 8 10 8
left_child=1 2 4 5 -1 -4 7 -6 -2 -8 11 -3 13 -12 -14
right_child=8 10 3 -5 6 -7 9 -9 -10 -11 12 -13 14 -15 -16
leaf_value=-0.00047240693934775114 0.0001929592343977005 -0.00014098651926131904 6.7885540364918511e-06 -0.00028063235643336915 0.001478263220221248 0.0034789441217093972 -9.286808800916882e-05 -1.1958915156164392e-05 -6.6625168749637509e-06 0.0011587138266126655 -0.00061153418167998069 0.0012038358492997175 -0.00039940610696464481 0.00018238110237364102 -0.00013758605264660163
leaf_weight=159.94563568010926 15.205305982846765 65.499299346469343 9.3988889120519179 20.333857642486691 22.347125316970054 14.499856367707251 278.80645474744961 8.3385891914367658 3076.2519846933428 3.6554365344345561 10.303897660691293 10.915702020749448 180.00020605977625 12.313187040388582 134.31123284157366
leaf_count=1085 98 673 28 152 614 32 1807 28 19747 20 134 56 536 52 1208
internal_value=-0.000517683 -0.00168864 -0.000525399 0.00583434 -0.00114358 0.0127892 0.000389411 0.00830622 -0.000161852 -0.00044147 -0.00311934 5.77684e-05 -0.00386898 0.00221182 -0.00433948
internal_weight=4022.13 930.669 517.326 44.2326 473.093 23.8987 313.148 30.6857 3091.46 282.462 413.344 76.415 336.929 22.6171 314.311
internal_count=26270 6425 3766 212 3554 60 2469 642 19845 1827 2659 729 1930 186 1744
is_linear=0
shrinkage=0.0286577


Tree=119
num_leaves=16
num_cat=0
split_feature=26 34 20 22 22 22 36 22 33 22 33 23 9 33 26
split_gain=1.68624 1.72332 2.10617 2.16406 1.89643 1.88219 3.76766 2.00605 1.79322 1.7317 1.62649 2.04177 2.02429 4.67535 1.59823
threshold=0.25574962479090774 -0.021384493661004086 0.0068977768017373662 0.032826042474362341 0.022914928773847248 0.036958123819828638 1.0000000180025095e-35 0.08642083642008376 0.012709257781763685 0.028069793456763126 0.015805971656566612 0.054914899156437109 0.22167193096984888 0.020358582615696456 0.25847957113098502
decision_type=10 10 8 8 10 8 2 10 8 8 10 8 10 10 10
left_child=1 2 4 8 -1 6 -5 -7 9 -4 -3 12 -12 -14 -2
right_child=14 10 3 5 -6 7 -8 -9 -10 -11 11 -13 13 -15 -16
leaf_value=-0.00031983024415053486 0.00018742947456876376 -0.00050830352333459321 5.3476057987650618e-05 -9.7035982775129542e-05 0.00093611108873618116 -0.00012419082226047397 0.00061048854557100934 0.0011331909536284579 -0.00042176107541714035 -0.0011605925969950075 -0.00025589696934489448 -0.00078625818404489908 0.00029284525666978977 -1.1616200650509126e-05 -6.4715847421234279e-06
leaf_weight=5.0473230765201134 15.205305982846765 152.46357209049165 6.6443309709429714 26.736351704224944 7.8596102502197027 207.93545447615907 29.456303555518389 43.13624844327569 147.55169343575835 4.6291008740663537 114.02985550090671 62.942201606929302 19.937628865242004 102.29969451203942 3076.2519846933428
leaf_count=382 98 516 98 144 20 2382 156 602 1260 22 361 165 30 287 19747
internal_value=-0.000484714 -0.00155523 -0.000333731 -0.000672498 0.01094 0.000704881 0.00544493 -0.000320382 -0.00339695 0.00719908 -0.00282776 -0.00155059 -0.000282343 0.00223095 -0.000159129
internal_weight=4022.13 930.669 478.996 466.089 12.9069 307.264 56.1927 251.072 158.825 11.2734 451.673 299.209 236.267 122.237 3091.46
internal_count=26270 6425 5066 4664 402 3284 300 2984 1380 120 1359 843 678 317 19845
is_linear=0
shrinkage=0.0286577


Tree=120
num_leaves=16
num_cat=0
split_feature=26 21 21 7 23 20 21 23 33 33 12 21 21 5 21
split_gain=1.8408 1.73445 3.49649 1.68302 1.62535 2.58579 2.08579 1.38525 1.66252 1.56095 1.59531 1.57184 3.99252 2.57741 1.73192
threshold=0.19275336444706079 0.0086140229893980434 0.0096153649809636536 0.19246570227451987 0.022269556321038279 0.0068977768017373662 0.01767953673658126 0.011818342267796213 0.034159724471524718 0.080064103031707204 0.10396271057240004 0.015193762801171325 0.015320521090401733 0.29388310446967791 0.010957187743742278
decision_type=10 8 8 10 8 8 8 8 10 10 10 10 10 8 8
left_child=1 -1 3 -3 -4 -6 -7 8 -2 11 -11 14 -13 -14 -9
right_child=7 2 4 -5 5 6 -8 9 -10 10 -12 12 13 -15 -16
leaf_value=-0.00047871998440674959 0.00086598191755358795 0.00033520761210581186 -0.00021413266397119488 -6.5622585400136829e-05 0.00090928433690917873 0.0001584190281660351 -0.0001987889188039647 -4.3060762030722277e-06 -6.1732004071448173e-05 0.00013369678463289481 -0.0005963162921372681 0.00051229641286212532 -3.0706589744960488e-05 8.3971524388585139e-05 -0.00042506588945008213
leaf_weight=69.339479104615748 21.114257753361017 11.212663104757668 108.41700097033754 4.8135570632293811 5.136343002319335 103.93553270120174 330.50729661784135 127.76766358595341 26.531926453113556 652.06150400079787 46.599849032238126 9.6707172710448486 1763.4708200022578 570.08953419141471 171.45851518400013
leaf_count=301 730 28 982 58 8 405 2611 729 452 5822 268 40 8210 2879 2747
internal_value=-0.000474258 -0.00189401 -0.00134419 0.0116763 -0.00174786 -0.000943401 -0.00120853 -0.000205857 0.00462259 -0.000278006 0.000920843 -0.000598799 -0.000343997 -0.000425168 -0.00255911
internal_weight=4022.13 633.362 564.022 16.0262 547.996 439.579 434.443 3388.76 47.6462 3341.12 698.661 2642.46 2343.23 2333.56 299.226
internal_count=26270 4393 4092 86 4006 3024 3016 21877 1182 20695 6090 14605 11129 11089 3476
is_linear=0
shrinkage=0.0286577


Tree=121
num_leaves=16
num_cat=0
split_feature=7 11 26 35 35 35 33 8 10 8 8 19 7 24 35
split_gain=1.74944 1.40144 1.41579 2.97541 3.44114 2.39823 1.43072 2.30252 2.33693 1.6289 3.47812 2.46723 1.37647 1.37607 0.984417
threshold=0.12290795528484336 0.11525777738276129 0.19275336444706079 4.0758410330075261 3.9024775874882436 2.2995800809599403 0.017838301694441675 0.81339395314152785 0.75564174773701542 0.49076944459072885 0.32235882684455658 0.15135855090552428 0.34788632026166 8.5000000000000018 6.215227809621509
decision_type=8 8 8 2 2 2 10 10 10 10 10 10 10 2 2
left_child=-1 -2 3 4 5 -3 7 12 -9 10 -8 -11 -4 -6 -5
right_child=1 2 6 14 13 -7 9 8 -10 11 -12 -13 -14 -15 -16
leaf_value=-0.00081677001451840414 0.00051842803296593633 6.2548096847487276e-05 -1.5103917734752934e-05 -0.00028258901911519605 -0.0003081276928635976 -0.00016218558577304177 -1.4333683739682783e-05 -2.0798130379267923e-06 0.0052250806788404023 -0.0002693008124460895 8.1902967823777869e-05 0.00078627735048500066 -0.00011087527877761029 0.00047863756249203441 0.00018269564365936235
leaf_weight=45.663241214118898 8.691268000751732 17.211780307814479 1038.9530939289834 136.63784247287549 2.6566160451620808 123.57746034231968 1410.4974650423974 10.861087948083879 8.4963452778756601 141.68199224770069 586.25185324624181 38.02991484478116 435.44375064596534 12.960332274436949 4.512616198975592
leaf_count=578 492 146 7250 808 114 1228 10464 74 50 401 2411 110 2094 32 18
internal_value=-0.000474545 -0.00040763 -0.000435527 -0.0023405 0.000322843 -0.00103523 -0.000278236 -0.000962238 0.00874308 0.000186688 0.000426223 -0.00241658 -0.00109775 0.0130321 -0.00535784
internal_weight=4022.13 3976.46 3967.77 297.557 156.406 140.789 3670.22 1493.75 19.3574 2176.46 1996.75 179.712 1474.4 15.6169 141.15
internal_count=26270 25692 25200 2346 1520 1374 22854 9468 124 13386 12875 511 9344 146 826
is_linear=0
shrinkage=0.0286577


Tree=122
num_leaves=16
num_cat=0
split_feature=22 16 16 9 26 20 15 10 26 4 25 6 20 20 33
split_gain=2.01564 2.1811 3.07499 1.37159 1.31656 1.68134 1.58577 1.72457 1.87001 2.85739 1.3041 3.52369 2.47175 1.73205 1.32707
threshold=0.02130185966101868 1.0185482725963935 1.0536785476857695 0.2057083819969959 0.19804467172124296 0.0048233728506814075 1.3972758920852806 0.17714978602549222 0.093897919101698632 0.086933044520723132 0.23422794609259526 2.3148124545569919 0.025448751637015241 0.018005373554607382 0.10496608982688295
decision_type=8 10 10 10 8 8 8 8 10 8 8 8 10 8 10
left_child=1 -1 3 -3 6 -6 -2 -8 9 -9 11 -7 -13 -12 -15
right_child=4 2 -4 -5 5 10 7 8 -10 -11 13 12 -14 14 -16
leaf_value=-0.00028996682238467025 -0.000273878596164386 -0.00028667775584975398 -7.6927745005686635e-05 0.00083363774961343841 0.00083537099040465498 -0.00045058405946216823 -0.00051823100973027775 0.00084695575633738816 -1.2750475855571625e-05 -0.00057279728572075782 -0.00022872693844701086 5.6065087699292048e-05 0.00054472954925754492 -1.2910739375917709e-05 0.00020663236883663284
leaf_weight=147.50749521423131 117.06869540549815 2.8108444334939113 94.152145432308316 11.883396623656152 11.334460122510789 46.016353307291865 53.610994854476303 17.479494874598462 97.958697118097916 9.2808475191704911 124.95019542053342 117.42402586340904 52.454152084887028 2766.4365587879438 351.75830297637731
leaf_count=1332 618 70 1292 60 50 242 472 152 872 102 701 539 265 16141 3362
internal_value=-0.000503996 -0.00296661 2.12712e-05 0.012197 -0.000333541 -0.000174019 -0.00217235 -0.000408072 0.0013787 0.00807586 -0.000213298 0.00193499 0.00387328 -0.000359504 -0.000223396
internal_weight=4022.13 256.354 108.846 14.6942 3765.77 3470.37 295.399 178.33 124.719 26.7603 3459.04 215.895 169.878 3243.15 3118.19
internal_count=26270 2754 1422 130 23516 21300 2216 1598 1126 254 21250 1046 804 20204 19503
is_linear=0
shrinkage=0.0286577


Tree=123
num_leaves=16
num_cat=0
split_feature=4 9 27 19 35 18 28 10 10 28 18 28 19 19 16
split_gain=1.6333 1.57071 2.46774 1.79267 1.44321 1.92617 2.3208 2.31421 2.16671 1.94599 1.72777 4.01489 1.78868 4.7531 2.6196
threshold=0.36852369605520113 0.2508396970940715 0.060560423512230781 0.034752254898380637 3.1688448028434846 -0.082459631372562223 -0.036150000000000009 0.51793062168661697 0.1454838822126546 -0.016999999999999984 0.058073942495931903 0.077650000000000011 0.066121127957478931 0.063061417832761243 0.96990368517002468
decision_type=8 10 10 8 2 8 8 10 10 8 10 10 10 10 10
left_child=4 -2 3 -3 5 -1 8 9 -7 -8 -6 12 13 -12 -14
right_child=1 2 -4 -5 10 6 7 -9 -10 -11 11 -13 14 -15 -16
leaf_value=-8.2057368439664415e-05 -0.00044028251840014823 0.0011471718868153536 -4.5883191017963384e-05 -0.00065589427660910993 -3.3187364251331374e-05 0.0014564753438904767 4.9615851182824065e-05 0.0021176310597436792 -0.00033391088523996036 1.3720548832539051e-05 2.3137215362988364e-05 0.0010500651164766443 0.00031721891375278478 0.0020900785920442808 -0.00037928912478105386
leaf_weight=40.73463794356212 138.90937515674159 7.9470808599144194 153.48249245807528 4.275380516424776 2832.2630008014385 4.9740089925471684 52.345453114481643 54.724684414453804 98.505225752945989 351.15203731460497 124.43980326270685 10.014895951375363 55.981461016461253 12.284702263772486 80.092420218978077
leaf_count=160 1474 34 825 72 18336 70 370 378 750 2339 736 52 330 34 310
internal_value=-0.000552434 -0.00257482 -0.000619407 0.0115531 -0.000383893 0.000893014 0.00134407 0.00223089 -0.00248315 0.00144817 -0.000634082 0.00148819 0.000787998 0.00312428 -0.00148773
internal_weight=4022.13 304.614 165.705 12.2225 3717.51 602.436 561.701 458.222 103.479 403.497 3115.08 282.813 272.798 136.725 136.074
internal_count=26270 2405 931 106 23865 4067 3907 3087 820 2709 19798 1462 1410 770 640
is_linear=0
shrinkage=0.0286577


Tree=124
num_leaves=16
num_cat=0
split_feature=5 17 30 7 12 24 5 38 7 6 4 12 20 30 17
split_gain=2.43197 1.69167 1.39225 1.98244 4.7274 3.92792 3.53561 1.76698 1.5398 1.48541 2.04704 0.864278 0.668897 0.547889 0.580546
threshold=-0.20057629005035929 0.53641936950695268 25.325000000000003 0.27611586081047168 0.045767747468455799 11.500000000000002 0.29388310446967791 3.5000000000000004 0.27781947795176593 4.7973891240900537 0.089021916633177448 0.30600316734043193 0.07815429171983139 15.800000000000002 0.87392250756857914
decision_type=8 8 10 10 10 2 8 2 10 10 8 10 10 8 10
left_child=13 11 3 9 5 -5 -6 -4 -9 10 -3 -2 -10 14 -1
right_child=1 2 7 4 6 -7 -8 8 12 -11 -12 -13 -14 -15 -16
leaf_value=-0.00060757648949949766 -0.00030071658197611083 -2.0261223345965293e-05 -0.00014740861802876258 0.00040202449294329562 -2.0949234829989783e-05 0.00091529916875607732 0.00025126155802856652 0.00080791415319827131 -0.00044100760265961702 0.00078547244944192395 -0.00025090174007621357 0.00029045683141768635 0.0010519084801102292 -0.00037104207168947486 0.0009267697483963613
leaf_weight=4.5092691443860513 76.800067593343556 1856.6137787436601 70.112327635288239 183.84990811953321 1010.3996438747272 75.13555246591568 317.45029052440077 3.6243109703063956 63.637851148843765 8.2910976884886605 255.72159404633567 5.8010824322700492 11.353478759527205 75.332234402187169 3.4941724892705679
leaf_count=48 409 14611 106 1580 4634 111 1519 4 466 47 2247 40 60 344 44
internal_value=-0.000464119 -0.000358747 -0.00026894 -0.000156951 0.000605643 0.00414635 -7.8042e-05 -0.00298922 0 -0.000732287 -0.000784777 -0.00441879 -0.000941601 -0.00531064 0.000774775
internal_weight=4022.13 3938.79 3856.19 3707.46 1586.84 258.985 1327.85 148.728 78.6156 2120.63 2112.34 82.6012 74.9913 83.3357 8.00344
internal_count=26270 25834 25385 24749 7844 1691 6153 636 530 16905 16858 449 526 436 92
is_linear=0
shrinkage=0.0286577


Tree=125
num_leaves=16
num_cat=0
split_feature=26 18 22 28 28 34 34 17 32 23 26 22 19 4 34
split_gain=1.7495 1.77099 2.34944 3.84658 5.40568 2.32544 2.06072 1.90714 2.11361 1.73963 2.75139 2.47599 1.58408 1.68143 1.56167
threshold=0.25574962479090774 -0.010970690479023935 0.029394401596254897 0.011200000000000031 0.00040000000000003927 -0.014128325549150554 0.026014392673718637 1.3935465197683079 0.65831134564643812 0.011818342267796213 0.32961264300872678 0.020307300560649565 0.018444373214408793 0.24519854201665969 -0.022421260223068947
decision_type=10 10 10 10 10 10 10 10 10 8 10 8 8 8 10
left_child=1 2 12 4 6 7 -4 -3 -9 10 -2 -11 13 -1 -6
right_child=9 5 3 -5 14 -7 -8 8 -10 11 -12 -13 -14 -15 -16
leaf_value=0.00025107054772203081 0.00081921727886197996 -9.1327118950800031e-05 4.4428197601874603e-05 -0.00046385825108018284 0.00043875936393591194 -0.00036040887473842823 1.5114893608460977e-05 0.0012073712326624686 -0.00070435289930685793 -0.00029209874888770138 5.9454520665192998e-05 -2.488348295152227e-06 -0.00041786365300846 -0.00060341290231593161 0.00058117983791236257
leaf_weight=9.2457405775785464 13.588779714889823 238.79400442354381 204.41105021769181 61.108466150704771 4.0969514502212432 264.99524347204715 15.344192106276749 17.158062964677814 6.980676654726266 103.58452247688547 28.234567307401448 2946.0494211770128 82.710433301515877 7.5757459793239823 18.248802063986659
leaf_count=182 240 2594 1151 326 62 785 28 200 46 682 766 18157 913 86 52
internal_value=-0.000529144 -0.0016198 -0.00016186 0.00106674 0.00271594 -0.00271262 0.00129333 -0.000756482 0.00680631 -0.000197492 0.00558022 -0.000280406 -0.00399823 0.00362845 0.0161101
internal_weight=4022.13 930.669 402.741 303.209 242.101 527.928 219.755 262.933 24.1387 3091.46 41.8233 3049.63 99.5319 16.8215 22.3458
internal_count=26270 6425 2800 1619 1293 3625 1179 2840 246 19845 1006 18839 1181 268 114
is_linear=0
shrinkage=0.0286577


Tree=126
num_leaves=16
num_cat=0
split_feature=26 16 12 35 23 28 28 18 35 11 9 18 28 28 11
split_gain=1.80768 1.89175 2.45276 4.64515 1.88176 2.2418 2.20416 2.07441 1.81574 1.51161 2.01225 2.16097 1.82178 6.1072 2.40137
threshold=0.25574962479090774 0.96480447506813005 0.037437361828914884 2.8145100673021726 0.023977704483571786 0.011950000000000004 0.0094500000000000157 -0.016357415635143421 3.0803031486170993 0.5895883552440222 0.34119029518440447 0.11693412744368172 0.067550000000000013 0.093799999999999981 0.45071494828093972
decision_type=10 10 10 2 8 10 10 8 2 10 10 8 8 8 10
left_child=1 4 3 -3 8 6 7 -6 -1 10 -2 12 14 -14 -12
right_child=9 2 -4 -5 5 -7 -8 -9 -10 -11 11 -13 13 -15 -16
leaf_value=0.00032558131466610011 -1.2890326406650008e-05 6.8726632755250207e-05 -0.00034513216310067256 -9.3074650274640487e-05 0.00031805345916235527 -0.00031540408205698168 0.001937853772891511 2.7868823537168484e-06 -0.00030330788634337982 -8.6942485136691503e-05 0.00024413230035922833 0.0059881773858502909 0.0012727993143113753 -5.0649827370718319e-05 -0.00013167103034605976
leaf_weight=15.193861563690005 2075.883526271442 20.588000651448965 254.52723348885775 138.22829082934186 42.664851993322372 57.286232476122677 10.167699423618613 282.92493544192985 109.08826349396259 317.28766105277464 336.87121229246259 6.9231405314058057 43.371882935985923 61.506259497255087 249.61360809486359
leaf_count=192 15132 96 1395 1168 254 468 76 2085 691 1436 1721 54 168 302 1032
internal_value=-0.000524307 -0.00163282 -0.00308201 -0.00022035 -0.000454837 0.000495331 0.00141284 0.000964547 -0.00353508 -0.000187277 2.35544e-05 0.00135744 0.00117944 0.00466647 0.000537319
internal_weight=4022.13 930.669 413.344 158.816 517.326 393.044 335.757 325.59 124.282 3091.46 2774.17 698.286 691.363 104.878 586.485
internal_count=26270 6425 2659 1264 3766 2883 2415 2339 883 19845 18409 3277 3223 470 2753
is_linear=0
shrinkage=0.0286577


Tree=127
num_leaves=16
num_cat=0
split_feature=5 26 11 11 20 18 11 5 26 5 18 20 0 26 34
split_gain=2.23604 1.93923 1.44964 1.46921 3.3225 1.85379 1.4364 2.84124 1.66043 1.46701 2.43592 1.46888 1.36157 2.01499 1.6344
threshold=-0.20057629005035929 0.19275336444706079 0.5895883552440222 0.68713939672043389 0.17345763671062583 -0.0042512726279854132 0.5510493985460424 0.29157468937397724 0.45441787513059501 0.78258367261364836 -0.021790975159710787 0.0048233728506814075 0.37557500000000005 0.093897919101698632 -0.012798000755846637
decision_type=8 8 10 10 8 10 10 8 8 10 8 8 2 10 10
left_child=-1 12 6 -4 5 -5 9 -8 -9 11 -11 -3 -2 14 -14
right_child=1 2 3 4 -6 -7 7 8 -10 10 -12 -13 13 -15 -16
leaf_value=-0.00034018972067261253 -0.00025333988283134459 0.00077427196346861195 -0.00017565318126021217 -0.0003189146896380956 0.0050897448655469971 0.0002533395512188685 5.7800026344014491e-07 -0.00092551749220880664 0.0029037970819475161 0.0016575839343927539 -7.6682134924649482e-06 -9.4132981333931927e-06 -4.8794592483963049e-05 -9.4961014599077048e-05 0.00029666936602661576
leaf_weight=83.33567603584379 141.32018455397338 32.133450181689113 145.89481930015609 87.289416845887899 7.3955012168735257 94.661378998309374 49.815376533195376 4.7801849450916079 14.116716366261242 11.321378543972967 14.38309282064438 3172.9088567153085 19.152981280349195 128.67022642632946 14.947419274598358
leaf_count=436 1315 672 621 368 24 509 256 36 46 30 112 20562 238 1009 36
internal_value=-0.000563673 -0.000462453 -0.000275388 -0.00207156 -0.000347367 -0.00117403 -8.97399e-05 0.0039972 0.0133978 -0.000180021 0.00659524 -0.000237932 -0.00266377 -0.000800605 0.00527868
internal_weight=4022.13 3938.79 3634.7 335.241 189.346 181.951 3299.46 68.7123 18.8969 3230.75 25.7045 3205.04 304.091 162.771 34.1004
internal_count=26270 25834 23236 1522 901 877 21714 338 82 21376 142 21234 2598 1283 274
is_linear=0
shrinkage=0.0286577


Tree=128
num_leaves=16
num_cat=0
split_feature=4 17 17 35 4 5 38 34 22 23 25 5 5 0 23
split_gain=2.31214 2.03745 3.2681 3.0863 1.73853 1.48445 2.5521 1.39628 2.93142 3.01053 2.60492 1.56955 1.51099 1.83651 1.51146
threshold=0.037631386950465383 1.4033034374824884 1.5255969225325081 3.4841588906110665 0.032684463048476699 0.78258367261364836 7.5000000000000009 -0.012330511834220013 0.023273116275746405 0.0080900947714844535 0.18063817869128296 0.59783735463162913 0.021542742656523468 0.43192500000000006 0.14489150456584762
decision_type=8 10 10 2 10 8 2 10 8 10 10 10 10 2 10
left_child=4 5 3 -3 7 -2 -7 8 9 -1 -10 12 13 -9 -14
right_child=1 2 -4 -5 -6 6 -8 11 10 -11 -12 -13 14 -15 -16
leaf_value=0.00078844167580483892 -0.00014625162158029461 0.0028812999359593377 -9.033644331797014e-05 -0.00085992559532757119 0.0010863234449595301 -4.4138212015279353e-05 0.0015362813189818483 4.9512656819255353e-05 0.00069482646784149575 -0.00039360013612610895 1.1168595504269086e-05 0.00088621875805041587 -3.5350256674345154e-05 -9.2029834133201837e-05 0.00036799623399485679
leaf_weight=14.076925042085348 517.01694821566343 18.759033650159839 56.607887040823698 6.4541099453344932 10.228849678300319 26.355233991984278 16.435744935646653 11.558371365070345 46.062092541949823 145.34561372268945 1910.41850966122 9.746252775192259 1183.3133495599031 6.7203178703784934 43.027420042082667
leaf_count=660 3550 76 356 72 50 204 97 62 1348 1346 14157 26 4136 26 104
internal_value=-0.000572314 -0.00215137 0.00199825 0.0105863 -0.000269535 -0.00277621 0.00220823 -0.000308592 0.000136372 -0.00359069 0.000445542 -0.00106699 -0.00116472 0.00687916 -0.00129399
internal_weight=4022.13 641.629 81.821 25.2131 3380.5 559.808 42.791 3370.27 2115.9 159.423 1956.48 1254.37 1244.62 18.2787 1226.34
internal_count=26270 4355 504 148 21915 3851 301 21865 17511 2006 15505 4354 4328 88 4240
is_linear=0
shrinkage=0.0286577


Tree=129
num_leaves=16
num_cat=0
split_feature=26 35 23 22 19 4 35 7 24 9 35 4 34 7 4
split_gain=2.47485 2.42928 2.20748 2.03642 2.35603 1.9375 1.96036 2.21731 1.74581 1.51741 1.83833 1.43354 1.30754 2.05836 1.8729
threshold=0.19275336444706079 3.0803031486170993 0.022269556321038279 0.036413467758245131 0.041973871328985592 1.0000000180025095e-35 2.5568395641593615 0.26304512461406232 9.5000000000000018 0.33295435422456771 3.9024775874882436 0.43230995707661379 -0.012330511834220013 0.27499952561912661 0.21293610862371623
decision_type=10 2 10 10 10 8 2 10 2 8 2 8 8 10 10
left_child=1 5 -3 4 -4 6 7 -1 -9 -5 -11 12 13 -2 -14
right_child=11 2 3 9 -6 -7 -8 8 -10 10 -12 -13 14 -15 -16
leaf_value=-0.00020218508117791101 -1.2952984558351526e-05 -0.00024017512317371097 -2.2588098382200947e-05 -0.00034163767244386204 0.00063707248434355477 -7.6933714741225694e-05 0.001129742639215366 -0.00042223674116346734 0.0023277142372130034 0.0012106275474882517 -0.00024347539597244894 -6.039580030556583e-05 -2.3188597339839788e-05 0.00014467573619721396 0.00052934238422283262
leaf_weight=15.420817551203074 1042.3303942219354 133.80165002169088 135.27369018271565 156.58235004451126 11.979260474443434 63.02232418442145 20.518299975199625 4.7824214762076718 6.8772031795233488 31.518821294419467 53.585034179966897 164.06437717797235 1427.6488139438443 736.61755209695548 18.103650033473969
leaf_count=114 8824 1258 582 1021 36 488 270 88 20 250 266 1470 6990 4515 78
internal_value=-0.00054919 -0.00219509 -0.00301802 -0.00188674 0.00071353 0.0016021 0.00599673 0.000523909 0.0101751 -0.00351134 -0.000303717 -0.000238506 -0.000102256 0.000414357 -0.00074478
internal_weight=4022.13 633.362 522.741 388.939 147.253 110.621 47.5987 27.0804 11.6596 241.686 85.1039 3388.76 3224.7 1778.95 1445.75
internal_count=26270 4393 3413 2155 618 980 492 222 108 1537 516 21877 20407 13339 7068
is_linear=0
shrinkage=0.0286577


Tree=130
num_leaves=16
num_cat=0
split_feature=26 9 23 21 35 5 9 19 2 23 23 21 33 34 35
split_gain=2.73906 2.01341 1.51812 3.53591 2.72839 2.33638 1.77685 1.57491 1.34943 1.34553 1.65686 2.39778 2.25851 1.44349 1.92038
threshold=0.19275336444706079 0.33500429302141349 0.035896194061506632 0.021704570018260472 3.3923247890210084 0.13614542583261963 0.35634985607402087 0.084163196604892784 0.13555790230336451 0.18395440046960793 0.14227464422795288 0.059913439839765499 0.030710794144148682 -0.013252614868770605 2.1108188939397388
decision_type=10 8 8 10 2 8 8 10 2 10 10 8 8 8 2
left_child=1 -1 4 -4 6 -5 -3 -7 -8 10 13 12 -12 14 -2
right_child=9 2 3 5 -6 7 8 -9 -10 -11 11 -13 -14 -15 -16
leaf_value=-0.00018720162581859967 0.00068203610503942259 0.0034928494073452848 0.0011759337967548352 -0.00052764888459371612 -0.00023649796124026123 0.001383989252432114 0.0002838248351884412 -7.5235875936034406e-05 -0.00041013642486155562 -0.0005773914839003727 0.00067019336484425705 0.00011102814748210141 -0.00071225873144393603 -2.0075956709229101e-05 5.9357285546490684e-06
leaf_weight=435.06066271616146 21.328193955123425 7.6600441094487932 16.11256425245665 34.152477405965328 82.875526838004589 21.73485803976655 2.9144519958645096 22.653090437874198 10.198196768760679 31.120781877078116 14.680581107735632 58.318382665049285 7.5910240896046188 1746.4095491277985 1509.3162746517919
leaf_count=2995 222 38 478 188 262 152 20 160 100 210 42 388 46 8114 12855
internal_value=-0.000586145 -0.00231763 2.6349e-05 0.00269591 -0.00231626 4.45893e-05 0.00672715 0.00449433 0 -0.000259456 -0.0002012 0.0038434 0.0118177 -0.000303965 0.000333777
internal_weight=4022.13 633.362 198.301 94.653 103.648 78.5404 20.7727 44.3879 13.1126 3388.76 3357.64 80.59 22.2716 3277.05 1530.64
internal_count=26270 4393 1398 978 420 500 158 312 120 21877 21667 476 88 21191 13077
is_linear=0
shrinkage=0.0286577


Tree=131
num_leaves=16
num_cat=0
split_feature=26 4 20 12 21 8 12 18 5 4 5 5 7 30 8
split_gain=2.8429 1.667 1.6123 2.51323 2.09954 1.79353 1.57056 1.37231 1.34185 1.64009 1.32903 3.21413 1.53578 2.28415 1.16526
threshold=0.19275336444706079 0.36852369605520113 0.051567393823603098 0.042949569518811077 0.043669599243614195 0.37061320904469908 0.089990766968069014 0.024470111438775203 0.78258367261364836 0.20757003609957073 0.52304773136355698 0.30103657273078421 0.21314319010729788 17.500000000000004 0.38280030412860094
decision_type=8 8 10 10 10 10 10 8 10 10 10 10 8 10 10
left_child=7 8 3 5 6 -3 -5 -1 -2 -10 11 12 13 -9 -14
right_child=1 2 -4 4 -6 -7 -8 10 9 -11 -12 -13 14 -15 -16
leaf_value=-0.00021315605604391372 -5.2279911003644021e-06 -0.00022792750628314882 -0.00032502821236922208 0.00025529144456737314 0.001398138018679702 0.001064275453506695 -0.00055181636316598806 0.00029519265450819694 -0.00026534492618846028 0.0017279251905753885 -3.7192942447800389e-05 0.0031959694686438432 -0.00020590033063019547 -0.00058947708466125103 0.00070826196992571739
leaf_weight=231.4105618763715 3431.1296305905562 88.45934195863083 107.22000623866916 28.286236681044102 9.8457522857934219 2.9719083439558736 21.822338442318141 9.599202455487104 4.6207546144723883 10.964024003595112 20.574976399540901 12.250925541389732 34.058390120510012 6.8581345230340949 2.0544759631156913
leaf_count=1762 21593 788 612 257 66 8 178 142 28 62 104 112 514 26 18
internal_value=-0.000565998 -0.00034011 -0.00256094 -0.000579966 0.00389196 -0.00362336 0.00126816 -0.00317439 -0.000170434 0.00814237 0 0.00194784 -0.000974988 0.00597869 -0.00443557
internal_weight=4022.13 3705.32 258.606 151.386 59.9543 91.4313 50.1086 316.807 3446.71 15.5848 85.3961 64.8211 52.5702 16.4573 36.1129
internal_count=26270 23592 1909 1297 501 796 435 2678 21683 90 916 812 700 168 532
is_linear=0
shrinkage=0.0286577


Tree=132
num_leaves=16
num_cat=0
split_feature=4 34 34 4 36 25 4 11 35 2 7 24 23 34 28
split_gain=1.9538 1.78784 2.24567 3.53865 2.04397 1.95448 1.73379 1.72878 1.45305 1.43033 1.54126 1.36717 1.31874 1.3109 2.56433
threshold=0.037631386950465383 -0.0089043384277758247 0.032787478526565723 0.18605258056529192 1.0000000180025095e-35 0.38330884869984844 0.032684463048476699 0.43763125336686987 2.2995800809599403 0.1390199639939228 0.20098715299528033 9.5000000000000018 0.054914899156437109 -0.012330511834220013 0.047699999999999999
decision_type=8 10 10 10 2 10 10 10 2 2 10 2 10 10 10
left_child=6 8 4 -4 9 -5 13 11 12 10 -3 -6 -2 14 -1
right_child=1 2 3 5 7 -7 -8 -9 -10 -11 -12 -13 -14 -15 -16
leaf_value=-8.4731786110845949e-06 0.00081986471230143497 -0.0001590103776786909 -0.00010675504512498074 -1.8403470753745657e-05 0.00043265498523686576 0.0033929023440897291 0.0010510256088087043 4.9790943304918423e-06 -0.00024361739627830377 -0.00013163363392698833 0.00060974854232345591 0.0019656665954126953 -3.5258976635150539e-05 -2.4538939357625675e-05 0.00059071396271042796
leaf_weight=1884.2320054613519 15.210062498226764 5.4347215406596687 71.250233806669712 5.9226089715957633 7.6092932857573059 8.0328980684280378 10.228849678300319 17.864173114299774 414.19531137449667 51.750713976100087 12.143792027607558 18.646617949008942 13.568531166762112 1254.3657116126269 231.67113550659269
leaf_count=15765 108 23 174 34 88 14 50 76 3380 237 63 34 124 4354 1746
internal_value=-0.000533399 -0.00198518 0.000227424 -0.0032287 0.00291198 0.00959637 -0.000254785 0.00771913 -0.00299951 -1.94672e-05 0.00684197 0.0123831 0.00302799 -0.000293797 0.000137239
internal_weight=4022.13 641.629 198.655 85.2057 113.449 13.9555 3380.5 44.1201 442.974 69.3292 17.5785 26.2559 28.7786 3370.27 2115.9
internal_count=26270 4355 743 222 521 48 21915 198 3612 323 86 122 232 21865 17511
is_linear=0
shrinkage=0.0286577


Tree=133
num_leaves=16
num_cat=0
split_feature=26 9 17 19 21 19 35 23 33 23 12 24 31 12 17
split_gain=2.76519 2.79163 1.37841 1.33323 2.29452 2.26221 1.54467 1.30981 1.27663 1.14844 4.75125 2.93105 1.56391 1.35445 2.36402
threshold=0.19275336444706079 0.33500429302141349 0.53641936950695268 0.039004224174634845 0.021990474448355991 0.039675757361022891 3.9024775874882436 0.18395440046960793 0.045718126314978187 0.14227464422795288 0.092132273526392625 10.500000000000002 0.56500000000000139 0.096394767211923346 1.0115529974537358
decision_type=10 8 8 8 10 10 2 10 10 10 10 2 8 8 10
left_child=1 -1 -2 8 -5 -6 -7 9 -3 13 12 -12 -11 14 -4
right_child=2 3 7 4 5 6 -8 -9 -10 10 11 -13 -14 -15 -16
leaf_value=-0.00017548549066635818 -0.00034833368474250249 -0.00028684865201161514 2.3120512594747219e-05 0.001142626931120937 6.6811774253559277e-05 0.0010333813502301282 -0.00023051510821065055 -0.00055999174545302843 0.0010163018456422559 0.00071090574871458779 -0.00054919048074154072 0.0027388994238488401 -6.6915919348752419e-05 -8.366070249061293e-05 -2.5625558413758358e-05
leaf_weight=435.06066271616146 67.332808310166001 79.794251366518438 1098.5156813198701 11.98015776532702 5.5347590297460547 55.250796209089458 40.026988632045686 31.120781877078116 5.7142568454146376 22.808522168546915 7.5240486059337881 16.508564233779907 33.65269269188866 812.79359312308952 1298.5080951438285
leaf_count=2995 373 324 7793 458 18 362 174 210 62 130 82 24 232 4672 8361
internal_value=-0.000565088 -0.00230462 -0.000236897 0.000469041 0.00255369 0.00102346 0 -0.000151349 -0.00216414 -9.27203e-05 0.00327691 0.013916 -0.001114 -0.000180551 0.000158607
internal_weight=4022.13 633.362 3388.76 198.301 112.793 100.813 95.2778 3321.43 85.5085 3290.31 80.4938 24.0326 56.4612 3209.82 2397.02
internal_count=26270 4393 21877 1398 1012 554 536 21504 386 21294 468 106 362 20826 16154
is_linear=0
shrinkage=0.0286577


Tree=134
num_leaves=16
num_cat=0
split_feature=4 26 35 18 17 16 9 9 35 20 9 11 22 22 22
split_gain=2.24829 1.7326 2.70038 2.45951 2.01841 1.69912 1.3879 1.53727 1.33135 1.36103 4.1233 1.67808 1.94583 1.04922 2.76868
threshold=0.36852369605520113 0.19275336444706079 4.2294578664278548 0.02522074810544717 0.94025195422965846 1.1044891863403405 0.20072283129547136 0.18396301378733129 1.440984947107663 0.054071587083700919 0.28452159079773531 0.26507877938827284 0.062130510862667999 0.023671853541380738 0.024809185847757109
decision_type=8 8 2 8 10 10 10 10 2 10 10 10 10 8 8
left_child=1 2 3 6 5 -5 7 -1 -2 10 -10 -12 -13 -3 -15
right_child=8 13 -4 4 -6 -7 -8 -9 9 -11 11 12 -14 14 -16
leaf_value=-0.00029132816119119059 0.00026960892785237762 -8.6860670287698235e-05 -0.00032022077095668632 0.0012233668915147687 -3.4996461068173306e-06 -0.00040663740401497274 -0.00041495960885785401 0.00032622711446388174 -0.00019967845772032912 -0.00079946466855747636 0.00059300894537353684 -2.5841722538652516e-06 0.0013643895812880851 0.00033435726125109267 -2.6780058142186541e-06
leaf_weight=22.054490740876645 3.5531510757282367 238.26598718063906 124.37247689790092 17.38650466804393 18.554933243431151 3.3426108285784712 69.61395566817373 15.472949791699646 149.14155948860571 101.04038849845529 6.4860642896965137 27.81736191175878 16.575803726911545 31.184708648361266 3177.2637133796234
leaf_count=266 34 2173 788 272 196 16 548 96 1399 638 56 228 50 226 19284
internal_value=-0.000512222 -0.000315176 -0.00252355 4.81274e-05 0.00622627 0.0123354 -0.00213287 0.00212301 -0.00288227 -0.00311937 -0.00167614 0.00526771 0.00296246 -0.000138626 0
internal_weight=4022.13 3717.51 270.798 146.425 39.284 20.7291 107.141 37.5274 304.614 301.061 200.021 50.8792 44.3932 3446.71 3208.45
internal_count=26270 23865 2182 1394 484 288 910 362 2405 2371 1733 334 278 21683 19510
is_linear=0
shrinkage=0.0286577


Tree=135
num_leaves=16
num_cat=0
split_feature=5 26 35 35 16 27 27 27 35 20 7 35 35 35 22
split_gain=2.52416 2.53577 2.32179 4.20834 2.1085 1.30724 1.64584 3.05331 1.97512 1.82248 3.69464 2.50744 1.68141 1.41058 1.29133
threshold=-0.20057629005035929 0.19275336444706079 4.0758410330075261 3.8931459444660779 1.3881068824635054 0.017284763570693033 0.46272539380124522 0.45859204702275486 6.1109235706877207 0.051305600557248816 0.2788335147344092 2.5568395641593615 4.8642984033771715 6.1471626698833335 0.1418351619570804
decision_type=8 8 2 2 8 10 10 8 2 10 10 2 2 2 8
left_child=-1 2 3 4 14 13 7 8 -7 11 -11 -8 -9 -3 -2
right_child=1 5 -4 -5 -6 6 9 12 -10 10 -12 -13 -14 -15 -16
leaf_value=-0.00029054804883768087 -8.8038859963701974e-05 -6.4921520413114523e-05 -0.00022428416920533848 0.00028213796787683165 0.0011883080610117071 7.824611538299248e-06 0.00078972336336542313 -8.7086419106339314e-05 -3.5159814819918189e-05 0.00030631588852866605 -2.0284572126910617e-05 -0.0002260811756433447 0.0019796504609083756 0.0019834442381562391 0.0022517923376079666
leaf_weight=83.33567603584379 127.92059834115207 164.92398087587208 149.20890337717719 18.080114672891796 5.725514401914551 2414.7765878096689 23.442260237410665 2.7659616628661743 123.75826022215188 100.11259744456038 306.17654136894271 484.61486887466162 9.6775902509689313 4.4515237202867857 3.1556807421147814
leaf_count=436 1050 1164 1038 162 322 15350 176 74 670 698 1577 3483 24 20 26
internal_value=-0.000550957 -0.000443614 -0.00295927 -0.000429639 -0.00221499 -0.000230233 -0.000107001 0.000263748 0.000189707 -0.00115206 0.00025672 -0.00229785 0.014306 -0.00268924 -0.00303062
internal_weight=4022.13 3938.79 304.091 154.882 136.802 3634.7 3465.32 2550.98 2538.53 914.346 406.289 508.057 12.4436 169.376 131.076
internal_count=26270 25834 2598 1560 1398 23236 22052 16118 16020 5934 2275 3659 98 1184 1076
is_linear=0
shrinkage=0.0286577


Tree=136
num_leaves=16
num_cat=0
split_feature=26 5 35 35 8 17 17 9 26 5 20 5 10 35 7
split_gain=2.64853 2.48279 2.2924 4.21155 1.49988 1.70094 1.39414 1.15071 1.26301 2.63586 1.06384 1.02491 2.72253 1.01527 1.00181
threshold=0.19275336444706079 -0.20057629005035929 4.0758410330075261 3.8931459444660779 0.36605575632207971 0.99140622841741 0.53641936950695268 0.13651359942566546 0.20594732578974498 0.26221090965224964 0.0289125099276944 0.12190294814515536 0.24934110253128752 6.215227809621509 0.64771592690324187
decision_type=8 8 2 2 8 8 8 8 8 10 10 10 10 2 10
left_child=2 -2 3 4 11 -6 -3 -8 9 -9 -5 12 -1 -4 -10
right_child=1 6 13 10 5 -7 7 8 14 -11 -12 -13 -14 -15 -16
leaf_value=0.0011077464884027041 -0.00025030529049329211 -0.00028245246300291242 -0.00026226230384914954 1.171723952132841e-06 -0.00060880506169602451 0.0011542539344979125 -2.0637084718682769e-05 0.001116769217909191 -1.2784494905285594e-06 -0.00012727444337788606 0.00037272117840744101 -0.00028045639068197505 -0.0001150324139586185 0.00022180615878296338 -0.00011884298487471959
leaf_weight=9.8867046013474482 70.619820691645145 68.47150163166225 149.61160548473708 4.9526768987998393 8.2134314151480812 9.0174226879607868 32.548251398373395 29.452202854678035 3387.5524363664445 21.247337777167559 13.336080837994812 102.17853473406285 15.097594020422546 4.512616198975592 95.428442439064384
leaf_count=234 356 379 1040 90 54 182 1290 212 20877 106 76 784 200 18 372
internal_value=-0.000536583 -0.000318459 -0.00305425 -0.000610434 -0.00231521 0.00534981 -0.000212033 -0.000131246 -7.88046e-05 0.00439527 0.0121735 -0.00343974 0.0014557 -0.00556454 -0.000147074
internal_weight=4022.13 3705.32 316.807 162.682 144.394 17.2309 3634.7 3566.23 3533.68 50.6995 18.2888 127.163 24.9843 154.124 3482.98
internal_count=26270 23592 2678 1620 1454 236 23236 22857 21567 318 166 1218 434 1058 21249
is_linear=0
shrinkage=0.0286577


Tree=137
num_leaves=16
num_cat=0
split_feature=26 34 20 24 30 20 12 11 17 6 10 10 17 16 17
split_gain=2.32798 1.94213 1.73134 2.38119 1.69 1.6777 1.58297 2.07744 2.00218 2.26342 2.23242 1.73877 2.36026 1.65919 1.6122
threshold=0.24735425737784233 -0.014128325549150554 0.0068977768017373662 11.500000000000002 17.195000000000004 0.028649036191023606 0.10396271057240004 0.35784463047810794 1.1183031484698196 1.728746588967035 0.23754683786195827 0.30230577015051613 1.2722960960532004 0.72114719032621044 1.2631847416622672
decision_type=10 10 8 2 8 8 10 10 10 10 8 10 10 10 10
left_child=1 2 3 -1 6 -4 7 8 10 -10 -2 14 -13 -8 -9
right_child=4 -3 5 -5 -6 -7 13 11 9 -11 -12 12 -14 -15 -16
leaf_value=-0.00023952412259758662 0.00022128329831533106 -0.00013540247516426898 -0.00016954210767231256 0.00085331619549934914 -2.0045674193967905e-05 3.1031049115939057e-06 0.0033826734485160725 -0.00055121930320063998 -0.00010887323037629265 0.00026169496961424022 -3.4819012834963425e-05 0.00067395345263136276 -0.00010553237148462845 -0.00038729218278035906 0.0027504966229376887
leaf_weight=6.6694872179068607 296.31399523233995 369.2629394736141 178.25229094084352 7.802971363067627 1952.2729692647699 312.62438971875235 7.2139964662492266 26.712162673473358 328.62826872989535 5.2188465483486643 182.86265405407175 171.00905570248142 52.810205642599612 118.20169321773574 6.2707337923347941
leaf_count=390 2820 1057 1378 12 10391 3298 48 176 2708 34 1922 1070 366 576 24
internal_value=-0.000536239 -0.00184511 -0.000665633 0.0089598 -0.000169268 -0.000973741 0.000675129 0.00103878 0.000315134 -0.00137254 0.00151181 0.00328875 0.00421126 -0.00234389 -0.00265749
internal_weight=4022.13 874.612 505.349 14.4725 3147.51 490.877 1195.24 1069.83 813.024 333.847 479.177 256.802 223.819 125.416 32.9829
internal_count=26270 6135 5078 402 20135 4676 9744 9120 7484 2742 4742 1636 1436 624 200
is_linear=0
shrinkage=0.0286577


Tree=138
num_leaves=16
num_cat=0
split_feature=5 26 11 22 19 7 19 11 11 33 8 28 12 22 25
split_gain=2.53903 2.29183 1.82591 1.47088 3.11223 1.73933 1.45891 2.17231 2.69709 1.38403 3.88508 2.07852 1.37377 1.09876 1.06438
threshold=-0.20057629005035929 0.19275336444706079 0.5895883552440222 0.020740716109797035 0.02934646566757566 0.19174553551450138 0.15135855090552428 0.82545831813660264 0.92122025704438981 0.017838301694441675 0.36186082664874103 -0.014450000000000017 0.38530954027673442 0.14910996420792799 0.22905957823000717
decision_type=8 8 10 8 10 10 10 10 10 8 10 8 10 8 10
left_child=-1 13 3 4 5 -3 12 -8 -9 11 -11 -5 14 -2 -4
right_child=1 2 6 9 -6 -7 7 8 -10 10 -12 -13 -14 -15 -16
leaf_value=-0.00027447399649827416 -0.0001032405615689468 -0.00043277924026570642 0.0012239622834667556 8.5493826300498486e-05 0.00076967603371250778 -5.2755392641862217e-06 -0.00014299586995324541 0.0048409924841930881 -1.3976233384946254e-06 -1.8252830095905514e-06 0.0001845559484533301 -5.57388168459287e-05 0.0017737974831947524 0.0021540940992483492 -0.00017781320969647866
leaf_weight=83.33567603584379 300.24663829663768 95.467356871347874 15.383545330259947 229.81261762790382 6.3027397394180289 93.734562150668353 24.191918195225298 10.00623835437 7.4666389375925055 1815.2912869213615 378.02774970745668 680.82274308800697 8.7615946009755117 3.8441732386127105 269.43118094280362
leaf_count=436 2270 892 114 1324 16 1074 124 20 44 13858 1367 3183 66 328 1154
internal_value=-0.000538554 -0.000430911 -0.000227897 -2.00454e-05 -0.00243209 -0.00314442 -0.0022425 0.00264019 0.0103915 0.00012884 0.000521513 -0.000805901 -0.00297086 -0.00282276 -0.00334132
internal_weight=4022.13 3938.79 3634.7 3299.46 195.505 189.202 335.241 41.6648 17.4729 3103.95 2193.32 910.635 293.576 304.091 284.815
internal_count=26270 25834 23236 21714 1982 1966 1522 188 64 19732 15225 4507 1334 2598 1268
is_linear=0
shrinkage=0.0286577


Tree=139
num_leaves=16
num_cat=0
split_feature=17 22 7 10 7 24 17 7 10 13 24 10 30 4 18
split_gain=1.8634 1.43057 1.97783 2.52769 3.69553 2.13525 1.97929 1.24253 1.68283 3.08093 1.54588 1.35164 1.08673 1.0823 0.919152
threshold=0.53641936950695268 0.02130185966101868 0.19174553551450138 0.2249144441662945 0.23356872609043197 10.500000000000002 0.5958497811343163 0.12290795528484336 0.12989659999078748 1.3158609748295755 10.500000000000002 0.13931434015535557 17.805000000000003 0.33373995983330068 1.0000000180025095e-35
decision_type=8 8 10 10 10 2 10 8 8 10 2 8 10 8 10
left_child=-1 2 -2 4 5 -4 -5 -3 9 10 -9 -10 -11 -13 -8
right_child=1 7 3 6 -6 -7 14 8 11 12 -12 13 -14 -15 -16
leaf_value=-9.9984907046975286e-05 -0.00030900309332848299 -0.00090864189197527453 0.00020268083098761588 2.3816571672813583e-05 -7.1814427227478091e-06 0.00074761892084199025 8.2073278243648335e-05 -6.1742652292217032e-05 -0.00046273937414036018 -8.0486970212202206e-05 0.00010616550801425056 -3.1825291773689509e-06 0.00074978940442853542 -6.4082665338557632e-05 -0.00026570576494093783
leaf_weight=89.332088434137404 118.8245303989388 32.005177052225918 8.4549650764092803 7.0898329876363269 17.097509424667805 14.002912402153015 23.025763945654035 3.6139072580262992 46.966559000778943 41.923750213347375 11.848719835281372 3276.1454277385492 18.316862128674984 252.39740874199197 61.081245400011539
leaf_count=479 1212 396 270 50 102 24 512 66 350 520 20 19860 206 1695 508
internal_value=-0.000526251 -0.000430351 -0.00253412 -2.3808e-05 0.00592826 0.0136125 -0.00272272 -0.000284947 -0.000232638 0.00397921 0.0153316 -0.000324847 0.000853542 -0.000257421 -0.00404457
internal_weight=4022.13 3932.79 249.577 130.752 39.5554 22.4579 91.1968 3683.22 3651.21 75.7032 15.4626 3575.51 60.2406 3528.54 84.107
internal_count=26270 25791 2678 1466 396 294 1070 23113 22717 812 86 21905 726 21555 1020
is_linear=0
shrinkage=0.0286577


Tree=140
num_leaves=16
num_cat=0
split_feature=26 5 11 30 24 12 5 5 26 16 16 5 19 2 26
split_gain=2.39715 2.49052 3.87652 3.28525 3.4175 2.5868 2.75915 4.89198 2.56066 2.23792 3.1761 2.30467 3.10515 2.26389 2.12185
threshold=0.41010472721918412 0.29157468937397724 0.30067295068513483 20.500000000000004 10.500000000000002 0.047143744835518718 0.36300166120682664 0.32944391327996653 0.49597511072931927 0.97812741783030999 1.0452082711990152 0.10132413739880118 0.10760336947728756 0.28226858305568059 0.57584797356666029
decision_type=10 8 10 10 2 10 10 10 8 10 10 10 10 2 10
left_child=-1 9 5 4 -4 6 7 -3 -8 13 -11 12 -12 -2 -15
right_child=1 2 3 -5 -6 -7 8 -9 -10 10 11 -13 -14 14 -16
leaf_value=-4.1515712958989906e-05 2.087415508143013e-05 -6.4591087298879841e-05 0.00080182633843107077 -7.6520995050776553e-07 0.0010670988925077223 -7.1691048596941062e-05 0.00019556779024586045 0.0011717270849942699 -0.0003262663420033045 -8.6040101209662012e-05 3.7100481484785141e-05 -3.2617497541699351e-05 0.0026556748519923905 -0.00037600869849539195 0.0031286158315228262
leaf_weight=1943.7076948992908 718.41910933423787 50.085892914794385 77.784995269961655 78.921744015067816 83.483453344553709 72.603932907804847 34.47598331514746 29.484850320033729 82.520159284118563 258.62501914706081 83.870789517648518 475.44873564131558 9.2994119320064765 5.2832497544586685 18.11163844098337
leaf_count=12069 5633 405 798 480 149 390 242 190 672 1356 654 3064 66 22 80
internal_value=-0.000568508 0.000103639 0.00184817 0.00449704 0.00684091 -0.000480368 0.00118678 0.00532463 -0.00154741 -0.00045653 -0.00148501 -0.000268209 0.00382412 0.000677089 0.00942401
internal_weight=4022.13 2078.42 509.361 240.19 161.268 269.171 196.567 79.5707 116.996 1569.06 827.244 568.619 93.1702 741.814 23.3949
internal_count=26270 14201 3326 1427 947 1899 1509 595 914 10875 5140 3784 720 5735 102
is_linear=0
shrinkage=0.0286577


Tree=141
num_leaves=16
num_cat=0
split_feature=4 16 27 18 26 35 11 11 23 26 35 27 35 34 2
split_gain=1.93176 1.43139 1.61016 1.56283 2.33417 1.45059 2.04651 3.9501 1.43957 1.95162 3.21081 2.08197 1.32176 1.22877 1.07406
threshold=0.36852369605520113 1.3352655683632342 0.017284763570693033 0.076770935900553075 0.57584797356666029 4.627127310273516 0.25691884323446695 0.30876765623752273 0.023977704483571786 0.30146700689315387 3.0803031486170993 0.47115745559404171 1.440984947107663 -0.066224155019089834 0.2977241621348552
decision_type=8 10 10 10 8 2 10 10 10 10 2 10 2 10 2
left_child=1 2 5 -3 -5 13 -7 -8 9 10 -4 -11 -2 -1 -10
right_child=12 3 8 4 -6 6 7 -9 14 11 -12 -13 -14 -15 -16
leaf_value=0.0011131001278965812 0.00022016236680234147 -0.00010874110596046502 0.00029038521694187125 0.00077559643107943856 -0.00110208917248452 -0.0006654595561998084 0.0019287281828252799 -8.9172251105149036e-05 -2.8414224065872087e-07 0.00017790242439069413 -0.00015498746754729985 -0.00034626368593977658 -9.1616076537126394e-05 -0.00043109343390937296 0.00025363016357062804
leaf_weight=10.151987266261129 3.5531510757282367 199.99412129679695 33.003793186042458 7.9684724267572191 9.4551993049681169 37.571461189771071 10.638469542376699 12.695200643502174 2679.3268218664452 180.37623399193399 211.39334637532011 100.9928802207578 301.06117791542783 111.98414501640946 111.96019871998578
leaf_count=196 34 2426 306 58 52 334 25 30 15173 1978 1532 732 2371 557 466
internal_value=-0.00062837 -0.000445318 -0.000301871 -0.00270611 0.00525588 -0.00291982 0.000547626 0.00731197 -0.000154215 -0.00153065 -0.0034037 6.23772e-05 -0.00282767 -0.00472806 0.000101588
internal_weight=4022.13 3717.51 3500.09 217.418 17.4237 183.041 60.9051 23.3337 3317.05 525.766 244.397 281.369 304.614 122.136 2791.29
internal_count=26270 23865 21329 2536 110 1142 389 55 20187 4548 1838 2710 2405 753 15639
is_linear=0
shrinkage=0.0286577


Tree=142
num_leaves=16
num_cat=0
split_feature=5 27 33 21 27 27 21 11 11 5 12 11 21 8 5
split_gain=2.34214 1.89669 1.05637 1.98362 2.62271 3.97033 2.44746 1.37949 1.96031 4.02575 2.44247 1.91652 3.6816 3.04676 1.22646
threshold=-0.20057629005035929 0.017284763570693033 0.072019166745750721 0.045991748736965814 0.39631254788569531 0.26529536199402665 0.063606609995996682 0.29948638097834052 0.41536906237725674 0.29157468937397724 0.072381092563247915 0.24420009689048808 0.021990474448355991 0.23433216071527713 -0.14481914370136778
decision_type=8 10 10 10 10 10 10 8 8 8 8 10 10 10 8
left_child=-1 -2 7 14 5 -5 -6 11 9 -9 -10 13 -13 -3 -4
right_child=1 2 3 4 6 -7 -8 8 10 -11 -12 12 -14 -15 -16
leaf_value=-0.000262744457505251 -8.6616783192166325e-05 -4.0317826986546673e-05 0.0076648570429810161 0.00042406134480643979 0.0026658860311723287 -0.00069638521691236339 0.00010577980381734194 -1.0268857089133197e-07 -0.00034978880022014218 0.00065340174818639333 -9.8144183457611137e-06 1.5293330868185027e-05 -0.00026890920102399542 0.00037526300195423059 -4.1018592416567007e-05
leaf_weight=83.33567603584379 193.24986172583885 485.36362707335502 3.3188422862440348 280.23557941336185 39.018211855553091 72.93755575735122 28.056380668655038 463.2633334598504 140.05399195291102 129.13651884999126 870.93974833283573 132.39024748466909 300.96303360722959 135.82967597153038 664.03437556326389
leaf_count=436 1540 4488 16 1692 294 498 240 2220 611 856 4903 750 1662 598 5466
internal_value=-0.000572974 -0.000469448 -0.000323549 0.000423288 0.00197012 0.000948846 0.00717804 -0.000632902 -9.67103e-05 0.00120503 -0.000869418 -0.00143852 -0.00290446 -0.000399149 -0.000536219
internal_weight=4022.13 3938.79 3745.54 1087.6 420.248 353.173 67.0746 2657.94 1603.39 592.4 1010.99 1054.55 433.353 621.193 667.353
internal_count=26270 25834 24294 8206 2724 2190 534 16088 8590 3076 5514 7498 2412 5086 5482
is_linear=0
shrinkage=0.0286577


Tree=143
num_leaves=16
num_cat=0
split_feature=26 17 17 18 28 28 31 0 22 18 26 30 23 4 4
split_gain=2.30158 2.60872 2.57429 2.14688 1.99695 1.93089 1.77418 1.71995 2.11782 2.39258 1.71624 3.54926 1.54977 1.47509 1.30357
threshold=0.76893444483293771 1.030453593648512 1.4644184452395967 0.067617670041730929 0.12395000000000002 0.07530000000000002 2.2100000000000013 0.40992500000000004 0.10573172429902349 -0.0029415820755073758 0.7884265266716991 21.140000000000004 0.021724360376201405 0.36852369605520113 0.0609635010966132
decision_type=10 8 10 10 10 10 10 2 8 10 10 8 8 8 8
left_child=13 4 10 5 7 6 -4 -2 9 -9 11 -3 -12 -1 -14
right_child=1 2 3 -5 -6 -7 -8 8 -10 -11 12 -13 14 -15 -16
leaf_value=-1.8411975270472159e-05 -0.00010846518547970824 -0.001153852797536705 0.0014557257893969113 0.00091850429123552626 -0.0001625536022250599 -0.0001152490269492452 -0.00086775977682671684 0.0010932186305438732 0.00016753359251897511 0.00062866422586191524 0.0023301428993525992 0.00066073819967185545 -0.00036402985563256294 -7.8082761452971208e-05 0.00026002117978935049
leaf_weight=3304.7191763718147 29.261382014025003 13.53432558104396 21.164027595892549 9.0445272140204889 16.675823333673179 26.788937904406339 12.869121063500641 44.957348293624818 37.92416174383834 38.607074042782187 7.8924216646701089 8.3920721965841931 147.07718416769058 297.35829189559445 5.8607849553227416
leaf_count=20514 525 100 206 40 94 166 136 312 220 326 84 20 1178 2309 40
internal_value=-0.000513211 0.00148582 -0.000316694 0.00430672 0.00426166 0.00215133 0.006761 0.00533478 0.00684264 0.00940121 -0.00214178 0.00517233 -0.00320668 -0.000749167 -0.00389475
internal_weight=4022.13 420.049 252.623 69.8666 167.426 60.8221 34.0331 150.75 121.489 83.5644 182.757 21.9264 160.83 3602.08 152.938
internal_count=26270 3447 1970 548 1477 508 342 1383 858 638 1422 120 1302 22823 1218
is_linear=0
shrinkage=0.0286577


Tree=144
num_leaves=16
num_cat=0
split_feature=5 28 11 23 9 5 23 10 31 9 12 28 5 5 34
split_gain=1.85511 1.4252 3.22353 2.15379 1.80387 5.20115 4.10722 3.35759 2.61436 3.92245 2.15708 1.53849 2.92586 1.62782 1.50334
threshold=-0.42231404515553822 -0.038999999999999972 1.2254352179592918 0.080260008928837875 0.34119029518440447 0.29388310446967791 0.11431541431541427 0.38426096630871803 0.31000000000000055 0.34262534709339043 0.10396271057240004 -0.035199999999999988 0.32944391327996653 0.22254168247951975 -0.013973805227124157
decision_type=8 8 8 10 10 10 10 10 10 10 10 8 10 10 10
left_child=-1 2 -2 -4 10 8 7 -7 14 -10 11 12 -3 -13 -6
right_child=1 4 3 -5 5 6 -8 -9 9 -11 -12 13 -14 -15 -16
leaf_value=-0.00053417446887646912 -0.00010968557272171472 -0.00026532180168143386 -0.00022982550264791717 0.001060889121403254 0.001033160428331634 9.7766978354488419e-05 -4.5375438608550546e-05 0.0012274436243762965 0.00028990590770960103 -7.6317768941478072e-05 -0.00040772780034112772 4.2789834129162749e-07 0.00097347743364435235 -4.8331702912578283e-05 -0.00080461500724524787
leaf_weight=41.282283926382661 374.84664629399776 19.5616370132193 8.5170423758681881 11.650865191593764 93.85693568084389 82.044930832460523 41.714994372799993 80.283478097990155 7.209960574284195 591.65334809292108 142.39805130334571 1456.6208935584873 11.748044121079145 1039.5690560215153 19.168492581695318
leaf_count=216 2663 146 172 44 748 418 228 348 22 2256 838 10867 84 7096 124
internal_value=-0.000590993 -0.000525398 -0.00216339 0.00881872 -0.000342054 0.000749903 0.00478461 0.00686309 -0.000393726 -0.00116102 -0.000720421 -0.000522369 0.00573768 -0.000605397 0.00357801
internal_weight=4022.13 3980.84 395.015 20.1679 3585.83 915.932 204.043 162.328 711.889 598.863 2669.9 2527.5 31.3097 2496.19 113.025
internal_count=26270 26054 2879 216 23175 4144 994 766 3150 2278 19031 18193 230 17963 872
is_linear=0
shrinkage=0.0286577


Tree=145
num_leaves=16
num_cat=0
split_feature=27 0 18 16 8 21 18 12 21 18 21 28 21 6 16
split_gain=1.72024 1.40904 1.66161 1.34647 2.08163 2.4279 2.42424 2.77393 1.91315 1.89688 1.70873 2.56922 4.05017 2.2979 2.00622
threshold=0.017284763570693033 0.97672500000000018 0.017432340469501598 1.2392217209407812 0.36818631656901929 0.15469262331708475 -0.064127083426426465 0.11191908913459148 0.081471994555912461 0.080553974389522845 0.056645930440529201 -0.016499999999999983 0.060691086749524302 0.97804237159595153 1.2121303178048224
decision_type=10 2 8 10 10 10 10 10 8 8 10 10 10 10 10
left_child=1 -1 -3 8 -5 6 -6 -8 10 -10 14 12 -12 -13 -2
right_child=3 2 -4 4 5 -7 7 -9 9 -11 11 13 -14 -15 -16
leaf_value=-0.00015570810806313112 -1.1966472285937259e-05 -8.9392268261118249e-06 9.4965205683754977e-05 -0.00032936155229352224 -9.9237051265998064e-05 0.00095574415681363501 0.00068739100918186618 -6.002729876938926e-05 -2.8867537224267096e-05 -0.00037315701608696275 0.0019187591816623079 1.9917972518617958e-07 0.00038615160986374294 0.00099171986459324732 0.00031994450092659666
leaf_weight=180.7970488735009 2431.4710819032043 8.0229604039341194 10.770706865005197 200.26701098354533 51.016870110295713 6.4928676635026923 28.129561393987387 109.90384098188952 364.98934884741902 84.816336082294583 27.908055906184018 367.63023648317903 97.686175686307251 8.4015507865697128 43.823007067665458
leaf_count=1502 14696 41 31 2588 138 34 170 596 2058 1572 162 1750 592 70 270
internal_value=-0.000553585 -0.00315331 0.00402191 -0.000415057 -0.00200039 5.34033e-05 -0.00049671 0.00141952 -0.000228913 -0.00197077 3.10643e-05 0.00155882 0.00510955 0.000344034 -0.000274635
internal_weight=4022.13 199.591 18.7937 3822.54 395.81 195.543 189.05 138.033 3426.73 449.806 2976.92 501.626 125.594 376.032 2475.29
internal_count=26270 1574 72 24696 3526 938 904 766 21170 3630 17540 2574 754 1820 14966
is_linear=0
shrinkage=0.0286577


Tree=146
num_leaves=16
num_cat=0
split_feature=27 27 15 38 26 24 27 26 24 9 12 28 12 28 9
split_gain=1.72647 1.37365 2.19267 2.01091 2.04736 2.99424 1.9703 3.81447 1.22581 1.79396 1.17852 1.09901 2.46773 2.13897 1.0406
threshold=0.017284763570693033 0.58331236369736639 0.88381020432194424 3.5000000000000004 0.80697134066495624 8.5000000000000018 0.56820496127136766 0.56512699239202757 10.500000000000002 0.42834254739390093 0.068541845316485092 -0.038999999999999972 0.032276384821367694 -0.035199999999999988 0.45528336706655054
decision_type=10 10 8 2 10 2 10 8 2 10 8 8 10 8 8
left_child=8 2 -2 -3 14 -6 11 -8 9 -1 -9 12 -4 -13 -5
right_child=1 3 6 4 5 -7 7 10 -10 -11 -12 13 -14 -15 -16
leaf_value=-3.9612855013544448e-05 -0.00030406707557674239 -5.9210957801429752e-05 0.00025193715760862297 -0.0001946047168864298 -0.00036358901736209363 0.0018791821361410829 -0.00035271904241701937 5.1801536131947195e-05 -0.00040392054533880194 0.001883114545984137 0.0015263533269197192 0.00077776795071556493 -0.00033725529826271824 -3.0129069856585484e-06 0.00014694006281242288
leaf_weight=60.16391633474268 67.060806003399193 279.55273436685093 46.95575180160813 256.33656333992258 16.218498386442665 13.005563531070946 13.97926345374435 7.9261468350887325 134.64696574211121 4.7798340655863276 12.511715978384016 33.416722314432263 176.97393924649805 2799.648002743721 98.950235894881189
leaf_count=1327 276 1048 518 2256 340 62 82 66 209 38 36 286 1170 17920 636
internal_value=-0.000585126 -0.000446322 -0.000193594 -0.0016329 -0.000259671 0.00696378 -7.89217e-05 0.00671014 -0.0031901 0 0.014651 -0.00015911 -0.00209085 -2.75194e-06 -0.000885946
internal_weight=4022.13 3822.54 3158.47 664.064 384.511 29.2241 3091.41 34.4171 199.591 64.9438 20.4379 3056.99 223.93 2833.06 355.287
internal_count=26270 24696 20354 4342 3294 402 20078 184 1574 1365 102 19894 1688 18206 2892
is_linear=0
shrinkage=0.0286577


Tree=147
num_leaves=16
num_cat=0
split_feature=8 16 9 12 16 21 18 35 21 2 35 4 24 21 16
split_gain=1.30856 1.21932 2.54268 4.1968 3.68464 1.68393 2.03056 2.20134 1.73473 2.20284 2.42167 1.52953 1.16693 1.14026 1.68461
threshold=0.12274242399913489 1.2392217209407812 0.35634985607402087 0.11191908913459148 1.2837681725178347 0.081471994555912461 0.080553974389522845 4.9533945083504429 0.056645930440529201 0.37244575302235255 4.7449756047338711 0.33373995983330068 7.5000000000000009 0.0046830456682059622 1.2121303178048224
decision_type=8 10 10 10 10 8 8 2 10 2 2 8 2 10 10
left_child=-1 5 -3 4 -4 8 7 11 13 10 -10 -7 -8 -2 -15
right_child=1 2 3 -5 -6 6 12 -9 9 -11 -12 -13 -14 14 -16
leaf_value=-0.00082720335524749612 -0.00024723144232512812 -0.0002079494063726356 -3.8477643345405403e-05 -0.00013757610825903182 0.0025761480585924502 5.3164805978290267e-05 0.0013085941389859889 -7.0710934127675933e-05 -1.0061222518708757e-05 0.0027511131434082539 0.00039713599910724584 -0.00054034641832816034 -0.00067774018325690328 -1.1537198351382926e-05 0.00039792193427393125
leaf_weight=34.679587460588664 40.158811243250966 257.65395518438891 11.204433202743532 109.6740220123902 20.5800063572824 283.24327737092972 8.8966095212381315 82.81513842754066 358.14224471058697 10.410382709465919 154.41575081087649 27.390618462115526 79.183969229459763 2504.9369397750124 38.74091356061399
leaf_count=762 342 2769 36 454 70 1710 1496 338 1849 64 776 174 197 14967 266
internal_value=-0.000564555 -0.000513434 -0.00202074 0.00101033 0.0101826 -0.000342892 -0.00192046 -0.00100771 -9.50543e-05 0.00140556 0.00111605 6.87245e-05 -0.00587171 -0.000402729 -0.000322668
internal_weight=4022.13 3987.45 399.112 141.458 31.7844 3588.33 481.53 393.449 3106.81 522.968 512.558 310.634 88.0806 2583.84 2543.68
internal_count=26270 25508 3329 560 106 22179 3915 2222 18264 2689 2625 1884 1693 15575 15233
is_linear=0
shrinkage=0.0286577


Tree=148
num_leaves=16
num_cat=0
split_feature=28 11 35 20 32 26 5 6 26 35 5 10 21 27 35
split_gain=1.54616 3.27491 2.13997 1.51766 1.4206 1.97275 2.08702 1.9477 1.96035 2.4875 1.81516 7.28725 2.56679 1.64207 1.8927
threshold=-0.038999999999999972 1.2254352179592918 3.9421641435101589 0.22151002963964506 0.84828496042216373 0.34927549192923674 0.78258367261364836 4.7973891240900537 0.23910826555851614 2.8145100673021726 0.29388310446967791 0.32141713193771893 0.078227265243559205 0.08904197978208378 4.8499186579900124
decision_type=8 8 2 8 8 8 8 10 10 2 10 10 10 10 2
left_child=1 3 -3 -1 7 -6 13 8 9 -2 12 -12 -10 -7 -15
right_child=4 2 -4 -5 5 6 -8 -9 10 -11 11 -13 -14 14 -16
leaf_value=-0.00012039786137102367 2.3864079003114134e-05 0.001023940154495379 -0.0009682410881969183 0.0011463267213965155 -0.00050838464694891693 -0.0001475920108385745 0.00071916050800158713 0.0007433312442697152 6.3256839826595159e-06 -0.00013926681433934948 -2.1608291892126955e-05 0.00090103030418303221 -0.00013791739641861328 3.7323638782086357e-05 -3.5079947329091861e-05
leaf_weight=370.9197494732216 50.36247915495187 12.742919356329368 7.4249882111325851 7.3578864382579914 125.51638973108493 117.21216523321345 11.842150864424182 6.8835446592420331 1496.4445303231478 445.05570854619145 273.0680236229673 131.76486667245626 241.32934767287225 502.60013286117464 221.60177721781656
leaf_count=2603 446 114 102 88 1168 550 36 39 10459 3102 1910 696 1117 2768 1072
internal_value=-0.000552746 -0.00225152 0.00881872 -0.00287302 -0.000363078 -0.00129582 -0.000787666 -1.40635e-05 -5.81976e-05 -0.00168556 0.000313578 0.00204216 -8.36018e-05 -0.000968032 -0.000442702
internal_weight=4022.13 398.446 20.1679 378.278 3623.68 978.773 853.256 2644.91 2638.02 495.418 2142.61 404.833 1737.77 841.414 724.202
internal_count=26270 2907 216 2691 23363 5594 4426 17769 17730 3548 14182 2606 11576 4390 3840
is_linear=0
shrinkage=0.0286577


Tree=149
num_leaves=16
num_cat=0
split_feature=7 33 17 21 16 11 16 28 26 26 11 32 28 36 25
split_gain=1.68601 1.36981 1.64509 1.34702 2.01841 2.63574 1.35482 1.78012 1.25973 2.87542 1.76029 1.68246 2.69258 2.02383 1.56302
threshold=0.12290795528484336 0.080064103031707204 0.640551976469664 0.046299865244646875 0.93382578115344239 0.31024725089501942 0.81526120371053223 0.019800000000000029 0.25574962479090774 0.25847957113098502 0.14629714021577014 0.63126649076517161 0.024350000000000014 1.0000000180025095e-35 0.32797932453328754
decision_type=8 10 10 10 10 10 10 8 8 8 8 8 10 2 8
left_child=-1 8 -3 6 -5 -6 7 -4 10 -10 14 12 -11 -13 -2
right_child=1 2 3 4 5 -7 -8 -9 9 11 -12 13 -14 -15 -16
leaf_value=-0.00068718603508657102 6.6343239174350516e-05 -0.0004435677005045403 0.00045184087830313455 2.8741302411979672e-05 0.0016504139113533807 0.00010378207841203903 -4.003031821837199e-05 -0.00079663840560777264 0.00018932469838543303 -2.2001662762479793e-05 -0.00010872016645167098 -5.5960855817066085e-05 0.00027930991546904827 -2.8895627532473194e-06 -2.1058260049000665e-05
leaf_weight=45.663241214118898 5.8950583916157457 57.038381447084248 53.387329436838627 135.10024128016084 54.701607673428953 76.107474802993238 445.887137577869 13.21912989579141 9.1565386638976616 520.22592419059947 402.27398527017795 989.58164044772275 214.75612176954746 991.74967496772297 7.3831730089150378
leaf_count=578 22 480 716 1204 432 618 4022 168 54 4033 2300 5037 1304 5004 298
internal_value=-0.000572131 -0.000506337 0.000517747 0.000872973 0.00252711 0.00506168 0 0.00381886 -0.000781907 -0.000552856 -0.0022591 -0.000611044 0.000551004 -0.00104715 0.00773805
internal_weight=4022.13 3976.46 835.441 778.403 265.909 130.809 512.494 66.6065 3141.02 2725.47 415.552 2716.31 734.982 1981.33 13.2782
internal_count=26270 25692 7640 7160 2254 1050 4906 884 18052 15432 2620 15378 5337 10041 320
is_linear=0
shrinkage=0.0286577


Tree=150
num_leaves=16
num_cat=0
split_feature=7 16 26 26 1 21 19 12 2 24 31 33 28 24 19
split_gain=1.66697 1.31585 1.18831 2.1426 1.56873 1.42787 2.57205 1.99752 1.29315 1.78245 1.10838 1.61831 1.5366 1.43658 1.55818
threshold=0.12290795528484336 1.3352655683632342 0.084925103626750126 0.19804467172124296 0.064014925373134343 0.081471994555912461 0.10402656745086657 0.017313367926215354 0.27496346400173394 9.5000000000000018 1.8400000000000001 0.091292229258756699 -0.014050000000000005 9.5000000000000018 0.084989023759860033
decision_type=8 10 8 8 2 8 10 8 2 2 10 10 10 2 10
left_child=-1 2 4 -4 -2 6 -5 -7 9 -6 11 12 -3 14 -12
right_child=1 10 3 5 8 7 -8 -9 -10 -11 13 -13 -14 -15 -16
leaf_value=-0.00066749289241999077 -0.00016548063739970685 -0.00024188992235692352 -0.00011821539705963827 -5.0897407100196065e-06 -9.8741723970005793e-05 0.0013381498069428728 0.00038547500457784746 -6.4372074795719721e-05 -5.3311652061625762e-06 0.00038775316842174065 -0.00010203037498164167 -0.00072936173328839689 0.00078118390318404716 -0.00016884802272109137 0.001082170080861315
leaf_weight=45.663241214118898 8.2716523478738946 9.358628124464305 284.59937606309541 2673.9962750626728 6.6733647380024239 3.9498925022780886 260.20667744800448 483.42720502545126 6.9567837782669804 15.462083756923676 72.654007585719228 19.472945900633931 19.136303316801786 103.11116850376129 9.1870546704158169
leaf_count=578 94 568 1916 15693 164 18 1358 3511 44 32 642 114 1260 178 100
internal_value=-0.000601759 -0.000536304 -0.00040304 -0.000456881 0.0046429 -0.000254867 -1.28012e-05 -0.00169109 0.00790926 0.0113418 -0.00263296 0.00108769 0.00558859 -0.00365183 -0.000674262
internal_weight=4022.13 3976.46 3743.54 3706.18 37.3639 3421.58 2934.2 487.377 29.0922 22.1354 232.92 47.9679 28.4949 184.952 81.8411
internal_count=26270 25692 22830 22496 334 20580 17051 3529 240 196 2862 1942 1828 920 742
is_linear=0
shrinkage=0.0286577


Tree=151
num_leaves=16
num_cat=0
split_feature=27 0 31 35 16 19 16 21 19 11 20 16 27 23 27
split_gain=1.8042 1.8127 1.81806 1.71701 1.53295 2.33467 2.5092 1.60975 1.60439 4.27075 4.56085 1.57337 1.35728 1.81153 1.28761
threshold=0.017284763570693033 0.97672500000000018 4.360000000000003 6.1471626698833335 1.2392217209407812 0.15437183628299025 1.301957552750364 0.081471994555912461 0.106293170640458 0.82545831813660264 0.11048382989559456 0.68088463364097784 0.081722160772617083 0.047504403155904602 0.022494625188563804
decision_type=10 2 8 2 10 8 10 8 10 10 10 8 10 10 10
left_child=1 3 -3 -1 7 12 -7 8 -2 10 -10 -9 13 -6 -13
right_child=4 2 -4 -5 5 6 -8 11 9 -11 -12 14 -14 -15 -16
leaf_value=-0.00036328641943735772 -4.9438806592900898e-06 -7.6770423092973547e-06 0.0010978417756278105 0.0018214397342516048 0.0011176537722497385 0.0046898105104197559 -0.00019792236024484633 0.0014585377236717811 0.0025411563104935937 0.0010529715153909075 -6.540395973780397e-05 0.0019510728193768987 -0.00013333567860923009 -0.0008231314736382913 -0.00010572454407178156
leaf_weight=176.33015555492602 2761.389345982112 9.8959692697972041 8.8976979991421121 4.4668933185748747 6.0967235737480205 8.3685578666627425 8.6876797326840443 19.997565162368119 40.019031867384911 13.755741341039537 161.75598864257336 3.5151088957209131 367.69197120098397 4.9652187591418624 426.29301087162457
leaf_count=1476 16348 52 20 26 210 32 274 172 174 66 952 52 2868 142 3406
internal_value=-0.000634352 -0.00329779 0.00488977 -0.00420899 -0.000492489 -0.0021845 0.00797627 -0.000294013 -4.90793e-05 0.00232666 0.00121071 -0.00189207 -0.00267288 0.00685911 -0.0022753
internal_weight=4022.13 199.591 18.7937 180.797 3822.54 395.81 17.0562 3426.73 2976.92 215.531 201.775 449.806 378.754 11.0619 429.808
internal_count=26270 1574 72 1502 24696 3526 306 21170 17540 1192 1126 3630 3220 352 3458
is_linear=0
shrinkage=0.0286577


Tree=152
num_leaves=16
num_cat=0
split_feature=4 23 9 5 38 15 33 6 12 23 5 5 35 35 34
split_gain=1.55333 1.23116 3.04803 2.01053 2.37358 1.14735 1.10207 1.6539 1.74421 1.48069 1.9166 1.43257 4.00127 2.56303 6.26315
threshold=0.36852369605520113 0.038429970171347312 0.27151177623383987 -0.006131920151152089 4.5000000000000009 1.2597299191105256 0.10496608982688295 1.6985268899242871 0.028004836969895169 0.11632857802374692 0.14764586760784301 0.11169325454570093 3.0447604762901666 5.9394997493739021 -0.014128325549150554
decision_type=8 10 10 8 2 8 10 8 10 10 10 10 2 2 10
left_child=6 2 5 4 -4 -2 11 -8 -9 10 -10 12 -1 -14 -15
right_child=1 -3 3 -5 -6 -7 7 8 9 -11 -12 -13 13 14 -16
leaf_value=0.00082281769623074438 3.4955733066056825e-05 -0.00013343372282248445 0.0010001771145398864 -5.9422747117148629e-06 1.0334726941687106e-05 -0.00034947522394525744 -0.00044078463462421364 -0.00010995356059858452 -4.5472351311700462e-05 -0.0019653443194867512 0.00058134227062171817 -2.1462361811481727e-05 -0.00011062083308170899 -0.00027472882955668578 0.00093200319430236157
leaf_weight=55.975565095664933 14.381339798681436 155.09937282372266 13.964568648487331 14.87673247605562 9.3137719407677633 96.978543303441256 43.199359025806189 105.02673611976206 77.496342151425779 23.489926164969802 210.70036449562758 2697.5814864269923 452.91879914700985 25.345884000184014 25.777868419885635
leaf_count=411 119 977 42 149 78 1040 338 1290 766 214 1890 16219 2549 124 64
internal_value=-0.000626645 -0.0026004 -0.000663719 0.00621764 0.0114917 -0.00311862 -0.000462086 0.000841425 0.00141355 0.00250253 0.00308716 -0.00064922 0.000659211 -0.000130052 0.00591395
internal_weight=4022.13 304.614 149.515 38.1551 23.2783 111.36 3717.51 459.913 416.713 311.687 288.197 3257.6 560.018 504.043 51.1238
internal_count=26270 2405 1428 269 120 1159 23865 4498 4160 2870 2656 19367 3148 2737 188
is_linear=0
shrinkage=0.0286577


Tree=153
num_leaves=16
num_cat=0
split_feature=4 0 0 20 7 22 20 23 35 34 6 34 4 17 22
split_gain=1.76108 1.62878 1.71376 2.3131 2.5507 1.32105 2.42789 2.33279 2.29126 1.42239 1.84684 1.53918 2.72831 1.52369 1.42813
threshold=0.36852369605520113 0.62587500000000007 0.46487500000000004 0.038091639495732472 0.17149961607019712 0.023273116275746405 0.0048233728506814075 0.011818342267796213 5.2732559030964072 -0.012330511834220013 2.607258795577009 -0.0089043384277758247 0.18605258056529192 1.0115529974537358 0.023931338170074212
decision_type=8 2 2 10 10 10 10 8 2 10 8 10 10 10 10
left_child=5 2 -2 4 -4 7 -7 8 -1 10 -8 13 -13 -11 -12
right_child=1 -3 3 -5 -6 6 9 -9 -10 11 14 12 -14 -15 -16
leaf_value=2.5063245878212048e-05 -9.8119771673164306e-05 -0.00012325131232022646 -0.00033946008235012583 -0.00098199938812394542 0.00094926795505114478 0.00077782441820854449 -0.00013634207489109654 -0.00010623871381691987 0.00070622042923128877 -2.0847300777736975e-05 0.00051316527062484003 -1.8670863578665977e-05 0.0018568287319939594 -0.00029474325833989519 7.9028365189818963e-06
leaf_weight=48.544442016631365 123.89889880316332 128.67020930442959 9.7056689751334506 21.361789074260741 20.977762834168971 7.9438311364501706 193.94184850808233 238.93006944493391 6.3819028073921791 126.49762305803597 15.610133794136344 1020.2615080941468 24.31713829562068 99.853962472639978 1935.2298714192584
leaf_count=1066 1253 707 86 190 169 32 1252 2703 76 200 152 3860 130 183 14211
internal_value=-0.00070537 -0.00280707 -0.000943227 0.00332455 0.00843954 -0.000530315 -0.000368518 -0.00237977 0.00283632 -0.000408659 3.70452e-05 -0.00116852 -0.000691837 -0.00332146 0.000306874
internal_weight=4022.13 304.614 175.944 52.0452 30.6834 3717.51 3423.66 293.856 54.9263 3415.71 2144.78 1270.93 1044.58 226.352 1950.84
internal_count=26270 2405 1698 445 255 23865 20020 3845 1142 19988 15615 4373 3990 383 14363
is_linear=0
shrinkage=0.0286577


Tree=154
num_leaves=16
num_cat=0
split_feature=27 35 1 16 10 27 10 20 16 23 20 20 23 27 30
split_gain=1.8523 1.54021 1.25817 1.12577 1.45787 1.60691 2.23257 1.39957 1.26809 1.20965 2.85541 1.83211 1.61212 1.46106 1.09318
threshold=0.017284763570693033 6.1471626698833335 0.20968750000000005 1.3352655683632342 0.59195378719951941 0.20796590097864401 0.60344426333034962 0.123559959332793 0.92905086149715699 0.023977704483571786 0.009522046518012724 0.091721019759140418 0.011818342267796213 1.0001589488184808 16.380000000000006
decision_type=10 2 2 10 10 10 10 10 10 10 10 10 8 10 8
left_child=1 2 14 4 9 -6 7 -7 -8 11 -11 12 -2 -12 -1
right_child=3 -3 -4 -5 5 6 8 -9 -10 10 13 -13 -14 -15 -16
leaf_value=-1.0425764213396088e-05 3.3923959622935626e-05 0.0017430675705487264 3.0370415950926289e-05 -7.1032906053703493e-05 -0.00079341996673238312 0.0055620724813669857 0.001733999721531792 0.00073503886684468092 1.0204084737036457e-05 0.0007555337917184399 -9.9813997330120038e-06 0.0022556156771056024 -8.2448677242939823e-05 3.805009883217453e-05 -0.00039723024815785564
leaf_weight=48.613038337789476 68.383303157053888 4.4668933185748747 13.688383674481882 235.02030178625137 16.840647117234766 9.7933356426656264 27.897618353366852 9.6758503913879377 112.8592242365703 8.4403928220272046 2804.1465969253331 3.6417757272720328 504.9861824051477 20.850715331733227 132.82240081159398
leaf_count=773 980 26 36 2748 40 44 155 14 409 38 16064 8 4134 62 739
internal_value=-0.000697472 -0.00339704 -0.00382257 -0.000553717 -0.000424401 0.00209756 0.00302621 0.0121477 0.00167623 -0.00055839 -0.000310491 -0.00175785 -0.00190547 -0.000364304 -0.00448224
internal_weight=4022.13 199.591 195.124 3822.54 3587.52 177.067 160.226 19.4692 140.757 3410.45 2833.44 577.011 573.369 2825 181.435
internal_count=26270 1574 1548 24696 21948 662 622 58 564 21286 16164 5122 5114 16126 1512
is_linear=0
shrinkage=0.0286577


Tree=155
num_leaves=16
num_cat=0
split_feature=17 27 17 10 10 23 20 22 19 21 23 38 27 23 10
split_gain=1.83697 1.08257 1.35687 1.07457 1.7607 1.03027 1.78979 1.72477 2.11662 3.65565 2.13744 1.70822 3.33895 1.54879 2.06953
threshold=0.53641936950695268 0.017284763570693033 0.80318095437107262 0.19862490106403696 0.27864581985330611 0.023696994538165986 0.091721019759140418 0.036958123819828638 0.041666666666666692 0.020792615387213168 0.032461762057164618 3.5000000000000004 0.17025755658067068 0.011818342267796213 0.32464280013726143
decision_type=8 10 8 10 10 10 10 10 10 10 10 2 10 8 10
left_child=-1 2 3 -2 -5 6 13 8 10 -10 -7 12 -9 -3 -15
right_child=1 5 -4 4 -6 7 -8 11 9 -11 -12 -13 -14 14 -16
leaf_value=-8.0085891213081811e-05 -0.00061278315141526118 5.2797709747411358e-05 -0.00034996742958183383 0.0019084788803901001 -1.8132381672633957e-05 2.5649804372350748e-05 0.0021909750134975017 -0.00011739556822823386 0.0031890155478285611 5.5568958834033202e-05 -0.00026764262298723543 6.354063621196819e-06 -2.1715976838893057e-06 -0.00012585014822106788 1.5213226798109247e-05
leaf_weight=89.332088434137404 13.81242354493588 69.940338138025254 158.72444105544128 8.9694002801552433 13.32199754193425 307.3856657971628 3.6417757272720328 348.69100528582931 13.59452512860298 21.393927644938231 70.357810846529901 1428.3889506626874 966.54197075404227 421.97589746536687 86.05444173142314
leaf_count=479 158 1518 1283 79 32 1762 8 1104 48 164 570 11259 3456 3830 520
internal_value=-0.000649619 -0.000554296 -0.002646 0.00218566 0.00622368 -0.000442455 -0.00155363 -0.00023445 0.00148622 0.00823821 0.000829859 -0.000497027 -0.00124312 -0.00169879 -0.00225905
internal_weight=4022.13 3932.79 194.828 36.1038 22.2914 3737.97 581.612 3156.35 412.732 34.9885 377.743 2743.62 1315.23 577.971 508.03
internal_count=26270 25791 1552 269 111 24239 5876 18363 2544 212 2332 15819 4560 5868 4350
is_linear=0
shrinkage=0.0286577


Tree=156
num_leaves=16
num_cat=0
split_feature=7 16 25 23 9 16 27 24 9 10 27 27 2 16 8
split_gain=1.6529 1.0337 1.13427 1.39246 1.10398 3.11231 4.93965 3.21304 2.21686 2.34422 2.26631 1.87579 1.50035 1.50939 1.49593
threshold=0.12290795528484336 1.3352655683632342 0.64630395126606366 0.037777518662347416 0.34119029518440447 1.2606960847116495 0.35865950243191153 11.500000000000002 0.34262534709339043 0.32464280013726143 0.17259394118028126 0.0043024123888771642 0.21468410417853531 1.2392217209407812 0.15356147630192121
decision_type=8 10 8 10 10 10 10 2 10 10 10 8 2 10 8
left_child=-1 4 -3 -4 11 8 -7 -8 9 -6 -10 14 13 -13 -2
right_child=1 2 3 -5 5 6 7 -9 10 -11 -12 12 -14 -15 -16
leaf_value=-0.00063448784481200614 0.00083575819935108645 -0.00015718447698909093 0.00089789400763861044 -1.4537555086887655e-05 -0.00028264628108110924 0.00066762104176948779 -0.00033273645959454654 0.0045563314547378475 -7.573372903740224e-05 0.00030688397406369129 1.5558612340375064e-05 -2.0907500512612187e-06 -8.2447690962260639e-05 -0.00032418619872360546 -0.00043486006964437476
leaf_weight=45.663241214118898 3.3683098554611197 171.40830587781966 9.1277661821804923 52.384036041796207 8.6864145500585455 17.221222624182701 22.453669952228669 5.7175445556640616 243.27420907933265 12.823503098450599 708.41313028894365 2271.4884033314884 258.31722469325177 99.505969720426947 92.27370897307992
leaf_count=578 58 1202 716 944 44 40 94 8 1053 44 3576 15484 1346 545 538
internal_value=-0.000623752 -0.00055855 -0.00241956 0.000785754 -0.000439959 0.000358348 0.00767421 0 5.16271e-06 0.00906353 -0.00019125 -0.000742025 -0.000594063 -0.000363112 -0.00469469
internal_weight=4022.13 3976.46 232.92 61.5118 3743.54 1018.59 45.3924 28.1712 973.197 21.5099 951.687 2724.95 2629.31 2370.99 95.642
internal_count=26270 25692 2862 1660 22830 4859 142 102 4717 88 4629 17971 17375 16029 596
is_linear=0
shrinkage=0.0286577


Tree=157
num_leaves=16
num_cat=0
split_feature=7 27 33 9 11 11 21 9 14 11 9 21 15 1 21
split_gain=1.64708 1.17717 1.06005 1.41961 2.31014 1.93503 1.69198 1.57875 1.28816 1.19236 1.79815 1.32268 0.998974 0.96459 1.13543
threshold=0.12290795528484336 0.017284763570693033 0.072019166745750721 0.18986913582675455 0.14484937412195409 0.15937964785838329 0.011477971207163205 0.14955614405818712 1.2545085689592046 0.13613759010573986 0.14761454837152702 0.010957187743742278 1.4546812682131731 0.20968750000000005 0.069229824159421763
decision_type=8 10 10 8 8 10 8 10 10 10 10 10 8 2 8
left_child=-1 13 3 5 -5 7 -6 -3 -7 -4 12 -12 -11 14 -2
right_child=1 2 9 4 6 8 -8 -9 -10 10 11 -13 -14 -15 -16
leaf_value=-0.00061630490888182573 -0.00035175980735706368 -0.00044255965226045282 -0.00013485878672538803 0.00070727383902821151 1.6751347318417427e-05 0.00023939060678274915 -2.199321476483586e-05 0.00011666774191725124 -0.00022008549462777544 0.00023473965275356141 -0.00053117374166844001 4.8514955545132633e-05 3.2664732273428937e-05 3.2190053882665929e-05 1.4089598315884745e-06
leaf_weight=45.663241214118898 130.48533974587917 16.406081457156688 26.126354024745524 8.3412971142679435 165.63291171845049 18.207779784686863 2292.5342269139364 34.951879596337676 167.30568397184834 9.1561067383736336 57.831176517531276 989.66624840442091 6.6549056190997371 13.688383674481882 39.475043543148786
leaf_count=578 831 736 180 76 773 106 12263 266 1874 74 702 7146 64 36 565
internal_value=-0.000627987 -0.000562892 -0.00045117 -0.000756335 -0.000547688 -0.00288433 -0.000603304 0.00189953 -0.00426301 0.000296949 0.000454779 0.000299093 0.00999673 -0.00281267 -0.0034356
internal_weight=4022.13 3976.46 3792.81 2703.38 2466.51 236.871 2458.17 51.358 185.513 1089.43 1063.31 1047.5 15.811 183.649 169.96
internal_count=26270 25692 24260 16094 13112 2982 13036 1002 1980 8166 7986 7848 138 1432 1396
is_linear=0
shrinkage=0.0286577


Tree=158
num_leaves=16
num_cat=0
split_feature=4 21 21 18 18 2 8 7 33 22 21 8 16 18 11
split_gain=2.23903 1.65455 2.07283 1.33801 1.8171 1.28505 1.37242 1.14978 1.04822 1.56662 2.00229 1.93848 1.72566 1.47707 1.54903
threshold=0.36852369605520113 0.019028016284814282 0.018412833164371496 0.032269980355454704 0.033943071633304907 0.070283363905452048 0.18414417427166951 0.12290795528484336 0.026945233264211502 0.02130185966101868 0.0195031786557326 0.24225459660320817 1.1724304320722641 -0.096429477386842696 0.68713939672043389
decision_type=8 8 10 10 10 2 8 8 8 8 10 10 10 10 10
left_child=7 2 3 5 -5 6 -2 -1 13 10 12 -12 -10 -9 -15
right_child=1 -3 -4 4 -6 -7 -8 8 9 -11 11 -13 -14 14 -16
leaf_value=-0.00047990429521936102 -9.3396851364203919e-05 -0.00020701765222027739 0.0005227327305641177 0.003624315659758349 -2.4520813916394906e-05 -9.6164908304126082e-05 0.0010813291580154029 -0.00019064294628036909 -0.00023309542656284682 7.2444470817185656e-06 -4.766575939536381e-05 0.00069212467921644526 2.0994831657309662e-05 -1.5895697785263947e-05 0.00025895522846943955
leaf_weight=33.511032235808671 4.2901975465938422 215.89235707605258 4.9659555703401557 6.109943635761736 7.2640023492276669 59.73351233266294 6.3583604805171499 51.941425934433937 105.84108364302665 2083.0026651096996 8.3867701012641174 6.6113989185541859 27.42276096669957 1304.9299969542772 95.865197183564305
leaf_count=474 28 1867 30 14 73 355 38 174 812 14915 130 44 538 6254 524
internal_value=-0.000567937 -0.00293384 0.000256015 -0.000717695 0.00733835 -0.00240835 0.0063131 -0.000371228 -0.000320111 6.58003e-05 -0.00277219 0.00684749 -0.00393932 -0.000919602 -0.000734965
internal_weight=4022.13 304.614 88.722 83.756 13.3739 70.3821 10.6486 3717.51 3684 2231.26 148.262 14.9982 133.264 1452.74 1400.8
internal_count=26270 2405 538 508 87 421 66 23865 23391 16439 1524 174 1350 6952 6778
is_linear=0
shrinkage=0.0286577


Tree=159
num_leaves=16
num_cat=0
split_feature=5 27 32 12 1 27 21 18 35 35 18 19 27 31 27
split_gain=1.78445 1.45751 1.5441 1.79106 1.51762 1.02577 0.997372 2.25236 1.98221 1.90943 1.63111 1.47914 1.78127 2.74969 2.13672
threshold=-0.20057629005035929 0.017284763570693033 0.51385224274406338 0.060508694778444096 0.18256944444444448 0.41896353858046925 0.081471994555912461 0.080553974389522845 4.9533945083504429 5.638478976014027 -0.14514963937050526 0.10402656745086657 0.12596229539267981 -1.5100000000000005 0.13838768224662784
decision_type=8 10 8 10 2 10 8 8 2 2 10 10 10 8 10
left_child=5 2 3 -2 -4 -1 11 8 10 -10 -8 -3 13 -13 -14
right_child=1 6 4 -5 -6 -7 7 -9 9 -11 -12 12 14 -15 -16
leaf_value=-0.00029180132023126832 -2.9067291546574591e-06 -7.6780894517335638e-06 -0.000344669691346784 0.0017158510797814033 3.1723095791403544e-05 2.5428111358060949e-06 0.00064891125114485985 -0.00064731186593924861 -0.00018415173020967242 9.7063587257050499e-06 1.0527982417517458e-05 0.0025303911413509274 0.0028893447174054248 -0.00022817448726255703 0.00035479863971828835
leaf_weight=60.891900463029742 42.605256000999361 2989.5218677911907 126.31715133413672 9.4862056314013881 14.841248759301378 22.443775572814047 7.6533731715753666 85.975595120340586 68.412089789286256 22.058149756863713 299.86366294650361 8.8779856115579587 7.5996474288403979 47.975714359432459 207.60303630121052
leaf_count=308 701 17564 705 86 48 128 36 1602 410 180 3138 40 32 242 1050
internal_value=-0.000535267 -0.000444527 -0.0028764 0.00118804 -0.0044462 -0.00469189 -0.000316229 -0.00153189 -0.000593881 -0.00432806 0.000474758 -0.000132699 0.00188415 -0.00252459 0.00309654
internal_weight=4022.13 3938.79 193.25 52.0915 141.158 83.3357 3745.54 483.963 397.987 90.4702 307.517 3261.58 272.056 56.8537 215.203
internal_count=26270 25834 1540 787 753 436 24294 5366 3764 590 3174 18928 1364 282 1082
is_linear=0
shrinkage=0.0286577


Tree=160
num_leaves=16
num_cat=0
split_feature=5 27 28 28 4 25 23 16 10 5 11 27 24 25 23
split_gain=1.77615 1.28397 2.03915 2.36886 1.31771 1.25159 2.10505 1.07335 1.25536 3.15505 1.39176 1.02459 1.11519 1.01094 1.68082
threshold=-0.20057629005035929 0.017284763570693033 0.034249999999999996 0.040250000000000015 0.36852369605520113 0.22905957823000717 0.023696994538165986 1.3352655683632342 0.59195378719951941 0.30394944294367643 0.60916761965840005 0.41896353858046925 9.5000000000000018 0.64630395126606366 0.037332289505992079
decision_type=8 10 10 8 10 8 10 10 10 10 10 10 2 8 10
left_child=11 2 5 -4 7 6 -2 8 10 -10 -3 -1 -13 -9 -15
right_child=1 4 3 -5 -6 -7 -8 13 9 -11 -12 12 -14 14 -16
leaf_value=-0.00028343897766869449 -0.00058939519470822322 -4.9716049740186885e-06 0.001512315567742792 -9.9863852036334106e-08 -0.00056424656321750867 -0.0003320093775574254 0.0010762512349765424 -0.00015255898011571801 3.7742836820127134e-06 0.0012389944866049059 -0.00019885843913297778 -0.00050732105394251748 5.0206947313723266e-06 0.0010671008591669987 -9.4572002614003186e-06
leaf_weight=60.891900463029742 6.7471787440590543 3176.9017225322314 6.5583845553919673 20.202135241590444 52.67396349273622 154.68900075810961 5.053162426687777 166.84433252271265 135.17140586487949 31.547816218808293 122.02244500815868 13.787526884116234 8.6562486886978132 8.1713972571305913 52.208039380144328
leaf_count=308 99 20056 26 154 264 1240 21 1134 526 114 642 108 20 678 880
internal_value=-0.000541692 -0.000451152 -0.00273478 0.00440783 -0.000330511 -0.00394704 0.0045699 -0.000263308 -0.000135072 0.00228333 -0.000260459 -0.00468888 0.000124411 -0.0021733 0.000873277
internal_weight=4022.13 3938.79 193.25 26.7605 3745.54 166.489 11.8003 3692.87 3465.64 166.719 3298.92 83.3357 22.4438 227.224 60.3794
internal_count=26270 25834 1540 180 24294 1360 120 24030 21338 640 20698 436 128 2692 1558
is_linear=0
shrinkage=0.0286577


Tree=161
num_leaves=16
num_cat=0
split_feature=4 19 21 34 19 18 19 9 33 19 25 26 35 35 31
split_gain=1.43335 1.48353 1.75528 3.82904 3.08862 1.42906 2.00898 3.0726 2.99837 1.38772 2.12239 2.11195 3.80311 3.0573 2.87034
threshold=0.037631386950465383 0.030208883353677007 0.013095255973021648 0.015727904251998773 0.013464141555312671 -0.021230019827693677 0.090286228767986088 0.33186469767032339 0.028183896308092819 0.028060163187381613 0.18558416528304886 0.34129747766121876 5.3091089264029252 4.5784668018349697 4.5050000000000017
decision_type=8 8 10 10 10 8 8 10 8 10 10 10 2 2 10
left_child=9 2 -2 4 -4 6 7 -3 -9 11 -11 13 -13 -1 -14
right_child=1 5 3 -5 -6 -7 -8 8 -10 10 -12 12 14 -15 -16
leaf_value=-7.3440696341895095e-06 -1.8481478739660851e-05 -3.5576762090460094e-05 0.00076655829418145131 0.00078194635602084209 -0.00012506871661688643 -0.00027531628026289514 -6.2066920913793545e-05 0.0031451297754118233 -0.00010764999407484914 0.0010454083947072316 -5.8251591455461415e-07 -0.00014024965425321793 0.00088452244440887233 -0.00017937619415265855 -0.00073805742963512638
leaf_weight=184.32329404656775 109.65877526905388 46.904417284764349 6.9616675153374663 18.342655897140503 59.185835839249194 346.05757116572931 31.18554456345737 13.881222497671841 9.4512677472084778 12.349876441061495 2804.7521262750961 165.55594622669742 40.650504022138193 159.2458215940278 13.620133653283117
leaf_count=1741 830 278 46 60 505 2318 210 52 56 62 16788 1916 444 898 66
internal_value=-0.000497751 -0.00174199 0.000304222 0.00344767 6.7229e-05 -0.00265171 0.000248856 0.00302814 0.0115091 -0.000258545 0 -0.0015566 0.000599177 -0.00296437 0.0071982
internal_weight=4022.13 641.629 194.149 84.4902 66.1475 447.48 101.422 70.2369 23.3325 3380.5 2817.1 563.396 219.827 343.569 54.2706
internal_count=26270 4355 1441 611 551 2914 596 386 108 21915 16850 5065 2426 2639 510
is_linear=0
shrinkage=0.0286577


Tree=162
num_leaves=16
num_cat=0
split_feature=17 26 30 17 8 7 36 17 10 19 10 30 17 20 24
split_gain=1.95322 1.36566 1.78424 1.83748 2.19969 3.4362 1.82042 2.71261 1.98453 1.79737 2.1553 1.79522 1.65585 2.46725 2.35911
threshold=0.53641936950695268 0.24735425737784233 17.195000000000004 1.1183031484698196 0.28040951073932813 0.27142778371883897 1.0000000180025095e-35 0.85846178787477412 0.39945232558198684 0.0116826418759598 0.31778606021595229 16.530000000000005 0.88881319923475721 0.0085078152552220693 10.500000000000002
decision_type=8 10 8 10 10 10 2 10 10 8 8 10 8 8 2
left_child=-1 12 3 -3 11 -6 7 -4 -9 -8 -11 -5 -2 14 -14
right_child=1 2 6 4 5 -7 9 8 -10 10 -12 -13 13 -15 -16
leaf_value=-7.1641864845240372e-05 -0.00021686754543958497 6.5635254042288187e-05 -0.00014995208346487446 -0.00029449889520200115 0.0018995385927662624 9.3367286223671563e-06 0.0012424972710909721 3.8886751829982887e-05 -7.2399995100836106e-05 -5.216436055936219e-05 3.262056303037741e-05 0.00019583567248977711 -0.00043950182987591903 -3.7965275855003878e-05 0.00073400868436735854
leaf_weight=89.332088434137404 240.53598773758858 712.23660047166049 330.13829571986571 214.86268001142889 22.219798245467246 190.80343788024038 7.7320148115977636 383.36392654664814 215.79167304560542 456.604745849967 507.10086215171032 45.916818408761173 8.6830015443265456 584.16933687124401 12.635392308235167
leaf_count=479 1847 6134 2027 1876 104 1028 70 2180 737 2685 2465 488 294 3832 24
internal_value=-0.000526915 -0.000428804 -0.000145597 0.000722441 -0.000645319 0.00148545 -0.000692504 -0.00160014 -0.000431526 0.000165683 4.32795e-05 -0.0024238 -0.00145002 -0.00063022 0.00884711
internal_weight=4022.13 3932.79 3086.77 1186.04 473.803 213.023 1900.73 929.294 599.156 971.438 963.706 260.779 846.024 605.488 21.3184
internal_count=26270 25791 19794 9630 3496 1132 10164 4944 2917 5220 5150 2364 5997 4150 318
is_linear=0
shrinkage=0.0286577


Tree=163
num_leaves=16
num_cat=0
split_feature=17 9 21 28 16 17 28 17 17 21 1 39 14 24 26
split_gain=2.01553 1.32459 1.26991 1.28851 1.23754 1.06817 1.05974 3.62586 1.57723 0.598112 0.344767 0.32627 0.319167 0.308047 0.28437
threshold=0.53641936950695268 0.13419021651033883 0.0046830456682059622 0.10865000000000001 0.6858737484973928 1.3132113741768947 -0.038999999999999972 1.9298233906639488 1.8797176794975516 0.0018640013510407881 0.17805172413793108 1.0000000180025095e-35 2.0644256110938604 6.5000000000000009 0.47816268655581667
decision_type=8 8 10 10 8 10 8 8 10 8 2 2 10 2 10
left_child=11 13 9 6 -5 -6 7 -4 -8 10 12 -1 -3 -2 -13
right_child=1 2 3 4 5 -7 8 -9 -10 -11 -12 14 -14 -15 -16
leaf_value=4.664239810744945e-05 5.1274044322779839e-05 0.00068682285877181691 -0.00012250787172619586 0.0031033437738485145 -0.00024227637149262216 0.00020881581688982645 2.6144486016530433e-06 0.0010039281911203401 -0.00021263585662200689 -0.00021983013827016587 -1.3413314526852265e-05 -0.0002008953667734033 -7.0325180771408044e-05 -0.00023353172155682407 -8.6590326923233679e-05
leaf_weight=5.8191254856064907 5.3033807347528628 2.8710883958265176 337.31963534560055 2.3965283315628758 80.85473101772368 43.230982756242156 3234.8696479769424 30.435299502685666 90.016469834372401 66.84218233008869 2.7257201671600342 58.548841761425138 2.2983262613415718 33.630578950047493 24.964121187105775
leaf_count=54 1560 72 2214 16 444 258 18054 152 617 2260 4 252 18 122 173
internal_value=-0.000462557 -0.000362985 -0.000307518 -0.000232229 -0.0030773 -0.00354913 -0.000131897 -0.00159162 2.66635e-05 -0.00400956 0.00261186 -0.00472284 0.00754769 -0.00562191 -0.00520021
internal_weight=4022.13 3932.79 3893.86 3819.12 126.482 124.086 3692.64 367.755 3324.89 74.7373 7.89513 89.3321 5.16941 38.934 83.513
internal_count=26270 25791 24109 21755 718 702 21037 2366 18671 2354 94 479 90 1682 425
is_linear=0
shrinkage=0.0286577


Tree=164
num_leaves=16
num_cat=0
split_feature=4 22 19 5 20 22 10 16 32 9 9 35 35 35 34
split_gain=2.48041 1.32515 3.92228 2.96464 2.32411 1.5312 1.95232 1.35556 1.47561 1.28705 2.14381 1.3824 1.13863 1.9136 1.15235
threshold=0.36852369605520113 0.023273116275746405 0.02934646566757566 0.015087169695878597 0.0048233728506814075 0.024809185847757109 0.18924998979463395 1.2316691601244656 0.72559366754617427 0.34119029518440447 0.34262534709339043 3.8739056617307024 3.6792078264521155 3.9763114249628342 -0.013973805227124157
decision_type=8 10 10 10 10 10 8 10 10 8 8 2 2 2 8
left_child=1 2 3 -1 -3 6 -6 -5 -9 11 -11 -7 -2 14 -14
right_child=12 4 -4 7 5 9 -8 8 -10 10 -12 -13 13 -15 -16
leaf_value=1.205029894986261e-05 -6.9006558415398662e-05 0.00071289879023623778 0.00066277541031264757 -0.00011459431256956753 0.00018445369835346385 -7.405454091333625e-05 5.3075083560304668e-06 0.00011368250451035024 -0.00017886273879194985 0.00025259615846386682 5.9576537913800776e-06 -1.5755753003312271e-06 -0.00011138411305582581 -0.00022891275240672748 0.0010691002673684049
leaf_weight=10.660137795843182 189.42300527449697 7.9438311364501706 9.6583960950374586 245.41043509333394 12.974042663816361 574.05995968636125 32.662068005651236 13.120254625100644 15.007190659642218 22.004112719558179 1254.1921295975335 1519.819772969 11.511280516162513 78.887815581168979 24.792227619327605
leaf_count=88 1416 32 50 3047 108 4166 238 586 74 78 5802 9596 117 711 161
internal_value=-0.000423889 -0.000217193 -0.0020642 -0.00270936 -5.56276e-05 -9.50408e-05 0.00509898 -0.0033191 0.00240729 -0.000168672 0.00054452 -0.000608121 -0.00291168 -0.00056228 0.00475691
internal_weight=4022.13 3717.51 293.856 284.198 3423.66 3415.71 45.6361 273.538 28.1274 3370.08 1276.2 2093.88 304.614 115.191 36.3035
internal_count=26270 23865 3845 3795 20020 19988 346 3707 660 19642 5880 13762 2405 989 278
is_linear=0
shrinkage=0.0286577


Tree=165
num_leaves=16
num_cat=0
split_feature=17 7 22 9 9 2 39 11 17 2 26 7 31 26 11
split_gain=2.02881 1.38053 1.01792 1.83475 2.46235 2.4206 1.24677 1.21905 1.17058 1.08241 1.04556 0.908447 0.695634 0.49319 0.487236
threshold=0.53641936950695268 0.12906616183266204 0.02130185966101868 0.24385842441314645 0.21813222256136541 0.11706784091720562 3.5000000000000004 0.11525777738276129 2.1567354133066581 0.049852695189563874 0.061744172959229203 0.19705860881999207 3.5049999999999994 0.92508222691726594 0.82545831813660264
decision_type=8 8 10 8 10 2 2 10 10 2 8 10 8 10 10
left_child=14 12 3 4 7 -6 -5 -3 9 -4 -11 -10 -2 -13 -1
right_child=1 2 8 6 5 -7 -8 -9 11 10 -12 13 -14 -15 -16
leaf_value=-0.00011952829456064641 -0.0004405189760059515 5.1048182688300614e-05 -0.00050572031768789767 -0.00029999821919416672 0.00061564789515343302 -0.00012347840723118849 0.0012715020398810857 -4.6135205139388472e-05 0.0011477952510225669 1.875698163789781e-05 -1.5304230015547688e-06 -0.00055209421854204713 0.00046126408065278455 0.00096960113107040697 0.0001346759083788569
leaf_weight=81.396936255507171 49.812581519596279 3.1179489200003436 32.245599142275751 98.030551528325304 19.720921728294346 10.036797900684176 2.0290793776512137 120.56223924597725 3.8329875143244854 15.890171925537286 3519.143885106314 49.719646088778973 4.8093902468681327 3.8427713597193351 7.9351521786302319
leaf_count=409 466 152 178 1908 158 110 14 1542 50 132 20495 268 262 56 70
internal_value=-0.000448968 -0.000349087 -0.000282491 -0.00204058 -5.0229e-06 0.00729757 -0.00505562 -0.00185264 -0.000156669 -8.83589e-05 -3.7675e-05 -0.00421232 -0.00487496 -0.0052993 -0.00472284
internal_weight=4022.13 3932.79 3878.17 253.498 153.438 29.7577 100.06 123.68 3624.68 3567.28 3535.03 57.3954 54.622 53.5624 89.3321
internal_count=26270 25791 25063 3884 1962 268 1922 1694 21179 20805 20627 374 728 324 479
is_linear=0
shrinkage=0.0286577


Tree=166
num_leaves=16
num_cat=0
split_feature=4 21 9 2 19 7 5 26 26 27 6 5 7 21 7
split_gain=2.40379 1.47983 4.05175 1.65112 1.29838 2.31914 1.58428 1.58323 1.69456 3.35331 3.33621 1.34814 5.05713 3.50705 2.98525
threshold=0.36852369605520113 0.019243981626304477 0.2508396970940715 0.22742642187098569 0.024860043485083295 0.15689956871894664 0.015087169695878597 0.093897919101698632 0.29540671293787901 0.37582850165496667 1.9242262884022088 0.29388310446967791 0.42047398383458018 0.12073636718283216 0.1505497136637555
decision_type=8 8 10 2 10 10 10 8 10 8 10 10 10 10 10
left_child=4 2 -2 -4 5 6 -1 -7 10 -10 -9 14 -13 -14 -6
right_child=1 -3 3 -5 11 7 -8 8 9 -11 -12 12 13 -15 -16
leaf_value=0.00026591501585951306 -7.7084215901118458e-05 -0.0001920859199984545 0.00080180501435682654 -4.3371012693346473e-06 0.00021567543702546565 6.87748301691253e-05 -0.00019900617085860561 -0.00011265957489267412 0.00019514495967323057 -0.00029196913412158352 0.00062369611710162156 4.4009351723223449e-06 6.5355332626554935e-05 0.0006832348556156402 -2.57488539253627e-05
leaf_weight=2.4842250766232601 59.908990924246609 215.81411535525694 20.628647474572066 8.262575237080453 181.34142589010298 6.1730021135881534 127.6494442766998 135.32621340593323 113.52211782569066 101.33107925625518 16.850193663500249 742.79974338784814 70.07301358319819 19.609164359048009 2200.3527082088403
leaf_count=12 356 1863 141 45 1548 86 1894 1013 912 756 72 4542 354 66 12610
internal_value=-0.000438169 -0.00288754 0.000118898 0.00899984 -0.000234623 -0.00158793 -0.00488579 -0.000409027 -0.00068092 0.000922444 -0.00300796 -1.95026e-05 0.000969778 0.00739173 -0.000369529
internal_weight=4022.13 304.614 88.8002 28.8912 3717.51 503.336 130.134 373.203 367.03 214.853 152.176 3214.18 832.482 89.6822 2381.69
internal_count=26270 2405 542 186 23865 4745 1906 2839 2753 1668 1085 19120 4962 420 14158
is_linear=0
shrinkage=0.0286577


Tree=167
num_leaves=16
num_cat=0
split_feature=5 22 19 17 18 18 17 31 30 38 18 31 17 6 20
split_gain=2.29573 1.95397 2.88186 1.7836 1.31178 1.16713 1.01243 0.97404 0.923474 1.80507 1.56465 1.2142 3.23067 1.27595 1.01634
threshold=-0.20057629005035929 0.02130185966101868 0.02934646566757566 0.53641936950695268 0.032712742157701043 0.019749423465897146 1.3599775531753706 -1.8500000000000003 23.075000000000006 3.5000000000000004 -0.00069920771125520076 3.5049999999999994 1.3599775531753706 0.74602840415080685 0.037256807653562214
decision_type=8 10 10 8 8 10 8 10 10 2 10 10 10 10 10
left_child=-1 2 4 -3 5 7 -7 -2 11 14 -11 13 -13 -5 -10
right_child=1 3 -4 8 -6 6 -8 -9 9 10 -12 12 -14 -15 -16
leaf_value=-0.00016858800819403313 0.00048685244397619025 -0.00043634166208671919 0.0006268766937651501 1.2873333582747239e-06 -0.0003640054988390601 1.4351174086740354e-05 0.00089888346365070079 -4.9669831871811305e-05 -5.1235239382165621e-06 0.00069484397226780284 -0.00028725403939875029 7.7943476064667778e-07 0.0010809599303987826 -0.00020272026903944587 -0.00039057020066241385
leaf_weight=83.33567603584379 7.7641052654944351 75.952850164845586 7.8196818381547919 2618.2791321538389 86.630699046654627 19.037858923431489 4.7612808262929311 138.25375426746905 28.698266357183456 77.816807180643082 154.12665337324142 380.38986287917942 75.268633112311363 201.0323677174747 62.959030896425247
leaf_count=436 708 377 28 15895 1706 298 28 1320 50 468 1026 2272 452 1112 94
internal_value=-0.000449834 -0.00034738 -0.00272896 -0.00017323 -0.00328774 -0.00173735 0.00395376 -0.00273775 -7.85465e-05 -0.00153967 -0.000148384 6.28856e-05 0.00143722 -0.000155803 -0.00494289
internal_weight=4022.13 3938.79 264.267 3674.52 256.448 169.817 23.7991 146.018 3598.57 323.601 231.943 3274.97 455.658 2819.31 91.6573
internal_count=26270 25834 4088 21746 4060 2354 326 2028 21369 1638 1494 19731 2724 17007 144
is_linear=0
shrinkage=0.0286577


end of trees

feature_importances:
iv_rank=155
hist_move_avg_8q=143
iv_crush_pct=138
log_spot=132
hist_move_std_4q=118
hv_rank=118
volume_ratio_20d=109
drift_5d=107
parkinson_rv_60d=105
hist_move_med_8q=100
hist_move_avg_4q=97
parkinson_rv_10d=91
hist_move_med_4q=91
iv_mom_week=86
spy_drift_60d=86
cc_rv_10d=85
parkinson_rv_20d=81
rv_term_ratio=81
cc_rv_20d=69
event_move_implied=68
vol_of_vol_20d=61
vix_current=52
hist_event_count=50
vix_change_30d=49
tlt_spy_ratio_30d=38
earnings_month=33
vix_pct_252d=28
iv_cc_rv_ratio_20d=25
em_iv_pct=22
hist_straddle_accuracy=22
straddle_pct=21
atm_iv=15
event_vol_fraction=13
timing_bmo=13
iv_rv_ratio_60d=7
earnings_dow=6
iv_rv_ratio_20d=5

parameters:
[boosting: gbdt]
[objective: quantile]
[metric: quantile]
[tree_learner: serial]
[device_type: cpu]
[data_sample_strategy: bagging]
[data: ]
[valid: ]
[num_iterations: 1500]
[learning_rate: 0.0286577]
[num_leaves: 16]
[num_threads: 8]
[seed: 42]
[deterministic: 0]
[force_col_wise: 0]
[force_row_wise: 0]
[histogram_pool_size: -1]
[max_depth: 6]
[min_data_in_leaf: 21]
[min_sum_hessian_in_leaf: 0.001]
[bagging_fraction: 0.824499]
[pos_bagging_fraction: 1]
[neg_bagging_fraction: 1]
[bagging_freq: 0]
[bagging_seed: 400]
[bagging_by_query: 0]
[feature_fraction: 0.509298]
[feature_fraction_bynode: 1]
[feature_fraction_seed: 30056]
[extra_trees: 0]
[extra_seed: 12879]
[early_stopping_round: 0]
[early_stopping_min_delta: 0]
[first_metric_only: 0]
[max_delta_step: 0]
[lambda_l1: 0.347378]
[lambda_l2: 0.229362]
[linear_lambda: 0]
[min_gain_to_split: 0]
[drop_rate: 0.1]
[max_drop: 50]
[skip_drop: 0.5]
[xgboost_dart_mode: 0]
[uniform_drop: 0]
[drop_seed: 17869]
[top_rate: 0.2]
[other_rate: 0.1]
[min_data_per_group: 100]
[max_cat_threshold: 32]
[cat_l2: 10]
[cat_smooth: 10]
[max_cat_to_onehot: 4]
[top_k: 20]
[monotone_constraints: ]
[monotone_constraints_method: basic]
[monotone_penalty: 0]
[feature_contri: ]
[forcedsplits_filename: ]
[refit_decay_rate: 0.9]
[cegb_tradeoff: 1]
[cegb_penalty_split: 0]
[cegb_penalty_feature_lazy: ]
[cegb_penalty_feature_coupled: ]
[path_smooth: 0]
[interaction_constraints: ]
[verbosity: -1]
[saved_feature_importance_type: 0]
[use_quantized_grad: 0]
[num_grad_quant_bins: 4]
[quant_train_renew_leaf: 0]
[stochastic_rounding: 1]
[linear_tree: 0]
[max_bin: 255]
[max_bin_by_feature: ]
[min_data_in_bin: 3]
[bin_construct_sample_cnt: 200000]
[data_random_seed: 175]
[is_enable_sparse: 1]
[enable_bundle: 1]
[use_missing: 1]
[zero_as_missing: 0]
[feature_pre_filter: 1]
[pre_partition: 0]
[two_round: 0]
[header: 0]
[label_column: ]
[weight_column: ]
[group_column: ]
[ignore_column: ]
[categorical_feature: ]
[forcedbins_filename: ]
[precise_float_parser: 0]
[parser_config_file: ]
[objective_seed: 16083]
[num_class: 1]
[is_unbalance: 0]
[scale_pos_weight: 1]
[sigmoid: 1]
[boost_from_average: 1]
[reg_sqrt: 0]
[alpha: 0.75]
[fair_c: 1]
[poisson_max_delta_step: 0.7]
[tweedie_variance_power: 1.5]
[lambdarank_truncation_level: 30]
[lambdarank_norm: 1]
[label_gain: ]
[lambdarank_position_bias_regularization: 0]
[eval_at: ]
[multi_error_top_k: 1]
[auc_mu_weights: ]
[num_machines: 1]
[local_listen_port: 12400]
[time_out: 120]
[machine_list_filename: ]
[machines: ]
[gpu_platform_id: -1]
[gpu_device_id: -1]
[gpu_use_dp: 0]
[num_gpu: 1]

end of parameters

pandas_categorical:[]
