tree
version=v4
num_class=1
num_tree_per_iteration=1
label_index=0
max_feature_idx=39
objective=quantile
feature_names=atm_iv straddle_pct em_iv_pct dte event_move_implied iv_crush_pct event_vol_fraction parkinson_rv_10d parkinson_rv_20d parkinson_rv_60d cc_rv_10d cc_rv_20d vol_of_vol_20d iv_rv_ratio_20d iv_rv_ratio_60d iv_cc_rv_ratio_20d rv_term_ratio volume_ratio_20d drift_5d hist_move_avg_4q hist_move_med_4q hist_move_std_4q hist_move_avg_8q hist_move_med_8q hist_event_count hist_straddle_accuracy iv_rank hv_rank iv_mom_week iv_mom_month vix_current vix_change_30d vix_pct_252d spy_drift_60d tlt_spy_ratio_30d log_spot timing_bmo timing_amc earnings_month earnings_dow
feature_infos=[0.04895:6.9630000000000001] [0.0015384615384615385:1.8500000000000001] [0.017194475857088519:2.0616975370423702] [2:60] [0:0.82508170513633672] [-5.6183681411337396:0.89960535464222413] [0.023930106654222842:31.543013227397861] [0.014395346063371022:2.9019283854171243] [0.013702742912540504:2.0568049020414998] [0.013292971040519895:1.1996297331252923] [0.0017225564754097334:6.8202047156347891] [0.0012180313647390209:4.8923480790586602] [0.0025765502067234152:1.6787447670311981] [0.22546544050885908:52.932993482707012] [0.18352836383539717:24.137930742003956] [0.05225578794854964:577.53028400112123] [0.089317021865592552:2.4494897427831788] [0.25046762693031205:13.666063787489955] [-0.74597457057605987:0.45318618725525139] [0:0.60000000000000009] [0:0.60000000000000009] [0:0.74631856464742785] [0:0.60000000000000009] [0:0.60000000000000009] [0:24] [0.0018949083811800431:35.705564830433907] [0:1] [-1.2731829573934843:8.9999999999961151] [-0.79009999999999991:1.0044] [-1.9103000000000001:1.0076000000000001] [11.99:52.329999999999998] [-22.329999999999998:24.469999999999999] [0.0039577836411609502:1] [-0.15722837228372288:0.2501611343860779] [-0.2127845500662231:0.23027200357131283] [0.66268797307523675:8.5467519936577823] [0:1] [0:1] [1:12] [0:6]
tree_sizes=1847 1924 1920 1917 1927 1922 1915 1920 1925 1926 1934 1930 1916 1921 1918 1919 1914 1914 1923 1910 1926 1933 1928 1926 1918 1937 1915 1937 1925 1909 1931 1917 1923 1929 1942 1924 1927 1929 1912 1921 1910 1924 1927 1934 1904 1923 1929 1923 1919 1916 1917 1922 1914 1929 1925 1923 1928 1931 1923 1908 1900 1931 1935 1901 1928 1921 1926 1935 1918 1918 1918 1930 1929 1914 1898 1927 1899 1929 1912 1904 1933 1895 1912 1893 1910 1932 1938 1927 1912 1900 1922 1914 1920 1922 1924 1915 1919 1928 1924 1912 1910 1933 1932 1903 1914 1905 1905 1938 1935 1930 1934 1930 1922

Tree=0
num_leaves=16
num_cat=0
split_feature=19 5 23 16 16 23 0 25 23 34 27 23 23 17 27
split_gain=24.6425 8.92546 4.5869 5.0609 4.93145 4.55519 4.48682 5.25394 4.13412 3.88274 3.54633 4.06578 4.16581 4.03291 3.2148
threshold=0.039996689369259701 -0.20057629005035929 0.023083348280519143 0.92905086149715699 1.2055927357268454 0.083202851431348993 0.50412500000000005 1.8593332871368966 0.029305337468995111 -0.046483691780359764 0.094623658789595291 0.080955221351137238 0.1491550303840869 0.49885065422136549 0.23017960330583925
decision_type=8 8 10 8 8 8 2 10 10 10 10 8 8 8 8
left_child=2 5 3 -1 -4 14 7 9 -6 -3 11 -8 -13 -12 -2
right_child=1 6 4 -5 8 -7 10 -9 -10 -11 13 12 -14 -15 -16
leaf_value=0.019951023147634799 0.019837490588920863 0.020688878544960387 0.020304675477433146 0.020127931469561919 0.020358110573883977 0.020875496395697697 0.020225898090561172 0.019800859273637322 0.020000817059019425 0.020311848180310513 0.019862536191918349 0.021128590057938348 0.020132621219311111 0.020813125966810637 0.020995446804147722
leaf_weight=151.08440644107759 28.351814921014014 359.5603820332326 682.03338782675564 364.38140763808042 52.865370646584779 9.339042052626608 104.84142551477998 11.844116216525434 105.94367781002074 810.82715196255594 19.016120543703437 93.049038261175156 31.133102486841381 1192.4249367022421 5.4312789812684015
leaf_count=1459 80 5086 3707 2949 362 76 543 138 618 4170 96 510 284 6144 48
internal_value=0.0203256 0.0219231 0.0171787 0.0150403 0.0185026 0.00905678 0.0221394 0.0208208 0.0139496 0.0210229 0.0232145 0.0199837 0.0234422 0.0238335 0.00410458
internal_weight=4022.13 2665.82 1356.31 515.466 840.842 43.1221 2622.7 1182.23 158.809 1170.39 1440.46 229.024 124.182 1211.44 33.7831
internal_count=26270 17175 9095 4408 4687 204 16971 9394 980 9256 7577 1337 794 6240 128
is_linear=0
shrinkage=1


Tree=1
num_leaves=16
num_cat=0
split_feature=22 7 9 7 28 11 5 22 10 7 9 27 28 7 27
split_gain=26.7289 11.3422 8.57053 5.12736 7.98607 5.70546 4.50414 4.46083 4.57345 4.91193 4.18912 3.82878 3.79448 3.64652 3.75263
threshold=0.035236475383476205 0.10761531458314993 0.34119029518440447 0.21674505593145824 -0.034199999999999946 0.19378995963851151 -0.42231404515553822 0.023671853541380738 0.20336667322134164 0.12290795528484336 0.33921760691839414 0.099380438662886164 -0.041299999999999969 0.87803407308138681 0.55078604765413908
decision_type=8 8 8 10 10 10 8 10 8 10 10 10 10 10 8
left_child=3 -2 6 7 11 -6 -3 -1 9 -9 -8 -5 -10 -4 -15
right_child=1 2 13 4 5 -7 10 8 12 -11 -12 -13 -14 14 -16
leaf_value=-0.00033214031570508027 -0.00053340501980569206 -0.00042438423508484551 0.00036173006540124019 0.00063032708480828775 -0.00035202305042981655 9.2960913112695079e-05 2.8790596090951316e-05 -0.00052865538294577085 -0.00019049684721610981 0.00012228430488922282 -0.00034482357968014721 -0.00037641618130095295 -0.00035302490788643445 -0.00028475987098594715 0.00045672737007236618
leaf_weight=196.52446073386818 19.282813183963299 13.637028843164442 1287.7901374248322 11.887629573233424 14.428828691132365 259.24971655802801 1772.328457728494 12.25839781668037 56.559283496811986 144.38134953519329 15.729071209207175 91.767659448552877 106.27312200330198 11.470475731417535 8.5582280606031436
leaf_count=2003 132 46 7079 89 122 1934 12035 136 212 1086 74 644 600 30 48
internal_value=-8.59281e-05 0.0011599 0.0012995 -0.00445964 -0.00188139 0.000652156 1.20446e-05 -0.00632407 -0.00417449 -0.000606926 0.00014372 -0.00865316 -0.00753964 0.00306521 -0.00887244
internal_weight=4022.13 3128.8 3109.51 893.33 377.334 273.679 1801.69 515.997 319.472 156.64 1788.06 103.655 162.832 1307.82 20.0287
internal_count=26270 19444 19312 6826 2789 2056 12155 4037 2034 1222 12109 733 812 7157 78
is_linear=0
shrinkage=0.0286577


Tree=2
num_leaves=16
num_cat=0
split_feature=23 9 27 23 17 11 11 33 17 1 27 23 16 16 31
split_gain=18.7885 8.60279 5.21293 6.14358 6.53322 5.16545 4.91671 4.29428 4.04867 3.64499 4.49093 3.54287 3.28371 2.62691 2.62571
threshold=0.035053767480788402 0.27920054991941323 0.099380438662886164 0.080955221351137238 0.87143222978408097 0.087550763345633095 0.095625091837134732 0.019197134913440998 0.5690287955380352 0.070963323022536468 0.51566562071291611 0.1491550303840869 1.1389010684344298 1.101527117542237 -3.5049999999999994
decision_type=8 8 10 8 10 10 8 10 8 2 10 10 10 8 8
left_child=6 5 3 4 -3 -2 -1 -6 -4 10 -8 -5 14 -13 -11
right_child=1 2 8 11 7 -7 9 -9 -10 12 -12 13 -14 -15 -16
leaf_value=-0.0005135053575578202 -0.00053992194945898589 0.00037869407282451156 -0.00027461828006337507 0.00040418336595404665 -0.00046252219743275324 -3.1010039915757924e-05 -0.000198714190095837 -0.0002040314950867182 0.00041376351610934205 -0.00046067549237436786 -0.00031628674331503419 -0.00027121910790252031 -0.00028658830673904161 0.00034789479543525023 -6.177610805995224e-06
leaf_weight=14.066024135332553 11.835462422110139 51.386366861406714 59.552901739254594 113.50738677685149 43.335000256076455 951.40955722471699 400.54682261543348 44.599941762164235 1424.7546787019819 40.021436123177409 97.253113616257906 20.389440678060058 145.03740656096488 9.7495847288519126 594.68153583584353
leaf_count=278 232 201 312 1001 117 7489 2750 240 7633 237 712 70 1266 24 3708
internal_value=-5.22455e-05 0.00129233 0.00248125 -0.00105647 -0.00536586 -0.00087874 -0.00290217 -0.0101241 0.00316244 -0.00270559 -0.00463027 0.00305587 -0.00146308 -0.00548682 -0.000555757
internal_weight=4022.13 2730.52 1767.28 282.968 139.321 963.245 1291.61 87.9349 1484.31 1277.54 497.8 143.646 779.74 30.139 634.703
internal_count=26270 17319 9598 1653 558 7721 8951 357 7945 8673 3462 1095 5211 94 3945
is_linear=0
shrinkage=0.0286577


Tree=3
num_leaves=16
num_cat=0
split_feature=22 7 9 7 28 21 9 24 7 27 26 7 21 13 9
split_gain=24.8252 11.3326 8.41603 4.93351 7.1126 5.1862 4.112 3.80468 3.63094 3.75263 3.52457 3.1306 2.93266 3.67589 2.76682
threshold=0.035236475383476205 0.10761531458314993 0.34119029518440447 0.21674505593145824 -0.034199999999999946 0.0046830456682059622 0.33921760691839414 10.500000000000002 0.87803407308138681 0.55078604765413908 0.20210571626335427 0.11443925819472606 0.037204957690498024 1.1272158055975543 0.19490576192028244
decision_type=8 8 8 10 10 8 10 2 10 8 10 8 8 10 10
left_child=3 -2 6 5 7 -1 10 -5 12 -10 -3 -7 13 -4 -6
right_child=1 2 8 4 14 11 -8 -9 9 -11 -12 -13 -14 -15 -16
leaf_value=-0.00049157655791766527 -0.00050264598214428986 -0.00022842033669458032 -8.9691749613721308e-05 -0.00010589559150147927 -0.00033624021070999586 -0.00049878949642253754 -0.000334764707457122 -0.0003898258865793689 -0.00028845681338321796 0.00043178113959581896 4.6876705150642355e-05 -0.00023663903809594987 0.00041679557437140349 0.00030184348809624993 8.9486711433299862e-05
leaf_weight=33.345082794316113 19.282813183963299 211.00370305497199 153.55844524409622 59.318123595323414 31.259850597940385 13.927329431753604 15.729071209207175 44.337165426462889 11.470475731417535 8.5582280606031436 1574.9617835166864 468.72420135978609 959.75314065325074 174.47855152748525 242.41869465121999
leaf_count=190 132 1525 732 639 368 198 74 94 30 48 10556 3649 5575 772 1688
internal_value=-4.97534e-05 0.00115082 0.00129036 -0.00426498 -0.00173599 -0.00609349 1.45055e-05 -0.00812753 0.00304009 -0.00887244 0.000149411 -0.00530283 0.00323464 0.000855925 0.000653228
internal_weight=4022.13 3128.8 3109.51 893.33 377.334 515.997 1801.69 103.655 1307.82 20.0287 1785.97 482.652 1287.79 328.037 273.679
internal_count=26270 19444 19312 6826 2789 4037 12155 733 7157 78 12081 3847 7079 1504 2056
is_linear=0
shrinkage=0.0286577


Tree=4
num_leaves=16
num_cat=0
split_feature=19 8 9 5 9 27 26 16 26 27 26 26 8 25 27
split_gain=19.7116 10.1139 7.90322 5.43223 5.08842 7.92613 5.32816 4.63049 4.3973 4.2232 3.95585 3.63215 3.44664 3.41158 3.22144
threshold=0.039996689369259701 0.08772762262715382 0.27920054991941323 -0.080538578915526279 0.19490576192028244 0.47627978313514691 0.23614000136685506 0.82470620760421298 0.22279106099493948 0.099380438662886164 0.55860181126265629 0.16254813303432325 0.20767852350504387 0.3805192119033905 0.002128607810273356
decision_type=8 8 8 8 10 10 10 10 10 10 10 8 10 8 10
left_child=4 -2 3 -3 5 12 8 -8 -6 13 -7 -11 14 -4 -1
right_child=1 2 9 -5 6 10 7 -9 -10 11 -12 -13 -14 -15 -16
leaf_value=-0.00046674193400956631 -0.00048824132528029553 -0.00037686708757675766 -0.00010504870312221234 -1.4803786446077325e-05 -0.00017288672235957366 -0.00034460801921399638 -0.0003571925958909942 8.4001390112919749e-05 -0.00030127540830942841 -0.00053266670257026206 -0.0001147502197282682 0.00038452540834197057 -0.00018623798598895776 0.00010645768194335912 -0.00014152835233516663
leaf_weight=11.3129143291153 17.05509655829519 24.249060589820147 21.245835145004094 850.97479737410322 243.51105160545558 59.998818916734308 107.76046297140419 473.06138691911474 27.60178273357451 13.798930240795015 14.073496216908095 1472.7428779937327 23.095339862629771 265.75181177421473 395.89299680758268
leaf_count=98 150 130 73 7200 1360 412 785 2764 138 226 270 7814 272 1582 2996
internal_value=-8.22705e-06 0.00142026 0.00156621 -0.000652906 -0.00282302 -0.00511166 -0.00145538 7.65832e-05 -0.00477139 0.00266687 -0.0138044 0.00328213 -0.0035856 -0.000485374 -0.00293927
internal_weight=4022.13 2665.82 2648.76 875.224 1356.31 504.374 851.935 580.822 271.113 1773.54 74.0723 1486.54 430.301 286.998 407.206
internal_count=26270 17175 17025 7330 9095 4048 5047 3549 1498 9695 682 8040 3366 1655 3094
is_linear=0
shrinkage=0.0286577


Tree=5
num_leaves=16
num_cat=0
split_feature=22 8 22 16 26 28 8 27 4 26 2 10 25 27 0
split_gain=23.2475 9.52906 6.73612 4.60796 5.87435 5.01159 5.51847 4.38497 3.7296 3.61283 3.48362 3.00494 2.89913 2.74288 4.21597
threshold=0.035236475383476205 0.099197772168291481 0.07582652631508302 0.92227742507185839 0.42437132318481813 -0.02399999999999999 0.2162225738956414 0.099380438662886164 1.0000000180025095e-35 0.3102433464055816 0.11409088652415388 0.17378351844937751 1.1118382566959497 -0.0096560704436496683 0.45817500000000005
decision_type=8 8 8 10 8 10 10 10 8 10 2 10 10 8 2
left_child=3 -2 12 4 10 7 9 -5 -6 -7 -1 -11 13 14 -3
right_child=1 2 -4 5 8 6 -8 -9 -10 11 -12 -13 -14 -15 -16
leaf_value=-0.00042093440642712219 -0.00047424947215241031 0.00017694840385970464 0.00038820621262242611 0.0002273576681930746 6.7863625747349062e-05 -2.178490673664933e-05 0.00014897197124261489 -0.00030956519667146192 -0.00044465559589364207 -4.396586525120079e-05 -0.00014182084390865484 -0.00031672869469891656 -0.00023881000762482598 4.829958518291484e-05 -0.00010203825327035475
leaf_weight=140.90039493981749 16.920457600615919 9.3834236697293836 1163.4211521672551 19.009199313353747 98.327171971090138 117.91399938054383 188.843249022495 105.07558931130916 56.847289266996086 37.456841933541 57.030888172797859 71.925824544858187 80.317506582476199 1842.1227508815937 16.630921280011535
leaf_count=852 184 82 7941 135 915 804 1274 840 296 422 538 750 522 10663 52
internal_value=-2.07386e-05 0.00114099 0.00126131 -0.00409996 -0.00666117 -0.00240535 -0.000869395 -0.00746525 -0.00239634 -0.00389374 -0.00994784 -0.00764378 0.000225405 0.000459762 -0.00871566
internal_weight=4022.13 3128.8 3111.88 893.33 353.106 540.225 416.14 124.085 155.174 227.297 197.931 109.383 1948.45 1868.14 26.0143
internal_count=26270 19444 19260 6826 2601 4225 3250 975 1211 1976 1390 1172 11319 10797 134
is_linear=0
shrinkage=0.0286577


Tree=6
num_leaves=16
num_cat=0
split_feature=8 8 9 27 12 8 17 31 23 5 23 31 0 24 12
split_gain=17.391 9.9297 7.27508 6.38394 4.90935 4.41603 4.21889 3.9336 4.77234 3.76967 3.75468 3.86829 3.34177 3.12531 2.92737
threshold=0.23666124195586802 0.099197772168291481 0.34119029518440447 0.0043024123888771642 0.091307333300228569 0.33825763030213279 0.49885065422136549 4.405000000000002 0.045931784279456218 -0.42231404515553822 0.035053767480788402 2.8100000000000009 0.20655000000000004 9.5000000000000018 0.12409202163156828
decision_type=8 10 10 10 10 10 10 10 10 8 10 8 2 2 10
left_child=1 -1 3 5 9 -2 13 -3 -9 -5 11 -6 -11 -4 -8
right_child=2 7 6 4 10 -7 14 8 -10 12 -12 -13 -14 -15 -16
leaf_value=-0.00046245040494874982 -0.00028821422995935653 -0.00010148287299735815 9.864009792742461e-05 -0.00050430670491653643 -0.00039722453168108415 -0.00052622659058415599 0.00044001426797117039 -0.00046742482639496676 0.00050747276874839006 -0.00052852680319371485 -7.0604881409701997e-05 -6.4992205758736659e-05 0.00010678733900073701 -0.00047895054283706459 0.00011786242833306623
leaf_weight=26.434667281340808 29.755935177206993 1091.1430460917763 14.94666649028659 10.357855365611611 63.34182315506041 19.572612155228853 746.84159218613058 45.330728061497211 20.197779569774866 9.3775488152168673 168.46009215991944 52.386415386106819 1373.7713893845212 10.571660280227659 339.63684847857803
leaf_count=376 232 10064 130 60 240 33 3379 230 68 42 796 410 8434 20 1756
internal_value=-2.98993e-05 -0.00295107 0.00118408 1.41365e-05 0.000319285 -0.0101167 0.00299176 -0.00254211 -0.00939459 0.00102482 -0.00310333 -0.00707638 0.00116174 -0.00836954 0.00326948
internal_weight=4022.13 1183.11 2839.02 1727.02 1677.7 49.3285 1112 1156.67 65.5285 1393.51 284.188 115.728 1383.15 25.5183 1086.48
internal_count=26270 10738 15532 10247 9982 265 5285 10362 298 8536 1446 650 8476 150 5135
is_linear=0
shrinkage=0.0286577


Tree=7
num_leaves=16
num_cat=0
split_feature=22 7 8 7 22 7 32 7 28 22 23 24 17 11 23
split_gain=20.4892 11.1093 6.53261 4.405 4.08426 3.98928 3.01508 3.00801 7.43618 4.40123 4.24412 3.79746 3.78709 3.57094 3.49831
threshold=0.035236475383476205 0.10761531458314993 0.29327482600878113 0.11443925819472606 0.07260979609763353 0.87803407308138681 0.86609498680738795 0.21674505593145824 -0.034199999999999946 0.023671853541380738 0.031583071231919564 10.500000000000002 1.1930261426065203 0.19378995963851151 0.017415346647082445
decision_type=8 8 8 8 8 10 10 10 10 10 10 2 10 10 10
left_child=3 -2 -3 -1 -4 -6 -7 9 11 14 -11 -9 -13 -10 -5
right_child=1 2 4 7 5 6 -8 8 13 10 -12 12 -14 -15 -16
leaf_value=-0.00045512374605018293 -0.00044740584702956064 -2.3912445014563063e-05 9.8529480269543188e-05 -0.00029778552149545122 0.00050483816936469715 -0.00030571265661382969 0.00039388496312543905 -9.3488479780630532e-05 -0.00029425669094019981 -0.00010869988119064007 -0.00042149734867974524 -0.00045958009722516836 -0.00033754623817867501 7.6956618833023914e-05 -0.00027465729324729519
leaf_weight=16.494987425860018 19.282813183963299 1233.0733127277344 892.45855274191126 110.27466809330508 965.18995951372199 12.399768944829704 6.3918050695210686 59.318123595323414 14.428828691132365 274.42953199055046 34.611118799541146 27.94740348868072 16.389761937782168 259.24971655802801 80.186307276599109
leaf_count=212 132 9804 3879 1368 5561 36 32 639 122 1630 310 54 40 1934 517
internal_value=-2.04918e-05 0.00106999 0.00120819 -0.00385023 0.00227369 0.00355004 -0.0093021 -0.00355723 -0.00158586 -0.00502512 -0.00286096 -0.00812306 -0.0145116 0.000858478 -0.0084768
internal_weight=4022.13 3128.8 3109.51 893.33 1876.44 983.982 18.7916 876.835 377.334 499.502 309.041 103.655 44.3372 273.679 190.461
internal_count=26270 19444 19312 6826 9508 5629 68 6614 2789 3825 1940 733 94 2056 1885
is_linear=0
shrinkage=0.0286577


Tree=8
num_leaves=16
num_cat=0
split_feature=22 10 22 21 27 20 19 33 34 35 35 10 23 24 22
split_gain=19.914 8.78058 6.50079 3.91209 3.30168 3.01504 3.8997 5.84474 3.77062 2.8391 2.79223 2.62181 3.88251 2.62616 2.34344
threshold=0.035236475383476205 0.073654391756556123 0.07582652631508302 0.0046830456682059622 0.65959941982650994 0.032336433143868977 0.035221548861357831 0.097350357753504549 -0.037401278518013385 6.7805964289799565 4.8163221211722496 0.27774761283095806 0.042265484680229705 4.5000000000000009 0.012529687794443209
decision_type=8 8 8 8 10 10 10 10 10 2 2 10 10 2 10
left_child=3 -2 5 10 14 11 7 -7 -8 -6 -1 13 -13 -3 -5
right_child=1 2 -4 4 9 6 8 -9 -10 -11 -12 12 -14 -15 -16
leaf_value=-0.00044796275585834617 -0.00043458424308892574 -0.00027926941032324105 0.00035183005151887133 -0.00028582398320254747 -0.00025724056419669929 -0.00033145298473744223 0.00015834285766721626 0.00054904106454236169 -5.9453642055316216e-05 -0.00045054745123154072 0.00081661046288160745 -0.00016572281054703147 0.00016311029041979477 0.0002542003121726644 -0.00015077242786494177
leaf_weight=37.199509609490633 15.583505755290387 6.2337067462503901 1163.2692487228196 23.349585950840265 100.67081581987441 48.429452262818813 506.38558641402051 17.524249993264675 959.260213653557 14.041254505515097 6.7112820344045749 120.64404779858887 50.0490194670856 241.4171813679859 711.35799993667752
leaf_count=220 118 150 7961 998 972 190 5449 66 3689 24 54 608 150 1063 4558
internal_value=-2.05589e-05 0.00105447 0.00116561 -0.00379619 -0.00334667 0.000148674 -0.000434868 -0.00724194 -0.000120675 -0.00790787 -0.0122036 0.00230793 -0.000371513 0.00419354 -0.00261873
internal_weight=4022.13 3128.8 3113.21 893.33 849.42 1949.94 1531.6 65.9537 1465.65 114.712 43.9108 418.344 170.693 247.651 734.708
internal_count=26270 19444 19326 6826 6552 11365 9394 256 9138 996 274 1971 758 1213 5556
is_linear=0
shrinkage=0.0286577


Tree=9
num_leaves=16
num_cat=0
split_feature=22 7 9 7 9 7 27 17 7 22 10 18 26 23 17
split_gain=19.1452 11.032 7.80526 4.35206 4.06379 3.50883 3.75263 3.16778 3.03699 4.26299 5.91902 3.68676 3.64314 3.23937 3.05958
threshold=0.035236475383476205 0.10761531458314993 0.34119029518440447 0.11443925819472606 0.33921760691839414 0.87803407308138681 0.55078604765413908 0.49885065422136549 0.21674505593145824 0.023671853541380738 0.20336667322134164 0.043067121193416054 0.032307106800193705 0.017415346647082445 0.80070790992411423
decision_type=8 8 8 8 10 10 8 8 10 10 8 10 10 10 8
left_child=3 -2 4 -1 -3 7 -7 -4 9 13 -11 12 -10 14 -5
right_child=1 2 5 8 -6 6 -8 -9 11 10 -12 -13 -14 -15 -16
leaf_value=-0.00043776018045830876 -0.00042529158004815692 4.0615683467479576e-06 -0.00046634476380305655 -0.00046178857792013452 -0.00032731118271809163 -0.00030703427316437786 0.00037251451695484526 0.00032491039310121139 -0.00032355216864561235 0.00012406982597731083 -0.00023447247320155105 -0.00029785563527684656 5.1485226953380777e-05 -0.00026246547361666013 -0.00018853803758744079
leaf_weight=16.494987425860018 19.282813183963299 1785.9654865716584 20.903788350522518 23.149349404498935 15.729071209207175 11.470475731417535 8.5582280606031436 1266.8863490743097 40.747283326461911 146.20824528997764 162.83240550011396 65.549908019602299 271.03664292488247 80.186307276599109 87.125318688806146
leaf_count=212 132 12081 126 346 74 30 48 6953 181 1128 812 470 2138 517 1022
internal_value=-3.54591e-05 0.00101856 0.0011563 -0.0037375 -6.16187e-05 0.00284147 -0.00887244 0.00303293 -0.00344629 -0.00492042 -0.00278992 -0.00146671 -0.00013332 -0.00831763 -0.00496471
internal_weight=4022.13 3128.8 3109.51 893.33 1801.69 1307.82 20.0287 1287.79 876.835 499.502 309.041 377.334 311.784 190.461 110.275
internal_count=26270 19444 19312 6826 12155 7157 78 7079 6614 3825 1940 2789 2319 1885 1368
is_linear=0
shrinkage=0.0286577


Tree=10
num_leaves=16
num_cat=0
split_feature=19 9 5 9 27 26 26 28 11 27 27 23 26 27 28
split_gain=16.1422 9.68556 7.75708 5.1312 7.76362 5.58321 4.55535 4.51982 4.47362 4.08394 3.80136 4.007 4.85651 4.91095 4.48403
threshold=0.039996689369259701 0.27920054991941323 -0.20057629005035929 0.19490576192028244 0.47627978313514691 0.23614000136685506 0.22279106099493948 0.017249999999999991 0.087550763345633095 0.002128607810273356 0.099380438662886164 0.080955221351137238 0.57584797356666029 0.083442527856400592 0.029099999999999935
decision_type=8 8 8 10 10 10 10 10 10 10 10 8 10 10 10
left_child=3 2 -2 4 7 6 -5 9 -4 -1 11 12 13 -3 -14
right_child=1 10 8 5 -6 -7 -8 -9 -10 -11 -12 -13 14 -15 -16
leaf_value=-0.00041928891189149339 -0.00041310371921695049 0.00036020401678808761 -0.00039286580880517605 -0.00013629493076386504 -0.00031921755218638196 4.7518650641970534e-06 -0.0002893197902217111 -0.0001928084016769289 -2.6270792250182417e-05 -3.4309688428297732e-05 0.00031936423577752097 0.00016220013361551621 -0.00038511449423781695 -0.00036831453605203914 0.00011844030487051901
leaf_weight=10.874416762497274 23.473378441296518 84.120046124793589 10.56361957779154 243.51105160545558 74.072315133642405 580.82184989051893 27.60178273357451 86.381664121057838 858.2419565031305 333.04517011577263 1486.5418082345277 143.64641218376346 26.503748637624085 25.605654090177268 7.1217858828604212
leaf_count=82 84 314 232 1360 682 3549 138 672 7164 2612 8040 1095 104 106 36
internal_value=-1.56864e-05 0.00127677 -0.00115073 -0.00256313 -0.00485983 -0.00119078 -0.00458743 -0.00334977 -0.000697312 -0.00183861 0.00250366 -0.000485696 -0.00390177 -0.000874828 -0.0134123
internal_weight=4022.13 2665.82 892.279 1356.31 504.374 851.935 271.113 430.301 868.806 343.92 1773.54 286.998 143.351 109.726 33.6255
internal_count=26270 17175 7480 9095 4048 5047 1498 3366 7396 2694 9695 1655 560 420 140
is_linear=0
shrinkage=0.0286577


Tree=11
num_leaves=16
num_cat=0
split_feature=9 1 23 5 17 26 27 15 27 35 23 17 33 34 23
split_gain=14.9499 9.06887 6.57281 4.64324 4.22478 4.00797 5.39214 5.0092 3.97983 9.1745 3.57778 3.09487 3.04787 1.76601 1.78253
threshold=0.34119029518440447 0.02835060307017544 0.023083348280519143 -0.42231404515553822 0.49885065422136549 0.4618652283953138 0.5290491238517866 0.92295376174514365 0.020076257625222447 3.1992851543040164 0.093160247538340554 0.81604825655335922 0.020358582615696456 -0.034569621255243259 0.062436871350482988
decision_type=10 2 8 8 10 10 10 8 10 2 10 8 10 8 8
left_child=1 -1 5 -4 12 6 7 -3 9 -5 -10 -8 -2 -6 -15
right_child=4 2 3 8 13 -7 11 -9 10 -11 -12 -13 -14 14 -16
leaf_value=-0.00041990669869666135 0.00019230179933867533 -0.00046754621003573392 -0.0004517816532866482 -0.00050414180266082111 0.00016182624747229638 9.7580011922410119e-05 -9.1196254323620349e-05 -0.00017760954159016756 -1.0592073266351227e-05 -3.4870259873834972e-05 0.00046191308911762652 -0.00041845551875079089 -0.00046213264603606571 0.00011258295475655686 0.00072726987387935051
leaf_weight=31.413677621632814 14.427279449999334 15.518538085743783 15.790823359042404 26.560175372986123 304.72573889326304 91.319635804276913 21.685352614149451 352.35088480450213 2018.0362565952819 103.31606297497638 187.12011010991409 45.090647714212537 11.311441902071236 332.53535987529904 450.9246748611331
leaf_count=206 108 46 86 188 2389 1316 180 2582 13602 967 1560 232 46 1310 1452
internal_value=1.85578e-05 -0.00106026 -0.000888698 -0.000236106 0.00284368 -0.0037852 -0.00493711 -0.00353467 -0.000126306 -0.00499921 0.000156668 -0.012476 -0.00848092 0.00312242 0.00384842
internal_weight=4022.13 2908.2 2876.79 2350.82 1113.92 525.965 434.645 367.869 2335.03 129.876 2205.16 66.776 25.7387 1088.19 783.46
internal_count=26270 20965 20759 16403 5305 4356 3040 2628 16317 1155 15162 412 154 5151 2762
is_linear=0
shrinkage=0.0286577


Tree=12
num_leaves=16
num_cat=0
split_feature=7 22 22 7 7 27 22 10 27 9 27 33 17 33 17
split_gain=16.9494 12.9041 6.07188 3.63621 3.58256 3.57684 3.49384 4.52816 4.28655 2.96393 2.8384 3.89559 2.73948 4.17762 3.40822
threshold=0.11443925819472606 0.031813161737030589 0.07582652631508302 0.19854710938732803 0.87803407308138681 0.55078604765413908 0.023671853541380738 0.20336667322134164 0.4920521100816288 0.17175979094196422 0.28277232699378035 0.0083304902140927135 1.2775116667282085 0.0076844477678003073 1.4783033790643381
decision_type=8 8 8 10 10 8 10 10 10 10 10 8 10 8 10
left_child=-1 3 12 6 -4 -6 -2 8 -8 -9 11 -5 -3 14 -14
right_child=1 2 4 10 5 -7 7 9 -10 -11 -12 -13 13 -15 -16
leaf_value=-0.00039282554989652813 -0.00025598122503883985 3.3846666978547785e-05 0.00035165403510321939 -0.00020004176755087185 -0.00032822947264830101 0.00033184504036190912 5.2272070509539929e-05 1.9760689464281623e-06 -0.00029807756929160442 -0.00043074069236833268 -0.00024791552175370982 0.00012181817734648559 -0.00013090311902539317 -2.0583359797126963e-05 0.00037989153827120711
leaf_weight=36.464247615076602 163.33363053156063 1720.6186081706546 1144.4258502039593 26.546933175995946 11.470475731417535 6.7677611857652691 136.64817263837904 8.3189650820568186 16.221354178152978 30.445467548444867 198.61249879933894 146.08664630167186 41.845225996337831 315.67667612619698 18.64414675347507
leaf_count=386 1553 9915 7891 216 30 34 856 64 140 152 1602 1085 218 1922 206
internal_value=0 0.000177114 0.000949212 -0.00327377 0.00261011 -0.00979548 -0.00535546 -0.00264951 -0.000357986 -0.0113757 -0.00125449 0.00139099 2.33118e-05 -0.00218631 -0.00908732
internal_weight=4022.13 3985.66 3259.45 726.214 1162.66 18.2382 354.968 191.634 152.87 38.7644 371.246 172.634 2096.78 376.166 60.4894
internal_count=26270 25884 20216 5668 7955 64 2765 1212 996 216 2903 1301 12261 2346 424
is_linear=0
shrinkage=0.0286577


Tree=13
num_leaves=16
num_cat=0
split_feature=22 10 22 27 16 5 24 5 22 16 24 30 13 23 27
split_gain=13.838 7.11019 5.007 4.90885 6.93383 3.97348 3.33582 6.06353 2.72941 2.58612 4.00278 2.80091 2.68082 3.07202 2.34423
threshold=0.036669134454427113 0.073654391756556123 0.07582652631508302 0.28053009207921609 0.82172284693367248 0.70178237465081028 11.500000000000002 -0.058258593749862135 0.10698632186491468 0.96990368517002468 10.500000000000002 17.885000000000002 1.6132808919745434 0.031583071231919564 0.99040041443198434
decision_type=8 8 8 10 8 10 2 10 10 10 2 10 8 10 10
left_child=3 -2 -3 4 -1 -4 -6 -8 -7 10 14 -11 -12 -14 -5
right_child=1 2 5 9 6 8 7 -9 -10 11 12 -13 13 -15 -16
leaf_value=-0.00035989971575136725 -0.00039661569552710494 1.0810266935279793e-05 0.00032233513854584432 -0.00019972449310010347 -0.00014435095127667133 -0.00035008160302035319 -0.00044713940338240847 0.00014837197665122854 0.00050147158119126631 -5.5941105248272281e-05 -0.00043273161270532615 -0.00028303329362468622 -0.00015308541163082376 -0.00015373042492542669 -0.00020832710963304056
leaf_weight=52.256323452107608 13.017222290858625 1859.686645406764 1141.5921251836699 115.38745254278183 284.37021419359371 15.394566860049965 17.544008016586304 167.09245598688722 6.2825566790997973 141.64861024171114 26.776755392551422 103.82512988895178 52.977415129542351 14.299248456954954 9.9759303163737041
leaf_count=512 114 10885 7873 1424 2876 44 28 260 44 1254 42 750 94 26 44
internal_value=-7.02597e-06 0.000948529 0.00104338 -0.00295843 -0.00102427 0.00251827 6.00516e-05 0.00307775 -0.00947264 -0.00510415 -0.00739616 -0.00300992 -0.0119127 -0.00854519 -0.00391285
internal_weight=4022.13 3035.97 3022.96 986.154 521.263 1163.27 469.007 184.636 21.6771 464.891 219.417 245.474 94.0534 67.2767 125.363
internal_count=26270 18960 18846 7310 3676 7961 3164 288 88 3634 1630 2004 162 120 1468
is_linear=0
shrinkage=0.0286577


Tree=14
num_leaves=16
num_cat=0
split_feature=7 22 22 28 7 22 28 5 7 26 7 18 9 15 25
split_gain=16.9231 12.6595 5.59911 4.44578 4.75262 4.44872 4.58997 3.97567 3.68235 3.61717 3.50133 3.46629 2.95293 2.44443 2.41756
threshold=0.11443925819472606 0.031813161737030589 0.07582652631508302 -0.01865000000000001 0.19434987016607511 0.023671853541380738 -0.0055499999999999985 0.70178237465081028 0.87803407308138681 0.62661374811005166 0.32666654603825868 0.018878662515349313 0.23299177971207405 0.99640910428420937 1.1118382566959497
decision_type=8 8 8 8 10 10 8 10 10 10 8 8 10 10 10
left_child=-1 3 14 10 5 6 -5 8 -4 -10 -2 -9 -7 -6 -3
right_child=1 2 7 4 13 12 -8 11 9 -11 -12 -13 -14 -15 -16
leaf_value=-0.00037828392770608858 -0.00030110222443895031 7.6779473158168341e-06 0.00035466902159885021 5.6278877224738459e-05 -0.00035044846375969553 -2.332553988878152e-06 -0.00025782120079356898 0.0004871005799086354 -0.00032806055483496164 0.00031309776824766077 2.6083530825343473e-05 -0.00034004908402081264 -0.00040057559209625372 3.4255967962513016e-05 -0.00021482807119712759
leaf_weight=36.464247615076602 102.22351104347035 2017.2409932394512 1122.778228739975 25.416316682938486 32.152281805872917 134.38293613772839 124.94162228656933 7.2235964499413967 11.412581741809847 6.7961531002074471 24.390032108407468 14.453527089208366 7.2894953396171323 275.417472850997 79.543663807213306
leaf_count=386 1036 11737 7807 210 209 896 1055 28 22 38 174 60 50 2038 524
internal_value=-1.41823e-05 0.000161686 0.000926463 -0.00325635 -0.00220141 -0.00482008 -0.00826017 0.00252145 0.0027599 -0.00982261 -0.00816067 -0.00947264 -0.00109149 0.000254351 3.71185e-05
internal_weight=4022.13 3985.66 3259.45 726.214 599.6 292.03 150.358 1162.66 1140.99 18.2087 126.614 21.6771 141.672 307.57 2096.78
internal_count=26270 25884 20216 5668 4458 2211 1265 7955 7867 60 1210 88 946 2247 12261
is_linear=0
shrinkage=0.0286577


Tree=15
num_leaves=16
num_cat=0
split_feature=7 22 9 21 32 10 38 21 7 33 5 13 22 10 21
split_gain=17.0029 10.8205 6.48276 4.42667 4.31292 3.33557 4.28389 4.18338 3.29971 3.76997 3.27151 2.91404 6.4744 2.89811 2.75406
threshold=0.11443925819472606 0.035236475383476205 0.27920054991941323 0.037204957690498024 0.71240105540897114 0.26297933112465682 2.5000000000000004 0.04422902214145797 0.87803407308138681 0.029414406599503343 -0.42231404515553822 1.1807120533600275 0.061163873692589389 0.26802970442348617 0.015193762801171325
decision_type=8 8 8 8 8 10 2 10 10 10 8 10 10 10 8
left_child=-1 4 5 11 14 10 7 -7 -5 -10 -3 12 -4 -8 -2
right_child=1 2 3 8 -6 6 13 -9 9 -11 -12 -13 -14 -15 -16
leaf_value=-0.00036744319611896917 -0.00017428415864217494 -0.0004300003871572894 4.4991866258151084e-05 0.00027979877445092477 -0.00021779428914240351 -4.5866290077933012e-05 -0.00045657792956879493 -0.00024286787408353525 0.00030412511935220946 -0.00031865910751243499 3.455197314100671e-05 0.00015568889099846773 -0.0004282498662302471 9.4735789766091331e-07 7.4579153242502045e-06
leaf_weight=36.464247615076602 220.97326530143619 8.099457859992981 155.08762911334634 1384.7081836506259 385.4718868881464 77.406904214993119 26.167385092005134 61.453004917129874 7.852042360231283 11.769537299871443 710.08634786587209 348.82799835503101 57.422572718001902 259.94588854536414 270.39030824135989
leaf_count=386 1400 24 709 7729 2352 332 178 220 48 26 5869 1713 256 2166 2862
internal_value=2.63327e-05 0.000207567 0.0010029 0.00200212 -0.00260047 -0.000706613 -0.00272177 -0.0068555 0.00286214 -0.0086136 0.000472449 -0.000132003 -0.00279189 -0.000676886 -0.0007953
internal_weight=4022.13 3985.66 3108.83 1965.67 876.835 1143.16 424.973 138.86 1404.33 19.6216 718.186 561.338 212.51 286.113 491.364
internal_count=26270 25884 19270 10481 6614 8789 2896 552 7803 74 5893 2678 965 2344 4262
is_linear=0
shrinkage=0.0286577


Tree=16
num_leaves=16
num_cat=0
split_feature=7 7 7 27 32 7 7 10 4 2 31 10 20 20 5
split_gain=16.9363 9.28188 3.45746 3.03348 2.79752 5.36164 7.56227 3.13387 3.11143 2.71563 2.55843 2.55502 2.80446 3.91735 2.47461
threshold=0.11443925819472606 0.27499952561912661 0.87803407308138681 0.55078604765413908 0.69459102902374681 0.25067618491433608 0.23909318619713052 0.3608262201595403 0.11631418824748328 0.086880079299427329 10.800000000000001 0.26297933112465682 0.018696544500391713 0.0085078152552220693 0.1150017993280613
decision_type=8 10 10 8 10 10 10 10 8 2 10 10 8 10 10
left_child=-1 4 9 -4 11 6 8 -7 -6 -3 -11 12 13 -2 -12
right_child=1 2 3 -5 5 7 -8 -9 -10 10 14 -13 -14 -15 -16
leaf_value=-0.00035691313451472915 9.6868926709656839e-06 -0.00012618158893326099 -0.00030952708365595931 0.00029540960556395369 -0.00013293357242675631 0.00015379872115452764 -0.00032130967886530759 -0.00038286808109089942 -0.00037738664321701313 0.00026329683456678574 -0.00050247783314630334 -0.00012503109396246411 2.473635320443168e-05 -0.00022987492456556948 4.9317249459584677e-07
leaf_weight=36.464247615076602 45.251345226541162 55.6846211431548 11.470475731417535 8.5952629856765288 313.56458515673876 143.89782664738595 75.063918555155396 11.698401376605032 61.875173078849912 1676.4814366041683 22.424976348876953 302.10652853501961 1041.0126902342308 163.30904421815649 53.226126581430435
leaf_count=386 688 316 30 50 2722 858 402 64 470 8097 124 2282 8450 999 332
internal_value=-6.49434e-06 0.000169445 0.00167408 -0.0100152 -0.00110058 -0.00275444 -0.00434441 0.0017848 -0.00264667 0.00181058 0.00201266 -0.00044784 0.000116463 -0.0029053 -0.00308066
internal_weight=4022.13 3985.66 1827.88 20.0657 2157.78 606.1 450.504 155.596 375.44 1807.82 1752.13 1551.68 1249.57 208.56 75.6511
internal_count=26270 25884 8949 80 16935 4516 3594 922 3192 8869 8553 12419 10137 1687 456
is_linear=0
shrinkage=0.0286577


Tree=17
num_leaves=16
num_cat=0
split_feature=7 19 9 16 19 7 7 30 8 34 11 11 11 26 24
split_gain=16.9571 9.97474 6.58149 4.41608 3.96635 3.80707 3.63746 4.96467 4.73 3.61251 2.97149 2.83904 3.73631 3.05546 4.33417
threshold=0.11443925819472606 0.039996689369259701 0.27920054991941323 1.2392217209407812 0.033973670202202301 0.87803407308138681 0.26182074028106467 19.105000000000004 0.20968652318191316 -0.013973805227124157 0.99058015393222754 0.37055125174938747 0.30791832997599911 0.56512699239202757 10.500000000000002
decision_type=8 8 8 8 10 10 10 10 10 8 10 10 10 8 2
left_child=-1 3 11 6 9 -4 7 -2 -9 -5 -7 12 -3 14 -13
right_child=1 2 5 4 -6 10 -8 8 -10 -11 -12 13 -14 -15 -16
leaf_value=-0.00034668483981911669 -4.9354730348654793e-05 -4.6520328256352704e-05 0.00023557905236209467 -0.0002838956654706238 -0.00042285294790776203 -0.00030065676221987338 9.3756531234616397e-05 7.53460312768661e-05 -0.00036775813495124992 -4.8259974325844662e-05 0.00028694385799282296 0.00063439735943602226 0.00065213101149347882 0.0002123378851985879 -0.00027088111345246134
leaf_weight=36.464247615076602 648.2438244940713 731.73941332055256 1753.1766878019553 25.512701157480478 70.246667532250285 13.948499875143172 280.45658777467906 47.386637820862234 100.80287435557693 167.17783844657242 6.0802039168775073 10.241800858639182 94.326656548772007 16.200641528703272 20.121376991271973
leaf_count=386 4189 6173 9609 238 382 42 1432 544 686 1410 36 178 773 158 34
internal_value=7.42034e-06 0.000188417 0.00121085 -0.00182308 -0.00516021 0.00221494 -0.000998101 -0.00199226 -0.0067307 -0.00295734 -0.0100466 -0.000818133 -0.000416273 -0.00769762 -0.0130726
internal_weight=4022.13 3985.66 2645.84 1339.83 262.937 1773.21 1076.89 796.433 148.19 192.691 20.0287 872.63 826.066 46.5638 30.3632
internal_count=26270 25884 17003 8881 2030 9687 6851 5419 1230 1648 78 7316 6946 370 212
is_linear=0
shrinkage=0.0286577


Tree=18
num_leaves=16
num_cat=0
split_feature=7 19 5 28 10 16 7 19 7 32 8 8 19 28 16
split_gain=16.6772 9.53642 5.69272 4.92302 4.68503 4.10998 3.94209 3.61539 3.56769 4.87135 4.65111 3.54425 2.85714 3.94915 2.718
threshold=0.11443925819472606 0.039996689369259701 -0.20057629005035929 0.037900000000000024 0.30230577015051613 1.2392217209407812 0.87803407308138681 0.033973670202202301 0.26182074028106467 0.78232189973614785 0.20968652318191316 0.29873026371500261 0.039004224174634845 0.044699999999999997 0.83551835910834626
decision_type=8 8 8 8 8 8 10 10 10 10 10 8 10 10 10
left_child=-1 5 4 6 -3 8 11 -7 9 14 -11 -4 -9 -14 -2
right_child=1 2 3 -5 -6 7 -8 12 -10 10 -12 -13 13 -15 -16
leaf_value=-0.00033674966409914114 -0.00029896487513061569 -0.00040552940174874897 -3.2501580492340373e-05 0.0004701450028347667 0.00033273844891302314 -0.00010973494023209829 -0.0002920406434256052 -0.00041140472324868656 9.1069688587567599e-05 7.3186790449003493e-05 -0.00035721904793753023 0.00016565291207335493 0.00041437464455734301 -0.00052457647120665758 -6.6023137870112584e-06
leaf_weight=36.464247615076602 79.107267330400646 20.769675080664456 796.94962616125122 690.75416628154926 14.916492952033876 192.6905396040529 17.054380726069212 46.433546080254018 280.45658777467906 47.386637820862234 100.80287435557693 1105.3909396403469 16.502433433197442 7.3106880187988272 569.13655716367066
leaf_count=386 827 92 6943 3853 96 1648 50 288 1432 544 686 5969 84 10 3362
internal_value=1.06543e-06 0.000180584 0.00118036 0.00133954 -0.0101194 -0.00178616 0.000586473 -0.00500614 -0.000989816 -0.00197445 -0.00666825 0.000715136 -0.0106163 -0.00202309 -0.00088411
internal_weight=4022.13 3985.66 2645.84 2610.15 35.6862 1339.83 1919.39 262.937 1076.89 796.433 148.19 1902.34 70.2467 23.8131 648.244
internal_count=26270 25884 17003 16815 188 8881 12962 2030 6851 5419 1230 12912 382 94 4189
is_linear=0
shrinkage=0.0286577


Tree=19
num_leaves=16
num_cat=0
split_feature=7 22 23 7 5 24 27 11 21 26 21 8 7 27 8
split_gain=16.5654 9.5762 4.4086 3.83179 3.22747 2.68387 2.67626 3.5654 2.917 3.17758 2.63814 3.98417 3.17988 2.24633 3.52302
threshold=0.11443925819472606 0.031813161737030589 0.074940345703371006 0.87803407308138681 -0.42231404515553822 9.5000000000000018 0.65959941982650994 0.30067295068513483 0.0046830456682059622 0.20210571626335427 0.10671201705918312 0.32019379118200331 0.61813298174703235 0.13375947608384819 0.32725066827551569
decision_type=8 8 8 10 8 2 10 10 8 10 10 8 8 8 10
left_child=-1 6 4 10 5 -3 8 -8 9 -2 11 -4 -12 14 -6
right_child=1 2 3 -5 13 -7 7 -9 -10 -11 12 -13 -14 -15 -16
leaf_value=-0.00032709920725132132 -0.00040609904143645007 0.00035487611150645669 3.445650639332839e-05 -0.00028367144242067528 -6.4233751465429277e-05 -0.00039390787867294173 -0.00027346622167864136 -8.5214181553592135e-05 -0.00011827736575870629 1.2218205930805491e-05 0.00017457628596622305 0.00088018957978579205 -0.00029414317408766038 4.2616097386750445e-05 -0.00014522869356005708
leaf_weight=36.464247615076602 18.960041212849323 6.5526617374271181 236.61995923193172 17.40823127143085 429.518248335924 11.41481304168701 50.608450870029628 54.542441510595381 589.63030125526711 12.472433406859635 101.07674475666136 508.48231857758947 14.84771112538874 1854.1225251499563 79.405530939809978
leaf_count=386 76 68 2544 58 2757 18 432 434 4600 126 570 3421 62 10460 258
internal_value=-5.93601e-05 0.000114611 0.000780099 0.00251565 0.000135435 -0.0118771 -0.00285788 -0.00712206 -0.00211754 -0.0106505 0.002795 0.00342402 -0.00116105 0.000232129 -0.00144761
internal_weight=4022.13 3985.66 3259.45 878.435 2381.01 17.9675 726.214 105.151 621.063 31.4325 861.027 745.102 115.924 2363.05 508.924
internal_count=26270 25884 20216 6655 13561 86 5668 866 4802 202 6597 5965 632 13475 3015
is_linear=0
shrinkage=0.0286577


Tree=20
num_leaves=16
num_cat=0
split_feature=7 22 30 22 7 33 35 5 35 30 20 16 5 33 21
split_gain=16.5215 9.12782 4.32566 4.07432 3.49106 3.41797 3.34278 3.05906 3.01088 2.8761 2.78829 4.80542 4.10666 3.5162 2.77597
threshold=0.11443925819472606 0.035236475383476205 18.060000000000006 0.080757164046300942 0.87803407308138681 0.029414406599503343 6.7805964289799565 0.70178237465081028 4.8281136972916325 18.295000000000005 0.032751125934307686 1.3144149940005869 -0.080538578915526279 0.071722346683846375 0.015193762801171325
decision_type=8 8 8 8 10 10 2 10 2 8 10 10 8 10 8
left_child=-1 2 14 10 7 -6 8 -5 9 -4 11 -3 13 -12 -2
right_child=1 3 6 4 5 -7 -8 -9 -10 -11 12 -13 -14 -15 -16
leaf_value=-0.00031772530989947239 -0.00016500531851173846 0.00016504490717193638 -0.00029836902622921562 0.00035155066778392539 0.00029521927923006804 -0.00027554208311941823 -0.00034328292835910941 -0.00034893683595287625 3.8785942933511385e-05 -0.00019324715959973606 -0.00028272338363992644 -0.00034822527417555278 -1.4324058450275736e-05 0.00048658417791753609 1.1699595802672201e-05
leaf_weight=36.464247615076602 220.97326530143619 392.53991254139692 27.028814136981964 1003.0291853600647 6.4686996173113611 11.576303988695143 15.330447276122866 18.257650703191757 67.722314917482436 275.39031055755913 28.299169174395502 35.563674002885818 1600.4427874395624 12.649569164961575 270.39030824135989
leaf_count=386 1400 1869 104 7067 38 20 40 72 480 1728 136 174 9828 66 2862
internal_value=-3.60268e-05 0.000137712 -0.00244127 0.000868434 0.00233273 -0.00997481 -0.00471697 0.00256213 -0.00413197 -0.00536063 0.000128054 0.00219077 -0.000404106 -0.00934446 -0.000634374
internal_weight=4022.13 3985.66 876.835 3108.83 1039.33 18.045 385.472 1021.29 370.141 302.419 2069.5 428.104 1641.39 40.9487 491.364
internal_count=26270 25884 6614 19270 7197 58 2352 7139 2312 1832 12073 2043 10030 202 4262
is_linear=0
shrinkage=0.0286577


Tree=21
num_leaves=16
num_cat=0
split_feature=1 19 5 33 19 31 23 12 1 34 12 5 21 33 34
split_gain=10.0804 7.78987 6.52816 3.91991 4.51864 3.83162 2.7197 3.3387 2.62938 2.87761 3.22188 3.0119 2.48763 2.4286 2.42595
threshold=0.02835060307017544 0.039996689369259701 -0.14481914370136778 0.071722346683846375 0.13805524568497449 -0.69999999999999918 0.022653969078379303 0.092132273526392625 0.1183798076923077 -0.046483691780359764 0.019490870720008682 0.49792730181621297 0.0060034131490725477 -0.0078923981378564139 -0.019181893828180027
decision_type=2 8 8 10 8 10 10 10 2 10 10 10 10 8 10
left_child=-1 5 3 4 -3 13 -7 12 9 11 -11 -4 -8 -2 -9
right_child=1 2 8 -5 -6 6 7 14 -10 10 -12 -13 -14 -15 -16
leaf_value=-0.00031558573718941743 -0.00034387531292045951 -0.00039269402019153244 0.00030184654829632244 0.00060874131817884719 0.00028790415281912954 -0.00014646661637590254 -0.00038421488024193258 0.00030547157684266373 0.00027130928601303776 -0.0005446261234639901 -1.4171999693582188e-05 -0.00036683146792384206 2.7431328023518303e-05 -0.00016027665245584751 -0.00021288760915427765
leaf_weight=31.523874912410975 25.219971504062414 28.143349124118686 401.18582173180766 9.6669507287442666 6.7221473269164553 363.8618665994145 15.913806890137492 17.830061925575137 1220.6948757232167 34.648920518346131 920.73366316501051 28.310536227654666 531.76640077680349 286.82189260795712 99.08252027630806
leaf_count=208 168 112 5457 78 50 2892 100 108 6042 227 4784 351 2966 2249 478
internal_value=-7.11133e-05 5.43693e-05 0.000957278 -0.00987127 -0.01441 -0.00172308 -0.000866675 0.000209988 0.00114702 0.00028391 -0.000583751 0.0022364 0.00116301 -0.00451109 -0.00416302
internal_weight=4022.13 3990.6 2650.11 44.5324 34.8655 1340.5 1028.45 664.593 2605.57 1384.88 955.383 429.496 547.68 312.042 116.913
internal_count=26270 26062 17101 240 162 8961 6544 3652 16861 10819 5011 5808 3066 2417 586
is_linear=0
shrinkage=0.0286577


Tree=22
num_leaves=16
num_cat=0
split_feature=7 9 21 9 7 17 21 28 35 35 24 11 19 23 28
split_gain=15.4693 7.65856 5.16724 5.42195 3.79497 3.90895 3.78726 3.33495 3.07976 3.2029 3.04717 2.98467 2.81714 2.74316 1.52508
threshold=0.11443925819472606 0.34378862953904682 0.015193762801171325 0.32016969914871346 0.87803407308138681 0.49885065422136549 0.014877008675649469 0.001199999999999993 5.9010063251442011 5.8735658971386941 9.5000000000000018 0.99058015393222754 0.012227914304483336 0.093160247538340554 0.020500000000000049
decision_type=8 10 8 10 10 10 10 10 2 2 2 10 10 10 10
left_child=-1 2 3 6 5 10 12 -8 9 13 -3 -6 -2 -4 -7
right_child=1 4 8 -5 11 14 7 -9 -10 -11 -12 -13 -14 -15 -16
leaf_value=-0.00030237644276573839 -0.00032181942920054819 -0.0001559783958313962 -4.0499472902089659e-05 -0.00031945273874728705 -0.00027542078106576964 0.00017167740364775394 0.00017859647875280454 -0.00033402065166267595 0.00033642515057354734 -0.0004281310597062554 -0.00046574587505114899 0.00027898389712044765 -2.9458819560945535e-05 0.00024288715002247194 0.00044431465182120645
leaf_weight=36.464247615076602 71.069093581289053 15.167061071842911 2019.4952014994342 21.194508521817625 13.948499875143172 608.28650589380413 8.0852976292371732 26.121610368601978 155.21560731693171 9.7096665601711702 10.571660280227659 6.1172388419508925 411.41749616153538 188.9330516345799 420.32991318684071
leaf_count=386 518 134 14847 102 42 3101 62 102 1082 66 20 38 2360 1624 1786
internal_value=-7.03811e-05 9.76508e-05 -0.0006629 -0.00319887 0.0021674 0.00241081 -0.00258921 -0.0118284 -8.37093e-05 -0.000361045 -0.00848092 -0.0100152 -0.00190824 -0.000283377 0.00269486
internal_weight=4022.13 3985.66 2911.24 537.888 1074.42 1054.36 516.693 34.2069 2373.35 2218.14 25.7387 20.0657 482.487 2208.43 1028.62
internal_count=26270 25884 20763 3144 5121 5041 3042 164 17619 16537 154 80 2878 16471 4887
is_linear=0
shrinkage=0.0286577


Tree=23
num_leaves=16
num_cat=0
split_feature=11 22 16 9 24 20 28 28 20 16 19 16 28 18 35
split_gain=10.9177 7.78635 4.71137 4.69923 4.10188 3.46204 3.35257 3.94972 3.11758 4.14797 3.0941 3.59473 2.96183 2.59969 2.55119
threshold=0.078234241699130153 0.035236475383476205 0.83551835910834626 0.34378862953904682 11.500000000000002 0.11532290141209446 0.015049999999999996 0.01420000000000002 0.032751125934307686 1.3144149940005869 0.040299236963283934 1.3881068824635054 0.050550000000000019 0.042299239721030564 1.5820661875034507
decision_type=8 8 10 8 2 10 10 10 8 10 8 8 8 10 2
left_child=-1 2 -2 5 13 8 7 -5 9 -3 11 -8 -6 -4 -12
right_child=1 3 4 6 12 -7 10 -9 -10 -11 14 -13 -14 -15 -16
leaf_value=-0.00029787638811791788 -0.00024239188216495345 0.00014167918527987724 -0.0001414250053249035 8.8636401553975844e-05 2.5522662475732597e-05 0.00037394288563510962 8.0779824492042626e-05 -0.00053103905985207183 -4.5374232029801781e-05 -0.00038359530337047786 -2.5870687848786838e-05 -0.00030989478211314829 -0.00013570160675829479 -0.00025934071937353328 0.00054818880083539563
leaf_weight=22.26124625466764 221.89138121530414 325.96184323821217 404.40583568485454 739.49388306052424 195.15607244335115 109.80565853230655 12.460692819207908 16.178891708608717 1381.2552173365839 27.576296482235193 18.096727538853884 10.676863349042831 27.040703851729631 36.324014173820615 473.54133234918118
leaf_count=380 1474 1557 4368 4397 308 966 60 58 9588 136 68 44 44 442 2380
internal_value=-7.70559e-05 3.24127e-05 -0.00233703 0.000708764 -0.00110782 -0.00021011 0.00205053 0.000818248 -0.000527865 0.00186193 0.00383898 -0.00618447 0.00204011 -0.00271768 0.00433361
internal_weight=4022.13 3999.87 884.818 3115.05 662.927 1844.6 1270.45 755.673 1734.79 353.538 514.776 23.1376 222.197 440.73 491.638
internal_count=26270 25890 6636 19254 5162 12247 7007 4455 11281 1693 2552 104 352 4810 2448
is_linear=0
shrinkage=0.0286577


Tree=24
num_leaves=16
num_cat=0
split_feature=7 22 8 5 27 27 8 12 26 34 25 34 8 27 12
split_gain=14.4278 6.61517 4.02387 4.54866 4.03639 5.51313 6.15332 4.43775 6.61817 3.63412 3.47424 2.99039 2.98907 3.28565 2.92748
threshold=0.11443925819472606 0.035236475383476205 0.29873026371500261 -0.080538578915526279 0.097043757679458192 0.083442527856400592 0.37061320904469908 0.097319672317376704 0.34927549192923674 -0.013719353809777067 0.89463488558402748 -0.01524280435538977 0.15356147630192121 0.28053009207921609 0.055749386112109188
decision_type=8 8 8 8 10 8 8 8 8 10 10 10 10 10 10
left_child=-1 9 3 -3 5 6 -4 -6 -9 11 -7 -2 -11 14 -14
right_child=1 2 4 -5 7 10 -8 8 -10 12 -12 -13 13 -15 -16
leaf_value=-0.0002893399483349518 -0.00016703593030203723 -0.00026090656308450436 -0.00010833483098564937 -1.130492406373507e-05 0.00041561966820562071 -0.00034254723824324334 0.00035461603922443867 -0.00029813485398059401 0.00013832458540473161 -0.00022530768707318226 3.2883095962464913e-06 -0.00027850407865007788 0.00015026824588670244 -9.791554771362291e-05 -0.00015213005852935483
leaf_weight=36.464247615076602 463.17779079824686 29.02412944752723 87.82176279136911 1243.4360655569471 819.55604531895369 31.554428861942142 91.415588052244857 122.55775828985497 669.46389565942809 16.904887596145272 13.997278014197944 27.999891728162766 140.00340611021966 199.92297555692494 28.826508641242981
leaf_count=386 5126 152 382 9902 3514 183 655 936 3492 64 54 122 378 868 56
internal_value=-6.35444e-05 9.86476e-05 0.000721091 -0.000511533 0.00158058 -0.0019928 0.000219655 0.0020854 0.000540533 -0.00209649 -0.0108733 -0.00373071 0 0.000529197 0.00349151
internal_weight=4022.13 3985.66 3108.83 1272.46 1836.37 224.789 179.237 1611.58 792.022 876.835 45.5517 491.178 385.658 368.753 168.83
internal_count=26270 25884 19270 10054 9216 1274 1037 7942 4428 6614 237 5248 1366 1302 434
is_linear=0
shrinkage=0.0286577


Tree=25
num_leaves=16
num_cat=0
split_feature=8 8 5 21 27 27 21 18 12 26 12 31 12 38 30
split_gain=11.6355 6.89924 6.08664 3.69767 4.35331 3.45948 4.75781 4.0897 3.73991 3.45293 3.52694 2.9804 2.84752 2.82127 2.34314
threshold=0.073158830141739878 0.29873026371500261 -0.080538578915526279 0.031320209952098714 -0.0096560704436496683 0.31635393911436821 0.026610917556411599 0.093102645422739064 0.055749386112109188 0.26366847153172229 0.091307333300228569 0.6950000000000004 0.045767747468455799 3.5000000000000004 23.575000000000006
decision_type=8 10 8 8 8 8 10 10 10 10 10 8 10 2 10
left_child=-1 2 11 4 -3 12 8 -8 -7 10 -6 -2 13 -4 -11
right_child=1 3 5 -5 9 6 7 -9 -10 14 -12 -13 -14 -15 -16
leaf_value=-0.00028104814292743453 3.9093169629346424e-05 -8.6572104807050541e-05 0.00016103177754289567 0.00022635341963384841 3.3820922665682285e-05 -0.00020162417785235756 9.0314532579028685e-06 -0.00050222313502560484 2.1937656369061662e-05 0.00029270393070265465 -0.00036405851338443935 -0.00031671906765739686 -0.00014702141938818691 -2.562622613637325e-05 -0.00010523020840394705
leaf_weight=22.645441500935704 19.929833687841892 15.261504720896481 476.93810906889848 1284.0404064869508 62.105695187114179 264.23306332156062 327.2525008013472 9.643862644210456 81.412324172910303 199.6044622855261 64.09758784621954 64.828890551812947 360.77613985724747 666.70608586724848 102.6507520377636
leaf_count=188 112 24 3016 5709 241 2613 2341 50 718 1018 240 394 2334 6662 610
internal_value=-6.05093e-05 5.35707e-05 -0.000981816 0.00142064 -0.000817999 -0.000684382 -0.00237666 1.78971e-05 -0.00473786 -0.000254633 -0.00425113 -0.00851658 7.70192e-05 0.000783695 0.00138311
internal_weight=4022.13 3999.48 2271.72 1727.76 443.72 2186.96 682.542 336.896 345.645 428.458 126.203 84.7587 1504.42 1143.64 302.255
internal_count=26270 26082 18240 7842 2133 17734 5722 2391 3331 2109 481 506 12012 9678 1628
is_linear=0
shrinkage=0.0286577


Tree=26
num_leaves=16
num_cat=0
split_feature=7 7 19 27 27 27 26 19 7 7 27 27 15 19 11
split_gain=14.3568 6.66869 5.08357 3.31406 3.31405 8.16784 5.78222 9.45844 3.54038 3.49654 3.29358 3.03348 3.02549 3.00277 2.78248
threshold=0.11443925819472606 0.27499952561912661 0.025380434060041288 0.31635393911436821 0.097043757679458192 0.080133928993874379 0.55860181126265629 0.065687096287286029 0.87803407308138681 0.3106108210794169 0.017284763570693033 0.55078604765413908 1.3916132287592591 0.13805524568497449 0.31191229697106065
decision_type=8 10 8 10 10 8 10 8 10 10 8 8 10 8 10
left_child=-1 2 3 10 5 6 -3 -8 12 -7 -2 -10 -6 -11 -12
right_child=1 4 -4 -5 8 9 7 -9 11 13 14 -13 -14 -15 -16
leaf_value=-0.00027224214591730858 -0.0004052479499351875 0.00061330601738999633 -1.2751935981939934e-05 -0.00019584610103364253 5.3595285563984166e-05 0.0008399548364365503 -0.00049551901612768072 0.00076569349530951694 -0.00028051879582174883 -0.00027929706235287923 -1.8459931082348951e-06 0.00025799794246888363 0.00046029021765565112 1.3370797033997012e-05 -0.00036479116001226093
leaf_weight=36.464247615076602 14.589067229069768 101.71137443836778 1693.8886076726485 177.30644312268123 884.86240224074572 10.470933400560169 23.051863882690668 47.617466961964965 11.470475731417535 42.580589318182319 257.56001824559644 8.5952629856765288 689.37281495053321 8.1497154845856112 14.435376758687196
leaf_count=386 170 598 13437 1428 4164 82 44 192 30 145 1840 50 3602 42 60
internal_value=-0.000108251 5.35323e-05 -0.00102271 -0.00368177 0.00132943 -0.00183618 0.00130826 -0.00490375 0.00179967 -0.0108268 -0.00172728 -0.0100152 0.00195803 -0.01397 -0.000970436
internal_weight=4022.13 3985.66 2157.78 463.891 1827.88 233.582 172.381 70.6693 1594.3 61.2012 286.584 20.0657 1574.24 50.7303 271.995
internal_count=26270 25884 16935 3498 8949 1103 834 236 7846 269 2070 80 7766 187 1900
is_linear=0
shrinkage=0.0286577


Tree=27
num_leaves=16
num_cat=0
split_feature=7 7 21 28 10 16 28 16 7 35 16 16 28 28 35
split_gain=14.3975 6.66917 4.1962 4.34965 3.69501 3.35795 3.90349 4.83181 3.29825 2.84178 2.42297 3.41413 3.37333 2.29201 2.17763
threshold=0.11443925819472606 0.27499952561912661 0.0046830456682059622 -0.025150000000000002 0.19087147563820431 1.0185482725963935 0.026050000000000021 1.0240703091259811 0.87803407308138681 5.8119040806418338 1.0240703091259811 0.82990341459361161 0.011200000000000031 -0.028199999999999944 1.5820661875034507
decision_type=8 10 8 8 8 10 10 10 10 2 10 8 8 10 2
left_child=-1 2 4 9 -2 -3 7 -7 -9 13 11 -5 -12 -4 -8
right_child=1 5 3 10 -6 6 14 8 -10 -11 12 -13 -14 -15 -16
leaf_value=-0.00026444032349126048 2.1131884921150857e-05 0.00022310463914802138 -9.6213777757088329e-05 -0.00015315919959511367 -0.00034614515269836693 -0.00038236923580946567 -1.3795451937211767e-05 -1.7152393222643365e-05 -0.00027247978398985232 -0.00028717416139378848 2.210274473676761e-06 2.6511825482730867e-05 -0.0001566443468218507 -0.00038937598183740231 0.00047378148234158578
leaf_weight=36.464247615076602 9.8219012860208732 825.99937244597822 241.16140711982735 304.94621700141579 25.181536538526416 18.252944616600871 8.7423180732876045 614.87548864353448 17.091415651142597 23.286883899010718 273.89105498837307 1040.862663588021 210.48746840609238 28.140380201395601 342.92135996418074
leaf_count=386 104 4171 2074 2700 200 64 32 3076 52 128 2114 7591 1804 220 1554
internal_value=-6.63539e-05 9.56651e-05 -0.000980541 -0.000812573 -0.0108127 0.00137151 0.000245145 -0.00105936 -0.000620318 -0.00405816 -0.000287824 0.000331442 -0.00202829 -0.00317254 0.00268456
internal_weight=4022.13 3985.66 2157.78 2122.78 35.0034 1827.88 1001.88 650.22 631.967 292.589 1830.19 1345.81 484.379 269.302 351.664
internal_count=26270 25884 16935 16631 304 8949 4778 3192 3128 2422 14209 10291 3918 2294 1586
is_linear=0
shrinkage=0.0286577


Tree=28
num_leaves=16
num_cat=0
split_feature=10 22 9 31 10 38 21 35 28 4 10 4 35 28 22
split_gain=10.7436 7.12295 4.42345 3.72519 3.19753 3.11629 5.21503 2.83571 2.76385 2.75966 2.73459 2.51418 4.61343 2.38578 2.51487
threshold=0.058986259737215115 0.035236475383476205 0.27920054991941323 -0.69999999999999918 0.26297933112465682 2.5000000000000004 0.04422902214145797 6.2823130115037147 0.026800000000000022 0.044165252764714037 0.26802970442348617 0.034968754567867646 4.3937698639987852 -0.01865000000000001 0.027103164981397542
decision_type=8 8 8 10 8 2 10 2 8 10 8 8 2 10 10
left_child=-1 3 4 7 11 6 -6 -2 -4 13 -7 -3 -13 14 -5
right_child=1 2 8 9 5 10 -8 -9 -10 -11 -12 12 -14 -15 -16
leaf_value=-0.00025761389835706258 -0.00016022056899244887 8.5884194567350424e-05 1.8006778933987684e-05 -0.0002497997832652197 -6.422201076091215e-05 -0.00042619773884518887 -0.00019960111647073956 -0.00028308226581931766 0.00028607856112610288 3.2192953561328646e-05 -7.6301296070955516e-06 -3.6687231602061059e-05 -0.00026003164640218095 -5.8985046529065864e-05 -3.1665175816287021e-05
leaf_weight=21.47108988976106 200.00687277177349 613.0629417784512 1193.0926485608798 68.90629777405411 77.406904214993119 26.167385092005134 61.453004917129874 15.183456494007258 772.5753149362281 107.66856359131634 259.94588854536414 90.841262665577233 21.75821119453758 425.66960102366284 66.917216588743031
leaf_count=190 1782 5102 6804 612 332 178 220 86 3677 622 2166 727 154 3228 390
internal_value=-6.70246e-05 3.95696e-05 0.0006862 -0.00222738 -0.00071905 -0.00269565 -0.00622764 -0.00551759 0.00151384 -0.0011529 -0.000943087 0.00042529 -0.00348447 -0.00196962 -0.00528832
internal_weight=4022.13 4000.66 3116.3 884.352 1150.64 424.973 138.86 215.19 1965.67 669.162 286.113 725.662 112.599 561.493 135.824
internal_count=26270 26080 19360 6720 8879 2896 552 1868 10481 4852 2344 5983 881 4230 1002
is_linear=0
shrinkage=0.0286577


Tree=29
num_leaves=16
num_cat=0
split_feature=7 21 7 7 38 26 22 26 5 33 21 35 21 5 7
split_gain=14.1983 5.74014 3.56693 3.76594 3.71254 5.8129 3.66266 3.00269 2.61986 2.52328 5.64052 4.16967 3.84133 3.54754 2.79152
threshold=0.11443925819472606 0.040751119400779308 0.27611586081047168 0.87803407308138681 1.5000000000000002 0.42771286266329317 0.035236475383476205 0.62661374811005166 -0.20057629005035929 0.0076844477678003073 0.020605887403427676 6.2823130115037147 0.019887489622685984 0.62253524786850212 0.30240110920636115
decision_type=8 8 8 10 2 10 8 10 8 10 10 2 10 8 10
left_child=-1 9 4 6 5 -3 -4 -5 -6 10 11 12 -2 14 -12
right_child=1 2 3 7 8 -7 -8 -9 -10 -11 13 -13 -14 -15 -16
leaf_value=-0.00025023128725292334 -7.4605224827479138e-05 -0.00049288485291516543 -0.00039274093214368227 -0.00026518718353308202 -0.00035661999696680042 4.6032047506724529e-05 0.00023273633118276417 0.00025789692601653881 2.8032138759724036e-05 -1.09919409197277e-05 0.00011813145800897131 -0.00027496979093985318 -0.00032739061546289641 -0.00018748354985028112 -7.449829673401982e-05
leaf_weight=36.464247615076602 204.20062559749931 22.9989506714046 17.266769307665527 11.412581741809847 6.694582954980433 28.585645455867052 1222.7009809364099 7.378992272540926 461.06194473756477 1645.7645550724119 210.4083898505196 20.634418696165085 22.163074450567365 14.260359542444347 90.130541135556996
leaf_count=386 1393 56 308 22 32 134 6887 46 4835 9872 1430 36 112 78 643
internal_value=-0.000187494 -2.16248e-05 0.00118753 0.00201413 -0.000796793 -0.00807532 0.00221452 -0.0105526 0 -0.00100008 -0.00266139 -0.00590168 -0.00470677 -8.49366e-05 0.000550563
internal_weight=4022.13 3985.66 1778.1 1258.76 519.341 51.5846 1239.97 18.7916 467.757 2207.56 561.797 246.998 226.364 314.799 300.539
internal_count=26270 25884 12320 7263 5057 190 7195 68 4867 13564 3692 1541 1505 2151 2073
is_linear=0
shrinkage=0.0286577


Tree=30
num_leaves=16
num_cat=0
split_feature=8 9 5 21 33 21 31 17 21 33 17 17 5 8 5
split_gain=11.471 7.35099 4.11954 4.08192 7.33461 4.52019 3.88625 3.59149 3.08361 3.04787 2.98143 2.53463 2.21059 1.56297 1.78181
threshold=0.073158830141739878 0.34378862953904682 -0.42231404515553822 0.015193762801171325 0.0076844477678003073 0.014877008675649469 4.5700000000000021 0.49885065422136549 0.020792615387213168 0.020358582615696456 0.69953202827826155 0.94025195422965846 0.093756210976996268 0.43726508474564663 0.23705674180548883
decision_type=8 10 8 10 8 10 10 10 10 10 8 8 10 10 8
left_child=-1 2 8 4 6 -6 -4 9 -2 -3 12 -12 -5 -9 -15
right_child=1 7 3 10 5 -7 -8 13 -10 -11 11 -13 -14 14 -16
leaf_value=-0.00024306024449607654 0.0002777708667674794 0.00012600675927327995 -0.00026708980059444971 -0.00017270649280821571 -3.7311462180596823e-05 -0.00024755715017552813 1.8060218086451391e-05 0.00030681153362017961 -0.00038148589666157028 -0.00044409248999942324 0.00012112481143057249 -3.1936315685965914e-05 -0.00012191216808518793 4.0025432744574309e-05 0.00061499949242610301
leaf_weight=22.645441500935704 8.6045632008463162 14.427279449999334 66.705366583541036 38.819213575683534 439.6953316044528 32.220551787875593 18.984456613659859 458.5759495832026 21.625986665487289 11.311441902071236 605.76912777218968 1536.616267121397 156.01947446260601 385.22177541535348 204.88443279918283
leaf_count=188 76 108 445 218 5677 136 144 2579 92 46 3985 9136 1052 1497 891
internal_value=-0.000172986 -5.47487e-05 -0.000801788 -0.000687755 -0.00289143 -0.00146402 -0.0106118 0.0019695 -0.0113072 -0.00848092 -0.000157519 0.00014684 -0.00355143 0.00223729 0.00123501
internal_weight=4022.13 3999.48 2925.06 2894.83 557.606 471.916 85.6898 1074.42 30.2305 25.7387 2337.22 2142.39 194.839 1048.68 590.106
internal_count=26270 26082 20961 20793 6402 5813 589 5121 168 154 14391 13121 1270 4967 2388
is_linear=0
shrinkage=0.0286577


Tree=31
num_leaves=16
num_cat=0
split_feature=7 7 21 10 37 35 35 10 17 17 21 7 20 16 20
split_gain=14.3405 5.60802 4.24692 3.69501 3.25624 4.66319 5.06824 4.94954 3.12326 2.97581 4.00385 2.7924 3.11092 2.94626 2.75063
threshold=0.11443925819472606 0.27499952561912661 0.0046830456682059622 0.19087147563820431 1.0000000180025095e-35 4.7357597402888354 5.39605346989969 0.26392238707392462 1.2058809046178651 0.90968012325581848 0.10671201705918312 0.87803407308138681 0.054497360322440104 1.1428459242196933 0.16775632142295152
decision_type=8 10 8 8 2 2 2 10 10 10 10 10 8 10 8
left_child=-1 2 3 -2 5 9 7 -7 -8 14 -11 12 13 -6 -3
right_child=1 4 -4 -5 11 6 8 -9 -10 10 -12 -13 -14 -15 -16
leaf_value=-0.00023609470703309232 2.09879823411759e-05 -1.7716071848923645e-05 -4.5234211445240875e-05 -0.00033315080740533865 0.00011240488260607222 0.00082035530799046499 0.00083016821923699753 -0.00020986240747417463 -0.00023533125806363917 0.00036140601064861279 -0.00030967775930813211 -0.00025873457498905593 0.00049908096247562605 -0.00019963547410951197 -0.00012701562901243241
leaf_weight=36.464247615076602 9.8219012860208732 256.80122027080506 2122.7760752041359 25.181536538526416 210.2272179313004 20.029916854109615 85.302766589447856 137.89597584540024 27.110213441774249 367.36959763150662 48.672775290906429 8.8435165379196388 524.73577900743112 125.80504427850246 15.088875715620814
leaf_count=386 104 1356 16631 200 1120 68 294 514 88 1882 182 46 2595 742 62
internal_value=-9.82263e-05 6.34643e-05 -0.000923243 -0.0108127 0.00123367 7.06165e-05 -0.00310582 -0.00642473 0.00147203 0.00133396 0.00286317 0.00250349 0.00267916 0.000491855 -0.00096988
internal_weight=4022.13 3985.66 2157.78 35.0034 1827.88 958.271 270.339 157.926 112.413 687.932 416.042 869.612 860.768 336.032 271.89
internal_count=26270 25884 16935 304 8949 4446 964 582 382 3482 2064 4503 4457 1862 1418
is_linear=0
shrinkage=0.0286577


Tree=32
num_leaves=16
num_cat=0
split_feature=7 23 7 27 7 30 21 16 17 20 35 27 17 7 5
split_gain=14.2244 5.12962 3.82484 3.08026 3.44548 4.52349 4.6326 4.22744 3.31519 4.10314 2.81143 2.7516 2.71802 3.15997 3.13509
threshold=0.11443925819472606 0.069284692385567906 0.87803407308138681 -0.0096560704436496683 0.24858372346509 19.975000000000005 0.0046830456682059622 1.0020843786528602 0.5690287955380352 0.049133089444683177 4.7357597402888354 0.55078604765413908 1.2058809046178651 0.38453294747724776 0.76121018773569338
decision_type=8 8 10 8 10 10 10 10 10 10 2 8 10 8 10
left_child=-1 3 12 -2 5 6 -5 -7 9 -6 -10 -4 13 -3 -14
right_child=1 2 11 4 8 7 -8 -9 10 -11 -12 -13 14 -15 -16
leaf_value=-0.00022932878556345502 -6.4704087157054139e-05 -3.1002194685790112e-05 -0.00025131984791679435 -0.00032154192730065901 3.7173753495754057e-05 -0.00010862887187728356 -2.3834035318055164e-05 -0.00025308907651330965 0.00014595780817042603 -0.00044566833086084987 -6.3127777108527221e-05 0.00024986686995822656 0.00036407315360851677 0.00040757598778293203 -0.00038954952602196247
leaf_weight=36.464247615076602 41.981386197265238 333.09197357017547 11.470475731417535 37.115963829681277 41.88970111310482 121.60049443691969 1317.6110938806087 61.669538042508066 886.72239545267075 35.591901063919067 432.92382069118321 6.7677611857652691 322.74127288348973 329.65345132094808 4.8311830237507811
leaf_count=386 207 3059 30 990 217 978 8487 408 5130 124 1790 34 1774 2632 24
internal_value=-0.000171432 -5.41582e-06 0.00175819 -0.000606306 -0.00049212 -0.00142961 -0.000848849 -0.0056619 0.000532835 -0.00520106 0.000877883 -0.0110835 0.00200725 0.000931693 0.00415077
internal_weight=4022.13 3985.66 1008.56 2977.11 2935.12 1538 1354.73 183.27 1397.13 77.4816 1319.65 18.2382 990.318 662.745 327.572
internal_count=26270 25884 7553 18331 18124 10863 9477 1386 7261 341 6920 64 7489 5691 1798
is_linear=0
shrinkage=0.0286577


Tree=33
num_leaves=16
num_cat=0
split_feature=8 9 21 33 21 12 33 4 21 9 21 23 34 35 35
split_gain=11.5489 6.71014 3.60549 7.59364 4.64458 3.52443 3.35364 3.14327 2.86541 2.71003 2.92384 2.68792 2.46884 2.37478 3.34628
threshold=0.073158830141739878 0.34378862953904682 0.015193762801171325 0.0076844477678003073 0.014877008675649469 0.12409202163156828 -0.079361202065951361 0.43230995707661379 0.0046830456682059622 0.25430243111076734 0.022947486783932564 0.068487409660845114 -0.037401278518013385 5.9010063251442011 5.8735658971386941
decision_type=8 10 10 8 10 10 10 8 8 10 10 10 10 2 2
left_child=-1 2 3 6 8 -3 -2 13 -5 10 -9 -11 -8 14 -4
right_child=1 5 7 4 -6 -7 12 9 -10 11 -12 -13 -14 -15 -16
leaf_value=-0.00022275675956021158 3.0027955095697584e-06 0.00024240502237310143 -3.2893281814947914e-06 -0.00030887119911887656 -0.00023892446571019434 -2.8607958332210035e-05 -0.00020915101547793786 -0.00037775085528500389 3.6313585058268848e-06 2.8559289444114126e-05 -0.00016477351613604534 -0.00033993778830991768 -0.00025633023146672847 0.00030310632512795107 -0.00039569016605417012
leaf_weight=22.645441500935704 17.955306553281844 718.39079173188657 2054.9875503191724 38.920146484859288 32.220551787875593 356.03008741792291 25.45862786937505 24.708579226396978 407.70663081505336 48.90600037202239 52.7730009611696 11.805897008627651 42.859589716419578 157.16705266945064 9.5914056040346605
leaf_count=188 236 3277 12639 304 136 1844 205 134 5429 258 372 98 156 940 54
internal_value=-0.000105361 8.28173e-06 -0.000700642 -0.00275763 -0.00132152 0.0019473 -0.0105888 -0.00020363 -0.000537278 -0.00439442 -0.00793963 0 -0.0134785 5.29848e-05 -0.000201121
internal_weight=4022.13 3999.48 2925.06 565.121 478.847 1074.42 86.2735 2359.94 446.627 138.193 77.4816 60.7119 68.3182 2221.75 2064.58
internal_count=26270 26082 20961 6466 5869 5121 597 14495 5733 862 506 356 361 13633 12693
is_linear=0
shrinkage=0.0286577


Tree=34
num_leaves=16
num_cat=0
split_feature=7 19 33 5 28 7 5 28 33 22 5 22 33 19 20
split_gain=14.3403 6.32355 4.87478 4.51047 4.15047 3.71463 3.32925 2.92452 2.87405 3.67341 3.23954 3.82806 2.61714 6.22535 2.98829
threshold=0.11443925819472606 0.039996689369259701 0.0076844477678003073 -0.42231404515553822 0.029099999999999935 0.87803407308138681 0.70178237465081028 0.32485000000000003 0.019197134913440998 0.067472918107750898 0.57910268490724859 0.024478816009282745 -0.021487904852586889 0.02934646566757566 0.029679668200220503
decision_type=8 8 10 8 8 10 10 10 10 10 10 10 10 10 10
left_child=-1 2 12 -3 5 6 -5 -6 9 -4 11 -10 14 -14 -2
right_child=1 3 8 4 7 -7 -8 -9 10 -11 -12 -13 13 -15 -16
leaf_value=-0.00021738274265914098 -4.6526670985819981e-05 -0.00032633623155882462 3.8965283929781938e-05 2.5244204783303254e-05 0.00035553163816344567 -0.00024329777246220511 -0.00038533270909756864 -0.00031943005363117448 -0.00019154546653547878 -0.00036778942660307414 0.00015630109542907317 -3.6090084189212962e-05 -0.00024898440724986133 -0.00011072989090866917 -0.00027810173131468351
leaf_weight=36.464247615076602 176.80720102833584 18.939466033130884 231.71892328280956 1737.745574460132 841.03626348543912 17.054380726069212 25.178400706499815 5.8811954306438556 186.11989912670106 11.325117975473402 56.507203007116914 519.39595852978528 47.705071244388819 41.630342056974769 68.617415329907089
leaf_count=386 2148 90 507 11906 4797 50 108 52 1703 20 320 3261 136 144 642
internal_value=-9.06744e-05 7.10155e-05 -0.0015302 0.000885679 0.000990188 0.000198291 0.000333373 0.00264227 -0.000520989 0.00217527 -0.0013944 -0.00193394 -0.00452804 -0.00878001 -0.00293304
internal_weight=4022.13 3985.66 1339.83 2645.84 2626.9 1779.98 1762.92 846.917 1005.07 243.044 762.023 705.516 334.76 89.3354 245.425
internal_count=26270 25884 8881 17003 16913 12064 12014 4849 5811 527 5284 4964 3070 280 2790
is_linear=0
shrinkage=0.0286577


Tree=35
num_leaves=16
num_cat=0
split_feature=8 8 27 27 27 26 12 35 24 18 26 8 16 8 0
split_gain=11.5471 6.28267 3.78773 3.12548 8.99185 4.88759 6.02307 4.85915 3.42033 5.08245 3.23208 4.54373 3.18839 2.9359 2.68711
threshold=0.073158830141739878 0.23666124195586802 0.97022160822888026 0.097043757679458192 0.078451014484911749 0.34691255602857701 0.091307333300228569 5.6086835021926102 11.500000000000002 0.020548197220470524 0.40523162386660849 0.3990627035729824 0.7740756027350616 0.37605900846079504 0.55122500000000019
decision_type=8 10 8 10 8 10 10 2 2 10 10 10 10 10 2
left_child=-1 2 -2 4 10 6 7 -5 14 -10 -3 -12 -8 -6 -7
right_child=1 3 -4 5 13 8 12 -9 9 -11 11 -13 -14 -15 -16
leaf_value=-0.00021014339204713145 -5.1384063233578423e-05 0.00056932033609902145 -8.7820242929517373e-05 8.6289380919262021e-05 -0.00027292607299809991 -1.6377472153926924e-05 6.1075306699030627e-05 -0.00024184909715423679 0.00055149208885686056 0.00015413233519914331 -0.00012867362246751454 0.00072586002770926939 -0.00033220344636057507 -0.00031027593626416536 0.00027050256765182951
leaf_weight=22.645441500935704 1469.1069905145559 102.63841769052669 22.418068768456578 392.33049866836518 67.316001294646412 531.92859903397039 42.913441805168986 30.703834969550371 286.43597026914358 196.74232047796249 100.73699442856014 36.671599537134171 139.6749717714265 22.514135388657451 557.34937391942367
leaf_count=188 13043 680 173 2062 348 4140 272 86 416 276 523 59 552 56 3396
internal_value=-9.45504e-05 1.90838e-05 -0.00145108 0.000897438 -0.00168825 0.00129375 -0.000881848 0.000976264 0.00213801 0.00415309 0.00117092 -0.00164815 -0.00523714 -0.00942267 0.00123435
internal_weight=4022.13 3999.48 1491.53 2507.96 329.877 2178.08 605.623 423.034 1572.46 483.178 240.047 137.409 182.588 89.8301 1089.28
internal_count=26270 26082 13216 12866 1666 11200 2972 2148 8228 692 1262 582 824 404 7536
is_linear=0
shrinkage=0.0286577


Tree=36
num_leaves=16
num_cat=0
split_feature=7 7 7 27 17 37 10 33 16 10 26 27 26 27 26
split_gain=14.2118 5.35955 3.13609 3.03348 2.97366 2.97224 3.35213 2.87799 2.68426 2.45959 2.94365 3.08264 3.42308 2.89463 3.53996
threshold=0.11443925819472606 0.27499952561912661 0.87803407308138681 0.55078604765413908 0.49885065422136549 1.0000000180025095e-35 0.16396271764321249 0.020358582615696456 1.0161533622537962 0.26481586211827102 0.47217824249148288 0.11504809417231897 0.83165036765110323 0.22282718173803212 0.21944471006249885
decision_type=8 10 10 8 10 2 10 10 10 10 10 10 10 10 10
left_child=-1 9 4 -4 7 8 -7 -3 -6 -2 13 -12 -13 14 -11
right_child=1 2 3 -5 5 6 -8 -9 -10 10 11 12 -14 -15 -16
leaf_value=-0.00020968051534042139 -2.5201476441373046e-05 0.00015532003269563491 -0.0002440773981902176 0.00024274648191778661 0.0002087300577815543 -3.5410879290670033e-06 0.00026037870082730284 -0.00041509872470016238 -3.9217689143757116e-05 0.0003853465614009199 -0.00044613165283975594 0.00014523074921195381 -0.00022245994212117219 -0.00023078042488740543 -0.00011359128210600313
leaf_weight=36.464247615076602 1704.1538224567194 13.572045823559163 11.470475731417535 8.5952629856765288 424.47257413249463 5.5518731651827684 835.63868877151981 18.706923600286245 509.87505518458784 54.584048971999437 14.284259079024194 129.80922387167811 18.704836345277727 164.85580259980634 71.387519704177976
leaf_count=386 13607 106 30 50 1977 12 4363 58 2353 278 108 1148 272 1042 480
internal_value=-0.000171756 -5.81266e-06 0.00113338 -0.0100152 0.00126388 0.00142566 0.0026627 -0.00727611 0.000300936 -0.000975468 -0.00285459 0.000172559 0.0014624 -0.00458212 -0.00121188
internal_weight=4022.13 3985.66 1827.88 20.0657 1807.82 1775.54 841.191 32.279 934.348 2157.78 453.626 162.798 148.514 290.827 125.972
internal_count=26270 25884 8949 80 8869 8705 4375 164 4330 16935 3328 1528 1420 1800 758
is_linear=0
shrinkage=0.0286577


Tree=37
num_leaves=16
num_cat=0
split_feature=9 9 5 19 22 16 24 9 12 12 17 5 21 12 20
split_gain=8.56835 5.5086 4.04182 3.80487 3.35177 5.03731 4.80105 3.91754 3.51655 3.65579 2.87096 2.73383 2.52469 2.32238 3.21371
threshold=0.12976105281411723 0.34378862953904682 -0.42231404515553822 0.028060163187381613 0.031813161737030589 0.83551835910834626 9.5000000000000018 0.19490576192028244 0.092132273526392625 0.11775461745010589 0.49885065422136549 0.66577453007266263 0.033554824410065319 0.12409202163156828 0.021531685810400551
decision_type=8 10 8 10 10 8 2 10 10 10 10 10 10 10 8
left_child=-1 2 3 -2 5 6 -4 -7 11 -10 12 -6 -3 14 -12
right_child=1 10 4 -5 8 7 -8 -9 9 -11 13 -13 -14 -15 -16
leaf_value=-0.00019811222191140146 0.00029050432130248784 -0.00041138419240781878 -2.735390063357095e-05 -0.00036873855570423438 1.7911219787877919e-05 -0.00012516608272245176 -0.00025852584719181275 2.1464215375360453e-05 -0.00021741354846683593 9.5467904776523274e-05 -1.3651911217692877e-05 -0.00027250205750451069 0.0001713883704171707 -5.3390665430508801e-06 0.0003091819783353356
leaf_weight=36.58738932851702 7.97405234910548 16.562460917979482 35.539406810887158 22.272207424044609 1933.9238912588917 314.18284317036159 57.229351341724396 276.54198959004134 124.58328990265727 85.657221558503807 22.35853816755116 53.214138153940439 9.1762604340910894 334.94415739085525 691.3794622393325
leaf_count=1620 84 76 632 84 11971 3362 134 1902 484 554 178 322 78 1714 3075
internal_value=-0.000195666 -6.60282e-05 -0.000715687 -0.0111163 -0.000602159 -0.00235481 -0.00857498 -0.00135819 -5.22781e-05 -0.0035786 0.00168472 0.000316169 -0.00765323 0.00192502 0.00284877
internal_weight=4022.13 3985.54 2911.12 30.2463 2880.87 683.494 92.7688 590.725 2197.38 210.241 1074.42 1987.14 25.7387 1048.68 713.738
internal_count=26270 24650 19529 168 19361 6030 766 5264 13331 1038 5121 12293 154 4967 3253
is_linear=0
shrinkage=0.0286577


Tree=38
num_leaves=16
num_cat=0
split_feature=7 22 7 7 5 22 22 16 28 7 0 22 38 5 16
split_gain=14.2264 5.64118 3.51007 3.80938 3.45441 3.66753 2.81041 3.77958 3.10693 4.08076 2.93649 2.91122 2.32711 2.30709 2.30669
threshold=0.11443925819472606 0.07260979609763353 0.87803407308138681 0.27611586081047168 0.68185221906478877 0.078315290635817394 0.023671853541380738 0.92905086149715699 0.050550000000000019 0.21071607106342236 0.50605000000000011 0.015378320735721844 10.500000000000002 0.82578977728586922 1.3881068824635054
decision_type=8 8 10 10 10 8 10 10 8 10 2 10 2 10 10
left_child=-1 6 3 4 5 -3 7 10 12 -10 11 -2 -9 -5 -4
right_child=1 2 14 13 -6 -7 -8 8 9 -11 -12 -13 -14 -15 -16
leaf_value=-0.00019536884350151827 0.00015047175516147304 -0.00039799697373062225 -0.00023692970633881435 0.00035996522276882217 -0.00045984024096390095 7.4942153782962494e-05 -1.0355504092155792e-05 7.6055155141210604e-05 -0.00025128893992498654 1.9257926882278095e-05 3.9122913446468485e-05 -0.00022772662465583396 -0.00012263258286213371 -0.00038644359214117874 0.00023594294130088554
leaf_weight=36.464247615076602 12.812493422068654 58.600184042472392 12.294153571128847 869.92110690940171 9.5084034167230111 293.35010879742913 2405.0185408387333 128.85275073349476 15.995872239582239 19.136283014435321 29.118135172873735 96.703318317420781 22.676430637016892 5.1772108674049369 6.4974204432219258
leaf_count=386 304 488 28 4059 48 3846 14147 1572 106 197 282 575 180 12 40
internal_value=-0.000162717 0 0.00159065 0.00178516 -0.000667286 -0.000172728 -0.00073024 -0.00323346 -0.000511477 -0.00819801 -0.00681985 -0.0089766 0.00121475 0.00280942 -0.0105526
internal_weight=4022.13 3985.66 1255.35 1236.56 361.459 351.95 2730.31 325.295 186.661 35.1322 138.634 109.516 151.529 875.098 18.7916
internal_count=26270 25884 8521 8453 4382 4334 17363 3216 2055 303 1161 879 1752 4071 68
is_linear=0
shrinkage=0.0286577


Tree=39
num_leaves=16
num_cat=0
split_feature=7 9 7 5 33 12 35 26 7 10 7 25 37 35 12
split_gain=12.6002 5.51072 3.48452 3.30119 2.78973 2.74401 9.67651 6.25706 2.69796 2.86085 2.46146 2.42157 2.39914 3.03798 2.7113
threshold=0.10761531458314993 0.34378862953904682 0.87803407308138681 -0.42231404515553822 0.029414406599503343 0.091307333300228569 5.0093677688327238 0.56866084630872715 0.2721761328819256 0.26297933112465682 0.31180384110936893 0.19146146989902951 1.0000000180025095e-35 4.773266027480096 0.061208351263766884
decision_type=8 10 10 8 10 10 2 10 10 10 10 10 2 2 10
left_child=-1 3 12 11 -4 8 7 -7 9 -5 -10 -2 13 -3 -15
right_child=1 2 4 5 -6 6 -8 -9 10 -11 -12 -13 -14 14 -16
leaf_value=-0.00018767103267247945 0.00028247591219126113 0.00012537078913474835 0.00022918136908176221 -1.1025281416570516e-05 -0.00023013985574429026 -0.00028754146321029682 0.00022985940274216897 6.6998366819088327e-05 0.00025159347728584023 -0.00010263051202216048 -3.3044296951477233e-05 -0.00035872325921799258 0.0003142878263114005 -0.0004903974398053916 -8.0573593287135839e-05
leaf_weight=31.000399684067816 6.0779820149764445 422.3486088309437 8.2962014172226208 1535.6801698210184 11.769537299871443 148.36076010856777 89.193332019727677 56.08905859850347 339.84095189580694 410.86688183574006 308.29452442238107 22.301720487885177 529.26452499255538 25.114587495103478 77.627419114112854
leaf_count=290 62 2069 54 12601 26 840 396 328 1969 2958 1611 94 2560 94 318
internal_value=-0.000225476 -8.10846e-05 0.0016704 -0.00072977 -0.0100152 -0.0006301 -0.0032585 -0.0067121 -0.000328543 -0.000864809 0.00126641 -0.0104393 0.00190436 0.000508977 -0.00387711
internal_weight=4022.13 3991.13 1074.42 2916.71 20.0657 2888.33 293.643 204.45 2594.68 1946.55 648.135 28.3797 1054.36 525.091 102.742
internal_count=26270 25980 5121 20859 80 20703 1564 1168 19139 15559 3580 156 5041 2481 412
is_linear=0
shrinkage=0.0286577


Tree=40
num_leaves=16
num_cat=0
split_feature=11 22 23 35 25 35 17 14 35 17 38 35 21 26 2
split_gain=10.7741 5.6871 2.984 2.93441 2.715 2.66089 3.18388 2.63509 2.60151 5.6235 2.47613 2.12553 2.79852 2.60047 2.46366
threshold=0.078234241699130153 0.031813161737030589 0.074940345703371006 2.4993845846405938 1.1118382566959497 1.5820661875034507 1.2058809046178651 1.8401481419635732 6.2823130115037147 0.99140622841741 1.5000000000000002 5.7602249005103987 0.0046830456682059622 0.3066578018740258 0.10023832078512389
decision_type=8 8 8 2 10 2 10 10 2 8 2 2 8 10 2
left_child=-1 8 3 -3 -5 7 -7 -4 11 -10 -6 12 13 -2 -14
right_child=1 2 5 4 10 6 -8 -9 9 -11 -12 -13 14 -15 -16
leaf_value=-0.00018145776359264882 -0.00026763056629153372 0.00039867107064380533 2.4825431098601482e-05 -1.0729542941879347e-06 -0.0003172339573585673 0.00010766197458300703 0.00068184677344645115 -0.00036683221539355769 -0.00021142863434806279 0.00033453410040418436 -0.00010621936816936302 0.00042468127555941366 -0.0001328282171844025 -2.2679140313020623e-05 -7.3046505796125462e-07
leaf_weight=22.26124625466764 22.156977693550289 115.51578746875748 13.301019188016655 2150.1072917766869 13.096488904207943 593.15307560167275 262.27408055495471 12.134098359383641 20.307239367160946 17.568115810863674 106.40550847863778 42.761994781438261 310.38530053803697 13.501796362921594 307.19663889752701
leaf_count=380 130 644 98 12183 50 4955 1524 52 64 96 700 222 2521 112 2539
internal_value=-0.000156889 -4.31752e-05 0.000466557 -5.58569e-05 -0.000286935 0.00189205 0.00217325 -0.00711219 -0.00232464 -0.00968185 -0.00448793 -0.00190692 -0.0023223 -0.0101657 -0.0018497
internal_weight=4022.13 3999.87 3265.99 2385.13 2269.61 880.862 855.427 25.4351 733.878 37.8754 119.502 696.003 653.241 35.6588 617.582
internal_count=26270 25890 20206 13577 12933 6629 6479 150 5684 160 750 5524 5302 242 5060
is_linear=0
shrinkage=0.0286577


Tree=41
num_leaves=16
num_cat=0
split_feature=11 22 16 5 9 5 26 16 9 27 26 27 9 26 20
split_gain=10.6891 5.28202 4.36119 3.44043 3.76905 2.79816 3.90208 3.11872 2.7116 6.0699 3.23974 2.46438 2.27116 3.0321 2.34846
threshold=0.078234241699130153 0.031813161737030589 0.82172284693367248 -0.42231404515553822 0.30913992525330419 0.70178237465081028 0.18717216570166129 0.79019647789446201 0.19490576192028244 0.48786760794657674 0.54680919427195807 1.0000000180025095e-35 0.34378862953904682 0.27583015526017657 0.032751125934307686
decision_type=8 8 8 8 8 10 8 10 10 10 10 10 10 10 8
left_child=-1 2 -2 4 -3 12 -7 -8 9 11 -11 -4 14 -14 -5
right_child=1 3 8 5 -6 6 7 -9 -10 10 -12 -13 13 -15 -16
leaf_value=-0.00017625760898540562 -0.00020123174131340095 -0.00040540841593213054 -0.0003813799423534604 7.6075725588976631e-05 0.00010763551046599311 -0.0004468064863446353 -0.0002660469870976569 0.00024441414570998914 9.346956548990295e-06 -0.00019335611992755362 0.00023146429395866605 -9.1516843495206037e-05 -5.4310238227088054e-05 0.00020519377993118973 -1.0174052069904128e-05
leaf_weight=22.26124625466764 85.989427940919995 16.276631571352485 7.9944984037429085 487.31879964796826 8.7457698769867402 14.650142423808573 13.723020844161509 31.065989444032311 309.77268261136487 37.626266061328351 9.0368800405412895 283.45830839360133 113.38160343933851 909.84305680170655 1670.9823362829629
leaf_count=380 828 62 54 2257 62 46 66 206 2122 280 174 2226 632 4099 12776
internal_value=-0.000214948 -0.000101663 -0.00230015 0.000389423 -0.0101301 0.000474423 -0.00565842 -0.00118875 -0.00147512 -0.00325235 -0.0128546 -0.00167195 0.000592529 0.00170477 6.04922e-05
internal_weight=4022.13 3999.87 733.878 3265.99 25.0224 3240.96 59.4392 44.789 647.889 338.116 46.6631 291.453 3181.53 1023.22 2158.3
internal_count=26270 25890 5684 20206 124 20082 318 272 4856 2734 454 2280 19764 4731 15033
is_linear=0
shrinkage=0.0286577


Tree=42
num_leaves=16
num_cat=0
split_feature=10 19 5 33 35 24 10 20 5 10 20 33 19 2 17
split_gain=10.5192 5.4777 6.11675 4.98556 4.55723 4.23677 3.99059 3.35191 3.17064 2.74981 3.95908 2.74562 4.97973 2.45634 3.31337
threshold=0.058986259737215115 0.039996689369259701 -0.11683905196564205 0.0076844477678003073 6.2823130115037147 11.500000000000002 0.30360891655026456 0.032751125934307686 0.59783735463162913 0.1973565844184004 0.014218830674457119 0.044200567803301068 0.033443101746514596 0.19853124167378691 0.62602213421906039
decision_type=8 8 8 10 2 2 8 8 10 10 10 10 10 2 8
left_child=-1 3 6 4 8 11 -3 -4 -2 -7 -11 12 -5 14 -9
right_child=1 2 7 5 -6 9 -8 13 -10 10 -12 -13 -14 -15 -16
leaf_value=-0.00017120647863264369 -5.1678515312090595e-05 -0.00028142769722786832 0.00046322481842753487 -0.00011012055341725329 -0.00019960275425764154 0.00025958922872942501 6.4532970388567635e-05 -0.00027047239870092081 -0.00026592990093768625 -0.00024179034198431733 1.7669730597546233e-05 -4.4311716490279416e-05 -0.00033398719386935118 0.00021337404630964891 1.2393412195732106e-05
leaf_weight=21.47108988976106 282.31007842626423 30.924020850099623 134.0009447671473 86.869536849670112 21.536338816862553 92.784223675727844 19.165325664915144 93.42009897949174 31.395562553778291 23.113771364092827 212.19971885718405 557.51619448885322 39.83035552315414 604.69450684939511 1770.894892482087
leaf_count=190 2882 148 723 812 76 138 136 592 144 42 329 4266 302 2751 12739
internal_value=-0.000275282 -0.000164829 0.000588141 -0.00165453 -0.00468703 -0.000639604 -0.0092931 0.00078291 -0.00376355 0.00202201 0.000327956 -0.0019307 -0.00575252 0.000538588 1.83265e-05
internal_weight=4022.13 4000.66 2653.1 1347.56 335.242 1012.31 50.0893 2603.01 313.706 328.098 235.313 684.216 126.7 2469.01 1864.31
internal_count=26270 26080 17089 8991 3102 5889 284 16805 3026 509 371 5380 1114 16082 13331
is_linear=0
shrinkage=0.0286577


Tree=43
num_leaves=16
num_cat=0
split_feature=10 22 16 5 26 27 27 18 12 22 26 12 27 26 26
split_gain=10.5377 4.66103 4.21389 3.33415 3.62513 2.76871 5.63731 4.92198 4.84812 3.6818 3.52838 2.43444 2.39406 3.38157 3.15937
threshold=0.058986259737215115 0.031813161737030589 0.82172284693367248 -0.42231404515553822 0.39044453035300292 0.099380438662886164 0.083442527856400592 -0.014137029208278694 0.052184779420915726 0.080757164046300942 0.19804467172124296 0.042949569518811077 0.28053009207921609 0.47217824249148288 0.32961264300872678
decision_type=8 8 8 8 10 10 8 8 10 8 8 10 10 10 10
left_child=-1 2 11 4 -3 6 7 -5 -8 -7 -11 -2 -4 14 -14
right_child=1 3 12 5 -6 9 8 -9 -10 10 -12 -13 13 -15 -16
leaf_value=-0.00016630010184818134 -0.00019388260670583212 -0.00027637588842317529 5.6698468068366238e-06 -8.415627291012611e-05 0.00011275026757221574 1.5880506575239671e-06 -0.000250801775151399 0.00016884134169903816 -0.00033810980638543641 -0.00069096239355427634 0.00034972266410301472 -0.00015817133223470752 -9.4322762591769445e-05 0.00013787186450834593 -0.00015309294118975771
leaf_weight=21.47108988976106 39.593177641741931 17.213077979162339 345.26167731638998 147.70612053992227 7.6805012617260209 1874.6638011261821 59.931062947493047 286.72105301101692 42.842232522089034 17.804113652091473 813.09891331382096 45.412561169825494 145.36448658071458 81.626848817337304 75.735942269209772
leaf_count=190 476 70 2518 881 50 10861 440 2495 183 356 4984 348 962 972 484
internal_value=-0.000258162 -0.000147617 -0.00221423 0.000313039 -0.0100718 0.000396536 -0.00147595 -2.37494e-05 -0.00750409 0.000772098 0.00236007 -0.00822913 -0.00140719 -0.0032684 -0.00511837
internal_weight=4022.13 4000.66 732.995 3267.66 24.8936 3242.77 537.2 434.427 102.773 2705.57 830.903 85.0057 647.989 302.727 221.1
internal_count=26270 26080 5760 20320 120 20200 3999 3376 623 16201 5340 824 4936 2418 1446
is_linear=0
shrinkage=0.0286577


Tree=44
num_leaves=16
num_cat=0
split_feature=7 19 33 35 5 24 31 7 5 7 27 33 19 31 19
split_gain=12.5762 5.25341 4.82163 4.67795 4.48494 3.94766 3.383 3.44363 3.16793 2.95372 3.02143 2.92335 5.00268 2.74624 3.25908
threshold=0.10761531458314993 0.039996689369259701 0.0076844477678003073 6.2823130115037147 -0.11683905196564205 11.500000000000002 4.405000000000002 0.26565910929152697 0.59783735463162913 0.87803407308138681 0.55078604765413908 0.044200567803301068 0.033443101746514596 0.6950000000000004 0.13805524568497449
decision_type=8 8 10 2 8 2 10 10 10 10 8 10 10 8 8
left_child=-1 2 3 8 13 11 -7 -8 -2 -6 -11 12 -4 -3 -15
right_child=1 4 5 -5 9 6 7 -9 -10 10 -12 -13 -14 14 -16
leaf_value=-0.00016153433033370276 -5.0243039885769661e-05 0.001110407207570706 -0.00010712724074516892 -0.00018832638518869168 6.751104288537804e-05 4.6217816683413409e-05 -0.00040849671345167507 0.00041234148966583619 -0.00025112158106797069 -0.00024864733290352355 0.00019751082115502085 -2.7974261706254256e-05 -0.00032446141276308219 -0.00027235651867001516 0.0001034578311795305
leaf_weight=31.000399684067816 282.29415620071813 8.2767804227769357 86.986899430863559 21.536338816862553 2580.8031226790044 285.05492706038058 22.100016117095947 20.942770719528198 30.988438421860337 11.470475731417535 8.5582280606031436 555.08273137826473 39.83035552315414 30.171238120645285 7.0297816712409249
leaf_count=290 2876 48 818 76 16691 451 30 28 140 30 48 4218 302 158 66
internal_value=-0.000229092 -8.4834e-05 -0.00154538 -0.00452856 0.000653701 -0.000545779 0.00202201 -0.00536229 -0.00359295 0.000813509 -0.0100466 -0.00179613 -0.0057321 -0.00822599 -0.0116292
internal_weight=4022.13 3991.13 1344.82 334.819 2646.31 1010 328.098 43.0428 313.283 2600.83 20.0287 681.9 126.817 45.4778 37.201
internal_count=26270 25980 8939 3092 17041 5847 509 58 3016 16769 78 5338 1120 272 224
is_linear=0
shrinkage=0.0286577


Tree=45
num_leaves=16
num_cat=0
split_feature=7 23 7 22 24 5 20 5 38 7 5 5 5 22 8
split_gain=12.5832 5.33119 3.46523 2.90185 3.70953 2.81766 4.53193 3.14209 3.12617 2.7245 2.68662 2.31101 2.98606 6.4855 2.90725
threshold=0.10761531458314993 0.074940345703371006 0.87803407308138681 0.16666666666666671 11.500000000000002 -0.058258593749862135 0.054497360322440104 -0.11683905196564205 1.5000000000000002 0.31959846824758847 0.70178237465081028 0.042191227685048717 0.097503570279467267 0.065992355000172587 0.23666124195586802
decision_type=8 8 10 10 2 8 10 10 2 10 10 8 8 10 10
left_child=-1 5 3 10 9 6 7 -2 -9 -5 -3 -7 13 -13 -14
right_child=1 2 -4 4 -6 11 -8 8 -10 -11 -12 12 14 -15 -16
leaf_value=-0.00015690513467140829 5.6013582073908476e-05 0.00028359868197319583 -0.00024152168256937951 -0.00030255108882911444 -0.00051799873940070178 5.2576424005255717e-05 -0.00026065050253505721 -0.00034715926311283462 -0.00014200950163630052 0.00097445009369918911 -0.00041649056900034249 -3.464580608082781e-05 -4.8363951867171175e-05 -0.00049666778138938994 2.0187357393131472e-05
leaf_weight=31.000399684067816 75.794858551584184 783.73234948446043 17.40823127143085 15.318476354703305 21.462048649787903 155.6063864659518 25.924089848995209 13.092423245310785 16.239291423000395 28.438058874104172 12.309727430343626 258.95946218725294 1083.9934760318138 52.809221127070487 1430.0381594086066
leaf_count=290 438 6153 58 140 30 1266 80 32 114 240 50 1675 8126 180 7398
internal_value=-0.000224202 -7.99069e-05 0.0018882 0.0021548 -0.00358362 -0.000638815 -0.00475584 -0.00198627 -0.00994335 0.00100509 0.00263834 -0.000454157 -0.000644359 -0.00329204 -0.000311787
internal_weight=4022.13 3991.13 878.669 861.261 65.2186 3112.46 131.051 105.127 29.3317 43.7565 796.042 2981.41 2825.8 311.769 2514.03
internal_count=26270 25980 6671 6613 410 19309 664 584 146 380 6203 18645 17379 1855 15524
is_linear=0
shrinkage=0.0286577


Tree=46
num_leaves=16
num_cat=0
split_feature=11 19 5 31 28 27 27 5 24 37 28 24 27 27 5
split_gain=10.6164 4.25381 5.13424 4.45558 3.63379 4.81255 4.1439 3.00246 2.66098 2.59762 3.6526 3.29431 2.46355 3.43584 5.33777
threshold=0.078234241699130153 0.039996689369259701 -0.42231404515553822 -0.69999999999999918 0.026800000000000022 0.10121446115735792 0.086228571903087317 0.70178237465081028 10.500000000000002 1.0000000180025095e-35 -0.036899999999999954 9.5000000000000018 0.28053009207921609 0.29402057562201195 0.17384969527801178
decision_type=8 8 8 10 8 10 8 10 2 2 8 2 10 10 8
left_child=-1 3 -3 9 7 6 -6 -4 -9 10 11 -2 -5 14 -14
right_child=1 2 4 12 5 -7 -8 8 -10 -11 -12 -13 13 -15 -16
leaf_value=-0.00015240860091717714 0.00088931704734140319 -0.00025318086946561912 -4.6493276464109641e-07 8.0727991762628491e-06 1.0036344782564824e-05 0.00043638773526000912 -0.00031551044851406006 0.00074374463021231274 -0.00040455492453752158 -0.00018957831245169059 -7.6308637306784831e-06 -0.00019435536873769411 -0.00035991528231551297 -4.5661660862874748e-05 0.00034923346916354548
leaf_weight=22.26124625466764 6.495497201569381 20.661491189152002 1700.4778506646398 521.12760638119653 100.28498612158 759.37142793741077 45.741449704859406 7.9458239004015949 17.262078881263733 145.72509388392791 142.36681996565312 21.499411251395941 34.066205475479364 461.34522408433259 15.494447140954433
leaf_count=380 114 98 11616 3172 702 4232 229 86 26 1177 974 44 114 3228 78
internal_value=-0.000280508 -0.000167588 0.000495957 -0.00148002 0.000611885 0.00208274 -0.00264261 -0.000154218 -0.00992723 -0.00446022 -0.0019725 -0.0113926 -0.000556831 -0.00197623 -0.00915866
internal_weight=4022.13 3999.87 2651.75 1348.12 2631.08 905.398 146.026 1725.69 25.2079 316.087 170.362 27.9949 1032.03 510.906 49.5607
internal_count=26270 25890 16989 8901 16891 5163 931 11728 112 2309 1132 158 6592 3420 192
is_linear=0
shrinkage=0.0286577


Tree=47
num_leaves=16
num_cat=0
split_feature=7 23 7 5 19 5 5 5 8 19 28 25 31 15 28
split_gain=12.569 4.66348 3.38705 2.68432 3.66314 4.92456 2.84643 2.77709 4.53531 3.20756 2.49423 2.68651 2.10949 1.96097 1.94938
threshold=0.10761531458314993 0.074940345703371006 0.87803407308138681 -0.080538578915526279 0.046502027162178265 -0.11683905196564205 0.042191227685048717 0.19625110238978935 0.23666124195586802 0.073298910751334975 0.32485000000000003 0.59252473241486803 1.3049999999999999 2.3833202010239494 -0.25854999999999995
decision_type=8 8 10 8 10 10 8 8 10 10 10 8 8 10 8
left_child=-1 3 10 4 5 13 12 9 -9 -8 11 -3 -5 -2 -13
right_child=1 2 -4 6 -6 -7 7 8 -10 -11 -12 14 -14 -15 -16
leaf_value=-0.00014804092729136235 0.00038743271045248466 0.00033937806885195874 -0.00023458691280419443 -5.0042591692399076e-05 -0.00024291204857599004 -0.00020516505575119846 -4.4353104582838694e-05 -4.353975963671462e-05 0.00014673008190424117 -0.00024647918655058159 -0.00030646865785165033 -0.00039296132769677477 0.00010469773151798318 -0.00022192860881100945 0.00013432494440955816
leaf_weight=31.000399684067816 44.128948856145144 193.79851322015747 17.40823127143085 52.191294320859015 31.776768796145916 20.468511266633868 1170.1397689292207 625.84111684141681 828.21897959569469 201.60045338841155 4.602557308971881 5.0051305575761944 117.12650856561959 20.965017729438841 657.85445970669389
leaf_count=290 256 742 58 542 138 60 7334 4805 4402 838 16 30 812 122 5825
internal_value=-0.000234229 -9.00109e-05 0.00175047 -0.000612881 -0.00486911 -0.00163688 -0.000442452 -0.000661709 0.000204834 -0.00158739 0.00201428 0.00213996 0.00315403 0.00209563 0.00125137
internal_weight=4022.13 3991.13 878.669 3112.46 117.339 85.5625 2995.12 2825.8 1454.06 1371.74 861.261 856.658 169.318 65.094 662.86
internal_count=26270 25980 6671 19309 576 438 18733 17379 9207 8172 6613 6597 1354 378 5855
is_linear=0
shrinkage=0.0286577


Tree=48
num_leaves=16
num_cat=0
split_feature=7 7 21 10 7 18 18 31 33 31 21 17 4 5 21
split_gain=12.7004 4.18495 4.26506 3.67696 3.06507 3.16879 3.87115 4.02902 2.78973 2.45577 4.35205 2.92853 2.73584 2.4329 2.26888
threshold=0.10761531458314993 0.27499952561912661 0.0046830456682059622 0.19087147563820431 0.87803407308138681 -0.042374992401356275 -0.039619026601656553 10.800000000000001 0.029414406599503343 -2.6199999999999988 0.01214206933147993 0.81749307356669232 0.037631386950465383 0.097503570279467267 0.084249490682215475
decision_type=8 10 8 8 10 10 10 10 10 8 10 10 10 8 10
left_child=-1 2 3 -2 5 -3 13 -8 -6 10 11 -4 -12 -7 -11
right_child=1 4 9 -5 8 6 7 -9 -10 14 12 -13 -14 -15 -16
leaf_value=-0.0001437984209644194 3.4640370487221794e-05 0.00025875282962438525 -0.0001956205618713856 -0.00024091417973807369 0.00020550810489034858 -0.00039350256370727585 7.4146080993186338e-05 -0.00026057569978131024 -0.00022786420118654107 -5.3855105834566646e-06 -8.930958868662428e-06 -0.00017509569840235716 -0.00036761913489019772 -8.8449398669574722e-05 -0.00020037689602328131
leaf_weight=31.000399684067816 9.8363720718771201 397.1722196075134 14.005556657910345 25.181536538526416 8.2962014172226208 11.11621570587158 1317.4810659340583 61.592333883047104 11.769537299871443 1836.5696506353561 149.85855750646442 23.069382177200168 19.020684111863375 20.455325547140095 85.701621260493994
leaf_count=290 108 1910 68 200 54 16 6449 372 26 14900 902 67 110 122 676
internal_value=-0.000141411 0 -0.000851947 -0.0107585 0.00101049 0.00113963 0.000494493 0.000729028 -0.0100152 -0.000683124 -0.00366067 -0.0125611 -0.00163346 -0.00936853 -0.00035853
internal_weight=4022.13 3991.13 2163.24 35.0179 1827.88 1807.82 1410.64 1379.07 20.0657 2128.23 205.954 37.0749 168.879 31.5715 1922.27
internal_count=26270 25980 17031 308 8949 8869 6959 6821 80 16723 1147 135 1012 138 15576
is_linear=0
shrinkage=0.0286577


Tree=49
num_leaves=16
num_cat=0
split_feature=8 19 5 23 30 35 20 16 20 27 38 17 17 16 8
split_gain=11.3072 4.03785 5.12186 3.01324 3.13639 5.46503 4.29638 3.07569 2.89994 3.07567 5.16843 3.70509 2.3656 2.23944 1.88593
threshold=0.073158830141739878 0.039996689369259701 -0.42231404515553822 0.063602752977586954 19.105000000000004 6.2823130115037147 0.042915478360744753 1.3710148361366981 0.032751125934307686 0.099380438662886164 3.5000000000000004 0.5690287955380352 1.3390034707926557 0.72865352485941715 0.35968112603969088
decision_type=8 8 8 10 8 2 10 10 8 10 2 8 8 10 10
left_child=-1 3 12 4 7 6 -6 13 -4 10 -10 -11 -3 -2 -9
right_child=1 2 8 -5 5 -7 -8 14 9 11 -12 -13 -14 -15 -16
leaf_value=-0.00013967749493465147 -0.00018302291026189095 -0.00035043827392223327 0.00043083468409330897 -5.3717693603042115e-05 -7.2524353142619719e-05 -0.00017007786568620233 -0.00021296821805495949 -0.00030628109853685325 -8.803459344922847e-05 -0.0002739422594247549 0.00012147880801429265 0.00010376862467593286 8.9659552390228736e-05 2.2087543270771062e-06 0.00024512196082434045
leaf_weight=22.645441500935704 24.320682634599507 16.110187312588099 134.35453964024782 9.6976240277290326 398.11890190374106 21.966713254339993 14.416868815198539 26.254700186196715 219.85364940785803 62.391610777005553 212.86645691329613 2000.2694323486648 4.5513038765639058 844.43183913826942 9.8767083012498897
leaf_count=188 246 62 733 28 2532 68 70 848 1038 377 2389 12444 36 5143 68
internal_value=-0.000284887 -0.000167459 0.000479372 -0.00144546 -0.00132058 -0.00332388 -0.00254868 -0.000347053 0.000595228 0.000369862 -0.00181892 0.000834018 -0.0136347 0 -0.00851276
internal_weight=4022.13 3999.48 2650.4 1349.08 1339.39 434.502 412.536 904.884 2629.74 2495.38 432.72 2062.66 20.6615 868.753 36.1314
internal_count=26270 26082 17079 9003 8975 2670 2602 6305 16981 16248 3427 12821 98 5389 916
is_linear=0
shrinkage=0.0286577


Tree=50
num_leaves=16
num_cat=0
split_feature=7 19 5 30 24 20 7 27 8 30 7 27 7 5 34
split_gain=12.4805 3.82334 4.30394 2.8908 4.3796 3.83752 3.35778 4.49218 3.27881 2.94303 2.8527 3.02143 2.83888 3.63799 2.33515
threshold=0.10761531458314993 0.039996689369259701 -0.11683905196564205 19.105000000000004 11.500000000000002 0.042915478360744753 0.26182074028106467 0.47627978313514691 0.36605575632207971 16.120000000000005 0.87803407308138681 0.55078604765413908 0.37434095652402893 0.76121018773569338 -0.046483691780359764
decision_type=8 8 8 8 2 10 10 10 10 10 10 8 8 10 8
left_child=-1 3 -3 4 -2 6 7 -5 -8 -6 12 -12 14 -14 -4
right_child=1 2 10 5 9 -7 8 -9 -10 -11 11 -13 13 -15 -16
leaf_value=-0.00013567466499543116 -8.9482192170865302e-05 -0.00015160694772311254 0.00024609410841033196 -0.00015154435120761273 -0.00012433322400522121 -0.00020686504760698124 0.00015069433226180327 -0.00016520383230605093 -1.0016663187888388e-05 3.7972383822139709e-05 -0.00022430791254309237 0.00019664495801624939 0.00019301722012178633 -0.000310581846942648 -1.1928225996429698e-05
leaf_weight=31.000399684067816 629.25667555537075 45.477800214663148 401.01652816543356 188.91376890987158 13.61000377871096 14.416868815198539 75.03974293358624 90.781828183680773 64.686235586181283 268.11150990612805 11.470475731417535 8.5582280606031436 908.16742767090909 8.8169935680925828 1262.8021732745692
leaf_count=290 5830 272 4503 1244 46 70 418 528 398 405 30 48 4940 30 7218
internal_value=-0.000296981 -0.000153251 0.000476249 -0.00139924 -0.000469284 -0.00332776 -0.00279438 -0.0046108 0.00077209 0.00248428 0.000632955 -0.0100466 0.000720577 0.00200072 8.89011e-06
internal_weight=4022.13 3991.13 2646.31 1344.82 910.978 433.838 419.422 279.696 139.726 281.722 2600.83 20.0287 2580.8 916.984 1663.82
internal_count=26270 25980 17041 8939 6281 2658 2588 1772 816 451 16769 78 16691 4970 11721
is_linear=0
shrinkage=0.0286577


Tree=51
num_leaves=16
num_cat=0
split_feature=7 19 5 33 35 10 5 33 17 5 5 19 15 28 5
split_gain=12.4973 3.24325 4.26573 3.75802 5.15093 3.22037 3.02984 2.95022 3.29499 5.09459 3.14961 3.42461 2.94886 2.63619 2.57699
threshold=0.10761531458314993 0.039996689369259701 -0.11683905196564205 0.0076844477678003073 6.2823130115037147 0.30360891655026456 0.63667327299657994 0.019197134913440998 1.2496295035636036 0.18215543710547027 0.57910268490724859 0.012227914304483336 1.3916132287592591 0.32485000000000003 0.1243013200880118
decision_type=8 8 8 10 2 8 10 10 10 10 10 10 8 10 8
left_child=-1 3 5 4 6 -3 14 8 -5 -10 11 -9 -4 -14 -2
right_child=1 2 12 7 -6 -7 -8 10 9 -11 -12 -13 13 -15 -16
leaf_value=-0.00013178654678933446 -0.00016494057117622657 -0.00021883423495738181 -1.2300071673047594e-05 0.00017019706527498111 -0.00016046947730965027 7.505867439024509e-05 -0.0002362114572170834 -0.00022964399327478146 -0.00020185188513709954 0.00024066168949723129 0.00013507859052671613 -6.970224003864283e-05 0.00012493196724174124 -0.00030281939305561829 -2.4865121038565944e-07
leaf_weight=31.000399684067816 91.548893217928708 26.312474549748003 1012.3462254963815 160.94009889569134 21.536338816862553 19.165325664915144 26.808223033323884 39.576363246887922 35.22296841442585 46.880973948165774 56.719304168596864 670.6579915555194 1582.768860738026 5.7167402366176239 194.92547837132588
leaf_count=290 1160 136 5394 333 76 136 108 476 68 126 324 4520 11333 42 1748
internal_value=-0.000285055 -0.000141232 0.000438328 -0.00128896 -0.00392247 -0.00822599 -0.00294523 -0.000405394 0.00233009 -0.00225595 -0.00128567 -0.00181549 0.00059437 0.00136657 -0.0020361
internal_weight=4022.13 3991.13 2646.31 1344.82 334.819 45.4778 313.283 1010 243.044 82.1039 766.954 710.234 2600.83 1588.49 286.474
internal_count=26270 25980 17041 8939 3092 272 3016 5847 527 194 5320 4996 16769 11375 2908
is_linear=0
shrinkage=0.0286577


Tree=52
num_leaves=16
num_cat=0
split_feature=7 23 20 7 10 5 19 35 23 20 35 7 32 32 10
split_gain=12.5674 3.17637 3.55858 3.64557 3.44376 2.85965 3.43926 2.57347 3.17337 2.87887 2.57151 2.54299 2.48821 2.56024 1.8221
threshold=0.10761531458314993 0.080955221351137238 0.084242287502803007 0.87803407308138681 0.59195378719951941 -0.42231404515553822 0.028060163187381613 1.5820661875034507 0.10650326705694431 0.092692370068427107 2.4993845846405938 0.34788632026166 0.43403693931398418 0.9808707124010555 0.26704933276209447
decision_type=8 8 8 10 10 8 10 2 10 8 2 10 10 10 10
left_child=-1 4 -3 7 5 6 -2 8 -4 -9 14 -12 -6 -14 -7
right_child=1 2 3 -5 12 10 -8 9 -10 -11 11 -13 13 -15 -16
leaf_value=-0.0001280098529466964 0.00029461143221353679 0.00055472716706160118 0.0016741468443704274 -0.0002175272817512669 -0.00013386176838192377 -0.00023061701421870495 -0.00032977955669074021 -0.00035257742295903132 -7.7260514727926652e-05 0.00037813282036917742 -1.6377497901384479e-05 -0.00012194456162121215 0.00062393034739948068 -0.00011030512573031301 0.00076927544412687496
leaf_weight=31.000399684067816 7.4707606937736299 156.61721403151751 7.5941066322848227 15.179359463974832 7.9278519023209801 39.949937591329217 19.170931367203593 47.126521057449281 14.757350195199249 505.42857272527181 2473.460976020433 460.15514191100374 125.57660240633413 25.30019274353981 85.410741612780839
leaf_count=290 72 722 46 36 94 298 80 540 70 4531 16368 1983 428 186 526
internal_value=-0.000235376 -9.1167e-05 0.00159066 0.00055181 -0.000481392 -0.000696009 -0.0100283 0.00093632 -0.00848772 0.0013389 -0.000610731 -0.000785344 0.00362106 0.00449631 0.00339018
internal_weight=4022.13 3991.13 746.703 590.086 3244.42 3085.62 26.6417 574.907 22.3515 552.555 3058.98 2933.62 158.805 150.877 125.361
internal_count=26270 25980 5945 5223 20035 19327 152 5187 116 5071 19175 18351 708 614 824
is_linear=0
shrinkage=0.0286577


Tree=53
num_leaves=16
num_cat=0
split_feature=7 9 7 11 12 22 34 23 34 12 23 22 20 17 18
split_gain=9.566 3.56072 3.29435 2.98467 2.83501 3.07523 3.8397 3.23093 2.79143 3.85637 3.84534 2.33573 2.42834 2.00806 2.57338
threshold=0.10761531458314993 0.34378862953904682 0.87803407308138681 0.99058015393222754 0.091307333300228569 0.023671853541380738 0.023334753094958142 0.020605834853647757 0.033736447536216747 0.11775461745010589 0.10205142661149109 0.16666666666666671 0.1074571338763889 0.49885065422136549 -0.039619026601656553
decision_type=8 10 10 10 10 8 10 10 8 10 10 10 10 10 8
left_child=-1 4 13 -4 5 6 7 -2 9 10 -6 12 -7 14 -3
right_child=1 2 3 -5 8 11 -8 -9 -10 -11 -12 -13 -14 -15 -16
leaf_value=-0.00012434139030616901 -6.6805789894753076e-05 -0.0003760594426676857 -0.00021129345921315113 0.00019759588776951134 -0.00022811124093915784 -1.1298563628179764e-06 -0.00019559794202011631 -0.0001554014571009082 0.00013603548168895991 1.0453239760051273e-05 0.0039017401175913736 -0.00052096797655441156 0.00063726507917189281 0.00013789351513034972 1.2005967615228901e-05
leaf_weight=31.000399684067816 197.08393944380805 9.0531490482389909 13.948499875143172 6.1172388419508925 137.39856832195073 2202.6296222044621 23.087077092379332 55.422974295914173 56.579297653865069 86.841201922856271 14.286889890208839 12.082920952234415 131.29288942692801 1028.6164190806448 16.685572303831581
leaf_count=290 2429 26 42 38 490 15187 68 355 492 542 54 144 1098 4887 128
internal_value=-0.000177737 -5.16079e-05 0.0013558 -0.0100152 -0.000573531 -0.000269494 -0.0031326 -0.00205696 -0.00323846 -0.00460951 -0.00736453 6.28759e-05 0.000132758 0.00158378 -0.00620309
internal_weight=4022.13 3991.13 1074.42 20.0657 2916.71 2621.6 275.594 252.507 295.106 238.527 151.685 2346.01 2333.92 1054.36 25.7387
internal_count=26270 25980 5121 80 20859 19281 2852 2784 1578 1086 544 16429 16285 5041 154
is_linear=0
shrinkage=0.0286577


Tree=54
num_leaves=16
num_cat=0
split_feature=7 7 7 22 4 30 21 22 9 35 35 38 35 30 21
split_gain=9.50244 2.91211 2.91143 2.63961 3.91529 4.16203 2.77224 3.04819 4.76222 2.60249 4.15341 2.91276 2.89859 2.55341 2.53639
threshold=0.10761531458314993 0.27499952561912661 0.87803407308138681 0.023671853541380738 0.045166497382375506 18.845000000000002 0.084249490682215475 0.087606908451214854 0.31878269772202156 3.7525582032640306 5.3799434184404422 2.5000000000000004 5.2732559030964072 20.815000000000001 0.0046830456682059622
decision_type=8 10 10 8 10 10 8 10 10 2 2 2 2 10 8
left_child=-1 3 9 4 5 14 -5 -8 -9 -3 12 -12 -11 -4 -2
right_child=1 2 13 6 -6 -7 7 8 -10 10 11 -13 -14 -15 -16
leaf_value=-0.00012077805721493142 -0.00022157410691387233 0.00016128981485145739 -0.00020523828343200237 -3.1182937519644603e-06 5.036548984942831e-05 -0.00015094801522487082 2.8796693612355573e-05 -0.00020307986927245949 0.00013699891709240128 -1.2052209987865347e-05 0.0010451091487480909 -3.5909993159961753e-05 -0.00028950065216216248 0.00019193325231201932 -8.5109183671475992e-05
leaf_weight=31.000399684067816 14.009935639798639 820.83468456193805 12.843928001821043 1776.0097959423438 48.170601329766214 51.808889902196825 46.945087848929688 42.836666932795197 14.008520934730766 713.6602533319965 118.10527945682406 104.88997896388173 50.326964362990111 7.2218107152730218 169.45386242913082
leaf_count=290 118 4485 42 11409 304 412 2114 686 108 3386 220 590 188 38 1880
internal_value=-0.000224831 -9.91029e-05 0.000740124 -0.000812832 -0.00339464 -0.00493708 -0.000417876 -0.00496798 -0.0094232 0.000866263 -0.000115846 0.00331183 -0.00113005 -0.0100152 -0.00283288
internal_weight=4022.13 3991.13 1827.88 2163.24 283.443 235.273 1879.8 103.79 56.8452 1807.82 986.982 222.995 763.987 20.0657 183.464
internal_count=26270 25980 8949 17031 2714 2410 14317 2908 794 8869 4384 810 3574 80 1998
is_linear=0
shrinkage=0.0286577


Tree=55
num_leaves=16
num_cat=0
split_feature=7 8 28 21 7 26 7 31 31 12 15 12 7 38 7
split_gain=9.54189 3.06078 3.54344 3.77289 4.94077 3.0316 3.78319 3.12107 2.87077 2.70931 2.5995 2.55325 3.3217 2.4769 2.46124
threshold=0.10761531458314993 0.29873026371500261 -0.025150000000000002 0.024928496802081559 0.24506160987229994 0.77376867429012164 0.87803407308138681 10.800000000000001 2.2799999999999998 0.10027346848253617 1.1528071935899116 0.055185598752206348 0.27142778371883897 11.500000000000002 0.31611794882032751
decision_type=8 10 8 8 8 10 10 10 10 10 10 10 10 2 10
left_child=-1 2 3 4 8 6 7 10 -2 -9 -3 -5 -13 -7 -4
right_child=1 5 14 11 -6 13 -8 9 -10 -11 -12 12 -14 -15 -16
leaf_value=-0.00011731684090626996 6.0937871851563619e-06 -3.9984344603421403e-05 -2.8299832179775434e-06 8.3055866350272971e-05 -0.00015363590291768894 0.00051036560470053068 -0.00019935663481008111 -0.00047549329745602819 -0.00018058434050701553 -0.00015440023424724564 0.00013540082687928389 -0.0003217611782389581 0.00062434964722691102 -0.00047204307180023764 -0.00032848274060385239
leaf_weight=31.000399684067816 57.492089199833572 498.13128160731867 1939.2236314271577 118.32332108006813 46.938044989481568 234.94847890688106 17.119807565584779 9.5330972671508771 18.238866288214922 47.502866834402084 916.52678837720305 30.087722044903785 18.18718444975093 3.9980880059301844 34.874992310535163
leaf_count=290 382 2159 15265 1275 232 1264 56 12 186 344 3991 234 128 16 436
internal_value=-0.000192836 -6.68588e-05 -0.000762516 -0.00372667 -0.00754658 0.000838672 0.000350139 0.000513404 -0.0028385 -0.00602572 0.000785018 -0.000847832 -0.00642224 0.00383772 -0.00032275
internal_weight=4022.13 3991.13 2263.37 289.267 122.669 1727.76 1488.81 1471.69 75.731 57.036 1414.66 166.598 48.2749 238.947 1974.1
internal_count=26270 25980 18138 2437 800 7842 6562 6506 568 356 6150 1637 362 1280 15701
is_linear=0
shrinkage=0.0286577


Tree=56
num_leaves=16
num_cat=0
split_feature=7 9 7 27 33 33 10 22 4 22 32 12 21 27 33
split_gain=9.45741 2.70461 3.25168 3.03348 2.47977 3.86937 6.07361 5.1593 2.6087 2.01423 3.54715 2.24704 1.97685 3.48112 4.28842
threshold=0.10761531458314993 0.36817473367349768 0.87803407308138681 0.55078604765413908 -0.0058383466249752871 -0.021487904852586889 0.33837895821149128 0.068749444463223189 0.44117042334505441 0.023671853541380738 0.80738786279683394 0.097319672317376704 0.1258844858986084 0.15055334018085517 0.072750298665326021
decision_type=8 10 10 8 8 10 10 10 10 10 10 10 10 10 8
left_child=-1 4 12 -4 5 -2 7 -7 9 10 -6 -11 -3 14 -14
right_child=1 2 3 -5 8 6 -8 -9 -10 11 -12 -13 13 -15 -16
leaf_value=-0.00011395481495231033 -3.6890342635414345e-05 0.00014595976684574869 -0.00019364354046533112 0.00019214598907199215 -7.9007999318634554e-05 -8.3832290823484428e-05 -0.00014221935333759637 0.00044069609583635992 -0.00030373223555315963 6.9881272345680258e-06 -0.00018558564565710736 -0.00013763564110009922 -0.00031912472605328293 0.00053512202947966401 0.0030790059281973038
leaf_weight=31.000399684067816 179.70213755127043 787.20670723263174 11.470475731417535 8.5952629856765288 256.83462434937246 58.374162065796554 30.76977507956326 28.415677547454834 18.374905198812485 2346.9582563987933 33.102926015853882 155.07192404801026 20.426385366357863 44.700054680928588 11.122986102476718
leaf_count=290 2626 3559 30 50 3872 123 44 38 78 14384 190 592 76 256 62
internal_value=-0.000261435 -0.000135991 0.00125955 -0.0100152 -0.000536025 -0.00302738 -0.00706873 -0.0030321 -0.000268736 -0.00019382 -0.00245491 6.44199e-05 0.00153568 -0.00281092 -0.0101208
internal_weight=4022.13 3991.13 883.522 20.0657 3107.6 297.262 117.56 86.7898 2810.34 2791.97 289.938 2502.03 863.456 76.2494 31.5494
internal_count=26270 25980 4033 80 21947 2831 205 161 19116 19038 4062 14976 3953 394 138
is_linear=0
shrinkage=0.0286577


Tree=57
num_leaves=16
num_cat=0
split_feature=7 7 10 5 5 20 35 32 10 5 5 10 17 24 6
split_gain=9.46643 2.55517 3.26403 3.26522 4.56308 4.53354 2.53515 8.12988 2.10121 2.95454 3.55642 3.36486 2.70293 3.99108 2.47158
threshold=0.10761531458314993 0.27499952561912661 0.16396271764321249 0.18415079563426576 0.18298832075186203 0.18701826229505514 6.7805964289799565 0.49340369393139849 0.24132841562642657 0.19625110238978935 0.70178237465081028 0.32626893151785025 0.9219913643656551 10.500000000000002 0.56517273183888228
decision_type=8 10 10 10 10 10 2 10 10 8 10 10 8 2 8
left_child=-1 6 -3 4 5 -4 8 -8 12 11 -11 -10 13 -2 -14
right_child=1 2 3 -5 -6 -7 7 -9 9 10 -12 -13 14 -15 -16
leaf_value=-0.00011068913678974861 -9.5937574081452243e-05 -1.3372389156788696e-05 -1.3867826662566978e-06 0.00022939522727219086 -0.00019583419238910701 -0.00050977340012611457 0.00037777218873775276 -0.00013814367968850477 -0.00014883108160844685 1.7730437810221634e-05 -0.00030403864166804836 5.5706348674556064e-05 -0.00049868105232290453 0.00021115008380423402 -2.618402284120126e-05
leaf_weight=31.000399684067816 215.11060917191207 6.5087925996631375 828.69462527753785 967.33733064401895 10.217745993286369 15.124404880218206 22.114414661424235 27.498114281333983 268.18725395947695 316.6967982579954 21.348979683592916 41.38593873148784 15.454830144997684 225.5865079164505 1009.8599141510203
leaf_count=290 3262 20 3869 4960 38 62 116 94 1850 2436 110 412 144 423 8184
internal_value=-0.000254098 -0.000128597 0.000657204 0.00073603 -0.000546262 -0.000301143 -0.000797179 -0.00720523 -0.000641291 -0.00200074 -0.000117507 -0.00402343 -3.37388e-05 0.00183552 -0.000847116
internal_weight=4022.13 3991.13 1827.88 1821.37 854.037 843.819 2163.24 49.6125 2113.63 647.619 338.046 309.573 1466.01 440.697 1025.31
internal_count=26270 25980 8949 8929 3969 3931 17031 210 16821 4808 2546 2262 12013 3685 8328
is_linear=0
shrinkage=0.0286577


Tree=58
num_leaves=16
num_cat=0
split_feature=7 19 23 30 35 19 16 7 2 22 23 30 28 4 35
split_gain=9.48279 3.06333 3.10196 3.17568 5.63387 4.34262 3.23816 2.7505 2.62345 3.24667 2.57233 2.56801 2.46758 1.9767 1.90774
threshold=0.10761531458314993 0.039996689369259701 0.063602752977586954 19.105000000000004 6.2823130115037147 0.034230481676000866 1.3710148361366981 0.87803407308138681 0.19853124167378691 0.042751011510486624 0.081504447932008214 20.815000000000001 0.32485000000000003 0.44117042334505441 1.5820661875034507
decision_type=8 8 10 8 2 10 10 10 2 10 10 10 10 10 2
left_child=-1 2 3 6 5 -5 13 8 9 -3 -11 -9 14 -2 -10
right_child=1 7 -4 4 -6 -7 -8 11 12 10 -12 -13 -14 -15 -16
leaf_value=-0.00010751704531648908 5.8351983138034444e-06 0.0001553459851847792 -4.287934679980834e-05 -4.5193582457527136e-06 -0.00013418480530269256 -0.00015397610968470376 -0.00021071260801941698 -0.00018805442808289484 -6.5451814668017014e-05 -3.9521818471051469e-05 0.00025108929776460976 0.00018667927689377029 -0.0003281886590624249 -0.00029532560612772655 0.00028519846522286155
leaf_weight=31.000399684067816 858.5504637863487 182.92187676718459 9.6976240277290326 313.80465992726386 21.966713254339993 97.492097961716354 36.131408487446606 12.806893076747658 26.988951003644615 1417.9693676931784 392.46046117413789 7.2218107152730218 5.3148451261222354 7.173666223883628 600.62542112939991
leaf_count=290 5309 2582 28 1962 68 624 916 40 126 8391 3072 38 36 32 2756
internal_value=-0.000240795 -0.00011519 -0.00123078 -0.00110395 -0.0031207 -0.00233233 -0.000123487 0.000448033 0.000532728 1.72369e-05 -0.000345539 -0.0100466 0.0021399 0.000217129 0.00232119
internal_weight=4022.13 3991.13 1344.82 1335.12 433.263 411.297 901.856 2646.31 2626.28 1993.35 1810.43 20.0287 632.929 865.724 627.614
internal_count=26270 25980 8939 8911 2654 2586 6257 17041 16963 14045 11463 78 2918 5341 2882
is_linear=0
shrinkage=0.0286577


Tree=59
num_leaves=16
num_cat=0
split_feature=7 7 26 28 28 16 26 7 20 7 12 16 24 17 14
split_gain=9.43083 2.93449 5.42658 7.28056 4.33218 3.97603 4.93248 3.81722 3.40027 3.17886 4.42461 3.14767 2.93828 2.83981 2.49662
threshold=0.10761531458314993 0.37434095652402893 0.27583015526017657 -0.0049999999999999897 0.015049999999999996 1.2392217209407812 0.32961264300872678 0.87803407308138681 0.11895921655702456 0.36906806116394847 0.05825234878783022 1.3144149940005869 10.500000000000002 1.1369644050992005 1.0277037801446225
decision_type=8 10 10 10 8 10 8 10 10 10 10 10 2 10 8
left_child=-1 5 3 -3 7 9 -7 -4 12 14 -11 13 -5 -8 -2
right_child=1 2 4 8 -6 6 11 -9 -10 10 -12 -13 -14 -15 -16
leaf_value=-0.0001044358585571568 -0.00013098061252255795 9.0302119456540787e-05 4.1733110434067756e-05 -1.372257624560656e-05 0.00037527578515683327 0.0002580619577328014 -0.0003159902840645651 -0.00018266522851795891 0.00051165330688903322 -0.00045692039796346821 3.875227647141777e-06 -0.00010282869271123698 -0.00035293582807948321 -0.00025045791233532647 -1.2750145942164071e-07
leaf_weight=31.000399684067816 95.323214139789343 54.055706710554659 335.67410997347906 7.7328494982793918 368.02053634636104 44.525552204344422 34.897625493817031 16.898182339966297 11.626989616081117 22.010567881166935 18.29875853843987 54.827744559850544 29.685171650722623 14.449932144954799 2883.0993192566093
leaf_count=290 653 296 1508 102 1452 1132 205 46 34 74 64 1028 50 104 19232
internal_value=-0.000260008 -0.000134737 0.00138549 -0.00472588 0.00227492 -0.000533287 -0.00510862 0 -0.012727 -0.00030424 -0.00828102 -0.00853872 -0.0169167 -0.0138474 -0.000192313
internal_weight=4022.13 3991.13 823.694 103.101 720.593 3167.43 148.701 352.572 49.045 3018.73 40.3093 104.175 37.418 49.3476 2978.42
internal_count=26270 25980 3488 482 3006 22492 2469 1554 186 20023 138 1337 152 309 19885
is_linear=0
shrinkage=0.0286577


Tree=60
num_leaves=16
num_cat=0
split_feature=8 8 28 21 31 31 11 18 17 24 23 32 18 32 19
split_gain=8.59336 3.10348 2.93278 3.1704 2.85441 4.6933 2.54891 2.64449 2.53864 2.26828 3.42697 3.91422 2.22419 4.71059 2.52098
threshold=0.053503575015483695 0.29873026371500261 -0.025150000000000002 0.024928496802081559 10.800000000000001 11.07 0.27862653323561609 0.053420296756267589 1.3390034707926557 11.500000000000002 0.1491550303840869 0.72955145118733522 -0.096429477386842696 0.81332453825857531 0.06929029943525665
decision_type=8 10 8 8 10 10 8 10 10 2 10 10 10 10 8
left_child=-1 2 3 6 9 -6 8 -8 -2 12 11 -11 13 -3 -14
right_child=1 4 -4 -5 5 -7 7 -9 -10 10 -12 -13 14 -15 -16
leaf_value=-0.00010144297139551101 -2.3342878564090166e-05 -6.9499682002833541e-05 -6.4862309874275989e-06 -9.2938122765613088e-05 -0.00043989338037620629 -7.4388350639481907e-05 -0.00013033572909349606 0.00091693256137596922 -0.00017432539719856177 1.2203881674121125e-05 -0.00050333395445801264 0.00044634501569689459 -6.0757865741832615e-05 -5.3461804513746741e-05 0.00022060840773487805
leaf_weight=16.731234956532717 59.75113657861948 46.456913012079895 1988.19075548416 166.77526055579074 12.71079635620117 64.638362556695938 41.3533566147089 5.4011661335825911 16.16334115061909 288.94811262749135 19.99214768409729 237.5355641245842 469.62513574026525 16.427362680435181 571.42601378262043
leaf_count=94 456 186 15855 1679 16 452 206 18 120 458 28 305 2959 82 3356
internal_value=-0.000189475 -0.000100777 -0.000797723 -0.00349618 0.000812201 -0.00453593 -0.00700057 -0.01234 -0.00355409 0.00106948 0.00258162 0.00303925 0.00031153 -0.00489435 0.000636559
internal_weight=4022.13 4005.4 2277.64 289.444 1727.76 77.3492 122.669 46.7545 75.9145 1650.41 546.476 526.484 1103.94 62.8843 1041.05
internal_count=26270 26176 18334 2479 7842 468 800 224 576 7374 791 763 6583 268 6315
is_linear=0
shrinkage=0.0286577


Tree=61
num_leaves=16
num_cat=0
split_feature=9 9 27 9 4 20 28 27 16 22 10 28 26 13 27
split_gain=7.98437 3.00364 2.60367 3.60776 2.96657 3.05425 4.89695 3.2746 2.92048 4.10852 2.73703 2.49492 4.49311 3.61666 3.37099
threshold=0.1063055051701805 0.34378862953904682 -0.0096560704436496683 0.32627715836521692 0.43230995707661379 0.054497360322440104 -0.029150000000000006 0.24341794616190485 0.83551835910834626 0.024478816009282745 0.25938032396066735 0.015049999999999996 0.25238017641680188 1.4528512983307911 0.22282718173803212
decision_type=8 10 10 8 8 10 10 10 8 10 8 8 8 10 8
left_child=-1 2 3 10 8 6 -6 -7 9 -4 -2 13 14 -3 -13
right_child=1 11 4 -5 5 7 -8 -9 -10 -11 -12 12 -14 -15 -16
leaf_value=-9.8535853371842284e-05 9.2674601766074593e-05 -9.9774927191229431e-05 -0.00020806242349529966 -7.0814285661991949e-05 -0.00017919777452266562 -0.00027972300462815572 7.4222057928146853e-05 -7.8781423510897948e-06 6.8379359312856739e-07 -0.00010406182268671177 -0.00022676741703980753 -0.00079517489971716118 0.00034087233040963844 0.00019582594702297041 0.0002230330865371451
leaf_weight=21.763804685790092 27.395035868044943 351.52847477560863 40.154689081944525 12.802022221963851 73.389058555709198 26.375726669095457 76.539877539733425 18.444543338380754 2343.446628409205 300.80651852395386 6.5878759948536745 15.521034330129622 451.76546588912606 247.67132392851636 7.9345802264288094
leaf_count=1146 193 1702 386 40 470 190 800 138 15251 2500 35 54 2002 1301 62
internal_value=-0.000229705 -0.00013252 -0.000610598 -0.00731584 -0.00049761 -0.00391417 -0.00186376 -0.0105077 -0.000245723 -0.00272405 -0.00205578 0.00116001 0.00271061 -5.37202e-05 -0.00935007
internal_weight=4022.13 4000.36 2925.94 46.7849 2879.16 194.749 149.929 44.8203 2684.41 340.961 33.9829 1074.42 475.221 599.2 23.4556
internal_count=26270 25124 20003 268 19735 1598 1270 328 18137 2886 228 5121 2118 3003 116
is_linear=0
shrinkage=0.0286577


Tree=62
num_leaves=16
num_cat=0
split_feature=1 1 17 35 30 17 19 26 27 27 12 20 26 33 26
split_gain=8.48622 2.51858 2.82102 2.86969 8.22952 2.93052 3.74893 2.84889 2.69351 6.66244 3.76145 3.64739 3.37812 3.57989 3.06729
threshold=0.022678571428571433 0.12420203735144314 0.70333722516142594 6.7805964289799565 16.285000000000004 0.93525544831897378 0.078445370686557048 0.98978803167738783 0.097043757679458192 0.083442527856400592 0.12409202163156828 0.18701826229505514 0.38802668648061539 0.069544865282753957 0.18717216570166129
decision_type=2 2 8 2 10 10 10 8 10 8 8 10 8 8 8
left_child=-1 2 -2 5 -5 6 -4 -7 9 11 14 -3 13 -12 -10
right_child=1 8 3 4 -6 7 -8 -9 10 -11 12 -13 -14 -15 -16
leaf_value=-0.00011963975861866547 -0.00011008950909346855 9.6303928927765644e-05 8.2994588860764009e-05 0.00036694883743322143 -0.00012063803042562542 -2.2693522246814253e-05 -0.00010648353668118131 -0.00026716425577285073 -0.00029796663082885116 -0.00032488229610933272 -0.00035275340088916678 -0.00048892917784167089 2.2425987052573737e-06 -0.00032885931966698286 0.00021664148052613185
leaf_weight=20.572245467919856 278.20690828980878 161.20159506844357 813.94448817986995 23.307292731711641 29.088105306960642 1339.603042062372 122.22688541514799 65.31920021539554 22.908533090725541 37.416364839067683 31.311443635262549 15.411072972230611 284.41245208657347 19.99116639746353 757.20586427953094
leaf_count=104 1994 937 6227 136 100 9548 971 483 200 213 154 66 1402 134 3601
internal_value=-0.000211199 -0.000113783 -0.000623217 -0.000301015 -0.00692335 -0.000147886 0.00108902 -0.000979229 0.000902119 -0.0020217 0.00147216 0.000255919 -0.00104269 -0.00779786 0.00256715
internal_weight=4022.13 4001.55 2671.7 2393.49 52.3954 2341.09 936.171 1404.92 1329.86 214.029 1115.83 176.613 335.715 51.3026 780.114
internal_count=26270 26166 19459 17465 236 17229 7198 10031 6707 1216 5491 1003 1690 288 3801
is_linear=0
shrinkage=0.0286577


Tree=63
num_leaves=16
num_cat=0
split_feature=7 7 26 12 7 38 27 5 20 9 7 26 26 33 27
split_gain=9.28408 2.95353 3.64856 4.1073 3.9014 3.53037 3.13482 3.1015 4.0467 3.6933 3.5865 3.97474 3.20096 3.10563 3.03326
threshold=0.10761531458314993 0.37434095652402893 0.27583015526017657 0.097319672317376704 0.87803407308138681 2.5000000000000004 0.55078604765413908 -0.058258593749862135 0.054497360322440104 0.25430243111076734 0.36906806116394847 0.68862126135180468 0.32553083261692978 0.063093109458790556 0.43841573443797016
decision_type=8 10 10 10 10 2 8 8 10 10 10 8 8 8 10
left_child=-1 7 3 -3 5 -4 -6 8 9 12 -9 -12 -2 -10 -5
right_child=1 2 4 14 6 -7 -8 10 13 -11 11 -13 -14 -15 -16
leaf_value=-9.2283451207185015e-05 2.624971775553488e-05 0.00052130071913032282 0.000354865368517054 -0.00036581594354235814 -0.00018095754303248802 2.7419447193047044e-05 0.00018303717142736318 -1.813303677183981e-06 -0.0002511874981383705 0.00041614562263654831 -0.00021161956881180752 -0.00043006650716206798 -0.00021610496303182841 0.00047929616832492544 2.5424671539898782e-05
leaf_weight=31.000399684067816 29.69720096513629 40.702126466669142 325.16019299253821 43.54503898601979 11.277242420241235 375.56013026135042 8.5952629856765288 2993.5357568764593 26.171969745308161 30.713344383984804 21.874047390650958 20.452155146747828 39.689640040975064 5.2985996697098043 18.853552022948861
leaf_count=290 202 222 686 144 24 2246 50 21598 78 148 98 74 232 62 116
internal_value=-0.000208007 -8.37059e-05 0.00144177 -0.00355883 0.00217196 0.00253969 -0.0101803 -0.000483625 -0.00479228 -0.00184641 -0.000293266 -0.00855914 -0.00558038 -0.0137672 -0.00821371
internal_weight=4022.13 3991.13 823.694 103.101 720.593 700.72 19.8725 3167.43 131.571 100.1 3035.86 42.3262 69.3868 31.4706 62.3986
internal_count=26270 25980 3488 482 3006 2932 74 22492 722 582 21770 172 434 140 260
is_linear=0
shrinkage=0.0286577


Tree=64
num_leaves=16
num_cat=0
split_feature=7 7 28 21 26 27 5 38 7 27 27 27 26 15 26
split_gain=9.34509 2.72655 3.2235 3.43241 4.05452 4.12534 3.01512 5.0516 2.93324 3.03348 2.82001 7.85171 4.65317 3.575 3.83863
threshold=0.10761531458314993 0.27499952561912661 -0.025150000000000002 0.0078254147041739164 0.53501328837989581 0.28053009207921609 0.092086982514112639 4.5000000000000009 0.87803407308138681 0.55078604765413908 0.097043757679458192 0.080133928993874379 0.55860181126265629 1.1528071935899116 0.37984187765321659
decision_type=8 10 8 10 8 10 8 2 10 8 10 8 10 10 8
left_child=-1 2 6 4 5 -4 7 -2 10 -10 11 12 -3 14 -12
right_child=1 8 3 -5 -6 -7 -8 -9 9 -11 13 -13 -14 -15 -16
leaf_value=-8.9638823584392089e-05 -0.00011712886191946403 0.00051291106738393969 0.00021408043917496499 7.4961886897240879e-07 -0.00025018860952484058 -0.00021824229385675187 -0.00013964281549656154 4.3767237076919006e-05 -0.00017577172357519403 0.00017779175468988213 -0.0001632072209753557 -0.00028705721079556429 -9.6856070309083109e-05 0.00021087248132442034 9.6142587004546857e-06
leaf_weight=31.000399684067816 27.654804334742948 101.71137443836778 44.916652143234387 1755.9686914244667 38.670835379045457 29.68045939062722 245.72836780548096 20.623550482094288 11.470475731417535 8.5952629856765288 147.29574384912848 61.201238203328103 70.669330844655633 1030.3462138380855 396.59325950406492
leaf_count=290 236 598 1616 11597 626 716 1940 300 30 50 569 269 236 5212 1985
internal_value=-0.000157981 -3.32915e-05 -0.000724172 -0.000279466 -0.00510997 -0.00104869 -0.00351527 -0.0101033 0.000778888 -0.0100152 0.000905457 -0.00201454 0.00106667 0.00134527 -0.000519327
internal_weight=4022.13 3991.13 2163.24 1869.24 113.268 74.5971 294.007 48.2784 1827.88 20.0657 1807.82 233.582 172.381 1574.24 543.889
internal_count=26270 25980 17031 14555 2958 2332 2476 536 8949 80 8869 1103 834 7766 2554
is_linear=0
shrinkage=0.0286577


Tree=65
num_leaves=16
num_cat=0
split_feature=7 5 35 21 17 5 15 5 7 31 17 21 28 28 10
split_gain=9.28425 3.15115 3.43234 3.19147 2.6045 2.5786 2.64848 2.57065 2.46444 3.46026 2.40895 2.26216 2.1865 1.96112 1.66508
threshold=0.10761531458314993 -0.080538578915526279 4.0758410330075261 0.006942291935058951 0.81749307356669232 0.027193074784645065 1.3916132287592591 -0.42231404515553822 0.26304512461406232 10.800000000000001 0.58768551553712245 0.095194993458883784 -0.029150000000000006 0.035949999999999975 0.68587580747452748
decision_type=8 8 2 8 8 8 10 10 10 10 8 10 8 8 10
left_child=-1 2 3 -2 -4 14 10 13 -8 -10 12 -12 -7 -5 -3
right_child=1 5 4 7 -6 6 8 -9 9 -11 11 -13 -14 -15 -16
leaf_value=-8.7069984796669264e-05 -0.00016690794153222634 8.2722106928505491e-05 1.3484616249751688e-05 0.00030976289093599793 -0.00030003668878738417 8.192249342920008e-07 -1.3576974197757673e-05 0.00019147075387615964 0.00018547651388253059 -0.00038013609609073465 -4.5279697359140321e-06 -0.00035224982806160768 -0.00035065537839574454 -0.00030695892766997894 -0.00084987600352035095
leaf_weight=31.000399684067816 11.629965908825396 133.92754368600436 5.8595204185694483 10.330985853448508 18.932469642721117 31.221053446643054 1012.210200143978 68.891859578900039 894.69419094314799 23.405205219984055 1626.9569479888305 82.691521611064672 48.909609812777489 18.62419438734651 2.8409917121753088
leaf_count=290 44 1548 32 84 92 207 8311 372 4717 106 9592 487 280 86 22
internal_value=-0.000185112 -6.08148e-05 -0.00437423 -0.00207359 -0.0140234 8.70185e-05 -5.25329e-05 -0.000267486 0.000680861 0.00175738 -0.000849059 -0.000614516 -0.0057133 -0.00748931 0.0039492
internal_weight=4022.13 3991.13 134.269 109.477 24.792 3856.86 3720.09 97.847 1930.31 918.099 1789.78 1709.65 80.1307 28.9552 136.769
internal_count=26270 25980 710 586 124 25270 23700 542 13134 4823 10566 10079 487 170 1570
is_linear=0
shrinkage=0.0286577


Tree=66
num_leaves=16
num_cat=0
split_feature=9 5 27 5 19 26 5 5 19 2 19 26 27 9 22
split_gain=7.99892 3.07108 3.41321 2.77576 5.02874 2.66835 2.57374 2.5343 3.40167 3.19643 3.30956 2.97986 2.78171 2.21153 1.94744
threshold=0.1063055051701805 -0.080538578915526279 0.23438155136268343 -0.11683905196564205 0.045485707712216016 0.073278726098375671 0.027193074784645065 0.18739459127400698 0.19419690320962871 0.079577020386592007 0.078445370686557048 0.26366847153172229 0.099380438662886164 0.35886862198820263 0.040949640279992684
decision_type=8 8 10 10 10 10 8 8 10 2 10 8 10 10 8
left_child=-1 2 3 4 -2 14 -3 8 11 10 -9 -8 -11 -6 -4
right_child=1 6 5 -5 13 -7 7 9 -10 12 -12 -13 -14 -15 -16
leaf_value=-8.4574762913468789e-05 0.00018965250438648378 4.1507631584337592e-05 -0.00029887523641096035 -0.00029842743667699907 -0.00024124976858432508 5.364710975105761e-05 -0.00010835926051914472 -7.7801393954779276e-05 -0.00082256054059769395 -4.7157860580830491e-05 -0.00034604991912483475 -1.6579586184568916e-06 9.5840865196978098e-05 0.00097503603583418022 0.00040916845245382247
leaf_weight=21.763804685790092 25.297946100123227 136.13652345282026 9.3663919586688245 14.028358443174509 25.858578382059935 49.9057747120969 300.22632123553194 185.25159545661882 13.246812621131538 332.5636568153277 12.476202516350893 1272.5877539566718 1611.6305074759293 6.0977374892681828 5.688694736920298
leaf_count=1146 152 1320 36 42 94 328 1706 1551 50 2238 72 7537 9932 26 40
internal_value=-0.000188613 -9.13488e-05 -0.00431729 -0.00864246 -0.00555569 0.000289789 5.53233e-05 -8.35071e-05 -0.000954059 0.00055651 -0.00290084 -0.000824405 0.000913548 -0.0131435 -0.010024
internal_weight=4022.13 4000.36 136.243 71.2826 57.2543 64.9609 3864.12 3727.98 1586.06 2141.92 197.728 1572.81 1944.19 31.9563 15.0551
internal_count=26270 25124 718 314 272 404 24406 23086 9293 13793 1623 9243 12170 120 76
is_linear=0
shrinkage=0.0286577


Tree=67
num_leaves=16
num_cat=0
split_feature=9 18 34 19 19 28 18 27 26 34 33 19 19 30 28
split_gain=7.99938 3.28652 2.78104 2.65533 4.1203 2.48244 2.57504 5.60652 3.88076 3.11233 2.32481 2.80382 1.9678 1.56138 1.28956
threshold=0.1063055051701805 -0.043188246943886503 -0.0107412940126535 0.10525330179381044 0.10168691589043431 -0.25854999999999995 -0.014137029208278694 0.097043757679458192 0.40766694223493311 -0.059857115172730672 0.0028158056782876533 0.04712236850704641 0.012227914304483336 17.885000000000002 0.037900000000000024
decision_type=8 8 10 8 10 8 8 10 10 10 8 10 8 10 10
left_child=-1 2 3 4 14 -3 7 9 -9 -7 11 -8 -12 -5 -2
right_child=1 5 -4 13 -6 6 10 8 -10 -11 12 -13 -14 -15 -16
leaf_value=-8.2151048246686723e-05 -0.0001022360167219315 -0.00033613293874524159 0.00022047790874416711 0.0011585343017906 -0.00046283103931465556 0.00027589190543526822 -0.00011428628874448108 -8.2676794000500879e-05 0.00010556208962021781 -0.00024921749247905681 -0.00013442085849430888 3.8191518603850341e-06 9.5160107804353484e-06 -0.0002784336730466653 0.00024188708619316199
leaf_weight=21.763804685790092 126.71739395195618 8.4413136488292366 194.3269042186439 69.106615474447608 12.524399548768995 18.594395690131932 160.66828182991594 286.13090088125318 279.68141776230186 112.8448534226045 56.556040508206934 196.77954590786248 2387.9462089315057 17.593035693280399 72.451547882985324
leaf_count=1146 1092 86 684 314 42 450 1294 1304 2234 440 614 1463 14417 170 520
internal_value=-0.000188126 -9.08594e-05 0.00209698 0.000322699 -0.00137164 -0.00040114 -0.000360256 -0.00191856 -0.000659449 -0.00725249 2.40923e-05 -0.00213 0.000343317 0.00456697 -0.000309136
internal_weight=4022.13 4000.36 492.72 298.393 211.693 3507.64 3499.2 697.252 565.812 131.439 2801.95 357.448 2444.5 86.6997 199.169
internal_count=26270 25124 2822 2138 1654 22302 22216 4428 3538 890 17788 2757 15031 484 1612
is_linear=0
shrinkage=0.0286577


Tree=68
num_leaves=16
num_cat=0
split_feature=8 23 10 23 10 22 24 15 27 35 17 30 30 17 17
split_gain=8.0653 3.01399 3.67563 4.52711 3.48097 3.11317 2.74591 2.65885 3.25826 7.38939 3.06886 2.48821 2.56024 2.47434 4.19273
threshold=0.053503575015483695 0.080955221351137238 0.51003370443875384 0.12697965176060574 0.59195378719951941 0.16666666666666671 11.500000000000002 1.2532750861919832 0.020076257625222447 3.6295272397346037 1.0950108863403087 15.800000000000002 29.805000000000003 1.1513058503818427 0.72369502928984553
decision_type=8 8 10 8 10 10 2 8 8 2 8 10 10 10 10
left_child=-1 4 5 13 7 -3 -7 -2 9 -9 -10 -6 -13 14 -4
right_child=1 2 3 -5 11 6 -8 8 10 -11 -12 12 -14 -15 -16
leaf_value=-7.9796791566940162e-05 -7.5864858550190174e-05 0.00052844610346317771 0.00046366068475416078 0.00053705723927560092 -0.00012562957064197357 -1.6957465943772095e-05 -0.00047763049520859109 -0.00038922416195621908 4.4660423888780579e-05 -1.1686530668066607e-06 -2.5218702224174881e-05 0.00055961124101470657 -0.00011898137193098592 -1.5313268260447678e-06 -0.00050834514565445584
leaf_weight=16.731234956532717 922.50056527648121 547.73202000162564 12.8188379406929 56.359406465198845 7.9278519023209801 27.271231371443719 11.607974767684935 40.082945188041776 1016.377892724704 95.359475242905319 1024.7709435396828 125.57660240633413 25.30019274353981 41.188919069245458 50.52056644205004
leaf_count=94 5093 4999 70 256 94 270 16 286 7336 724 6052 428 186 178 188
internal_value=-0.000210875 -0.000124863 0.00151271 -0.00228958 -0.000503725 0.00257299 -0.00514604 -0.000718553 -0.000167023 -0.00446935 0.000114056 0.00362106 0.00449631 -0.00585476 -0.00940444
internal_weight=4022.13 4005.4 747.499 160.888 3257.9 586.611 38.8792 3099.09 2176.59 135.442 2041.15 158.805 150.877 104.528 63.3394
internal_count=26270 26176 5977 692 20199 5285 286 19491 14398 1010 13388 708 614 436 258
is_linear=0
shrinkage=0.0286577


Tree=69
num_leaves=16
num_cat=0
split_feature=9 5 19 28 23 10 5 10 23 10 11 21 4 21 30
split_gain=7.84296 3.83111 2.95043 2.13675 2.26872 2.8781 2.69013 2.58225 4.30514 2.98931 2.43682 1.25833 1.15072 1.14836 0.297683
threshold=0.1063055051701805 -0.42231404515553822 0.043796438946190695 -0.25854999999999995 0.080955221351137238 0.59195378719951941 0.057279120183682593 0.51003370443875384 0.12697965176060574 0.19393427159638868 0.53503088183151115 0.043669599243614195 0.040277795418760136 0.0795358098548683 16.790000000000003
decision_type=8 8 10 8 8 10 8 10 8 8 10 10 10 8 10
left_child=13 2 11 12 5 10 -7 9 -9 -6 -5 14 -3 -1 -2
right_child=1 3 -4 4 7 6 -8 8 -10 -11 -12 -13 -14 -15 -16
leaf_value=-7.7510002370961888e-05 -0.00016400118117954919 0.0040499456499455341 -0.00015517105618482075 -5.1606041397774103e-06 -2.108314262301982e-05 -0.00063633309548129105 0.00047679081480056111 -0.0001846413800227376 0.00052166643635883074 0.0005418500458925341 -0.00016487883627490095 -0.00029186274173412317 -0.00031193217425678902 -2.1105089220345534e-06 0.00030989513978671001
leaf_weight=18.977596141397957 3.6548868399113443 2.1180110557470471 19.300304023548961 2905.7886747983284 40.568717035464942 7.1955964183434844 147.60017109522596 100.96152577828616 55.33449170878157 539.24879895383492 157.25397185236216 2.9918243885040274 7.3401730097830296 2.7862085443921378 11.005708394572137
leaf_count=74 62 58 66 17737 348 60 632 428 248 4569 800 4 36 1072 76
internal_value=-0.000162073 -6.57423e-05 -0.00922234 1.76461e-05 5.30864e-05 -0.000272651 0.00352943 0.00149017 -0.00174056 0.00237856 -0.000468295 -0.000150245 -0.0134209 -0.0172304 0.00280103
internal_weight=4022.13 4000.36 36.9527 3963.41 3953.95 3217.84 154.796 736.114 156.296 579.818 3063.04 17.6524 9.45818 21.7638 14.6606
internal_count=26270 25124 208 24916 24822 19229 692 5593 676 4917 18537 142 94 1146 138
is_linear=0
shrinkage=0.0286577


Tree=70
num_leaves=16
num_cat=0
split_feature=7 7 7 28 27 26 33 27 16 26 27 23 33 28 11
split_gain=6.85584 2.48377 3.18136 3.45435 3.03348 2.43062 2.99625 2.68366 2.42958 4.21072 4.8804 2.12356 2.0681 1.90922 1.53142
threshold=0.11443925819472606 0.87803407308138681 0.40063236351255488 0.32485000000000003 0.55078604765413908 0.36135272194151025 -0.089167262209483608 0.16530079874417108 1.2392217209407812 0.32961264300872678 0.52070000259404348 0.1734197160519905 0.098519204481973391 -0.25854999999999995 0.49074376609823811
decision_type=8 10 10 8 8 8 8 10 10 8 10 10 8 8 10
left_child=-1 2 8 5 -3 7 -7 -4 11 12 -11 13 -10 -2 -5
right_child=1 4 3 14 -6 6 -8 -9 9 10 -12 -13 -14 -15 -16
leaf_value=-7.5288747198647412e-05 -0.00030299292855578812 -0.00015097057878062504 0.00048925523465486419 -0.00037464255329664451 0.00014226068548816795 -0.00010371456116267429 0.00047984543964417188 -0.00029245129224568696 0.00041858824477698905 -0.00023275302079209129 0.00015695611171433579 -0.0006920902729741792 -0.00013014060573712083 -6.077700340668928e-07 8.2569446901863797e-05
leaf_weight=36.464247615076602 6.7747933643404394 11.470475731417535 38.827258978039026 12.29731517378241 8.5952629856765288 57.06636506319046 457.00141873490065 82.633377209305763 37.596335981041193 91.844367976300418 28.226426924113184 13.623201683163641 12.529957821127025 3121.2006595670246 5.975195229984819
leaf_count=386 64 30 154 58 50 412 1676 318 160 1007 400 132 980 20385 58
internal_value=-0.000129621 -1.35984e-05 3.50752e-05 0.00186381 -0.0100152 0.00223132 0.00309852 -0.00135613 -0.000323045 -0.00365786 -0.00659393 -0.000138958 0.00317542 -8.61634e-05 -0.0102493
internal_weight=4022.13 3985.66 3965.6 653.801 20.0657 635.528 514.068 121.461 3311.8 170.197 120.071 3141.6 50.1263 3127.98 18.2725
internal_count=26270 25884 25804 2676 80 2560 2088 472 23128 2547 1407 20581 1140 20449 116
is_linear=0
shrinkage=0.0286577


Tree=71
num_leaves=16
num_cat=0
split_feature=9 2 24 22 9 21 21 38 12 12 21 33 26 28 33
split_gain=7.22994 2.56166 2.39957 2.96809 3.72236 5.98203 2.63533 2.5207 2.82098 2.42141 2.86922 2.28942 2.14966 1.40695 1.32147
threshold=0.078271078143882664 0.036377961114197228 11.500000000000002 0.16666666666666671 0.27503839307401184 0.084249490682215475 0.043257584035863418 11.500000000000002 0.057473456151221784 0.088471451620907429 0.060691086749524302 0.015112417901464227 0.77376867429012164 -0.020800000000000009 -0.036593799855293201
decision_type=8 2 2 10 10 10 10 2 10 10 10 8 10 8 10
left_child=-1 14 6 4 5 -4 7 11 -9 13 -11 -3 -6 -8 -2
right_child=1 2 3 -5 12 -7 9 8 -10 10 -12 -13 -14 -15 -16
leaf_value=-7.3131147998331501e-05 -0.00033122447374300389 -0.00010423041029620715 3.5875200757540144e-06 -0.00047945345989013516 3.4454461931549319e-05 -0.00017959653586097115 0.00058474086585337071 -0.00030213197821764195 0.0012351693217307104 0.00013818382735642328 -0.00014664411550200431 -2.2040839698855894e-05 0.00051257064565568165 7.4112807745777191e-05 -0.00029430986070464588
leaf_weight=18.688522997777909 5.0870600086636832 350.2295277910307 650.59010522998869 21.462048649787903 499.07178599573672 29.055511713027954 142.57940344512463 26.876125667244196 8.6782579571008664 102.54082133620977 218.56256502494216 1228.098547822563 89.246609691530466 623.25470464956015 8.10506205819547
leaf_count=670 40 3269 960 30 737 42 1152 178 40 548 1114 12512 124 4819 35
internal_value=-0.000106968 -2.09581e-05 1.85909e-05 0.00103796 0.00122452 -0.000206564 -0.000464439 -0.00120112 -0.00875985 0.000620254 -0.00145226 -0.0010233 0.00289412 0.0015024 -0.012521
internal_weight=4022.13 4003.44 3990.25 1289.43 1267.96 679.646 2700.82 1613.88 35.5544 1086.94 321.103 1578.33 588.318 765.834 13.1921
internal_count=26270 25600 25525 1893 1863 1002 23632 15999 218 7633 1662 15781 861 5971 75
is_linear=0
shrinkage=0.0286577


Tree=72
num_leaves=16
num_cat=0
split_feature=1 5 35 27 5 5 8 35 27 17 17 18 17 18 13
split_gain=6.81714 3.60662 3.53634 4.47471 2.65154 2.33105 3.47859 4.38334 2.66227 2.24596 3.60955 2.86645 2.18141 1.93713 1.8626
threshold=0.022678571428571433 -0.080538578915526279 4.0758410330075261 0.022494625188563804 0.027193074784645065 0.18739459127400698 0.24686204726469138 4.4668269132719827 0.097043757679458192 0.81951034274551404 0.81749307356669232 0.0042055930560064301 0.87143222978408097 0.088845920757076327 2.2689909887135662
decision_type=2 8 2 10 8 8 10 2 10 8 8 8 8 10 10
left_child=-1 2 3 -2 13 9 7 -7 -8 10 -6 -11 -4 -3 -5
right_child=1 4 12 14 5 6 8 -9 -10 11 -12 -13 -14 -15 -16
leaf_value=-9.4963092614086178e-05 -0.00013324101062847307 7.3097751292170628e-05 -7.2144125057267024e-05 0.00018106115426333081 -0.00014244163853020201 -5.8609882810099533e-05 -2.1448916058392724e-05 6.2393570210840361e-05 0.00019025190406936156 -3.0509732148573805e-05 -0.00010499335456108407 1.4774656507485464e-05 -0.00028237360776186432 -0.00078382427256247478 -0.00016307340161949701
leaf_weight=20.572245467919856 11.323745637200771 133.55901254969649 7.9279713910073069 58.510423575062305 364.60836180252954 503.34612044692039 167.9665663074702 363.49678165814839 1104.4063179828227 590.32676711073145 10.593618556857107 621.08221403579228 18.932469642721117 3.1719662286341181 42.302077644970268
leaf_count=104 42 1556 52 302 2313 4145 851 3152 5873 3515 24 3977 92 24 248
internal_value=-0.000123387 -3.58292e-05 -0.00456925 -0.00221332 0.000124993 -1.63e-05 0.000598271 -0.000794096 0.00155466 -0.000851161 -0.00279041 -0.0002419 -0.0139352 0.00404141 -0.000177011
internal_weight=4022.13 4001.55 138.997 112.136 3862.56 3725.83 2139.22 866.843 1272.37 1586.61 375.202 1211.41 26.8604 136.731 100.813
internal_count=26270 26166 736 592 25430 23850 14021 7297 6724 9829 2337 7492 144 1580 550
is_linear=0
shrinkage=0.0286577


Tree=73
num_leaves=16
num_cat=0
split_feature=1 5 27 5 21 23 38 7 27 23 10 21 26 23 18
split_gain=6.77221 4.02691 3.43996 2.65576 2.62186 4.9261 2.44445 2.30018 3.2496 2.80327 4.09395 2.66007 2.26456 2.08928 1.92927
threshold=0.022678571428571433 -0.080538578915526279 0.29955893117873728 0.027193074784645065 0.019243981626304477 0.02028199640559181 10.500000000000002 0.87803407308138681 0.55078604765413908 0.080955221351137238 0.59195378719951941 0.10671201705918312 0.13486449611769311 0.078539133918982609 0.088845920757076327
decision_type=2 8 10 8 10 8 2 10 8 8 10 10 10 10 10
left_child=-1 2 4 14 5 -2 13 9 -9 10 -5 -11 -4 -6 -3
right_child=1 3 12 7 6 -7 -8 8 -10 11 -12 -13 -14 -15 -16
leaf_value=-9.224167274315811e-05 -0.00015397893338536003 7.100294090414882e-05 -0.00014499740524968484 -1.9081711137785803e-05 -0.00027225799049174009 0.00017625378007225055 2.1323691071990817e-05 -0.00013835959470798824 0.00013380039537294841 0.00043657329884940415 0.00036986862138383255 -0.00010199204180472754 0.0003637994056845556 7.0460005862756374e-07 -0.00076136170429570737
leaf_weight=20.572245467919856 9.4979452341794985 133.55901254969649 10.951646247878669 2858.2597932810895 42.504189264029264 21.188535256776959 8.999336786568163 11.470475731417535 8.1881388537585753 600.79585110256448 148.1745553673245 98.937933565117419 39.191711836960167 6.6633232645690432 3.1719662286341181
leaf_count=104 80 1556 76 17785 136 96 62 30 46 4817 634 538 260 26 24
internal_value=-0.000175848 -8.85598e-05 -0.004878 8.14938e-05 -0.00827021 -0.00111469 -0.0118555 -5.994e-05 -0.00978022 -5.09281e-06 -0.000388026 0.00162556 0.000945605 -0.0143758 0.0040018
internal_weight=4022.13 4001.55 138.997 3862.56 88.8533 30.6865 58.1668 3725.83 19.6586 3706.17 3006.43 699.734 50.1434 49.1675 136.731
internal_count=26270 26166 736 25430 400 176 224 23850 76 23774 18419 5355 336 162 1580
is_linear=0
shrinkage=0.0286577


Tree=74
num_leaves=16
num_cat=0
split_feature=7 5 19 7 11 7 7 23 18 35 35 17 23 34 28
split_gain=6.48886 3.07489 2.76539 2.48355 2.98467 2.8616 3.4981 2.94644 2.10047 1.44757 1.22559 1.3883 0.610218 0.361456 0.244363
threshold=0.10761531458314993 -0.42231404515553822 0.043796438946190695 0.87803407308138681 0.99058015393222754 0.64771592690324187 0.61813298174703235 0.080955221351137238 -0.0048056086195332184 2.4046902140198423 4.156771477430067 0.61913729211666724 0.035592903757192713 -0.037401278518013385 -0.032349999999999983
decision_type=8 8 10 10 10 10 10 8 8 2 2 10 10 10 10
left_child=10 2 9 5 -5 6 7 -3 -8 -2 11 -1 14 -11 -7
right_child=1 3 -4 4 -6 12 8 -9 -10 13 -12 -13 -14 -15 -16
leaf_value=1.2692686433900392e-05 -0.00026445571399729003 -7.4144432715530639e-06 -0.00013393933174986076 -0.00013439453270329925 0.00012996598934548553 -0.0001845649723978951 -0.00015533016226899039 0.00023031630705182258 -9.6977649682582123e-05 -0.00014956625770806144 -6.5670530318142549e-05 -7.9982389681681841e-05 0.00062832789971103487 0.00029028610418984306 0.00046125588994860238
leaf_weight=6.1086826212704199 3.2395425010472563 3152.585502283182 17.578278867527843 13.948499875143172 6.1172388419508925 5.87503716442734 12.54543970339 680.42424938618205 9.572716614231469 2.6290643606334934 18.225589322857559 6.6661277399398386 71.740838113240898 11.510458439588543 3.3593942038714868
leaf_count=28 12 19571 58 42 38 52 44 5711 42 64 182 80 260 58 28
internal_value=-0.00019611 -9.17752e-05 -0.00852648 -1.42386e-05 -0.0100152 3.47965e-05 -7.47954e-05 -6.28344e-06 -0.0113803 0 -0.0132105 -0.00512734 0.00536039 0.00362755 -0.00064488
internal_weight=4022.13 3991.13 34.9573 3956.17 20.0657 3936.1 3855.13 3833.01 22.1182 17.3791 31.0004 12.7748 80.9753 14.1395 9.23443
internal_count=26270 25980 192 25788 80 25708 25368 25282 86 134 290 108 340 122 80
is_linear=0
shrinkage=0.0286577


Tree=75
num_leaves=16
num_cat=0
split_feature=8 34 31 23 17 19 19 33 19 12 8 25 33 19 30
split_gain=4.73978 3.13931 2.26439 2.20903 3.60386 2.26238 2.63946 2.18093 3.09927 2.57253 5.00283 2.50037 2.60051 2.62411 2.1492
threshold=0.1270865623652285 -0.010953178603129885 0.65000000000000047 0.080955221351137238 1.1295877226834168 0.19419690320962871 0.20582539965316085 0.0028158056782876533 0.06929029943525665 0.055505733825050786 0.34651767741424555 1.1118382566959497 0.080064103031707204 0.078445370686557048 20.815000000000001
decision_type=8 10 8 8 10 10 10 8 10 10 10 10 10 10 8
left_child=1 2 -1 7 14 -6 -7 8 9 10 -2 -9 13 -13 -5
right_child=3 -3 -4 4 5 6 -8 11 -10 -11 -12 12 -14 -15 -16
leaf_value=-0.00018540183703410974 -9.7475229366362286e-05 -6.378856669182665e-05 4.7560016413830582e-06 -9.0312523269113707e-05 0.00059249434301921454 -0.00039537774744798185 1.6224997348658785e-05 1.3472762938523566e-06 0.00031050366782947993 -8.3901894411792698e-05 -0.00037725832975226656 1.3895168226399607e-05 0.00025148762382445157 -0.00032235114668469381 0.0004658790305355057
leaf_weight=5.8785870997235197 80.772005466744304 14.989639537408946 17.451818122062832 273.81922079389915 281.45488199405372 7.7881646109744933 11.801403281278906 2699.6002959921025 79.29741829354316 237.78262552060187 19.782456858083606 22.941935253795236 35.647767890244722 61.414999831002206 171.70343949296512
leaf_count=60 1071 48 748 2143 1546 38 96 15232 646 1809 66 162 332 251 2022
internal_value=-0.000154703 -0.0101566 -0.0030101 -5.54177e-05 0.00134663 0.00376982 -0.00537549 -0.000381903 -0.00231504 -0.00352277 -0.00739398 -9.18751e-05 -0.00413716 -0.00690286 -0.000269517
internal_weight=4022.13 38.32 23.3304 3983.81 746.567 301.044 19.5896 3237.24 417.635 338.337 100.554 2819.6 120.005 84.3569 445.523
internal_count=26270 856 808 25414 5845 1680 134 19569 3592 2946 1137 15977 745 413 4165
is_linear=0
shrinkage=0.0286577


Tree=76
num_leaves=16
num_cat=0
split_feature=9 5 20 7 27 7 7 15 5 35 21 33 32 20 21
split_gain=7.20187 3.84395 2.8519 2.50033 3.03348 2.8581 3.51883 1.86831 1.66525 1.36692 0.659319 0.403257 0.331761 0.215859 0.119073
threshold=0.078271078143882664 -0.42231404515553822 0.044119181592399422 0.87803407308138681 0.55078604765413908 0.64771592690324187 0.61813298174703235 1.2597299191105256 0.17051249577845332 2.4046902140198423 0.0018640013510407881 -0.1165622366236828 0.56662269129287612 0.021781512680155549 0.036707408372747365
decision_type=8 8 10 10 8 10 10 10 10 2 10 8 10 8 10
left_child=10 2 9 5 -5 6 7 -3 -8 -2 -1 14 13 -11 -7
right_child=1 3 -4 4 -6 11 8 -9 -10 12 -12 -13 -14 -15 -16
leaf_value=1.6462985153394337e-05 -0.00025691564226137053 -3.4668175367511719e-05 -0.00013013955391499637 -0.00012795495464799946 0.00011289046629267869 8.5978494237627342e-05 0.0034606868626962895 1.0604365893630011e-05 -0.00047828678180548295 9.5856930260848413e-05 -6.1960535736278266e-05 0.00054437010140738853 0.00029292807825899355 -0.00017264360786458673 -0.000460286763316864
leaf_weight=1.5569266560487474 3.2684049904346493 1436.6763146345038 19.47556135058403 11.470475731417535 8.5952629856765288 8.579765319824217 6.4197610244154957 2406.6499342434108 15.698395293205975 2.1376335993409152 17.131596341729164 69.072441264986992 10.553870465606449 1.5172532405704258 3.3230628967285165
leaf_count=608 16 8815 66 30 50 62 26 16071 60 38 62 254 64 24 24
internal_value=-0.000154813 -6.89559e-05 -0.00924083 1.45113e-05 -0.0100152 6.86092e-05 -4.06108e-05 2.27339e-05 -0.0113803 -0.000222645 -0.0177971 0.00539033 0.00310194 -0.00252847 0
internal_weight=4022.13 4003.44 36.9527 3966.49 20.0657 3946.42 3865.44 3843.33 22.1182 17.4772 18.6885 80.9753 14.2088 3.65489 11.9028
internal_count=26270 25600 208 25392 80 25312 24972 24886 86 142 670 340 126 62 86
is_linear=0
shrinkage=0.0286577


Tree=77
num_leaves=16
num_cat=0
split_feature=9 5 27 7 27 27 7 26 17 5 1 25 27 2 14
split_gain=7.23272 3.87397 2.78299 1.94049 2.98731 10.0303 4.18279 3.65384 2.94969 4.54153 1.82873 1.75729 2.46685 2.1249 2.04352
threshold=0.078271078143882664 -0.42231404515553822 0.29955893117873728 0.27499952561912661 0.097043757679458192 0.080133928993874379 0.3106108210794169 0.68862126135180468 0.83404194103065266 0.20957213791665538 0.12201851851851854 0.33653361770565698 0.28053009207921609 0.036377961114197228 1.2747369159322399
decision_type=8 8 10 10 10 8 10 10 10 8 2 10 8 2 10
left_child=-1 2 -2 11 5 7 -7 -5 9 -6 -10 12 -3 -13 -14
right_child=1 3 -4 4 8 6 -8 -9 10 -11 -12 13 14 -15 -16
leaf_value=-6.0184891867440691e-05 -0.00024955304154191348 -5.6124583099328309e-06 0.00027121147162951457 0.00047654015778046915 -0.00015834804147311921 0.00072800021621611611 -0.00031583343437957713 -0.00037834229917747543 9.2430711133949556e-06 0.00045630348713502912 0.00025721398777468882 -0.00032044154628605402 -8.9550465359974549e-05 5.7110363671544339e-07 -7.9383385008075546e-05
leaf_weight=18.688522997777909 27.010671591386199 265.55345860705711 9.9420520551502687 134.5923071121797 276.38074449310079 10.470933400560169 50.730304802767932 37.428943809121847 486.14149769069627 168.0033420836553 649.56686000712216 9.456590714864431 90.481157160829753 1640.6914438032545 146.98782970895991
leaf_count=670 124 2743 84 696 1411 82 187 128 2503 1044 2834 45 828 11654 1237
internal_value=-0.000118172 -3.21438e-05 -0.00924083 5.16663e-05 0.000744608 -0.00226685 -0.0122225 0.00122889 0.00119566 -0.000767412 0.00197255 -0.000527296 -0.00201044 -6.89317e-05 -0.00413213
internal_weight=4022.13 4003.44 36.9527 3966.49 1813.31 233.222 61.2012 172.021 1580.09 444.384 1135.71 2153.17 503.022 1650.15 237.469
internal_count=26270 25600 208 25392 8885 1093 269 824 7792 2455 5337 16507 4808 11699 2065
is_linear=0
shrinkage=0.0286577


Tree=78
num_leaves=16
num_cat=0
split_feature=9 7 27 10 38 27 8 16 19 19 24 10 36 17 21
split_gain=7.21402 2.46428 3.03348 2.36998 3.70042 2.54141 2.47548 1.77217 1.69173 4.38086 4.36236 1.74962 4.0722 1.90574 1.29602
threshold=0.078271078143882664 0.87803407308138681 0.55078604765413908 0.59195378719951941 3.5000000000000004 0.52070000259404348 0.49665117146016063 1.0346588097449441 0.012227914304483336 0.010137662645666847 10.500000000000002 0.50219536572702739 1.0000000180025095e-35 0.70333722516142594 0.011477971207163205
decision_type=8 10 8 10 2 10 10 10 8 10 2 10 2 8 10
left_child=-1 3 -3 8 -5 6 -6 -7 9 14 -11 13 -13 -10 -2
right_child=1 2 -4 4 5 7 -8 -9 11 10 -12 12 -14 -15 -16
leaf_value=-5.8460133794077196e-05 0.00018175774984628993 -0.00011975018117967328 0.00010228413926717799 0.00049794500725477151 0.0018269277086945404 0.0010047008502659651 -0.0006296412116417637 -0.00010634951124821699 -5.7450559152678525e-05 3.2369657054347299e-05 -0.00018048554879864092 1.5376080295178343e-05 -0.00036140337770610559 4.8955266029824732e-06 -0.00012091594575439169
leaf_weight=18.688522997777909 40.72100643441081 11.470475731417535 8.5952629856765288 142.60192978195846 13.31905953818932 32.725159097462893 22.960775956511497 44.095487270038575 364.483258780092 11.238756429404019 26.922980591654778 98.976247789338231 85.823987209238112 3095.4447322424967 4.0590172028169027
leaf_count=670 860 30 50 302 102 174 110 358 2338 226 52 466 399 20077 56
internal_value=-0.000140371 -5.44459e-05 -0.0100152 -1.19722e-06 0.00266394 -0.00113329 -0.00741216 0.00171605 -0.000186838 -0.00423083 -0.0113696 -9.18183e-05 -0.00280786 5.05492e-05 0.00165864
internal_weight=4022.13 4003.44 20.0657 3983.37 255.702 113.1 36.2798 76.8206 3727.67 82.9418 38.1617 3644.73 184.8 3459.93 44.78
internal_count=26270 25600 80 25520 1046 744 212 532 24474 1194 278 23280 865 22415 916
is_linear=0
shrinkage=0.0286577


Tree=79
num_leaves=16
num_cat=0
split_feature=1 5 28 7 11 5 5 8 5 7 7 21 24 19 0
split_gain=6.67626 2.48665 3.91305 2.53149 2.98467 2.36178 3.91437 2.29714 2.27756 2.35267 3.12118 2.24512 1.66603 1.3998 1.25672
threshold=0.022678571428571433 -0.080538578915526279 0.067550000000000013 0.87803407308138681 0.99058015393222754 -0.11683905196564205 -0.20057629005035929 0.32520195969544302 0.027193074784645065 0.64771592690324187 0.61813298174703235 0.053603851911236379 10.500000000000002 0.20582539965316085 0.30730000000000007
decision_type=2 8 8 10 10 8 10 8 8 10 10 8 2 8 2
left_child=-1 2 11 8 -5 6 7 -4 12 10 -10 14 -3 -13 -2
right_child=1 3 5 4 -6 -7 -8 -9 9 -11 -12 13 -14 -15 -16
leaf_value=-7.7227363762441174e-05 -9.0909763598966725e-05 -2.9598551771739939e-06 -0.00024254173004816874 -0.00011631842139133148 9.9352915341966699e-05 -0.00027228033658911239 0.00047887528564835672 7.5874118973332148e-05 -3.0299505968076829e-06 0.00039714073869563101 -0.00017014068946455546 -6.8208099826388565e-05 8.0444190418610883e-05 0.0015082206222675023 5.2135011047615278e-05
leaf_weight=20.572245467919856 13.721923213452099 46.416509351460263 27.299660865217447 13.948499875143172 6.1172388419508925 13.720396442338822 20.555264438502491 7.6293594399467102 3608.8688095151447 76.026796959340572 21.27252684161067 8.5512176882475579 89.907345294952393 3.054344456642867 44.464521346613765
leaf_count=104 72 1418 94 42 38 36 68 62 23378 320 76 96 158 32 276
internal_value=-0.000146527 -5.9848e-05 -0.0038239 7.32459e-05 -0.0100152 -0.00865434 -0.00571797 -0.0116025 0.000129114 -2.12244e-06 -0.000109445 0.000836375 0.00376387 -0.0103514 0.00327013
internal_weight=4022.13 4001.55 138.997 3862.56 20.0657 69.2047 55.4843 34.929 3842.49 3706.17 3630.14 69.792 136.324 11.6056 58.1864
internal_count=26270 26166 736 25430 80 260 224 156 25350 23774 23454 476 1576 128 348
is_linear=0
shrinkage=0.0286577


Tree=80
num_leaves=16
num_cat=0
split_feature=9 28 23 28 21 11 11 25 19 31 19 19 23 4 0
split_gain=7.22081 2.10815 1.93797 2.29196 1.65757 3.06019 2.51227 1.58111 2.50046 1.75255 1.69923 4.39348 1.74144 1.15768 1.12364
threshold=0.078271078143882664 -0.25854999999999995 0.080955221351137238 0.32485000000000003 0.09274547675246024 0.65390030352342021 0.28653222228086195 1.1118382566959497 0.078445370686557048 0.5099999999999999 0.012227914304483336 0.010137662645666847 0.0072276373018791982 0.040277795418760136 0.26362500000000005
decision_type=8 8 8 10 8 8 8 10 10 8 10 10 10 10 2
left_child=-1 13 7 4 6 -6 -4 10 14 -10 11 -3 -12 -2 -9
right_child=1 2 3 -5 5 -7 -8 8 9 -11 12 -13 -14 -15 -16
leaf_value=-5.4571647836828172e-05 0.0039113842808414902 4.2522664310952531e-05 -2.6877209261961875e-05 -0.00030683585073850513 7.6224849135257636e-06 -0.00043667556451377392 0.00054543109418798334 -2.7745483182113917e-05 -9.1334392439747382e-06 -0.00031348704345919966 -0.00023559105199512004 -0.00017522642430163626 -2.7005221458073325e-07 -0.00032096336315019092 3.1922998814145491e-05
leaf_weight=18.688522997777909 2.1328022985253483 44.656050346326083 118.67139497864991 4.6309492234140626 157.25457404786721 24.87776949070394 436.60624553915113 3.5267120054922989 33.310456080362201 61.944539903197438 7.0077661219984284 38.162865580990911 3022.6049133720808 7.3401730097830296 40.710925042163581
leaf_count=670 64 900 928 20 1346 1404 2101 82 176 312 126 278 17485 36 342
internal_value=-0.000132313 -4.63506e-05 -1.14436e-05 0.00130723 0.00144859 -0.000884074 0.00223168 -0.000315478 -0.00330191 -0.00594073 -0.0001782 -0.00422426 -6.39981e-05 -0.0133895 0.00215761
internal_weight=4022.13 4003.44 3993.97 742.041 737.41 182.132 555.278 3251.92 139.493 95.255 3112.43 82.8189 3029.61 9.47298 44.2376
internal_count=26270 25600 25500 5799 5779 2750 3029 19701 912 488 18789 1178 17611 100 424
is_linear=0
shrinkage=0.0286577


Tree=81
num_leaves=16
num_cat=0
split_feature=9 7 27 19 19 2 14 7 7 31 7 26 27 6 16
split_gain=7.20741 2.46018 3.03348 2.21844 3.67585 2.44612 1.98704 1.83486 1.56406 1.75079 1.38431 1.35618 1.17093 1.0377 1.33612
threshold=0.078271078143882664 0.87803407308138681 0.55078604765413908 0.012227914304483336 0.010137662645666847 0.12474248046681212 1.0277037801446225 0.64771592690324187 0.32496889981314814 -5.3950000000000005 0.1770779519646343 0.33410642662596651 0.099380438662886164 0.85709135247539592 1.4301660471620283
decision_type=8 10 8 8 10 2 8 10 10 10 8 10 10 8 10
left_child=-1 3 -3 4 13 11 8 12 9 -5 -7 -6 -8 -2 -15
right_child=1 2 -4 6 5 10 7 -9 -10 -11 -12 -13 -14 14 -16
leaf_value=-5.3007752193539019e-05 -0.00033229202347865889 -0.00012861578579332692 8.0874915440232311e-05 0.00027890038997955278 -0.00018431219668671036 -0.0001344813791730971 -2.6106971379568505e-05 0.00038445133070337046 7.4300456665590017e-05 -0.00020246897845320106 3.6550428782778923e-05 0.00026065524336511462 5.2361149674472151e-06 0.0001899883379410009 -0.00011858254658288401
leaf_weight=18.688522997777909 3.8179985280148685 11.470475731417535 8.5952629856765288 16.4393060952425 23.544243850745264 2.8451061397790882 627.00055919145234 78.891401852481067 36.635083753615618 64.483206193894148 8.6354315094649792 3.1669465703889719 3076.9238820741884 36.990165392868221 3.9990671714767805
leaf_count=670 44 30 50 103 106 6 4528 320 250 440 84 86 18671 454 428
internal_value=-0.000148229 -6.23406e-05 -0.0100152 -9.13166e-06 -0.00464097 -0.011163 8.71477e-05 0.000203761 -0.00357387 -0.00581436 0 -0.0158834 0.000108756 0.00072561 0.00228833
internal_weight=4022.13 4003.44 20.0657 3983.37 82.999 38.1917 3900.37 3782.82 117.558 80.9225 11.4805 26.7112 3703.92 44.8072 40.9892
internal_count=26270 25600 80 25520 1208 282 24312 23519 793 543 90 192 23199 926 882
is_linear=0
shrinkage=0.0286577


Tree=82
num_leaves=16
num_cat=0
split_feature=7 7 27 19 19 21 28 10 12 31 21 35 30 33 31
split_gain=5.72996 2.45988 3.03348 2.19928 3.69945 2.54615 2.21185 2.40805 2.43341 2.42545 1.9338 1.65571 1.81101 1.13457 0.80549
threshold=0.10761531458314993 0.87803407308138681 0.55078604765413908 0.012227914304483336 0.010137662645666847 0.0086140229893980434 -0.25854999999999995 0.59195378719951941 0.096394767211923346 1.1549999999999996 0.010367129410649814 4.156771477430067 18.845000000000002 0.053915689814487917 0.83500000000000096
decision_type=8 10 8 8 10 10 8 10 10 8 10 2 10 10 8
left_child=11 3 -3 4 10 13 -5 8 -8 -9 -2 12 -1 -6 -12
right_child=1 2 -4 6 5 -7 7 9 -10 -11 14 -13 -14 -15 -16
leaf_value=4.0793062148213187e-06 0.00018454371704793048 -0.00012492995853625349 7.8557229738555532e-05 -0.00030596301789695949 -0.00016492288931146867 4.5186910288110549e-06 4.0277393635203003e-06 -0.0001248916640147465 -7.535252103982849e-05 0.00037343385578779789 -0.00032276931217311341 -5.1488674137404502e-05 -8.2052438401543373e-05 -0.0003126814864918849 -3.0346917096760561e-07
leaf_weight=8.40443007880822 35.280863417778164 11.470475731417535 8.5952629856765288 9.2379787063691765 21.77281932299957 10.062165046110747 3096.7961768186651 62.902115070261061 531.06328928563744 187.73726490559056 5.0212614201009256 18.225589322857559 4.3703802824020377 6.3468078030273309 4.8397798407822847
leaf_count=88 978 30 50 64 70 170 20752 292 2722 724 52 182 20 42 34
internal_value=-0.00016119 -6.30014e-05 -0.0100152 -9.63079e-06 -0.00461213 -0.0111677 8.67177e-05 0.000123025 -6.2057e-05 0.00283927 0.000741729 -0.0123904 -0.00339159 -0.0155795 -0.0100561
internal_weight=4022.13 3991.13 20.0657 3971.06 83.3237 38.1818 3887.74 3878.5 3627.86 250.639 45.1419 31.0004 12.7748 28.1196 9.86104
internal_count=26270 25980 80 25900 1346 282 24554 24490 23474 1016 1064 290 108 112 86
is_linear=0
shrinkage=0.0286577


Tree=83
num_leaves=16
num_cat=0
split_feature=1 7 11 17 7 7 15 7 16 18 21 21 28 28 24
split_gain=4.06785 2.44369 2.98467 2.13479 1.80763 2.23424 1.90902 2.26598 1.82986 1.52534 0.665886 0.96491 0.556057 0.386402 0.218755
threshold=0.022678571428571433 0.87803407308138681 0.99058015393222754 0.49885065422136549 0.64771592690324187 0.61813298174703235 1.1089568542404613 0.27499952561912661 0.88461171880911371 -0.0048056086195332184 0.038118323620129228 0.032022891057374707 -0.02399999999999999 -0.036150000000000009 9.5000000000000018
decision_type=2 10 10 10 10 10 8 10 10 8 8 8 8 10 2
left_child=3 4 -3 -1 5 6 8 -8 -2 -7 11 13 -11 -6 -12
right_child=1 2 -4 -5 10 9 7 -9 -10 12 14 -13 -14 -15 -16
leaf_value=2.3035832554073664e-07 -0.00015467893796021815 -0.00012134975845771953 7.6305963482049347e-05 -8.3084635367116253e-05 -5.291386363316812e-05 -0.00017610891131486007 -1.6970558603685126e-05 6.3094290231737463e-05 -5.6844586203451953e-06 -0.00044582087136867755 0.00070221553534673034 -2.8541299715731979e-05 0.0033805662360545199 0.00070120331160023971 0.00053307795444930862
leaf_weight=4.5792993726208833 214.00810235179961 13.948499875143172 6.1172388419508925 15.992946095298974 8.7465532422065788 12.54543970339 1919.4533772992436 1280.696560121607 463.68387318449095 4.5119963139295578 12.79084982909262 3.5834801644086829 5.61405739746988 11.533112021163104 44.321274224668741
leaf_count=18 1347 42 38 86 66 44 15537 6422 2350 22 118 16 24 58 82
internal_value=-0.000162401 -9.41811e-05 -0.0100152 -0.0128061 -4.11074e-05 -0.000131678 -7.63775e-05 0.000213543 -0.00145971 -0.00906029 0.00418705 0 0 0.00261915 0.0058621
internal_weight=4022.13 4001.55 20.0657 20.5722 3981.49 3900.51 3877.84 3200.15 677.692 22.6715 80.9753 23.8631 10.1261 20.2797 57.1121
internal_count=26270 26166 80 104 26086 25746 25656 21959 3697 90 340 140 46 124 200
is_linear=0
shrinkage=0.0286577


Tree=84
num_leaves=16
num_cat=0
split_feature=5 27 7 27 34 26 5 18 18 5 34 16 2 16 5
split_gain=3.66009 4.30383 2.50129 3.03348 1.80294 2.49126 2.21426 1.87832 1.7895 1.76628 2.26826 2.07527 1.85432 2.11806 3.71823
threshold=-0.080538578915526279 0.020076257625222447 0.87803407308138681 0.55078604765413908 -0.012963863455996203 0.70418100131039807 -0.29262645193488462 0.0014269637869018805 -0.023002760701275101 0.027193074784645065 -0.018101012228465326 0.95471034901650043 0.19853124167378691 0.83551835910834626 0.70178237465081028
decision_type=8 10 10 8 10 8 8 8 10 8 8 10 2 8 10
left_child=1 -1 9 -4 7 -6 -7 8 -3 10 11 -2 13 14 -11
right_child=2 4 3 -5 5 6 -8 -9 -10 12 -12 -13 -14 -15 -16
leaf_value=-6.5490564813968882e-05 8.3178688209670142e-05 0.00026489402599046309 -0.00011787215853012224 7.4119213244941344e-05 4.2803649746977443e-05 -0.00023091317909052549 0.00045195688585022211 -0.00011592122849207231 -0.00012618050251425407 -8.1048128722388475e-05 8.29512922173879e-05 -0.00055860285462685155 2.9220806005824523e-05 -6.5543137879948434e-07 -0.00020790605204532061
leaf_weight=14.436650495044885 20.458491300232712 3.427700909785929 11.470475731417535 8.5952629856765288 50.432964041829109 11.669416546821592 12.581152290105821 32.889823745936155 19.867768008261919 504.33228992018849 105.60962783941068 10.354775317013262 756.36395313334651 2444.6076134780888 15.028694295324383
leaf_count=62 484 80 30 50 146 24 32 296 120 3938 942 160 3538 16315 53
internal_value=-0.0001492 -0.00461116 1.57317e-05 -0.0100152 -0.00286639 0 -0.00745184 -0.00673347 -0.0130013 7.10936e-05 0.00327193 -0.00335582 -4.37985e-05 -0.000369592 -0.00203134
internal_weight=4022.13 145.305 3876.82 20.0657 130.869 74.6835 24.2506 56.1853 23.2955 3856.76 136.423 30.8133 3720.33 2963.97 519.361
internal_count=26270 760 25510 80 698 202 56 496 200 25430 1586 644 23844 20306 3991
is_linear=0
shrinkage=0.0286577


Tree=85
num_leaves=16
num_cat=0
split_feature=9 4 14 27 33 16 16 17 16 4 17 15 34 38 9
split_gain=4.07657 1.75185 1.63142 1.76091 4.21936 2.79638 2.98625 2.92147 2.61745 2.42361 2.27685 2.14058 2.01617 1.76661 1.62843
threshold=0.067593871579430129 1.0000000180025095e-35 1.0135721611660646 0.099380438662886164 0.095388614581651168 1.0161533622537962 1.0391382831477347 2.3900713715338187 0.84878177814553168 0.029367837901808243 0.61913729211666724 1.2440443618301849 -0.010953178603129885 3.5000000000000004 0.32325573145897674
decision_type=8 8 8 10 8 8 8 10 10 8 10 10 8 2 10
left_child=1 -1 14 4 10 8 9 -8 11 -7 -4 -5 -10 -12 -2
right_child=2 -3 3 5 -6 6 7 -9 12 -11 13 -13 -14 -15 -16
leaf_value=2.5464063840836396e-06 -0.00010945889006818124 -4.5755311964399278e-05 0.00038957709722524213 -0.00015344119972539254 0.00010756692377058956 -0.00023828834258320973 1.7000824983433727e-07 -0.0003156537958682354 3.6021020483234493e-05 0.00012268494699363395 -9.3979092161639339e-05 3.4179748994485952e-05 6.981397461921906e-05 -5.5767040788490508e-05 -4.0408716692634659e-05
leaf_weight=3.6943817143328515 46.614745252765715 13.455819703638552 22.901919955387712 173.93625038582832 209.26840801746584 134.75571322161704 1523.742683166638 13.143147631548343 693.33786689303815 22.779641615226865 225.97455809637904 344.21792958583683 352.07060987316072 180.17965318076313 62.053331744857132
leaf_count=348 297 130 86 1091 2712 668 9090 116 5073 133 460 2834 1120 1656 456
internal_value=-0.00012937 -0.0139815 -6.67688e-05 2.73879e-05 -0.00134588 0.000299579 -0.000502797 -0.000110693 0.00117542 -0.00425927 -0.00298181 -0.000474434 0.00200261 -0.00349347 -0.00352713
internal_weight=4022.13 17.1502 4004.98 3896.31 638.325 3257.98 1694.42 1536.89 1563.56 157.535 429.056 518.154 1045.41 406.154 108.668
internal_count=26270 478 25792 25039 4914 20125 10007 9206 10118 801 2202 3925 6193 2116 753
is_linear=0
shrinkage=0.0286577


Tree=86
num_leaves=16
num_cat=0
split_feature=9 28 26 10 28 28 21 21 13 23 25 11 26 16 21
split_gain=4.05365 2.16783 3.32563 3.57772 3.36932 2.92076 4.31247 4.06205 3.20402 2.76709 5.6358 2.36611 2.25069 4.39686 3.74726
threshold=0.067593871579430129 0.029099999999999935 0.40766694223493311 0.4423050992793876 0.062250000000000007 0.018000000000000019 0.017312896343669872 0.0038737758256755586 2.2411049732506925 0.056940560798270375 0.52051209981310353 0.28896766080457498 0.31751151965790964 0.9122931790208052 0.0078254147041739164
decision_type=8 10 8 8 10 10 8 10 10 10 10 10 8 8 10
left_child=-1 5 3 4 -3 12 7 -7 -9 -8 -11 -6 13 -2 -14
right_child=1 2 -4 -5 11 6 9 8 -10 10 -12 -13 14 -15 -16
leaf_value=-4.4444071863084809e-05 -7.5588643650700509e-05 0.00013670488995144015 0.00024404435936866851 -0.00020834868290860176 -0.00044544529475393772 0.00074908555925467981 2.8425559784641055e-05 -0.00019785722738670431 2.5652791614668704e-05 -0.00037468795760161298 -2.6364546418468429e-05 3.1051350109159693e-05 -0.00012625708936047313 5.3756023705476972e-05 -1.4410440518691043e-05
leaf_weight=17.150201417971402 257.48780361842364 140.68655142514035 700.5823585758917 45.290140865836293 27.153446523472667 14.318503005430101 150.34034125972539 62.063181349076331 12.357032599858938 26.981081047095358 104.03328201361001 24.398378308862448 67.598015294643119 539.93349423957989 1831.7528484938666
leaf_count=478 1980 734 4182 260 174 58 1166 339 70 82 564 130 1440 3376 11237
internal_value=-0.000166794 -0.000104353 0.0010978 -0.00180893 -4.60481e-05 -0.000475376 -0.00286329 -0.00838 -0.0111078 -0.00108257 -0.00414411 -0.00634731 -0.000143762 0.00112906 -0.000683456
internal_weight=4022.13 4004.98 938.111 237.529 192.238 3066.87 370.093 88.7387 74.4202 281.355 131.014 51.5518 2696.77 797.421 1899.35
internal_count=26270 25792 5480 1298 1038 20312 2279 467 409 1812 646 304 18033 5356 12677
is_linear=0
shrinkage=0.0286577


Tree=87
num_leaves=16
num_cat=0
split_feature=9 19 19 24 28 4 17 12 22 10 28 10 8 8 33
split_gain=4.04028 2.16425 4.05954 4.12273 2.16027 1.76223 1.72352 1.94894 2.01211 1.66092 4.78038 3.38999 1.5456 1.3164 1.55397
threshold=0.067593871579430129 0.012227914304483336 0.010137662645666847 10.500000000000002 -0.25854999999999995 1.0000000180025095e-35 0.70333722516142594 0.023130117801021404 0.031033084785196469 0.59195378719951941 -0.056350000000000004 0.50219536572702739 0.75813581785282258 0.20441404677128081 0.07786802078285017
decision_type=8 8 10 2 8 8 8 10 10 10 10 10 10 10 10
left_child=5 2 13 -4 -3 -1 7 8 -6 11 -11 -8 -9 -2 -15
right_child=1 4 3 -5 6 -7 9 12 -10 10 -12 -13 -14 14 -16
leaf_value=3.7470953701028044e-06 0.00018016834328469917 -0.00028355269350250896 3.3434685014155133e-05 -0.00014337380939666999 -0.0003276779695267394 -4.3170408832704387e-05 5.6208287776229886e-06 -4.2050677000081706e-05 -1.6588039860791596e-05 -0.0001140861210296249 0.00025153726660545042 -0.000202377897520921 0.00095628478555546774 7.2584550107346953e-06 -0.00029865080796575883
leaf_weight=3.6943817143328515 22.630831711925566 9.2929320728871971 11.268747478723524 26.922980591654778 10.759547121822836 13.455819703638552 3092.1459618015215 375.61062371358275 8.4387177061289531 26.200226558372378 215.76264787325636 158.82616542186588 23.832775861024857 17.965164201799784 5.3191365059465161
leaf_count=348 546 70 230 52 82 130 20169 2399 90 162 741 735 84 318 114
internal_value=-0.000173062 -0.000110719 -0.00465322 -0.0115473 -1.04721e-05 -0.0139652 2.01741e-05 -0.00171409 -0.0106484 0.000230981 0.00252142 5.72807e-05 -0.00125391 0.000894403 -0.00361262
internal_weight=4022.13 4004.98 84.1069 38.1917 3920.87 17.1502 3911.58 418.642 19.1983 3492.94 241.963 3250.97 399.443 45.9151 23.2843
internal_count=26270 25792 1260 282 24532 478 24462 2655 172 21807 903 20904 2483 978 432
is_linear=0
shrinkage=0.0286577


Tree=88
num_leaves=16
num_cat=0
split_feature=9 5 20 26 31 35 5 5 10 17 9 10 10 5 16
split_gain=4.00861 2.35585 3.01545 3.62054 3.73337 2.6677 2.41701 2.3242 3.84406 3.39877 2.30143 3.15942 2.64528 2.2675 1.85261
threshold=0.067593871579430129 -0.058258593749862135 0.054497360322440104 0.13486449611769311 2.3999999999999999 2.4993845846405938 0.027193074784645065 0.19625110238978935 0.24132841562642657 0.81951034274551404 0.28628342329442169 0.41766616082093683 0.14743269472400564 0.06019097228615939 1.09123030172227
decision_type=8 8 10 10 8 2 8 8 10 10 10 10 10 10 8
left_child=-1 2 3 4 -2 -4 -3 8 13 -10 11 -9 -12 -8 -7
right_child=1 6 5 -5 -6 14 7 10 9 -11 12 -13 -14 -15 -16
leaf_value=-4.1933246002394629e-05 0.00011051138372062954 6.4540257842678444e-05 0.00057910252142252372 0.00012732395352473328 -0.00022404873042618202 -0.00022599623337198153 -4.8659842934500855e-05 -3.4179617576088272e-06 -0.00016601567349953014 -7.6906454745342746e-06 -0.00036654680747672436 -0.00023567241519546403 0.00027741423536854841 1.6490032545574925e-05 5.3055541922897873e-06
leaf_weight=17.150201417971402 12.674485277384518 122.79590689647011 6.8250503828749052 62.321867739781737 35.204712461214513 27.05143966153264 51.219391066581011 1105.00840120879 276.20899970596656 814.2199849835597 14.510764837265013 24.900133995339274 848.38094777334481 597.45560065819882 6.1987719722092143
leaf_count=478 60 1398 58 470 116 96 418 8148 1521 3957 44 256 4507 4705 38
internal_value=-0.00022502 -0.000162899 -0.00368073 -0.00112325 -0.00709875 -0.01042 -2.29624e-05 -0.000155807 -0.000923349 -0.00196505 0.000509056 -0.000334722 0.00162527 0.0008125 -0.0138366
internal_weight=4022.13 4004.98 150.276 110.201 47.8792 40.0753 3854.7 3731.9 1739.1 1090.43 1992.8 1129.91 862.892 648.675 33.2502
internal_count=26270 25792 838 646 176 192 24954 23556 10601 5478 12955 8404 4551 5123 134
is_linear=0
shrinkage=0.0286577


Tree=89
num_leaves=16
num_cat=0
split_feature=11 7 11 38 23 38 12 31 31 6 22 17 25 38 22
split_gain=2.87888 2.4202 2.98467 2.35811 2.22054 3.18552 4.63782 1.95134 2.4143 1.89138 1.98173 1.844 1.51962 2.79051 1.62023
threshold=0.078234241699130153 0.87803407308138681 0.99058015393222754 1.5000000000000002 0.080955221351137238 6.5000000000000009 0.11191908913459148 10.800000000000001 11.07 2.1180450454708106 0.16666666666666671 0.96410994853496612 1.1118382566959497 1.5000000000000002 0.035236475383476205
decision_type=8 10 10 2 8 2 10 10 10 10 10 10 10 2 10
left_child=3 4 -3 -1 7 9 -7 12 -9 10 -6 -8 14 -14 -2
right_child=1 2 -4 -5 5 6 11 8 -10 -11 -12 -13 13 -15 -16
leaf_value=4.8414210314130011e-06 -4.9139825249986563e-05 -0.0001060590594783335 6.5415154416964671e-05 -4.0731537361889544e-05 0.0007436360412961927 0.00010430320680388442 -0.00028042631171437639 -0.00035521201485032685 -9.7469973073767001e-05 -0.00043729840985841145 -0.0001947730258553052 -0.00066529283220648227 -0.00028732279757488267 -4.6709176435614365e-05 5.1535094325023238e-06
leaf_weight=5.1466674804687527 860.6815891074948 13.948499875143172 6.1172388419508925 17.11457877419889 387.5511876011733 254.79755023214966 17.231090890243649 15.888495445251463 59.262906044721603 8.1324580963700992 43.989462240133435 18.386555776000023 13.468572324141858 124.14514119550586 2176.2646661135368
leaf_count=8 6444 42 38 372 3409 1974 108 20 434 38 240 78 56 868 12141
internal_value=-0.000199726 -0.000139705 -0.0100152 -0.0104301 -8.68382e-05 0.00133788 -0.000965275 -0.000410053 -0.00497558 0.0028815 0.00315933 -0.0106261 -0.000298486 -0.00324523 -0.000161447
internal_weight=4022.13 3999.87 20.0657 22.2612 3979.8 730.088 290.415 3249.71 75.1514 439.673 431.541 35.6176 3174.56 137.614 3036.95
internal_count=26270 25890 80 380 25810 5847 2160 19963 454 3687 3649 186 19509 924 18585
is_linear=0
shrinkage=0.0286577


Tree=90
num_leaves=16
num_cat=0
split_feature=9 7 27 5 28 5 5 5 28 5 18 20 27 28 24
split_gain=4.01482 2.41353 3.03348 2.20821 3.47715 2.52288 3.66748 2.51478 2.08333 1.96163 1.89906 1.75313 2.06588 1.62617 1.47019
threshold=0.067593871579430129 0.87803407308138681 0.55078604765413908 -0.080538578915526279 0.067550000000000013 -0.11683905196564205 -0.20057629005035929 0.027193074784645065 -0.25854999999999995 0.19625110238978935 0.088845920757076327 0.053688422557657746 0.22869685278425914 -0.014450000000000017 9.5000000000000018
decision_type=8 10 8 8 8 10 10 8 8 8 10 10 10 8 2
left_child=13 3 -3 4 11 6 -6 10 -9 -10 14 -2 -13 -1 -5
right_child=1 2 -4 7 5 -7 -8 8 9 -11 -12 12 -14 -15 -16
leaf_value=4.7026772412127406e-06 4.6983020569415062e-05 -0.00010301965517913666 6.3540509265994208e-05 -3.5604338062053123e-05 -0.00021621978611253623 -0.00025285083160875814 0.0004745989047258749 -0.00027084483120740982 -1.7007350587015251e-05 1.2375551257473132e-05 -0.00071510866834832406 5.0058219195058659e-06 -8.3745247451029657e-05 -3.9564266877128045e-05 7.2034246234096178e-05
leaf_weight=3.2663813405670226 48.787500942125916 11.470475731417535 8.5952629856765288 33.117792807752267 31.687246327288445 13.720396442338822 20.555264438502494 9.368989072041586 1720.0486072700005 1982.828013301827 3.1719662286341181 10.639563273638489 11.066373809240757 13.883820077404382 99.919005990028381
leaf_count=176 378 30 50 1288 154 36 68 76 10531 12873 24 30 64 302 190
internal_value=-0.000214805 -0.00015264 -0.0100152 -9.99066e-05 -0.00367991 -0.00840825 -0.00522611 2.46561e-05 -0.000113171 -7.58985e-05 0.00384784 0.000616711 -0.00594711 -0.0139652 0.00444098
internal_weight=4022.13 4004.98 20.0657 3984.91 136.456 65.9629 52.2425 3848.45 3712.25 3702.88 136.209 70.4934 21.7059 17.1502 133.037
internal_count=26270 25792 80 25712 730 258 222 24982 23480 23404 1502 472 94 478 1478
is_linear=0
shrinkage=0.0286577


Tree=91
num_leaves=16
num_cat=0
split_feature=11 18 7 27 19 19 35 20 7 7 18 18 35 16 19
split_gain=2.89394 3.15956 2.43347 3.03348 2.13023 3.92758 2.47428 2.02039 1.98757 3.7621 1.8838 1.87457 1.28204 1.1567 0.485987
threshold=0.078234241699130153 0.0014269637869018805 0.87803407308138681 0.55078604765413908 0.012227914304483336 0.010137662645666847 3.5818508426462419 0.010594300476962361 0.64771592690324187 0.61813298174703235 -0.043188246943886503 -0.0033518326197652932 3.1430740881779458 1.4301660471620283 0.031657393715424136
decision_type=8 8 10 8 8 10 2 10 10 10 8 8 2 10 10
left_child=1 -1 4 -4 5 12 -7 -8 9 10 -6 -11 -2 -14 -10
right_child=2 -3 3 -5 8 6 7 -9 14 11 -12 -13 13 -15 -16
leaf_value=-3.8430447631206119e-05 -0.00026672716884140421 4.5679095231603542e-06 -0.00010006735309015571 6.1719587055424709e-05 0.00010630457325185436 3.3628054018338519e-05 -0.00013725437765191466 -0.00029727573510555016 -9.3772073040646959e-05 -0.00017621567626981277 -7.67844589077841e-06 -0.00017663086277518031 0.00022693218601377906 -9.6623491267851309e-05 0.00036987025370170402
leaf_weight=14.266221324447541 8.9904342149384302 7.9950249302201 11.470475731417535 8.5952629856765288 443.27681088354439 6.4344343026168636 23.368339861743156 8.4043235043063742 6.5467743277549735 12.556503063067792 3348.6540497096721 10.114990351721646 33.860713289119303 3.1746893865056327 74.417612171731889
leaf_count=180 338 200 30 50 2560 90 100 98 48 48 21516 42 360 322 288
internal_value=-0.000174141 -0.0104301 -0.000113978 -0.0100152 -6.09814e-05 -0.0045645 -0.0113478 -0.0146809 3.41049e-05 -5.77525e-05 9.5621e-06 -0.0116385 0.000879562 0.00343477 0.00447247
internal_weight=4022.13 22.2612 3999.87 20.0657 3979.8 84.2329 38.2071 31.7727 3895.57 3814.6 3791.93 22.6715 46.0258 37.0354 80.9644
internal_count=26270 380 25890 80 25810 1308 288 198 24502 24166 24076 90 1020 682 336
is_linear=0
shrinkage=0.0286577


Tree=92
num_leaves=16
num_cat=0
split_feature=5 27 35 15 5 20 35 21 27 27 5 27 5 33 20
split_gain=3.51879 4.34579 2.84817 2.55558 2.45653 2.1559 2.27783 1.84307 1.82216 5.33462 3.65712 3.71891 4.59478 3.16103 4.54166
threshold=-0.080538578915526279 0.020076257625222447 4.0758410330075261 1.3916132287592591 0.027193074784645065 0.054497360322440104 2.9351857384131477 0.006942291935058951 0.097043757679458192 0.092778841183921323 0.12190294814515536 0.7562347648934199 0.1135597153121591 0.045197035179549989 0.032941554765696136
decision_type=8 10 2 8 8 10 2 8 10 8 8 10 10 8 10
left_child=1 -1 5 -4 -2 7 -7 -3 9 13 11 12 -10 14 -6
right_child=4 2 3 -5 8 6 -8 -9 10 -11 -12 -13 -14 -15 -16
leaf_value=-3.9960938390079288e-05 4.1581213151002213e-05 -0.00024866961937955093 7.2431048130529662e-07 -0.00023857278213982726 0.00025413504227193569 0.00026950371803998249 -0.00024096589441962587 0.00014207032204352081 9.4147518521619297e-07 -0.00031266625566299427 1.0690463517997679e-05 -0.00011596321519444797 -0.00016834804103394249 2.9986087133157447e-05 -6.2389716533171896e-05
leaf_weight=14.436650495044885 136.8300185885746 6.6730066444724789 10.672825342509897 18.75588999921456 53.278945778496563 7.0110903894528773 12.775426186621187 74.980586980469525 446.65234789485112 26.317342934198678 2561.5478238335345 67.681063251104206 78.17436953401193 305.19214196852408 201.14713021740317
leaf_count=62 1590 32 64 74 225 66 40 422 2499 217 16016 466 426 3316 755
internal_value=-0.000168659 -0.00454344 -0.00279122 -0.0106183 -1.86309e-06 -0.00040377 -0.00891022 0.00155514 -0.000142512 -0.00161104 0.000127241 -0.00189729 -0.00105845 -0.000996025 -0.00336218
internal_weight=4022.13 145.305 130.869 29.4287 3876.82 101.44 19.7865 81.6536 3739.99 585.936 3154.06 592.508 524.827 559.618 254.426
internal_count=26270 760 698 138 25510 560 106 454 23920 4513 19407 3391 2925 4296 980
is_linear=0
shrinkage=0.0286577


Tree=93
num_leaves=16
num_cat=0
split_feature=5 27 5 34 35 34 18 5 8 35 35 18 5 8 35
split_gain=3.38819 4.41087 2.42987 2.10733 2.80204 2.23267 1.88202 1.76977 2.60672 3.84819 2.89783 2.90627 2.54752 3.52553 2.36984
threshold=-0.080538578915526279 0.020076257625222447 0.027193074784645065 -0.013252614868770605 4.0758410330075261 -0.018101012228465326 0.088845920757076327 0.19625110238978935 0.24686204726469138 4.4668269132719827 4.7449756047338711 0.022450624465167327 0.195337275801758 0.30588869906403343 4.895822797151264
decision_type=8 10 8 10 2 10 10 8 10 2 2 10 10 8 2
left_child=1 -1 6 4 5 -3 -2 12 9 -9 -10 -12 14 -14 -4
right_child=2 3 7 -5 -6 -7 -8 8 10 -11 11 -13 13 -15 -16
leaf_value=-3.8815751467433053e-05 4.8343752117407879e-05 0.00012137335824263633 -4.5202496317235335e-05 7.0355343893983674e-07 -0.00023854773526538761 -0.00023406037612575079 -0.00069558690231919581 -5.1588779949129277e-05 0.00022311692419619658 3.1678019858510348e-05 0.00013185396425932473 -0.00026316936992135239 -0.00050074176893970279 6.5658637471662602e-05 7.3600681958911007e-06
leaf_weight=14.436650495044885 133.65805235994048 28.225311169400808 1046.4939178843051 76.276735827326775 16.697928779758513 9.6688497662544268 3.1719662286341181 488.45143561135046 904.7397198243998 349.36498239682987 159.65055254753679 95.244520948268473 14.597093701828273 10.215922927483915 671.23301957012154
leaf_count=62 1566 348 7151 206 108 36 24 3957 5012 2880 748 460 64 38 3610
internal_value=-0.000146003 -0.004439 1.25862e-05 -0.00267528 -0.00696959 -0.00231564 0.00376258 -0.00012217 0.000456914 -0.000753348 0.00133987 -0.00133441 -0.000791652 -0.00989457 -0.00065306
internal_weight=4022.13 145.305 3876.82 130.869 54.5921 37.8942 136.83 3739.99 1997.45 837.816 1159.63 254.895 1742.54 24.813 1717.73
internal_count=26270 760 25510 698 492 384 1590 23920 13057 6837 6220 1208 10863 102 10761
is_linear=0
shrinkage=0.0286577


Tree=94
num_leaves=16
num_cat=0
split_feature=9 22 31 35 27 33 35 27 16 12 8 30 23 8 9
split_gain=4.38463 1.77839 3.23659 3.48768 2.32834 5.51402 4.12057 3.97706 3.78141 2.77112 2.83319 3.044 2.06443 1.95462 1.93401
threshold=0.078271078143882664 0.031813161737030589 -0.69999999999999918 6.2823130115037147 0.099380438662886164 0.045718126314978187 3.2369120137316441 0.058397169254237415 0.83973521157170194 0.096394767211923346 0.29327482600878113 16.345000000000002 0.027173679127038195 0.42668915605905128 0.39576530835994322
decision_type=8 8 8 2 10 8 2 10 10 8 10 10 10 10 8
left_child=-1 2 3 12 5 6 8 -8 -3 10 11 -6 -2 -12 -11
right_child=1 4 -4 -5 9 -7 7 -9 -10 14 13 -13 -14 -15 -16
leaf_value=-3.5071565520314514e-05 -9.014170052703066e-05 0.00047421116028281755 -8.0024099551091381e-06 -7.8568856318790478e-05 4.1558699365323951e-05 2.4343736026545583e-05 3.2520030979727003e-05 -0.00013428341590172312 -0.00044374677153763393 -0.00013654850627666467 0.00025708475639973243 -4.162587551168856e-05 -0.00034185733687733353 -7.8920857346154926e-06 3.4384689773898293e-06
leaf_weight=18.688522997777909 70.841797489672899 10.128760267049072 634.35036425665021 13.924321454018353 367.42949130805209 288.12494227592833 119.05620298907161 85.246435036882758 39.526115457527339 295.16833871370181 668.3492916058749 660.26856828294694 14.057784505188463 182.46762457489967 554.49809882324189
leaf_count=670 522 71 4924 54 3340 2934 417 327 156 1528 3148 4217 74 608 3280
internal_value=-0.000135965 -6.84205e-05 -0.0013457 -0.00617403 0.000214969 -0.0014951 -0.00457993 -0.00271029 -0.0120251 0.000558502 0.00117485 0.000151737 -0.00382009 0.0023986 -0.00079242
internal_weight=4022.13 4003.44 733.174 98.8239 3270.26 542.082 253.958 204.303 49.6549 2728.18 1878.51 1027.7 84.8996 850.817 849.666
internal_count=26270 25600 5574 650 20026 3905 971 744 227 16121 11313 7557 596 3756 4808
is_linear=0
shrinkage=0.0286577


Tree=95
num_leaves=16
num_cat=0
split_feature=18 22 22 18 12 8 8 9 4 15 18 38 22 4 20
split_gain=2.09807 2.81555 2.48844 2.54568 2.14254 3.40911 2.08118 1.86212 2.01541 1.83887 2.08729 2.75586 2.44021 2.78421 2.29178
threshold=-0.052341601768367489 0.067472918107750898 0.052917820056463789 -0.062470245958657349 0.12101869483736939 0.33825763030213279 0.22155663517586371 0.087867999364439106 0.037631386950465383 1.4025505895219106 -0.050401396914427403 10.500000000000002 0.035236475383476205 0.38181678644056022 0.032941554765696136
decision_type=8 8 10 10 10 10 10 8 8 8 8 2 8 8 8
left_child=1 2 6 4 5 -4 -1 8 -2 -9 11 -11 13 -12 -14
right_child=7 -3 3 -5 -6 -7 -8 9 -10 10 12 -13 14 -15 -16
leaf_value=-0.00024207637377074898 9.9755420649980057e-07 0.00045018031402077195 0.00024350712198448443 0.00041421216405978042 0.0011353253224004611 -0.0001814125069938175 0.00024205657758027895 -3.5141881539166305e-05 -3.4066496575272779e-05 0.00049273454753882959 -8.4437672847308131e-06 -0.00030728899274758131 0.00013831642661134961 -0.00012125293003227569 9.3225408820105176e-06
leaf_weight=6.4161935788579276 8.603742125444116 218.21559897856787 11.853794330265371 16.77230572886765 11.089422183111308 23.764512751251459 82.8157107392326 1450.4322474058717 10.667985982261596 11.502646788023412 439.58613775996491 10.143392516300082 264.42869648244232 66.85137703595683 1388.9828956520651
leaf_count=78 632 1038 130 112 38 72 534 8202 218 104 3153 36 1211 554 10158
internal_value=-0.000195487 0.00185254 -0.00108035 -0.00544896 -0.00894088 -0.0123798 0.00192223 -0.000406377 -0.00925885 -0.000356081 0.000165744 -0.0086289 0.0002594 -0.00147379 0.000796423
internal_weight=4022.13 370.928 152.712 63.48 46.7077 35.6183 89.2319 3651.2 19.2717 3631.93 2181.5 21.646 2159.85 506.438 1653.41
internal_count=26270 2002 964 352 240 202 612 24268 850 23418 15216 140 15076 3707 11369
is_linear=0
shrinkage=0.0286577


Tree=96
num_leaves=16
num_cat=0
split_feature=19 19 24 34 23 17 12 12 38 16 12 35 12 14 23
split_gain=2.18335 3.44267 4.69668 2.25292 1.72276 1.53456 2.05973 2.30361 2.2586 5.36709 1.66216 1.56493 2.2158 2.18959 2.08068
threshold=0.012227914304483336 0.010137662645666847 10.500000000000002 -0.012963863455996203 0.0072276373018791982 0.70333722516142594 0.023130117801021404 0.016116115788986876 1.5000000000000002 0.90110964872022903 0.050687904232477418 1.5820661875034507 0.066012706416258587 1.8695523636567739 0.12697965176060574
decision_type=8 10 2 8 8 8 10 10 2 10 10 2 10 10 8
left_child=1 3 -3 -1 -2 6 7 -6 9 -8 -10 12 -7 -14 -13
right_child=4 2 -4 -5 5 11 8 -9 10 -11 -12 14 13 -15 -16
leaf_value=-9.3135359863121908e-05 -0.00021019079663086459 3.4307711644913654e-05 -0.00013167762966803816 0.00016170175531630848 8.496826194515581e-06 0.0032935148451267338 0.0011234361140354825 -0.00030918874787294376 9.2403005773116973e-05 -0.00027518239572416541 -5.7292549525790452e-05 5.1968141719184281e-07 1.3618132043495477e-06 -6.2881793831373367e-05 0.0004638462955351227
leaf_weight=19.543532666750252 7.1504189465194932 11.284117077011613 26.922980591654778 28.834262853953987 9.2451261356472987 7.3164411513134864 10.156706396490337 14.678532170131801 104.80206280713901 15.680399209260939 269.38690688973293 3296.1765695004724 5.7992565538734224 12.54118889570236 182.60815819283016
leaf_count=414 132 236 52 692 68 68 26 110 858 28 1589 19488 56 42 2411
internal_value=-0.000207467 -0.00470554 -0.0111144 0.000179679 -0.000105708 -7.7168e-05 -0.00170667 -0.00989162 -0.0011869 -0.00936982 -0.000589907 0.000117219 -0.00689361 -0.0123433 0.000172238
internal_weight=4022.13 86.5849 38.2071 48.3778 3935.54 3928.39 423.95 23.9237 400.026 25.8371 374.189 3504.44 25.6569 18.3404 3478.78
internal_count=26270 1394 288 1106 24876 24744 2679 178 2501 54 2447 22065 166 98 21899
is_linear=0
shrinkage=0.0286577


Tree=97
num_leaves=16
num_cat=0
split_feature=5 28 28 7 27 33 9 18 33 28 9 5 26 26 27
split_gain=2.78533 3.63073 2.53251 3.29369 2.88102 3.3393 3.03352 2.83166 3.95253 2.56984 3.40974 3.56537 2.23695 2.13928 2.45248
threshold=-0.42231404515553822 0.013850000000000003 0.029099999999999935 0.87803407308138681 0.099380438662886164 0.049802016742040885 0.19379311346245001 0.0029679584455646339 0.02057792929895386 0.018000000000000019 0.3984332609683004 0.17384969527801178 0.26083331009432714 0.4022776029012271 0.41522970187727565
decision_type=8 8 10 10 10 8 10 10 8 10 10 10 10 8 10
left_child=1 -1 3 9 7 6 -6 -4 -9 -2 11 -11 -8 14 -7
right_child=2 -3 4 -5 5 13 12 8 -10 10 -12 -13 -14 -15 -16
leaf_value=7.2265851347889087e-06 -3.7320557354861747e-06 -0.00020416722057735486 9.2146489536565387e-07 -9.503758712545011e-05 -0.00024714202187354627 -0.00030509903073728834 -0.00018990368967652767 -0.00046236677603901064 8.6693311533308595e-06 -0.00017442618450872778 0.00023838354241072522 -1.2628385898913563e-05 0.00050277684326261612 0.00010900094969815492 3.0012865540882432e-05
leaf_weight=16.959576429799199 2664.7384321775753 24.322707496583462 66.423125053290278 17.091415651142597 17.296949855983257 60.073755573714152 31.436580283567309 29.153739100322127 24.138078364543617 137.05362434056588 58.194404048845172 174.54402867122553 437.6667461162433 248.30978469271213 14.723712182370944
leaf_count=88 18271 128 594 52 174 446 110 74 230 915 178 1192 1784 1886 148
internal_value=-0.000163358 -0.00755095 -8.38157e-05 -0.000485023 0.00122286 0.00184412 0.0033459 -0.00289061 -0.00781719 -0.000410475 -0.00264943 -0.0038541 0.00379624 -0.000386616 -0.00464863
internal_weight=4022.13 41.2823 3980.84 3051.62 929.222 809.508 486.4 119.715 53.2918 3034.53 369.792 311.598 469.103 323.107 74.7975
internal_count=26270 216 26054 20608 5446 4548 2068 898 304 20556 2285 2107 1894 2480 594
is_linear=0
shrinkage=0.0286577


Tree=98
num_leaves=16
num_cat=0
split_feature=7 27 18 9 12 18 22 22 23 10 12 38 33 10 8
split_gain=2.40308 3.03348 1.98779 1.96562 2.98011 5.19557 3.09003 3.10643 2.88148 2.54835 1.69456 2.5762 1.56637 3.11509 1.07582
threshold=0.87803407308138681 0.55078604765413908 -0.077481691713767939 0.52865148286302588 0.096394767211923346 -0.064127083426426465 0.16666666666666671 0.17513662552764803 0.080955221351137238 0.15454363842935212 0.16914106100564161 2.5000000000000004 0.1019136518949182 0.43112904277264769 0.34866331410889545
decision_type=10 8 8 10 10 10 10 10 10 10 10 2 10 10 10
left_child=2 -2 12 4 6 -6 8 -8 -4 -7 -5 -12 14 -14 -1
right_child=1 -3 3 10 5 9 7 -9 -10 -11 11 -13 13 -15 -16
leaf_value=-1.0951602511159836e-06 -9.2314032416260984e-05 5.1279233838025103e-05 -5.9884295021099252e-06 0.00048347817761619098 -0.00023700526919857959 -0.00022741621442226137 -0.00041026064643386371 -5.5505841522137004e-06 0.0003917626931192318 -4.9907104211588206e-05 -0.0002861475248568174 4.2590665467937358e-05 0.0004871095538664359 -0.00081781981327535191 0.00085112569775535002
leaf_weight=31.239845824893564 11.470475731417535 8.5952629856765288 2683.4518432931509 93.898404227569699 17.301942175254226 14.145476868376134 13.066916777752338 26.662493790034205 441.15069907112047 505.39664427982643 6.4747564531862727 55.603024926036596 11.440799579024317 10.701657387427984 91.526416667737067
leaf_count=254 30 50 18573 353 68 82 44 208 3154 2694 18 352 54 62 274
internal_value=-0.000172853 -0.0100152 -0.000120447 -0.000246716 -0.00038197 -0.00235611 -4.37557e-05 -0.00796425 5.43449e-05 -0.00181613 0.00289487 -0.000636859 0.00316705 -0.0035762 0.00446862
internal_weight=4022.13 20.0657 4002.06 3857.15 3701.18 536.844 3164.33 39.7294 3124.6 519.542 155.976 62.0778 144.909 22.1425 122.766
internal_count=26270 80 26190 25546 24823 2844 21979 252 21727 2776 723 370 644 116 528
is_linear=0
shrinkage=0.0286577


Tree=99
num_leaves=16
num_cat=0
split_feature=19 19 24 21 21 37 19 38 35 18 24 35 21 19 19
split_gain=2.51476 3.51694 4.15547 1.93071 1.33879 2.18112 3.64495 4.15821 4.48356 2.66627 1.55189 3.98992 4.31112 7.56976 3.68987
threshold=0.012227914304483336 0.010137662645666847 10.500000000000002 0.010367129410649814 0.11534161788403084 1.0000000180025095e-35 0.20582539965316085 2.5000000000000004 4.6067688624954419 0.11022345869651219 11.500000000000002 5.3471551474976584 0.052771970017056587 0.10525330179381044 0.073298910751334975
decision_type=8 10 2 10 8 2 8 2 2 10 2 2 10 10 10
left_child=1 3 -3 -1 10 6 7 -6 -9 -8 -2 12 14 -14 -12
right_child=4 2 -4 -5 5 -7 9 8 -10 -11 11 -13 13 -15 -16
leaf_value=0.00015734632799169594 -1.0288526048600642e-05 3.3603099308963244e-05 -0.00012762549078941358 -9.0187752187414523e-05 -0.00065586411318191862 0.00010539104758255326 0.0010155001684847705 0.00042383361275624725 -0.00063798308157545251 -0.00017568664073867431 1.7743606492337952e-05 0.00018314805909261711 -0.00017872823402502162 0.00041271238094960468 -2.4377510606424032e-05
leaf_weight=37.894945504609495 2531.5664000725374 11.284117077011613 26.922980591654778 10.482850016094742 21.192547503858805 87.880906519247219 27.167072245385501 28.200480525847524 11.501100044697521 4.1791824102401725 599.50303087197244 249.58643805980682 195.03249356523156 102.73430562019348 76.997809410095215
leaf_count=1010 19417 236 52 96 42 1886 832 620 282 6 888 364 290 141 108
internal_value=-0.000220459 -0.00504761 -0.0115192 0 -0.000111441 -0.00252337 -0.00560711 -0.00971252 -0.00388192 0.00206552 1.73897e-06 0.000842139 3.40761e-06 -0.00285839 0.0012783
internal_weight=4022.13 86.5849 38.2071 48.3778 3935.54 180.121 92.2404 60.8941 39.7016 31.3463 3755.42 1223.85 974.268 297.767 676.501
internal_count=26270 1394 288 1106 24876 3668 1782 944 902 838 21208 1791 1427 431 996
is_linear=0
shrinkage=0.0286577


Tree=100
num_leaves=16
num_cat=0
split_feature=9 16 20 20 30 23 27 30 10 23 21 30 27 20 1
split_gain=1.99457 1.45739 1.34307 3.01575 3.34972 3.1988 3.09393 2.45896 1.88605 1.65573 1.40325 2.07276 4.12836 2.6256 2.24168
threshold=0.087867999364439106 1.0319273964964195 0.013705166385084596 0.0085078152552220693 16.345000000000002 0.021724360376201405 0.46272539380124522 16.095000000000002 0.13607358412203596 0.016775836028840922 0.11534161788403084 17.775000000000002 0.14905163803672275 0.059080752946713812 0.14860389610389615
decision_type=8 10 8 10 10 10 8 8 10 10 8 8 10 10 2
left_child=1 -1 3 7 5 6 -5 -2 9 -6 -4 14 13 -13 -12
right_child=2 -3 10 4 8 -7 -8 -9 -10 -11 11 12 -14 -15 -16
leaf_value=-2.678770950447021e-05 -0.00022914462786110431 6.2508888531236692e-06 1.985386759853622e-06 -0.00016337500554882036 0.00033068616262803686 0.00028773844399300306 0.00067994845899883958 5.2022500224190944e-05 6.1841690300347326e-05 -0.00029902874964309625 -0.00039162662490811783 0.0001715683663486871 -0.0001102056743080949 -0.00016013560199801117 0.0019908355861515789
leaf_weight=14.190765216946604 9.3061263593845052 5.1069795354269436 3630.8132128464058 36.405715079046786 4.6798902973532659 10.087332446128128 6.1010281946510068 63.795326489955187 55.346266984008253 7.6040742434561253 47.183820193633437 6.5958169754594556 52.330920296022668 31.495118257123977 41.084266623482108
leaf_count=54 504 806 20192 310 46 32 90 552 540 28 997 634 996 134 355
internal_value=-0.00019547 -0.00934049 -0.000148362 -0.00247773 -0.00528821 -0.0107149 -0.0141876 0.00201076 -0.000899373 -0.0110319 -2.73955e-05 -0.00250702 -0.00556096 -0.0127125 0.000515251
internal_weight=4022.13 19.2977 4002.83 193.326 120.224 52.5941 42.5067 73.1015 67.6302 12.284 3809.5 178.69 90.4219 38.0909 88.2681
internal_count=26270 860 25410 2102 1046 432 400 1056 614 74 23308 3116 1764 768 1352
is_linear=0
shrinkage=0.0286577


Tree=101
num_leaves=16
num_cat=0
split_feature=9 16 15 21 9 21 13 16 30 23 12 16 21 34 37
split_gain=2.00661 1.45739 1.3331 2.29191 2.33665 2.00735 2.39563 1.85598 3.51815 2.48867 1.81959 1.72208 4.18598 3.73295 1.67261
threshold=0.087867999364439106 1.0319273964964195 1.3916132287592591 0.067965443894348443 0.32016969914871346 0.0060034131490725477 2.8358496707673475 1.146844551325586 22.330000000000002 0.045931784279456218 0.062420123375868442 0.83551835910834626 0.01214206933147993 0.015727904251998773 1.0000000180025095e-35
decision_type=8 10 8 8 10 8 8 10 10 10 10 10 10 10 2
left_child=1 -1 3 11 -5 6 -4 -7 9 -9 -10 12 -2 -14 -6
right_child=2 -3 5 4 14 7 -8 8 10 -11 -12 -13 13 -15 -16
leaf_value=-2.602003647555602e-05 -0.00010995005511045123 6.0717530155305894e-06 5.641294239986494e-06 -0.0003641475885324747 -0.0001851435409971154 1.7769791800846432e-05 -9.8027097501223256e-05 -8.5457038426360664e-05 -0.00032843196996768041 0.0005904850541711789 -0.00024537025885182275 1.9284902242521748e-06 4.7277116071429706e-06 -0.00026392080433107186 0.0002418550212388613
leaf_weight=14.190765216946604 23.119007483124733 5.1069795354269436 19.751522677950561 47.830021615605801 103.06124490406364 2067.4212294898462 22.925611699000001 122.46380430692807 11.521712869405745 132.72989696962759 24.199338257312775 1107.2852022638544 186.32433525193483 22.868386883288622 111.32760061416775
leaf_count=54 183 806 202 464 446 13827 108 1142 26 1027 152 5789 1360 104 580
internal_value=-0.000169418 -0.00934049 -0.000122185 -0.000764189 -0.0032167 0.000302009 -0.00582556 0.000417672 -0.00171453 -0.000490597 -0.0101226 -0.000276223 -0.00252117 -0.00118321 -0.00187516
internal_weight=4022.13 19.2977 4002.83 1601.82 262.219 2401.01 42.6771 2358.34 290.915 255.194 35.7211 1339.6 232.312 209.193 214.389
internal_count=26270 860 25410 8926 1490 16484 310 16174 2347 2169 178 7436 1647 1464 1026
is_linear=0
shrinkage=0.0286577


Tree=102
num_leaves=16
num_cat=0
split_feature=28 11 20 16 26 27 31 11 26 18 11 11 34 26 11
split_gain=2.11227 3.76699 3.57594 2.93493 3.71221 2.78199 3.12597 2.92126 2.86379 2.46753 2.39517 3.70096 3.87299 2.9842 3.40097
threshold=-0.017649999999999996 0.048389328916355077 0.014218830674457119 1.1578194780992763 0.32961264300872678 0.55899372729699304 10.800000000000001 0.66937713951336997 0.36735669401001064 0.018341979289012492 0.31482621674274958 0.29613490021880839 -0.030343578875325457 0.7884265266716991 0.46935545470073753
decision_type=10 8 8 10 8 10 10 10 10 10 8 10 10 10 8
left_child=2 -2 9 10 -5 7 -7 -3 -9 -1 11 -4 -13 -12 -15
right_child=1 5 3 4 -6 6 -8 8 -10 -11 13 12 -14 14 -16
leaf_value=-8.4939404708561579e-05 -4.0740230504089577e-05 1.4932002568771827e-06 -3.0762259244609234e-05 0.00016566664386147243 -0.00017120469802584854 0.00012772959456129875 -7.2002313080077643e-05 -0.00026974214873306867 -2.2327370757926176e-05 3.0823528693518489e-05 0.00011160868335974538 0.00010759354795235356 -0.00028466295820486081 4.4741669651903899e-05 -0.00012760716120930945
leaf_weight=42.293951977044344 9.1030835262499732 2365.8564333918039 342.23948367033154 40.6799619612284 110.68229007860646 396.72715080156922 42.478541374206543 16.700815573334694 31.01248044706881 11.497456777840851 523.04278174974024 17.050079315900803 32.093008056282997 13.761146791279314 26.907994545996189
leaf_count=506 96 15778 2201 398 787 2426 272 48 102 176 3024 170 118 90 78
internal_value=-0.000111984 0.000303432 -0.00114509 -0.000783479 -0.00449075 0.000366287 0.00246366 -1.14527e-05 -0.00701858 -0.008364 -0.000184597 -0.00191507 -0.00927028 0.0009995 -0.00640823
internal_weight=4022.13 2861.88 1160.25 1106.46 151.362 2852.78 439.206 2413.57 47.7133 53.7914 955.094 391.383 49.1431 563.712 40.6691
internal_count=26270 18722 7548 6866 1185 18626 2698 15928 150 682 5681 2489 288 3192 168
is_linear=0
shrinkage=0.0286577


Tree=103
num_leaves=16
num_cat=0
split_feature=5 19 19 13 19 17 11 2 35 14 12 14 5 34 12
split_gain=2.67453 2.24523 3.01774 2.5937 1.82193 3.59237 1.61207 1.56956 1.48412 2.41012 2.11829 1.46582 2.15892 1.3267 1.49834
threshold=-0.42231404515553822 0.012227914304483336 0.010137662645666847 1.2672902322233446 0.068486343550336767 1.0489390311269016 0.14062851518822958 0.036377961114197228 1.5820661875034507 1.8152518427663291 0.069243780744036323 1.0277037801446225 0.097503570279467267 -0.012963863455996203 0.045767747468455799
decision_type=8 8 10 10 10 10 10 2 2 10 10 8 8 8 10
left_child=4 2 13 -4 5 -1 -5 -3 9 -9 -11 12 -10 14 -2
right_child=1 7 3 6 -6 -7 -8 8 11 10 -12 -13 -14 -15 -16
leaf_value=-0.00019135471411785475 0.00022747981769966695 -0.00028450385411716997 -0.00012016897677612364 -0.00011347365547925005 -6.2931007682300675e-05 1.5064699490421181e-05 4.2797758038168139e-06 1.3325710107871065e-05 -0.0001126016594044921 0.0046804216400197704 -6.5506855582981449e-05 3.3209577765025618e-06 -3.7417896455123056e-05 0.0001507942753816615 -0.00023539438661350886
leaf_weight=18.842897480353713 10.951389298774304 8.828494440764187 18.258067738264799 4.3726452984847155 8.0781932920217496 14.361193154007195 15.020007221028207 13.580257058143617 25.823399138636887 3.9866883521899608 13.231447787955402 3746.0157403058838 84.963465448468924 28.813133473042399 6.9996405504643908
leaf_count=118 322 79 60 24 26 72 200 116 202 30 48 23638 571 684 80
internal_value=-0.000121992 -4.40128e-05 -0.00466288 -0.0106776 -0.00735995 -0.00394506 -0.00270583 5.37673e-05 8.40676e-05 -0.00615155 -0.0132937 0.000136806 -0.00310216 0 -0.00585831
internal_weight=4022.13 3980.84 84.4149 37.6507 41.2823 33.2041 19.3927 3896.43 3887.6 30.7984 17.2181 3856.8 110.787 46.7642 17.951
internal_count=26270 26054 1370 284 216 190 224 24684 24605 194 78 24411 773 1086 402
is_linear=0
shrinkage=0.0286577


Tree=104
num_leaves=16
num_cat=0
split_feature=19 26 34 28 28 24 18 35 14 31 31 8 31 18 8
split_gain=2.47334 3.02351 3.93677 2.12708 2.12146 1.58852 1.51282 2.36502 1.98258 1.89597 2.57594 1.83434 1.73431 3.56796 3.00403
threshold=0.012227914304483336 0.3535761640690705 -0.016974037898341229 -0.0027000000000000179 -0.25854999999999995 10.500000000000002 -0.053998281759780546 1.5820661875034507 1.0419014859189979 10.800000000000001 11.07 0.22155663517586371 3.5049999999999994 -0.018391703961421698 0.22302846421199249
decision_type=8 10 10 8 8 2 8 2 10 10 10 10 10 8 10
left_child=1 2 5 -4 -2 -1 7 -6 -9 12 -11 -10 13 -8 -14
right_child=4 -3 3 -5 6 -7 9 8 11 10 -12 -13 14 -15 -16
leaf_value=-0.0001118410456183751 -0.00025848358629907109 0.00014647286454562709 -0.00011022176622051427 0.00020980154832393153 -4.1483310732711889e-05 -0.00010261786388723217 -5.7481555777535675e-05 -0.00012952202698519199 -7.5832064057644079e-05 -0.00030929757865002079 -0.00010696814767734184 0.0002435496770190838 -0.00014072576652310429 2.3971685543117498e-06 8.1049634820314279e-05
leaf_weight=10.46249499358237 9.2929320728871971 20.570344962179661 14.087072551250456 22.259849106892943 10.243681353516875 19.205131575465202 488.08875187207013 6.387402491644024 14.792133186012505 15.888495445251463 55.594363003969193 320.14107459550723 96.714717123657465 2414.6375967320055 503.76061897259206
leaf_count=760 70 494 34 66 52 40 3239 40 124 20 406 1634 1040 15789 2462
internal_value=-0.000100636 -0.00488536 -0.0079233 -0.00127726 2.38106e-06 -0.0156604 3.76737e-05 0.00183276 0.00226734 -0.000136192 -0.00475013 0.00259743 -3.88983e-05 -0.000331692 0.0013595
internal_weight=4022.13 86.5849 66.0145 36.3469 3935.54 29.6676 3926.25 351.564 341.321 3574.68 71.4829 334.933 3503.2 2902.73 600.475
internal_count=26270 1394 900 100 24876 800 24806 1850 1798 22956 426 1758 22530 19028 3502
is_linear=0
shrinkage=0.0286577


Tree=105
num_leaves=16
num_cat=0
split_feature=19 19 32 7 32 28 7 7 32 15 32 31 15 9 31
split_gain=2.5046 2.62992 2.73401 2.452 2.55341 2.12902 1.75195 2.28902 1.61246 1.58031 1.39513 1.25729 1.01833 1.01247 0.699804
threshold=0.012227914304483336 0.010137662645666847 0.60817941952506616 0.87803407308138681 0.86609498680738795 -0.25854999999999995 0.64771592690324187 0.61813298174703235 0.43403693931398418 1.1089568542404613 0.64907651715039594 0.41000000000000109 1.2977829042850371 0.52082624989607662 1.9900000000000013
decision_type=8 10 10 10 10 8 10 10 8 8 10 8 10 10 10
left_child=1 8 11 5 -5 14 7 9 -1 -7 -10 -3 -4 -9 -2
right_child=3 2 12 4 -6 6 -8 13 10 -11 -12 -13 -14 -15 -16
leaf_value=-6.89708958662539e-05 -0.00095272257261909616 0.00024179832046309626 -2.6598785251250622e-05 -9.1619120819371155e-05 5.2480835718811e-05 -4.0477569486581541e-05 0.00030620002908027352 -0.00016332808650472335 0.00020378912721544365 3.5541856934586309e-06 -3.5899788560922909e-06 -0.00021607347780680489 7.3158251778333615e-06 -0.0004492304999051165 -0.00022537406046841283
leaf_weight=6.5392808299511662 3.0517103171441704 2.3789447424933314 4.8073974475264576 12.843928001821043 7.2218107152730218 658.25020003505051 80.964386499486864 9.5285723134875315 24.016913829836994 3144.4122927556746 17.821600860916078 18.6257140589878 12.395041419658808 13.064679380506275 6.2041868306696415
leaf_count=314 50 102 26 42 38 3565 336 48 644 20741 148 88 72 38 18
internal_value=-0.000187354 -0.005004 -0.0106114 -7.85694e-05 -0.0100152 -2.45209e-05 5.86005e-06 -8.00007e-05 -0.000341488 -2.30667e-05 0.0015381 -0.0175451 -0.00145463 -0.00912981 -0.0135857
internal_weight=4022.13 86.5849 38.2071 3935.54 20.0657 3915.48 3906.22 3825.26 48.3778 3802.66 41.8385 21.0047 17.2024 22.5933 9.2559
internal_count=26270 1394 288 24876 80 24796 24728 24392 1106 24306 792 190 98 86 68
is_linear=0
shrinkage=0.0286577


Tree=106
num_leaves=16
num_cat=0
split_feature=5 27 33 21 21 27 12 8 8 33 33 15 26 30 21
split_gain=2.51318 3.47661 1.91726 3.6888 2.56976 1.79684 4.38115 3.07098 3.77631 3.35479 2.38704 3.28264 3.16764 2.34375 2.83282
threshold=-0.058258593749862135 0.014419933451821633 0.0028158056782876533 0.011861498181535894 0.010679163843497604 0.55899372729699304 0.10176739511486828 0.36818631656901929 0.59709934527322439 0.031560095386231286 0.012709257781763685 1.0125146493022308 0.23910826555851614 15.935000000000002 0.041663321333403593
decision_type=8 10 8 10 8 10 10 10 10 8 8 8 10 10 10
left_child=1 -1 3 4 -2 6 10 9 -9 -8 12 -12 -4 14 -7
right_child=2 -3 5 -5 -6 13 7 8 -10 -11 11 -13 -14 -15 -16
leaf_value=-2.5138795543124231e-05 -1.8148803018874963e-05 -2.9171600793159206e-05 -2.9822974479389492e-05 -2.5892664458645974e-05 -9.6788100813347764e-05 -0.00015036944592645667 -0.00031559198676265839 1.197588545695279e-05 -0.00023571111679702574 -0.00013702082594840419 -0.00014840493268141578 3.5589653298988066e-06 0.00034933361207642791 9.6169126536787322e-05 0.00043071281804484311
leaf_weight=11.364782433025537 26.43040931597352 147.76067586662248 78.526251036673784 432.72855100035667 28.244819176383317 67.590998747618869 31.53978078532964 144.76575155649334 39.608155474066734 23.800991911441088 101.12958789383993 2325.5718344114721 232.8319273237139 290.50567944860086 39.726463656872511
leaf_count=54 275 814 204 3797 122 724 66 420 86 166 570 16379 844 1509 240
internal_value=-0.000147162 -0.00367406 0 -0.00168138 -0.0086969 0.00024096 0 -0.0037139 -0.00186415 -0.00966426 0.000324596 1.72732e-05 0.00268612 0.00204931 -0.00150359
internal_weight=4022.13 159.125 3863 487.404 54.6752 3375.6 2977.77 239.715 184.374 55.3408 2738.06 2426.7 311.358 397.823 107.317
internal_count=26270 868 25402 4194 397 21208 18735 738 506 232 17997 16949 1048 2473 964
is_linear=0
shrinkage=0.0286577


Tree=107
num_leaves=16
num_cat=0
split_feature=28 18 22 22 21 26 18 26 9 33 33 21 8 9 21
split_gain=2.03659 1.89181 2.49225 2.30007 2.2658 4.58939 2.30785 4.15421 3.41453 2.91716 6.39213 2.91567 1.5559 2.28632 1.4706
threshold=-0.25854999999999995 -0.053998281759780546 0.067472918107750898 0.06553707771904603 0.0046830456682059622 0.3066578018740258 -0.010212292042351022 0.7235838472502506 0.63434780879542152 -0.013656125148473251 -0.021487904852586889 0.096781411810758583 0.22155663517586371 0.33921760691839414 0.0028800204758021972
decision_type=8 8 8 10 8 10 8 10 10 8 10 10 10 10 8
left_child=-1 2 3 12 5 14 7 8 -6 10 -8 -11 -2 -14 -3
right_child=1 4 -4 -5 6 -7 9 -9 -10 11 -12 -13 13 -15 -16
leaf_value=-0.00024737334111177381 -0.00024668308375724477 -2.8335611021976155e-05 0.00047860268140165316 -0.00019098362286178966 -4.5300943497810888e-05 3.0123452686654017e-05 -6.2750222504884791e-05 0.00027919890477673339 -0.00023018323437461104 1.0076981512871085e-05 -0.00015374034415770253 -0.00012431795313458879 0.00024644117773171207 -2.0425931723558591e-05 -9.2050045057972735e-05
leaf_weight=9.4729753083083779 12.672877971548585 7.8773484490811851 208.87403461290523 11.383532606530933 827.55615338683128 19.572036365047097 268.86281193885952 130.39461978385225 15.477139625698326 2202.7407977678813 26.358435750007629 144.92009193543345 71.22626824490726 48.780695340596139 15.956840950995682
leaf_count=100 98 82 1002 58 5020 198 2436 1305 46 14323 40 746 514 232 70
internal_value=-0.00013277 -9.85563e-05 0.00190072 -0.000942954 -0.00029419 -0.00679287 -0.000213008 -0.00140713 -0.00215068 0.000223127 -0.00245436 0.000564272 5.28611e-05 0.00114166 -0.0152509
internal_weight=4022.13 4012.65 352.937 144.063 3659.72 43.4062 3616.31 973.428 843.033 2642.88 295.221 2347.66 132.68 120.007 23.8342
internal_count=26270 26170 1904 902 24266 350 23916 6371 5066 17545 2476 15069 844 746 152
is_linear=0
shrinkage=0.0286577


Tree=108
num_leaves=16
num_cat=0
split_feature=11 18 21 16 12 18 12 11 27 8 33 27 27 22 16
split_gain=1.77513 2.04751 1.40964 5.21817 1.76372 2.84189 2.22339 2.46214 4.7649 2.60819 2.37697 2.13263 3.99842 1.6523 1.60303
threshold=0.048389328916355077 0.0014269637869018805 0.0046830456682059622 1.0102147202869609 0.097319672317376704 0.074837955131592873 0.082580703316080667 0.43094567575775328 0.39631254788569531 0.28993180194687651 0.088798899155473912 0.086228571903087317 0.097043757679458192 0.023931338170074212 1.0264064890028874
decision_type=8 8 8 10 10 10 10 10 10 10 8 10 10 10 10
left_child=1 -1 3 13 6 11 7 9 -9 -4 -8 -6 -13 -2 -12
right_child=2 -3 4 -5 5 -7 10 8 -10 -11 14 12 -14 -15 -16
leaf_value=-2.7523578760100812e-05 -8.9412106308877775e-05 9.2728373488549882e-06 -5.4321705004255997e-06 8.5381006937577806e-05 0.00053651555215662348 0.00028052892298407989 0.00025332405976339739 -0.00016209433183928925 0.00024144523611322865 0.00011328544211298939 0.00017121965981452465 -2.1641348386296623e-05 -6.3657795925709472e-05 -0.00023961372420419248 -0.00038840360339482678
leaf_weight=9.7109053642488998 17.812759096734229 4.5717561030760399 2091.7368799082469 19.650883274152875 22.395927549339831 81.562345755752176 217.82460924144834 145.1834726263769 88.965346060693264 669.6625003926456 20.547626515850428 14.10964450612664 596.85822123708203 10.900275443680583 10.633506963029502
leaf_count=92 134 98 16771 102 80 444 782 597 524 3198 128 24 2974 140 182
internal_value=-0.000203467 -0.0102196 -0.000164706 -0.00502034 -0.000102595 -0.00139244 0.000178629 -3.44699e-05 -0.00285729 0.0002015 0.00277984 -0.00205106 -0.00238218 -0.0128783 -0.00445073
internal_weight=4022.13 14.2827 4007.84 48.3639 3959.48 714.926 3244.55 2995.55 234.149 2761.4 249.006 633.364 610.968 28.713 31.1811
internal_count=26270 190 26080 376 25704 3522 22182 21090 1121 19969 1092 3078 2998 274 310
is_linear=0
shrinkage=0.0286577


Tree=109
num_leaves=16
num_cat=0
split_feature=5 20 28 30 16 28 28 28 30 16 28 23 20 20 5
split_gain=2.52892 4.5973 3.53759 2.83388 3.98511 2.82359 3.39092 2.60194 5.31525 2.38334 2.08534 2.0745 4.09224 4.79659 2.95112
threshold=0.18739459127400698 0.18701826229505514 0.023800000000000019 16.285000000000004 1.2392217209407812 -0.011700000000000028 -0.035199999999999988 0.019349999999999982 22.130000000000006 0.74731579071180232 -0.25854999999999995 0.045458007404809438 0.029191457619002301 0.024756665177127771 -0.29262645193488462
decision_type=8 10 10 10 10 8 10 10 8 8 8 10 8 10 10
left_child=1 3 7 4 5 6 -1 10 -9 -7 -2 12 13 -5 -13
right_child=2 -3 -4 11 -6 9 -8 8 -10 -11 -12 14 -14 -15 -16
leaf_value=0.00018006311460137036 -0.0002472034555036297 -0.00073671091043027686 0.00017819860165784224 -5.3222226453193565e-05 -0.000182603539686826 -0.00047357929663020327 -0.00010598040808408448 -0.00010918273616647611 -9.7206111215342427e-05 9.1088024631740027e-05 1.334885404614495e-06 -0.00020309898001466989 3.7326707978068899e-05 -0.00017451981851198103 -4.7819118477978673e-05
leaf_weight=34.720780186820775 9.3887798239011317 16.340478201396763 611.5560911973007 266.50336555251852 25.740613889880478 15.045658756047485 65.772408318240196 65.876995624043047 19.629380548140034 421.95351548586041 1443.2685076298658 19.145491659641266 330.91344731114805 80.724621111061424 595.5465247426182
leaf_count=400 74 92 3679 1662 700 226 736 454 78 3348 9784 62 1854 412 2709
internal_value=-0.000225263 -0.000996806 0.000442156 -0.000856868 0.000827817 0.00137334 -0.00290915 -0.000285182 -0.00513646 0.00238193 0 -0.00159853 -0.000487468 -0.00267136 -0.00280745
internal_weight=4022.13 1872.41 2149.72 1856.07 563.233 537.492 100.493 1538.16 85.5064 436.999 1452.66 1292.83 678.141 347.228 614.692
internal_count=26270 12201 14069 12109 5410 4710 1136 10390 532 3574 9858 6699 3928 2074 2771
is_linear=0
shrinkage=0.0286577


Tree=110
num_leaves=16
num_cat=0
split_feature=28 11 18 12 21 26 18 35 30 12 33 28 33 10 21
split_gain=2.01598 1.79155 2.04751 1.5516 3.70136 3.32398 2.962 3.29741 2.77625 2.39144 2.75695 2.20524 1.97548 1.46135 1.41319
threshold=-0.25854999999999995 0.048389328916355077 0.0014269637869018805 0.096394767211923346 0.0046830456682059622 0.3066578018740258 0.076770935900553075 5.3799434184404422 17.085000000000004 0.082580703316080667 0.049302713533547322 0.047699999999999999 -0.013656125148473251 0.38613510598388884 0.0028800204758021972
decision_type=8 8 8 10 8 10 10 2 10 10 8 8 8 10 8
left_child=-1 2 -2 4 5 14 7 8 -5 12 -11 -9 -6 -8 -3
right_child=1 3 -4 6 9 -7 13 11 -10 10 -12 -13 -14 -15 -16
leaf_value=-0.00024011918331481654 -1.3163143722372446e-05 -5.5753191384663393e-05 5.2925499801738139e-06 -0.00025443539998672144 -4.3319100980911102e-05 6.2080022781420302e-06 -0.00011630211652002614 0.00025061894007952511 -4.1670820658365258e-05 0.00029372524045577101 -6.7344603225076157e-05 -4.9180341671011498e-05 1.4026240652708738e-06 0.00027386000489485645 -8.5324540321187001e-05
leaf_weight=9.4729753083083779 9.7109053642488998 6.7292813062667873 4.5717561030760399 108.03518543485552 102.06483786832541 13.814062270335851 13.592974495142697 88.317001350224018 459.1944969361648 158.83147559966892 76.660726113710552 5.0940790176391593 2884.7289432752877 65.351118644233793 15.956840950995682
leaf_count=100 92 82 98 638 1768 186 106 308 2246 506 494 20 19240 316 70
internal_value=-0.000194396 -0.000160328 -0.0102196 -0.000121321 0.000144896 -0.00889365 -0.00130747 -0.00194472 -0.00277548 0.000250994 0.00303034 0.00298812 2.83098e-05 0.00388975 -0.0156348
internal_weight=4022.13 4012.65 14.2827 3998.37 3258.79 36.5002 739.585 660.641 567.23 3222.29 235.492 93.4111 2986.79 78.9441 22.6861
internal_count=26270 26170 190 25980 22346 338 3634 3212 2884 22008 1000 328 21008 422 152
is_linear=0
shrinkage=0.0286577


Tree=111
num_leaves=16
num_cat=0
split_feature=5 21 28 24 27 11 27 12 5 21 27 35 24 12 21
split_gain=2.12179 4.64377 2.07422 1.75978 3.43934 5.50386 4.46467 3.67529 4.13345 2.95025 2.77242 2.60281 4.4285 1.98673 2.12954
threshold=-0.42231404515553822 0.041460387830612365 -0.25854999999999995 11.500000000000002 0.097043757679458192 0.45408565337827628 0.086228571903087317 0.020414851887743678 0.062708346793977174 0.043257584035863418 0.55899372729699304 5.5534826946929359 10.500000000000002 0.088471451620907429 0.058836467794634868
decision_type=8 10 8 2 8 8 10 10 10 10 8 2 2 10 10
left_child=1 -1 -2 9 5 6 -5 8 -6 11 -9 -4 -13 -11 -15
right_child=2 -3 3 4 7 -7 -8 10 -10 13 -12 12 -14 14 -16
leaf_value=4.7672395461801003e-06 -0.00023323792977856606 -0.0001895097434350698 -2.8374435577216338e-05 -2.962274966705449e-05 -9.8643651680556738e-05 0.00013436217866090433 -0.00028535325522664864 8.5196021525003787e-06 -8.7598319277859143e-06 0.00010115554985169094 0.00023760865308720516 -3.8885917820507961e-05 -0.00017667887229238008 3.341498861653752e-05 -0.00010252684967746505
leaf_weight=27.020702745765448 9.4729753083083779 14.261581180617211 1409.9630620302632 129.06511676311493 21.285697460174561 53.42066764831543 28.791517058387399 720.08912117406726 168.53953039087355 763.89287125784904 160.72497691959143 125.04864935064688 70.10001939535141 95.388823399320245 225.06134795583785
leaf_count=174 100 42 14746 178 32 76 44 1072 251 5945 230 1574 152 512 1142
internal_value=-8.89475e-05 -0.00653517 -1.92254e-05 1.06018e-05 0.000886724 -0.00243475 -0.00515656 0.00155185 -0.00203528 -0.000403337 0.00233655 -0.0011858 -0.0042966 0.000745745 -0.00112976
internal_weight=4022.13 41.2823 3980.84 3971.37 1281.92 211.277 157.857 1070.64 189.825 2689.45 880.814 1605.11 195.149 1084.34 320.45
internal_count=26270 216 26054 25954 1883 298 222 1585 283 24071 1302 16472 1726 7599 1654
is_linear=0
shrinkage=0.0286577


Tree=112
num_leaves=16
num_cat=0
split_feature=19 5 32 28 5 21 28 9 33 19 21 27 28 28 28
split_gain=2.42863 2.79 4.36254 2.10185 1.72162 4.83828 2.02995 1.46489 1.39597 4.03345 2.39784 1.73966 2.32564 1.71245 1.37356
threshold=0.012227914304483336 0.17860545527295241 0.53298153034300799 -0.25854999999999995 -0.42231404515553822 0.041460387830612365 0.072500000000000023 0.17175979094196422 0.0028158056782876533 0.065687096287286029 0.065748816105456256 0.53716178085894428 -0.023400000000000056 0.32485000000000003 0.0045999999999999661
decision_type=8 10 10 8 8 10 10 8 8 10 8 10 10 10 8
left_child=1 2 -1 -2 5 6 -5 -3 9 10 -6 13 -13 -10 -11
right_child=3 7 -4 4 8 -7 -8 -9 11 14 -12 12 -14 -15 -16
leaf_value=-9.8767704866726603e-05 -0.00022655387685567967 -2.6394229828954877e-05 0.00022736501585232636 1.2025702607883921e-05 -4.8679711141702464e-05 -0.00018407883793987348 -0.00021474325226861161 4.2986307161767068e-05 4.2060485906867276e-07 -1.7589224568695569e-05 -0.00030871921524959115 -3.2937486396064389e-05 0.00011425699674504033 -0.00025601232403676716 0.00039419313626456304
leaf_weight=24.755073787178844 9.2929320728871971 9.0339255649596435 14.069900951348243 20.920402353629473 306.55538559611887 14.261581180617211 3.9302907828241578 38.725992885883898 2965.8351426280569 88.578170971013606 14.29027679376304 95.617219515377656 328.85901697305962 5.1630431842058888 82.238304797559977
leaf_count=468 70 212 402 130 2631 42 20 312 17771 807 88 627 1962 42 686
internal_value=-0.000162839 -0.00490538 -0.0105904 -5.569e-05 -2.05349e-05 -0.00598697 0.00130419 -4.79536e-05 3.72881e-05 -0.00138649 -0.00329188 0.000246462 0.00196206 0 0.00213381
internal_weight=4022.13 86.5849 38.825 3935.54 3926.25 39.1123 24.8507 47.7599 3887.14 491.662 320.846 3395.47 424.476 2971 170.816
internal_count=26270 1394 870 24876 24806 192 150 524 24614 4212 2719 20402 2589 17813 1493
is_linear=0
shrinkage=0.0286577


end of trees

feature_importances:
parkinson_rv_10d=161
iv_crush_pct=123
hv_rank=122
hist_move_std_4q=83
iv_mom_week=82
hist_move_avg_4q=79
parkinson_rv_60d=70
iv_rank=70
hist_move_avg_8q=68
log_spot=64
rv_term_ratio=58
hist_move_med_8q=58
spy_drift_60d=57
parkinson_rv_20d=54
cc_rv_10d=54
volume_ratio_20d=54
vol_of_vol_20d=50
drift_5d=42
hist_move_med_4q=41
cc_rv_20d=38
hist_event_count=34
vix_change_30d=34
vix_current=29
tlt_spy_ratio_30d=26
earnings_month=23
iv_cc_rv_ratio_20d=18
event_move_implied=17
vix_pct_252d=16
hist_straddle_accuracy=13
straddle_pct=12
em_iv_pct=11
iv_rv_ratio_60d=9
iv_rv_ratio_20d=8
atm_iv=7
timing_amc=6
event_vol_fraction=3
timing_bmo=1

parameters:
[boosting: gbdt]
[objective: quantile]
[metric: quantile]
[tree_learner: serial]
[device_type: cpu]
[data_sample_strategy: bagging]
[data: ]
[valid: ]
[num_iterations: 1500]
[learning_rate: 0.0286577]
[num_leaves: 16]
[num_threads: 8]
[seed: 42]
[deterministic: 0]
[force_col_wise: 0]
[force_row_wise: 0]
[histogram_pool_size: -1]
[max_depth: 6]
[min_data_in_leaf: 21]
[min_sum_hessian_in_leaf: 0.001]
[bagging_fraction: 0.824499]
[pos_bagging_fraction: 1]
[neg_bagging_fraction: 1]
[bagging_freq: 0]
[bagging_seed: 400]
[bagging_by_query: 0]
[feature_fraction: 0.509298]
[feature_fraction_bynode: 1]
[feature_fraction_seed: 30056]
[extra_trees: 0]
[extra_seed: 12879]
[early_stopping_round: 0]
[early_stopping_min_delta: 0]
[first_metric_only: 0]
[max_delta_step: 0]
[lambda_l1: 0.347378]
[lambda_l2: 0.229362]
[linear_lambda: 0]
[min_gain_to_split: 0]
[drop_rate: 0.1]
[max_drop: 50]
[skip_drop: 0.5]
[xgboost_dart_mode: 0]
[uniform_drop: 0]
[drop_seed: 17869]
[top_rate: 0.2]
[other_rate: 0.1]
[min_data_per_group: 100]
[max_cat_threshold: 32]
[cat_l2: 10]
[cat_smooth: 10]
[max_cat_to_onehot: 4]
[top_k: 20]
[monotone_constraints: ]
[monotone_constraints_method: basic]
[monotone_penalty: 0]
[feature_contri: ]
[forcedsplits_filename: ]
[refit_decay_rate: 0.9]
[cegb_tradeoff: 1]
[cegb_penalty_split: 0]
[cegb_penalty_feature_lazy: ]
[cegb_penalty_feature_coupled: ]
[path_smooth: 0]
[interaction_constraints: ]
[verbosity: -1]
[saved_feature_importance_type: 0]
[use_quantized_grad: 0]
[num_grad_quant_bins: 4]
[quant_train_renew_leaf: 0]
[stochastic_rounding: 1]
[linear_tree: 0]
[max_bin: 255]
[max_bin_by_feature: ]
[min_data_in_bin: 3]
[bin_construct_sample_cnt: 200000]
[data_random_seed: 175]
[is_enable_sparse: 1]
[enable_bundle: 1]
[use_missing: 1]
[zero_as_missing: 0]
[feature_pre_filter: 1]
[pre_partition: 0]
[two_round: 0]
[header: 0]
[label_column: ]
[weight_column: ]
[group_column: ]
[ignore_column: ]
[categorical_feature: ]
[forcedbins_filename: ]
[precise_float_parser: 0]
[parser_config_file: ]
[objective_seed: 16083]
[num_class: 1]
[is_unbalance: 0]
[scale_pos_weight: 1]
[sigmoid: 1]
[boost_from_average: 1]
[reg_sqrt: 0]
[alpha: 0.25]
[fair_c: 1]
[poisson_max_delta_step: 0.7]
[tweedie_variance_power: 1.5]
[lambdarank_truncation_level: 30]
[lambdarank_norm: 1]
[label_gain: ]
[lambdarank_position_bias_regularization: 0]
[eval_at: ]
[multi_error_top_k: 1]
[auc_mu_weights: ]
[num_machines: 1]
[local_listen_port: 12400]
[time_out: 120]
[machine_list_filename: ]
[machines: ]
[gpu_platform_id: -1]
[gpu_device_id: -1]
[gpu_use_dp: 0]
[num_gpu: 1]

end of parameters

pandas_categorical:[]
